[2026-08-08T17:25:00.124+0000] {processor.py:186} INFO - Started process (PID=75) to work on /opt/airflow/dags/stock_dag.py
[2026-08-08T17:25:00.126+0000] {processor.py:914} INFO - Processing file /opt/airflow/dags/stock_dag.py for tasks to queue
[2026-08-08T17:25:00.129+0000] {logging_mixin.py:190} INFO - [2026-08-08T17:25:00.128+0000] {dagbag.py:587} INFO - Filling up the DagBag from /opt/airflow/dags/stock_dag.py
[2026-08-08T17:25:00.205+0000] {logging_mixin.py:190} INFO - [2026-08-08T17:25:00.192+0000] {dagbag.py:386} ERROR - Failed to import: /opt/airflow/dags/stock_dag.py
Traceback (most recent call last):
  File "/home/airflow/.local/lib/python3.12/site-packages/airflow/models/dagbag.py", line 382, in parse
    loader.exec_module(new_module)
  File "<frozen importlib._bootstrap_external>", line 995, in exec_module
  File "<frozen importlib._bootstrap>", line 488, in _call_with_frames_removed
  File "/opt/airflow/dags/stock_dag.py", line 8, in <module>
    from scripts.extract import extract
ModuleNotFoundError: No module named 'scripts.extract'
[2026-08-08T17:25:00.218+0000] {processor.py:927} WARNING - No viable dags retrieved from /opt/airflow/dags/stock_dag.py
[2026-08-08T17:25:00.262+0000] {processor.py:208} INFO - Processing /opt/airflow/dags/stock_dag.py took 0.144 seconds
[2026-08-08T17:25:30.616+0000] {processor.py:186} INFO - Started process (PID=138) to work on /opt/airflow/dags/stock_dag.py
[2026-08-08T17:25:30.617+0000] {processor.py:914} INFO - Processing file /opt/airflow/dags/stock_dag.py for tasks to queue
[2026-08-08T17:25:30.623+0000] {logging_mixin.py:190} INFO - [2026-08-08T17:25:30.622+0000] {dagbag.py:587} INFO - Filling up the DagBag from /opt/airflow/dags/stock_dag.py
[2026-08-08T17:25:30.659+0000] {logging_mixin.py:190} INFO - [2026-08-08T17:25:30.653+0000] {dagbag.py:386} ERROR - Failed to import: /opt/airflow/dags/stock_dag.py
Traceback (most recent call last):
  File "/home/airflow/.local/lib/python3.12/site-packages/airflow/models/dagbag.py", line 382, in parse
    loader.exec_module(new_module)
  File "<frozen importlib._bootstrap_external>", line 995, in exec_module
  File "<frozen importlib._bootstrap>", line 488, in _call_with_frames_removed
  File "/opt/airflow/dags/stock_dag.py", line 8, in <module>
    from scripts.extract import extract
ModuleNotFoundError: No module named 'scripts.extract'
[2026-08-08T17:25:30.661+0000] {processor.py:927} WARNING - No viable dags retrieved from /opt/airflow/dags/stock_dag.py
[2026-08-08T17:25:30.694+0000] {processor.py:208} INFO - Processing /opt/airflow/dags/stock_dag.py took 0.086 seconds
[2026-08-08T17:26:01.403+0000] {processor.py:186} INFO - Started process (PID=201) to work on /opt/airflow/dags/stock_dag.py
[2026-08-08T17:26:01.404+0000] {processor.py:914} INFO - Processing file /opt/airflow/dags/stock_dag.py for tasks to queue
[2026-08-08T17:26:01.406+0000] {logging_mixin.py:190} INFO - [2026-08-08T17:26:01.406+0000] {dagbag.py:587} INFO - Filling up the DagBag from /opt/airflow/dags/stock_dag.py
[2026-08-08T17:26:01.436+0000] {logging_mixin.py:190} INFO - [2026-08-08T17:26:01.430+0000] {dagbag.py:386} ERROR - Failed to import: /opt/airflow/dags/stock_dag.py
Traceback (most recent call last):
  File "/home/airflow/.local/lib/python3.12/site-packages/airflow/models/dagbag.py", line 382, in parse
    loader.exec_module(new_module)
  File "<frozen importlib._bootstrap_external>", line 995, in exec_module
  File "<frozen importlib._bootstrap>", line 488, in _call_with_frames_removed
  File "/opt/airflow/dags/stock_dag.py", line 8, in <module>
    from scripts.extract import extract
ModuleNotFoundError: No module named 'scripts.extract'
[2026-08-08T17:26:01.438+0000] {processor.py:927} WARNING - No viable dags retrieved from /opt/airflow/dags/stock_dag.py
[2026-08-08T17:26:01.468+0000] {processor.py:208} INFO - Processing /opt/airflow/dags/stock_dag.py took 0.071 seconds
[2026-08-08T17:26:32.235+0000] {processor.py:186} INFO - Started process (PID=264) to work on /opt/airflow/dags/stock_dag.py
[2026-08-08T17:26:32.236+0000] {processor.py:914} INFO - Processing file /opt/airflow/dags/stock_dag.py for tasks to queue
[2026-08-08T17:26:32.240+0000] {logging_mixin.py:190} INFO - [2026-08-08T17:26:32.239+0000] {dagbag.py:587} INFO - Filling up the DagBag from /opt/airflow/dags/stock_dag.py
[2026-08-08T17:26:32.279+0000] {logging_mixin.py:190} INFO - [2026-08-08T17:26:32.270+0000] {dagbag.py:386} ERROR - Failed to import: /opt/airflow/dags/stock_dag.py
Traceback (most recent call last):
  File "/home/airflow/.local/lib/python3.12/site-packages/airflow/models/dagbag.py", line 382, in parse
    loader.exec_module(new_module)
  File "<frozen importlib._bootstrap_external>", line 995, in exec_module
  File "<frozen importlib._bootstrap>", line 488, in _call_with_frames_removed
  File "/opt/airflow/dags/stock_dag.py", line 8, in <module>
    from scripts.extract import extract
ModuleNotFoundError: No module named 'scripts.extract'
[2026-08-08T17:26:32.282+0000] {processor.py:927} WARNING - No viable dags retrieved from /opt/airflow/dags/stock_dag.py
[2026-08-08T17:26:32.322+0000] {processor.py:208} INFO - Processing /opt/airflow/dags/stock_dag.py took 0.095 seconds
[2026-08-08T17:27:02.402+0000] {processor.py:186} INFO - Started process (PID=327) to work on /opt/airflow/dags/stock_dag.py
[2026-08-08T17:27:02.404+0000] {processor.py:914} INFO - Processing file /opt/airflow/dags/stock_dag.py for tasks to queue
[2026-08-08T17:27:02.406+0000] {logging_mixin.py:190} INFO - [2026-08-08T17:27:02.406+0000] {dagbag.py:587} INFO - Filling up the DagBag from /opt/airflow/dags/stock_dag.py
[2026-08-08T17:27:02.441+0000] {logging_mixin.py:190} INFO - [2026-08-08T17:27:02.435+0000] {dagbag.py:386} ERROR - Failed to import: /opt/airflow/dags/stock_dag.py
Traceback (most recent call last):
  File "/home/airflow/.local/lib/python3.12/site-packages/airflow/models/dagbag.py", line 382, in parse
    loader.exec_module(new_module)
  File "<frozen importlib._bootstrap_external>", line 995, in exec_module
  File "<frozen importlib._bootstrap>", line 488, in _call_with_frames_removed
  File "/opt/airflow/dags/stock_dag.py", line 8, in <module>
    from scripts.extract import extract
ModuleNotFoundError: No module named 'scripts.extract'
[2026-08-08T17:27:02.443+0000] {processor.py:927} WARNING - No viable dags retrieved from /opt/airflow/dags/stock_dag.py
[2026-08-08T17:27:02.468+0000] {processor.py:208} INFO - Processing /opt/airflow/dags/stock_dag.py took 0.076 seconds
[2026-08-08T17:27:32.544+0000] {processor.py:186} INFO - Started process (PID=390) to work on /opt/airflow/dags/stock_dag.py
[2026-08-08T17:27:32.546+0000] {processor.py:914} INFO - Processing file /opt/airflow/dags/stock_dag.py for tasks to queue
[2026-08-08T17:27:32.548+0000] {logging_mixin.py:190} INFO - [2026-08-08T17:27:32.548+0000] {dagbag.py:587} INFO - Filling up the DagBag from /opt/airflow/dags/stock_dag.py
[2026-08-08T17:27:32.585+0000] {logging_mixin.py:190} INFO - [2026-08-08T17:27:32.578+0000] {dagbag.py:386} ERROR - Failed to import: /opt/airflow/dags/stock_dag.py
Traceback (most recent call last):
  File "/home/airflow/.local/lib/python3.12/site-packages/airflow/models/dagbag.py", line 382, in parse
    loader.exec_module(new_module)
  File "<frozen importlib._bootstrap_external>", line 995, in exec_module
  File "<frozen importlib._bootstrap>", line 488, in _call_with_frames_removed
  File "/opt/airflow/dags/stock_dag.py", line 8, in <module>
    from scripts.extract import extract
ModuleNotFoundError: No module named 'scripts.extract'
[2026-08-08T17:27:32.587+0000] {processor.py:927} WARNING - No viable dags retrieved from /opt/airflow/dags/stock_dag.py
[2026-08-08T17:27:32.610+0000] {processor.py:208} INFO - Processing /opt/airflow/dags/stock_dag.py took 0.073 seconds
[2026-08-08T17:28:03.099+0000] {processor.py:186} INFO - Started process (PID=453) to work on /opt/airflow/dags/stock_dag.py
[2026-08-08T17:28:03.101+0000] {processor.py:914} INFO - Processing file /opt/airflow/dags/stock_dag.py for tasks to queue
[2026-08-08T17:28:03.104+0000] {logging_mixin.py:190} INFO - [2026-08-08T17:28:03.103+0000] {dagbag.py:587} INFO - Filling up the DagBag from /opt/airflow/dags/stock_dag.py
[2026-08-08T17:28:03.147+0000] {logging_mixin.py:190} INFO - [2026-08-08T17:28:03.139+0000] {dagbag.py:386} ERROR - Failed to import: /opt/airflow/dags/stock_dag.py
Traceback (most recent call last):
  File "/home/airflow/.local/lib/python3.12/site-packages/airflow/models/dagbag.py", line 382, in parse
    loader.exec_module(new_module)
  File "<frozen importlib._bootstrap_external>", line 995, in exec_module
  File "<frozen importlib._bootstrap>", line 488, in _call_with_frames_removed
  File "/opt/airflow/dags/stock_dag.py", line 8, in <module>
    from scripts.extract import extract
ModuleNotFoundError: No module named 'scripts.extract'
[2026-08-08T17:28:03.149+0000] {processor.py:927} WARNING - No viable dags retrieved from /opt/airflow/dags/stock_dag.py
[2026-08-08T17:28:03.180+0000] {processor.py:208} INFO - Processing /opt/airflow/dags/stock_dag.py took 0.087 seconds
[2026-08-08T17:28:34.083+0000] {processor.py:186} INFO - Started process (PID=516) to work on /opt/airflow/dags/stock_dag.py
[2026-08-08T17:28:34.086+0000] {processor.py:914} INFO - Processing file /opt/airflow/dags/stock_dag.py for tasks to queue
[2026-08-08T17:28:34.101+0000] {logging_mixin.py:190} INFO - [2026-08-08T17:28:34.099+0000] {dagbag.py:587} INFO - Filling up the DagBag from /opt/airflow/dags/stock_dag.py
[2026-08-08T17:28:34.140+0000] {logging_mixin.py:190} INFO - [2026-08-08T17:28:34.132+0000] {dagbag.py:386} ERROR - Failed to import: /opt/airflow/dags/stock_dag.py
Traceback (most recent call last):
  File "/home/airflow/.local/lib/python3.12/site-packages/airflow/models/dagbag.py", line 382, in parse
    loader.exec_module(new_module)
  File "<frozen importlib._bootstrap_external>", line 995, in exec_module
  File "<frozen importlib._bootstrap>", line 488, in _call_with_frames_removed
  File "/opt/airflow/dags/stock_dag.py", line 8, in <module>
    from scripts.extract import extract
ModuleNotFoundError: No module named 'scripts.extract'
[2026-08-08T17:28:34.143+0000] {processor.py:927} WARNING - No viable dags retrieved from /opt/airflow/dags/stock_dag.py
[2026-08-08T17:28:34.183+0000] {processor.py:208} INFO - Processing /opt/airflow/dags/stock_dag.py took 0.131 seconds
[2026-08-08T17:29:04.925+0000] {processor.py:186} INFO - Started process (PID=579) to work on /opt/airflow/dags/stock_dag.py
[2026-08-08T17:29:04.926+0000] {processor.py:914} INFO - Processing file /opt/airflow/dags/stock_dag.py for tasks to queue
[2026-08-08T17:29:04.929+0000] {logging_mixin.py:190} INFO - [2026-08-08T17:29:04.929+0000] {dagbag.py:587} INFO - Filling up the DagBag from /opt/airflow/dags/stock_dag.py
[2026-08-08T17:29:04.974+0000] {logging_mixin.py:190} INFO - [2026-08-08T17:29:04.964+0000] {dagbag.py:386} ERROR - Failed to import: /opt/airflow/dags/stock_dag.py
Traceback (most recent call last):
  File "/home/airflow/.local/lib/python3.12/site-packages/airflow/models/dagbag.py", line 382, in parse
    loader.exec_module(new_module)
  File "<frozen importlib._bootstrap_external>", line 995, in exec_module
  File "<frozen importlib._bootstrap>", line 488, in _call_with_frames_removed
  File "/opt/airflow/dags/stock_dag.py", line 8, in <module>
    from scripts.extract import extract
ModuleNotFoundError: No module named 'scripts.extract'
[2026-08-08T17:29:04.978+0000] {processor.py:927} WARNING - No viable dags retrieved from /opt/airflow/dags/stock_dag.py
[2026-08-08T17:29:05.004+0000] {processor.py:208} INFO - Processing /opt/airflow/dags/stock_dag.py took 0.086 seconds
[2026-08-08T17:29:35.115+0000] {processor.py:186} INFO - Started process (PID=642) to work on /opt/airflow/dags/stock_dag.py
[2026-08-08T17:29:35.116+0000] {processor.py:914} INFO - Processing file /opt/airflow/dags/stock_dag.py for tasks to queue
[2026-08-08T17:29:35.119+0000] {logging_mixin.py:190} INFO - [2026-08-08T17:29:35.119+0000] {dagbag.py:587} INFO - Filling up the DagBag from /opt/airflow/dags/stock_dag.py
[2026-08-08T17:29:35.155+0000] {logging_mixin.py:190} INFO - [2026-08-08T17:29:35.148+0000] {dagbag.py:386} ERROR - Failed to import: /opt/airflow/dags/stock_dag.py
Traceback (most recent call last):
  File "/home/airflow/.local/lib/python3.12/site-packages/airflow/models/dagbag.py", line 382, in parse
    loader.exec_module(new_module)
  File "<frozen importlib._bootstrap_external>", line 995, in exec_module
  File "<frozen importlib._bootstrap>", line 488, in _call_with_frames_removed
  File "/opt/airflow/dags/stock_dag.py", line 8, in <module>
    from scripts.extract import extract
ModuleNotFoundError: No module named 'scripts.extract'
[2026-08-08T17:29:35.158+0000] {processor.py:927} WARNING - No viable dags retrieved from /opt/airflow/dags/stock_dag.py
[2026-08-08T17:29:35.174+0000] {processor.py:208} INFO - Processing /opt/airflow/dags/stock_dag.py took 0.065 seconds
[2026-08-08T17:30:06.077+0000] {processor.py:186} INFO - Started process (PID=705) to work on /opt/airflow/dags/stock_dag.py
[2026-08-08T17:30:06.078+0000] {processor.py:914} INFO - Processing file /opt/airflow/dags/stock_dag.py for tasks to queue
[2026-08-08T17:30:06.080+0000] {logging_mixin.py:190} INFO - [2026-08-08T17:30:06.080+0000] {dagbag.py:587} INFO - Filling up the DagBag from /opt/airflow/dags/stock_dag.py
[2026-08-08T17:30:06.114+0000] {logging_mixin.py:190} INFO - [2026-08-08T17:30:06.108+0000] {dagbag.py:386} ERROR - Failed to import: /opt/airflow/dags/stock_dag.py
Traceback (most recent call last):
  File "/home/airflow/.local/lib/python3.12/site-packages/airflow/models/dagbag.py", line 382, in parse
    loader.exec_module(new_module)
  File "<frozen importlib._bootstrap_external>", line 995, in exec_module
  File "<frozen importlib._bootstrap>", line 488, in _call_with_frames_removed
  File "/opt/airflow/dags/stock_dag.py", line 8, in <module>
    from scripts.extract import extract
ModuleNotFoundError: No module named 'scripts.extract'
[2026-08-08T17:30:06.116+0000] {processor.py:927} WARNING - No viable dags retrieved from /opt/airflow/dags/stock_dag.py
[2026-08-08T17:30:06.134+0000] {processor.py:208} INFO - Processing /opt/airflow/dags/stock_dag.py took 0.062 seconds
[2026-08-08T17:30:36.981+0000] {processor.py:186} INFO - Started process (PID=768) to work on /opt/airflow/dags/stock_dag.py
[2026-08-08T17:30:36.983+0000] {processor.py:914} INFO - Processing file /opt/airflow/dags/stock_dag.py for tasks to queue
[2026-08-08T17:30:36.986+0000] {logging_mixin.py:190} INFO - [2026-08-08T17:30:36.985+0000] {dagbag.py:587} INFO - Filling up the DagBag from /opt/airflow/dags/stock_dag.py
[2026-08-08T17:30:37.026+0000] {logging_mixin.py:190} INFO - [2026-08-08T17:30:37.017+0000] {dagbag.py:386} ERROR - Failed to import: /opt/airflow/dags/stock_dag.py
Traceback (most recent call last):
  File "/home/airflow/.local/lib/python3.12/site-packages/airflow/models/dagbag.py", line 382, in parse
    loader.exec_module(new_module)
  File "<frozen importlib._bootstrap_external>", line 995, in exec_module
  File "<frozen importlib._bootstrap>", line 488, in _call_with_frames_removed
  File "/opt/airflow/dags/stock_dag.py", line 8, in <module>
    from scripts.extract import extract
ModuleNotFoundError: No module named 'scripts.extract'
[2026-08-08T17:30:37.030+0000] {processor.py:927} WARNING - No viable dags retrieved from /opt/airflow/dags/stock_dag.py
[2026-08-08T17:30:37.052+0000] {processor.py:208} INFO - Processing /opt/airflow/dags/stock_dag.py took 0.078 seconds
[2026-08-08T17:31:07.121+0000] {processor.py:186} INFO - Started process (PID=831) to work on /opt/airflow/dags/stock_dag.py
[2026-08-08T17:31:07.122+0000] {processor.py:914} INFO - Processing file /opt/airflow/dags/stock_dag.py for tasks to queue
[2026-08-08T17:31:07.124+0000] {logging_mixin.py:190} INFO - [2026-08-08T17:31:07.123+0000] {dagbag.py:587} INFO - Filling up the DagBag from /opt/airflow/dags/stock_dag.py
[2026-08-08T17:31:07.159+0000] {logging_mixin.py:190} INFO - [2026-08-08T17:31:07.153+0000] {dagbag.py:386} ERROR - Failed to import: /opt/airflow/dags/stock_dag.py
Traceback (most recent call last):
  File "/home/airflow/.local/lib/python3.12/site-packages/airflow/models/dagbag.py", line 382, in parse
    loader.exec_module(new_module)
  File "<frozen importlib._bootstrap_external>", line 995, in exec_module
  File "<frozen importlib._bootstrap>", line 488, in _call_with_frames_removed
  File "/opt/airflow/dags/stock_dag.py", line 8, in <module>
    from scripts.extract import extract
ModuleNotFoundError: No module named 'scripts.extract'
[2026-08-08T17:31:07.163+0000] {processor.py:927} WARNING - No viable dags retrieved from /opt/airflow/dags/stock_dag.py
[2026-08-08T17:31:07.185+0000] {processor.py:208} INFO - Processing /opt/airflow/dags/stock_dag.py took 0.069 seconds
[2026-08-08T17:31:37.907+0000] {processor.py:186} INFO - Started process (PID=894) to work on /opt/airflow/dags/stock_dag.py
[2026-08-08T17:31:37.908+0000] {processor.py:914} INFO - Processing file /opt/airflow/dags/stock_dag.py for tasks to queue
[2026-08-08T17:31:37.910+0000] {logging_mixin.py:190} INFO - [2026-08-08T17:31:37.910+0000] {dagbag.py:587} INFO - Filling up the DagBag from /opt/airflow/dags/stock_dag.py
[2026-08-08T17:31:37.958+0000] {logging_mixin.py:190} INFO - [2026-08-08T17:31:37.949+0000] {dagbag.py:386} ERROR - Failed to import: /opt/airflow/dags/stock_dag.py
Traceback (most recent call last):
  File "/home/airflow/.local/lib/python3.12/site-packages/airflow/models/dagbag.py", line 382, in parse
    loader.exec_module(new_module)
  File "<frozen importlib._bootstrap_external>", line 995, in exec_module
  File "<frozen importlib._bootstrap>", line 488, in _call_with_frames_removed
  File "/opt/airflow/dags/stock_dag.py", line 8, in <module>
    from scripts.extract import extract
ModuleNotFoundError: No module named 'scripts.extract'
[2026-08-08T17:31:37.962+0000] {processor.py:927} WARNING - No viable dags retrieved from /opt/airflow/dags/stock_dag.py
[2026-08-08T17:31:37.988+0000] {processor.py:208} INFO - Processing /opt/airflow/dags/stock_dag.py took 0.086 seconds
[2026-08-08T17:32:08.511+0000] {processor.py:186} INFO - Started process (PID=957) to work on /opt/airflow/dags/stock_dag.py
[2026-08-08T17:32:08.512+0000] {processor.py:914} INFO - Processing file /opt/airflow/dags/stock_dag.py for tasks to queue
[2026-08-08T17:32:08.514+0000] {logging_mixin.py:190} INFO - [2026-08-08T17:32:08.514+0000] {dagbag.py:587} INFO - Filling up the DagBag from /opt/airflow/dags/stock_dag.py
[2026-08-08T17:32:08.548+0000] {logging_mixin.py:190} INFO - [2026-08-08T17:32:08.542+0000] {dagbag.py:386} ERROR - Failed to import: /opt/airflow/dags/stock_dag.py
Traceback (most recent call last):
  File "/home/airflow/.local/lib/python3.12/site-packages/airflow/models/dagbag.py", line 382, in parse
    loader.exec_module(new_module)
  File "<frozen importlib._bootstrap_external>", line 995, in exec_module
  File "<frozen importlib._bootstrap>", line 488, in _call_with_frames_removed
  File "/opt/airflow/dags/stock_dag.py", line 8, in <module>
    from scripts.extract import extract
ModuleNotFoundError: No module named 'scripts.extract'
[2026-08-08T17:32:08.549+0000] {processor.py:927} WARNING - No viable dags retrieved from /opt/airflow/dags/stock_dag.py
[2026-08-08T17:32:08.567+0000] {processor.py:208} INFO - Processing /opt/airflow/dags/stock_dag.py took 0.060 seconds
[2026-08-08T17:32:38.789+0000] {processor.py:186} INFO - Started process (PID=1020) to work on /opt/airflow/dags/stock_dag.py
[2026-08-08T17:32:38.790+0000] {processor.py:914} INFO - Processing file /opt/airflow/dags/stock_dag.py for tasks to queue
[2026-08-08T17:32:38.793+0000] {logging_mixin.py:190} INFO - [2026-08-08T17:32:38.792+0000] {dagbag.py:587} INFO - Filling up the DagBag from /opt/airflow/dags/stock_dag.py
[2026-08-08T17:32:38.836+0000] {logging_mixin.py:190} INFO - [2026-08-08T17:32:38.827+0000] {dagbag.py:386} ERROR - Failed to import: /opt/airflow/dags/stock_dag.py
Traceback (most recent call last):
  File "/home/airflow/.local/lib/python3.12/site-packages/airflow/models/dagbag.py", line 382, in parse
    loader.exec_module(new_module)
  File "<frozen importlib._bootstrap_external>", line 995, in exec_module
  File "<frozen importlib._bootstrap>", line 488, in _call_with_frames_removed
  File "/opt/airflow/dags/stock_dag.py", line 8, in <module>
    from scripts.extract import extract
ModuleNotFoundError: No module named 'scripts.extract'
[2026-08-08T17:32:38.839+0000] {processor.py:927} WARNING - No viable dags retrieved from /opt/airflow/dags/stock_dag.py
[2026-08-08T17:32:38.863+0000] {processor.py:208} INFO - Processing /opt/airflow/dags/stock_dag.py took 0.081 seconds
[2026-08-08T17:32:49.901+0000] {processor.py:186} INFO - Started process (PID=1045) to work on /opt/airflow/dags/stock_dag.py
[2026-08-08T17:32:49.903+0000] {processor.py:914} INFO - Processing file /opt/airflow/dags/stock_dag.py for tasks to queue
[2026-08-08T17:32:49.906+0000] {logging_mixin.py:190} INFO - [2026-08-08T17:32:49.906+0000] {dagbag.py:587} INFO - Filling up the DagBag from /opt/airflow/dags/stock_dag.py
[2026-08-08T17:32:49.982+0000] {logging_mixin.py:190} INFO - [2026-08-08T17:32:49.972+0000] {dagbag.py:386} ERROR - Failed to import: /opt/airflow/dags/stock_dag.py
Traceback (most recent call last):
  File "/home/airflow/.local/lib/python3.12/site-packages/airflow/models/dagbag.py", line 382, in parse
    loader.exec_module(new_module)
  File "<frozen importlib._bootstrap_external>", line 995, in exec_module
  File "<frozen importlib._bootstrap>", line 488, in _call_with_frames_removed
  File "/opt/airflow/dags/stock_dag.py", line 8, in <module>
    from scripts.extract import extract
ModuleNotFoundError: No module named 'scripts.extract'
[2026-08-08T17:32:49.985+0000] {processor.py:927} WARNING - No viable dags retrieved from /opt/airflow/dags/stock_dag.py
[2026-08-08T17:32:50.013+0000] {processor.py:208} INFO - Processing /opt/airflow/dags/stock_dag.py took 0.119 seconds
[2026-08-08T17:33:20.604+0000] {processor.py:186} INFO - Started process (PID=1108) to work on /opt/airflow/dags/stock_dag.py
[2026-08-08T17:33:20.605+0000] {processor.py:914} INFO - Processing file /opt/airflow/dags/stock_dag.py for tasks to queue
[2026-08-08T17:33:20.610+0000] {logging_mixin.py:190} INFO - [2026-08-08T17:33:20.609+0000] {dagbag.py:587} INFO - Filling up the DagBag from /opt/airflow/dags/stock_dag.py
[2026-08-08T17:33:20.653+0000] {logging_mixin.py:190} INFO - [2026-08-08T17:33:20.646+0000] {dagbag.py:386} ERROR - Failed to import: /opt/airflow/dags/stock_dag.py
Traceback (most recent call last):
  File "/home/airflow/.local/lib/python3.12/site-packages/airflow/models/dagbag.py", line 382, in parse
    loader.exec_module(new_module)
  File "<frozen importlib._bootstrap_external>", line 995, in exec_module
  File "<frozen importlib._bootstrap>", line 488, in _call_with_frames_removed
  File "/opt/airflow/dags/stock_dag.py", line 8, in <module>
    from scripts.extract import extract
ModuleNotFoundError: No module named 'scripts.extract'
[2026-08-08T17:33:20.655+0000] {processor.py:927} WARNING - No viable dags retrieved from /opt/airflow/dags/stock_dag.py
[2026-08-08T17:33:20.679+0000] {processor.py:208} INFO - Processing /opt/airflow/dags/stock_dag.py took 0.082 seconds
[2026-08-08T17:33:50.908+0000] {processor.py:186} INFO - Started process (PID=1171) to work on /opt/airflow/dags/stock_dag.py
[2026-08-08T17:33:50.909+0000] {processor.py:914} INFO - Processing file /opt/airflow/dags/stock_dag.py for tasks to queue
[2026-08-08T17:33:50.912+0000] {logging_mixin.py:190} INFO - [2026-08-08T17:33:50.911+0000] {dagbag.py:587} INFO - Filling up the DagBag from /opt/airflow/dags/stock_dag.py
[2026-08-08T17:33:50.953+0000] {logging_mixin.py:190} INFO - [2026-08-08T17:33:50.945+0000] {dagbag.py:386} ERROR - Failed to import: /opt/airflow/dags/stock_dag.py
Traceback (most recent call last):
  File "/home/airflow/.local/lib/python3.12/site-packages/airflow/models/dagbag.py", line 382, in parse
    loader.exec_module(new_module)
  File "<frozen importlib._bootstrap_external>", line 995, in exec_module
  File "<frozen importlib._bootstrap>", line 488, in _call_with_frames_removed
  File "/opt/airflow/dags/stock_dag.py", line 8, in <module>
    from scripts.extract import extract
ModuleNotFoundError: No module named 'scripts.extract'
[2026-08-08T17:33:50.956+0000] {processor.py:927} WARNING - No viable dags retrieved from /opt/airflow/dags/stock_dag.py
[2026-08-08T17:33:50.976+0000] {processor.py:208} INFO - Processing /opt/airflow/dags/stock_dag.py took 0.076 seconds
[2026-08-08T17:34:21.248+0000] {processor.py:186} INFO - Started process (PID=1234) to work on /opt/airflow/dags/stock_dag.py
[2026-08-08T17:34:21.250+0000] {processor.py:914} INFO - Processing file /opt/airflow/dags/stock_dag.py for tasks to queue
[2026-08-08T17:34:21.253+0000] {logging_mixin.py:190} INFO - [2026-08-08T17:34:21.252+0000] {dagbag.py:587} INFO - Filling up the DagBag from /opt/airflow/dags/stock_dag.py
[2026-08-08T17:34:21.286+0000] {logging_mixin.py:190} INFO - [2026-08-08T17:34:21.279+0000] {dagbag.py:386} ERROR - Failed to import: /opt/airflow/dags/stock_dag.py
Traceback (most recent call last):
  File "/home/airflow/.local/lib/python3.12/site-packages/airflow/models/dagbag.py", line 382, in parse
    loader.exec_module(new_module)
  File "<frozen importlib._bootstrap_external>", line 995, in exec_module
  File "<frozen importlib._bootstrap>", line 488, in _call_with_frames_removed
  File "/opt/airflow/dags/stock_dag.py", line 8, in <module>
    from scripts.extract import extract
ModuleNotFoundError: No module named 'scripts.extract'
[2026-08-08T17:34:21.288+0000] {processor.py:927} WARNING - No viable dags retrieved from /opt/airflow/dags/stock_dag.py
[2026-08-08T17:34:21.309+0000] {processor.py:208} INFO - Processing /opt/airflow/dags/stock_dag.py took 0.067 seconds
[2026-08-08T17:34:52.147+0000] {processor.py:186} INFO - Started process (PID=1297) to work on /opt/airflow/dags/stock_dag.py
[2026-08-08T17:34:52.150+0000] {processor.py:914} INFO - Processing file /opt/airflow/dags/stock_dag.py for tasks to queue
[2026-08-08T17:34:52.155+0000] {logging_mixin.py:190} INFO - [2026-08-08T17:34:52.155+0000] {dagbag.py:587} INFO - Filling up the DagBag from /opt/airflow/dags/stock_dag.py
[2026-08-08T17:34:52.198+0000] {logging_mixin.py:190} INFO - [2026-08-08T17:34:52.191+0000] {dagbag.py:386} ERROR - Failed to import: /opt/airflow/dags/stock_dag.py
Traceback (most recent call last):
  File "/home/airflow/.local/lib/python3.12/site-packages/airflow/models/dagbag.py", line 382, in parse
    loader.exec_module(new_module)
  File "<frozen importlib._bootstrap_external>", line 995, in exec_module
  File "<frozen importlib._bootstrap>", line 488, in _call_with_frames_removed
  File "/opt/airflow/dags/stock_dag.py", line 8, in <module>
    from scripts.extract import extract
ModuleNotFoundError: No module named 'scripts.extract'
[2026-08-08T17:34:52.201+0000] {processor.py:927} WARNING - No viable dags retrieved from /opt/airflow/dags/stock_dag.py
[2026-08-08T17:34:52.258+0000] {processor.py:208} INFO - Processing /opt/airflow/dags/stock_dag.py took 0.121 seconds
[2026-08-08T17:35:22.785+0000] {processor.py:186} INFO - Started process (PID=1360) to work on /opt/airflow/dags/stock_dag.py
[2026-08-08T17:35:22.786+0000] {processor.py:914} INFO - Processing file /opt/airflow/dags/stock_dag.py for tasks to queue
[2026-08-08T17:35:22.789+0000] {logging_mixin.py:190} INFO - [2026-08-08T17:35:22.789+0000] {dagbag.py:587} INFO - Filling up the DagBag from /opt/airflow/dags/stock_dag.py
[2026-08-08T17:35:22.824+0000] {logging_mixin.py:190} INFO - [2026-08-08T17:35:22.819+0000] {dagbag.py:386} ERROR - Failed to import: /opt/airflow/dags/stock_dag.py
Traceback (most recent call last):
  File "/home/airflow/.local/lib/python3.12/site-packages/airflow/models/dagbag.py", line 382, in parse
    loader.exec_module(new_module)
  File "<frozen importlib._bootstrap_external>", line 995, in exec_module
  File "<frozen importlib._bootstrap>", line 488, in _call_with_frames_removed
  File "/opt/airflow/dags/stock_dag.py", line 8, in <module>
    from scripts.extract import extract
ModuleNotFoundError: No module named 'scripts.extract'
[2026-08-08T17:35:22.826+0000] {processor.py:927} WARNING - No viable dags retrieved from /opt/airflow/dags/stock_dag.py
[2026-08-08T17:35:22.849+0000] {processor.py:208} INFO - Processing /opt/airflow/dags/stock_dag.py took 0.070 seconds
[2026-08-08T17:35:53.835+0000] {processor.py:186} INFO - Started process (PID=1423) to work on /opt/airflow/dags/stock_dag.py
[2026-08-08T17:35:53.837+0000] {processor.py:914} INFO - Processing file /opt/airflow/dags/stock_dag.py for tasks to queue
[2026-08-08T17:35:53.841+0000] {logging_mixin.py:190} INFO - [2026-08-08T17:35:53.841+0000] {dagbag.py:587} INFO - Filling up the DagBag from /opt/airflow/dags/stock_dag.py
[2026-08-08T17:35:53.877+0000] {logging_mixin.py:190} INFO - [2026-08-08T17:35:53.870+0000] {dagbag.py:386} ERROR - Failed to import: /opt/airflow/dags/stock_dag.py
Traceback (most recent call last):
  File "/home/airflow/.local/lib/python3.12/site-packages/airflow/models/dagbag.py", line 382, in parse
    loader.exec_module(new_module)
  File "<frozen importlib._bootstrap_external>", line 995, in exec_module
  File "<frozen importlib._bootstrap>", line 488, in _call_with_frames_removed
  File "/opt/airflow/dags/stock_dag.py", line 8, in <module>
    from scripts.extract import extract
ModuleNotFoundError: No module named 'scripts.extract'
[2026-08-08T17:35:53.880+0000] {processor.py:927} WARNING - No viable dags retrieved from /opt/airflow/dags/stock_dag.py
[2026-08-08T17:35:53.906+0000] {processor.py:208} INFO - Processing /opt/airflow/dags/stock_dag.py took 0.081 seconds
[2026-08-08T17:36:24.460+0000] {processor.py:186} INFO - Started process (PID=1486) to work on /opt/airflow/dags/stock_dag.py
[2026-08-08T17:36:24.462+0000] {processor.py:914} INFO - Processing file /opt/airflow/dags/stock_dag.py for tasks to queue
[2026-08-08T17:36:24.465+0000] {logging_mixin.py:190} INFO - [2026-08-08T17:36:24.464+0000] {dagbag.py:587} INFO - Filling up the DagBag from /opt/airflow/dags/stock_dag.py
[2026-08-08T17:36:24.508+0000] {logging_mixin.py:190} INFO - [2026-08-08T17:36:24.500+0000] {dagbag.py:386} ERROR - Failed to import: /opt/airflow/dags/stock_dag.py
Traceback (most recent call last):
  File "/home/airflow/.local/lib/python3.12/site-packages/airflow/models/dagbag.py", line 382, in parse
    loader.exec_module(new_module)
  File "<frozen importlib._bootstrap_external>", line 995, in exec_module
  File "<frozen importlib._bootstrap>", line 488, in _call_with_frames_removed
  File "/opt/airflow/dags/stock_dag.py", line 8, in <module>
    from scripts.extract import extract
ModuleNotFoundError: No module named 'scripts.extract'
[2026-08-08T17:36:24.511+0000] {processor.py:927} WARNING - No viable dags retrieved from /opt/airflow/dags/stock_dag.py
[2026-08-08T17:36:24.536+0000] {processor.py:208} INFO - Processing /opt/airflow/dags/stock_dag.py took 0.084 seconds
[2026-08-08T17:37:51.233+0000] {processor.py:186} INFO - Started process (PID=75) to work on /opt/airflow/dags/stock_dag.py
[2026-08-08T17:37:51.235+0000] {processor.py:914} INFO - Processing file /opt/airflow/dags/stock_dag.py for tasks to queue
[2026-08-08T17:37:51.239+0000] {logging_mixin.py:190} INFO - [2026-08-08T17:37:51.238+0000] {dagbag.py:587} INFO - Filling up the DagBag from /opt/airflow/dags/stock_dag.py
[2026-08-08T17:37:51.279+0000] {logging_mixin.py:190} INFO - [2026-08-08T17:37:51.268+0000] {dagbag.py:386} ERROR - Failed to import: /opt/airflow/dags/stock_dag.py
Traceback (most recent call last):
  File "/home/airflow/.local/lib/python3.12/site-packages/airflow/models/dagbag.py", line 382, in parse
    loader.exec_module(new_module)
  File "<frozen importlib._bootstrap_external>", line 995, in exec_module
  File "<frozen importlib._bootstrap>", line 488, in _call_with_frames_removed
  File "/opt/airflow/dags/stock_dag.py", line 8, in <module>
    from scripts.extract import extract
ModuleNotFoundError: No module named 'scripts.extract'
[2026-08-08T17:37:51.282+0000] {processor.py:927} WARNING - No viable dags retrieved from /opt/airflow/dags/stock_dag.py
[2026-08-08T17:37:51.331+0000] {processor.py:208} INFO - Processing /opt/airflow/dags/stock_dag.py took 0.110 seconds
[2026-08-08T17:38:13.513+0000] {processor.py:186} INFO - Started process (PID=57) to work on /opt/airflow/dags/stock_dag.py
[2026-08-08T17:38:13.515+0000] {processor.py:914} INFO - Processing file /opt/airflow/dags/stock_dag.py for tasks to queue
[2026-08-08T17:38:13.519+0000] {logging_mixin.py:190} INFO - [2026-08-08T17:38:13.518+0000] {dagbag.py:587} INFO - Filling up the DagBag from /opt/airflow/dags/stock_dag.py
[2026-08-08T17:38:13.552+0000] {logging_mixin.py:190} INFO - [2026-08-08T17:38:13.545+0000] {dagbag.py:386} ERROR - Failed to import: /opt/airflow/dags/stock_dag.py
Traceback (most recent call last):
  File "/home/airflow/.local/lib/python3.12/site-packages/airflow/models/dagbag.py", line 382, in parse
    loader.exec_module(new_module)
  File "<frozen importlib._bootstrap_external>", line 995, in exec_module
  File "<frozen importlib._bootstrap>", line 488, in _call_with_frames_removed
  File "/opt/airflow/dags/stock_dag.py", line 8, in <module>
    from scripts.extract import extract
ModuleNotFoundError: No module named 'scripts.extract'
[2026-08-08T17:38:13.554+0000] {processor.py:927} WARNING - No viable dags retrieved from /opt/airflow/dags/stock_dag.py
[2026-08-08T17:38:13.604+0000] {processor.py:208} INFO - Processing /opt/airflow/dags/stock_dag.py took 0.097 seconds
[2026-08-08T17:38:44.015+0000] {processor.py:186} INFO - Started process (PID=120) to work on /opt/airflow/dags/stock_dag.py
[2026-08-08T17:38:44.017+0000] {processor.py:914} INFO - Processing file /opt/airflow/dags/stock_dag.py for tasks to queue
[2026-08-08T17:38:44.020+0000] {logging_mixin.py:190} INFO - [2026-08-08T17:38:44.020+0000] {dagbag.py:587} INFO - Filling up the DagBag from /opt/airflow/dags/stock_dag.py
[2026-08-08T17:38:44.049+0000] {logging_mixin.py:190} INFO - [2026-08-08T17:38:44.044+0000] {dagbag.py:386} ERROR - Failed to import: /opt/airflow/dags/stock_dag.py
Traceback (most recent call last):
  File "/home/airflow/.local/lib/python3.12/site-packages/airflow/models/dagbag.py", line 382, in parse
    loader.exec_module(new_module)
  File "<frozen importlib._bootstrap_external>", line 995, in exec_module
  File "<frozen importlib._bootstrap>", line 488, in _call_with_frames_removed
  File "/opt/airflow/dags/stock_dag.py", line 8, in <module>
    from scripts.extract import extract
ModuleNotFoundError: No module named 'scripts.extract'
[2026-08-08T17:38:44.051+0000] {processor.py:927} WARNING - No viable dags retrieved from /opt/airflow/dags/stock_dag.py
[2026-08-08T17:38:44.088+0000] {processor.py:208} INFO - Processing /opt/airflow/dags/stock_dag.py took 0.083 seconds
[2026-08-08T17:39:14.149+0000] {processor.py:186} INFO - Started process (PID=183) to work on /opt/airflow/dags/stock_dag.py
[2026-08-08T17:39:14.150+0000] {processor.py:914} INFO - Processing file /opt/airflow/dags/stock_dag.py for tasks to queue
[2026-08-08T17:39:14.152+0000] {logging_mixin.py:190} INFO - [2026-08-08T17:39:14.152+0000] {dagbag.py:587} INFO - Filling up the DagBag from /opt/airflow/dags/stock_dag.py
[2026-08-08T17:39:14.193+0000] {logging_mixin.py:190} INFO - [2026-08-08T17:39:14.183+0000] {dagbag.py:386} ERROR - Failed to import: /opt/airflow/dags/stock_dag.py
Traceback (most recent call last):
  File "/home/airflow/.local/lib/python3.12/site-packages/airflow/models/dagbag.py", line 382, in parse
    loader.exec_module(new_module)
  File "<frozen importlib._bootstrap_external>", line 995, in exec_module
  File "<frozen importlib._bootstrap>", line 488, in _call_with_frames_removed
  File "/opt/airflow/dags/stock_dag.py", line 8, in <module>
    from scripts.extract import extract
ModuleNotFoundError: No module named 'scripts.extract'
[2026-08-08T17:39:14.196+0000] {processor.py:927} WARNING - No viable dags retrieved from /opt/airflow/dags/stock_dag.py
[2026-08-08T17:39:14.215+0000] {processor.py:208} INFO - Processing /opt/airflow/dags/stock_dag.py took 0.071 seconds
[2026-08-08T17:39:45.178+0000] {processor.py:186} INFO - Started process (PID=246) to work on /opt/airflow/dags/stock_dag.py
[2026-08-08T17:39:45.179+0000] {processor.py:914} INFO - Processing file /opt/airflow/dags/stock_dag.py for tasks to queue
[2026-08-08T17:39:45.182+0000] {logging_mixin.py:190} INFO - [2026-08-08T17:39:45.181+0000] {dagbag.py:587} INFO - Filling up the DagBag from /opt/airflow/dags/stock_dag.py
[2026-08-08T17:39:45.220+0000] {logging_mixin.py:190} INFO - [2026-08-08T17:39:45.211+0000] {dagbag.py:386} ERROR - Failed to import: /opt/airflow/dags/stock_dag.py
Traceback (most recent call last):
  File "/home/airflow/.local/lib/python3.12/site-packages/airflow/models/dagbag.py", line 382, in parse
    loader.exec_module(new_module)
  File "<frozen importlib._bootstrap_external>", line 995, in exec_module
  File "<frozen importlib._bootstrap>", line 488, in _call_with_frames_removed
  File "/opt/airflow/dags/stock_dag.py", line 8, in <module>
    from scripts.extract import extract
ModuleNotFoundError: No module named 'scripts.extract'
[2026-08-08T17:39:45.223+0000] {processor.py:927} WARNING - No viable dags retrieved from /opt/airflow/dags/stock_dag.py
[2026-08-08T17:39:45.246+0000] {processor.py:208} INFO - Processing /opt/airflow/dags/stock_dag.py took 0.073 seconds
[2026-08-08T17:39:51.326+0000] {processor.py:186} INFO - Started process (PID=307) to work on /opt/airflow/dags/stock_dag.py
[2026-08-08T17:39:51.329+0000] {processor.py:914} INFO - Processing file /opt/airflow/dags/stock_dag.py for tasks to queue
[2026-08-08T17:39:51.333+0000] {logging_mixin.py:190} INFO - [2026-08-08T17:39:51.333+0000] {dagbag.py:587} INFO - Filling up the DagBag from /opt/airflow/dags/stock_dag.py
[2026-08-08T17:39:51.438+0000] {logging_mixin.py:190} INFO - [2026-08-08T17:39:51.407+0000] {dagbag.py:386} ERROR - Failed to import: /opt/airflow/dags/stock_dag.py
Traceback (most recent call last):
  File "/home/airflow/.local/lib/python3.12/site-packages/airflow/models/dagbag.py", line 382, in parse
    loader.exec_module(new_module)
  File "<frozen importlib._bootstrap_external>", line 995, in exec_module
  File "<frozen importlib._bootstrap>", line 488, in _call_with_frames_removed
  File "/opt/airflow/dags/stock_dag.py", line 8, in <module>
    from scripts.extract import extract
ModuleNotFoundError: No module named 'scripts.extract'
[2026-08-08T17:39:51.443+0000] {processor.py:927} WARNING - No viable dags retrieved from /opt/airflow/dags/stock_dag.py
[2026-08-08T17:39:51.468+0000] {processor.py:208} INFO - Processing /opt/airflow/dags/stock_dag.py took 0.148 seconds
[2026-08-08T17:42:36.607+0000] {processor.py:186} INFO - Started process (PID=69) to work on /opt/airflow/dags/stock_dag.py
[2026-08-08T17:42:36.609+0000] {processor.py:914} INFO - Processing file /opt/airflow/dags/stock_dag.py for tasks to queue
[2026-08-08T17:42:36.611+0000] {logging_mixin.py:190} INFO - [2026-08-08T17:42:36.611+0000] {dagbag.py:587} INFO - Filling up the DagBag from /opt/airflow/dags/stock_dag.py
[2026-08-08T17:42:36.689+0000] {logging_mixin.py:190} INFO - [2026-08-08T17:42:36.670+0000] {dagbag.py:386} ERROR - Failed to import: /opt/airflow/dags/stock_dag.py
Traceback (most recent call last):
  File "/home/airflow/.local/lib/python3.12/site-packages/airflow/models/dagbag.py", line 382, in parse
    loader.exec_module(new_module)
  File "<frozen importlib._bootstrap_external>", line 995, in exec_module
  File "<frozen importlib._bootstrap>", line 488, in _call_with_frames_removed
  File "/opt/airflow/dags/stock_dag.py", line 8, in <module>
    from scripts.extract import extract
ModuleNotFoundError: No module named 'scripts.extract'
[2026-08-08T17:42:36.692+0000] {processor.py:927} WARNING - No viable dags retrieved from /opt/airflow/dags/stock_dag.py
[2026-08-08T17:42:36.716+0000] {processor.py:208} INFO - Processing /opt/airflow/dags/stock_dag.py took 0.116 seconds
[2026-08-08T17:43:07.695+0000] {processor.py:186} INFO - Started process (PID=132) to work on /opt/airflow/dags/stock_dag.py
[2026-08-08T17:43:07.698+0000] {processor.py:914} INFO - Processing file /opt/airflow/dags/stock_dag.py for tasks to queue
[2026-08-08T17:43:07.706+0000] {logging_mixin.py:190} INFO - [2026-08-08T17:43:07.705+0000] {dagbag.py:587} INFO - Filling up the DagBag from /opt/airflow/dags/stock_dag.py
[2026-08-08T17:43:07.754+0000] {logging_mixin.py:190} INFO - [2026-08-08T17:43:07.745+0000] {dagbag.py:386} ERROR - Failed to import: /opt/airflow/dags/stock_dag.py
Traceback (most recent call last):
  File "/home/airflow/.local/lib/python3.12/site-packages/airflow/models/dagbag.py", line 382, in parse
    loader.exec_module(new_module)
  File "<frozen importlib._bootstrap_external>", line 995, in exec_module
  File "<frozen importlib._bootstrap>", line 488, in _call_with_frames_removed
  File "/opt/airflow/dags/stock_dag.py", line 8, in <module>
    from scripts.extract import extract
ModuleNotFoundError: No module named 'scripts.extract'
[2026-08-08T17:43:07.756+0000] {processor.py:927} WARNING - No viable dags retrieved from /opt/airflow/dags/stock_dag.py
[2026-08-08T17:43:07.802+0000] {processor.py:208} INFO - Processing /opt/airflow/dags/stock_dag.py took 0.119 seconds
[2026-08-08T17:43:38.119+0000] {processor.py:186} INFO - Started process (PID=195) to work on /opt/airflow/dags/stock_dag.py
[2026-08-08T17:43:38.121+0000] {processor.py:914} INFO - Processing file /opt/airflow/dags/stock_dag.py for tasks to queue
[2026-08-08T17:43:38.125+0000] {logging_mixin.py:190} INFO - [2026-08-08T17:43:38.125+0000] {dagbag.py:587} INFO - Filling up the DagBag from /opt/airflow/dags/stock_dag.py
[2026-08-08T17:43:38.201+0000] {logging_mixin.py:190} INFO - [2026-08-08T17:43:38.190+0000] {dagbag.py:386} ERROR - Failed to import: /opt/airflow/dags/stock_dag.py
Traceback (most recent call last):
  File "/home/airflow/.local/lib/python3.12/site-packages/airflow/models/dagbag.py", line 382, in parse
    loader.exec_module(new_module)
  File "<frozen importlib._bootstrap_external>", line 995, in exec_module
  File "<frozen importlib._bootstrap>", line 488, in _call_with_frames_removed
  File "/opt/airflow/dags/stock_dag.py", line 8, in <module>
    from scripts.extract import extract
ModuleNotFoundError: No module named 'scripts.extract'
[2026-08-08T17:43:38.204+0000] {processor.py:927} WARNING - No viable dags retrieved from /opt/airflow/dags/stock_dag.py
[2026-08-08T17:43:38.243+0000] {processor.py:208} INFO - Processing /opt/airflow/dags/stock_dag.py took 0.134 seconds
[2026-08-08T17:44:08.379+0000] {processor.py:186} INFO - Started process (PID=258) to work on /opt/airflow/dags/stock_dag.py
[2026-08-08T17:44:08.381+0000] {processor.py:914} INFO - Processing file /opt/airflow/dags/stock_dag.py for tasks to queue
[2026-08-08T17:44:08.384+0000] {logging_mixin.py:190} INFO - [2026-08-08T17:44:08.384+0000] {dagbag.py:587} INFO - Filling up the DagBag from /opt/airflow/dags/stock_dag.py
[2026-08-08T17:44:08.429+0000] {logging_mixin.py:190} INFO - [2026-08-08T17:44:08.419+0000] {dagbag.py:386} ERROR - Failed to import: /opt/airflow/dags/stock_dag.py
Traceback (most recent call last):
  File "/home/airflow/.local/lib/python3.12/site-packages/airflow/models/dagbag.py", line 382, in parse
    loader.exec_module(new_module)
  File "<frozen importlib._bootstrap_external>", line 995, in exec_module
  File "<frozen importlib._bootstrap>", line 488, in _call_with_frames_removed
  File "/opt/airflow/dags/stock_dag.py", line 8, in <module>
    from scripts.extract import extract
ModuleNotFoundError: No module named 'scripts.extract'
[2026-08-08T17:44:08.432+0000] {processor.py:927} WARNING - No viable dags retrieved from /opt/airflow/dags/stock_dag.py
[2026-08-08T17:44:08.458+0000] {processor.py:208} INFO - Processing /opt/airflow/dags/stock_dag.py took 0.086 seconds
[2026-08-08T17:44:38.852+0000] {processor.py:186} INFO - Started process (PID=327) to work on /opt/airflow/dags/stock_dag.py
[2026-08-08T17:44:38.854+0000] {processor.py:914} INFO - Processing file /opt/airflow/dags/stock_dag.py for tasks to queue
[2026-08-08T17:44:38.856+0000] {logging_mixin.py:190} INFO - [2026-08-08T17:44:38.856+0000] {dagbag.py:587} INFO - Filling up the DagBag from /opt/airflow/dags/stock_dag.py
[2026-08-08T17:44:38.898+0000] {logging_mixin.py:190} INFO - [2026-08-08T17:44:38.890+0000] {dagbag.py:386} ERROR - Failed to import: /opt/airflow/dags/stock_dag.py
Traceback (most recent call last):
  File "/home/airflow/.local/lib/python3.12/site-packages/airflow/models/dagbag.py", line 382, in parse
    loader.exec_module(new_module)
  File "<frozen importlib._bootstrap_external>", line 995, in exec_module
  File "<frozen importlib._bootstrap>", line 488, in _call_with_frames_removed
  File "/opt/airflow/dags/stock_dag.py", line 8, in <module>
    from scripts.extract import extract
ModuleNotFoundError: No module named 'scripts.extract'
[2026-08-08T17:44:38.901+0000] {processor.py:927} WARNING - No viable dags retrieved from /opt/airflow/dags/stock_dag.py
[2026-08-08T17:44:38.923+0000] {processor.py:208} INFO - Processing /opt/airflow/dags/stock_dag.py took 0.077 seconds
[2026-08-08T17:45:09.183+0000] {processor.py:186} INFO - Started process (PID=390) to work on /opt/airflow/dags/stock_dag.py
[2026-08-08T17:45:09.185+0000] {processor.py:914} INFO - Processing file /opt/airflow/dags/stock_dag.py for tasks to queue
[2026-08-08T17:45:09.188+0000] {logging_mixin.py:190} INFO - [2026-08-08T17:45:09.188+0000] {dagbag.py:587} INFO - Filling up the DagBag from /opt/airflow/dags/stock_dag.py
[2026-08-08T17:45:09.222+0000] {logging_mixin.py:190} INFO - [2026-08-08T17:45:09.215+0000] {dagbag.py:386} ERROR - Failed to import: /opt/airflow/dags/stock_dag.py
Traceback (most recent call last):
  File "/home/airflow/.local/lib/python3.12/site-packages/airflow/models/dagbag.py", line 382, in parse
    loader.exec_module(new_module)
  File "<frozen importlib._bootstrap_external>", line 995, in exec_module
  File "<frozen importlib._bootstrap>", line 488, in _call_with_frames_removed
  File "/opt/airflow/dags/stock_dag.py", line 8, in <module>
    from scripts.extract import extract
ModuleNotFoundError: No module named 'scripts.extract'
[2026-08-08T17:45:09.225+0000] {processor.py:927} WARNING - No viable dags retrieved from /opt/airflow/dags/stock_dag.py
[2026-08-08T17:45:09.253+0000] {processor.py:208} INFO - Processing /opt/airflow/dags/stock_dag.py took 0.079 seconds
[2026-08-08T17:45:39.397+0000] {processor.py:186} INFO - Started process (PID=453) to work on /opt/airflow/dags/stock_dag.py
[2026-08-08T17:45:39.398+0000] {processor.py:914} INFO - Processing file /opt/airflow/dags/stock_dag.py for tasks to queue
[2026-08-08T17:45:39.401+0000] {logging_mixin.py:190} INFO - [2026-08-08T17:45:39.400+0000] {dagbag.py:587} INFO - Filling up the DagBag from /opt/airflow/dags/stock_dag.py
[2026-08-08T17:45:39.441+0000] {logging_mixin.py:190} INFO - [2026-08-08T17:45:39.432+0000] {dagbag.py:386} ERROR - Failed to import: /opt/airflow/dags/stock_dag.py
Traceback (most recent call last):
  File "/home/airflow/.local/lib/python3.12/site-packages/airflow/models/dagbag.py", line 382, in parse
    loader.exec_module(new_module)
  File "<frozen importlib._bootstrap_external>", line 995, in exec_module
  File "<frozen importlib._bootstrap>", line 488, in _call_with_frames_removed
  File "/opt/airflow/dags/stock_dag.py", line 8, in <module>
    from scripts.extract import extract
ModuleNotFoundError: No module named 'scripts.extract'
[2026-08-08T17:45:39.443+0000] {processor.py:927} WARNING - No viable dags retrieved from /opt/airflow/dags/stock_dag.py
[2026-08-08T17:45:39.466+0000] {processor.py:208} INFO - Processing /opt/airflow/dags/stock_dag.py took 0.075 seconds
[2026-08-08T17:45:54.531+0000] {processor.py:186} INFO - Started process (PID=510) to work on /opt/airflow/dags/stock_dag.py
[2026-08-08T17:45:54.534+0000] {processor.py:914} INFO - Processing file /opt/airflow/dags/stock_dag.py for tasks to queue
[2026-08-08T17:45:54.541+0000] {logging_mixin.py:190} INFO - [2026-08-08T17:45:54.540+0000] {dagbag.py:587} INFO - Filling up the DagBag from /opt/airflow/dags/stock_dag.py
[2026-08-08T17:45:54.599+0000] {logging_mixin.py:190} INFO - [2026-08-08T17:45:54.592+0000] {dagbag.py:386} ERROR - Failed to import: /opt/airflow/dags/stock_dag.py
Traceback (most recent call last):
  File "/home/airflow/.local/lib/python3.12/site-packages/airflow/models/dagbag.py", line 382, in parse
    loader.exec_module(new_module)
  File "<frozen importlib._bootstrap_external>", line 995, in exec_module
  File "<frozen importlib._bootstrap>", line 488, in _call_with_frames_removed
  File "/opt/airflow/dags/stock_dag.py", line 8, in <module>
    from scripts.extract import extract
ModuleNotFoundError: No module named 'scripts.extract'
[2026-08-08T17:45:54.603+0000] {processor.py:927} WARNING - No viable dags retrieved from /opt/airflow/dags/stock_dag.py
[2026-08-08T17:45:54.630+0000] {processor.py:208} INFO - Processing /opt/airflow/dags/stock_dag.py took 0.108 seconds
[2026-08-08T17:46:03.656+0000] {processor.py:186} INFO - Started process (PID=511) to work on /opt/airflow/dags/stock_dag.py
[2026-08-08T17:46:03.658+0000] {processor.py:914} INFO - Processing file /opt/airflow/dags/stock_dag.py for tasks to queue
[2026-08-08T17:46:03.660+0000] {logging_mixin.py:190} INFO - [2026-08-08T17:46:03.660+0000] {dagbag.py:587} INFO - Filling up the DagBag from /opt/airflow/dags/stock_dag.py
[2026-08-08T17:46:03.718+0000] {logging_mixin.py:190} INFO - [2026-08-08T17:46:03.710+0000] {dagbag.py:386} ERROR - Failed to import: /opt/airflow/dags/stock_dag.py
Traceback (most recent call last):
  File "/home/airflow/.local/lib/python3.12/site-packages/airflow/models/dagbag.py", line 382, in parse
    loader.exec_module(new_module)
  File "<frozen importlib._bootstrap_external>", line 995, in exec_module
  File "<frozen importlib._bootstrap>", line 488, in _call_with_frames_removed
  File "/opt/airflow/dags/stock_dag.py", line 8, in <module>
    from scripts.extract import extract
ModuleNotFoundError: No module named 'scripts.extract'
[2026-08-08T17:46:03.721+0000] {processor.py:927} WARNING - No viable dags retrieved from /opt/airflow/dags/stock_dag.py
[2026-08-08T17:46:03.744+0000] {processor.py:208} INFO - Processing /opt/airflow/dags/stock_dag.py took 0.092 seconds
[2026-08-08T17:47:10.727+0000] {processor.py:186} INFO - Started process (PID=70) to work on /opt/airflow/dags/stock_dag.py
[2026-08-08T17:47:10.730+0000] {processor.py:914} INFO - Processing file /opt/airflow/dags/stock_dag.py for tasks to queue
[2026-08-08T17:47:10.733+0000] {logging_mixin.py:190} INFO - [2026-08-08T17:47:10.733+0000] {dagbag.py:587} INFO - Filling up the DagBag from /opt/airflow/dags/stock_dag.py
[2026-08-08T17:47:10.773+0000] {logging_mixin.py:190} INFO - [2026-08-08T17:47:10.766+0000] {dagbag.py:386} ERROR - Failed to import: /opt/airflow/dags/stock_dag.py
Traceback (most recent call last):
  File "/home/airflow/.local/lib/python3.12/site-packages/airflow/models/dagbag.py", line 382, in parse
    loader.exec_module(new_module)
  File "<frozen importlib._bootstrap_external>", line 995, in exec_module
  File "<frozen importlib._bootstrap>", line 488, in _call_with_frames_removed
  File "/opt/airflow/dags/stock_dag.py", line 8, in <module>
    from scripts.extract import extract
ModuleNotFoundError: No module named 'scripts.extract'
[2026-08-08T17:47:10.776+0000] {processor.py:927} WARNING - No viable dags retrieved from /opt/airflow/dags/stock_dag.py
[2026-08-08T17:47:10.802+0000] {processor.py:208} INFO - Processing /opt/airflow/dags/stock_dag.py took 0.083 seconds
[2026-08-08T17:47:40.912+0000] {processor.py:186} INFO - Started process (PID=133) to work on /opt/airflow/dags/stock_dag.py
[2026-08-08T17:47:40.913+0000] {processor.py:914} INFO - Processing file /opt/airflow/dags/stock_dag.py for tasks to queue
[2026-08-08T17:47:40.917+0000] {logging_mixin.py:190} INFO - [2026-08-08T17:47:40.917+0000] {dagbag.py:587} INFO - Filling up the DagBag from /opt/airflow/dags/stock_dag.py
[2026-08-08T17:47:40.953+0000] {logging_mixin.py:190} INFO - [2026-08-08T17:47:40.947+0000] {dagbag.py:386} ERROR - Failed to import: /opt/airflow/dags/stock_dag.py
Traceback (most recent call last):
  File "/home/airflow/.local/lib/python3.12/site-packages/airflow/models/dagbag.py", line 382, in parse
    loader.exec_module(new_module)
  File "<frozen importlib._bootstrap_external>", line 995, in exec_module
  File "<frozen importlib._bootstrap>", line 488, in _call_with_frames_removed
  File "/opt/airflow/dags/stock_dag.py", line 8, in <module>
    from scripts.extract import extract
ModuleNotFoundError: No module named 'scripts.extract'
[2026-08-08T17:47:40.956+0000] {processor.py:927} WARNING - No viable dags retrieved from /opt/airflow/dags/stock_dag.py
[2026-08-08T17:47:40.986+0000] {processor.py:208} INFO - Processing /opt/airflow/dags/stock_dag.py took 0.087 seconds
[2026-08-08T17:48:11.520+0000] {processor.py:186} INFO - Started process (PID=202) to work on /opt/airflow/dags/stock_dag.py
[2026-08-08T17:48:11.521+0000] {processor.py:914} INFO - Processing file /opt/airflow/dags/stock_dag.py for tasks to queue
[2026-08-08T17:48:11.526+0000] {logging_mixin.py:190} INFO - [2026-08-08T17:48:11.525+0000] {dagbag.py:587} INFO - Filling up the DagBag from /opt/airflow/dags/stock_dag.py
[2026-08-08T17:48:11.569+0000] {logging_mixin.py:190} INFO - [2026-08-08T17:48:11.560+0000] {dagbag.py:386} ERROR - Failed to import: /opt/airflow/dags/stock_dag.py
Traceback (most recent call last):
  File "/home/airflow/.local/lib/python3.12/site-packages/airflow/models/dagbag.py", line 382, in parse
    loader.exec_module(new_module)
  File "<frozen importlib._bootstrap_external>", line 995, in exec_module
  File "<frozen importlib._bootstrap>", line 488, in _call_with_frames_removed
  File "/opt/airflow/dags/stock_dag.py", line 8, in <module>
    from scripts.extract import extract
ModuleNotFoundError: No module named 'scripts.extract'
[2026-08-08T17:48:11.571+0000] {processor.py:927} WARNING - No viable dags retrieved from /opt/airflow/dags/stock_dag.py
[2026-08-08T17:48:11.596+0000] {processor.py:208} INFO - Processing /opt/airflow/dags/stock_dag.py took 0.083 seconds
[2026-08-08T17:48:42.452+0000] {processor.py:186} INFO - Started process (PID=265) to work on /opt/airflow/dags/stock_dag.py
[2026-08-08T17:48:42.454+0000] {processor.py:914} INFO - Processing file /opt/airflow/dags/stock_dag.py for tasks to queue
[2026-08-08T17:48:42.457+0000] {logging_mixin.py:190} INFO - [2026-08-08T17:48:42.457+0000] {dagbag.py:587} INFO - Filling up the DagBag from /opt/airflow/dags/stock_dag.py
[2026-08-08T17:48:42.500+0000] {logging_mixin.py:190} INFO - [2026-08-08T17:48:42.491+0000] {dagbag.py:386} ERROR - Failed to import: /opt/airflow/dags/stock_dag.py
Traceback (most recent call last):
  File "/home/airflow/.local/lib/python3.12/site-packages/airflow/models/dagbag.py", line 382, in parse
    loader.exec_module(new_module)
  File "<frozen importlib._bootstrap_external>", line 995, in exec_module
  File "<frozen importlib._bootstrap>", line 488, in _call_with_frames_removed
  File "/opt/airflow/dags/stock_dag.py", line 8, in <module>
    from scripts.extract import extract
ModuleNotFoundError: No module named 'scripts.extract'
[2026-08-08T17:48:42.504+0000] {processor.py:927} WARNING - No viable dags retrieved from /opt/airflow/dags/stock_dag.py
[2026-08-08T17:48:42.528+0000] {processor.py:208} INFO - Processing /opt/airflow/dags/stock_dag.py took 0.083 seconds
[2026-08-08T17:52:34.266+0000] {processor.py:186} INFO - Started process (PID=75) to work on /opt/airflow/dags/stock_dag.py
[2026-08-08T17:52:34.268+0000] {processor.py:914} INFO - Processing file /opt/airflow/dags/stock_dag.py for tasks to queue
[2026-08-08T17:52:34.272+0000] {logging_mixin.py:190} INFO - [2026-08-08T17:52:34.271+0000] {dagbag.py:587} INFO - Filling up the DagBag from /opt/airflow/dags/stock_dag.py
[2026-08-08T17:52:34.318+0000] {logging_mixin.py:190} INFO - [2026-08-08T17:52:34.310+0000] {dagbag.py:386} ERROR - Failed to import: /opt/airflow/dags/stock_dag.py
Traceback (most recent call last):
  File "/home/airflow/.local/lib/python3.12/site-packages/airflow/models/dagbag.py", line 382, in parse
    loader.exec_module(new_module)
  File "<frozen importlib._bootstrap_external>", line 995, in exec_module
  File "<frozen importlib._bootstrap>", line 488, in _call_with_frames_removed
  File "/opt/airflow/dags/stock_dag.py", line 8, in <module>
    from scripts.extract import extract
ModuleNotFoundError: No module named 'scripts.extract'
[2026-08-08T17:52:34.321+0000] {processor.py:927} WARNING - No viable dags retrieved from /opt/airflow/dags/stock_dag.py
[2026-08-08T17:52:34.351+0000] {processor.py:208} INFO - Processing /opt/airflow/dags/stock_dag.py took 0.094 seconds
[2026-08-08T17:53:04.444+0000] {processor.py:186} INFO - Started process (PID=138) to work on /opt/airflow/dags/stock_dag.py
[2026-08-08T17:53:04.445+0000] {processor.py:914} INFO - Processing file /opt/airflow/dags/stock_dag.py for tasks to queue
[2026-08-08T17:53:04.449+0000] {logging_mixin.py:190} INFO - [2026-08-08T17:53:04.449+0000] {dagbag.py:587} INFO - Filling up the DagBag from /opt/airflow/dags/stock_dag.py
[2026-08-08T17:53:04.498+0000] {logging_mixin.py:190} INFO - [2026-08-08T17:53:04.489+0000] {dagbag.py:386} ERROR - Failed to import: /opt/airflow/dags/stock_dag.py
Traceback (most recent call last):
  File "/home/airflow/.local/lib/python3.12/site-packages/airflow/models/dagbag.py", line 382, in parse
    loader.exec_module(new_module)
  File "<frozen importlib._bootstrap_external>", line 995, in exec_module
  File "<frozen importlib._bootstrap>", line 488, in _call_with_frames_removed
  File "/opt/airflow/dags/stock_dag.py", line 8, in <module>
    from scripts.extract import extract
ModuleNotFoundError: No module named 'scripts.extract'
[2026-08-08T17:53:04.502+0000] {processor.py:927} WARNING - No viable dags retrieved from /opt/airflow/dags/stock_dag.py
[2026-08-08T17:53:04.527+0000] {processor.py:208} INFO - Processing /opt/airflow/dags/stock_dag.py took 0.088 seconds
[2026-08-08T17:53:35.020+0000] {processor.py:186} INFO - Started process (PID=201) to work on /opt/airflow/dags/stock_dag.py
[2026-08-08T17:53:35.022+0000] {processor.py:914} INFO - Processing file /opt/airflow/dags/stock_dag.py for tasks to queue
[2026-08-08T17:53:35.024+0000] {logging_mixin.py:190} INFO - [2026-08-08T17:53:35.024+0000] {dagbag.py:587} INFO - Filling up the DagBag from /opt/airflow/dags/stock_dag.py
[2026-08-08T17:53:35.052+0000] {logging_mixin.py:190} INFO - [2026-08-08T17:53:35.044+0000] {dagbag.py:386} ERROR - Failed to import: /opt/airflow/dags/stock_dag.py
Traceback (most recent call last):
  File "/home/airflow/.local/lib/python3.12/site-packages/airflow/models/dagbag.py", line 382, in parse
    loader.exec_module(new_module)
  File "<frozen importlib._bootstrap_external>", line 995, in exec_module
  File "<frozen importlib._bootstrap>", line 488, in _call_with_frames_removed
  File "/opt/airflow/dags/stock_dag.py", line 8, in <module>
    from scripts.extract import extract
ModuleNotFoundError: No module named 'scripts.extract'
[2026-08-08T17:53:35.055+0000] {processor.py:927} WARNING - No viable dags retrieved from /opt/airflow/dags/stock_dag.py
[2026-08-08T17:53:35.080+0000] {processor.py:208} INFO - Processing /opt/airflow/dags/stock_dag.py took 0.067 seconds
[2026-08-08T17:54:05.679+0000] {processor.py:186} INFO - Started process (PID=264) to work on /opt/airflow/dags/stock_dag.py
[2026-08-08T17:54:05.681+0000] {processor.py:914} INFO - Processing file /opt/airflow/dags/stock_dag.py for tasks to queue
[2026-08-08T17:54:05.684+0000] {logging_mixin.py:190} INFO - [2026-08-08T17:54:05.684+0000] {dagbag.py:587} INFO - Filling up the DagBag from /opt/airflow/dags/stock_dag.py
[2026-08-08T17:54:05.716+0000] {logging_mixin.py:190} INFO - [2026-08-08T17:54:05.711+0000] {dagbag.py:386} ERROR - Failed to import: /opt/airflow/dags/stock_dag.py
Traceback (most recent call last):
  File "/home/airflow/.local/lib/python3.12/site-packages/airflow/models/dagbag.py", line 382, in parse
    loader.exec_module(new_module)
  File "<frozen importlib._bootstrap_external>", line 995, in exec_module
  File "<frozen importlib._bootstrap>", line 488, in _call_with_frames_removed
  File "/opt/airflow/dags/stock_dag.py", line 8, in <module>
    from scripts.extract import extract
ModuleNotFoundError: No module named 'scripts.extract'
[2026-08-08T17:54:05.717+0000] {processor.py:927} WARNING - No viable dags retrieved from /opt/airflow/dags/stock_dag.py
[2026-08-08T17:54:05.737+0000] {processor.py:208} INFO - Processing /opt/airflow/dags/stock_dag.py took 0.065 seconds
[2026-08-08T17:54:36.169+0000] {processor.py:186} INFO - Started process (PID=327) to work on /opt/airflow/dags/stock_dag.py
[2026-08-08T17:54:36.170+0000] {processor.py:914} INFO - Processing file /opt/airflow/dags/stock_dag.py for tasks to queue
[2026-08-08T17:54:36.172+0000] {logging_mixin.py:190} INFO - [2026-08-08T17:54:36.172+0000] {dagbag.py:587} INFO - Filling up the DagBag from /opt/airflow/dags/stock_dag.py
[2026-08-08T17:54:36.214+0000] {logging_mixin.py:190} INFO - [2026-08-08T17:54:36.205+0000] {dagbag.py:386} ERROR - Failed to import: /opt/airflow/dags/stock_dag.py
Traceback (most recent call last):
  File "/home/airflow/.local/lib/python3.12/site-packages/airflow/models/dagbag.py", line 382, in parse
    loader.exec_module(new_module)
  File "<frozen importlib._bootstrap_external>", line 995, in exec_module
  File "<frozen importlib._bootstrap>", line 488, in _call_with_frames_removed
  File "/opt/airflow/dags/stock_dag.py", line 8, in <module>
    from scripts.extract import extract
ModuleNotFoundError: No module named 'scripts.extract'
[2026-08-08T17:54:36.218+0000] {processor.py:927} WARNING - No viable dags retrieved from /opt/airflow/dags/stock_dag.py
[2026-08-08T17:54:36.234+0000] {processor.py:208} INFO - Processing /opt/airflow/dags/stock_dag.py took 0.070 seconds
[2026-08-08T17:55:07.224+0000] {processor.py:186} INFO - Started process (PID=390) to work on /opt/airflow/dags/stock_dag.py
[2026-08-08T17:55:07.225+0000] {processor.py:914} INFO - Processing file /opt/airflow/dags/stock_dag.py for tasks to queue
[2026-08-08T17:55:07.227+0000] {logging_mixin.py:190} INFO - [2026-08-08T17:55:07.227+0000] {dagbag.py:587} INFO - Filling up the DagBag from /opt/airflow/dags/stock_dag.py
[2026-08-08T17:55:07.264+0000] {logging_mixin.py:190} INFO - [2026-08-08T17:55:07.256+0000] {dagbag.py:386} ERROR - Failed to import: /opt/airflow/dags/stock_dag.py
Traceback (most recent call last):
  File "/home/airflow/.local/lib/python3.12/site-packages/airflow/models/dagbag.py", line 382, in parse
    loader.exec_module(new_module)
  File "<frozen importlib._bootstrap_external>", line 995, in exec_module
  File "<frozen importlib._bootstrap>", line 488, in _call_with_frames_removed
  File "/opt/airflow/dags/stock_dag.py", line 8, in <module>
    from scripts.extract import extract
ModuleNotFoundError: No module named 'scripts.extract'
[2026-08-08T17:55:07.266+0000] {processor.py:927} WARNING - No viable dags retrieved from /opt/airflow/dags/stock_dag.py
[2026-08-08T17:55:07.285+0000] {processor.py:208} INFO - Processing /opt/airflow/dags/stock_dag.py took 0.065 seconds
[2026-08-08T17:55:37.468+0000] {processor.py:186} INFO - Started process (PID=453) to work on /opt/airflow/dags/stock_dag.py
[2026-08-08T17:55:37.469+0000] {processor.py:914} INFO - Processing file /opt/airflow/dags/stock_dag.py for tasks to queue
[2026-08-08T17:55:37.472+0000] {logging_mixin.py:190} INFO - [2026-08-08T17:55:37.471+0000] {dagbag.py:587} INFO - Filling up the DagBag from /opt/airflow/dags/stock_dag.py
[2026-08-08T17:55:37.505+0000] {logging_mixin.py:190} INFO - [2026-08-08T17:55:37.498+0000] {dagbag.py:386} ERROR - Failed to import: /opt/airflow/dags/stock_dag.py
Traceback (most recent call last):
  File "/home/airflow/.local/lib/python3.12/site-packages/airflow/models/dagbag.py", line 382, in parse
    loader.exec_module(new_module)
  File "<frozen importlib._bootstrap_external>", line 995, in exec_module
  File "<frozen importlib._bootstrap>", line 488, in _call_with_frames_removed
  File "/opt/airflow/dags/stock_dag.py", line 8, in <module>
    from scripts.extract import extract
ModuleNotFoundError: No module named 'scripts.extract'
[2026-08-08T17:55:37.507+0000] {processor.py:927} WARNING - No viable dags retrieved from /opt/airflow/dags/stock_dag.py
[2026-08-08T17:55:37.538+0000] {processor.py:208} INFO - Processing /opt/airflow/dags/stock_dag.py took 0.078 seconds
[2026-08-08T17:56:07.912+0000] {processor.py:186} INFO - Started process (PID=516) to work on /opt/airflow/dags/stock_dag.py
[2026-08-08T17:56:07.914+0000] {processor.py:914} INFO - Processing file /opt/airflow/dags/stock_dag.py for tasks to queue
[2026-08-08T17:56:07.918+0000] {logging_mixin.py:190} INFO - [2026-08-08T17:56:07.918+0000] {dagbag.py:587} INFO - Filling up the DagBag from /opt/airflow/dags/stock_dag.py
[2026-08-08T17:56:07.950+0000] {logging_mixin.py:190} INFO - [2026-08-08T17:56:07.944+0000] {dagbag.py:386} ERROR - Failed to import: /opt/airflow/dags/stock_dag.py
Traceback (most recent call last):
  File "/home/airflow/.local/lib/python3.12/site-packages/airflow/models/dagbag.py", line 382, in parse
    loader.exec_module(new_module)
  File "<frozen importlib._bootstrap_external>", line 995, in exec_module
  File "<frozen importlib._bootstrap>", line 488, in _call_with_frames_removed
  File "/opt/airflow/dags/stock_dag.py", line 8, in <module>
    from scripts.extract import extract
ModuleNotFoundError: No module named 'scripts.extract'
[2026-08-08T17:56:07.953+0000] {processor.py:927} WARNING - No viable dags retrieved from /opt/airflow/dags/stock_dag.py
[2026-08-08T17:56:07.978+0000] {processor.py:208} INFO - Processing /opt/airflow/dags/stock_dag.py took 0.073 seconds
[2026-08-08T17:56:38.437+0000] {processor.py:186} INFO - Started process (PID=579) to work on /opt/airflow/dags/stock_dag.py
[2026-08-08T17:56:38.438+0000] {processor.py:914} INFO - Processing file /opt/airflow/dags/stock_dag.py for tasks to queue
[2026-08-08T17:56:38.442+0000] {logging_mixin.py:190} INFO - [2026-08-08T17:56:38.442+0000] {dagbag.py:587} INFO - Filling up the DagBag from /opt/airflow/dags/stock_dag.py
[2026-08-08T17:56:38.467+0000] {logging_mixin.py:190} INFO - [2026-08-08T17:56:38.462+0000] {dagbag.py:386} ERROR - Failed to import: /opt/airflow/dags/stock_dag.py
Traceback (most recent call last):
  File "/home/airflow/.local/lib/python3.12/site-packages/airflow/models/dagbag.py", line 382, in parse
    loader.exec_module(new_module)
  File "<frozen importlib._bootstrap_external>", line 995, in exec_module
  File "<frozen importlib._bootstrap>", line 488, in _call_with_frames_removed
  File "/opt/airflow/dags/stock_dag.py", line 8, in <module>
    from scripts.extract import extract
ModuleNotFoundError: No module named 'scripts.extract'
[2026-08-08T17:56:38.469+0000] {processor.py:927} WARNING - No viable dags retrieved from /opt/airflow/dags/stock_dag.py
[2026-08-08T17:56:38.497+0000] {processor.py:208} INFO - Processing /opt/airflow/dags/stock_dag.py took 0.068 seconds
[2026-08-08T17:57:09.023+0000] {processor.py:186} INFO - Started process (PID=642) to work on /opt/airflow/dags/stock_dag.py
[2026-08-08T17:57:09.024+0000] {processor.py:914} INFO - Processing file /opt/airflow/dags/stock_dag.py for tasks to queue
[2026-08-08T17:57:09.027+0000] {logging_mixin.py:190} INFO - [2026-08-08T17:57:09.027+0000] {dagbag.py:587} INFO - Filling up the DagBag from /opt/airflow/dags/stock_dag.py
[2026-08-08T17:57:09.060+0000] {logging_mixin.py:190} INFO - [2026-08-08T17:57:09.055+0000] {dagbag.py:386} ERROR - Failed to import: /opt/airflow/dags/stock_dag.py
Traceback (most recent call last):
  File "/home/airflow/.local/lib/python3.12/site-packages/airflow/models/dagbag.py", line 382, in parse
    loader.exec_module(new_module)
  File "<frozen importlib._bootstrap_external>", line 995, in exec_module
  File "<frozen importlib._bootstrap>", line 488, in _call_with_frames_removed
  File "/opt/airflow/dags/stock_dag.py", line 8, in <module>
    from scripts.extract import extract
ModuleNotFoundError: No module named 'scripts.extract'
[2026-08-08T17:57:09.062+0000] {processor.py:927} WARNING - No viable dags retrieved from /opt/airflow/dags/stock_dag.py
[2026-08-08T17:57:09.085+0000] {processor.py:208} INFO - Processing /opt/airflow/dags/stock_dag.py took 0.069 seconds
[2026-08-08T18:08:12.963+0000] {processor.py:186} INFO - Started process (PID=705) to work on /opt/airflow/dags/stock_dag.py
[2026-08-08T18:08:12.968+0000] {processor.py:914} INFO - Processing file /opt/airflow/dags/stock_dag.py for tasks to queue
[2026-08-08T18:08:12.980+0000] {logging_mixin.py:190} INFO - [2026-08-08T18:08:12.979+0000] {dagbag.py:587} INFO - Filling up the DagBag from /opt/airflow/dags/stock_dag.py
[2026-08-08T18:08:13.375+0000] {logging_mixin.py:190} INFO - [2026-08-08T18:08:13.267+0000] {dagbag.py:386} ERROR - Failed to import: /opt/airflow/dags/stock_dag.py
Traceback (most recent call last):
  File "/home/airflow/.local/lib/python3.12/site-packages/airflow/models/dagbag.py", line 382, in parse
    loader.exec_module(new_module)
  File "<frozen importlib._bootstrap_external>", line 995, in exec_module
  File "<frozen importlib._bootstrap>", line 488, in _call_with_frames_removed
  File "/opt/airflow/dags/stock_dag.py", line 8, in <module>
    from scripts.extract import extract
ModuleNotFoundError: No module named 'scripts.extract'
[2026-08-08T18:08:13.391+0000] {processor.py:927} WARNING - No viable dags retrieved from /opt/airflow/dags/stock_dag.py
[2026-08-08T18:08:13.462+0000] {processor.py:208} INFO - Processing /opt/airflow/dags/stock_dag.py took 0.516 seconds
[2026-08-08T18:08:43.819+0000] {processor.py:186} INFO - Started process (PID=768) to work on /opt/airflow/dags/stock_dag.py
[2026-08-08T18:08:43.833+0000] {processor.py:914} INFO - Processing file /opt/airflow/dags/stock_dag.py for tasks to queue
[2026-08-08T18:08:43.839+0000] {logging_mixin.py:190} INFO - [2026-08-08T18:08:43.838+0000] {dagbag.py:587} INFO - Filling up the DagBag from /opt/airflow/dags/stock_dag.py
[2026-08-08T18:08:43.900+0000] {logging_mixin.py:190} INFO - [2026-08-08T18:08:43.887+0000] {dagbag.py:386} ERROR - Failed to import: /opt/airflow/dags/stock_dag.py
Traceback (most recent call last):
  File "/home/airflow/.local/lib/python3.12/site-packages/airflow/models/dagbag.py", line 382, in parse
    loader.exec_module(new_module)
  File "<frozen importlib._bootstrap_external>", line 995, in exec_module
  File "<frozen importlib._bootstrap>", line 488, in _call_with_frames_removed
  File "/opt/airflow/dags/stock_dag.py", line 8, in <module>
    from scripts.extract import extract
ModuleNotFoundError: No module named 'scripts.extract'
[2026-08-08T18:08:43.904+0000] {processor.py:927} WARNING - No viable dags retrieved from /opt/airflow/dags/stock_dag.py
[2026-08-08T18:08:44.006+0000] {processor.py:208} INFO - Processing /opt/airflow/dags/stock_dag.py took 0.197 seconds
[2026-08-08T18:09:14.580+0000] {processor.py:186} INFO - Started process (PID=831) to work on /opt/airflow/dags/stock_dag.py
[2026-08-08T18:09:14.583+0000] {processor.py:914} INFO - Processing file /opt/airflow/dags/stock_dag.py for tasks to queue
[2026-08-08T18:09:14.587+0000] {logging_mixin.py:190} INFO - [2026-08-08T18:09:14.587+0000] {dagbag.py:587} INFO - Filling up the DagBag from /opt/airflow/dags/stock_dag.py
[2026-08-08T18:09:14.640+0000] {logging_mixin.py:190} INFO - [2026-08-08T18:09:14.627+0000] {dagbag.py:386} ERROR - Failed to import: /opt/airflow/dags/stock_dag.py
Traceback (most recent call last):
  File "/home/airflow/.local/lib/python3.12/site-packages/airflow/models/dagbag.py", line 382, in parse
    loader.exec_module(new_module)
  File "<frozen importlib._bootstrap_external>", line 995, in exec_module
  File "<frozen importlib._bootstrap>", line 488, in _call_with_frames_removed
  File "/opt/airflow/dags/stock_dag.py", line 8, in <module>
    from scripts.extract import extract
ModuleNotFoundError: No module named 'scripts.extract'
[2026-08-08T18:09:14.645+0000] {processor.py:927} WARNING - No viable dags retrieved from /opt/airflow/dags/stock_dag.py
[2026-08-08T18:09:14.677+0000] {processor.py:208} INFO - Processing /opt/airflow/dags/stock_dag.py took 0.108 seconds
[2026-08-08T18:09:44.837+0000] {processor.py:186} INFO - Started process (PID=894) to work on /opt/airflow/dags/stock_dag.py
[2026-08-08T18:09:44.840+0000] {processor.py:914} INFO - Processing file /opt/airflow/dags/stock_dag.py for tasks to queue
[2026-08-08T18:09:44.844+0000] {logging_mixin.py:190} INFO - [2026-08-08T18:09:44.844+0000] {dagbag.py:587} INFO - Filling up the DagBag from /opt/airflow/dags/stock_dag.py
[2026-08-08T18:09:44.890+0000] {logging_mixin.py:190} INFO - [2026-08-08T18:09:44.882+0000] {dagbag.py:386} ERROR - Failed to import: /opt/airflow/dags/stock_dag.py
Traceback (most recent call last):
  File "/home/airflow/.local/lib/python3.12/site-packages/airflow/models/dagbag.py", line 382, in parse
    loader.exec_module(new_module)
  File "<frozen importlib._bootstrap_external>", line 995, in exec_module
  File "<frozen importlib._bootstrap>", line 488, in _call_with_frames_removed
  File "/opt/airflow/dags/stock_dag.py", line 8, in <module>
    from scripts.extract import extract
ModuleNotFoundError: No module named 'scripts.extract'
[2026-08-08T18:09:44.896+0000] {processor.py:927} WARNING - No viable dags retrieved from /opt/airflow/dags/stock_dag.py
[2026-08-08T18:09:44.925+0000] {processor.py:208} INFO - Processing /opt/airflow/dags/stock_dag.py took 0.098 seconds
[2026-08-08T18:10:15.049+0000] {processor.py:186} INFO - Started process (PID=957) to work on /opt/airflow/dags/stock_dag.py
[2026-08-08T18:10:15.051+0000] {processor.py:914} INFO - Processing file /opt/airflow/dags/stock_dag.py for tasks to queue
[2026-08-08T18:10:15.056+0000] {logging_mixin.py:190} INFO - [2026-08-08T18:10:15.056+0000] {dagbag.py:587} INFO - Filling up the DagBag from /opt/airflow/dags/stock_dag.py
[2026-08-08T18:10:15.111+0000] {logging_mixin.py:190} INFO - [2026-08-08T18:10:15.098+0000] {dagbag.py:386} ERROR - Failed to import: /opt/airflow/dags/stock_dag.py
Traceback (most recent call last):
  File "/home/airflow/.local/lib/python3.12/site-packages/airflow/models/dagbag.py", line 382, in parse
    loader.exec_module(new_module)
  File "<frozen importlib._bootstrap_external>", line 995, in exec_module
  File "<frozen importlib._bootstrap>", line 488, in _call_with_frames_removed
  File "/opt/airflow/dags/stock_dag.py", line 8, in <module>
    from scripts.extract import extract
ModuleNotFoundError: No module named 'scripts.extract'
[2026-08-08T18:10:15.116+0000] {processor.py:927} WARNING - No viable dags retrieved from /opt/airflow/dags/stock_dag.py
[2026-08-08T18:10:15.156+0000] {processor.py:208} INFO - Processing /opt/airflow/dags/stock_dag.py took 0.116 seconds
[2026-08-08T18:10:45.867+0000] {processor.py:186} INFO - Started process (PID=1020) to work on /opt/airflow/dags/stock_dag.py
[2026-08-08T18:10:45.868+0000] {processor.py:914} INFO - Processing file /opt/airflow/dags/stock_dag.py for tasks to queue
[2026-08-08T18:10:45.872+0000] {logging_mixin.py:190} INFO - [2026-08-08T18:10:45.872+0000] {dagbag.py:587} INFO - Filling up the DagBag from /opt/airflow/dags/stock_dag.py
[2026-08-08T18:10:45.907+0000] {logging_mixin.py:190} INFO - [2026-08-08T18:10:45.900+0000] {dagbag.py:386} ERROR - Failed to import: /opt/airflow/dags/stock_dag.py
Traceback (most recent call last):
  File "/home/airflow/.local/lib/python3.12/site-packages/airflow/models/dagbag.py", line 382, in parse
    loader.exec_module(new_module)
  File "<frozen importlib._bootstrap_external>", line 995, in exec_module
  File "<frozen importlib._bootstrap>", line 488, in _call_with_frames_removed
  File "/opt/airflow/dags/stock_dag.py", line 8, in <module>
    from scripts.extract import extract
ModuleNotFoundError: No module named 'scripts.extract'
[2026-08-08T18:10:45.910+0000] {processor.py:927} WARNING - No viable dags retrieved from /opt/airflow/dags/stock_dag.py
[2026-08-08T18:10:45.932+0000] {processor.py:208} INFO - Processing /opt/airflow/dags/stock_dag.py took 0.071 seconds
[2026-08-08T18:11:16.975+0000] {processor.py:186} INFO - Started process (PID=1083) to work on /opt/airflow/dags/stock_dag.py
[2026-08-08T18:11:16.977+0000] {processor.py:914} INFO - Processing file /opt/airflow/dags/stock_dag.py for tasks to queue
[2026-08-08T18:11:16.982+0000] {logging_mixin.py:190} INFO - [2026-08-08T18:11:16.982+0000] {dagbag.py:587} INFO - Filling up the DagBag from /opt/airflow/dags/stock_dag.py
[2026-08-08T18:11:17.010+0000] {logging_mixin.py:190} INFO - [2026-08-08T18:11:17.004+0000] {dagbag.py:386} ERROR - Failed to import: /opt/airflow/dags/stock_dag.py
Traceback (most recent call last):
  File "/home/airflow/.local/lib/python3.12/site-packages/airflow/models/dagbag.py", line 382, in parse
    loader.exec_module(new_module)
  File "<frozen importlib._bootstrap_external>", line 995, in exec_module
  File "<frozen importlib._bootstrap>", line 488, in _call_with_frames_removed
  File "/opt/airflow/dags/stock_dag.py", line 8, in <module>
    from scripts.extract import extract
ModuleNotFoundError: No module named 'scripts.extract'
[2026-08-08T18:11:17.012+0000] {processor.py:927} WARNING - No viable dags retrieved from /opt/airflow/dags/stock_dag.py
[2026-08-08T18:11:17.035+0000] {processor.py:208} INFO - Processing /opt/airflow/dags/stock_dag.py took 0.071 seconds
[2026-08-08T18:11:47.786+0000] {processor.py:186} INFO - Started process (PID=1146) to work on /opt/airflow/dags/stock_dag.py
[2026-08-08T18:11:47.787+0000] {processor.py:914} INFO - Processing file /opt/airflow/dags/stock_dag.py for tasks to queue
[2026-08-08T18:11:47.790+0000] {logging_mixin.py:190} INFO - [2026-08-08T18:11:47.790+0000] {dagbag.py:587} INFO - Filling up the DagBag from /opt/airflow/dags/stock_dag.py
[2026-08-08T18:11:47.819+0000] {logging_mixin.py:190} INFO - [2026-08-08T18:11:47.814+0000] {dagbag.py:386} ERROR - Failed to import: /opt/airflow/dags/stock_dag.py
Traceback (most recent call last):
  File "/home/airflow/.local/lib/python3.12/site-packages/airflow/models/dagbag.py", line 382, in parse
    loader.exec_module(new_module)
  File "<frozen importlib._bootstrap_external>", line 995, in exec_module
  File "<frozen importlib._bootstrap>", line 488, in _call_with_frames_removed
  File "/opt/airflow/dags/stock_dag.py", line 8, in <module>
    from scripts.extract import extract
ModuleNotFoundError: No module named 'scripts.extract'
[2026-08-08T18:11:47.822+0000] {processor.py:927} WARNING - No viable dags retrieved from /opt/airflow/dags/stock_dag.py
[2026-08-08T18:11:47.842+0000] {processor.py:208} INFO - Processing /opt/airflow/dags/stock_dag.py took 0.060 seconds
[2026-08-08T18:13:04.181+0000] {processor.py:186} INFO - Started process (PID=75) to work on /opt/airflow/dags/stock_dag.py
[2026-08-08T18:13:04.183+0000] {processor.py:914} INFO - Processing file /opt/airflow/dags/stock_dag.py for tasks to queue
[2026-08-08T18:13:04.188+0000] {logging_mixin.py:190} INFO - [2026-08-08T18:13:04.187+0000] {dagbag.py:587} INFO - Filling up the DagBag from /opt/airflow/dags/stock_dag.py
[2026-08-08T18:13:04.319+0000] {logging_mixin.py:190} INFO - [2026-08-08T18:13:04.290+0000] {dagbag.py:386} ERROR - Failed to import: /opt/airflow/dags/stock_dag.py
Traceback (most recent call last):
  File "/home/airflow/.local/lib/python3.12/site-packages/airflow/models/dagbag.py", line 382, in parse
    loader.exec_module(new_module)
  File "<frozen importlib._bootstrap_external>", line 995, in exec_module
  File "<frozen importlib._bootstrap>", line 488, in _call_with_frames_removed
  File "/opt/airflow/dags/stock_dag.py", line 8, in <module>
    from scripts.extract import extract
  File "/opt/airflow/scripts/extract.py", line 1, in <module>
    import yfinance as yf
ModuleNotFoundError: No module named 'yfinance'
[2026-08-08T18:13:04.324+0000] {processor.py:927} WARNING - No viable dags retrieved from /opt/airflow/dags/stock_dag.py
[2026-08-08T18:13:04.370+0000] {processor.py:208} INFO - Processing /opt/airflow/dags/stock_dag.py took 0.199 seconds
[2026-08-08T18:13:35.129+0000] {processor.py:186} INFO - Started process (PID=144) to work on /opt/airflow/dags/stock_dag.py
[2026-08-08T18:13:35.131+0000] {processor.py:914} INFO - Processing file /opt/airflow/dags/stock_dag.py for tasks to queue
[2026-08-08T18:13:35.134+0000] {logging_mixin.py:190} INFO - [2026-08-08T18:13:35.134+0000] {dagbag.py:587} INFO - Filling up the DagBag from /opt/airflow/dags/stock_dag.py
[2026-08-08T18:13:35.189+0000] {logging_mixin.py:190} INFO - [2026-08-08T18:13:35.176+0000] {dagbag.py:386} ERROR - Failed to import: /opt/airflow/dags/stock_dag.py
Traceback (most recent call last):
  File "/home/airflow/.local/lib/python3.12/site-packages/airflow/models/dagbag.py", line 382, in parse
    loader.exec_module(new_module)
  File "<frozen importlib._bootstrap_external>", line 995, in exec_module
  File "<frozen importlib._bootstrap>", line 488, in _call_with_frames_removed
  File "/opt/airflow/dags/stock_dag.py", line 8, in <module>
    from scripts.extract import extract
  File "/opt/airflow/scripts/extract.py", line 1, in <module>
    import yfinance as yf
ModuleNotFoundError: No module named 'yfinance'
[2026-08-08T18:13:35.193+0000] {processor.py:927} WARNING - No viable dags retrieved from /opt/airflow/dags/stock_dag.py
[2026-08-08T18:13:35.220+0000] {processor.py:208} INFO - Processing /opt/airflow/dags/stock_dag.py took 0.100 seconds
[2026-08-08T18:14:05.872+0000] {processor.py:186} INFO - Started process (PID=207) to work on /opt/airflow/dags/stock_dag.py
[2026-08-08T18:14:05.873+0000] {processor.py:914} INFO - Processing file /opt/airflow/dags/stock_dag.py for tasks to queue
[2026-08-08T18:14:05.876+0000] {logging_mixin.py:190} INFO - [2026-08-08T18:14:05.876+0000] {dagbag.py:587} INFO - Filling up the DagBag from /opt/airflow/dags/stock_dag.py
[2026-08-08T18:14:05.928+0000] {logging_mixin.py:190} INFO - [2026-08-08T18:14:05.916+0000] {dagbag.py:386} ERROR - Failed to import: /opt/airflow/dags/stock_dag.py
Traceback (most recent call last):
  File "/home/airflow/.local/lib/python3.12/site-packages/airflow/models/dagbag.py", line 382, in parse
    loader.exec_module(new_module)
  File "<frozen importlib._bootstrap_external>", line 995, in exec_module
  File "<frozen importlib._bootstrap>", line 488, in _call_with_frames_removed
  File "/opt/airflow/dags/stock_dag.py", line 8, in <module>
    from scripts.extract import extract
  File "/opt/airflow/scripts/extract.py", line 1, in <module>
    import yfinance as yf
ModuleNotFoundError: No module named 'yfinance'
[2026-08-08T18:14:05.934+0000] {processor.py:927} WARNING - No viable dags retrieved from /opt/airflow/dags/stock_dag.py
[2026-08-08T18:14:05.964+0000] {processor.py:208} INFO - Processing /opt/airflow/dags/stock_dag.py took 0.099 seconds
[2026-08-08T18:14:36.288+0000] {processor.py:186} INFO - Started process (PID=270) to work on /opt/airflow/dags/stock_dag.py
[2026-08-08T18:14:36.290+0000] {processor.py:914} INFO - Processing file /opt/airflow/dags/stock_dag.py for tasks to queue
[2026-08-08T18:14:36.293+0000] {logging_mixin.py:190} INFO - [2026-08-08T18:14:36.293+0000] {dagbag.py:587} INFO - Filling up the DagBag from /opt/airflow/dags/stock_dag.py
[2026-08-08T18:14:36.334+0000] {logging_mixin.py:190} INFO - [2026-08-08T18:14:36.322+0000] {dagbag.py:386} ERROR - Failed to import: /opt/airflow/dags/stock_dag.py
Traceback (most recent call last):
  File "/home/airflow/.local/lib/python3.12/site-packages/airflow/models/dagbag.py", line 382, in parse
    loader.exec_module(new_module)
  File "<frozen importlib._bootstrap_external>", line 995, in exec_module
  File "<frozen importlib._bootstrap>", line 488, in _call_with_frames_removed
  File "/opt/airflow/dags/stock_dag.py", line 8, in <module>
    from scripts.extract import extract
  File "/opt/airflow/scripts/extract.py", line 1, in <module>
    import yfinance as yf
ModuleNotFoundError: No module named 'yfinance'
[2026-08-08T18:14:36.338+0000] {processor.py:927} WARNING - No viable dags retrieved from /opt/airflow/dags/stock_dag.py
[2026-08-08T18:14:36.366+0000] {processor.py:208} INFO - Processing /opt/airflow/dags/stock_dag.py took 0.087 seconds
[2026-08-08T18:15:06.542+0000] {processor.py:186} INFO - Started process (PID=333) to work on /opt/airflow/dags/stock_dag.py
[2026-08-08T18:15:06.544+0000] {processor.py:914} INFO - Processing file /opt/airflow/dags/stock_dag.py for tasks to queue
[2026-08-08T18:15:06.548+0000] {logging_mixin.py:190} INFO - [2026-08-08T18:15:06.548+0000] {dagbag.py:587} INFO - Filling up the DagBag from /opt/airflow/dags/stock_dag.py
[2026-08-08T18:15:06.596+0000] {logging_mixin.py:190} INFO - [2026-08-08T18:15:06.584+0000] {dagbag.py:386} ERROR - Failed to import: /opt/airflow/dags/stock_dag.py
Traceback (most recent call last):
  File "/home/airflow/.local/lib/python3.12/site-packages/airflow/models/dagbag.py", line 382, in parse
    loader.exec_module(new_module)
  File "<frozen importlib._bootstrap_external>", line 995, in exec_module
  File "<frozen importlib._bootstrap>", line 488, in _call_with_frames_removed
  File "/opt/airflow/dags/stock_dag.py", line 8, in <module>
    from scripts.extract import extract
  File "/opt/airflow/scripts/extract.py", line 1, in <module>
    import yfinance as yf
ModuleNotFoundError: No module named 'yfinance'
[2026-08-08T18:15:06.599+0000] {processor.py:927} WARNING - No viable dags retrieved from /opt/airflow/dags/stock_dag.py
[2026-08-08T18:15:06.629+0000] {processor.py:208} INFO - Processing /opt/airflow/dags/stock_dag.py took 0.094 seconds
[2026-08-08T18:15:36.806+0000] {processor.py:186} INFO - Started process (PID=396) to work on /opt/airflow/dags/stock_dag.py
[2026-08-08T18:15:36.808+0000] {processor.py:914} INFO - Processing file /opt/airflow/dags/stock_dag.py for tasks to queue
[2026-08-08T18:15:36.811+0000] {logging_mixin.py:190} INFO - [2026-08-08T18:15:36.811+0000] {dagbag.py:587} INFO - Filling up the DagBag from /opt/airflow/dags/stock_dag.py
[2026-08-08T18:15:36.867+0000] {logging_mixin.py:190} INFO - [2026-08-08T18:15:36.856+0000] {dagbag.py:386} ERROR - Failed to import: /opt/airflow/dags/stock_dag.py
Traceback (most recent call last):
  File "/home/airflow/.local/lib/python3.12/site-packages/airflow/models/dagbag.py", line 382, in parse
    loader.exec_module(new_module)
  File "<frozen importlib._bootstrap_external>", line 995, in exec_module
  File "<frozen importlib._bootstrap>", line 488, in _call_with_frames_removed
  File "/opt/airflow/dags/stock_dag.py", line 8, in <module>
    from scripts.extract import extract
  File "/opt/airflow/scripts/extract.py", line 1, in <module>
    import yfinance as yf
ModuleNotFoundError: No module named 'yfinance'
[2026-08-08T18:15:36.870+0000] {processor.py:927} WARNING - No viable dags retrieved from /opt/airflow/dags/stock_dag.py
[2026-08-08T18:15:36.895+0000] {processor.py:208} INFO - Processing /opt/airflow/dags/stock_dag.py took 0.097 seconds
[2026-08-08T18:17:08.758+0000] {processor.py:186} INFO - Started process (PID=94) to work on /opt/airflow/dags/stock_dag.py
[2026-08-08T18:17:08.761+0000] {processor.py:914} INFO - Processing file /opt/airflow/dags/stock_dag.py for tasks to queue
[2026-08-08T18:17:08.766+0000] {logging_mixin.py:190} INFO - [2026-08-08T18:17:08.765+0000] {dagbag.py:587} INFO - Filling up the DagBag from /opt/airflow/dags/stock_dag.py
[2026-08-08T18:17:10.210+0000] {processor.py:925} INFO - DAG(s) 'stock_pipeline' retrieved from /opt/airflow/dags/stock_dag.py
[2026-08-08T18:17:10.381+0000] {logging_mixin.py:190} INFO - [2026-08-08T18:17:10.380+0000] {override.py:1858} INFO - Created Permission View: can edit on DAG:stock_pipeline
[2026-08-08T18:17:10.401+0000] {logging_mixin.py:190} INFO - [2026-08-08T18:17:10.400+0000] {override.py:1858} INFO - Created Permission View: can read on DAG:stock_pipeline
[2026-08-08T18:17:10.413+0000] {logging_mixin.py:190} INFO - [2026-08-08T18:17:10.413+0000] {override.py:1858} INFO - Created Permission View: can delete on DAG:stock_pipeline
[2026-08-08T18:17:10.415+0000] {logging_mixin.py:190} INFO - [2026-08-08T18:17:10.415+0000] {dag.py:3211} INFO - Sync 1 DAGs
[2026-08-08T18:17:10.434+0000] {logging_mixin.py:190} INFO - [2026-08-08T18:17:10.434+0000] {dag.py:3234} INFO - Creating ORM DAG for stock_pipeline
[2026-08-08T18:17:10.450+0000] {logging_mixin.py:190} INFO - [2026-08-08T18:17:10.450+0000] {dag.py:4138} INFO - Setting next_dagrun for stock_pipeline to 2026-08-07 00:00:00+00:00, run_after=2026-08-08 00:00:00+00:00
[2026-08-08T18:17:10.492+0000] {processor.py:208} INFO - Processing /opt/airflow/dags/stock_dag.py took 1.746 seconds
[2026-08-08T18:17:41.202+0000] {processor.py:186} INFO - Started process (PID=159) to work on /opt/airflow/dags/stock_dag.py
[2026-08-08T18:17:41.204+0000] {processor.py:914} INFO - Processing file /opt/airflow/dags/stock_dag.py for tasks to queue
[2026-08-08T18:17:41.209+0000] {logging_mixin.py:190} INFO - [2026-08-08T18:17:41.208+0000] {dagbag.py:587} INFO - Filling up the DagBag from /opt/airflow/dags/stock_dag.py
[2026-08-08T18:17:41.640+0000] {processor.py:925} INFO - DAG(s) 'stock_pipeline' retrieved from /opt/airflow/dags/stock_dag.py
[2026-08-08T18:17:41.660+0000] {logging_mixin.py:190} INFO - [2026-08-08T18:17:41.659+0000] {dag.py:3211} INFO - Sync 1 DAGs
[2026-08-08T18:17:41.684+0000] {logging_mixin.py:190} INFO - [2026-08-08T18:17:41.684+0000] {dag.py:4138} INFO - Setting next_dagrun for stock_pipeline to 2026-08-07 00:00:00+00:00, run_after=2026-08-08 00:00:00+00:00
[2026-08-08T18:17:41.707+0000] {processor.py:208} INFO - Processing /opt/airflow/dags/stock_dag.py took 0.512 seconds
[2026-08-08T18:18:11.782+0000] {processor.py:186} INFO - Started process (PID=222) to work on /opt/airflow/dags/stock_dag.py
[2026-08-08T18:18:11.784+0000] {processor.py:914} INFO - Processing file /opt/airflow/dags/stock_dag.py for tasks to queue
[2026-08-08T18:18:11.787+0000] {logging_mixin.py:190} INFO - [2026-08-08T18:18:11.786+0000] {dagbag.py:587} INFO - Filling up the DagBag from /opt/airflow/dags/stock_dag.py
[2026-08-08T18:18:12.242+0000] {processor.py:925} INFO - DAG(s) 'stock_pipeline' retrieved from /opt/airflow/dags/stock_dag.py
[2026-08-08T18:18:12.277+0000] {logging_mixin.py:190} INFO - [2026-08-08T18:18:12.276+0000] {dag.py:3211} INFO - Sync 1 DAGs
[2026-08-08T18:18:12.322+0000] {logging_mixin.py:190} INFO - [2026-08-08T18:18:12.322+0000] {dag.py:4138} INFO - Setting next_dagrun for stock_pipeline to 2026-08-07 00:00:00+00:00, run_after=2026-08-08 00:00:00+00:00
[2026-08-08T18:18:12.359+0000] {processor.py:208} INFO - Processing /opt/airflow/dags/stock_dag.py took 0.583 seconds
[2026-08-08T18:18:42.552+0000] {processor.py:186} INFO - Started process (PID=290) to work on /opt/airflow/dags/stock_dag.py
[2026-08-08T18:18:42.553+0000] {processor.py:914} INFO - Processing file /opt/airflow/dags/stock_dag.py for tasks to queue
[2026-08-08T18:18:42.555+0000] {logging_mixin.py:190} INFO - [2026-08-08T18:18:42.555+0000] {dagbag.py:587} INFO - Filling up the DagBag from /opt/airflow/dags/stock_dag.py
[2026-08-08T18:18:42.924+0000] {processor.py:925} INFO - DAG(s) 'stock_pipeline' retrieved from /opt/airflow/dags/stock_dag.py
[2026-08-08T18:18:42.943+0000] {logging_mixin.py:190} INFO - [2026-08-08T18:18:42.942+0000] {dag.py:3211} INFO - Sync 1 DAGs
[2026-08-08T18:18:42.965+0000] {logging_mixin.py:190} INFO - [2026-08-08T18:18:42.965+0000] {dag.py:4138} INFO - Setting next_dagrun for stock_pipeline to 2026-08-07 00:00:00+00:00, run_after=2026-08-08 00:00:00+00:00
[2026-08-08T18:18:43.152+0000] {processor.py:208} INFO - Processing /opt/airflow/dags/stock_dag.py took 0.605 seconds
[2026-08-08T18:19:13.648+0000] {processor.py:186} INFO - Started process (PID=353) to work on /opt/airflow/dags/stock_dag.py
[2026-08-08T18:19:13.650+0000] {processor.py:914} INFO - Processing file /opt/airflow/dags/stock_dag.py for tasks to queue
[2026-08-08T18:19:13.653+0000] {logging_mixin.py:190} INFO - [2026-08-08T18:19:13.653+0000] {dagbag.py:587} INFO - Filling up the DagBag from /opt/airflow/dags/stock_dag.py
[2026-08-08T18:19:14.051+0000] {processor.py:925} INFO - DAG(s) 'stock_pipeline' retrieved from /opt/airflow/dags/stock_dag.py
[2026-08-08T18:19:14.075+0000] {logging_mixin.py:190} INFO - [2026-08-08T18:19:14.075+0000] {dag.py:3211} INFO - Sync 1 DAGs
[2026-08-08T18:19:14.106+0000] {logging_mixin.py:190} INFO - [2026-08-08T18:19:14.105+0000] {dag.py:4138} INFO - Setting next_dagrun for stock_pipeline to 2026-08-07 00:00:00+00:00, run_after=2026-08-08 00:00:00+00:00
[2026-08-08T18:19:14.130+0000] {processor.py:208} INFO - Processing /opt/airflow/dags/stock_dag.py took 0.488 seconds
[2026-08-08T18:23:54.294+0000] {processor.py:186} INFO - Started process (PID=409) to work on /opt/airflow/dags/stock_dag.py
[2026-08-08T18:23:54.308+0000] {processor.py:914} INFO - Processing file /opt/airflow/dags/stock_dag.py for tasks to queue
[2026-08-08T18:23:54.322+0000] {logging_mixin.py:190} INFO - [2026-08-08T18:23:54.321+0000] {dagbag.py:587} INFO - Filling up the DagBag from /opt/airflow/dags/stock_dag.py
[2026-08-08T18:23:56.204+0000] {processor.py:925} INFO - DAG(s) 'stock_pipeline' retrieved from /opt/airflow/dags/stock_dag.py
[2026-08-08T18:23:56.218+0000] {logging_mixin.py:190} INFO - [2026-08-08T18:23:56.217+0000] {dag.py:3211} INFO - Sync 1 DAGs
[2026-08-08T18:23:56.232+0000] {logging_mixin.py:190} INFO - [2026-08-08T18:23:56.232+0000] {dag.py:4138} INFO - Setting next_dagrun for stock_pipeline to 2026-08-07 00:00:00+00:00, run_after=2026-08-08 00:00:00+00:00
[2026-08-08T18:23:56.918+0000] {processor.py:208} INFO - Processing /opt/airflow/dags/stock_dag.py took 2.630 seconds
[2026-08-08T18:24:27.308+0000] {processor.py:186} INFO - Started process (PID=473) to work on /opt/airflow/dags/stock_dag.py
[2026-08-08T18:24:27.310+0000] {processor.py:914} INFO - Processing file /opt/airflow/dags/stock_dag.py for tasks to queue
[2026-08-08T18:24:27.315+0000] {logging_mixin.py:190} INFO - [2026-08-08T18:24:27.313+0000] {dagbag.py:587} INFO - Filling up the DagBag from /opt/airflow/dags/stock_dag.py
[2026-08-08T18:24:27.978+0000] {processor.py:925} INFO - DAG(s) 'stock_pipeline' retrieved from /opt/airflow/dags/stock_dag.py
[2026-08-08T18:24:27.999+0000] {logging_mixin.py:190} INFO - [2026-08-08T18:24:27.999+0000] {dag.py:3211} INFO - Sync 1 DAGs
[2026-08-08T18:24:28.019+0000] {logging_mixin.py:190} INFO - [2026-08-08T18:24:28.019+0000] {dag.py:4138} INFO - Setting next_dagrun for stock_pipeline to 2026-08-07 00:00:00+00:00, run_after=2026-08-08 00:00:00+00:00
[2026-08-08T18:24:28.040+0000] {processor.py:208} INFO - Processing /opt/airflow/dags/stock_dag.py took 0.739 seconds
[2026-08-08T18:24:58.615+0000] {processor.py:186} INFO - Started process (PID=536) to work on /opt/airflow/dags/stock_dag.py
[2026-08-08T18:24:58.617+0000] {processor.py:914} INFO - Processing file /opt/airflow/dags/stock_dag.py for tasks to queue
[2026-08-08T18:24:58.621+0000] {logging_mixin.py:190} INFO - [2026-08-08T18:24:58.621+0000] {dagbag.py:587} INFO - Filling up the DagBag from /opt/airflow/dags/stock_dag.py
[2026-08-08T18:24:59.037+0000] {processor.py:925} INFO - DAG(s) 'stock_pipeline' retrieved from /opt/airflow/dags/stock_dag.py
[2026-08-08T18:24:59.229+0000] {logging_mixin.py:190} INFO - [2026-08-08T18:24:59.229+0000] {dag.py:3211} INFO - Sync 1 DAGs
[2026-08-08T18:24:59.250+0000] {logging_mixin.py:190} INFO - [2026-08-08T18:24:59.249+0000] {dag.py:4138} INFO - Setting next_dagrun for stock_pipeline to 2026-08-07 00:00:00+00:00, run_after=2026-08-08 00:00:00+00:00
[2026-08-08T18:24:59.268+0000] {processor.py:208} INFO - Processing /opt/airflow/dags/stock_dag.py took 0.662 seconds
[2026-08-08T18:25:29.396+0000] {processor.py:186} INFO - Started process (PID=603) to work on /opt/airflow/dags/stock_dag.py
[2026-08-08T18:25:29.397+0000] {processor.py:914} INFO - Processing file /opt/airflow/dags/stock_dag.py for tasks to queue
[2026-08-08T18:25:29.399+0000] {logging_mixin.py:190} INFO - [2026-08-08T18:25:29.399+0000] {dagbag.py:587} INFO - Filling up the DagBag from /opt/airflow/dags/stock_dag.py
[2026-08-08T18:25:29.681+0000] {processor.py:925} INFO - DAG(s) 'stock_pipeline' retrieved from /opt/airflow/dags/stock_dag.py
[2026-08-08T18:25:29.699+0000] {logging_mixin.py:190} INFO - [2026-08-08T18:25:29.699+0000] {dag.py:3211} INFO - Sync 1 DAGs
[2026-08-08T18:25:29.905+0000] {logging_mixin.py:190} INFO - [2026-08-08T18:25:29.905+0000] {dag.py:4138} INFO - Setting next_dagrun for stock_pipeline to 2026-08-07 00:00:00+00:00, run_after=2026-08-08 00:00:00+00:00
[2026-08-08T18:25:29.924+0000] {processor.py:208} INFO - Processing /opt/airflow/dags/stock_dag.py took 0.533 seconds
[2026-08-08T18:26:00.473+0000] {processor.py:186} INFO - Started process (PID=667) to work on /opt/airflow/dags/stock_dag.py
[2026-08-08T18:26:00.474+0000] {processor.py:914} INFO - Processing file /opt/airflow/dags/stock_dag.py for tasks to queue
[2026-08-08T18:26:00.478+0000] {logging_mixin.py:190} INFO - [2026-08-08T18:26:00.477+0000] {dagbag.py:587} INFO - Filling up the DagBag from /opt/airflow/dags/stock_dag.py
[2026-08-08T18:26:01.000+0000] {processor.py:925} INFO - DAG(s) 'stock_pipeline' retrieved from /opt/airflow/dags/stock_dag.py
[2026-08-08T18:26:01.025+0000] {logging_mixin.py:190} INFO - [2026-08-08T18:26:01.024+0000] {dag.py:3211} INFO - Sync 1 DAGs
[2026-08-08T18:26:01.275+0000] {logging_mixin.py:190} INFO - [2026-08-08T18:26:01.275+0000] {dag.py:4138} INFO - Setting next_dagrun for stock_pipeline to 2026-08-07 00:00:00+00:00, run_after=2026-08-08 00:00:00+00:00
[2026-08-08T18:26:01.306+0000] {processor.py:208} INFO - Processing /opt/airflow/dags/stock_dag.py took 0.842 seconds
[2026-08-08T18:26:31.405+0000] {processor.py:186} INFO - Started process (PID=733) to work on /opt/airflow/dags/stock_dag.py
[2026-08-08T18:26:31.406+0000] {processor.py:914} INFO - Processing file /opt/airflow/dags/stock_dag.py for tasks to queue
[2026-08-08T18:26:31.411+0000] {logging_mixin.py:190} INFO - [2026-08-08T18:26:31.410+0000] {dagbag.py:587} INFO - Filling up the DagBag from /opt/airflow/dags/stock_dag.py
[2026-08-08T18:26:32.162+0000] {processor.py:925} INFO - DAG(s) 'stock_pipeline' retrieved from /opt/airflow/dags/stock_dag.py
[2026-08-08T18:26:32.180+0000] {logging_mixin.py:190} INFO - [2026-08-08T18:26:32.179+0000] {dag.py:3211} INFO - Sync 1 DAGs
[2026-08-08T18:26:32.198+0000] {logging_mixin.py:190} INFO - [2026-08-08T18:26:32.198+0000] {dag.py:4138} INFO - Setting next_dagrun for stock_pipeline to 2026-08-07 00:00:00+00:00, run_after=2026-08-08 00:00:00+00:00
[2026-08-08T18:26:32.217+0000] {processor.py:208} INFO - Processing /opt/airflow/dags/stock_dag.py took 0.822 seconds
[2026-08-08T18:28:15.622+0000] {processor.py:186} INFO - Started process (PID=93) to work on /opt/airflow/dags/stock_dag.py
[2026-08-08T18:28:15.624+0000] {processor.py:914} INFO - Processing file /opt/airflow/dags/stock_dag.py for tasks to queue
[2026-08-08T18:28:15.627+0000] {logging_mixin.py:190} INFO - [2026-08-08T18:28:15.626+0000] {dagbag.py:587} INFO - Filling up the DagBag from /opt/airflow/dags/stock_dag.py
[2026-08-08T18:28:18.247+0000] {processor.py:925} INFO - DAG(s) 'stock_pipeline' retrieved from /opt/airflow/dags/stock_dag.py
[2026-08-08T18:28:18.288+0000] {logging_mixin.py:190} INFO - [2026-08-08T18:28:18.287+0000] {dag.py:3211} INFO - Sync 1 DAGs
[2026-08-08T18:28:18.311+0000] {logging_mixin.py:190} INFO - [2026-08-08T18:28:18.310+0000] {dag.py:4138} INFO - Setting next_dagrun for stock_pipeline to 2026-08-07 00:00:00+00:00, run_after=2026-08-08 00:00:00+00:00
[2026-08-08T18:28:18.332+0000] {processor.py:208} INFO - Processing /opt/airflow/dags/stock_dag.py took 2.717 seconds
[2026-08-08T18:28:48.678+0000] {processor.py:186} INFO - Started process (PID=101) to work on /opt/airflow/dags/stock_dag.py
[2026-08-08T18:28:48.679+0000] {processor.py:914} INFO - Processing file /opt/airflow/dags/stock_dag.py for tasks to queue
[2026-08-08T18:28:48.682+0000] {logging_mixin.py:190} INFO - [2026-08-08T18:28:48.681+0000] {dagbag.py:587} INFO - Filling up the DagBag from /opt/airflow/dags/stock_dag.py
[2026-08-08T18:28:49.799+0000] {processor.py:925} INFO - DAG(s) 'stock_pipeline' retrieved from /opt/airflow/dags/stock_dag.py
[2026-08-08T18:28:49.828+0000] {logging_mixin.py:190} INFO - [2026-08-08T18:28:49.827+0000] {dag.py:3211} INFO - Sync 1 DAGs
[2026-08-08T18:28:49.850+0000] {logging_mixin.py:190} INFO - [2026-08-08T18:28:49.850+0000] {dag.py:4138} INFO - Setting next_dagrun for stock_pipeline to 2026-08-07 00:00:00+00:00, run_after=2026-08-08 00:00:00+00:00
[2026-08-08T18:28:49.875+0000] {processor.py:208} INFO - Processing /opt/airflow/dags/stock_dag.py took 1.202 seconds
[2026-08-08T18:29:20.011+0000] {processor.py:186} INFO - Started process (PID=109) to work on /opt/airflow/dags/stock_dag.py
[2026-08-08T18:29:20.013+0000] {processor.py:914} INFO - Processing file /opt/airflow/dags/stock_dag.py for tasks to queue
[2026-08-08T18:29:20.016+0000] {logging_mixin.py:190} INFO - [2026-08-08T18:29:20.015+0000] {dagbag.py:587} INFO - Filling up the DagBag from /opt/airflow/dags/stock_dag.py
[2026-08-08T18:29:20.885+0000] {processor.py:925} INFO - DAG(s) 'stock_pipeline' retrieved from /opt/airflow/dags/stock_dag.py
[2026-08-08T18:29:20.904+0000] {logging_mixin.py:190} INFO - [2026-08-08T18:29:20.904+0000] {dag.py:3211} INFO - Sync 1 DAGs
[2026-08-08T18:29:20.922+0000] {logging_mixin.py:190} INFO - [2026-08-08T18:29:20.922+0000] {dag.py:4138} INFO - Setting next_dagrun for stock_pipeline to 2026-08-07 00:00:00+00:00, run_after=2026-08-08 00:00:00+00:00
[2026-08-08T18:29:20.938+0000] {processor.py:208} INFO - Processing /opt/airflow/dags/stock_dag.py took 0.935 seconds
[2026-08-08T18:29:51.253+0000] {processor.py:186} INFO - Started process (PID=117) to work on /opt/airflow/dags/stock_dag.py
[2026-08-08T18:29:51.255+0000] {processor.py:914} INFO - Processing file /opt/airflow/dags/stock_dag.py for tasks to queue
[2026-08-08T18:29:51.264+0000] {logging_mixin.py:190} INFO - [2026-08-08T18:29:51.263+0000] {dagbag.py:587} INFO - Filling up the DagBag from /opt/airflow/dags/stock_dag.py
[2026-08-08T18:29:52.305+0000] {processor.py:925} INFO - DAG(s) 'stock_pipeline' retrieved from /opt/airflow/dags/stock_dag.py
[2026-08-08T18:29:52.325+0000] {logging_mixin.py:190} INFO - [2026-08-08T18:29:52.325+0000] {dag.py:3211} INFO - Sync 1 DAGs
[2026-08-08T18:29:52.343+0000] {logging_mixin.py:190} INFO - [2026-08-08T18:29:52.343+0000] {dag.py:4138} INFO - Setting next_dagrun for stock_pipeline to 2026-08-07 00:00:00+00:00, run_after=2026-08-08 00:00:00+00:00
[2026-08-08T18:29:52.365+0000] {processor.py:208} INFO - Processing /opt/airflow/dags/stock_dag.py took 1.128 seconds
[2026-08-08T18:30:22.452+0000] {processor.py:186} INFO - Started process (PID=125) to work on /opt/airflow/dags/stock_dag.py
[2026-08-08T18:30:22.453+0000] {processor.py:914} INFO - Processing file /opt/airflow/dags/stock_dag.py for tasks to queue
[2026-08-08T18:30:22.457+0000] {logging_mixin.py:190} INFO - [2026-08-08T18:30:22.456+0000] {dagbag.py:587} INFO - Filling up the DagBag from /opt/airflow/dags/stock_dag.py
[2026-08-08T18:30:23.202+0000] {processor.py:925} INFO - DAG(s) 'stock_pipeline' retrieved from /opt/airflow/dags/stock_dag.py
[2026-08-08T18:30:23.222+0000] {logging_mixin.py:190} INFO - [2026-08-08T18:30:23.221+0000] {dag.py:3211} INFO - Sync 1 DAGs
[2026-08-08T18:30:23.237+0000] {logging_mixin.py:190} INFO - [2026-08-08T18:30:23.237+0000] {dag.py:4138} INFO - Setting next_dagrun for stock_pipeline to 2026-08-07 00:00:00+00:00, run_after=2026-08-08 00:00:00+00:00
[2026-08-08T18:30:23.257+0000] {processor.py:208} INFO - Processing /opt/airflow/dags/stock_dag.py took 0.811 seconds
[2026-08-08T18:30:53.564+0000] {processor.py:186} INFO - Started process (PID=133) to work on /opt/airflow/dags/stock_dag.py
[2026-08-08T18:30:53.571+0000] {processor.py:914} INFO - Processing file /opt/airflow/dags/stock_dag.py for tasks to queue
[2026-08-08T18:30:53.574+0000] {logging_mixin.py:190} INFO - [2026-08-08T18:30:53.573+0000] {dagbag.py:587} INFO - Filling up the DagBag from /opt/airflow/dags/stock_dag.py
[2026-08-08T18:30:54.381+0000] {processor.py:925} INFO - DAG(s) 'stock_pipeline' retrieved from /opt/airflow/dags/stock_dag.py
[2026-08-08T18:30:54.400+0000] {logging_mixin.py:190} INFO - [2026-08-08T18:30:54.400+0000] {dag.py:3211} INFO - Sync 1 DAGs
[2026-08-08T18:30:54.420+0000] {logging_mixin.py:190} INFO - [2026-08-08T18:30:54.420+0000] {dag.py:4138} INFO - Setting next_dagrun for stock_pipeline to 2026-08-07 00:00:00+00:00, run_after=2026-08-08 00:00:00+00:00
[2026-08-08T18:30:54.440+0000] {processor.py:208} INFO - Processing /opt/airflow/dags/stock_dag.py took 0.882 seconds
[2026-08-08T18:31:24.720+0000] {processor.py:186} INFO - Started process (PID=142) to work on /opt/airflow/dags/stock_dag.py
[2026-08-08T18:31:24.721+0000] {processor.py:914} INFO - Processing file /opt/airflow/dags/stock_dag.py for tasks to queue
[2026-08-08T18:31:24.723+0000] {logging_mixin.py:190} INFO - [2026-08-08T18:31:24.723+0000] {dagbag.py:587} INFO - Filling up the DagBag from /opt/airflow/dags/stock_dag.py
[2026-08-08T18:31:25.459+0000] {processor.py:925} INFO - DAG(s) 'stock_pipeline' retrieved from /opt/airflow/dags/stock_dag.py
[2026-08-08T18:31:25.480+0000] {logging_mixin.py:190} INFO - [2026-08-08T18:31:25.479+0000] {dag.py:3211} INFO - Sync 1 DAGs
[2026-08-08T18:31:25.498+0000] {logging_mixin.py:190} INFO - [2026-08-08T18:31:25.498+0000] {dag.py:4138} INFO - Setting next_dagrun for stock_pipeline to 2026-08-07 00:00:00+00:00, run_after=2026-08-08 00:00:00+00:00
[2026-08-08T18:31:25.518+0000] {processor.py:208} INFO - Processing /opt/airflow/dags/stock_dag.py took 0.806 seconds
[2026-08-08T18:31:55.806+0000] {processor.py:186} INFO - Started process (PID=150) to work on /opt/airflow/dags/stock_dag.py
[2026-08-08T18:31:55.807+0000] {processor.py:914} INFO - Processing file /opt/airflow/dags/stock_dag.py for tasks to queue
[2026-08-08T18:31:55.810+0000] {logging_mixin.py:190} INFO - [2026-08-08T18:31:55.810+0000] {dagbag.py:587} INFO - Filling up the DagBag from /opt/airflow/dags/stock_dag.py
[2026-08-08T18:31:56.599+0000] {processor.py:925} INFO - DAG(s) 'stock_pipeline' retrieved from /opt/airflow/dags/stock_dag.py
[2026-08-08T18:31:56.622+0000] {logging_mixin.py:190} INFO - [2026-08-08T18:31:56.622+0000] {dag.py:3211} INFO - Sync 1 DAGs
[2026-08-08T18:31:56.648+0000] {logging_mixin.py:190} INFO - [2026-08-08T18:31:56.647+0000] {dag.py:4138} INFO - Setting next_dagrun for stock_pipeline to 2026-08-07 00:00:00+00:00, run_after=2026-08-08 00:00:00+00:00
[2026-08-08T18:31:56.666+0000] {processor.py:208} INFO - Processing /opt/airflow/dags/stock_dag.py took 0.865 seconds
[2026-08-08T18:32:26.965+0000] {processor.py:186} INFO - Started process (PID=170) to work on /opt/airflow/dags/stock_dag.py
[2026-08-08T18:32:26.967+0000] {processor.py:914} INFO - Processing file /opt/airflow/dags/stock_dag.py for tasks to queue
[2026-08-08T18:32:26.973+0000] {logging_mixin.py:190} INFO - [2026-08-08T18:32:26.971+0000] {dagbag.py:587} INFO - Filling up the DagBag from /opt/airflow/dags/stock_dag.py
[2026-08-08T18:32:27.651+0000] {processor.py:925} INFO - DAG(s) 'stock_pipeline' retrieved from /opt/airflow/dags/stock_dag.py
[2026-08-08T18:32:27.668+0000] {logging_mixin.py:190} INFO - [2026-08-08T18:32:27.668+0000] {dag.py:3211} INFO - Sync 1 DAGs
[2026-08-08T18:32:27.683+0000] {logging_mixin.py:190} INFO - [2026-08-08T18:32:27.683+0000] {dag.py:4138} INFO - Setting next_dagrun for stock_pipeline to 2026-08-08 00:00:00+00:00, run_after=2026-08-09 00:00:00+00:00
[2026-08-08T18:32:27.707+0000] {processor.py:208} INFO - Processing /opt/airflow/dags/stock_dag.py took 0.748 seconds
[2026-08-08T18:32:57.862+0000] {processor.py:186} INFO - Started process (PID=178) to work on /opt/airflow/dags/stock_dag.py
[2026-08-08T18:32:57.865+0000] {processor.py:914} INFO - Processing file /opt/airflow/dags/stock_dag.py for tasks to queue
[2026-08-08T18:32:57.870+0000] {logging_mixin.py:190} INFO - [2026-08-08T18:32:57.869+0000] {dagbag.py:587} INFO - Filling up the DagBag from /opt/airflow/dags/stock_dag.py
[2026-08-08T18:32:59.175+0000] {processor.py:925} INFO - DAG(s) 'stock_pipeline' retrieved from /opt/airflow/dags/stock_dag.py
[2026-08-08T18:32:59.265+0000] {logging_mixin.py:190} INFO - [2026-08-08T18:32:59.262+0000] {dag.py:3211} INFO - Sync 1 DAGs
[2026-08-08T18:32:59.319+0000] {logging_mixin.py:190} INFO - [2026-08-08T18:32:59.318+0000] {dag.py:4138} INFO - Setting next_dagrun for stock_pipeline to 2026-08-08 00:00:00+00:00, run_after=2026-08-09 00:00:00+00:00
[2026-08-08T18:32:59.365+0000] {processor.py:208} INFO - Processing /opt/airflow/dags/stock_dag.py took 1.516 seconds
[2026-08-08T18:33:29.771+0000] {processor.py:186} INFO - Started process (PID=186) to work on /opt/airflow/dags/stock_dag.py
[2026-08-08T18:33:29.773+0000] {processor.py:914} INFO - Processing file /opt/airflow/dags/stock_dag.py for tasks to queue
[2026-08-08T18:33:29.776+0000] {logging_mixin.py:190} INFO - [2026-08-08T18:33:29.775+0000] {dagbag.py:587} INFO - Filling up the DagBag from /opt/airflow/dags/stock_dag.py
[2026-08-08T18:33:30.857+0000] {processor.py:925} INFO - DAG(s) 'stock_pipeline' retrieved from /opt/airflow/dags/stock_dag.py
[2026-08-08T18:33:30.888+0000] {logging_mixin.py:190} INFO - [2026-08-08T18:33:30.887+0000] {dag.py:3211} INFO - Sync 1 DAGs
[2026-08-08T18:33:30.916+0000] {logging_mixin.py:190} INFO - [2026-08-08T18:33:30.916+0000] {dag.py:4138} INFO - Setting next_dagrun for stock_pipeline to 2026-08-08 00:00:00+00:00, run_after=2026-08-09 00:00:00+00:00
[2026-08-08T18:33:30.943+0000] {processor.py:208} INFO - Processing /opt/airflow/dags/stock_dag.py took 1.178 seconds
[2026-08-08T18:34:01.063+0000] {processor.py:186} INFO - Started process (PID=194) to work on /opt/airflow/dags/stock_dag.py
[2026-08-08T18:34:01.065+0000] {processor.py:914} INFO - Processing file /opt/airflow/dags/stock_dag.py for tasks to queue
[2026-08-08T18:34:01.070+0000] {logging_mixin.py:190} INFO - [2026-08-08T18:34:01.070+0000] {dagbag.py:587} INFO - Filling up the DagBag from /opt/airflow/dags/stock_dag.py
[2026-08-08T18:34:02.208+0000] {processor.py:925} INFO - DAG(s) 'stock_pipeline' retrieved from /opt/airflow/dags/stock_dag.py
[2026-08-08T18:34:02.232+0000] {logging_mixin.py:190} INFO - [2026-08-08T18:34:02.231+0000] {dag.py:3211} INFO - Sync 1 DAGs
[2026-08-08T18:34:02.254+0000] {logging_mixin.py:190} INFO - [2026-08-08T18:34:02.254+0000] {dag.py:4138} INFO - Setting next_dagrun for stock_pipeline to 2026-08-08 00:00:00+00:00, run_after=2026-08-09 00:00:00+00:00
[2026-08-08T18:34:02.276+0000] {processor.py:208} INFO - Processing /opt/airflow/dags/stock_dag.py took 1.221 seconds
[2026-08-08T18:34:32.530+0000] {processor.py:186} INFO - Started process (PID=202) to work on /opt/airflow/dags/stock_dag.py
[2026-08-08T18:34:32.532+0000] {processor.py:914} INFO - Processing file /opt/airflow/dags/stock_dag.py for tasks to queue
[2026-08-08T18:34:32.534+0000] {logging_mixin.py:190} INFO - [2026-08-08T18:34:32.534+0000] {dagbag.py:587} INFO - Filling up the DagBag from /opt/airflow/dags/stock_dag.py
[2026-08-08T18:34:33.752+0000] {processor.py:925} INFO - DAG(s) 'stock_pipeline' retrieved from /opt/airflow/dags/stock_dag.py
[2026-08-08T18:34:33.808+0000] {logging_mixin.py:190} INFO - [2026-08-08T18:34:33.807+0000] {dag.py:3211} INFO - Sync 1 DAGs
[2026-08-08T18:34:33.853+0000] {logging_mixin.py:190} INFO - [2026-08-08T18:34:33.852+0000] {dag.py:4138} INFO - Setting next_dagrun for stock_pipeline to 2026-08-08 00:00:00+00:00, run_after=2026-08-09 00:00:00+00:00
[2026-08-08T18:34:33.879+0000] {processor.py:208} INFO - Processing /opt/airflow/dags/stock_dag.py took 1.355 seconds
[2026-08-08T18:35:04.187+0000] {processor.py:186} INFO - Started process (PID=216) to work on /opt/airflow/dags/stock_dag.py
[2026-08-08T18:35:04.189+0000] {processor.py:914} INFO - Processing file /opt/airflow/dags/stock_dag.py for tasks to queue
[2026-08-08T18:35:04.194+0000] {logging_mixin.py:190} INFO - [2026-08-08T18:35:04.193+0000] {dagbag.py:587} INFO - Filling up the DagBag from /opt/airflow/dags/stock_dag.py
[2026-08-08T18:35:05.092+0000] {processor.py:925} INFO - DAG(s) 'stock_pipeline' retrieved from /opt/airflow/dags/stock_dag.py
[2026-08-08T18:35:05.116+0000] {logging_mixin.py:190} INFO - [2026-08-08T18:35:05.115+0000] {dag.py:3211} INFO - Sync 1 DAGs
[2026-08-08T18:35:05.135+0000] {logging_mixin.py:190} INFO - [2026-08-08T18:35:05.135+0000] {dag.py:4138} INFO - Setting next_dagrun for stock_pipeline to 2026-08-08 00:00:00+00:00, run_after=2026-08-09 00:00:00+00:00
[2026-08-08T18:35:05.158+0000] {processor.py:208} INFO - Processing /opt/airflow/dags/stock_dag.py took 0.978 seconds
[2026-08-08T18:35:35.425+0000] {processor.py:186} INFO - Started process (PID=224) to work on /opt/airflow/dags/stock_dag.py
[2026-08-08T18:35:35.426+0000] {processor.py:914} INFO - Processing file /opt/airflow/dags/stock_dag.py for tasks to queue
[2026-08-08T18:35:35.430+0000] {logging_mixin.py:190} INFO - [2026-08-08T18:35:35.429+0000] {dagbag.py:587} INFO - Filling up the DagBag from /opt/airflow/dags/stock_dag.py
[2026-08-08T18:35:36.156+0000] {processor.py:925} INFO - DAG(s) 'stock_pipeline' retrieved from /opt/airflow/dags/stock_dag.py
[2026-08-08T18:35:36.177+0000] {logging_mixin.py:190} INFO - [2026-08-08T18:35:36.176+0000] {dag.py:3211} INFO - Sync 1 DAGs
[2026-08-08T18:35:36.195+0000] {logging_mixin.py:190} INFO - [2026-08-08T18:35:36.194+0000] {dag.py:4138} INFO - Setting next_dagrun for stock_pipeline to 2026-08-08 00:00:00+00:00, run_after=2026-08-09 00:00:00+00:00
[2026-08-08T18:35:36.214+0000] {processor.py:208} INFO - Processing /opt/airflow/dags/stock_dag.py took 0.795 seconds
[2026-08-08T18:36:06.523+0000] {processor.py:186} INFO - Started process (PID=232) to work on /opt/airflow/dags/stock_dag.py
[2026-08-08T18:36:06.525+0000] {processor.py:914} INFO - Processing file /opt/airflow/dags/stock_dag.py for tasks to queue
[2026-08-08T18:36:06.529+0000] {logging_mixin.py:190} INFO - [2026-08-08T18:36:06.529+0000] {dagbag.py:587} INFO - Filling up the DagBag from /opt/airflow/dags/stock_dag.py
[2026-08-08T18:36:07.417+0000] {processor.py:925} INFO - DAG(s) 'stock_pipeline' retrieved from /opt/airflow/dags/stock_dag.py
[2026-08-08T18:36:07.448+0000] {logging_mixin.py:190} INFO - [2026-08-08T18:36:07.447+0000] {dag.py:3211} INFO - Sync 1 DAGs
[2026-08-08T18:36:07.479+0000] {logging_mixin.py:190} INFO - [2026-08-08T18:36:07.479+0000] {dag.py:4138} INFO - Setting next_dagrun for stock_pipeline to 2026-08-08 00:00:00+00:00, run_after=2026-08-09 00:00:00+00:00
[2026-08-08T18:36:07.510+0000] {processor.py:208} INFO - Processing /opt/airflow/dags/stock_dag.py took 0.994 seconds
[2026-08-08T18:36:37.810+0000] {processor.py:186} INFO - Started process (PID=240) to work on /opt/airflow/dags/stock_dag.py
[2026-08-08T18:36:37.814+0000] {processor.py:914} INFO - Processing file /opt/airflow/dags/stock_dag.py for tasks to queue
[2026-08-08T18:36:37.817+0000] {logging_mixin.py:190} INFO - [2026-08-08T18:36:37.817+0000] {dagbag.py:587} INFO - Filling up the DagBag from /opt/airflow/dags/stock_dag.py
[2026-08-08T18:36:38.541+0000] {processor.py:925} INFO - DAG(s) 'stock_pipeline' retrieved from /opt/airflow/dags/stock_dag.py
[2026-08-08T18:36:38.563+0000] {logging_mixin.py:190} INFO - [2026-08-08T18:36:38.563+0000] {dag.py:3211} INFO - Sync 1 DAGs
[2026-08-08T18:36:38.583+0000] {logging_mixin.py:190} INFO - [2026-08-08T18:36:38.583+0000] {dag.py:4138} INFO - Setting next_dagrun for stock_pipeline to 2026-08-08 00:00:00+00:00, run_after=2026-08-09 00:00:00+00:00
[2026-08-08T18:36:38.604+0000] {processor.py:208} INFO - Processing /opt/airflow/dags/stock_dag.py took 0.800 seconds
[2026-08-08T18:37:08.923+0000] {processor.py:186} INFO - Started process (PID=248) to work on /opt/airflow/dags/stock_dag.py
[2026-08-08T18:37:08.926+0000] {processor.py:914} INFO - Processing file /opt/airflow/dags/stock_dag.py for tasks to queue
[2026-08-08T18:37:08.932+0000] {logging_mixin.py:190} INFO - [2026-08-08T18:37:08.932+0000] {dagbag.py:587} INFO - Filling up the DagBag from /opt/airflow/dags/stock_dag.py
[2026-08-08T18:37:09.886+0000] {processor.py:925} INFO - DAG(s) 'stock_pipeline' retrieved from /opt/airflow/dags/stock_dag.py
[2026-08-08T18:37:09.908+0000] {logging_mixin.py:190} INFO - [2026-08-08T18:37:09.907+0000] {dag.py:3211} INFO - Sync 1 DAGs
[2026-08-08T18:37:09.936+0000] {logging_mixin.py:190} INFO - [2026-08-08T18:37:09.936+0000] {dag.py:4138} INFO - Setting next_dagrun for stock_pipeline to 2026-08-08 00:00:00+00:00, run_after=2026-08-09 00:00:00+00:00
[2026-08-08T18:37:09.955+0000] {processor.py:208} INFO - Processing /opt/airflow/dags/stock_dag.py took 1.039 seconds
[2026-08-08T18:37:40.200+0000] {processor.py:186} INFO - Started process (PID=260) to work on /opt/airflow/dags/stock_dag.py
[2026-08-08T18:37:40.202+0000] {processor.py:914} INFO - Processing file /opt/airflow/dags/stock_dag.py for tasks to queue
[2026-08-08T18:37:40.208+0000] {logging_mixin.py:190} INFO - [2026-08-08T18:37:40.207+0000] {dagbag.py:587} INFO - Filling up the DagBag from /opt/airflow/dags/stock_dag.py
[2026-08-08T18:37:41.046+0000] {processor.py:925} INFO - DAG(s) 'stock_pipeline' retrieved from /opt/airflow/dags/stock_dag.py
[2026-08-08T18:37:41.067+0000] {logging_mixin.py:190} INFO - [2026-08-08T18:37:41.067+0000] {dag.py:3211} INFO - Sync 1 DAGs
[2026-08-08T18:37:41.085+0000] {logging_mixin.py:190} INFO - [2026-08-08T18:37:41.085+0000] {dag.py:4138} INFO - Setting next_dagrun for stock_pipeline to 2026-08-08 00:00:00+00:00, run_after=2026-08-09 00:00:00+00:00
[2026-08-08T18:37:41.104+0000] {processor.py:208} INFO - Processing /opt/airflow/dags/stock_dag.py took 0.909 seconds
[2026-08-08T18:38:11.418+0000] {processor.py:186} INFO - Started process (PID=269) to work on /opt/airflow/dags/stock_dag.py
[2026-08-08T18:38:11.419+0000] {processor.py:914} INFO - Processing file /opt/airflow/dags/stock_dag.py for tasks to queue
[2026-08-08T18:38:11.424+0000] {logging_mixin.py:190} INFO - [2026-08-08T18:38:11.423+0000] {dagbag.py:587} INFO - Filling up the DagBag from /opt/airflow/dags/stock_dag.py
[2026-08-08T18:38:12.500+0000] {processor.py:925} INFO - DAG(s) 'stock_pipeline' retrieved from /opt/airflow/dags/stock_dag.py
[2026-08-08T18:38:12.525+0000] {logging_mixin.py:190} INFO - [2026-08-08T18:38:12.524+0000] {dag.py:3211} INFO - Sync 1 DAGs
[2026-08-08T18:38:12.549+0000] {logging_mixin.py:190} INFO - [2026-08-08T18:38:12.548+0000] {dag.py:4138} INFO - Setting next_dagrun for stock_pipeline to 2026-08-08 00:00:00+00:00, run_after=2026-08-09 00:00:00+00:00
[2026-08-08T18:38:12.572+0000] {processor.py:208} INFO - Processing /opt/airflow/dags/stock_dag.py took 1.162 seconds
[2026-08-08T18:38:42.744+0000] {processor.py:186} INFO - Started process (PID=277) to work on /opt/airflow/dags/stock_dag.py
[2026-08-08T18:38:42.745+0000] {processor.py:914} INFO - Processing file /opt/airflow/dags/stock_dag.py for tasks to queue
[2026-08-08T18:38:42.747+0000] {logging_mixin.py:190} INFO - [2026-08-08T18:38:42.747+0000] {dagbag.py:587} INFO - Filling up the DagBag from /opt/airflow/dags/stock_dag.py
[2026-08-08T18:38:43.400+0000] {processor.py:925} INFO - DAG(s) 'stock_pipeline' retrieved from /opt/airflow/dags/stock_dag.py
[2026-08-08T18:38:43.419+0000] {logging_mixin.py:190} INFO - [2026-08-08T18:38:43.419+0000] {dag.py:3211} INFO - Sync 1 DAGs
[2026-08-08T18:38:43.435+0000] {logging_mixin.py:190} INFO - [2026-08-08T18:38:43.435+0000] {dag.py:4138} INFO - Setting next_dagrun for stock_pipeline to 2026-08-08 00:00:00+00:00, run_after=2026-08-09 00:00:00+00:00
[2026-08-08T18:38:43.454+0000] {processor.py:208} INFO - Processing /opt/airflow/dags/stock_dag.py took 0.716 seconds
[2026-08-08T18:39:13.726+0000] {processor.py:186} INFO - Started process (PID=285) to work on /opt/airflow/dags/stock_dag.py
[2026-08-08T18:39:13.727+0000] {processor.py:914} INFO - Processing file /opt/airflow/dags/stock_dag.py for tasks to queue
[2026-08-08T18:39:13.730+0000] {logging_mixin.py:190} INFO - [2026-08-08T18:39:13.730+0000] {dagbag.py:587} INFO - Filling up the DagBag from /opt/airflow/dags/stock_dag.py
[2026-08-08T18:39:14.463+0000] {processor.py:925} INFO - DAG(s) 'stock_pipeline' retrieved from /opt/airflow/dags/stock_dag.py
[2026-08-08T18:39:14.483+0000] {logging_mixin.py:190} INFO - [2026-08-08T18:39:14.483+0000] {dag.py:3211} INFO - Sync 1 DAGs
[2026-08-08T18:39:14.505+0000] {logging_mixin.py:190} INFO - [2026-08-08T18:39:14.504+0000] {dag.py:4138} INFO - Setting next_dagrun for stock_pipeline to 2026-08-08 00:00:00+00:00, run_after=2026-08-09 00:00:00+00:00
[2026-08-08T18:39:14.525+0000] {processor.py:208} INFO - Processing /opt/airflow/dags/stock_dag.py took 0.804 seconds
[2026-08-08T18:39:44.796+0000] {processor.py:186} INFO - Started process (PID=293) to work on /opt/airflow/dags/stock_dag.py
[2026-08-08T18:39:44.797+0000] {processor.py:914} INFO - Processing file /opt/airflow/dags/stock_dag.py for tasks to queue
[2026-08-08T18:39:44.801+0000] {logging_mixin.py:190} INFO - [2026-08-08T18:39:44.801+0000] {dagbag.py:587} INFO - Filling up the DagBag from /opt/airflow/dags/stock_dag.py
[2026-08-08T18:39:45.503+0000] {processor.py:925} INFO - DAG(s) 'stock_pipeline' retrieved from /opt/airflow/dags/stock_dag.py
[2026-08-08T18:39:45.524+0000] {logging_mixin.py:190} INFO - [2026-08-08T18:39:45.524+0000] {dag.py:3211} INFO - Sync 1 DAGs
[2026-08-08T18:39:45.545+0000] {logging_mixin.py:190} INFO - [2026-08-08T18:39:45.544+0000] {dag.py:4138} INFO - Setting next_dagrun for stock_pipeline to 2026-08-08 00:00:00+00:00, run_after=2026-08-09 00:00:00+00:00
[2026-08-08T18:39:45.563+0000] {processor.py:208} INFO - Processing /opt/airflow/dags/stock_dag.py took 0.773 seconds
[2026-08-08T18:40:15.650+0000] {processor.py:186} INFO - Started process (PID=301) to work on /opt/airflow/dags/stock_dag.py
[2026-08-08T18:40:15.651+0000] {processor.py:914} INFO - Processing file /opt/airflow/dags/stock_dag.py for tasks to queue
[2026-08-08T18:40:15.653+0000] {logging_mixin.py:190} INFO - [2026-08-08T18:40:15.653+0000] {dagbag.py:587} INFO - Filling up the DagBag from /opt/airflow/dags/stock_dag.py
[2026-08-08T18:40:16.290+0000] {processor.py:925} INFO - DAG(s) 'stock_pipeline' retrieved from /opt/airflow/dags/stock_dag.py
[2026-08-08T18:40:16.308+0000] {logging_mixin.py:190} INFO - [2026-08-08T18:40:16.308+0000] {dag.py:3211} INFO - Sync 1 DAGs
[2026-08-08T18:40:16.325+0000] {logging_mixin.py:190} INFO - [2026-08-08T18:40:16.324+0000] {dag.py:4138} INFO - Setting next_dagrun for stock_pipeline to 2026-08-08 00:00:00+00:00, run_after=2026-08-09 00:00:00+00:00
[2026-08-08T18:40:16.345+0000] {processor.py:208} INFO - Processing /opt/airflow/dags/stock_dag.py took 0.701 seconds
[2026-08-08T18:40:46.641+0000] {processor.py:186} INFO - Started process (PID=309) to work on /opt/airflow/dags/stock_dag.py
[2026-08-08T18:40:46.642+0000] {processor.py:914} INFO - Processing file /opt/airflow/dags/stock_dag.py for tasks to queue
[2026-08-08T18:40:46.645+0000] {logging_mixin.py:190} INFO - [2026-08-08T18:40:46.645+0000] {dagbag.py:587} INFO - Filling up the DagBag from /opt/airflow/dags/stock_dag.py
[2026-08-08T18:40:47.369+0000] {processor.py:925} INFO - DAG(s) 'stock_pipeline' retrieved from /opt/airflow/dags/stock_dag.py
[2026-08-08T18:40:47.391+0000] {logging_mixin.py:190} INFO - [2026-08-08T18:40:47.390+0000] {dag.py:3211} INFO - Sync 1 DAGs
[2026-08-08T18:40:47.408+0000] {logging_mixin.py:190} INFO - [2026-08-08T18:40:47.408+0000] {dag.py:4138} INFO - Setting next_dagrun for stock_pipeline to 2026-08-08 00:00:00+00:00, run_after=2026-08-09 00:00:00+00:00
[2026-08-08T18:40:47.425+0000] {processor.py:208} INFO - Processing /opt/airflow/dags/stock_dag.py took 0.790 seconds
[2026-08-08T18:41:17.713+0000] {processor.py:186} INFO - Started process (PID=317) to work on /opt/airflow/dags/stock_dag.py
[2026-08-08T18:41:17.716+0000] {processor.py:914} INFO - Processing file /opt/airflow/dags/stock_dag.py for tasks to queue
[2026-08-08T18:41:17.719+0000] {logging_mixin.py:190} INFO - [2026-08-08T18:41:17.718+0000] {dagbag.py:587} INFO - Filling up the DagBag from /opt/airflow/dags/stock_dag.py
[2026-08-08T18:41:18.423+0000] {processor.py:925} INFO - DAG(s) 'stock_pipeline' retrieved from /opt/airflow/dags/stock_dag.py
[2026-08-08T18:41:18.445+0000] {logging_mixin.py:190} INFO - [2026-08-08T18:41:18.444+0000] {dag.py:3211} INFO - Sync 1 DAGs
[2026-08-08T18:41:18.468+0000] {logging_mixin.py:190} INFO - [2026-08-08T18:41:18.468+0000] {dag.py:4138} INFO - Setting next_dagrun for stock_pipeline to 2026-08-08 00:00:00+00:00, run_after=2026-08-09 00:00:00+00:00
[2026-08-08T18:41:18.499+0000] {processor.py:208} INFO - Processing /opt/airflow/dags/stock_dag.py took 0.792 seconds
[2026-08-08T18:41:48.808+0000] {processor.py:186} INFO - Started process (PID=325) to work on /opt/airflow/dags/stock_dag.py
[2026-08-08T18:41:48.810+0000] {processor.py:914} INFO - Processing file /opt/airflow/dags/stock_dag.py for tasks to queue
[2026-08-08T18:41:48.812+0000] {logging_mixin.py:190} INFO - [2026-08-08T18:41:48.812+0000] {dagbag.py:587} INFO - Filling up the DagBag from /opt/airflow/dags/stock_dag.py
[2026-08-08T18:41:49.575+0000] {processor.py:925} INFO - DAG(s) 'stock_pipeline' retrieved from /opt/airflow/dags/stock_dag.py
[2026-08-08T18:41:49.597+0000] {logging_mixin.py:190} INFO - [2026-08-08T18:41:49.597+0000] {dag.py:3211} INFO - Sync 1 DAGs
[2026-08-08T18:41:49.620+0000] {logging_mixin.py:190} INFO - [2026-08-08T18:41:49.620+0000] {dag.py:4138} INFO - Setting next_dagrun for stock_pipeline to 2026-08-08 00:00:00+00:00, run_after=2026-08-09 00:00:00+00:00
[2026-08-08T18:41:49.642+0000] {processor.py:208} INFO - Processing /opt/airflow/dags/stock_dag.py took 0.839 seconds
[2026-08-08T18:42:19.789+0000] {processor.py:186} INFO - Started process (PID=333) to work on /opt/airflow/dags/stock_dag.py
[2026-08-08T18:42:19.790+0000] {processor.py:914} INFO - Processing file /opt/airflow/dags/stock_dag.py for tasks to queue
[2026-08-08T18:42:19.794+0000] {logging_mixin.py:190} INFO - [2026-08-08T18:42:19.793+0000] {dagbag.py:587} INFO - Filling up the DagBag from /opt/airflow/dags/stock_dag.py
[2026-08-08T18:42:20.645+0000] {processor.py:925} INFO - DAG(s) 'stock_pipeline' retrieved from /opt/airflow/dags/stock_dag.py
[2026-08-08T18:42:20.666+0000] {logging_mixin.py:190} INFO - [2026-08-08T18:42:20.666+0000] {dag.py:3211} INFO - Sync 1 DAGs
[2026-08-08T18:42:20.688+0000] {logging_mixin.py:190} INFO - [2026-08-08T18:42:20.687+0000] {dag.py:4138} INFO - Setting next_dagrun for stock_pipeline to 2026-08-08 00:00:00+00:00, run_after=2026-08-09 00:00:00+00:00
[2026-08-08T18:42:20.704+0000] {processor.py:208} INFO - Processing /opt/airflow/dags/stock_dag.py took 0.924 seconds
[2026-08-08T18:42:50.990+0000] {processor.py:186} INFO - Started process (PID=345) to work on /opt/airflow/dags/stock_dag.py
[2026-08-08T18:42:50.991+0000] {processor.py:914} INFO - Processing file /opt/airflow/dags/stock_dag.py for tasks to queue
[2026-08-08T18:42:50.994+0000] {logging_mixin.py:190} INFO - [2026-08-08T18:42:50.994+0000] {dagbag.py:587} INFO - Filling up the DagBag from /opt/airflow/dags/stock_dag.py
[2026-08-08T18:42:52.116+0000] {processor.py:925} INFO - DAG(s) 'stock_pipeline' retrieved from /opt/airflow/dags/stock_dag.py
[2026-08-08T18:42:52.148+0000] {logging_mixin.py:190} INFO - [2026-08-08T18:42:52.148+0000] {dag.py:3211} INFO - Sync 1 DAGs
[2026-08-08T18:42:52.180+0000] {logging_mixin.py:190} INFO - [2026-08-08T18:42:52.180+0000] {dag.py:4138} INFO - Setting next_dagrun for stock_pipeline to 2026-08-08 00:00:00+00:00, run_after=2026-08-09 00:00:00+00:00
[2026-08-08T18:42:52.215+0000] {processor.py:208} INFO - Processing /opt/airflow/dags/stock_dag.py took 1.231 seconds
[2026-08-08T18:44:28.916+0000] {processor.py:186} INFO - Started process (PID=93) to work on /opt/airflow/dags/stock_dag.py
[2026-08-08T18:44:28.918+0000] {processor.py:914} INFO - Processing file /opt/airflow/dags/stock_dag.py for tasks to queue
[2026-08-08T18:44:28.921+0000] {logging_mixin.py:190} INFO - [2026-08-08T18:44:28.920+0000] {dagbag.py:587} INFO - Filling up the DagBag from /opt/airflow/dags/stock_dag.py
[2026-08-08T18:44:31.809+0000] {processor.py:925} INFO - DAG(s) 'stock_pipeline' retrieved from /opt/airflow/dags/stock_dag.py
[2026-08-08T18:44:31.854+0000] {logging_mixin.py:190} INFO - [2026-08-08T18:44:31.854+0000] {dag.py:3211} INFO - Sync 1 DAGs
[2026-08-08T18:44:31.884+0000] {logging_mixin.py:190} INFO - [2026-08-08T18:44:31.883+0000] {dag.py:4138} INFO - Setting next_dagrun for stock_pipeline to 2026-08-08 00:00:00+00:00, run_after=2026-08-09 00:00:00+00:00
[2026-08-08T18:44:31.908+0000] {processor.py:208} INFO - Processing /opt/airflow/dags/stock_dag.py took 3.001 seconds
[2026-08-08T18:45:02.233+0000] {processor.py:186} INFO - Started process (PID=101) to work on /opt/airflow/dags/stock_dag.py
[2026-08-08T18:45:02.236+0000] {processor.py:914} INFO - Processing file /opt/airflow/dags/stock_dag.py for tasks to queue
[2026-08-08T18:45:02.243+0000] {logging_mixin.py:190} INFO - [2026-08-08T18:45:02.242+0000] {dagbag.py:587} INFO - Filling up the DagBag from /opt/airflow/dags/stock_dag.py
[2026-08-08T18:45:03.288+0000] {processor.py:925} INFO - DAG(s) 'stock_pipeline' retrieved from /opt/airflow/dags/stock_dag.py
[2026-08-08T18:45:03.310+0000] {logging_mixin.py:190} INFO - [2026-08-08T18:45:03.309+0000] {dag.py:3211} INFO - Sync 1 DAGs
[2026-08-08T18:45:03.328+0000] {logging_mixin.py:190} INFO - [2026-08-08T18:45:03.327+0000] {dag.py:4138} INFO - Setting next_dagrun for stock_pipeline to 2026-08-08 00:00:00+00:00, run_after=2026-08-09 00:00:00+00:00
[2026-08-08T18:45:03.354+0000] {processor.py:208} INFO - Processing /opt/airflow/dags/stock_dag.py took 1.134 seconds
[2026-08-08T18:45:33.515+0000] {processor.py:186} INFO - Started process (PID=109) to work on /opt/airflow/dags/stock_dag.py
[2026-08-08T18:45:33.516+0000] {processor.py:914} INFO - Processing file /opt/airflow/dags/stock_dag.py for tasks to queue
[2026-08-08T18:45:33.519+0000] {logging_mixin.py:190} INFO - [2026-08-08T18:45:33.519+0000] {dagbag.py:587} INFO - Filling up the DagBag from /opt/airflow/dags/stock_dag.py
[2026-08-08T18:45:34.320+0000] {processor.py:925} INFO - DAG(s) 'stock_pipeline' retrieved from /opt/airflow/dags/stock_dag.py
[2026-08-08T18:45:34.341+0000] {logging_mixin.py:190} INFO - [2026-08-08T18:45:34.341+0000] {dag.py:3211} INFO - Sync 1 DAGs
[2026-08-08T18:45:34.361+0000] {logging_mixin.py:190} INFO - [2026-08-08T18:45:34.361+0000] {dag.py:4138} INFO - Setting next_dagrun for stock_pipeline to 2026-08-08 00:00:00+00:00, run_after=2026-08-09 00:00:00+00:00
[2026-08-08T18:45:34.384+0000] {processor.py:208} INFO - Processing /opt/airflow/dags/stock_dag.py took 0.875 seconds
[2026-08-08T18:46:04.734+0000] {processor.py:186} INFO - Started process (PID=117) to work on /opt/airflow/dags/stock_dag.py
[2026-08-08T18:46:04.737+0000] {processor.py:914} INFO - Processing file /opt/airflow/dags/stock_dag.py for tasks to queue
[2026-08-08T18:46:04.741+0000] {logging_mixin.py:190} INFO - [2026-08-08T18:46:04.741+0000] {dagbag.py:587} INFO - Filling up the DagBag from /opt/airflow/dags/stock_dag.py
[2026-08-08T18:46:05.925+0000] {processor.py:925} INFO - DAG(s) 'stock_pipeline' retrieved from /opt/airflow/dags/stock_dag.py
[2026-08-08T18:46:05.947+0000] {logging_mixin.py:190} INFO - [2026-08-08T18:46:05.947+0000] {dag.py:3211} INFO - Sync 1 DAGs
[2026-08-08T18:46:05.966+0000] {logging_mixin.py:190} INFO - [2026-08-08T18:46:05.966+0000] {dag.py:4138} INFO - Setting next_dagrun for stock_pipeline to 2026-08-08 00:00:00+00:00, run_after=2026-08-09 00:00:00+00:00
[2026-08-08T18:46:06.000+0000] {processor.py:208} INFO - Processing /opt/airflow/dags/stock_dag.py took 1.273 seconds
[2026-08-08T18:46:36.284+0000] {processor.py:186} INFO - Started process (PID=125) to work on /opt/airflow/dags/stock_dag.py
[2026-08-08T18:46:36.286+0000] {processor.py:914} INFO - Processing file /opt/airflow/dags/stock_dag.py for tasks to queue
[2026-08-08T18:46:36.292+0000] {logging_mixin.py:190} INFO - [2026-08-08T18:46:36.291+0000] {dagbag.py:587} INFO - Filling up the DagBag from /opt/airflow/dags/stock_dag.py
[2026-08-08T18:46:37.275+0000] {processor.py:925} INFO - DAG(s) 'stock_pipeline' retrieved from /opt/airflow/dags/stock_dag.py
[2026-08-08T18:46:37.467+0000] {logging_mixin.py:190} INFO - [2026-08-08T18:46:37.466+0000] {dag.py:3211} INFO - Sync 1 DAGs
[2026-08-08T18:46:37.479+0000] {logging_mixin.py:190} INFO - [2026-08-08T18:46:37.478+0000] {dag.py:3234} INFO - Creating ORM DAG for stock_pipeline
[2026-08-08T18:46:37.488+0000] {logging_mixin.py:190} INFO - [2026-08-08T18:46:37.488+0000] {dag.py:4138} INFO - Setting next_dagrun for stock_pipeline to 2026-08-07 00:00:00+00:00, run_after=2026-08-08 00:00:00+00:00
[2026-08-08T18:46:37.521+0000] {processor.py:208} INFO - Processing /opt/airflow/dags/stock_dag.py took 1.244 seconds
[2026-08-08T18:47:07.827+0000] {processor.py:186} INFO - Started process (PID=133) to work on /opt/airflow/dags/stock_dag.py
[2026-08-08T18:47:07.831+0000] {processor.py:914} INFO - Processing file /opt/airflow/dags/stock_dag.py for tasks to queue
[2026-08-08T18:47:07.838+0000] {logging_mixin.py:190} INFO - [2026-08-08T18:47:07.837+0000] {dagbag.py:587} INFO - Filling up the DagBag from /opt/airflow/dags/stock_dag.py
[2026-08-08T18:47:09.010+0000] {processor.py:925} INFO - DAG(s) 'stock_pipeline' retrieved from /opt/airflow/dags/stock_dag.py
[2026-08-08T18:47:09.039+0000] {logging_mixin.py:190} INFO - [2026-08-08T18:47:09.039+0000] {dag.py:3211} INFO - Sync 1 DAGs
[2026-08-08T18:47:09.066+0000] {logging_mixin.py:190} INFO - [2026-08-08T18:47:09.066+0000] {dag.py:4138} INFO - Setting next_dagrun for stock_pipeline to 2026-08-07 00:00:00+00:00, run_after=2026-08-08 00:00:00+00:00
[2026-08-08T18:47:09.094+0000] {processor.py:208} INFO - Processing /opt/airflow/dags/stock_dag.py took 1.276 seconds
[2026-08-08T18:47:39.345+0000] {processor.py:186} INFO - Started process (PID=141) to work on /opt/airflow/dags/stock_dag.py
[2026-08-08T18:47:39.354+0000] {processor.py:914} INFO - Processing file /opt/airflow/dags/stock_dag.py for tasks to queue
[2026-08-08T18:47:39.359+0000] {logging_mixin.py:190} INFO - [2026-08-08T18:47:39.358+0000] {dagbag.py:587} INFO - Filling up the DagBag from /opt/airflow/dags/stock_dag.py
[2026-08-08T18:47:40.500+0000] {processor.py:925} INFO - DAG(s) 'stock_pipeline' retrieved from /opt/airflow/dags/stock_dag.py
[2026-08-08T18:47:40.519+0000] {logging_mixin.py:190} INFO - [2026-08-08T18:47:40.519+0000] {dag.py:3211} INFO - Sync 1 DAGs
[2026-08-08T18:47:40.535+0000] {logging_mixin.py:190} INFO - [2026-08-08T18:47:40.535+0000] {dag.py:4138} INFO - Setting next_dagrun for stock_pipeline to 2026-08-07 00:00:00+00:00, run_after=2026-08-08 00:00:00+00:00
[2026-08-08T18:47:40.559+0000] {processor.py:208} INFO - Processing /opt/airflow/dags/stock_dag.py took 1.220 seconds
[2026-08-08T18:48:10.778+0000] {processor.py:186} INFO - Started process (PID=149) to work on /opt/airflow/dags/stock_dag.py
[2026-08-08T18:48:10.780+0000] {processor.py:914} INFO - Processing file /opt/airflow/dags/stock_dag.py for tasks to queue
[2026-08-08T18:48:10.784+0000] {logging_mixin.py:190} INFO - [2026-08-08T18:48:10.783+0000] {dagbag.py:587} INFO - Filling up the DagBag from /opt/airflow/dags/stock_dag.py
[2026-08-08T18:48:12.061+0000] {processor.py:925} INFO - DAG(s) 'stock_pipeline' retrieved from /opt/airflow/dags/stock_dag.py
[2026-08-08T18:48:12.106+0000] {logging_mixin.py:190} INFO - [2026-08-08T18:48:12.105+0000] {dag.py:3211} INFO - Sync 1 DAGs
[2026-08-08T18:48:12.138+0000] {logging_mixin.py:190} INFO - [2026-08-08T18:48:12.138+0000] {dag.py:4138} INFO - Setting next_dagrun for stock_pipeline to 2026-08-07 00:00:00+00:00, run_after=2026-08-08 00:00:00+00:00
[2026-08-08T18:48:12.169+0000] {processor.py:208} INFO - Processing /opt/airflow/dags/stock_dag.py took 1.400 seconds
[2026-08-08T18:48:42.555+0000] {processor.py:186} INFO - Started process (PID=157) to work on /opt/airflow/dags/stock_dag.py
[2026-08-08T18:48:42.560+0000] {processor.py:914} INFO - Processing file /opt/airflow/dags/stock_dag.py for tasks to queue
[2026-08-08T18:48:42.570+0000] {logging_mixin.py:190} INFO - [2026-08-08T18:48:42.567+0000] {dagbag.py:587} INFO - Filling up the DagBag from /opt/airflow/dags/stock_dag.py
[2026-08-08T18:48:44.336+0000] {processor.py:925} INFO - DAG(s) 'stock_pipeline' retrieved from /opt/airflow/dags/stock_dag.py
[2026-08-08T18:48:44.382+0000] {logging_mixin.py:190} INFO - [2026-08-08T18:48:44.381+0000] {dag.py:3211} INFO - Sync 1 DAGs
[2026-08-08T18:48:44.426+0000] {logging_mixin.py:190} INFO - [2026-08-08T18:48:44.426+0000] {dag.py:4138} INFO - Setting next_dagrun for stock_pipeline to 2026-08-07 00:00:00+00:00, run_after=2026-08-08 00:00:00+00:00
[2026-08-08T18:48:44.475+0000] {processor.py:208} INFO - Processing /opt/airflow/dags/stock_dag.py took 1.943 seconds
[2026-08-08T18:49:14.980+0000] {processor.py:186} INFO - Started process (PID=165) to work on /opt/airflow/dags/stock_dag.py
[2026-08-08T18:49:14.983+0000] {processor.py:914} INFO - Processing file /opt/airflow/dags/stock_dag.py for tasks to queue
[2026-08-08T18:49:14.986+0000] {logging_mixin.py:190} INFO - [2026-08-08T18:49:14.985+0000] {dagbag.py:587} INFO - Filling up the DagBag from /opt/airflow/dags/stock_dag.py
[2026-08-08T18:49:15.925+0000] {processor.py:925} INFO - DAG(s) 'stock_pipeline' retrieved from /opt/airflow/dags/stock_dag.py
[2026-08-08T18:49:15.961+0000] {logging_mixin.py:190} INFO - [2026-08-08T18:49:15.960+0000] {dag.py:3211} INFO - Sync 1 DAGs
[2026-08-08T18:49:15.985+0000] {logging_mixin.py:190} INFO - [2026-08-08T18:49:15.984+0000] {dag.py:4138} INFO - Setting next_dagrun for stock_pipeline to 2026-08-07 00:00:00+00:00, run_after=2026-08-08 00:00:00+00:00
[2026-08-08T18:49:16.008+0000] {processor.py:208} INFO - Processing /opt/airflow/dags/stock_dag.py took 1.036 seconds
[2026-08-08T18:49:46.332+0000] {processor.py:186} INFO - Started process (PID=173) to work on /opt/airflow/dags/stock_dag.py
[2026-08-08T18:49:46.333+0000] {processor.py:914} INFO - Processing file /opt/airflow/dags/stock_dag.py for tasks to queue
[2026-08-08T18:49:46.336+0000] {logging_mixin.py:190} INFO - [2026-08-08T18:49:46.335+0000] {dagbag.py:587} INFO - Filling up the DagBag from /opt/airflow/dags/stock_dag.py
[2026-08-08T18:49:47.199+0000] {processor.py:925} INFO - DAG(s) 'stock_pipeline' retrieved from /opt/airflow/dags/stock_dag.py
[2026-08-08T18:49:47.223+0000] {logging_mixin.py:190} INFO - [2026-08-08T18:49:47.222+0000] {dag.py:3211} INFO - Sync 1 DAGs
[2026-08-08T18:49:47.245+0000] {logging_mixin.py:190} INFO - [2026-08-08T18:49:47.245+0000] {dag.py:4138} INFO - Setting next_dagrun for stock_pipeline to 2026-08-07 00:00:00+00:00, run_after=2026-08-08 00:00:00+00:00
[2026-08-08T18:49:47.267+0000] {processor.py:208} INFO - Processing /opt/airflow/dags/stock_dag.py took 0.942 seconds
[2026-08-08T18:50:17.636+0000] {processor.py:186} INFO - Started process (PID=181) to work on /opt/airflow/dags/stock_dag.py
[2026-08-08T18:50:17.637+0000] {processor.py:914} INFO - Processing file /opt/airflow/dags/stock_dag.py for tasks to queue
[2026-08-08T18:50:17.641+0000] {logging_mixin.py:190} INFO - [2026-08-08T18:50:17.640+0000] {dagbag.py:587} INFO - Filling up the DagBag from /opt/airflow/dags/stock_dag.py
[2026-08-08T18:50:18.461+0000] {processor.py:925} INFO - DAG(s) 'stock_pipeline' retrieved from /opt/airflow/dags/stock_dag.py
[2026-08-08T18:50:18.484+0000] {logging_mixin.py:190} INFO - [2026-08-08T18:50:18.484+0000] {dag.py:3211} INFO - Sync 1 DAGs
[2026-08-08T18:50:18.504+0000] {logging_mixin.py:190} INFO - [2026-08-08T18:50:18.504+0000] {dag.py:4138} INFO - Setting next_dagrun for stock_pipeline to 2026-08-07 00:00:00+00:00, run_after=2026-08-08 00:00:00+00:00
[2026-08-08T18:50:18.531+0000] {processor.py:208} INFO - Processing /opt/airflow/dags/stock_dag.py took 0.903 seconds
[2026-08-08T18:50:48.881+0000] {processor.py:186} INFO - Started process (PID=195) to work on /opt/airflow/dags/stock_dag.py
[2026-08-08T18:50:48.883+0000] {processor.py:914} INFO - Processing file /opt/airflow/dags/stock_dag.py for tasks to queue
[2026-08-08T18:50:48.887+0000] {logging_mixin.py:190} INFO - [2026-08-08T18:50:48.886+0000] {dagbag.py:587} INFO - Filling up the DagBag from /opt/airflow/dags/stock_dag.py
[2026-08-08T18:50:49.617+0000] {processor.py:925} INFO - DAG(s) 'stock_pipeline' retrieved from /opt/airflow/dags/stock_dag.py
[2026-08-08T18:50:49.642+0000] {logging_mixin.py:190} INFO - [2026-08-08T18:50:49.642+0000] {dag.py:3211} INFO - Sync 1 DAGs
[2026-08-08T18:50:49.662+0000] {logging_mixin.py:190} INFO - [2026-08-08T18:50:49.661+0000] {dag.py:4138} INFO - Setting next_dagrun for stock_pipeline to 2026-08-07 00:00:00+00:00, run_after=2026-08-08 00:00:00+00:00
[2026-08-08T18:50:49.683+0000] {processor.py:208} INFO - Processing /opt/airflow/dags/stock_dag.py took 0.810 seconds
[2026-08-08T18:51:20.033+0000] {processor.py:186} INFO - Started process (PID=203) to work on /opt/airflow/dags/stock_dag.py
[2026-08-08T18:51:20.034+0000] {processor.py:914} INFO - Processing file /opt/airflow/dags/stock_dag.py for tasks to queue
[2026-08-08T18:51:20.037+0000] {logging_mixin.py:190} INFO - [2026-08-08T18:51:20.037+0000] {dagbag.py:587} INFO - Filling up the DagBag from /opt/airflow/dags/stock_dag.py
[2026-08-08T18:51:20.748+0000] {processor.py:925} INFO - DAG(s) 'stock_pipeline' retrieved from /opt/airflow/dags/stock_dag.py
[2026-08-08T18:51:20.773+0000] {logging_mixin.py:190} INFO - [2026-08-08T18:51:20.772+0000] {dag.py:3211} INFO - Sync 1 DAGs
[2026-08-08T18:51:20.794+0000] {logging_mixin.py:190} INFO - [2026-08-08T18:51:20.793+0000] {dag.py:4138} INFO - Setting next_dagrun for stock_pipeline to 2026-08-07 00:00:00+00:00, run_after=2026-08-08 00:00:00+00:00
[2026-08-08T18:51:20.815+0000] {processor.py:208} INFO - Processing /opt/airflow/dags/stock_dag.py took 0.789 seconds
[2026-08-08T18:51:51.168+0000] {processor.py:186} INFO - Started process (PID=211) to work on /opt/airflow/dags/stock_dag.py
[2026-08-08T18:51:51.169+0000] {processor.py:914} INFO - Processing file /opt/airflow/dags/stock_dag.py for tasks to queue
[2026-08-08T18:51:51.173+0000] {logging_mixin.py:190} INFO - [2026-08-08T18:51:51.173+0000] {dagbag.py:587} INFO - Filling up the DagBag from /opt/airflow/dags/stock_dag.py
[2026-08-08T18:51:52.060+0000] {processor.py:925} INFO - DAG(s) 'stock_pipeline' retrieved from /opt/airflow/dags/stock_dag.py
[2026-08-08T18:51:52.082+0000] {logging_mixin.py:190} INFO - [2026-08-08T18:51:52.082+0000] {dag.py:3211} INFO - Sync 1 DAGs
[2026-08-08T18:51:52.102+0000] {logging_mixin.py:190} INFO - [2026-08-08T18:51:52.102+0000] {dag.py:4138} INFO - Setting next_dagrun for stock_pipeline to 2026-08-07 00:00:00+00:00, run_after=2026-08-08 00:00:00+00:00
[2026-08-08T18:51:52.130+0000] {processor.py:208} INFO - Processing /opt/airflow/dags/stock_dag.py took 0.968 seconds
[2026-08-08T18:52:22.530+0000] {processor.py:186} INFO - Started process (PID=219) to work on /opt/airflow/dags/stock_dag.py
[2026-08-08T18:52:22.531+0000] {processor.py:914} INFO - Processing file /opt/airflow/dags/stock_dag.py for tasks to queue
[2026-08-08T18:52:22.535+0000] {logging_mixin.py:190} INFO - [2026-08-08T18:52:22.535+0000] {dagbag.py:587} INFO - Filling up the DagBag from /opt/airflow/dags/stock_dag.py
[2026-08-08T18:52:23.615+0000] {processor.py:925} INFO - DAG(s) 'stock_pipeline' retrieved from /opt/airflow/dags/stock_dag.py
[2026-08-08T18:52:23.638+0000] {logging_mixin.py:190} INFO - [2026-08-08T18:52:23.638+0000] {dag.py:3211} INFO - Sync 1 DAGs
[2026-08-08T18:52:23.662+0000] {logging_mixin.py:190} INFO - [2026-08-08T18:52:23.662+0000] {dag.py:4138} INFO - Setting next_dagrun for stock_pipeline to 2026-08-07 00:00:00+00:00, run_after=2026-08-08 00:00:00+00:00
[2026-08-08T18:52:23.685+0000] {processor.py:208} INFO - Processing /opt/airflow/dags/stock_dag.py took 1.163 seconds
[2026-08-08T18:52:54.004+0000] {processor.py:186} INFO - Started process (PID=227) to work on /opt/airflow/dags/stock_dag.py
[2026-08-08T18:52:54.005+0000] {processor.py:914} INFO - Processing file /opt/airflow/dags/stock_dag.py for tasks to queue
[2026-08-08T18:52:54.009+0000] {logging_mixin.py:190} INFO - [2026-08-08T18:52:54.008+0000] {dagbag.py:587} INFO - Filling up the DagBag from /opt/airflow/dags/stock_dag.py
[2026-08-08T18:52:54.943+0000] {processor.py:925} INFO - DAG(s) 'stock_pipeline' retrieved from /opt/airflow/dags/stock_dag.py
[2026-08-08T18:52:54.967+0000] {logging_mixin.py:190} INFO - [2026-08-08T18:52:54.966+0000] {dag.py:3211} INFO - Sync 1 DAGs
[2026-08-08T18:52:54.995+0000] {logging_mixin.py:190} INFO - [2026-08-08T18:52:54.994+0000] {dag.py:4138} INFO - Setting next_dagrun for stock_pipeline to 2026-08-07 00:00:00+00:00, run_after=2026-08-08 00:00:00+00:00
[2026-08-08T18:52:55.020+0000] {processor.py:208} INFO - Processing /opt/airflow/dags/stock_dag.py took 1.024 seconds
[2026-08-08T18:53:25.312+0000] {processor.py:186} INFO - Started process (PID=235) to work on /opt/airflow/dags/stock_dag.py
[2026-08-08T18:53:25.313+0000] {processor.py:914} INFO - Processing file /opt/airflow/dags/stock_dag.py for tasks to queue
[2026-08-08T18:53:25.316+0000] {logging_mixin.py:190} INFO - [2026-08-08T18:53:25.315+0000] {dagbag.py:587} INFO - Filling up the DagBag from /opt/airflow/dags/stock_dag.py
[2026-08-08T18:53:26.254+0000] {processor.py:925} INFO - DAG(s) 'stock_pipeline' retrieved from /opt/airflow/dags/stock_dag.py
[2026-08-08T18:53:26.302+0000] {logging_mixin.py:190} INFO - [2026-08-08T18:53:26.301+0000] {dag.py:3211} INFO - Sync 1 DAGs
[2026-08-08T18:53:26.342+0000] {logging_mixin.py:190} INFO - [2026-08-08T18:53:26.342+0000] {dag.py:4138} INFO - Setting next_dagrun for stock_pipeline to 2026-08-07 00:00:00+00:00, run_after=2026-08-08 00:00:00+00:00
[2026-08-08T18:53:26.384+0000] {processor.py:208} INFO - Processing /opt/airflow/dags/stock_dag.py took 1.081 seconds
[2026-08-08T18:53:56.656+0000] {processor.py:186} INFO - Started process (PID=243) to work on /opt/airflow/dags/stock_dag.py
[2026-08-08T18:53:56.657+0000] {processor.py:914} INFO - Processing file /opt/airflow/dags/stock_dag.py for tasks to queue
[2026-08-08T18:53:56.660+0000] {logging_mixin.py:190} INFO - [2026-08-08T18:53:56.660+0000] {dagbag.py:587} INFO - Filling up the DagBag from /opt/airflow/dags/stock_dag.py
[2026-08-08T18:53:57.665+0000] {processor.py:925} INFO - DAG(s) 'stock_pipeline' retrieved from /opt/airflow/dags/stock_dag.py
[2026-08-08T18:53:57.695+0000] {logging_mixin.py:190} INFO - [2026-08-08T18:53:57.695+0000] {dag.py:3211} INFO - Sync 1 DAGs
[2026-08-08T18:53:57.722+0000] {logging_mixin.py:190} INFO - [2026-08-08T18:53:57.722+0000] {dag.py:4138} INFO - Setting next_dagrun for stock_pipeline to 2026-08-07 00:00:00+00:00, run_after=2026-08-08 00:00:00+00:00
[2026-08-08T18:53:57.747+0000] {processor.py:208} INFO - Processing /opt/airflow/dags/stock_dag.py took 1.098 seconds
[2026-08-08T18:54:28.039+0000] {processor.py:186} INFO - Started process (PID=251) to work on /opt/airflow/dags/stock_dag.py
[2026-08-08T18:54:28.041+0000] {processor.py:914} INFO - Processing file /opt/airflow/dags/stock_dag.py for tasks to queue
[2026-08-08T18:54:28.048+0000] {logging_mixin.py:190} INFO - [2026-08-08T18:54:28.047+0000] {dagbag.py:587} INFO - Filling up the DagBag from /opt/airflow/dags/stock_dag.py
[2026-08-08T18:54:29.003+0000] {processor.py:925} INFO - DAG(s) 'stock_pipeline' retrieved from /opt/airflow/dags/stock_dag.py
[2026-08-08T18:54:29.032+0000] {logging_mixin.py:190} INFO - [2026-08-08T18:54:29.031+0000] {dag.py:3211} INFO - Sync 1 DAGs
[2026-08-08T18:54:29.057+0000] {logging_mixin.py:190} INFO - [2026-08-08T18:54:29.057+0000] {dag.py:4138} INFO - Setting next_dagrun for stock_pipeline to 2026-08-07 00:00:00+00:00, run_after=2026-08-08 00:00:00+00:00
[2026-08-08T18:54:29.081+0000] {processor.py:208} INFO - Processing /opt/airflow/dags/stock_dag.py took 1.050 seconds
[2026-08-08T18:55:32.675+0000] {processor.py:186} INFO - Started process (PID=79) to work on /opt/airflow/dags/stock_dag.py
[2026-08-08T18:55:32.677+0000] {processor.py:914} INFO - Processing file /opt/airflow/dags/stock_dag.py for tasks to queue
[2026-08-08T18:55:32.683+0000] {logging_mixin.py:190} INFO - [2026-08-08T18:55:32.682+0000] {dagbag.py:587} INFO - Filling up the DagBag from /opt/airflow/dags/stock_dag.py
[2026-08-08T18:55:33.901+0000] {processor.py:925} INFO - DAG(s) 'stock_pipeline' retrieved from /opt/airflow/dags/stock_dag.py
[2026-08-08T18:55:33.934+0000] {logging_mixin.py:190} INFO - [2026-08-08T18:55:33.933+0000] {dag.py:3211} INFO - Sync 1 DAGs
[2026-08-08T18:55:33.962+0000] {logging_mixin.py:190} INFO - [2026-08-08T18:55:33.962+0000] {dag.py:4138} INFO - Setting next_dagrun for stock_pipeline to 2026-08-07 00:00:00+00:00, run_after=2026-08-08 00:00:00+00:00
[2026-08-08T18:55:33.992+0000] {processor.py:208} INFO - Processing /opt/airflow/dags/stock_dag.py took 1.330 seconds
[2026-08-08T18:56:04.304+0000] {processor.py:186} INFO - Started process (PID=93) to work on /opt/airflow/dags/stock_dag.py
[2026-08-08T18:56:04.305+0000] {processor.py:914} INFO - Processing file /opt/airflow/dags/stock_dag.py for tasks to queue
[2026-08-08T18:56:04.308+0000] {logging_mixin.py:190} INFO - [2026-08-08T18:56:04.308+0000] {dagbag.py:587} INFO - Filling up the DagBag from /opt/airflow/dags/stock_dag.py
[2026-08-08T18:56:05.174+0000] {processor.py:925} INFO - DAG(s) 'stock_pipeline' retrieved from /opt/airflow/dags/stock_dag.py
[2026-08-08T18:56:05.198+0000] {logging_mixin.py:190} INFO - [2026-08-08T18:56:05.197+0000] {dag.py:3211} INFO - Sync 1 DAGs
[2026-08-08T18:56:05.222+0000] {logging_mixin.py:190} INFO - [2026-08-08T18:56:05.221+0000] {dag.py:4138} INFO - Setting next_dagrun for stock_pipeline to 2026-08-07 00:00:00+00:00, run_after=2026-08-08 00:00:00+00:00
[2026-08-08T18:56:05.241+0000] {processor.py:208} INFO - Processing /opt/airflow/dags/stock_dag.py took 0.945 seconds
[2026-08-08T18:56:35.540+0000] {processor.py:186} INFO - Started process (PID=101) to work on /opt/airflow/dags/stock_dag.py
[2026-08-08T18:56:35.542+0000] {processor.py:914} INFO - Processing file /opt/airflow/dags/stock_dag.py for tasks to queue
[2026-08-08T18:56:35.545+0000] {logging_mixin.py:190} INFO - [2026-08-08T18:56:35.544+0000] {dagbag.py:587} INFO - Filling up the DagBag from /opt/airflow/dags/stock_dag.py
[2026-08-08T18:56:36.231+0000] {processor.py:925} INFO - DAG(s) 'stock_pipeline' retrieved from /opt/airflow/dags/stock_dag.py
[2026-08-08T18:56:36.252+0000] {logging_mixin.py:190} INFO - [2026-08-08T18:56:36.252+0000] {dag.py:3211} INFO - Sync 1 DAGs
[2026-08-08T18:56:36.270+0000] {logging_mixin.py:190} INFO - [2026-08-08T18:56:36.270+0000] {dag.py:4138} INFO - Setting next_dagrun for stock_pipeline to 2026-08-07 00:00:00+00:00, run_after=2026-08-08 00:00:00+00:00
[2026-08-08T18:56:36.296+0000] {processor.py:208} INFO - Processing /opt/airflow/dags/stock_dag.py took 0.760 seconds
[2026-08-08T18:57:06.407+0000] {processor.py:186} INFO - Started process (PID=109) to work on /opt/airflow/dags/stock_dag.py
[2026-08-08T18:57:06.408+0000] {processor.py:914} INFO - Processing file /opt/airflow/dags/stock_dag.py for tasks to queue
[2026-08-08T18:57:06.411+0000] {logging_mixin.py:190} INFO - [2026-08-08T18:57:06.411+0000] {dagbag.py:587} INFO - Filling up the DagBag from /opt/airflow/dags/stock_dag.py
[2026-08-08T18:57:07.189+0000] {processor.py:925} INFO - DAG(s) 'stock_pipeline' retrieved from /opt/airflow/dags/stock_dag.py
[2026-08-08T18:57:07.214+0000] {logging_mixin.py:190} INFO - [2026-08-08T18:57:07.213+0000] {dag.py:3211} INFO - Sync 1 DAGs
[2026-08-08T18:57:07.231+0000] {logging_mixin.py:190} INFO - [2026-08-08T18:57:07.231+0000] {dag.py:4138} INFO - Setting next_dagrun for stock_pipeline to 2026-08-07 00:00:00+00:00, run_after=2026-08-08 00:00:00+00:00
[2026-08-08T18:57:07.249+0000] {processor.py:208} INFO - Processing /opt/airflow/dags/stock_dag.py took 0.847 seconds
[2026-08-08T18:57:37.546+0000] {processor.py:186} INFO - Started process (PID=117) to work on /opt/airflow/dags/stock_dag.py
[2026-08-08T18:57:37.547+0000] {processor.py:914} INFO - Processing file /opt/airflow/dags/stock_dag.py for tasks to queue
[2026-08-08T18:57:37.551+0000] {logging_mixin.py:190} INFO - [2026-08-08T18:57:37.551+0000] {dagbag.py:587} INFO - Filling up the DagBag from /opt/airflow/dags/stock_dag.py
[2026-08-08T18:57:38.260+0000] {processor.py:925} INFO - DAG(s) 'stock_pipeline' retrieved from /opt/airflow/dags/stock_dag.py
[2026-08-08T18:57:38.279+0000] {logging_mixin.py:190} INFO - [2026-08-08T18:57:38.279+0000] {dag.py:3211} INFO - Sync 1 DAGs
[2026-08-08T18:57:38.296+0000] {logging_mixin.py:190} INFO - [2026-08-08T18:57:38.296+0000] {dag.py:4138} INFO - Setting next_dagrun for stock_pipeline to 2026-08-07 00:00:00+00:00, run_after=2026-08-08 00:00:00+00:00
[2026-08-08T18:57:38.315+0000] {processor.py:208} INFO - Processing /opt/airflow/dags/stock_dag.py took 0.775 seconds
[2026-08-08T18:58:08.611+0000] {processor.py:186} INFO - Started process (PID=125) to work on /opt/airflow/dags/stock_dag.py
[2026-08-08T18:58:08.614+0000] {processor.py:914} INFO - Processing file /opt/airflow/dags/stock_dag.py for tasks to queue
[2026-08-08T18:58:08.617+0000] {logging_mixin.py:190} INFO - [2026-08-08T18:58:08.616+0000] {dagbag.py:587} INFO - Filling up the DagBag from /opt/airflow/dags/stock_dag.py
[2026-08-08T18:58:09.320+0000] {processor.py:925} INFO - DAG(s) 'stock_pipeline' retrieved from /opt/airflow/dags/stock_dag.py
[2026-08-08T18:58:09.341+0000] {logging_mixin.py:190} INFO - [2026-08-08T18:58:09.341+0000] {dag.py:3211} INFO - Sync 1 DAGs
[2026-08-08T18:58:09.358+0000] {logging_mixin.py:190} INFO - [2026-08-08T18:58:09.358+0000] {dag.py:4138} INFO - Setting next_dagrun for stock_pipeline to 2026-08-07 00:00:00+00:00, run_after=2026-08-08 00:00:00+00:00
[2026-08-08T18:58:09.378+0000] {processor.py:208} INFO - Processing /opt/airflow/dags/stock_dag.py took 0.777 seconds
[2026-08-08T18:58:39.654+0000] {processor.py:186} INFO - Started process (PID=133) to work on /opt/airflow/dags/stock_dag.py
[2026-08-08T18:58:39.655+0000] {processor.py:914} INFO - Processing file /opt/airflow/dags/stock_dag.py for tasks to queue
[2026-08-08T18:58:39.659+0000] {logging_mixin.py:190} INFO - [2026-08-08T18:58:39.658+0000] {dagbag.py:587} INFO - Filling up the DagBag from /opt/airflow/dags/stock_dag.py
[2026-08-08T18:58:40.472+0000] {processor.py:925} INFO - DAG(s) 'stock_pipeline' retrieved from /opt/airflow/dags/stock_dag.py
[2026-08-08T18:58:40.495+0000] {logging_mixin.py:190} INFO - [2026-08-08T18:58:40.495+0000] {dag.py:3211} INFO - Sync 1 DAGs
[2026-08-08T18:58:40.515+0000] {logging_mixin.py:190} INFO - [2026-08-08T18:58:40.515+0000] {dag.py:4138} INFO - Setting next_dagrun for stock_pipeline to 2026-08-07 00:00:00+00:00, run_after=2026-08-08 00:00:00+00:00
[2026-08-08T18:58:40.539+0000] {processor.py:208} INFO - Processing /opt/airflow/dags/stock_dag.py took 0.891 seconds
[2026-08-08T18:59:10.779+0000] {processor.py:186} INFO - Started process (PID=141) to work on /opt/airflow/dags/stock_dag.py
[2026-08-08T18:59:10.780+0000] {processor.py:914} INFO - Processing file /opt/airflow/dags/stock_dag.py for tasks to queue
[2026-08-08T18:59:10.782+0000] {logging_mixin.py:190} INFO - [2026-08-08T18:59:10.782+0000] {dagbag.py:587} INFO - Filling up the DagBag from /opt/airflow/dags/stock_dag.py
[2026-08-08T18:59:11.513+0000] {processor.py:925} INFO - DAG(s) 'stock_pipeline' retrieved from /opt/airflow/dags/stock_dag.py
[2026-08-08T18:59:11.535+0000] {logging_mixin.py:190} INFO - [2026-08-08T18:59:11.535+0000] {dag.py:3211} INFO - Sync 1 DAGs
[2026-08-08T18:59:11.561+0000] {logging_mixin.py:190} INFO - [2026-08-08T18:59:11.561+0000] {dag.py:4138} INFO - Setting next_dagrun for stock_pipeline to 2026-08-07 00:00:00+00:00, run_after=2026-08-08 00:00:00+00:00
[2026-08-08T18:59:11.584+0000] {processor.py:208} INFO - Processing /opt/airflow/dags/stock_dag.py took 0.810 seconds
[2026-08-08T18:59:41.774+0000] {processor.py:186} INFO - Started process (PID=149) to work on /opt/airflow/dags/stock_dag.py
[2026-08-08T18:59:41.775+0000] {processor.py:914} INFO - Processing file /opt/airflow/dags/stock_dag.py for tasks to queue
[2026-08-08T18:59:41.777+0000] {logging_mixin.py:190} INFO - [2026-08-08T18:59:41.777+0000] {dagbag.py:587} INFO - Filling up the DagBag from /opt/airflow/dags/stock_dag.py
[2026-08-08T18:59:42.446+0000] {processor.py:925} INFO - DAG(s) 'stock_pipeline' retrieved from /opt/airflow/dags/stock_dag.py
[2026-08-08T18:59:42.549+0000] {logging_mixin.py:190} INFO - [2026-08-08T18:59:42.549+0000] {dag.py:3211} INFO - Sync 1 DAGs
[2026-08-08T18:59:42.574+0000] {logging_mixin.py:190} INFO - [2026-08-08T18:59:42.574+0000] {dag.py:4138} INFO - Setting next_dagrun for stock_pipeline to 2026-08-07 00:00:00+00:00, run_after=2026-08-08 00:00:00+00:00
[2026-08-08T18:59:42.592+0000] {processor.py:208} INFO - Processing /opt/airflow/dags/stock_dag.py took 0.823 seconds
[2026-08-08T19:00:13.065+0000] {processor.py:186} INFO - Started process (PID=157) to work on /opt/airflow/dags/stock_dag.py
[2026-08-08T19:00:13.068+0000] {processor.py:914} INFO - Processing file /opt/airflow/dags/stock_dag.py for tasks to queue
[2026-08-08T19:00:13.073+0000] {logging_mixin.py:190} INFO - [2026-08-08T19:00:13.072+0000] {dagbag.py:587} INFO - Filling up the DagBag from /opt/airflow/dags/stock_dag.py
[2026-08-08T19:00:14.071+0000] {processor.py:925} INFO - DAG(s) 'stock_pipeline' retrieved from /opt/airflow/dags/stock_dag.py
[2026-08-08T19:00:14.097+0000] {logging_mixin.py:190} INFO - [2026-08-08T19:00:14.096+0000] {dag.py:3211} INFO - Sync 1 DAGs
[2026-08-08T19:00:14.125+0000] {logging_mixin.py:190} INFO - [2026-08-08T19:00:14.124+0000] {dag.py:4138} INFO - Setting next_dagrun for stock_pipeline to 2026-08-07 00:00:00+00:00, run_after=2026-08-08 00:00:00+00:00
[2026-08-08T19:00:14.150+0000] {processor.py:208} INFO - Processing /opt/airflow/dags/stock_dag.py took 1.096 seconds
[2026-08-08T19:00:44.402+0000] {processor.py:186} INFO - Started process (PID=166) to work on /opt/airflow/dags/stock_dag.py
[2026-08-08T19:00:44.404+0000] {processor.py:914} INFO - Processing file /opt/airflow/dags/stock_dag.py for tasks to queue
[2026-08-08T19:00:44.406+0000] {logging_mixin.py:190} INFO - [2026-08-08T19:00:44.406+0000] {dagbag.py:587} INFO - Filling up the DagBag from /opt/airflow/dags/stock_dag.py
[2026-08-08T19:00:45.039+0000] {processor.py:925} INFO - DAG(s) 'stock_pipeline' retrieved from /opt/airflow/dags/stock_dag.py
[2026-08-08T19:00:45.066+0000] {logging_mixin.py:190} INFO - [2026-08-08T19:00:45.065+0000] {dag.py:3211} INFO - Sync 1 DAGs
[2026-08-08T19:00:45.093+0000] {logging_mixin.py:190} INFO - [2026-08-08T19:00:45.092+0000] {dag.py:4138} INFO - Setting next_dagrun for stock_pipeline to 2026-08-07 00:00:00+00:00, run_after=2026-08-08 00:00:00+00:00
[2026-08-08T19:00:45.280+0000] {processor.py:208} INFO - Processing /opt/airflow/dags/stock_dag.py took 0.884 seconds
[2026-08-08T19:01:15.568+0000] {processor.py:186} INFO - Started process (PID=180) to work on /opt/airflow/dags/stock_dag.py
[2026-08-08T19:01:15.569+0000] {processor.py:914} INFO - Processing file /opt/airflow/dags/stock_dag.py for tasks to queue
[2026-08-08T19:01:15.572+0000] {logging_mixin.py:190} INFO - [2026-08-08T19:01:15.572+0000] {dagbag.py:587} INFO - Filling up the DagBag from /opt/airflow/dags/stock_dag.py
[2026-08-08T19:01:16.185+0000] {processor.py:925} INFO - DAG(s) 'stock_pipeline' retrieved from /opt/airflow/dags/stock_dag.py
[2026-08-08T19:01:16.207+0000] {logging_mixin.py:190} INFO - [2026-08-08T19:01:16.207+0000] {dag.py:3211} INFO - Sync 1 DAGs
[2026-08-08T19:01:16.378+0000] {logging_mixin.py:190} INFO - [2026-08-08T19:01:16.378+0000] {dag.py:4138} INFO - Setting next_dagrun for stock_pipeline to 2026-08-07 00:00:00+00:00, run_after=2026-08-08 00:00:00+00:00
[2026-08-08T19:01:16.398+0000] {processor.py:208} INFO - Processing /opt/airflow/dags/stock_dag.py took 0.835 seconds
[2026-08-08T19:01:46.674+0000] {processor.py:186} INFO - Started process (PID=188) to work on /opt/airflow/dags/stock_dag.py
[2026-08-08T19:01:46.675+0000] {processor.py:914} INFO - Processing file /opt/airflow/dags/stock_dag.py for tasks to queue
[2026-08-08T19:01:46.678+0000] {logging_mixin.py:190} INFO - [2026-08-08T19:01:46.678+0000] {dagbag.py:587} INFO - Filling up the DagBag from /opt/airflow/dags/stock_dag.py
[2026-08-08T19:01:47.556+0000] {processor.py:925} INFO - DAG(s) 'stock_pipeline' retrieved from /opt/airflow/dags/stock_dag.py
[2026-08-08T19:01:47.582+0000] {logging_mixin.py:190} INFO - [2026-08-08T19:01:47.582+0000] {dag.py:3211} INFO - Sync 1 DAGs
[2026-08-08T19:01:47.794+0000] {logging_mixin.py:190} INFO - [2026-08-08T19:01:47.793+0000] {dag.py:4138} INFO - Setting next_dagrun for stock_pipeline to 2026-08-07 00:00:00+00:00, run_after=2026-08-08 00:00:00+00:00
[2026-08-08T19:01:47.813+0000] {processor.py:208} INFO - Processing /opt/airflow/dags/stock_dag.py took 1.145 seconds
[2026-08-08T19:02:17.932+0000] {processor.py:186} INFO - Started process (PID=202) to work on /opt/airflow/dags/stock_dag.py
[2026-08-08T19:02:17.934+0000] {processor.py:914} INFO - Processing file /opt/airflow/dags/stock_dag.py for tasks to queue
[2026-08-08T19:02:17.939+0000] {logging_mixin.py:190} INFO - [2026-08-08T19:02:17.939+0000] {dagbag.py:587} INFO - Filling up the DagBag from /opt/airflow/dags/stock_dag.py
[2026-08-08T19:02:18.815+0000] {processor.py:925} INFO - DAG(s) 'stock_pipeline' retrieved from /opt/airflow/dags/stock_dag.py
[2026-08-08T19:02:18.839+0000] {logging_mixin.py:190} INFO - [2026-08-08T19:02:18.839+0000] {dag.py:3211} INFO - Sync 1 DAGs
[2026-08-08T19:02:18.859+0000] {logging_mixin.py:190} INFO - [2026-08-08T19:02:18.859+0000] {dag.py:4138} INFO - Setting next_dagrun for stock_pipeline to 2026-08-07 00:00:00+00:00, run_after=2026-08-08 00:00:00+00:00
[2026-08-08T19:02:18.881+0000] {processor.py:208} INFO - Processing /opt/airflow/dags/stock_dag.py took 0.960 seconds
[2026-08-08T19:02:49.207+0000] {processor.py:186} INFO - Started process (PID=210) to work on /opt/airflow/dags/stock_dag.py
[2026-08-08T19:02:49.209+0000] {processor.py:914} INFO - Processing file /opt/airflow/dags/stock_dag.py for tasks to queue
[2026-08-08T19:02:49.213+0000] {logging_mixin.py:190} INFO - [2026-08-08T19:02:49.213+0000] {dagbag.py:587} INFO - Filling up the DagBag from /opt/airflow/dags/stock_dag.py
[2026-08-08T19:02:50.135+0000] {processor.py:925} INFO - DAG(s) 'stock_pipeline' retrieved from /opt/airflow/dags/stock_dag.py
[2026-08-08T19:02:50.158+0000] {logging_mixin.py:190} INFO - [2026-08-08T19:02:50.157+0000] {dag.py:3211} INFO - Sync 1 DAGs
[2026-08-08T19:02:50.178+0000] {logging_mixin.py:190} INFO - [2026-08-08T19:02:50.178+0000] {dag.py:4138} INFO - Setting next_dagrun for stock_pipeline to 2026-08-07 00:00:00+00:00, run_after=2026-08-08 00:00:00+00:00
[2026-08-08T19:02:50.199+0000] {processor.py:208} INFO - Processing /opt/airflow/dags/stock_dag.py took 1.000 seconds
[2026-08-08T19:03:20.484+0000] {processor.py:186} INFO - Started process (PID=218) to work on /opt/airflow/dags/stock_dag.py
[2026-08-08T19:03:20.486+0000] {processor.py:914} INFO - Processing file /opt/airflow/dags/stock_dag.py for tasks to queue
[2026-08-08T19:03:20.489+0000] {logging_mixin.py:190} INFO - [2026-08-08T19:03:20.489+0000] {dagbag.py:587} INFO - Filling up the DagBag from /opt/airflow/dags/stock_dag.py
[2026-08-08T19:03:21.275+0000] {processor.py:925} INFO - DAG(s) 'stock_pipeline' retrieved from /opt/airflow/dags/stock_dag.py
[2026-08-08T19:03:21.294+0000] {logging_mixin.py:190} INFO - [2026-08-08T19:03:21.293+0000] {dag.py:3211} INFO - Sync 1 DAGs
[2026-08-08T19:03:21.311+0000] {logging_mixin.py:190} INFO - [2026-08-08T19:03:21.311+0000] {dag.py:4138} INFO - Setting next_dagrun for stock_pipeline to 2026-08-07 00:00:00+00:00, run_after=2026-08-08 00:00:00+00:00
[2026-08-08T19:03:21.327+0000] {processor.py:208} INFO - Processing /opt/airflow/dags/stock_dag.py took 0.849 seconds
[2026-08-08T19:03:51.635+0000] {processor.py:186} INFO - Started process (PID=226) to work on /opt/airflow/dags/stock_dag.py
[2026-08-08T19:03:51.636+0000] {processor.py:914} INFO - Processing file /opt/airflow/dags/stock_dag.py for tasks to queue
[2026-08-08T19:03:51.639+0000] {logging_mixin.py:190} INFO - [2026-08-08T19:03:51.639+0000] {dagbag.py:587} INFO - Filling up the DagBag from /opt/airflow/dags/stock_dag.py
[2026-08-08T19:03:52.292+0000] {processor.py:925} INFO - DAG(s) 'stock_pipeline' retrieved from /opt/airflow/dags/stock_dag.py
[2026-08-08T19:03:52.317+0000] {logging_mixin.py:190} INFO - [2026-08-08T19:03:52.317+0000] {dag.py:3211} INFO - Sync 1 DAGs
[2026-08-08T19:03:52.515+0000] {logging_mixin.py:190} INFO - [2026-08-08T19:03:52.514+0000] {dag.py:4138} INFO - Setting next_dagrun for stock_pipeline to 2026-08-07 00:00:00+00:00, run_after=2026-08-08 00:00:00+00:00
[2026-08-08T19:03:52.536+0000] {processor.py:208} INFO - Processing /opt/airflow/dags/stock_dag.py took 0.910 seconds
[2026-08-08T19:04:22.957+0000] {processor.py:186} INFO - Started process (PID=234) to work on /opt/airflow/dags/stock_dag.py
[2026-08-08T19:04:22.958+0000] {processor.py:914} INFO - Processing file /opt/airflow/dags/stock_dag.py for tasks to queue
[2026-08-08T19:04:22.960+0000] {logging_mixin.py:190} INFO - [2026-08-08T19:04:22.960+0000] {dagbag.py:587} INFO - Filling up the DagBag from /opt/airflow/dags/stock_dag.py
[2026-08-08T19:04:23.857+0000] {processor.py:925} INFO - DAG(s) 'stock_pipeline' retrieved from /opt/airflow/dags/stock_dag.py
[2026-08-08T19:04:23.883+0000] {logging_mixin.py:190} INFO - [2026-08-08T19:04:23.883+0000] {dag.py:3211} INFO - Sync 1 DAGs
[2026-08-08T19:04:24.051+0000] {logging_mixin.py:190} INFO - [2026-08-08T19:04:24.051+0000] {dag.py:4138} INFO - Setting next_dagrun for stock_pipeline to 2026-08-07 00:00:00+00:00, run_after=2026-08-08 00:00:00+00:00
[2026-08-08T19:04:24.072+0000] {processor.py:208} INFO - Processing /opt/airflow/dags/stock_dag.py took 1.120 seconds
[2026-08-08T19:04:54.175+0000] {processor.py:186} INFO - Started process (PID=242) to work on /opt/airflow/dags/stock_dag.py
[2026-08-08T19:04:54.176+0000] {processor.py:914} INFO - Processing file /opt/airflow/dags/stock_dag.py for tasks to queue
[2026-08-08T19:04:54.179+0000] {logging_mixin.py:190} INFO - [2026-08-08T19:04:54.179+0000] {dagbag.py:587} INFO - Filling up the DagBag from /opt/airflow/dags/stock_dag.py
[2026-08-08T19:04:54.727+0000] {processor.py:925} INFO - DAG(s) 'stock_pipeline' retrieved from /opt/airflow/dags/stock_dag.py
[2026-08-08T19:04:54.751+0000] {logging_mixin.py:190} INFO - [2026-08-08T19:04:54.750+0000] {dag.py:3211} INFO - Sync 1 DAGs
[2026-08-08T19:04:54.772+0000] {logging_mixin.py:190} INFO - [2026-08-08T19:04:54.772+0000] {dag.py:4138} INFO - Setting next_dagrun for stock_pipeline to 2026-08-07 00:00:00+00:00, run_after=2026-08-08 00:00:00+00:00
[2026-08-08T19:04:54.794+0000] {processor.py:208} INFO - Processing /opt/airflow/dags/stock_dag.py took 0.624 seconds
[2026-08-08T19:05:25.031+0000] {processor.py:186} INFO - Started process (PID=250) to work on /opt/airflow/dags/stock_dag.py
[2026-08-08T19:05:25.032+0000] {processor.py:914} INFO - Processing file /opt/airflow/dags/stock_dag.py for tasks to queue
[2026-08-08T19:05:25.035+0000] {logging_mixin.py:190} INFO - [2026-08-08T19:05:25.034+0000] {dagbag.py:587} INFO - Filling up the DagBag from /opt/airflow/dags/stock_dag.py
[2026-08-08T19:05:25.648+0000] {processor.py:925} INFO - DAG(s) 'stock_pipeline' retrieved from /opt/airflow/dags/stock_dag.py
[2026-08-08T19:05:25.835+0000] {logging_mixin.py:190} INFO - [2026-08-08T19:05:25.834+0000] {dag.py:3211} INFO - Sync 1 DAGs
[2026-08-08T19:05:25.852+0000] {logging_mixin.py:190} INFO - [2026-08-08T19:05:25.852+0000] {dag.py:4138} INFO - Setting next_dagrun for stock_pipeline to 2026-08-07 00:00:00+00:00, run_after=2026-08-08 00:00:00+00:00
[2026-08-08T19:05:25.871+0000] {processor.py:208} INFO - Processing /opt/airflow/dags/stock_dag.py took 0.848 seconds
[2026-08-08T19:05:56.141+0000] {processor.py:186} INFO - Started process (PID=258) to work on /opt/airflow/dags/stock_dag.py
[2026-08-08T19:05:56.142+0000] {processor.py:914} INFO - Processing file /opt/airflow/dags/stock_dag.py for tasks to queue
[2026-08-08T19:05:56.145+0000] {logging_mixin.py:190} INFO - [2026-08-08T19:05:56.145+0000] {dagbag.py:587} INFO - Filling up the DagBag from /opt/airflow/dags/stock_dag.py
[2026-08-08T19:05:57.109+0000] {processor.py:925} INFO - DAG(s) 'stock_pipeline' retrieved from /opt/airflow/dags/stock_dag.py
[2026-08-08T19:05:57.131+0000] {logging_mixin.py:190} INFO - [2026-08-08T19:05:57.131+0000] {dag.py:3211} INFO - Sync 1 DAGs
[2026-08-08T19:05:57.153+0000] {logging_mixin.py:190} INFO - [2026-08-08T19:05:57.152+0000] {dag.py:4138} INFO - Setting next_dagrun for stock_pipeline to 2026-08-07 00:00:00+00:00, run_after=2026-08-08 00:00:00+00:00
[2026-08-08T19:05:57.180+0000] {processor.py:208} INFO - Processing /opt/airflow/dags/stock_dag.py took 1.046 seconds
[2026-08-08T19:06:27.398+0000] {processor.py:186} INFO - Started process (PID=266) to work on /opt/airflow/dags/stock_dag.py
[2026-08-08T19:06:27.399+0000] {processor.py:914} INFO - Processing file /opt/airflow/dags/stock_dag.py for tasks to queue
[2026-08-08T19:06:27.401+0000] {logging_mixin.py:190} INFO - [2026-08-08T19:06:27.401+0000] {dagbag.py:587} INFO - Filling up the DagBag from /opt/airflow/dags/stock_dag.py
[2026-08-08T19:06:28.137+0000] {processor.py:925} INFO - DAG(s) 'stock_pipeline' retrieved from /opt/airflow/dags/stock_dag.py
[2026-08-08T19:06:28.169+0000] {logging_mixin.py:190} INFO - [2026-08-08T19:06:28.168+0000] {dag.py:3211} INFO - Sync 1 DAGs
[2026-08-08T19:06:28.363+0000] {logging_mixin.py:190} INFO - [2026-08-08T19:06:28.363+0000] {dag.py:4138} INFO - Setting next_dagrun for stock_pipeline to 2026-08-07 00:00:00+00:00, run_after=2026-08-08 00:00:00+00:00
[2026-08-08T19:06:28.384+0000] {processor.py:208} INFO - Processing /opt/airflow/dags/stock_dag.py took 0.991 seconds
[2026-08-08T19:06:58.663+0000] {processor.py:186} INFO - Started process (PID=274) to work on /opt/airflow/dags/stock_dag.py
[2026-08-08T19:06:58.665+0000] {processor.py:914} INFO - Processing file /opt/airflow/dags/stock_dag.py for tasks to queue
[2026-08-08T19:06:58.667+0000] {logging_mixin.py:190} INFO - [2026-08-08T19:06:58.667+0000] {dagbag.py:587} INFO - Filling up the DagBag from /opt/airflow/dags/stock_dag.py
[2026-08-08T19:06:59.406+0000] {processor.py:925} INFO - DAG(s) 'stock_pipeline' retrieved from /opt/airflow/dags/stock_dag.py
[2026-08-08T19:06:59.433+0000] {logging_mixin.py:190} INFO - [2026-08-08T19:06:59.433+0000] {dag.py:3211} INFO - Sync 1 DAGs
[2026-08-08T19:06:59.638+0000] {logging_mixin.py:190} INFO - [2026-08-08T19:06:59.638+0000] {dag.py:4138} INFO - Setting next_dagrun for stock_pipeline to 2026-08-07 00:00:00+00:00, run_after=2026-08-08 00:00:00+00:00
[2026-08-08T19:06:59.666+0000] {processor.py:208} INFO - Processing /opt/airflow/dags/stock_dag.py took 1.008 seconds
[2026-08-08T19:07:29.956+0000] {processor.py:186} INFO - Started process (PID=282) to work on /opt/airflow/dags/stock_dag.py
[2026-08-08T19:07:29.957+0000] {processor.py:914} INFO - Processing file /opt/airflow/dags/stock_dag.py for tasks to queue
[2026-08-08T19:07:29.960+0000] {logging_mixin.py:190} INFO - [2026-08-08T19:07:29.960+0000] {dagbag.py:587} INFO - Filling up the DagBag from /opt/airflow/dags/stock_dag.py
[2026-08-08T19:07:30.577+0000] {processor.py:925} INFO - DAG(s) 'stock_pipeline' retrieved from /opt/airflow/dags/stock_dag.py
[2026-08-08T19:07:30.612+0000] {logging_mixin.py:190} INFO - [2026-08-08T19:07:30.611+0000] {dag.py:3211} INFO - Sync 1 DAGs
[2026-08-08T19:07:30.639+0000] {logging_mixin.py:190} INFO - [2026-08-08T19:07:30.639+0000] {dag.py:4138} INFO - Setting next_dagrun for stock_pipeline to 2026-08-07 00:00:00+00:00, run_after=2026-08-08 00:00:00+00:00
[2026-08-08T19:07:30.663+0000] {processor.py:208} INFO - Processing /opt/airflow/dags/stock_dag.py took 0.712 seconds
[2026-08-08T19:08:00.934+0000] {processor.py:186} INFO - Started process (PID=290) to work on /opt/airflow/dags/stock_dag.py
[2026-08-08T19:08:00.936+0000] {processor.py:914} INFO - Processing file /opt/airflow/dags/stock_dag.py for tasks to queue
[2026-08-08T19:08:00.939+0000] {logging_mixin.py:190} INFO - [2026-08-08T19:08:00.938+0000] {dagbag.py:587} INFO - Filling up the DagBag from /opt/airflow/dags/stock_dag.py
[2026-08-08T19:08:01.487+0000] {processor.py:925} INFO - DAG(s) 'stock_pipeline' retrieved from /opt/airflow/dags/stock_dag.py
[2026-08-08T19:08:01.662+0000] {logging_mixin.py:190} INFO - [2026-08-08T19:08:01.662+0000] {dag.py:3211} INFO - Sync 1 DAGs
[2026-08-08T19:08:01.679+0000] {logging_mixin.py:190} INFO - [2026-08-08T19:08:01.679+0000] {dag.py:4138} INFO - Setting next_dagrun for stock_pipeline to 2026-08-07 00:00:00+00:00, run_after=2026-08-08 00:00:00+00:00
[2026-08-08T19:08:01.701+0000] {processor.py:208} INFO - Processing /opt/airflow/dags/stock_dag.py took 0.772 seconds
[2026-08-08T19:08:31.980+0000] {processor.py:186} INFO - Started process (PID=298) to work on /opt/airflow/dags/stock_dag.py
[2026-08-08T19:08:31.981+0000] {processor.py:914} INFO - Processing file /opt/airflow/dags/stock_dag.py for tasks to queue
[2026-08-08T19:08:31.985+0000] {logging_mixin.py:190} INFO - [2026-08-08T19:08:31.984+0000] {dagbag.py:587} INFO - Filling up the DagBag from /opt/airflow/dags/stock_dag.py
[2026-08-08T19:08:32.658+0000] {processor.py:925} INFO - DAG(s) 'stock_pipeline' retrieved from /opt/airflow/dags/stock_dag.py
[2026-08-08T19:08:32.676+0000] {logging_mixin.py:190} INFO - [2026-08-08T19:08:32.676+0000] {dag.py:3211} INFO - Sync 1 DAGs
[2026-08-08T19:08:32.695+0000] {logging_mixin.py:190} INFO - [2026-08-08T19:08:32.695+0000] {dag.py:4138} INFO - Setting next_dagrun for stock_pipeline to 2026-08-07 00:00:00+00:00, run_after=2026-08-08 00:00:00+00:00
[2026-08-08T19:08:32.717+0000] {processor.py:208} INFO - Processing /opt/airflow/dags/stock_dag.py took 0.743 seconds
[2026-08-08T19:09:02.984+0000] {processor.py:186} INFO - Started process (PID=306) to work on /opt/airflow/dags/stock_dag.py
[2026-08-08T19:09:02.985+0000] {processor.py:914} INFO - Processing file /opt/airflow/dags/stock_dag.py for tasks to queue
[2026-08-08T19:09:02.987+0000] {logging_mixin.py:190} INFO - [2026-08-08T19:09:02.987+0000] {dagbag.py:587} INFO - Filling up the DagBag from /opt/airflow/dags/stock_dag.py
[2026-08-08T19:09:04.091+0000] {processor.py:925} INFO - DAG(s) 'stock_pipeline' retrieved from /opt/airflow/dags/stock_dag.py
[2026-08-08T19:09:04.116+0000] {logging_mixin.py:190} INFO - [2026-08-08T19:09:04.116+0000] {dag.py:3211} INFO - Sync 1 DAGs
[2026-08-08T19:09:04.137+0000] {logging_mixin.py:190} INFO - [2026-08-08T19:09:04.137+0000] {dag.py:4138} INFO - Setting next_dagrun for stock_pipeline to 2026-08-07 00:00:00+00:00, run_after=2026-08-08 00:00:00+00:00
[2026-08-08T19:09:04.162+0000] {processor.py:208} INFO - Processing /opt/airflow/dags/stock_dag.py took 1.184 seconds
[2026-08-08T19:09:34.238+0000] {processor.py:186} INFO - Started process (PID=314) to work on /opt/airflow/dags/stock_dag.py
[2026-08-08T19:09:34.239+0000] {processor.py:914} INFO - Processing file /opt/airflow/dags/stock_dag.py for tasks to queue
[2026-08-08T19:09:34.241+0000] {logging_mixin.py:190} INFO - [2026-08-08T19:09:34.240+0000] {dagbag.py:587} INFO - Filling up the DagBag from /opt/airflow/dags/stock_dag.py
[2026-08-08T19:09:34.895+0000] {processor.py:925} INFO - DAG(s) 'stock_pipeline' retrieved from /opt/airflow/dags/stock_dag.py
[2026-08-08T19:09:34.918+0000] {logging_mixin.py:190} INFO - [2026-08-08T19:09:34.918+0000] {dag.py:3211} INFO - Sync 1 DAGs
[2026-08-08T19:09:35.124+0000] {logging_mixin.py:190} INFO - [2026-08-08T19:09:35.124+0000] {dag.py:4138} INFO - Setting next_dagrun for stock_pipeline to 2026-08-07 00:00:00+00:00, run_after=2026-08-08 00:00:00+00:00
[2026-08-08T19:09:35.146+0000] {processor.py:208} INFO - Processing /opt/airflow/dags/stock_dag.py took 0.913 seconds
[2026-08-08T19:11:13.731+0000] {processor.py:186} INFO - Started process (PID=92) to work on /opt/airflow/dags/stock_dag.py
[2026-08-08T19:11:13.735+0000] {processor.py:914} INFO - Processing file /opt/airflow/dags/stock_dag.py for tasks to queue
[2026-08-08T19:11:13.739+0000] {logging_mixin.py:190} INFO - [2026-08-08T19:11:13.738+0000] {dagbag.py:587} INFO - Filling up the DagBag from /opt/airflow/dags/stock_dag.py
[2026-08-08T19:11:16.386+0000] {processor.py:925} INFO - DAG(s) 'stock_pipeline' retrieved from /opt/airflow/dags/stock_dag.py
[2026-08-08T19:11:16.432+0000] {logging_mixin.py:190} INFO - [2026-08-08T19:11:16.431+0000] {dag.py:3211} INFO - Sync 1 DAGs
[2026-08-08T19:11:16.457+0000] {logging_mixin.py:190} INFO - [2026-08-08T19:11:16.457+0000] {dag.py:4138} INFO - Setting next_dagrun for stock_pipeline to 2026-08-07 00:00:00+00:00, run_after=2026-08-08 00:00:00+00:00
[2026-08-08T19:11:16.490+0000] {processor.py:208} INFO - Processing /opt/airflow/dags/stock_dag.py took 2.773 seconds
[2026-08-08T19:11:46.977+0000] {processor.py:186} INFO - Started process (PID=100) to work on /opt/airflow/dags/stock_dag.py
[2026-08-08T19:11:46.979+0000] {processor.py:914} INFO - Processing file /opt/airflow/dags/stock_dag.py for tasks to queue
[2026-08-08T19:11:46.983+0000] {logging_mixin.py:190} INFO - [2026-08-08T19:11:46.982+0000] {dagbag.py:587} INFO - Filling up the DagBag from /opt/airflow/dags/stock_dag.py
[2026-08-08T19:11:48.166+0000] {processor.py:925} INFO - DAG(s) 'stock_pipeline' retrieved from /opt/airflow/dags/stock_dag.py
[2026-08-08T19:11:48.199+0000] {logging_mixin.py:190} INFO - [2026-08-08T19:11:48.198+0000] {dag.py:3211} INFO - Sync 1 DAGs
[2026-08-08T19:11:48.228+0000] {logging_mixin.py:190} INFO - [2026-08-08T19:11:48.228+0000] {dag.py:4138} INFO - Setting next_dagrun for stock_pipeline to 2026-08-07 00:00:00+00:00, run_after=2026-08-08 00:00:00+00:00
[2026-08-08T19:11:48.256+0000] {processor.py:208} INFO - Processing /opt/airflow/dags/stock_dag.py took 1.288 seconds
[2026-08-08T19:12:18.411+0000] {processor.py:186} INFO - Started process (PID=112) to work on /opt/airflow/dags/stock_dag.py
[2026-08-08T19:12:18.412+0000] {processor.py:914} INFO - Processing file /opt/airflow/dags/stock_dag.py for tasks to queue
[2026-08-08T19:12:18.415+0000] {logging_mixin.py:190} INFO - [2026-08-08T19:12:18.415+0000] {dagbag.py:587} INFO - Filling up the DagBag from /opt/airflow/dags/stock_dag.py
[2026-08-08T19:12:19.554+0000] {processor.py:925} INFO - DAG(s) 'stock_pipeline' retrieved from /opt/airflow/dags/stock_dag.py
[2026-08-08T19:12:19.581+0000] {logging_mixin.py:190} INFO - [2026-08-08T19:12:19.580+0000] {dag.py:3211} INFO - Sync 1 DAGs
[2026-08-08T19:12:19.608+0000] {logging_mixin.py:190} INFO - [2026-08-08T19:12:19.608+0000] {dag.py:4138} INFO - Setting next_dagrun for stock_pipeline to 2026-08-08 00:00:00+00:00, run_after=2026-08-09 00:00:00+00:00
[2026-08-08T19:12:19.639+0000] {processor.py:208} INFO - Processing /opt/airflow/dags/stock_dag.py took 1.235 seconds
[2026-08-08T19:12:49.858+0000] {processor.py:186} INFO - Started process (PID=128) to work on /opt/airflow/dags/stock_dag.py
[2026-08-08T19:12:49.859+0000] {processor.py:914} INFO - Processing file /opt/airflow/dags/stock_dag.py for tasks to queue
[2026-08-08T19:12:49.862+0000] {logging_mixin.py:190} INFO - [2026-08-08T19:12:49.862+0000] {dagbag.py:587} INFO - Filling up the DagBag from /opt/airflow/dags/stock_dag.py
[2026-08-08T19:12:50.841+0000] {processor.py:925} INFO - DAG(s) 'stock_pipeline' retrieved from /opt/airflow/dags/stock_dag.py
[2026-08-08T19:12:50.879+0000] {logging_mixin.py:190} INFO - [2026-08-08T19:12:50.878+0000] {dag.py:3211} INFO - Sync 1 DAGs
[2026-08-08T19:12:50.913+0000] {logging_mixin.py:190} INFO - [2026-08-08T19:12:50.913+0000] {dag.py:4138} INFO - Setting next_dagrun for stock_pipeline to 2026-08-08 00:00:00+00:00, run_after=2026-08-09 00:00:00+00:00
[2026-08-08T19:12:50.950+0000] {processor.py:208} INFO - Processing /opt/airflow/dags/stock_dag.py took 1.100 seconds
[2026-08-08T19:13:21.202+0000] {processor.py:186} INFO - Started process (PID=136) to work on /opt/airflow/dags/stock_dag.py
[2026-08-08T19:13:21.203+0000] {processor.py:914} INFO - Processing file /opt/airflow/dags/stock_dag.py for tasks to queue
[2026-08-08T19:13:21.206+0000] {logging_mixin.py:190} INFO - [2026-08-08T19:13:21.206+0000] {dagbag.py:587} INFO - Filling up the DagBag from /opt/airflow/dags/stock_dag.py
[2026-08-08T19:13:21.992+0000] {processor.py:925} INFO - DAG(s) 'stock_pipeline' retrieved from /opt/airflow/dags/stock_dag.py
[2026-08-08T19:13:22.014+0000] {logging_mixin.py:190} INFO - [2026-08-08T19:13:22.013+0000] {dag.py:3211} INFO - Sync 1 DAGs
[2026-08-08T19:13:22.034+0000] {logging_mixin.py:190} INFO - [2026-08-08T19:13:22.033+0000] {dag.py:4138} INFO - Setting next_dagrun for stock_pipeline to 2026-08-08 00:00:00+00:00, run_after=2026-08-09 00:00:00+00:00
[2026-08-08T19:13:22.053+0000] {processor.py:208} INFO - Processing /opt/airflow/dags/stock_dag.py took 0.859 seconds
[2026-08-08T19:13:52.367+0000] {processor.py:186} INFO - Started process (PID=144) to work on /opt/airflow/dags/stock_dag.py
[2026-08-08T19:13:52.368+0000] {processor.py:914} INFO - Processing file /opt/airflow/dags/stock_dag.py for tasks to queue
[2026-08-08T19:13:52.372+0000] {logging_mixin.py:190} INFO - [2026-08-08T19:13:52.372+0000] {dagbag.py:587} INFO - Filling up the DagBag from /opt/airflow/dags/stock_dag.py
[2026-08-08T19:13:53.180+0000] {processor.py:925} INFO - DAG(s) 'stock_pipeline' retrieved from /opt/airflow/dags/stock_dag.py
[2026-08-08T19:13:53.220+0000] {logging_mixin.py:190} INFO - [2026-08-08T19:13:53.220+0000] {dag.py:3211} INFO - Sync 1 DAGs
[2026-08-08T19:13:53.254+0000] {logging_mixin.py:190} INFO - [2026-08-08T19:13:53.254+0000] {dag.py:4138} INFO - Setting next_dagrun for stock_pipeline to 2026-08-08 00:00:00+00:00, run_after=2026-08-09 00:00:00+00:00
[2026-08-08T19:13:53.277+0000] {processor.py:208} INFO - Processing /opt/airflow/dags/stock_dag.py took 0.918 seconds
[2026-08-08T19:14:23.590+0000] {processor.py:186} INFO - Started process (PID=152) to work on /opt/airflow/dags/stock_dag.py
[2026-08-08T19:14:23.592+0000] {processor.py:914} INFO - Processing file /opt/airflow/dags/stock_dag.py for tasks to queue
[2026-08-08T19:14:23.595+0000] {logging_mixin.py:190} INFO - [2026-08-08T19:14:23.595+0000] {dagbag.py:587} INFO - Filling up the DagBag from /opt/airflow/dags/stock_dag.py
[2026-08-08T19:14:24.580+0000] {processor.py:925} INFO - DAG(s) 'stock_pipeline' retrieved from /opt/airflow/dags/stock_dag.py
[2026-08-08T19:14:24.609+0000] {logging_mixin.py:190} INFO - [2026-08-08T19:14:24.609+0000] {dag.py:3211} INFO - Sync 1 DAGs
[2026-08-08T19:14:24.630+0000] {logging_mixin.py:190} INFO - [2026-08-08T19:14:24.630+0000] {dag.py:4138} INFO - Setting next_dagrun for stock_pipeline to 2026-08-08 00:00:00+00:00, run_after=2026-08-09 00:00:00+00:00
[2026-08-08T19:14:24.649+0000] {processor.py:208} INFO - Processing /opt/airflow/dags/stock_dag.py took 1.065 seconds
[2026-08-08T19:14:54.868+0000] {processor.py:186} INFO - Started process (PID=160) to work on /opt/airflow/dags/stock_dag.py
[2026-08-08T19:14:54.870+0000] {processor.py:914} INFO - Processing file /opt/airflow/dags/stock_dag.py for tasks to queue
[2026-08-08T19:14:54.872+0000] {logging_mixin.py:190} INFO - [2026-08-08T19:14:54.872+0000] {dagbag.py:587} INFO - Filling up the DagBag from /opt/airflow/dags/stock_dag.py
[2026-08-08T19:14:55.675+0000] {processor.py:925} INFO - DAG(s) 'stock_pipeline' retrieved from /opt/airflow/dags/stock_dag.py
[2026-08-08T19:14:55.698+0000] {logging_mixin.py:190} INFO - [2026-08-08T19:14:55.697+0000] {dag.py:3211} INFO - Sync 1 DAGs
[2026-08-08T19:14:55.718+0000] {logging_mixin.py:190} INFO - [2026-08-08T19:14:55.718+0000] {dag.py:4138} INFO - Setting next_dagrun for stock_pipeline to 2026-08-08 00:00:00+00:00, run_after=2026-08-09 00:00:00+00:00
[2026-08-08T19:14:55.739+0000] {processor.py:208} INFO - Processing /opt/airflow/dags/stock_dag.py took 0.880 seconds
[2026-08-08T19:15:26.104+0000] {processor.py:186} INFO - Started process (PID=168) to work on /opt/airflow/dags/stock_dag.py
[2026-08-08T19:15:26.106+0000] {processor.py:914} INFO - Processing file /opt/airflow/dags/stock_dag.py for tasks to queue
[2026-08-08T19:15:26.109+0000] {logging_mixin.py:190} INFO - [2026-08-08T19:15:26.109+0000] {dagbag.py:587} INFO - Filling up the DagBag from /opt/airflow/dags/stock_dag.py
[2026-08-08T19:15:26.964+0000] {processor.py:925} INFO - DAG(s) 'stock_pipeline' retrieved from /opt/airflow/dags/stock_dag.py
[2026-08-08T19:15:26.983+0000] {logging_mixin.py:190} INFO - [2026-08-08T19:15:26.983+0000] {dag.py:3211} INFO - Sync 1 DAGs
[2026-08-08T19:15:26.999+0000] {logging_mixin.py:190} INFO - [2026-08-08T19:15:26.999+0000] {dag.py:4138} INFO - Setting next_dagrun for stock_pipeline to 2026-08-08 00:00:00+00:00, run_after=2026-08-09 00:00:00+00:00
[2026-08-08T19:15:27.016+0000] {processor.py:208} INFO - Processing /opt/airflow/dags/stock_dag.py took 0.917 seconds
[2026-08-08T19:15:57.357+0000] {processor.py:186} INFO - Started process (PID=176) to work on /opt/airflow/dags/stock_dag.py
[2026-08-08T19:15:57.360+0000] {processor.py:914} INFO - Processing file /opt/airflow/dags/stock_dag.py for tasks to queue
[2026-08-08T19:15:57.365+0000] {logging_mixin.py:190} INFO - [2026-08-08T19:15:57.364+0000] {dagbag.py:587} INFO - Filling up the DagBag from /opt/airflow/dags/stock_dag.py
[2026-08-08T19:15:58.798+0000] {processor.py:925} INFO - DAG(s) 'stock_pipeline' retrieved from /opt/airflow/dags/stock_dag.py
[2026-08-08T19:15:58.859+0000] {logging_mixin.py:190} INFO - [2026-08-08T19:15:58.858+0000] {dag.py:3211} INFO - Sync 1 DAGs
[2026-08-08T19:15:58.917+0000] {logging_mixin.py:190} INFO - [2026-08-08T19:15:58.916+0000] {dag.py:4138} INFO - Setting next_dagrun for stock_pipeline to 2026-08-08 00:00:00+00:00, run_after=2026-08-09 00:00:00+00:00
[2026-08-08T19:15:58.957+0000] {processor.py:208} INFO - Processing /opt/airflow/dags/stock_dag.py took 1.609 seconds
[2026-08-08T19:16:29.346+0000] {processor.py:186} INFO - Started process (PID=184) to work on /opt/airflow/dags/stock_dag.py
[2026-08-08T19:16:29.347+0000] {processor.py:914} INFO - Processing file /opt/airflow/dags/stock_dag.py for tasks to queue
[2026-08-08T19:16:29.351+0000] {logging_mixin.py:190} INFO - [2026-08-08T19:16:29.350+0000] {dagbag.py:587} INFO - Filling up the DagBag from /opt/airflow/dags/stock_dag.py
[2026-08-08T19:16:30.172+0000] {processor.py:925} INFO - DAG(s) 'stock_pipeline' retrieved from /opt/airflow/dags/stock_dag.py
[2026-08-08T19:16:30.203+0000] {logging_mixin.py:190} INFO - [2026-08-08T19:16:30.202+0000] {dag.py:3211} INFO - Sync 1 DAGs
[2026-08-08T19:16:30.233+0000] {logging_mixin.py:190} INFO - [2026-08-08T19:16:30.233+0000] {dag.py:4138} INFO - Setting next_dagrun for stock_pipeline to 2026-08-08 00:00:00+00:00, run_after=2026-08-09 00:00:00+00:00
[2026-08-08T19:16:30.261+0000] {processor.py:208} INFO - Processing /opt/airflow/dags/stock_dag.py took 0.922 seconds
[2026-08-08T19:17:00.561+0000] {processor.py:186} INFO - Started process (PID=193) to work on /opt/airflow/dags/stock_dag.py
[2026-08-08T19:17:00.565+0000] {processor.py:914} INFO - Processing file /opt/airflow/dags/stock_dag.py for tasks to queue
[2026-08-08T19:17:00.568+0000] {logging_mixin.py:190} INFO - [2026-08-08T19:17:00.568+0000] {dagbag.py:587} INFO - Filling up the DagBag from /opt/airflow/dags/stock_dag.py
[2026-08-08T19:17:01.561+0000] {processor.py:925} INFO - DAG(s) 'stock_pipeline' retrieved from /opt/airflow/dags/stock_dag.py
[2026-08-08T19:17:01.589+0000] {logging_mixin.py:190} INFO - [2026-08-08T19:17:01.588+0000] {dag.py:3211} INFO - Sync 1 DAGs
[2026-08-08T19:17:01.614+0000] {logging_mixin.py:190} INFO - [2026-08-08T19:17:01.613+0000] {dag.py:4138} INFO - Setting next_dagrun for stock_pipeline to 2026-08-08 00:00:00+00:00, run_after=2026-08-09 00:00:00+00:00
[2026-08-08T19:17:01.640+0000] {processor.py:208} INFO - Processing /opt/airflow/dags/stock_dag.py took 1.086 seconds
[2026-08-08T19:17:31.881+0000] {processor.py:186} INFO - Started process (PID=202) to work on /opt/airflow/dags/stock_dag.py
[2026-08-08T19:17:31.883+0000] {processor.py:914} INFO - Processing file /opt/airflow/dags/stock_dag.py for tasks to queue
[2026-08-08T19:17:31.886+0000] {logging_mixin.py:190} INFO - [2026-08-08T19:17:31.885+0000] {dagbag.py:587} INFO - Filling up the DagBag from /opt/airflow/dags/stock_dag.py
[2026-08-08T19:17:32.864+0000] {processor.py:925} INFO - DAG(s) 'stock_pipeline' retrieved from /opt/airflow/dags/stock_dag.py
[2026-08-08T19:17:32.893+0000] {logging_mixin.py:190} INFO - [2026-08-08T19:17:32.893+0000] {dag.py:3211} INFO - Sync 1 DAGs
[2026-08-08T19:17:32.919+0000] {logging_mixin.py:190} INFO - [2026-08-08T19:17:32.918+0000] {dag.py:4138} INFO - Setting next_dagrun for stock_pipeline to 2026-08-08 00:00:00+00:00, run_after=2026-08-09 00:00:00+00:00
[2026-08-08T19:17:32.950+0000] {processor.py:208} INFO - Processing /opt/airflow/dags/stock_dag.py took 1.076 seconds
[2026-08-08T19:18:03.214+0000] {processor.py:186} INFO - Started process (PID=216) to work on /opt/airflow/dags/stock_dag.py
[2026-08-08T19:18:03.216+0000] {processor.py:914} INFO - Processing file /opt/airflow/dags/stock_dag.py for tasks to queue
[2026-08-08T19:18:03.224+0000] {logging_mixin.py:190} INFO - [2026-08-08T19:18:03.223+0000] {dagbag.py:587} INFO - Filling up the DagBag from /opt/airflow/dags/stock_dag.py
[2026-08-08T19:18:04.496+0000] {processor.py:925} INFO - DAG(s) 'stock_pipeline' retrieved from /opt/airflow/dags/stock_dag.py
[2026-08-08T19:18:04.518+0000] {logging_mixin.py:190} INFO - [2026-08-08T19:18:04.518+0000] {dag.py:3211} INFO - Sync 1 DAGs
[2026-08-08T19:18:04.537+0000] {logging_mixin.py:190} INFO - [2026-08-08T19:18:04.537+0000] {dag.py:4138} INFO - Setting next_dagrun for stock_pipeline to 2026-08-08 00:00:00+00:00, run_after=2026-08-09 00:00:00+00:00
[2026-08-08T19:18:04.556+0000] {processor.py:208} INFO - Processing /opt/airflow/dags/stock_dag.py took 1.357 seconds
[2026-08-08T19:18:34.846+0000] {processor.py:186} INFO - Started process (PID=224) to work on /opt/airflow/dags/stock_dag.py
[2026-08-08T19:18:34.847+0000] {processor.py:914} INFO - Processing file /opt/airflow/dags/stock_dag.py for tasks to queue
[2026-08-08T19:18:34.850+0000] {logging_mixin.py:190} INFO - [2026-08-08T19:18:34.849+0000] {dagbag.py:587} INFO - Filling up the DagBag from /opt/airflow/dags/stock_dag.py
[2026-08-08T19:18:35.584+0000] {processor.py:925} INFO - DAG(s) 'stock_pipeline' retrieved from /opt/airflow/dags/stock_dag.py
[2026-08-08T19:18:35.608+0000] {logging_mixin.py:190} INFO - [2026-08-08T19:18:35.607+0000] {dag.py:3211} INFO - Sync 1 DAGs
[2026-08-08T19:18:35.629+0000] {logging_mixin.py:190} INFO - [2026-08-08T19:18:35.629+0000] {dag.py:4138} INFO - Setting next_dagrun for stock_pipeline to 2026-08-08 00:00:00+00:00, run_after=2026-08-09 00:00:00+00:00
[2026-08-08T19:18:35.651+0000] {processor.py:208} INFO - Processing /opt/airflow/dags/stock_dag.py took 0.811 seconds
[2026-08-08T19:19:05.763+0000] {processor.py:186} INFO - Started process (PID=232) to work on /opt/airflow/dags/stock_dag.py
[2026-08-08T19:19:05.766+0000] {processor.py:914} INFO - Processing file /opt/airflow/dags/stock_dag.py for tasks to queue
[2026-08-08T19:19:05.768+0000] {logging_mixin.py:190} INFO - [2026-08-08T19:19:05.768+0000] {dagbag.py:587} INFO - Filling up the DagBag from /opt/airflow/dags/stock_dag.py
[2026-08-08T19:19:06.483+0000] {processor.py:925} INFO - DAG(s) 'stock_pipeline' retrieved from /opt/airflow/dags/stock_dag.py
[2026-08-08T19:19:06.514+0000] {logging_mixin.py:190} INFO - [2026-08-08T19:19:06.514+0000] {dag.py:3211} INFO - Sync 1 DAGs
[2026-08-08T19:19:06.537+0000] {logging_mixin.py:190} INFO - [2026-08-08T19:19:06.537+0000] {dag.py:4138} INFO - Setting next_dagrun for stock_pipeline to 2026-08-08 00:00:00+00:00, run_after=2026-08-09 00:00:00+00:00
[2026-08-08T19:19:06.556+0000] {processor.py:208} INFO - Processing /opt/airflow/dags/stock_dag.py took 0.798 seconds
