[2026-08-08T17:25:15.573+0000] {processor.py:186} INFO - Started process (PID=122) to work on /home/airflow/.local/lib/python3.12/site-packages/airflow/example_dags/example_xcomargs.py
[2026-08-08T17:25:15.575+0000] {processor.py:914} INFO - Processing file /home/airflow/.local/lib/python3.12/site-packages/airflow/example_dags/example_xcomargs.py for tasks to queue
[2026-08-08T17:25:15.578+0000] {logging_mixin.py:190} INFO - [2026-08-08T17:25:15.577+0000] {dagbag.py:587} INFO - Filling up the DagBag from /home/airflow/.local/lib/python3.12/site-packages/airflow/example_dags/example_xcomargs.py
[2026-08-08T17:25:15.587+0000] {processor.py:925} INFO - DAG(s) 'example_xcom_args_with_operators', 'example_xcom_args' retrieved from /home/airflow/.local/lib/python3.12/site-packages/airflow/example_dags/example_xcomargs.py
[2026-08-08T17:25:15.673+0000] {logging_mixin.py:190} INFO - [2026-08-08T17:25:15.673+0000] {override.py:1858} INFO - Created Permission View: can delete on DAG:example_xcom_args_with_operators
[2026-08-08T17:25:15.685+0000] {logging_mixin.py:190} INFO - [2026-08-08T17:25:15.685+0000] {override.py:1858} INFO - Created Permission View: can edit on DAG:example_xcom_args_with_operators
[2026-08-08T17:25:15.691+0000] {logging_mixin.py:190} INFO - [2026-08-08T17:25:15.691+0000] {override.py:1858} INFO - Created Permission View: can read on DAG:example_xcom_args_with_operators
[2026-08-08T17:25:15.743+0000] {logging_mixin.py:190} INFO - [2026-08-08T17:25:15.742+0000] {override.py:1858} INFO - Created Permission View: can delete on DAG:example_xcom_args
[2026-08-08T17:25:15.753+0000] {logging_mixin.py:190} INFO - [2026-08-08T17:25:15.753+0000] {override.py:1858} INFO - Created Permission View: can edit on DAG:example_xcom_args
[2026-08-08T17:25:15.762+0000] {logging_mixin.py:190} INFO - [2026-08-08T17:25:15.761+0000] {override.py:1858} INFO - Created Permission View: can read on DAG:example_xcom_args
[2026-08-08T17:25:15.763+0000] {logging_mixin.py:190} INFO - [2026-08-08T17:25:15.763+0000] {dag.py:3211} INFO - Sync 2 DAGs
[2026-08-08T17:25:15.777+0000] {logging_mixin.py:190} INFO - [2026-08-08T17:25:15.776+0000] {dag.py:3234} INFO - Creating ORM DAG for example_xcom_args_with_operators
[2026-08-08T17:25:15.779+0000] {logging_mixin.py:190} INFO - [2026-08-08T17:25:15.778+0000] {dag.py:3234} INFO - Creating ORM DAG for example_xcom_args
[2026-08-08T17:25:15.780+0000] {logging_mixin.py:190} INFO - [2026-08-08T17:25:15.780+0000] {dag.py:4138} INFO - Setting next_dagrun for example_xcom_args to None, run_after=None
[2026-08-08T17:25:15.781+0000] {logging_mixin.py:190} INFO - [2026-08-08T17:25:15.781+0000] {dag.py:4138} INFO - Setting next_dagrun for example_xcom_args_with_operators to None, run_after=None
[2026-08-08T17:25:15.866+0000] {processor.py:208} INFO - Processing /home/airflow/.local/lib/python3.12/site-packages/airflow/example_dags/example_xcomargs.py took 0.298 seconds
[2026-08-08T17:25:46.677+0000] {processor.py:186} INFO - Started process (PID=185) to work on /home/airflow/.local/lib/python3.12/site-packages/airflow/example_dags/example_xcomargs.py
[2026-08-08T17:25:46.679+0000] {processor.py:914} INFO - Processing file /home/airflow/.local/lib/python3.12/site-packages/airflow/example_dags/example_xcomargs.py for tasks to queue
[2026-08-08T17:25:46.682+0000] {logging_mixin.py:190} INFO - [2026-08-08T17:25:46.681+0000] {dagbag.py:587} INFO - Filling up the DagBag from /home/airflow/.local/lib/python3.12/site-packages/airflow/example_dags/example_xcomargs.py
[2026-08-08T17:25:46.691+0000] {processor.py:925} INFO - DAG(s) 'example_xcom_args_with_operators', 'example_xcom_args' retrieved from /home/airflow/.local/lib/python3.12/site-packages/airflow/example_dags/example_xcomargs.py
[2026-08-08T17:25:46.710+0000] {logging_mixin.py:190} INFO - [2026-08-08T17:25:46.710+0000] {dag.py:3211} INFO - Sync 2 DAGs
[2026-08-08T17:25:46.722+0000] {logging_mixin.py:190} INFO - [2026-08-08T17:25:46.722+0000] {dag.py:4138} INFO - Setting next_dagrun for example_xcom_args to None, run_after=None
[2026-08-08T17:25:46.725+0000] {logging_mixin.py:190} INFO - [2026-08-08T17:25:46.725+0000] {dag.py:4138} INFO - Setting next_dagrun for example_xcom_args_with_operators to None, run_after=None
[2026-08-08T17:25:46.747+0000] {processor.py:208} INFO - Processing /home/airflow/.local/lib/python3.12/site-packages/airflow/example_dags/example_xcomargs.py took 0.074 seconds
[2026-08-08T17:26:17.437+0000] {processor.py:186} INFO - Started process (PID=248) to work on /home/airflow/.local/lib/python3.12/site-packages/airflow/example_dags/example_xcomargs.py
[2026-08-08T17:26:17.438+0000] {processor.py:914} INFO - Processing file /home/airflow/.local/lib/python3.12/site-packages/airflow/example_dags/example_xcomargs.py for tasks to queue
[2026-08-08T17:26:17.442+0000] {logging_mixin.py:190} INFO - [2026-08-08T17:26:17.441+0000] {dagbag.py:587} INFO - Filling up the DagBag from /home/airflow/.local/lib/python3.12/site-packages/airflow/example_dags/example_xcomargs.py
[2026-08-08T17:26:17.454+0000] {processor.py:925} INFO - DAG(s) 'example_xcom_args', 'example_xcom_args_with_operators' retrieved from /home/airflow/.local/lib/python3.12/site-packages/airflow/example_dags/example_xcomargs.py
[2026-08-08T17:26:17.481+0000] {logging_mixin.py:190} INFO - [2026-08-08T17:26:17.480+0000] {dag.py:3211} INFO - Sync 2 DAGs
[2026-08-08T17:26:17.494+0000] {logging_mixin.py:190} INFO - [2026-08-08T17:26:17.494+0000] {dag.py:4138} INFO - Setting next_dagrun for example_xcom_args to None, run_after=None
[2026-08-08T17:26:17.499+0000] {logging_mixin.py:190} INFO - [2026-08-08T17:26:17.498+0000] {dag.py:4138} INFO - Setting next_dagrun for example_xcom_args_with_operators to None, run_after=None
[2026-08-08T17:26:17.518+0000] {processor.py:208} INFO - Processing /home/airflow/.local/lib/python3.12/site-packages/airflow/example_dags/example_xcomargs.py took 0.090 seconds
[2026-08-08T17:26:47.594+0000] {processor.py:186} INFO - Started process (PID=311) to work on /home/airflow/.local/lib/python3.12/site-packages/airflow/example_dags/example_xcomargs.py
[2026-08-08T17:26:47.596+0000] {processor.py:914} INFO - Processing file /home/airflow/.local/lib/python3.12/site-packages/airflow/example_dags/example_xcomargs.py for tasks to queue
[2026-08-08T17:26:47.601+0000] {logging_mixin.py:190} INFO - [2026-08-08T17:26:47.600+0000] {dagbag.py:587} INFO - Filling up the DagBag from /home/airflow/.local/lib/python3.12/site-packages/airflow/example_dags/example_xcomargs.py
[2026-08-08T17:26:47.616+0000] {processor.py:925} INFO - DAG(s) 'example_xcom_args', 'example_xcom_args_with_operators' retrieved from /home/airflow/.local/lib/python3.12/site-packages/airflow/example_dags/example_xcomargs.py
[2026-08-08T17:26:47.647+0000] {logging_mixin.py:190} INFO - [2026-08-08T17:26:47.647+0000] {dag.py:3211} INFO - Sync 2 DAGs
[2026-08-08T17:26:47.664+0000] {logging_mixin.py:190} INFO - [2026-08-08T17:26:47.664+0000] {dag.py:4138} INFO - Setting next_dagrun for example_xcom_args to None, run_after=None
[2026-08-08T17:26:47.669+0000] {logging_mixin.py:190} INFO - [2026-08-08T17:26:47.668+0000] {dag.py:4138} INFO - Setting next_dagrun for example_xcom_args_with_operators to None, run_after=None
[2026-08-08T17:26:47.697+0000] {processor.py:208} INFO - Processing /home/airflow/.local/lib/python3.12/site-packages/airflow/example_dags/example_xcomargs.py took 0.109 seconds
[2026-08-08T17:27:17.800+0000] {processor.py:186} INFO - Started process (PID=374) to work on /home/airflow/.local/lib/python3.12/site-packages/airflow/example_dags/example_xcomargs.py
[2026-08-08T17:27:17.801+0000] {processor.py:914} INFO - Processing file /home/airflow/.local/lib/python3.12/site-packages/airflow/example_dags/example_xcomargs.py for tasks to queue
[2026-08-08T17:27:17.804+0000] {logging_mixin.py:190} INFO - [2026-08-08T17:27:17.804+0000] {dagbag.py:587} INFO - Filling up the DagBag from /home/airflow/.local/lib/python3.12/site-packages/airflow/example_dags/example_xcomargs.py
[2026-08-08T17:27:17.813+0000] {processor.py:925} INFO - DAG(s) 'example_xcom_args_with_operators', 'example_xcom_args' retrieved from /home/airflow/.local/lib/python3.12/site-packages/airflow/example_dags/example_xcomargs.py
[2026-08-08T17:27:17.835+0000] {logging_mixin.py:190} INFO - [2026-08-08T17:27:17.835+0000] {dag.py:3211} INFO - Sync 2 DAGs
[2026-08-08T17:27:17.847+0000] {logging_mixin.py:190} INFO - [2026-08-08T17:27:17.846+0000] {dag.py:4138} INFO - Setting next_dagrun for example_xcom_args to None, run_after=None
[2026-08-08T17:27:17.850+0000] {logging_mixin.py:190} INFO - [2026-08-08T17:27:17.850+0000] {dag.py:4138} INFO - Setting next_dagrun for example_xcom_args_with_operators to None, run_after=None
[2026-08-08T17:27:17.874+0000] {processor.py:208} INFO - Processing /home/airflow/.local/lib/python3.12/site-packages/airflow/example_dags/example_xcomargs.py took 0.080 seconds
[2026-08-08T17:27:48.332+0000] {processor.py:186} INFO - Started process (PID=437) to work on /home/airflow/.local/lib/python3.12/site-packages/airflow/example_dags/example_xcomargs.py
[2026-08-08T17:27:48.333+0000] {processor.py:914} INFO - Processing file /home/airflow/.local/lib/python3.12/site-packages/airflow/example_dags/example_xcomargs.py for tasks to queue
[2026-08-08T17:27:48.339+0000] {logging_mixin.py:190} INFO - [2026-08-08T17:27:48.338+0000] {dagbag.py:587} INFO - Filling up the DagBag from /home/airflow/.local/lib/python3.12/site-packages/airflow/example_dags/example_xcomargs.py
[2026-08-08T17:27:48.350+0000] {processor.py:925} INFO - DAG(s) 'example_xcom_args_with_operators', 'example_xcom_args' retrieved from /home/airflow/.local/lib/python3.12/site-packages/airflow/example_dags/example_xcomargs.py
[2026-08-08T17:27:48.377+0000] {logging_mixin.py:190} INFO - [2026-08-08T17:27:48.377+0000] {dag.py:3211} INFO - Sync 2 DAGs
[2026-08-08T17:27:48.394+0000] {logging_mixin.py:190} INFO - [2026-08-08T17:27:48.394+0000] {dag.py:4138} INFO - Setting next_dagrun for example_xcom_args to None, run_after=None
[2026-08-08T17:27:48.399+0000] {logging_mixin.py:190} INFO - [2026-08-08T17:27:48.398+0000] {dag.py:4138} INFO - Setting next_dagrun for example_xcom_args_with_operators to None, run_after=None
[2026-08-08T17:27:48.417+0000] {processor.py:208} INFO - Processing /home/airflow/.local/lib/python3.12/site-packages/airflow/example_dags/example_xcomargs.py took 0.093 seconds
[2026-08-08T17:28:18.861+0000] {processor.py:186} INFO - Started process (PID=500) to work on /home/airflow/.local/lib/python3.12/site-packages/airflow/example_dags/example_xcomargs.py
[2026-08-08T17:28:18.862+0000] {processor.py:914} INFO - Processing file /home/airflow/.local/lib/python3.12/site-packages/airflow/example_dags/example_xcomargs.py for tasks to queue
[2026-08-08T17:28:18.867+0000] {logging_mixin.py:190} INFO - [2026-08-08T17:28:18.866+0000] {dagbag.py:587} INFO - Filling up the DagBag from /home/airflow/.local/lib/python3.12/site-packages/airflow/example_dags/example_xcomargs.py
[2026-08-08T17:28:18.878+0000] {processor.py:925} INFO - DAG(s) 'example_xcom_args', 'example_xcom_args_with_operators' retrieved from /home/airflow/.local/lib/python3.12/site-packages/airflow/example_dags/example_xcomargs.py
[2026-08-08T17:28:18.910+0000] {logging_mixin.py:190} INFO - [2026-08-08T17:28:18.910+0000] {dag.py:3211} INFO - Sync 2 DAGs
[2026-08-08T17:28:18.938+0000] {logging_mixin.py:190} INFO - [2026-08-08T17:28:18.937+0000] {dag.py:4138} INFO - Setting next_dagrun for example_xcom_args to None, run_after=None
[2026-08-08T17:28:18.944+0000] {logging_mixin.py:190} INFO - [2026-08-08T17:28:18.944+0000] {dag.py:4138} INFO - Setting next_dagrun for example_xcom_args_with_operators to None, run_after=None
[2026-08-08T17:28:18.971+0000] {processor.py:208} INFO - Processing /home/airflow/.local/lib/python3.12/site-packages/airflow/example_dags/example_xcomargs.py took 0.115 seconds
[2026-08-08T17:28:49.187+0000] {processor.py:186} INFO - Started process (PID=563) to work on /home/airflow/.local/lib/python3.12/site-packages/airflow/example_dags/example_xcomargs.py
[2026-08-08T17:28:49.188+0000] {processor.py:914} INFO - Processing file /home/airflow/.local/lib/python3.12/site-packages/airflow/example_dags/example_xcomargs.py for tasks to queue
[2026-08-08T17:28:49.192+0000] {logging_mixin.py:190} INFO - [2026-08-08T17:28:49.191+0000] {dagbag.py:587} INFO - Filling up the DagBag from /home/airflow/.local/lib/python3.12/site-packages/airflow/example_dags/example_xcomargs.py
[2026-08-08T17:28:49.204+0000] {processor.py:925} INFO - DAG(s) 'example_xcom_args', 'example_xcom_args_with_operators' retrieved from /home/airflow/.local/lib/python3.12/site-packages/airflow/example_dags/example_xcomargs.py
[2026-08-08T17:28:49.230+0000] {logging_mixin.py:190} INFO - [2026-08-08T17:28:49.230+0000] {dag.py:3211} INFO - Sync 2 DAGs
[2026-08-08T17:28:49.252+0000] {logging_mixin.py:190} INFO - [2026-08-08T17:28:49.251+0000] {dag.py:4138} INFO - Setting next_dagrun for example_xcom_args to None, run_after=None
[2026-08-08T17:28:49.259+0000] {logging_mixin.py:190} INFO - [2026-08-08T17:28:49.259+0000] {dag.py:4138} INFO - Setting next_dagrun for example_xcom_args_with_operators to None, run_after=None
[2026-08-08T17:28:49.288+0000] {processor.py:208} INFO - Processing /home/airflow/.local/lib/python3.12/site-packages/airflow/example_dags/example_xcomargs.py took 0.111 seconds
[2026-08-08T17:29:19.408+0000] {processor.py:186} INFO - Started process (PID=626) to work on /home/airflow/.local/lib/python3.12/site-packages/airflow/example_dags/example_xcomargs.py
[2026-08-08T17:29:19.410+0000] {processor.py:914} INFO - Processing file /home/airflow/.local/lib/python3.12/site-packages/airflow/example_dags/example_xcomargs.py for tasks to queue
[2026-08-08T17:29:19.413+0000] {logging_mixin.py:190} INFO - [2026-08-08T17:29:19.413+0000] {dagbag.py:587} INFO - Filling up the DagBag from /home/airflow/.local/lib/python3.12/site-packages/airflow/example_dags/example_xcomargs.py
[2026-08-08T17:29:19.422+0000] {processor.py:925} INFO - DAG(s) 'example_xcom_args', 'example_xcom_args_with_operators' retrieved from /home/airflow/.local/lib/python3.12/site-packages/airflow/example_dags/example_xcomargs.py
[2026-08-08T17:29:19.445+0000] {logging_mixin.py:190} INFO - [2026-08-08T17:29:19.445+0000] {dag.py:3211} INFO - Sync 2 DAGs
[2026-08-08T17:29:19.457+0000] {logging_mixin.py:190} INFO - [2026-08-08T17:29:19.456+0000] {dag.py:4138} INFO - Setting next_dagrun for example_xcom_args to None, run_after=None
[2026-08-08T17:29:19.460+0000] {logging_mixin.py:190} INFO - [2026-08-08T17:29:19.460+0000] {dag.py:4138} INFO - Setting next_dagrun for example_xcom_args_with_operators to None, run_after=None
[2026-08-08T17:29:19.477+0000] {processor.py:208} INFO - Processing /home/airflow/.local/lib/python3.12/site-packages/airflow/example_dags/example_xcomargs.py took 0.074 seconds
[2026-08-08T17:29:50.293+0000] {processor.py:186} INFO - Started process (PID=689) to work on /home/airflow/.local/lib/python3.12/site-packages/airflow/example_dags/example_xcomargs.py
[2026-08-08T17:29:50.295+0000] {processor.py:914} INFO - Processing file /home/airflow/.local/lib/python3.12/site-packages/airflow/example_dags/example_xcomargs.py for tasks to queue
[2026-08-08T17:29:50.301+0000] {logging_mixin.py:190} INFO - [2026-08-08T17:29:50.300+0000] {dagbag.py:587} INFO - Filling up the DagBag from /home/airflow/.local/lib/python3.12/site-packages/airflow/example_dags/example_xcomargs.py
[2026-08-08T17:29:50.316+0000] {processor.py:925} INFO - DAG(s) 'example_xcom_args_with_operators', 'example_xcom_args' retrieved from /home/airflow/.local/lib/python3.12/site-packages/airflow/example_dags/example_xcomargs.py
[2026-08-08T17:29:50.341+0000] {logging_mixin.py:190} INFO - [2026-08-08T17:29:50.341+0000] {dag.py:3211} INFO - Sync 2 DAGs
[2026-08-08T17:29:50.359+0000] {logging_mixin.py:190} INFO - [2026-08-08T17:29:50.358+0000] {dag.py:4138} INFO - Setting next_dagrun for example_xcom_args to None, run_after=None
[2026-08-08T17:29:50.364+0000] {logging_mixin.py:190} INFO - [2026-08-08T17:29:50.364+0000] {dag.py:4138} INFO - Setting next_dagrun for example_xcom_args_with_operators to None, run_after=None
[2026-08-08T17:29:50.386+0000] {processor.py:208} INFO - Processing /home/airflow/.local/lib/python3.12/site-packages/airflow/example_dags/example_xcomargs.py took 0.101 seconds
[2026-08-08T17:30:21.139+0000] {processor.py:186} INFO - Started process (PID=752) to work on /home/airflow/.local/lib/python3.12/site-packages/airflow/example_dags/example_xcomargs.py
[2026-08-08T17:30:21.142+0000] {processor.py:914} INFO - Processing file /home/airflow/.local/lib/python3.12/site-packages/airflow/example_dags/example_xcomargs.py for tasks to queue
[2026-08-08T17:30:21.148+0000] {logging_mixin.py:190} INFO - [2026-08-08T17:30:21.148+0000] {dagbag.py:587} INFO - Filling up the DagBag from /home/airflow/.local/lib/python3.12/site-packages/airflow/example_dags/example_xcomargs.py
[2026-08-08T17:30:21.166+0000] {processor.py:925} INFO - DAG(s) 'example_xcom_args_with_operators', 'example_xcom_args' retrieved from /home/airflow/.local/lib/python3.12/site-packages/airflow/example_dags/example_xcomargs.py
[2026-08-08T17:30:21.204+0000] {logging_mixin.py:190} INFO - [2026-08-08T17:30:21.204+0000] {dag.py:3211} INFO - Sync 2 DAGs
[2026-08-08T17:30:21.229+0000] {logging_mixin.py:190} INFO - [2026-08-08T17:30:21.228+0000] {dag.py:4138} INFO - Setting next_dagrun for example_xcom_args to None, run_after=None
[2026-08-08T17:30:21.234+0000] {logging_mixin.py:190} INFO - [2026-08-08T17:30:21.234+0000] {dag.py:4138} INFO - Setting next_dagrun for example_xcom_args_with_operators to None, run_after=None
[2026-08-08T17:30:21.269+0000] {processor.py:208} INFO - Processing /home/airflow/.local/lib/python3.12/site-packages/airflow/example_dags/example_xcomargs.py took 0.140 seconds
[2026-08-08T17:30:51.365+0000] {processor.py:186} INFO - Started process (PID=815) to work on /home/airflow/.local/lib/python3.12/site-packages/airflow/example_dags/example_xcomargs.py
[2026-08-08T17:30:51.366+0000] {processor.py:914} INFO - Processing file /home/airflow/.local/lib/python3.12/site-packages/airflow/example_dags/example_xcomargs.py for tasks to queue
[2026-08-08T17:30:51.369+0000] {logging_mixin.py:190} INFO - [2026-08-08T17:30:51.369+0000] {dagbag.py:587} INFO - Filling up the DagBag from /home/airflow/.local/lib/python3.12/site-packages/airflow/example_dags/example_xcomargs.py
[2026-08-08T17:30:51.378+0000] {processor.py:925} INFO - DAG(s) 'example_xcom_args', 'example_xcom_args_with_operators' retrieved from /home/airflow/.local/lib/python3.12/site-packages/airflow/example_dags/example_xcomargs.py
[2026-08-08T17:30:51.400+0000] {logging_mixin.py:190} INFO - [2026-08-08T17:30:51.400+0000] {dag.py:3211} INFO - Sync 2 DAGs
[2026-08-08T17:30:51.413+0000] {logging_mixin.py:190} INFO - [2026-08-08T17:30:51.413+0000] {dag.py:4138} INFO - Setting next_dagrun for example_xcom_args to None, run_after=None
[2026-08-08T17:30:51.417+0000] {logging_mixin.py:190} INFO - [2026-08-08T17:30:51.417+0000] {dag.py:4138} INFO - Setting next_dagrun for example_xcom_args_with_operators to None, run_after=None
[2026-08-08T17:30:51.440+0000] {processor.py:208} INFO - Processing /home/airflow/.local/lib/python3.12/site-packages/airflow/example_dags/example_xcomargs.py took 0.080 seconds
[2026-08-08T17:31:22.130+0000] {processor.py:186} INFO - Started process (PID=878) to work on /home/airflow/.local/lib/python3.12/site-packages/airflow/example_dags/example_xcomargs.py
[2026-08-08T17:31:22.131+0000] {processor.py:914} INFO - Processing file /home/airflow/.local/lib/python3.12/site-packages/airflow/example_dags/example_xcomargs.py for tasks to queue
[2026-08-08T17:31:22.137+0000] {logging_mixin.py:190} INFO - [2026-08-08T17:31:22.136+0000] {dagbag.py:587} INFO - Filling up the DagBag from /home/airflow/.local/lib/python3.12/site-packages/airflow/example_dags/example_xcomargs.py
[2026-08-08T17:31:22.166+0000] {processor.py:925} INFO - DAG(s) 'example_xcom_args_with_operators', 'example_xcom_args' retrieved from /home/airflow/.local/lib/python3.12/site-packages/airflow/example_dags/example_xcomargs.py
[2026-08-08T17:31:22.201+0000] {logging_mixin.py:190} INFO - [2026-08-08T17:31:22.201+0000] {dag.py:3211} INFO - Sync 2 DAGs
[2026-08-08T17:31:22.222+0000] {logging_mixin.py:190} INFO - [2026-08-08T17:31:22.222+0000] {dag.py:4138} INFO - Setting next_dagrun for example_xcom_args to None, run_after=None
[2026-08-08T17:31:22.227+0000] {logging_mixin.py:190} INFO - [2026-08-08T17:31:22.227+0000] {dag.py:4138} INFO - Setting next_dagrun for example_xcom_args_with_operators to None, run_after=None
[2026-08-08T17:31:22.252+0000] {processor.py:208} INFO - Processing /home/airflow/.local/lib/python3.12/site-packages/airflow/example_dags/example_xcomargs.py took 0.135 seconds
[2026-08-08T17:31:52.968+0000] {processor.py:186} INFO - Started process (PID=941) to work on /home/airflow/.local/lib/python3.12/site-packages/airflow/example_dags/example_xcomargs.py
[2026-08-08T17:31:52.969+0000] {processor.py:914} INFO - Processing file /home/airflow/.local/lib/python3.12/site-packages/airflow/example_dags/example_xcomargs.py for tasks to queue
[2026-08-08T17:31:52.972+0000] {logging_mixin.py:190} INFO - [2026-08-08T17:31:52.972+0000] {dagbag.py:587} INFO - Filling up the DagBag from /home/airflow/.local/lib/python3.12/site-packages/airflow/example_dags/example_xcomargs.py
[2026-08-08T17:31:52.982+0000] {processor.py:925} INFO - DAG(s) 'example_xcom_args_with_operators', 'example_xcom_args' retrieved from /home/airflow/.local/lib/python3.12/site-packages/airflow/example_dags/example_xcomargs.py
[2026-08-08T17:31:53.003+0000] {logging_mixin.py:190} INFO - [2026-08-08T17:31:53.002+0000] {dag.py:3211} INFO - Sync 2 DAGs
[2026-08-08T17:31:53.014+0000] {logging_mixin.py:190} INFO - [2026-08-08T17:31:53.014+0000] {dag.py:4138} INFO - Setting next_dagrun for example_xcom_args to None, run_after=None
[2026-08-08T17:31:53.017+0000] {logging_mixin.py:190} INFO - [2026-08-08T17:31:53.017+0000] {dag.py:4138} INFO - Setting next_dagrun for example_xcom_args_with_operators to None, run_after=None
[2026-08-08T17:31:53.035+0000] {processor.py:208} INFO - Processing /home/airflow/.local/lib/python3.12/site-packages/airflow/example_dags/example_xcomargs.py took 0.074 seconds
[2026-08-08T17:32:23.359+0000] {processor.py:186} INFO - Started process (PID=1004) to work on /home/airflow/.local/lib/python3.12/site-packages/airflow/example_dags/example_xcomargs.py
[2026-08-08T17:32:23.361+0000] {processor.py:914} INFO - Processing file /home/airflow/.local/lib/python3.12/site-packages/airflow/example_dags/example_xcomargs.py for tasks to queue
[2026-08-08T17:32:23.364+0000] {logging_mixin.py:190} INFO - [2026-08-08T17:32:23.363+0000] {dagbag.py:587} INFO - Filling up the DagBag from /home/airflow/.local/lib/python3.12/site-packages/airflow/example_dags/example_xcomargs.py
[2026-08-08T17:32:23.374+0000] {processor.py:925} INFO - DAG(s) 'example_xcom_args_with_operators', 'example_xcom_args' retrieved from /home/airflow/.local/lib/python3.12/site-packages/airflow/example_dags/example_xcomargs.py
[2026-08-08T17:32:23.400+0000] {logging_mixin.py:190} INFO - [2026-08-08T17:32:23.399+0000] {dag.py:3211} INFO - Sync 2 DAGs
[2026-08-08T17:32:23.417+0000] {logging_mixin.py:190} INFO - [2026-08-08T17:32:23.416+0000] {dag.py:4138} INFO - Setting next_dagrun for example_xcom_args to None, run_after=None
[2026-08-08T17:32:23.422+0000] {logging_mixin.py:190} INFO - [2026-08-08T17:32:23.421+0000] {dag.py:4138} INFO - Setting next_dagrun for example_xcom_args_with_operators to None, run_after=None
[2026-08-08T17:32:23.452+0000] {processor.py:208} INFO - Processing /home/airflow/.local/lib/python3.12/site-packages/airflow/example_dags/example_xcomargs.py took 0.098 seconds
[2026-08-08T17:32:53.677+0000] {processor.py:186} INFO - Started process (PID=1068) to work on /home/airflow/.local/lib/python3.12/site-packages/airflow/example_dags/example_xcomargs.py
[2026-08-08T17:32:53.679+0000] {processor.py:914} INFO - Processing file /home/airflow/.local/lib/python3.12/site-packages/airflow/example_dags/example_xcomargs.py for tasks to queue
[2026-08-08T17:32:53.683+0000] {logging_mixin.py:190} INFO - [2026-08-08T17:32:53.682+0000] {dagbag.py:587} INFO - Filling up the DagBag from /home/airflow/.local/lib/python3.12/site-packages/airflow/example_dags/example_xcomargs.py
[2026-08-08T17:32:53.691+0000] {processor.py:925} INFO - DAG(s) 'example_xcom_args_with_operators', 'example_xcom_args' retrieved from /home/airflow/.local/lib/python3.12/site-packages/airflow/example_dags/example_xcomargs.py
[2026-08-08T17:32:53.712+0000] {logging_mixin.py:190} INFO - [2026-08-08T17:32:53.712+0000] {dag.py:3211} INFO - Sync 2 DAGs
[2026-08-08T17:32:53.726+0000] {logging_mixin.py:190} INFO - [2026-08-08T17:32:53.726+0000] {dag.py:4138} INFO - Setting next_dagrun for example_xcom_args to None, run_after=None
[2026-08-08T17:32:53.730+0000] {logging_mixin.py:190} INFO - [2026-08-08T17:32:53.730+0000] {dag.py:4138} INFO - Setting next_dagrun for example_xcom_args_with_operators to None, run_after=None
[2026-08-08T17:32:53.757+0000] {processor.py:208} INFO - Processing /home/airflow/.local/lib/python3.12/site-packages/airflow/example_dags/example_xcomargs.py took 0.084 seconds
[2026-08-08T17:33:24.272+0000] {processor.py:186} INFO - Started process (PID=1131) to work on /home/airflow/.local/lib/python3.12/site-packages/airflow/example_dags/example_xcomargs.py
[2026-08-08T17:33:24.274+0000] {processor.py:914} INFO - Processing file /home/airflow/.local/lib/python3.12/site-packages/airflow/example_dags/example_xcomargs.py for tasks to queue
[2026-08-08T17:33:24.278+0000] {logging_mixin.py:190} INFO - [2026-08-08T17:33:24.278+0000] {dagbag.py:587} INFO - Filling up the DagBag from /home/airflow/.local/lib/python3.12/site-packages/airflow/example_dags/example_xcomargs.py
[2026-08-08T17:33:24.294+0000] {processor.py:925} INFO - DAG(s) 'example_xcom_args', 'example_xcom_args_with_operators' retrieved from /home/airflow/.local/lib/python3.12/site-packages/airflow/example_dags/example_xcomargs.py
[2026-08-08T17:33:24.341+0000] {logging_mixin.py:190} INFO - [2026-08-08T17:33:24.340+0000] {dag.py:3211} INFO - Sync 2 DAGs
[2026-08-08T17:33:24.364+0000] {logging_mixin.py:190} INFO - [2026-08-08T17:33:24.364+0000] {dag.py:4138} INFO - Setting next_dagrun for example_xcom_args to None, run_after=None
[2026-08-08T17:33:24.369+0000] {logging_mixin.py:190} INFO - [2026-08-08T17:33:24.369+0000] {dag.py:4138} INFO - Setting next_dagrun for example_xcom_args_with_operators to None, run_after=None
[2026-08-08T17:33:24.395+0000] {processor.py:208} INFO - Processing /home/airflow/.local/lib/python3.12/site-packages/airflow/example_dags/example_xcomargs.py took 0.129 seconds
[2026-08-08T17:33:54.737+0000] {processor.py:186} INFO - Started process (PID=1194) to work on /home/airflow/.local/lib/python3.12/site-packages/airflow/example_dags/example_xcomargs.py
[2026-08-08T17:33:54.738+0000] {processor.py:914} INFO - Processing file /home/airflow/.local/lib/python3.12/site-packages/airflow/example_dags/example_xcomargs.py for tasks to queue
[2026-08-08T17:33:54.740+0000] {logging_mixin.py:190} INFO - [2026-08-08T17:33:54.740+0000] {dagbag.py:587} INFO - Filling up the DagBag from /home/airflow/.local/lib/python3.12/site-packages/airflow/example_dags/example_xcomargs.py
[2026-08-08T17:33:54.752+0000] {processor.py:925} INFO - DAG(s) 'example_xcom_args', 'example_xcom_args_with_operators' retrieved from /home/airflow/.local/lib/python3.12/site-packages/airflow/example_dags/example_xcomargs.py
[2026-08-08T17:33:54.776+0000] {logging_mixin.py:190} INFO - [2026-08-08T17:33:54.776+0000] {dag.py:3211} INFO - Sync 2 DAGs
[2026-08-08T17:33:54.789+0000] {logging_mixin.py:190} INFO - [2026-08-08T17:33:54.788+0000] {dag.py:4138} INFO - Setting next_dagrun for example_xcom_args to None, run_after=None
[2026-08-08T17:33:54.793+0000] {logging_mixin.py:190} INFO - [2026-08-08T17:33:54.792+0000] {dag.py:4138} INFO - Setting next_dagrun for example_xcom_args_with_operators to None, run_after=None
[2026-08-08T17:33:54.814+0000] {processor.py:208} INFO - Processing /home/airflow/.local/lib/python3.12/site-packages/airflow/example_dags/example_xcomargs.py took 0.083 seconds
[2026-08-08T17:34:24.869+0000] {processor.py:186} INFO - Started process (PID=1257) to work on /home/airflow/.local/lib/python3.12/site-packages/airflow/example_dags/example_xcomargs.py
[2026-08-08T17:34:24.871+0000] {processor.py:914} INFO - Processing file /home/airflow/.local/lib/python3.12/site-packages/airflow/example_dags/example_xcomargs.py for tasks to queue
[2026-08-08T17:34:24.873+0000] {logging_mixin.py:190} INFO - [2026-08-08T17:34:24.873+0000] {dagbag.py:587} INFO - Filling up the DagBag from /home/airflow/.local/lib/python3.12/site-packages/airflow/example_dags/example_xcomargs.py
[2026-08-08T17:34:24.883+0000] {processor.py:925} INFO - DAG(s) 'example_xcom_args', 'example_xcom_args_with_operators' retrieved from /home/airflow/.local/lib/python3.12/site-packages/airflow/example_dags/example_xcomargs.py
[2026-08-08T17:34:24.906+0000] {logging_mixin.py:190} INFO - [2026-08-08T17:34:24.906+0000] {dag.py:3211} INFO - Sync 2 DAGs
[2026-08-08T17:34:24.920+0000] {logging_mixin.py:190} INFO - [2026-08-08T17:34:24.919+0000] {dag.py:4138} INFO - Setting next_dagrun for example_xcom_args to None, run_after=None
[2026-08-08T17:34:24.923+0000] {logging_mixin.py:190} INFO - [2026-08-08T17:34:24.923+0000] {dag.py:4138} INFO - Setting next_dagrun for example_xcom_args_with_operators to None, run_after=None
[2026-08-08T17:34:24.938+0000] {processor.py:208} INFO - Processing /home/airflow/.local/lib/python3.12/site-packages/airflow/example_dags/example_xcomargs.py took 0.074 seconds
[2026-08-08T17:34:55.500+0000] {processor.py:186} INFO - Started process (PID=1320) to work on /home/airflow/.local/lib/python3.12/site-packages/airflow/example_dags/example_xcomargs.py
[2026-08-08T17:34:55.501+0000] {processor.py:914} INFO - Processing file /home/airflow/.local/lib/python3.12/site-packages/airflow/example_dags/example_xcomargs.py for tasks to queue
[2026-08-08T17:34:55.504+0000] {logging_mixin.py:190} INFO - [2026-08-08T17:34:55.503+0000] {dagbag.py:587} INFO - Filling up the DagBag from /home/airflow/.local/lib/python3.12/site-packages/airflow/example_dags/example_xcomargs.py
[2026-08-08T17:34:55.514+0000] {processor.py:925} INFO - DAG(s) 'example_xcom_args', 'example_xcom_args_with_operators' retrieved from /home/airflow/.local/lib/python3.12/site-packages/airflow/example_dags/example_xcomargs.py
[2026-08-08T17:34:55.536+0000] {logging_mixin.py:190} INFO - [2026-08-08T17:34:55.536+0000] {dag.py:3211} INFO - Sync 2 DAGs
[2026-08-08T17:34:55.549+0000] {logging_mixin.py:190} INFO - [2026-08-08T17:34:55.548+0000] {dag.py:4138} INFO - Setting next_dagrun for example_xcom_args to None, run_after=None
[2026-08-08T17:34:55.552+0000] {logging_mixin.py:190} INFO - [2026-08-08T17:34:55.552+0000] {dag.py:4138} INFO - Setting next_dagrun for example_xcom_args_with_operators to None, run_after=None
[2026-08-08T17:34:55.568+0000] {processor.py:208} INFO - Processing /home/airflow/.local/lib/python3.12/site-packages/airflow/example_dags/example_xcomargs.py took 0.073 seconds
[2026-08-08T17:35:26.207+0000] {processor.py:186} INFO - Started process (PID=1383) to work on /home/airflow/.local/lib/python3.12/site-packages/airflow/example_dags/example_xcomargs.py
[2026-08-08T17:35:26.208+0000] {processor.py:914} INFO - Processing file /home/airflow/.local/lib/python3.12/site-packages/airflow/example_dags/example_xcomargs.py for tasks to queue
[2026-08-08T17:35:26.210+0000] {logging_mixin.py:190} INFO - [2026-08-08T17:35:26.210+0000] {dagbag.py:587} INFO - Filling up the DagBag from /home/airflow/.local/lib/python3.12/site-packages/airflow/example_dags/example_xcomargs.py
[2026-08-08T17:35:26.218+0000] {processor.py:925} INFO - DAG(s) 'example_xcom_args_with_operators', 'example_xcom_args' retrieved from /home/airflow/.local/lib/python3.12/site-packages/airflow/example_dags/example_xcomargs.py
[2026-08-08T17:35:26.238+0000] {logging_mixin.py:190} INFO - [2026-08-08T17:35:26.237+0000] {dag.py:3211} INFO - Sync 2 DAGs
[2026-08-08T17:35:26.248+0000] {logging_mixin.py:190} INFO - [2026-08-08T17:35:26.248+0000] {dag.py:4138} INFO - Setting next_dagrun for example_xcom_args to None, run_after=None
[2026-08-08T17:35:26.250+0000] {logging_mixin.py:190} INFO - [2026-08-08T17:35:26.250+0000] {dag.py:4138} INFO - Setting next_dagrun for example_xcom_args_with_operators to None, run_after=None
[2026-08-08T17:35:26.268+0000] {processor.py:208} INFO - Processing /home/airflow/.local/lib/python3.12/site-packages/airflow/example_dags/example_xcomargs.py took 0.066 seconds
[2026-08-08T17:35:56.646+0000] {processor.py:186} INFO - Started process (PID=1446) to work on /home/airflow/.local/lib/python3.12/site-packages/airflow/example_dags/example_xcomargs.py
[2026-08-08T17:35:56.647+0000] {processor.py:914} INFO - Processing file /home/airflow/.local/lib/python3.12/site-packages/airflow/example_dags/example_xcomargs.py for tasks to queue
[2026-08-08T17:35:56.649+0000] {logging_mixin.py:190} INFO - [2026-08-08T17:35:56.649+0000] {dagbag.py:587} INFO - Filling up the DagBag from /home/airflow/.local/lib/python3.12/site-packages/airflow/example_dags/example_xcomargs.py
[2026-08-08T17:35:56.658+0000] {processor.py:925} INFO - DAG(s) 'example_xcom_args', 'example_xcom_args_with_operators' retrieved from /home/airflow/.local/lib/python3.12/site-packages/airflow/example_dags/example_xcomargs.py
[2026-08-08T17:35:56.677+0000] {logging_mixin.py:190} INFO - [2026-08-08T17:35:56.677+0000] {dag.py:3211} INFO - Sync 2 DAGs
[2026-08-08T17:35:56.687+0000] {logging_mixin.py:190} INFO - [2026-08-08T17:35:56.687+0000] {dag.py:4138} INFO - Setting next_dagrun for example_xcom_args to None, run_after=None
[2026-08-08T17:35:56.690+0000] {logging_mixin.py:190} INFO - [2026-08-08T17:35:56.689+0000] {dag.py:4138} INFO - Setting next_dagrun for example_xcom_args_with_operators to None, run_after=None
[2026-08-08T17:35:56.703+0000] {processor.py:208} INFO - Processing /home/airflow/.local/lib/python3.12/site-packages/airflow/example_dags/example_xcomargs.py took 0.061 seconds
[2026-08-08T17:36:26.938+0000] {processor.py:186} INFO - Started process (PID=1509) to work on /home/airflow/.local/lib/python3.12/site-packages/airflow/example_dags/example_xcomargs.py
[2026-08-08T17:36:26.939+0000] {processor.py:914} INFO - Processing file /home/airflow/.local/lib/python3.12/site-packages/airflow/example_dags/example_xcomargs.py for tasks to queue
[2026-08-08T17:36:26.942+0000] {logging_mixin.py:190} INFO - [2026-08-08T17:36:26.942+0000] {dagbag.py:587} INFO - Filling up the DagBag from /home/airflow/.local/lib/python3.12/site-packages/airflow/example_dags/example_xcomargs.py
[2026-08-08T17:36:26.953+0000] {processor.py:925} INFO - DAG(s) 'example_xcom_args', 'example_xcom_args_with_operators' retrieved from /home/airflow/.local/lib/python3.12/site-packages/airflow/example_dags/example_xcomargs.py
[2026-08-08T17:36:26.976+0000] {logging_mixin.py:190} INFO - [2026-08-08T17:36:26.976+0000] {dag.py:3211} INFO - Sync 2 DAGs
[2026-08-08T17:36:26.988+0000] {logging_mixin.py:190} INFO - [2026-08-08T17:36:26.988+0000] {dag.py:4138} INFO - Setting next_dagrun for example_xcom_args to None, run_after=None
[2026-08-08T17:36:26.992+0000] {logging_mixin.py:190} INFO - [2026-08-08T17:36:26.991+0000] {dag.py:4138} INFO - Setting next_dagrun for example_xcom_args_with_operators to None, run_after=None
[2026-08-08T17:36:27.009+0000] {processor.py:208} INFO - Processing /home/airflow/.local/lib/python3.12/site-packages/airflow/example_dags/example_xcomargs.py took 0.077 seconds
[2026-08-08T17:38:17.994+0000] {processor.py:186} INFO - Started process (PID=110) to work on /home/airflow/.local/lib/python3.12/site-packages/airflow/example_dags/example_xcomargs.py
[2026-08-08T17:38:17.995+0000] {processor.py:914} INFO - Processing file /home/airflow/.local/lib/python3.12/site-packages/airflow/example_dags/example_xcomargs.py for tasks to queue
[2026-08-08T17:38:17.998+0000] {logging_mixin.py:190} INFO - [2026-08-08T17:38:17.997+0000] {dagbag.py:587} INFO - Filling up the DagBag from /home/airflow/.local/lib/python3.12/site-packages/airflow/example_dags/example_xcomargs.py
[2026-08-08T17:38:18.006+0000] {processor.py:925} INFO - DAG(s) 'example_xcom_args_with_operators', 'example_xcom_args' retrieved from /home/airflow/.local/lib/python3.12/site-packages/airflow/example_dags/example_xcomargs.py
[2026-08-08T17:38:18.027+0000] {logging_mixin.py:190} INFO - [2026-08-08T17:38:18.027+0000] {dag.py:3211} INFO - Sync 2 DAGs
[2026-08-08T17:38:18.041+0000] {logging_mixin.py:190} INFO - [2026-08-08T17:38:18.041+0000] {dag.py:4138} INFO - Setting next_dagrun for example_xcom_args to None, run_after=None
[2026-08-08T17:38:18.045+0000] {logging_mixin.py:190} INFO - [2026-08-08T17:38:18.044+0000] {dag.py:4138} INFO - Setting next_dagrun for example_xcom_args_with_operators to None, run_after=None
[2026-08-08T17:38:18.070+0000] {processor.py:208} INFO - Processing /home/airflow/.local/lib/python3.12/site-packages/airflow/example_dags/example_xcomargs.py took 0.081 seconds
[2026-08-08T17:38:49.274+0000] {processor.py:186} INFO - Started process (PID=173) to work on /home/airflow/.local/lib/python3.12/site-packages/airflow/example_dags/example_xcomargs.py
[2026-08-08T17:38:49.275+0000] {processor.py:914} INFO - Processing file /home/airflow/.local/lib/python3.12/site-packages/airflow/example_dags/example_xcomargs.py for tasks to queue
[2026-08-08T17:38:49.278+0000] {logging_mixin.py:190} INFO - [2026-08-08T17:38:49.278+0000] {dagbag.py:587} INFO - Filling up the DagBag from /home/airflow/.local/lib/python3.12/site-packages/airflow/example_dags/example_xcomargs.py
[2026-08-08T17:38:49.287+0000] {processor.py:925} INFO - DAG(s) 'example_xcom_args_with_operators', 'example_xcom_args' retrieved from /home/airflow/.local/lib/python3.12/site-packages/airflow/example_dags/example_xcomargs.py
[2026-08-08T17:38:49.309+0000] {logging_mixin.py:190} INFO - [2026-08-08T17:38:49.309+0000] {dag.py:3211} INFO - Sync 2 DAGs
[2026-08-08T17:38:49.321+0000] {logging_mixin.py:190} INFO - [2026-08-08T17:38:49.320+0000] {dag.py:4138} INFO - Setting next_dagrun for example_xcom_args to None, run_after=None
[2026-08-08T17:38:49.325+0000] {logging_mixin.py:190} INFO - [2026-08-08T17:38:49.325+0000] {dag.py:4138} INFO - Setting next_dagrun for example_xcom_args_with_operators to None, run_after=None
[2026-08-08T17:38:49.347+0000] {processor.py:208} INFO - Processing /home/airflow/.local/lib/python3.12/site-packages/airflow/example_dags/example_xcomargs.py took 0.078 seconds
[2026-08-08T17:39:20.147+0000] {processor.py:186} INFO - Started process (PID=236) to work on /home/airflow/.local/lib/python3.12/site-packages/airflow/example_dags/example_xcomargs.py
[2026-08-08T17:39:20.149+0000] {processor.py:914} INFO - Processing file /home/airflow/.local/lib/python3.12/site-packages/airflow/example_dags/example_xcomargs.py for tasks to queue
[2026-08-08T17:39:20.152+0000] {logging_mixin.py:190} INFO - [2026-08-08T17:39:20.152+0000] {dagbag.py:587} INFO - Filling up the DagBag from /home/airflow/.local/lib/python3.12/site-packages/airflow/example_dags/example_xcomargs.py
[2026-08-08T17:39:20.169+0000] {processor.py:925} INFO - DAG(s) 'example_xcom_args_with_operators', 'example_xcom_args' retrieved from /home/airflow/.local/lib/python3.12/site-packages/airflow/example_dags/example_xcomargs.py
[2026-08-08T17:39:20.201+0000] {logging_mixin.py:190} INFO - [2026-08-08T17:39:20.200+0000] {dag.py:3211} INFO - Sync 2 DAGs
[2026-08-08T17:39:20.217+0000] {logging_mixin.py:190} INFO - [2026-08-08T17:39:20.217+0000] {dag.py:4138} INFO - Setting next_dagrun for example_xcom_args to None, run_after=None
[2026-08-08T17:39:20.222+0000] {logging_mixin.py:190} INFO - [2026-08-08T17:39:20.222+0000] {dag.py:4138} INFO - Setting next_dagrun for example_xcom_args_with_operators to None, run_after=None
[2026-08-08T17:39:20.257+0000] {processor.py:208} INFO - Processing /home/airflow/.local/lib/python3.12/site-packages/airflow/example_dags/example_xcomargs.py took 0.118 seconds
[2026-08-08T17:39:50.668+0000] {processor.py:186} INFO - Started process (PID=299) to work on /home/airflow/.local/lib/python3.12/site-packages/airflow/example_dags/example_xcomargs.py
[2026-08-08T17:39:50.669+0000] {processor.py:914} INFO - Processing file /home/airflow/.local/lib/python3.12/site-packages/airflow/example_dags/example_xcomargs.py for tasks to queue
[2026-08-08T17:39:50.671+0000] {logging_mixin.py:190} INFO - [2026-08-08T17:39:50.671+0000] {dagbag.py:587} INFO - Filling up the DagBag from /home/airflow/.local/lib/python3.12/site-packages/airflow/example_dags/example_xcomargs.py
[2026-08-08T17:39:50.678+0000] {processor.py:925} INFO - DAG(s) 'example_xcom_args_with_operators', 'example_xcom_args' retrieved from /home/airflow/.local/lib/python3.12/site-packages/airflow/example_dags/example_xcomargs.py
[2026-08-08T17:39:50.696+0000] {logging_mixin.py:190} INFO - [2026-08-08T17:39:50.695+0000] {dag.py:3211} INFO - Sync 2 DAGs
[2026-08-08T17:39:50.705+0000] {logging_mixin.py:190} INFO - [2026-08-08T17:39:50.705+0000] {dag.py:4138} INFO - Setting next_dagrun for example_xcom_args to None, run_after=None
[2026-08-08T17:39:50.708+0000] {logging_mixin.py:190} INFO - [2026-08-08T17:39:50.707+0000] {dag.py:4138} INFO - Setting next_dagrun for example_xcom_args_with_operators to None, run_after=None
[2026-08-08T17:39:50.723+0000] {processor.py:208} INFO - Processing /home/airflow/.local/lib/python3.12/site-packages/airflow/example_dags/example_xcomargs.py took 0.059 seconds
[2026-08-08T17:42:42.460+0000] {processor.py:186} INFO - Started process (PID=122) to work on /home/airflow/.local/lib/python3.12/site-packages/airflow/example_dags/example_xcomargs.py
[2026-08-08T17:42:42.463+0000] {processor.py:914} INFO - Processing file /home/airflow/.local/lib/python3.12/site-packages/airflow/example_dags/example_xcomargs.py for tasks to queue
[2026-08-08T17:42:42.469+0000] {logging_mixin.py:190} INFO - [2026-08-08T17:42:42.468+0000] {dagbag.py:587} INFO - Filling up the DagBag from /home/airflow/.local/lib/python3.12/site-packages/airflow/example_dags/example_xcomargs.py
[2026-08-08T17:42:42.492+0000] {processor.py:925} INFO - DAG(s) 'example_xcom_args_with_operators', 'example_xcom_args' retrieved from /home/airflow/.local/lib/python3.12/site-packages/airflow/example_dags/example_xcomargs.py
[2026-08-08T17:42:42.556+0000] {logging_mixin.py:190} INFO - [2026-08-08T17:42:42.555+0000] {dag.py:3211} INFO - Sync 2 DAGs
[2026-08-08T17:42:42.598+0000] {logging_mixin.py:190} INFO - [2026-08-08T17:42:42.598+0000] {dag.py:4138} INFO - Setting next_dagrun for example_xcom_args to None, run_after=None
[2026-08-08T17:42:42.609+0000] {logging_mixin.py:190} INFO - [2026-08-08T17:42:42.609+0000] {dag.py:4138} INFO - Setting next_dagrun for example_xcom_args_with_operators to None, run_after=None
[2026-08-08T17:42:42.656+0000] {processor.py:208} INFO - Processing /home/airflow/.local/lib/python3.12/site-packages/airflow/example_dags/example_xcomargs.py took 0.207 seconds
[2026-08-08T17:43:13.060+0000] {processor.py:186} INFO - Started process (PID=185) to work on /home/airflow/.local/lib/python3.12/site-packages/airflow/example_dags/example_xcomargs.py
[2026-08-08T17:43:13.062+0000] {processor.py:914} INFO - Processing file /home/airflow/.local/lib/python3.12/site-packages/airflow/example_dags/example_xcomargs.py for tasks to queue
[2026-08-08T17:43:13.066+0000] {logging_mixin.py:190} INFO - [2026-08-08T17:43:13.065+0000] {dagbag.py:587} INFO - Filling up the DagBag from /home/airflow/.local/lib/python3.12/site-packages/airflow/example_dags/example_xcomargs.py
[2026-08-08T17:43:13.085+0000] {processor.py:925} INFO - DAG(s) 'example_xcom_args_with_operators', 'example_xcom_args' retrieved from /home/airflow/.local/lib/python3.12/site-packages/airflow/example_dags/example_xcomargs.py
[2026-08-08T17:43:13.122+0000] {logging_mixin.py:190} INFO - [2026-08-08T17:43:13.121+0000] {dag.py:3211} INFO - Sync 2 DAGs
[2026-08-08T17:43:13.139+0000] {logging_mixin.py:190} INFO - [2026-08-08T17:43:13.138+0000] {dag.py:4138} INFO - Setting next_dagrun for example_xcom_args to None, run_after=None
[2026-08-08T17:43:13.145+0000] {logging_mixin.py:190} INFO - [2026-08-08T17:43:13.144+0000] {dag.py:4138} INFO - Setting next_dagrun for example_xcom_args_with_operators to None, run_after=None
[2026-08-08T17:43:13.166+0000] {processor.py:208} INFO - Processing /home/airflow/.local/lib/python3.12/site-packages/airflow/example_dags/example_xcomargs.py took 0.117 seconds
[2026-08-08T17:43:44.398+0000] {processor.py:186} INFO - Started process (PID=248) to work on /home/airflow/.local/lib/python3.12/site-packages/airflow/example_dags/example_xcomargs.py
[2026-08-08T17:43:44.400+0000] {processor.py:914} INFO - Processing file /home/airflow/.local/lib/python3.12/site-packages/airflow/example_dags/example_xcomargs.py for tasks to queue
[2026-08-08T17:43:44.404+0000] {logging_mixin.py:190} INFO - [2026-08-08T17:43:44.404+0000] {dagbag.py:587} INFO - Filling up the DagBag from /home/airflow/.local/lib/python3.12/site-packages/airflow/example_dags/example_xcomargs.py
[2026-08-08T17:43:44.419+0000] {processor.py:925} INFO - DAG(s) 'example_xcom_args', 'example_xcom_args_with_operators' retrieved from /home/airflow/.local/lib/python3.12/site-packages/airflow/example_dags/example_xcomargs.py
[2026-08-08T17:43:44.442+0000] {logging_mixin.py:190} INFO - [2026-08-08T17:43:44.442+0000] {dag.py:3211} INFO - Sync 2 DAGs
[2026-08-08T17:43:44.457+0000] {logging_mixin.py:190} INFO - [2026-08-08T17:43:44.457+0000] {dag.py:4138} INFO - Setting next_dagrun for example_xcom_args to None, run_after=None
[2026-08-08T17:43:44.463+0000] {logging_mixin.py:190} INFO - [2026-08-08T17:43:44.463+0000] {dag.py:4138} INFO - Setting next_dagrun for example_xcom_args_with_operators to None, run_after=None
[2026-08-08T17:43:44.484+0000] {processor.py:208} INFO - Processing /home/airflow/.local/lib/python3.12/site-packages/airflow/example_dags/example_xcomargs.py took 0.091 seconds
[2026-08-08T17:44:14.993+0000] {processor.py:186} INFO - Started process (PID=311) to work on /home/airflow/.local/lib/python3.12/site-packages/airflow/example_dags/example_xcomargs.py
[2026-08-08T17:44:14.995+0000] {processor.py:914} INFO - Processing file /home/airflow/.local/lib/python3.12/site-packages/airflow/example_dags/example_xcomargs.py for tasks to queue
[2026-08-08T17:44:15.000+0000] {logging_mixin.py:190} INFO - [2026-08-08T17:44:15.000+0000] {dagbag.py:587} INFO - Filling up the DagBag from /home/airflow/.local/lib/python3.12/site-packages/airflow/example_dags/example_xcomargs.py
[2026-08-08T17:44:15.016+0000] {processor.py:925} INFO - DAG(s) 'example_xcom_args_with_operators', 'example_xcom_args' retrieved from /home/airflow/.local/lib/python3.12/site-packages/airflow/example_dags/example_xcomargs.py
[2026-08-08T17:44:15.044+0000] {logging_mixin.py:190} INFO - [2026-08-08T17:44:15.044+0000] {dag.py:3211} INFO - Sync 2 DAGs
[2026-08-08T17:44:15.067+0000] {logging_mixin.py:190} INFO - [2026-08-08T17:44:15.067+0000] {dag.py:4138} INFO - Setting next_dagrun for example_xcom_args to None, run_after=None
[2026-08-08T17:44:15.075+0000] {logging_mixin.py:190} INFO - [2026-08-08T17:44:15.074+0000] {dag.py:4138} INFO - Setting next_dagrun for example_xcom_args_with_operators to None, run_after=None
[2026-08-08T17:44:15.103+0000] {processor.py:208} INFO - Processing /home/airflow/.local/lib/python3.12/site-packages/airflow/example_dags/example_xcomargs.py took 0.118 seconds
[2026-08-08T17:44:45.417+0000] {processor.py:186} INFO - Started process (PID=374) to work on /home/airflow/.local/lib/python3.12/site-packages/airflow/example_dags/example_xcomargs.py
[2026-08-08T17:44:45.419+0000] {processor.py:914} INFO - Processing file /home/airflow/.local/lib/python3.12/site-packages/airflow/example_dags/example_xcomargs.py for tasks to queue
[2026-08-08T17:44:45.421+0000] {logging_mixin.py:190} INFO - [2026-08-08T17:44:45.421+0000] {dagbag.py:587} INFO - Filling up the DagBag from /home/airflow/.local/lib/python3.12/site-packages/airflow/example_dags/example_xcomargs.py
[2026-08-08T17:44:45.434+0000] {processor.py:925} INFO - DAG(s) 'example_xcom_args', 'example_xcom_args_with_operators' retrieved from /home/airflow/.local/lib/python3.12/site-packages/airflow/example_dags/example_xcomargs.py
[2026-08-08T17:44:45.461+0000] {logging_mixin.py:190} INFO - [2026-08-08T17:44:45.460+0000] {dag.py:3211} INFO - Sync 2 DAGs
[2026-08-08T17:44:45.474+0000] {logging_mixin.py:190} INFO - [2026-08-08T17:44:45.474+0000] {dag.py:4138} INFO - Setting next_dagrun for example_xcom_args to None, run_after=None
[2026-08-08T17:44:45.479+0000] {logging_mixin.py:190} INFO - [2026-08-08T17:44:45.478+0000] {dag.py:4138} INFO - Setting next_dagrun for example_xcom_args_with_operators to None, run_after=None
[2026-08-08T17:44:45.497+0000] {processor.py:208} INFO - Processing /home/airflow/.local/lib/python3.12/site-packages/airflow/example_dags/example_xcomargs.py took 0.089 seconds
[2026-08-08T17:45:15.725+0000] {processor.py:186} INFO - Started process (PID=437) to work on /home/airflow/.local/lib/python3.12/site-packages/airflow/example_dags/example_xcomargs.py
[2026-08-08T17:45:15.726+0000] {processor.py:914} INFO - Processing file /home/airflow/.local/lib/python3.12/site-packages/airflow/example_dags/example_xcomargs.py for tasks to queue
[2026-08-08T17:45:15.729+0000] {logging_mixin.py:190} INFO - [2026-08-08T17:45:15.729+0000] {dagbag.py:587} INFO - Filling up the DagBag from /home/airflow/.local/lib/python3.12/site-packages/airflow/example_dags/example_xcomargs.py
[2026-08-08T17:45:15.740+0000] {processor.py:925} INFO - DAG(s) 'example_xcom_args', 'example_xcom_args_with_operators' retrieved from /home/airflow/.local/lib/python3.12/site-packages/airflow/example_dags/example_xcomargs.py
[2026-08-08T17:45:15.760+0000] {logging_mixin.py:190} INFO - [2026-08-08T17:45:15.760+0000] {dag.py:3211} INFO - Sync 2 DAGs
[2026-08-08T17:45:15.772+0000] {logging_mixin.py:190} INFO - [2026-08-08T17:45:15.772+0000] {dag.py:4138} INFO - Setting next_dagrun for example_xcom_args to None, run_after=None
[2026-08-08T17:45:15.775+0000] {logging_mixin.py:190} INFO - [2026-08-08T17:45:15.775+0000] {dag.py:4138} INFO - Setting next_dagrun for example_xcom_args_with_operators to None, run_after=None
[2026-08-08T17:45:15.789+0000] {processor.py:208} INFO - Processing /home/airflow/.local/lib/python3.12/site-packages/airflow/example_dags/example_xcomargs.py took 0.069 seconds
[2026-08-08T17:45:45.975+0000] {processor.py:186} INFO - Started process (PID=500) to work on /home/airflow/.local/lib/python3.12/site-packages/airflow/example_dags/example_xcomargs.py
[2026-08-08T17:45:45.977+0000] {processor.py:914} INFO - Processing file /home/airflow/.local/lib/python3.12/site-packages/airflow/example_dags/example_xcomargs.py for tasks to queue
[2026-08-08T17:45:45.979+0000] {logging_mixin.py:190} INFO - [2026-08-08T17:45:45.979+0000] {dagbag.py:587} INFO - Filling up the DagBag from /home/airflow/.local/lib/python3.12/site-packages/airflow/example_dags/example_xcomargs.py
[2026-08-08T17:45:45.988+0000] {processor.py:925} INFO - DAG(s) 'example_xcom_args_with_operators', 'example_xcom_args' retrieved from /home/airflow/.local/lib/python3.12/site-packages/airflow/example_dags/example_xcomargs.py
[2026-08-08T17:45:46.009+0000] {logging_mixin.py:190} INFO - [2026-08-08T17:45:46.008+0000] {dag.py:3211} INFO - Sync 2 DAGs
[2026-08-08T17:45:46.021+0000] {logging_mixin.py:190} INFO - [2026-08-08T17:45:46.020+0000] {dag.py:4138} INFO - Setting next_dagrun for example_xcom_args to None, run_after=None
[2026-08-08T17:45:46.024+0000] {logging_mixin.py:190} INFO - [2026-08-08T17:45:46.024+0000] {dag.py:4138} INFO - Setting next_dagrun for example_xcom_args_with_operators to None, run_after=None
[2026-08-08T17:45:46.041+0000] {processor.py:208} INFO - Processing /home/airflow/.local/lib/python3.12/site-packages/airflow/example_dags/example_xcomargs.py took 0.072 seconds
[2026-08-08T17:47:16.806+0000] {processor.py:186} INFO - Started process (PID=123) to work on /home/airflow/.local/lib/python3.12/site-packages/airflow/example_dags/example_xcomargs.py
[2026-08-08T17:47:16.810+0000] {processor.py:914} INFO - Processing file /home/airflow/.local/lib/python3.12/site-packages/airflow/example_dags/example_xcomargs.py for tasks to queue
[2026-08-08T17:47:16.816+0000] {logging_mixin.py:190} INFO - [2026-08-08T17:47:16.815+0000] {dagbag.py:587} INFO - Filling up the DagBag from /home/airflow/.local/lib/python3.12/site-packages/airflow/example_dags/example_xcomargs.py
[2026-08-08T17:47:16.837+0000] {processor.py:925} INFO - DAG(s) 'example_xcom_args', 'example_xcom_args_with_operators' retrieved from /home/airflow/.local/lib/python3.12/site-packages/airflow/example_dags/example_xcomargs.py
[2026-08-08T17:47:16.876+0000] {logging_mixin.py:190} INFO - [2026-08-08T17:47:16.876+0000] {dag.py:3211} INFO - Sync 2 DAGs
[2026-08-08T17:47:16.901+0000] {logging_mixin.py:190} INFO - [2026-08-08T17:47:16.901+0000] {dag.py:4138} INFO - Setting next_dagrun for example_xcom_args to None, run_after=None
[2026-08-08T17:47:16.907+0000] {logging_mixin.py:190} INFO - [2026-08-08T17:47:16.906+0000] {dag.py:4138} INFO - Setting next_dagrun for example_xcom_args_with_operators to None, run_after=None
[2026-08-08T17:47:16.934+0000] {processor.py:208} INFO - Processing /home/airflow/.local/lib/python3.12/site-packages/airflow/example_dags/example_xcomargs.py took 0.135 seconds
[2026-08-08T17:47:47.366+0000] {processor.py:186} INFO - Started process (PID=186) to work on /home/airflow/.local/lib/python3.12/site-packages/airflow/example_dags/example_xcomargs.py
[2026-08-08T17:47:47.368+0000] {processor.py:914} INFO - Processing file /home/airflow/.local/lib/python3.12/site-packages/airflow/example_dags/example_xcomargs.py for tasks to queue
[2026-08-08T17:47:47.371+0000] {logging_mixin.py:190} INFO - [2026-08-08T17:47:47.370+0000] {dagbag.py:587} INFO - Filling up the DagBag from /home/airflow/.local/lib/python3.12/site-packages/airflow/example_dags/example_xcomargs.py
[2026-08-08T17:47:47.380+0000] {processor.py:925} INFO - DAG(s) 'example_xcom_args', 'example_xcom_args_with_operators' retrieved from /home/airflow/.local/lib/python3.12/site-packages/airflow/example_dags/example_xcomargs.py
[2026-08-08T17:47:47.405+0000] {logging_mixin.py:190} INFO - [2026-08-08T17:47:47.405+0000] {dag.py:3211} INFO - Sync 2 DAGs
[2026-08-08T17:47:47.419+0000] {logging_mixin.py:190} INFO - [2026-08-08T17:47:47.419+0000] {dag.py:4138} INFO - Setting next_dagrun for example_xcom_args to None, run_after=None
[2026-08-08T17:47:47.423+0000] {logging_mixin.py:190} INFO - [2026-08-08T17:47:47.423+0000] {dag.py:4138} INFO - Setting next_dagrun for example_xcom_args_with_operators to None, run_after=None
[2026-08-08T17:47:47.440+0000] {processor.py:208} INFO - Processing /home/airflow/.local/lib/python3.12/site-packages/airflow/example_dags/example_xcomargs.py took 0.081 seconds
[2026-08-08T17:48:18.485+0000] {processor.py:186} INFO - Started process (PID=255) to work on /home/airflow/.local/lib/python3.12/site-packages/airflow/example_dags/example_xcomargs.py
[2026-08-08T17:48:18.487+0000] {processor.py:914} INFO - Processing file /home/airflow/.local/lib/python3.12/site-packages/airflow/example_dags/example_xcomargs.py for tasks to queue
[2026-08-08T17:48:18.491+0000] {logging_mixin.py:190} INFO - [2026-08-08T17:48:18.490+0000] {dagbag.py:587} INFO - Filling up the DagBag from /home/airflow/.local/lib/python3.12/site-packages/airflow/example_dags/example_xcomargs.py
[2026-08-08T17:48:18.502+0000] {processor.py:925} INFO - DAG(s) 'example_xcom_args', 'example_xcom_args_with_operators' retrieved from /home/airflow/.local/lib/python3.12/site-packages/airflow/example_dags/example_xcomargs.py
[2026-08-08T17:48:18.532+0000] {logging_mixin.py:190} INFO - [2026-08-08T17:48:18.531+0000] {dag.py:3211} INFO - Sync 2 DAGs
[2026-08-08T17:48:18.544+0000] {logging_mixin.py:190} INFO - [2026-08-08T17:48:18.544+0000] {dag.py:4138} INFO - Setting next_dagrun for example_xcom_args to None, run_after=None
[2026-08-08T17:48:18.547+0000] {logging_mixin.py:190} INFO - [2026-08-08T17:48:18.547+0000] {dag.py:4138} INFO - Setting next_dagrun for example_xcom_args_with_operators to None, run_after=None
[2026-08-08T17:48:18.569+0000] {processor.py:208} INFO - Processing /home/airflow/.local/lib/python3.12/site-packages/airflow/example_dags/example_xcomargs.py took 0.090 seconds
[2026-08-08T17:48:49.305+0000] {processor.py:186} INFO - Started process (PID=318) to work on /home/airflow/.local/lib/python3.12/site-packages/airflow/example_dags/example_xcomargs.py
[2026-08-08T17:48:49.307+0000] {processor.py:914} INFO - Processing file /home/airflow/.local/lib/python3.12/site-packages/airflow/example_dags/example_xcomargs.py for tasks to queue
[2026-08-08T17:48:49.312+0000] {logging_mixin.py:190} INFO - [2026-08-08T17:48:49.311+0000] {dagbag.py:587} INFO - Filling up the DagBag from /home/airflow/.local/lib/python3.12/site-packages/airflow/example_dags/example_xcomargs.py
[2026-08-08T17:48:49.327+0000] {processor.py:925} INFO - DAG(s) 'example_xcom_args_with_operators', 'example_xcom_args' retrieved from /home/airflow/.local/lib/python3.12/site-packages/airflow/example_dags/example_xcomargs.py
[2026-08-08T17:48:49.364+0000] {logging_mixin.py:190} INFO - [2026-08-08T17:48:49.364+0000] {dag.py:3211} INFO - Sync 2 DAGs
[2026-08-08T17:48:49.386+0000] {logging_mixin.py:190} INFO - [2026-08-08T17:48:49.386+0000] {dag.py:4138} INFO - Setting next_dagrun for example_xcom_args to None, run_after=None
[2026-08-08T17:48:49.392+0000] {logging_mixin.py:190} INFO - [2026-08-08T17:48:49.392+0000] {dag.py:4138} INFO - Setting next_dagrun for example_xcom_args_with_operators to None, run_after=None
[2026-08-08T17:48:49.419+0000] {processor.py:208} INFO - Processing /home/airflow/.local/lib/python3.12/site-packages/airflow/example_dags/example_xcomargs.py took 0.124 seconds
[2026-08-08T17:52:40.961+0000] {processor.py:186} INFO - Started process (PID=122) to work on /home/airflow/.local/lib/python3.12/site-packages/airflow/example_dags/example_xcomargs.py
[2026-08-08T17:52:40.964+0000] {processor.py:914} INFO - Processing file /home/airflow/.local/lib/python3.12/site-packages/airflow/example_dags/example_xcomargs.py for tasks to queue
[2026-08-08T17:52:40.968+0000] {logging_mixin.py:190} INFO - [2026-08-08T17:52:40.968+0000] {dagbag.py:587} INFO - Filling up the DagBag from /home/airflow/.local/lib/python3.12/site-packages/airflow/example_dags/example_xcomargs.py
[2026-08-08T17:52:40.988+0000] {processor.py:925} INFO - DAG(s) 'example_xcom_args', 'example_xcom_args_with_operators' retrieved from /home/airflow/.local/lib/python3.12/site-packages/airflow/example_dags/example_xcomargs.py
[2026-08-08T17:52:41.032+0000] {logging_mixin.py:190} INFO - [2026-08-08T17:52:41.031+0000] {dag.py:3211} INFO - Sync 2 DAGs
[2026-08-08T17:52:41.055+0000] {logging_mixin.py:190} INFO - [2026-08-08T17:52:41.054+0000] {dag.py:4138} INFO - Setting next_dagrun for example_xcom_args to None, run_after=None
[2026-08-08T17:52:41.060+0000] {logging_mixin.py:190} INFO - [2026-08-08T17:52:41.060+0000] {dag.py:4138} INFO - Setting next_dagrun for example_xcom_args_with_operators to None, run_after=None
[2026-08-08T17:52:41.107+0000] {processor.py:208} INFO - Processing /home/airflow/.local/lib/python3.12/site-packages/airflow/example_dags/example_xcomargs.py took 0.156 seconds
[2026-08-08T17:53:11.268+0000] {processor.py:186} INFO - Started process (PID=185) to work on /home/airflow/.local/lib/python3.12/site-packages/airflow/example_dags/example_xcomargs.py
[2026-08-08T17:53:11.270+0000] {processor.py:914} INFO - Processing file /home/airflow/.local/lib/python3.12/site-packages/airflow/example_dags/example_xcomargs.py for tasks to queue
[2026-08-08T17:53:11.273+0000] {logging_mixin.py:190} INFO - [2026-08-08T17:53:11.272+0000] {dagbag.py:587} INFO - Filling up the DagBag from /home/airflow/.local/lib/python3.12/site-packages/airflow/example_dags/example_xcomargs.py
[2026-08-08T17:53:11.284+0000] {processor.py:925} INFO - DAG(s) 'example_xcom_args_with_operators', 'example_xcom_args' retrieved from /home/airflow/.local/lib/python3.12/site-packages/airflow/example_dags/example_xcomargs.py
[2026-08-08T17:53:11.308+0000] {logging_mixin.py:190} INFO - [2026-08-08T17:53:11.308+0000] {dag.py:3211} INFO - Sync 2 DAGs
[2026-08-08T17:53:11.324+0000] {logging_mixin.py:190} INFO - [2026-08-08T17:53:11.324+0000] {dag.py:4138} INFO - Setting next_dagrun for example_xcom_args to None, run_after=None
[2026-08-08T17:53:11.328+0000] {logging_mixin.py:190} INFO - [2026-08-08T17:53:11.328+0000] {dag.py:4138} INFO - Setting next_dagrun for example_xcom_args_with_operators to None, run_after=None
[2026-08-08T17:53:11.345+0000] {processor.py:208} INFO - Processing /home/airflow/.local/lib/python3.12/site-packages/airflow/example_dags/example_xcomargs.py took 0.084 seconds
[2026-08-08T17:53:41.832+0000] {processor.py:186} INFO - Started process (PID=248) to work on /home/airflow/.local/lib/python3.12/site-packages/airflow/example_dags/example_xcomargs.py
[2026-08-08T17:53:41.833+0000] {processor.py:914} INFO - Processing file /home/airflow/.local/lib/python3.12/site-packages/airflow/example_dags/example_xcomargs.py for tasks to queue
[2026-08-08T17:53:41.835+0000] {logging_mixin.py:190} INFO - [2026-08-08T17:53:41.835+0000] {dagbag.py:587} INFO - Filling up the DagBag from /home/airflow/.local/lib/python3.12/site-packages/airflow/example_dags/example_xcomargs.py
[2026-08-08T17:53:41.843+0000] {processor.py:925} INFO - DAG(s) 'example_xcom_args_with_operators', 'example_xcom_args' retrieved from /home/airflow/.local/lib/python3.12/site-packages/airflow/example_dags/example_xcomargs.py
[2026-08-08T17:53:41.861+0000] {logging_mixin.py:190} INFO - [2026-08-08T17:53:41.861+0000] {dag.py:3211} INFO - Sync 2 DAGs
[2026-08-08T17:53:41.873+0000] {logging_mixin.py:190} INFO - [2026-08-08T17:53:41.872+0000] {dag.py:4138} INFO - Setting next_dagrun for example_xcom_args to None, run_after=None
[2026-08-08T17:53:41.876+0000] {logging_mixin.py:190} INFO - [2026-08-08T17:53:41.875+0000] {dag.py:4138} INFO - Setting next_dagrun for example_xcom_args_with_operators to None, run_after=None
[2026-08-08T17:53:41.889+0000] {processor.py:208} INFO - Processing /home/airflow/.local/lib/python3.12/site-packages/airflow/example_dags/example_xcomargs.py took 0.063 seconds
[2026-08-08T17:54:12.455+0000] {processor.py:186} INFO - Started process (PID=311) to work on /home/airflow/.local/lib/python3.12/site-packages/airflow/example_dags/example_xcomargs.py
[2026-08-08T17:54:12.457+0000] {processor.py:914} INFO - Processing file /home/airflow/.local/lib/python3.12/site-packages/airflow/example_dags/example_xcomargs.py for tasks to queue
[2026-08-08T17:54:12.461+0000] {logging_mixin.py:190} INFO - [2026-08-08T17:54:12.461+0000] {dagbag.py:587} INFO - Filling up the DagBag from /home/airflow/.local/lib/python3.12/site-packages/airflow/example_dags/example_xcomargs.py
[2026-08-08T17:54:12.476+0000] {processor.py:925} INFO - DAG(s) 'example_xcom_args_with_operators', 'example_xcom_args' retrieved from /home/airflow/.local/lib/python3.12/site-packages/airflow/example_dags/example_xcomargs.py
[2026-08-08T17:54:12.499+0000] {logging_mixin.py:190} INFO - [2026-08-08T17:54:12.499+0000] {dag.py:3211} INFO - Sync 2 DAGs
[2026-08-08T17:54:12.512+0000] {logging_mixin.py:190} INFO - [2026-08-08T17:54:12.512+0000] {dag.py:4138} INFO - Setting next_dagrun for example_xcom_args to None, run_after=None
[2026-08-08T17:54:12.516+0000] {logging_mixin.py:190} INFO - [2026-08-08T17:54:12.516+0000] {dag.py:4138} INFO - Setting next_dagrun for example_xcom_args_with_operators to None, run_after=None
[2026-08-08T17:54:12.529+0000] {processor.py:208} INFO - Processing /home/airflow/.local/lib/python3.12/site-packages/airflow/example_dags/example_xcomargs.py took 0.084 seconds
[2026-08-08T17:54:42.635+0000] {processor.py:186} INFO - Started process (PID=374) to work on /home/airflow/.local/lib/python3.12/site-packages/airflow/example_dags/example_xcomargs.py
[2026-08-08T17:54:42.637+0000] {processor.py:914} INFO - Processing file /home/airflow/.local/lib/python3.12/site-packages/airflow/example_dags/example_xcomargs.py for tasks to queue
[2026-08-08T17:54:42.639+0000] {logging_mixin.py:190} INFO - [2026-08-08T17:54:42.639+0000] {dagbag.py:587} INFO - Filling up the DagBag from /home/airflow/.local/lib/python3.12/site-packages/airflow/example_dags/example_xcomargs.py
[2026-08-08T17:54:42.648+0000] {processor.py:925} INFO - DAG(s) 'example_xcom_args_with_operators', 'example_xcom_args' retrieved from /home/airflow/.local/lib/python3.12/site-packages/airflow/example_dags/example_xcomargs.py
[2026-08-08T17:54:42.667+0000] {logging_mixin.py:190} INFO - [2026-08-08T17:54:42.666+0000] {dag.py:3211} INFO - Sync 2 DAGs
[2026-08-08T17:54:42.676+0000] {logging_mixin.py:190} INFO - [2026-08-08T17:54:42.676+0000] {dag.py:4138} INFO - Setting next_dagrun for example_xcom_args to None, run_after=None
[2026-08-08T17:54:42.679+0000] {logging_mixin.py:190} INFO - [2026-08-08T17:54:42.679+0000] {dag.py:4138} INFO - Setting next_dagrun for example_xcom_args_with_operators to None, run_after=None
[2026-08-08T17:54:42.694+0000] {processor.py:208} INFO - Processing /home/airflow/.local/lib/python3.12/site-packages/airflow/example_dags/example_xcomargs.py took 0.063 seconds
[2026-08-08T17:55:13.713+0000] {processor.py:186} INFO - Started process (PID=437) to work on /home/airflow/.local/lib/python3.12/site-packages/airflow/example_dags/example_xcomargs.py
[2026-08-08T17:55:13.715+0000] {processor.py:914} INFO - Processing file /home/airflow/.local/lib/python3.12/site-packages/airflow/example_dags/example_xcomargs.py for tasks to queue
[2026-08-08T17:55:13.719+0000] {logging_mixin.py:190} INFO - [2026-08-08T17:55:13.718+0000] {dagbag.py:587} INFO - Filling up the DagBag from /home/airflow/.local/lib/python3.12/site-packages/airflow/example_dags/example_xcomargs.py
[2026-08-08T17:55:13.730+0000] {processor.py:925} INFO - DAG(s) 'example_xcom_args_with_operators', 'example_xcom_args' retrieved from /home/airflow/.local/lib/python3.12/site-packages/airflow/example_dags/example_xcomargs.py
[2026-08-08T17:55:13.755+0000] {logging_mixin.py:190} INFO - [2026-08-08T17:55:13.754+0000] {dag.py:3211} INFO - Sync 2 DAGs
[2026-08-08T17:55:13.768+0000] {logging_mixin.py:190} INFO - [2026-08-08T17:55:13.767+0000] {dag.py:4138} INFO - Setting next_dagrun for example_xcom_args to None, run_after=None
[2026-08-08T17:55:13.771+0000] {logging_mixin.py:190} INFO - [2026-08-08T17:55:13.771+0000] {dag.py:4138} INFO - Setting next_dagrun for example_xcom_args_with_operators to None, run_after=None
[2026-08-08T17:55:13.792+0000] {processor.py:208} INFO - Processing /home/airflow/.local/lib/python3.12/site-packages/airflow/example_dags/example_xcomargs.py took 0.085 seconds
[2026-08-08T17:55:44.215+0000] {processor.py:186} INFO - Started process (PID=500) to work on /home/airflow/.local/lib/python3.12/site-packages/airflow/example_dags/example_xcomargs.py
[2026-08-08T17:55:44.216+0000] {processor.py:914} INFO - Processing file /home/airflow/.local/lib/python3.12/site-packages/airflow/example_dags/example_xcomargs.py for tasks to queue
[2026-08-08T17:55:44.219+0000] {logging_mixin.py:190} INFO - [2026-08-08T17:55:44.218+0000] {dagbag.py:587} INFO - Filling up the DagBag from /home/airflow/.local/lib/python3.12/site-packages/airflow/example_dags/example_xcomargs.py
[2026-08-08T17:55:44.226+0000] {processor.py:925} INFO - DAG(s) 'example_xcom_args_with_operators', 'example_xcom_args' retrieved from /home/airflow/.local/lib/python3.12/site-packages/airflow/example_dags/example_xcomargs.py
[2026-08-08T17:55:44.245+0000] {logging_mixin.py:190} INFO - [2026-08-08T17:55:44.244+0000] {dag.py:3211} INFO - Sync 2 DAGs
[2026-08-08T17:55:44.256+0000] {logging_mixin.py:190} INFO - [2026-08-08T17:55:44.255+0000] {dag.py:4138} INFO - Setting next_dagrun for example_xcom_args to None, run_after=None
[2026-08-08T17:55:44.259+0000] {logging_mixin.py:190} INFO - [2026-08-08T17:55:44.259+0000] {dag.py:4138} INFO - Setting next_dagrun for example_xcom_args_with_operators to None, run_after=None
[2026-08-08T17:55:44.275+0000] {processor.py:208} INFO - Processing /home/airflow/.local/lib/python3.12/site-packages/airflow/example_dags/example_xcomargs.py took 0.066 seconds
[2026-08-08T17:56:14.798+0000] {processor.py:186} INFO - Started process (PID=563) to work on /home/airflow/.local/lib/python3.12/site-packages/airflow/example_dags/example_xcomargs.py
[2026-08-08T17:56:14.799+0000] {processor.py:914} INFO - Processing file /home/airflow/.local/lib/python3.12/site-packages/airflow/example_dags/example_xcomargs.py for tasks to queue
[2026-08-08T17:56:14.801+0000] {logging_mixin.py:190} INFO - [2026-08-08T17:56:14.801+0000] {dagbag.py:587} INFO - Filling up the DagBag from /home/airflow/.local/lib/python3.12/site-packages/airflow/example_dags/example_xcomargs.py
[2026-08-08T17:56:14.808+0000] {processor.py:925} INFO - DAG(s) 'example_xcom_args_with_operators', 'example_xcom_args' retrieved from /home/airflow/.local/lib/python3.12/site-packages/airflow/example_dags/example_xcomargs.py
[2026-08-08T17:56:14.827+0000] {logging_mixin.py:190} INFO - [2026-08-08T17:56:14.827+0000] {dag.py:3211} INFO - Sync 2 DAGs
[2026-08-08T17:56:14.837+0000] {logging_mixin.py:190} INFO - [2026-08-08T17:56:14.836+0000] {dag.py:4138} INFO - Setting next_dagrun for example_xcom_args to None, run_after=None
[2026-08-08T17:56:14.842+0000] {logging_mixin.py:190} INFO - [2026-08-08T17:56:14.842+0000] {dag.py:4138} INFO - Setting next_dagrun for example_xcom_args_with_operators to None, run_after=None
[2026-08-08T17:56:14.861+0000] {processor.py:208} INFO - Processing /home/airflow/.local/lib/python3.12/site-packages/airflow/example_dags/example_xcomargs.py took 0.067 seconds
[2026-08-08T17:56:45.289+0000] {processor.py:186} INFO - Started process (PID=626) to work on /home/airflow/.local/lib/python3.12/site-packages/airflow/example_dags/example_xcomargs.py
[2026-08-08T17:56:45.291+0000] {processor.py:914} INFO - Processing file /home/airflow/.local/lib/python3.12/site-packages/airflow/example_dags/example_xcomargs.py for tasks to queue
[2026-08-08T17:56:45.294+0000] {logging_mixin.py:190} INFO - [2026-08-08T17:56:45.293+0000] {dagbag.py:587} INFO - Filling up the DagBag from /home/airflow/.local/lib/python3.12/site-packages/airflow/example_dags/example_xcomargs.py
[2026-08-08T17:56:45.303+0000] {processor.py:925} INFO - DAG(s) 'example_xcom_args', 'example_xcom_args_with_operators' retrieved from /home/airflow/.local/lib/python3.12/site-packages/airflow/example_dags/example_xcomargs.py
[2026-08-08T17:56:45.322+0000] {logging_mixin.py:190} INFO - [2026-08-08T17:56:45.321+0000] {dag.py:3211} INFO - Sync 2 DAGs
[2026-08-08T17:56:45.334+0000] {logging_mixin.py:190} INFO - [2026-08-08T17:56:45.334+0000] {dag.py:4138} INFO - Setting next_dagrun for example_xcom_args to None, run_after=None
[2026-08-08T17:56:45.337+0000] {logging_mixin.py:190} INFO - [2026-08-08T17:56:45.337+0000] {dag.py:4138} INFO - Setting next_dagrun for example_xcom_args_with_operators to None, run_after=None
[2026-08-08T17:56:45.355+0000] {processor.py:208} INFO - Processing /home/airflow/.local/lib/python3.12/site-packages/airflow/example_dags/example_xcomargs.py took 0.070 seconds
[2026-08-08T17:57:16.068+0000] {processor.py:186} INFO - Started process (PID=689) to work on /home/airflow/.local/lib/python3.12/site-packages/airflow/example_dags/example_xcomargs.py
[2026-08-08T17:57:16.069+0000] {processor.py:914} INFO - Processing file /home/airflow/.local/lib/python3.12/site-packages/airflow/example_dags/example_xcomargs.py for tasks to queue
[2026-08-08T17:57:16.072+0000] {logging_mixin.py:190} INFO - [2026-08-08T17:57:16.072+0000] {dagbag.py:587} INFO - Filling up the DagBag from /home/airflow/.local/lib/python3.12/site-packages/airflow/example_dags/example_xcomargs.py
[2026-08-08T17:57:16.088+0000] {processor.py:925} INFO - DAG(s) 'example_xcom_args', 'example_xcom_args_with_operators' retrieved from /home/airflow/.local/lib/python3.12/site-packages/airflow/example_dags/example_xcomargs.py
[2026-08-08T17:57:16.125+0000] {logging_mixin.py:190} INFO - [2026-08-08T17:57:16.125+0000] {dag.py:3211} INFO - Sync 2 DAGs
[2026-08-08T17:57:16.144+0000] {logging_mixin.py:190} INFO - [2026-08-08T17:57:16.144+0000] {dag.py:4138} INFO - Setting next_dagrun for example_xcom_args to None, run_after=None
[2026-08-08T17:57:16.149+0000] {logging_mixin.py:190} INFO - [2026-08-08T17:57:16.149+0000] {dag.py:4138} INFO - Setting next_dagrun for example_xcom_args_with_operators to None, run_after=None
[2026-08-08T17:57:16.176+0000] {processor.py:208} INFO - Processing /home/airflow/.local/lib/python3.12/site-packages/airflow/example_dags/example_xcomargs.py took 0.117 seconds
[2026-08-08T18:08:22.504+0000] {processor.py:186} INFO - Started process (PID=752) to work on /home/airflow/.local/lib/python3.12/site-packages/airflow/example_dags/example_xcomargs.py
[2026-08-08T18:08:22.507+0000] {processor.py:914} INFO - Processing file /home/airflow/.local/lib/python3.12/site-packages/airflow/example_dags/example_xcomargs.py for tasks to queue
[2026-08-08T18:08:22.512+0000] {logging_mixin.py:190} INFO - [2026-08-08T18:08:22.511+0000] {dagbag.py:587} INFO - Filling up the DagBag from /home/airflow/.local/lib/python3.12/site-packages/airflow/example_dags/example_xcomargs.py
[2026-08-08T18:08:22.530+0000] {processor.py:925} INFO - DAG(s) 'example_xcom_args', 'example_xcom_args_with_operators' retrieved from /home/airflow/.local/lib/python3.12/site-packages/airflow/example_dags/example_xcomargs.py
[2026-08-08T18:08:22.578+0000] {logging_mixin.py:190} INFO - [2026-08-08T18:08:22.578+0000] {dag.py:3211} INFO - Sync 2 DAGs
[2026-08-08T18:08:22.610+0000] {logging_mixin.py:190} INFO - [2026-08-08T18:08:22.609+0000] {dag.py:4138} INFO - Setting next_dagrun for example_xcom_args to None, run_after=None
[2026-08-08T18:08:22.616+0000] {logging_mixin.py:190} INFO - [2026-08-08T18:08:22.616+0000] {dag.py:4138} INFO - Setting next_dagrun for example_xcom_args_with_operators to None, run_after=None
[2026-08-08T18:08:22.648+0000] {processor.py:208} INFO - Processing /home/airflow/.local/lib/python3.12/site-packages/airflow/example_dags/example_xcomargs.py took 0.153 seconds
[2026-08-08T18:08:53.253+0000] {processor.py:186} INFO - Started process (PID=815) to work on /home/airflow/.local/lib/python3.12/site-packages/airflow/example_dags/example_xcomargs.py
[2026-08-08T18:08:53.255+0000] {processor.py:914} INFO - Processing file /home/airflow/.local/lib/python3.12/site-packages/airflow/example_dags/example_xcomargs.py for tasks to queue
[2026-08-08T18:08:53.260+0000] {logging_mixin.py:190} INFO - [2026-08-08T18:08:53.259+0000] {dagbag.py:587} INFO - Filling up the DagBag from /home/airflow/.local/lib/python3.12/site-packages/airflow/example_dags/example_xcomargs.py
[2026-08-08T18:08:53.275+0000] {processor.py:925} INFO - DAG(s) 'example_xcom_args_with_operators', 'example_xcom_args' retrieved from /home/airflow/.local/lib/python3.12/site-packages/airflow/example_dags/example_xcomargs.py
[2026-08-08T18:08:53.314+0000] {logging_mixin.py:190} INFO - [2026-08-08T18:08:53.314+0000] {dag.py:3211} INFO - Sync 2 DAGs
[2026-08-08T18:08:53.336+0000] {logging_mixin.py:190} INFO - [2026-08-08T18:08:53.336+0000] {dag.py:4138} INFO - Setting next_dagrun for example_xcom_args to None, run_after=None
[2026-08-08T18:08:53.341+0000] {logging_mixin.py:190} INFO - [2026-08-08T18:08:53.341+0000] {dag.py:4138} INFO - Setting next_dagrun for example_xcom_args_with_operators to None, run_after=None
[2026-08-08T18:08:53.369+0000] {processor.py:208} INFO - Processing /home/airflow/.local/lib/python3.12/site-packages/airflow/example_dags/example_xcomargs.py took 0.128 seconds
[2026-08-08T18:09:23.626+0000] {processor.py:186} INFO - Started process (PID=878) to work on /home/airflow/.local/lib/python3.12/site-packages/airflow/example_dags/example_xcomargs.py
[2026-08-08T18:09:23.629+0000] {processor.py:914} INFO - Processing file /home/airflow/.local/lib/python3.12/site-packages/airflow/example_dags/example_xcomargs.py for tasks to queue
[2026-08-08T18:09:23.634+0000] {logging_mixin.py:190} INFO - [2026-08-08T18:09:23.633+0000] {dagbag.py:587} INFO - Filling up the DagBag from /home/airflow/.local/lib/python3.12/site-packages/airflow/example_dags/example_xcomargs.py
[2026-08-08T18:09:23.649+0000] {processor.py:925} INFO - DAG(s) 'example_xcom_args', 'example_xcom_args_with_operators' retrieved from /home/airflow/.local/lib/python3.12/site-packages/airflow/example_dags/example_xcomargs.py
[2026-08-08T18:09:23.685+0000] {logging_mixin.py:190} INFO - [2026-08-08T18:09:23.684+0000] {dag.py:3211} INFO - Sync 2 DAGs
[2026-08-08T18:09:23.708+0000] {logging_mixin.py:190} INFO - [2026-08-08T18:09:23.708+0000] {dag.py:4138} INFO - Setting next_dagrun for example_xcom_args to None, run_after=None
[2026-08-08T18:09:23.713+0000] {logging_mixin.py:190} INFO - [2026-08-08T18:09:23.713+0000] {dag.py:4138} INFO - Setting next_dagrun for example_xcom_args_with_operators to None, run_after=None
[2026-08-08T18:09:23.741+0000] {processor.py:208} INFO - Processing /home/airflow/.local/lib/python3.12/site-packages/airflow/example_dags/example_xcomargs.py took 0.125 seconds
[2026-08-08T18:09:53.845+0000] {processor.py:186} INFO - Started process (PID=941) to work on /home/airflow/.local/lib/python3.12/site-packages/airflow/example_dags/example_xcomargs.py
[2026-08-08T18:09:53.846+0000] {processor.py:914} INFO - Processing file /home/airflow/.local/lib/python3.12/site-packages/airflow/example_dags/example_xcomargs.py for tasks to queue
[2026-08-08T18:09:53.849+0000] {logging_mixin.py:190} INFO - [2026-08-08T18:09:53.849+0000] {dagbag.py:587} INFO - Filling up the DagBag from /home/airflow/.local/lib/python3.12/site-packages/airflow/example_dags/example_xcomargs.py
[2026-08-08T18:09:53.861+0000] {processor.py:925} INFO - DAG(s) 'example_xcom_args_with_operators', 'example_xcom_args' retrieved from /home/airflow/.local/lib/python3.12/site-packages/airflow/example_dags/example_xcomargs.py
[2026-08-08T18:09:53.887+0000] {logging_mixin.py:190} INFO - [2026-08-08T18:09:53.886+0000] {dag.py:3211} INFO - Sync 2 DAGs
[2026-08-08T18:09:53.904+0000] {logging_mixin.py:190} INFO - [2026-08-08T18:09:53.904+0000] {dag.py:4138} INFO - Setting next_dagrun for example_xcom_args to None, run_after=None
[2026-08-08T18:09:53.908+0000] {logging_mixin.py:190} INFO - [2026-08-08T18:09:53.908+0000] {dag.py:4138} INFO - Setting next_dagrun for example_xcom_args_with_operators to None, run_after=None
[2026-08-08T18:09:53.933+0000] {processor.py:208} INFO - Processing /home/airflow/.local/lib/python3.12/site-packages/airflow/example_dags/example_xcomargs.py took 0.096 seconds
[2026-08-08T18:10:24.906+0000] {processor.py:186} INFO - Started process (PID=1004) to work on /home/airflow/.local/lib/python3.12/site-packages/airflow/example_dags/example_xcomargs.py
[2026-08-08T18:10:24.907+0000] {processor.py:914} INFO - Processing file /home/airflow/.local/lib/python3.12/site-packages/airflow/example_dags/example_xcomargs.py for tasks to queue
[2026-08-08T18:10:24.910+0000] {logging_mixin.py:190} INFO - [2026-08-08T18:10:24.910+0000] {dagbag.py:587} INFO - Filling up the DagBag from /home/airflow/.local/lib/python3.12/site-packages/airflow/example_dags/example_xcomargs.py
[2026-08-08T18:10:24.924+0000] {processor.py:925} INFO - DAG(s) 'example_xcom_args_with_operators', 'example_xcom_args' retrieved from /home/airflow/.local/lib/python3.12/site-packages/airflow/example_dags/example_xcomargs.py
[2026-08-08T18:10:24.957+0000] {logging_mixin.py:190} INFO - [2026-08-08T18:10:24.956+0000] {dag.py:3211} INFO - Sync 2 DAGs
[2026-08-08T18:10:24.973+0000] {logging_mixin.py:190} INFO - [2026-08-08T18:10:24.973+0000] {dag.py:4138} INFO - Setting next_dagrun for example_xcom_args to None, run_after=None
[2026-08-08T18:10:24.978+0000] {logging_mixin.py:190} INFO - [2026-08-08T18:10:24.978+0000] {dag.py:4138} INFO - Setting next_dagrun for example_xcom_args_with_operators to None, run_after=None
[2026-08-08T18:10:25.001+0000] {processor.py:208} INFO - Processing /home/airflow/.local/lib/python3.12/site-packages/airflow/example_dags/example_xcomargs.py took 0.102 seconds
[2026-08-08T18:10:55.237+0000] {processor.py:186} INFO - Started process (PID=1067) to work on /home/airflow/.local/lib/python3.12/site-packages/airflow/example_dags/example_xcomargs.py
[2026-08-08T18:10:55.239+0000] {processor.py:914} INFO - Processing file /home/airflow/.local/lib/python3.12/site-packages/airflow/example_dags/example_xcomargs.py for tasks to queue
[2026-08-08T18:10:55.245+0000] {logging_mixin.py:190} INFO - [2026-08-08T18:10:55.245+0000] {dagbag.py:587} INFO - Filling up the DagBag from /home/airflow/.local/lib/python3.12/site-packages/airflow/example_dags/example_xcomargs.py
[2026-08-08T18:10:55.262+0000] {processor.py:925} INFO - DAG(s) 'example_xcom_args_with_operators', 'example_xcom_args' retrieved from /home/airflow/.local/lib/python3.12/site-packages/airflow/example_dags/example_xcomargs.py
[2026-08-08T18:10:55.300+0000] {logging_mixin.py:190} INFO - [2026-08-08T18:10:55.299+0000] {dag.py:3211} INFO - Sync 2 DAGs
[2026-08-08T18:10:55.319+0000] {logging_mixin.py:190} INFO - [2026-08-08T18:10:55.318+0000] {dag.py:4138} INFO - Setting next_dagrun for example_xcom_args to None, run_after=None
[2026-08-08T18:10:55.324+0000] {logging_mixin.py:190} INFO - [2026-08-08T18:10:55.324+0000] {dag.py:4138} INFO - Setting next_dagrun for example_xcom_args_with_operators to None, run_after=None
[2026-08-08T18:10:55.351+0000] {processor.py:208} INFO - Processing /home/airflow/.local/lib/python3.12/site-packages/airflow/example_dags/example_xcomargs.py took 0.122 seconds
[2026-08-08T18:11:25.773+0000] {processor.py:186} INFO - Started process (PID=1130) to work on /home/airflow/.local/lib/python3.12/site-packages/airflow/example_dags/example_xcomargs.py
[2026-08-08T18:11:25.774+0000] {processor.py:914} INFO - Processing file /home/airflow/.local/lib/python3.12/site-packages/airflow/example_dags/example_xcomargs.py for tasks to queue
[2026-08-08T18:11:25.777+0000] {logging_mixin.py:190} INFO - [2026-08-08T18:11:25.776+0000] {dagbag.py:587} INFO - Filling up the DagBag from /home/airflow/.local/lib/python3.12/site-packages/airflow/example_dags/example_xcomargs.py
[2026-08-08T18:11:25.788+0000] {processor.py:925} INFO - DAG(s) 'example_xcom_args', 'example_xcom_args_with_operators' retrieved from /home/airflow/.local/lib/python3.12/site-packages/airflow/example_dags/example_xcomargs.py
[2026-08-08T18:11:25.813+0000] {logging_mixin.py:190} INFO - [2026-08-08T18:11:25.813+0000] {dag.py:3211} INFO - Sync 2 DAGs
[2026-08-08T18:11:25.824+0000] {logging_mixin.py:190} INFO - [2026-08-08T18:11:25.824+0000] {dag.py:4138} INFO - Setting next_dagrun for example_xcom_args to None, run_after=None
[2026-08-08T18:11:25.828+0000] {logging_mixin.py:190} INFO - [2026-08-08T18:11:25.828+0000] {dag.py:4138} INFO - Setting next_dagrun for example_xcom_args_with_operators to None, run_after=None
[2026-08-08T18:11:25.847+0000] {processor.py:208} INFO - Processing /home/airflow/.local/lib/python3.12/site-packages/airflow/example_dags/example_xcomargs.py took 0.080 seconds
[2026-08-08T18:11:56.141+0000] {processor.py:186} INFO - Started process (PID=1193) to work on /home/airflow/.local/lib/python3.12/site-packages/airflow/example_dags/example_xcomargs.py
[2026-08-08T18:11:56.143+0000] {processor.py:914} INFO - Processing file /home/airflow/.local/lib/python3.12/site-packages/airflow/example_dags/example_xcomargs.py for tasks to queue
[2026-08-08T18:11:56.147+0000] {logging_mixin.py:190} INFO - [2026-08-08T18:11:56.147+0000] {dagbag.py:587} INFO - Filling up the DagBag from /home/airflow/.local/lib/python3.12/site-packages/airflow/example_dags/example_xcomargs.py
[2026-08-08T18:11:56.161+0000] {processor.py:925} INFO - DAG(s) 'example_xcom_args_with_operators', 'example_xcom_args' retrieved from /home/airflow/.local/lib/python3.12/site-packages/airflow/example_dags/example_xcomargs.py
[2026-08-08T18:11:56.193+0000] {logging_mixin.py:190} INFO - [2026-08-08T18:11:56.192+0000] {dag.py:3211} INFO - Sync 2 DAGs
[2026-08-08T18:11:56.210+0000] {logging_mixin.py:190} INFO - [2026-08-08T18:11:56.210+0000] {dag.py:4138} INFO - Setting next_dagrun for example_xcom_args to None, run_after=None
[2026-08-08T18:11:56.216+0000] {logging_mixin.py:190} INFO - [2026-08-08T18:11:56.216+0000] {dag.py:4138} INFO - Setting next_dagrun for example_xcom_args_with_operators to None, run_after=None
[2026-08-08T18:11:56.235+0000] {processor.py:208} INFO - Processing /home/airflow/.local/lib/python3.12/site-packages/airflow/example_dags/example_xcomargs.py took 0.101 seconds
[2026-08-08T18:13:10.879+0000] {processor.py:186} INFO - Started process (PID=128) to work on /home/airflow/.local/lib/python3.12/site-packages/airflow/example_dags/example_xcomargs.py
[2026-08-08T18:13:10.881+0000] {processor.py:914} INFO - Processing file /home/airflow/.local/lib/python3.12/site-packages/airflow/example_dags/example_xcomargs.py for tasks to queue
[2026-08-08T18:13:10.893+0000] {logging_mixin.py:190} INFO - [2026-08-08T18:13:10.892+0000] {dagbag.py:587} INFO - Filling up the DagBag from /home/airflow/.local/lib/python3.12/site-packages/airflow/example_dags/example_xcomargs.py
[2026-08-08T18:13:10.932+0000] {processor.py:925} INFO - DAG(s) 'example_xcom_args_with_operators', 'example_xcom_args' retrieved from /home/airflow/.local/lib/python3.12/site-packages/airflow/example_dags/example_xcomargs.py
[2026-08-08T18:13:11.002+0000] {logging_mixin.py:190} INFO - [2026-08-08T18:13:11.002+0000] {dag.py:3211} INFO - Sync 2 DAGs
[2026-08-08T18:13:11.031+0000] {logging_mixin.py:190} INFO - [2026-08-08T18:13:11.031+0000] {dag.py:4138} INFO - Setting next_dagrun for example_xcom_args to None, run_after=None
[2026-08-08T18:13:11.039+0000] {logging_mixin.py:190} INFO - [2026-08-08T18:13:11.038+0000] {dag.py:4138} INFO - Setting next_dagrun for example_xcom_args_with_operators to None, run_after=None
[2026-08-08T18:13:11.093+0000] {processor.py:208} INFO - Processing /home/airflow/.local/lib/python3.12/site-packages/airflow/example_dags/example_xcomargs.py took 0.223 seconds
[2026-08-08T18:13:41.976+0000] {processor.py:186} INFO - Started process (PID=191) to work on /home/airflow/.local/lib/python3.12/site-packages/airflow/example_dags/example_xcomargs.py
[2026-08-08T18:13:41.977+0000] {processor.py:914} INFO - Processing file /home/airflow/.local/lib/python3.12/site-packages/airflow/example_dags/example_xcomargs.py for tasks to queue
[2026-08-08T18:13:41.981+0000] {logging_mixin.py:190} INFO - [2026-08-08T18:13:41.980+0000] {dagbag.py:587} INFO - Filling up the DagBag from /home/airflow/.local/lib/python3.12/site-packages/airflow/example_dags/example_xcomargs.py
[2026-08-08T18:13:41.998+0000] {processor.py:925} INFO - DAG(s) 'example_xcom_args', 'example_xcom_args_with_operators' retrieved from /home/airflow/.local/lib/python3.12/site-packages/airflow/example_dags/example_xcomargs.py
[2026-08-08T18:13:42.035+0000] {logging_mixin.py:190} INFO - [2026-08-08T18:13:42.034+0000] {dag.py:3211} INFO - Sync 2 DAGs
[2026-08-08T18:13:42.057+0000] {logging_mixin.py:190} INFO - [2026-08-08T18:13:42.057+0000] {dag.py:4138} INFO - Setting next_dagrun for example_xcom_args to None, run_after=None
[2026-08-08T18:13:42.064+0000] {logging_mixin.py:190} INFO - [2026-08-08T18:13:42.064+0000] {dag.py:4138} INFO - Setting next_dagrun for example_xcom_args_with_operators to None, run_after=None
[2026-08-08T18:13:42.094+0000] {processor.py:208} INFO - Processing /home/airflow/.local/lib/python3.12/site-packages/airflow/example_dags/example_xcomargs.py took 0.125 seconds
[2026-08-08T18:14:12.477+0000] {processor.py:186} INFO - Started process (PID=254) to work on /home/airflow/.local/lib/python3.12/site-packages/airflow/example_dags/example_xcomargs.py
[2026-08-08T18:14:12.479+0000] {processor.py:914} INFO - Processing file /home/airflow/.local/lib/python3.12/site-packages/airflow/example_dags/example_xcomargs.py for tasks to queue
[2026-08-08T18:14:12.481+0000] {logging_mixin.py:190} INFO - [2026-08-08T18:14:12.481+0000] {dagbag.py:587} INFO - Filling up the DagBag from /home/airflow/.local/lib/python3.12/site-packages/airflow/example_dags/example_xcomargs.py
[2026-08-08T18:14:12.490+0000] {processor.py:925} INFO - DAG(s) 'example_xcom_args_with_operators', 'example_xcom_args' retrieved from /home/airflow/.local/lib/python3.12/site-packages/airflow/example_dags/example_xcomargs.py
[2026-08-08T18:14:12.513+0000] {logging_mixin.py:190} INFO - [2026-08-08T18:14:12.513+0000] {dag.py:3211} INFO - Sync 2 DAGs
[2026-08-08T18:14:12.527+0000] {logging_mixin.py:190} INFO - [2026-08-08T18:14:12.526+0000] {dag.py:4138} INFO - Setting next_dagrun for example_xcom_args to None, run_after=None
[2026-08-08T18:14:12.532+0000] {logging_mixin.py:190} INFO - [2026-08-08T18:14:12.531+0000] {dag.py:4138} INFO - Setting next_dagrun for example_xcom_args_with_operators to None, run_after=None
[2026-08-08T18:14:12.551+0000] {processor.py:208} INFO - Processing /home/airflow/.local/lib/python3.12/site-packages/airflow/example_dags/example_xcomargs.py took 0.079 seconds
[2026-08-08T18:14:42.622+0000] {processor.py:186} INFO - Started process (PID=317) to work on /home/airflow/.local/lib/python3.12/site-packages/airflow/example_dags/example_xcomargs.py
[2026-08-08T18:14:42.624+0000] {processor.py:914} INFO - Processing file /home/airflow/.local/lib/python3.12/site-packages/airflow/example_dags/example_xcomargs.py for tasks to queue
[2026-08-08T18:14:42.626+0000] {logging_mixin.py:190} INFO - [2026-08-08T18:14:42.626+0000] {dagbag.py:587} INFO - Filling up the DagBag from /home/airflow/.local/lib/python3.12/site-packages/airflow/example_dags/example_xcomargs.py
[2026-08-08T18:14:42.642+0000] {processor.py:925} INFO - DAG(s) 'example_xcom_args_with_operators', 'example_xcom_args' retrieved from /home/airflow/.local/lib/python3.12/site-packages/airflow/example_dags/example_xcomargs.py
[2026-08-08T18:14:42.678+0000] {logging_mixin.py:190} INFO - [2026-08-08T18:14:42.678+0000] {dag.py:3211} INFO - Sync 2 DAGs
[2026-08-08T18:14:42.697+0000] {logging_mixin.py:190} INFO - [2026-08-08T18:14:42.697+0000] {dag.py:4138} INFO - Setting next_dagrun for example_xcom_args to None, run_after=None
[2026-08-08T18:14:42.703+0000] {logging_mixin.py:190} INFO - [2026-08-08T18:14:42.702+0000] {dag.py:4138} INFO - Setting next_dagrun for example_xcom_args_with_operators to None, run_after=None
[2026-08-08T18:14:42.728+0000] {processor.py:208} INFO - Processing /home/airflow/.local/lib/python3.12/site-packages/airflow/example_dags/example_xcomargs.py took 0.111 seconds
[2026-08-08T18:15:13.711+0000] {processor.py:186} INFO - Started process (PID=380) to work on /home/airflow/.local/lib/python3.12/site-packages/airflow/example_dags/example_xcomargs.py
[2026-08-08T18:15:13.716+0000] {processor.py:914} INFO - Processing file /home/airflow/.local/lib/python3.12/site-packages/airflow/example_dags/example_xcomargs.py for tasks to queue
[2026-08-08T18:15:13.725+0000] {logging_mixin.py:190} INFO - [2026-08-08T18:15:13.724+0000] {dagbag.py:587} INFO - Filling up the DagBag from /home/airflow/.local/lib/python3.12/site-packages/airflow/example_dags/example_xcomargs.py
[2026-08-08T18:15:13.747+0000] {processor.py:925} INFO - DAG(s) 'example_xcom_args', 'example_xcom_args_with_operators' retrieved from /home/airflow/.local/lib/python3.12/site-packages/airflow/example_dags/example_xcomargs.py
[2026-08-08T18:15:13.787+0000] {logging_mixin.py:190} INFO - [2026-08-08T18:15:13.786+0000] {dag.py:3211} INFO - Sync 2 DAGs
[2026-08-08T18:15:13.808+0000] {logging_mixin.py:190} INFO - [2026-08-08T18:15:13.808+0000] {dag.py:4138} INFO - Setting next_dagrun for example_xcom_args to None, run_after=None
[2026-08-08T18:15:13.816+0000] {logging_mixin.py:190} INFO - [2026-08-08T18:15:13.816+0000] {dag.py:4138} INFO - Setting next_dagrun for example_xcom_args_with_operators to None, run_after=None
[2026-08-08T18:15:13.844+0000] {processor.py:208} INFO - Processing /home/airflow/.local/lib/python3.12/site-packages/airflow/example_dags/example_xcomargs.py took 0.144 seconds
[2026-08-08T18:15:44.640+0000] {processor.py:186} INFO - Started process (PID=443) to work on /home/airflow/.local/lib/python3.12/site-packages/airflow/example_dags/example_xcomargs.py
[2026-08-08T18:15:44.642+0000] {processor.py:914} INFO - Processing file /home/airflow/.local/lib/python3.12/site-packages/airflow/example_dags/example_xcomargs.py for tasks to queue
[2026-08-08T18:15:44.644+0000] {logging_mixin.py:190} INFO - [2026-08-08T18:15:44.644+0000] {dagbag.py:587} INFO - Filling up the DagBag from /home/airflow/.local/lib/python3.12/site-packages/airflow/example_dags/example_xcomargs.py
[2026-08-08T18:15:44.657+0000] {processor.py:925} INFO - DAG(s) 'example_xcom_args_with_operators', 'example_xcom_args' retrieved from /home/airflow/.local/lib/python3.12/site-packages/airflow/example_dags/example_xcomargs.py
[2026-08-08T18:15:44.686+0000] {logging_mixin.py:190} INFO - [2026-08-08T18:15:44.686+0000] {dag.py:3211} INFO - Sync 2 DAGs
[2026-08-08T18:15:44.699+0000] {logging_mixin.py:190} INFO - [2026-08-08T18:15:44.698+0000] {dag.py:4138} INFO - Setting next_dagrun for example_xcom_args to None, run_after=None
[2026-08-08T18:15:44.703+0000] {logging_mixin.py:190} INFO - [2026-08-08T18:15:44.703+0000] {dag.py:4138} INFO - Setting next_dagrun for example_xcom_args_with_operators to None, run_after=None
[2026-08-08T18:15:44.726+0000] {processor.py:208} INFO - Processing /home/airflow/.local/lib/python3.12/site-packages/airflow/example_dags/example_xcomargs.py took 0.091 seconds
[2026-08-08T18:17:15.126+0000] {processor.py:186} INFO - Started process (PID=141) to work on /home/airflow/.local/lib/python3.12/site-packages/airflow/example_dags/example_xcomargs.py
[2026-08-08T18:17:15.128+0000] {processor.py:914} INFO - Processing file /home/airflow/.local/lib/python3.12/site-packages/airflow/example_dags/example_xcomargs.py for tasks to queue
[2026-08-08T18:17:15.133+0000] {logging_mixin.py:190} INFO - [2026-08-08T18:17:15.132+0000] {dagbag.py:587} INFO - Filling up the DagBag from /home/airflow/.local/lib/python3.12/site-packages/airflow/example_dags/example_xcomargs.py
[2026-08-08T18:17:15.147+0000] {processor.py:925} INFO - DAG(s) 'example_xcom_args', 'example_xcom_args_with_operators' retrieved from /home/airflow/.local/lib/python3.12/site-packages/airflow/example_dags/example_xcomargs.py
[2026-08-08T18:17:15.183+0000] {logging_mixin.py:190} INFO - [2026-08-08T18:17:15.182+0000] {dag.py:3211} INFO - Sync 2 DAGs
[2026-08-08T18:17:15.201+0000] {logging_mixin.py:190} INFO - [2026-08-08T18:17:15.201+0000] {dag.py:4138} INFO - Setting next_dagrun for example_xcom_args to None, run_after=None
[2026-08-08T18:17:15.206+0000] {logging_mixin.py:190} INFO - [2026-08-08T18:17:15.206+0000] {dag.py:4138} INFO - Setting next_dagrun for example_xcom_args_with_operators to None, run_after=None
[2026-08-08T18:17:15.230+0000] {processor.py:208} INFO - Processing /home/airflow/.local/lib/python3.12/site-packages/airflow/example_dags/example_xcomargs.py took 0.111 seconds
[2026-08-08T18:17:45.622+0000] {processor.py:186} INFO - Started process (PID=204) to work on /home/airflow/.local/lib/python3.12/site-packages/airflow/example_dags/example_xcomargs.py
[2026-08-08T18:17:45.624+0000] {processor.py:914} INFO - Processing file /home/airflow/.local/lib/python3.12/site-packages/airflow/example_dags/example_xcomargs.py for tasks to queue
[2026-08-08T18:17:45.628+0000] {logging_mixin.py:190} INFO - [2026-08-08T18:17:45.627+0000] {dagbag.py:587} INFO - Filling up the DagBag from /home/airflow/.local/lib/python3.12/site-packages/airflow/example_dags/example_xcomargs.py
[2026-08-08T18:17:45.637+0000] {processor.py:925} INFO - DAG(s) 'example_xcom_args_with_operators', 'example_xcom_args' retrieved from /home/airflow/.local/lib/python3.12/site-packages/airflow/example_dags/example_xcomargs.py
[2026-08-08T18:17:45.663+0000] {logging_mixin.py:190} INFO - [2026-08-08T18:17:45.662+0000] {dag.py:3211} INFO - Sync 2 DAGs
[2026-08-08T18:17:45.679+0000] {logging_mixin.py:190} INFO - [2026-08-08T18:17:45.678+0000] {dag.py:4138} INFO - Setting next_dagrun for example_xcom_args to None, run_after=None
[2026-08-08T18:17:45.684+0000] {logging_mixin.py:190} INFO - [2026-08-08T18:17:45.684+0000] {dag.py:4138} INFO - Setting next_dagrun for example_xcom_args_with_operators to None, run_after=None
[2026-08-08T18:17:45.710+0000] {processor.py:208} INFO - Processing /home/airflow/.local/lib/python3.12/site-packages/airflow/example_dags/example_xcomargs.py took 0.095 seconds
[2026-08-08T18:18:16.463+0000] {processor.py:186} INFO - Started process (PID=267) to work on /home/airflow/.local/lib/python3.12/site-packages/airflow/example_dags/example_xcomargs.py
[2026-08-08T18:18:16.465+0000] {processor.py:914} INFO - Processing file /home/airflow/.local/lib/python3.12/site-packages/airflow/example_dags/example_xcomargs.py for tasks to queue
[2026-08-08T18:18:16.469+0000] {logging_mixin.py:190} INFO - [2026-08-08T18:18:16.468+0000] {dagbag.py:587} INFO - Filling up the DagBag from /home/airflow/.local/lib/python3.12/site-packages/airflow/example_dags/example_xcomargs.py
[2026-08-08T18:18:16.480+0000] {processor.py:925} INFO - DAG(s) 'example_xcom_args', 'example_xcom_args_with_operators' retrieved from /home/airflow/.local/lib/python3.12/site-packages/airflow/example_dags/example_xcomargs.py
[2026-08-08T18:18:16.507+0000] {logging_mixin.py:190} INFO - [2026-08-08T18:18:16.507+0000] {dag.py:3211} INFO - Sync 2 DAGs
[2026-08-08T18:18:16.521+0000] {logging_mixin.py:190} INFO - [2026-08-08T18:18:16.521+0000] {dag.py:4138} INFO - Setting next_dagrun for example_xcom_args to None, run_after=None
[2026-08-08T18:18:16.525+0000] {logging_mixin.py:190} INFO - [2026-08-08T18:18:16.524+0000] {dag.py:4138} INFO - Setting next_dagrun for example_xcom_args_with_operators to None, run_after=None
[2026-08-08T18:18:16.543+0000] {processor.py:208} INFO - Processing /home/airflow/.local/lib/python3.12/site-packages/airflow/example_dags/example_xcomargs.py took 0.085 seconds
[2026-08-08T18:18:46.726+0000] {processor.py:186} INFO - Started process (PID=330) to work on /home/airflow/.local/lib/python3.12/site-packages/airflow/example_dags/example_xcomargs.py
[2026-08-08T18:18:46.728+0000] {processor.py:914} INFO - Processing file /home/airflow/.local/lib/python3.12/site-packages/airflow/example_dags/example_xcomargs.py for tasks to queue
[2026-08-08T18:18:46.733+0000] {logging_mixin.py:190} INFO - [2026-08-08T18:18:46.733+0000] {dagbag.py:587} INFO - Filling up the DagBag from /home/airflow/.local/lib/python3.12/site-packages/airflow/example_dags/example_xcomargs.py
[2026-08-08T18:18:46.749+0000] {processor.py:925} INFO - DAG(s) 'example_xcom_args_with_operators', 'example_xcom_args' retrieved from /home/airflow/.local/lib/python3.12/site-packages/airflow/example_dags/example_xcomargs.py
[2026-08-08T18:18:46.784+0000] {logging_mixin.py:190} INFO - [2026-08-08T18:18:46.784+0000] {dag.py:3211} INFO - Sync 2 DAGs
[2026-08-08T18:18:46.800+0000] {logging_mixin.py:190} INFO - [2026-08-08T18:18:46.799+0000] {dag.py:4138} INFO - Setting next_dagrun for example_xcom_args to None, run_after=None
[2026-08-08T18:18:46.806+0000] {logging_mixin.py:190} INFO - [2026-08-08T18:18:46.805+0000] {dag.py:4138} INFO - Setting next_dagrun for example_xcom_args_with_operators to None, run_after=None
[2026-08-08T18:18:46.831+0000] {processor.py:208} INFO - Processing /home/airflow/.local/lib/python3.12/site-packages/airflow/example_dags/example_xcomargs.py took 0.111 seconds
[2026-08-08T18:19:17.246+0000] {processor.py:186} INFO - Started process (PID=393) to work on /home/airflow/.local/lib/python3.12/site-packages/airflow/example_dags/example_xcomargs.py
[2026-08-08T18:19:17.248+0000] {processor.py:914} INFO - Processing file /home/airflow/.local/lib/python3.12/site-packages/airflow/example_dags/example_xcomargs.py for tasks to queue
[2026-08-08T18:19:17.254+0000] {logging_mixin.py:190} INFO - [2026-08-08T18:19:17.253+0000] {dagbag.py:587} INFO - Filling up the DagBag from /home/airflow/.local/lib/python3.12/site-packages/airflow/example_dags/example_xcomargs.py
[2026-08-08T18:19:17.271+0000] {processor.py:925} INFO - DAG(s) 'example_xcom_args', 'example_xcom_args_with_operators' retrieved from /home/airflow/.local/lib/python3.12/site-packages/airflow/example_dags/example_xcomargs.py
[2026-08-08T18:19:17.309+0000] {logging_mixin.py:190} INFO - [2026-08-08T18:19:17.309+0000] {dag.py:3211} INFO - Sync 2 DAGs
[2026-08-08T18:19:17.328+0000] {logging_mixin.py:190} INFO - [2026-08-08T18:19:17.328+0000] {dag.py:4138} INFO - Setting next_dagrun for example_xcom_args to None, run_after=None
[2026-08-08T18:19:17.334+0000] {logging_mixin.py:190} INFO - [2026-08-08T18:19:17.334+0000] {dag.py:4138} INFO - Setting next_dagrun for example_xcom_args_with_operators to None, run_after=None
[2026-08-08T18:19:17.362+0000] {processor.py:208} INFO - Processing /home/airflow/.local/lib/python3.12/site-packages/airflow/example_dags/example_xcomargs.py took 0.127 seconds
[2026-08-08T18:24:04.628+0000] {processor.py:186} INFO - Started process (PID=456) to work on /home/airflow/.local/lib/python3.12/site-packages/airflow/example_dags/example_xcomargs.py
[2026-08-08T18:24:04.629+0000] {processor.py:914} INFO - Processing file /home/airflow/.local/lib/python3.12/site-packages/airflow/example_dags/example_xcomargs.py for tasks to queue
[2026-08-08T18:24:04.631+0000] {logging_mixin.py:190} INFO - [2026-08-08T18:24:04.631+0000] {dagbag.py:587} INFO - Filling up the DagBag from /home/airflow/.local/lib/python3.12/site-packages/airflow/example_dags/example_xcomargs.py
[2026-08-08T18:24:04.639+0000] {processor.py:925} INFO - DAG(s) 'example_xcom_args', 'example_xcom_args_with_operators' retrieved from /home/airflow/.local/lib/python3.12/site-packages/airflow/example_dags/example_xcomargs.py
[2026-08-08T18:24:04.656+0000] {logging_mixin.py:190} INFO - [2026-08-08T18:24:04.656+0000] {dag.py:3211} INFO - Sync 2 DAGs
[2026-08-08T18:24:04.667+0000] {logging_mixin.py:190} INFO - [2026-08-08T18:24:04.667+0000] {dag.py:4138} INFO - Setting next_dagrun for example_xcom_args to None, run_after=None
[2026-08-08T18:24:04.670+0000] {logging_mixin.py:190} INFO - [2026-08-08T18:24:04.670+0000] {dag.py:4138} INFO - Setting next_dagrun for example_xcom_args_with_operators to None, run_after=None
[2026-08-08T18:24:04.689+0000] {processor.py:208} INFO - Processing /home/airflow/.local/lib/python3.12/site-packages/airflow/example_dags/example_xcomargs.py took 0.065 seconds
[2026-08-08T18:24:35.775+0000] {processor.py:186} INFO - Started process (PID=519) to work on /home/airflow/.local/lib/python3.12/site-packages/airflow/example_dags/example_xcomargs.py
[2026-08-08T18:24:35.777+0000] {processor.py:914} INFO - Processing file /home/airflow/.local/lib/python3.12/site-packages/airflow/example_dags/example_xcomargs.py for tasks to queue
[2026-08-08T18:24:35.780+0000] {logging_mixin.py:190} INFO - [2026-08-08T18:24:35.780+0000] {dagbag.py:587} INFO - Filling up the DagBag from /home/airflow/.local/lib/python3.12/site-packages/airflow/example_dags/example_xcomargs.py
[2026-08-08T18:24:35.792+0000] {processor.py:925} INFO - DAG(s) 'example_xcom_args', 'example_xcom_args_with_operators' retrieved from /home/airflow/.local/lib/python3.12/site-packages/airflow/example_dags/example_xcomargs.py
[2026-08-08T18:24:35.824+0000] {logging_mixin.py:190} INFO - [2026-08-08T18:24:35.824+0000] {dag.py:3211} INFO - Sync 2 DAGs
[2026-08-08T18:24:35.844+0000] {logging_mixin.py:190} INFO - [2026-08-08T18:24:35.843+0000] {dag.py:4138} INFO - Setting next_dagrun for example_xcom_args to None, run_after=None
[2026-08-08T18:24:35.848+0000] {logging_mixin.py:190} INFO - [2026-08-08T18:24:35.848+0000] {dag.py:4138} INFO - Setting next_dagrun for example_xcom_args_with_operators to None, run_after=None
[2026-08-08T18:24:35.872+0000] {processor.py:208} INFO - Processing /home/airflow/.local/lib/python3.12/site-packages/airflow/example_dags/example_xcomargs.py took 0.105 seconds
[2026-08-08T18:25:05.987+0000] {processor.py:186} INFO - Started process (PID=582) to work on /home/airflow/.local/lib/python3.12/site-packages/airflow/example_dags/example_xcomargs.py
[2026-08-08T18:25:05.989+0000] {processor.py:914} INFO - Processing file /home/airflow/.local/lib/python3.12/site-packages/airflow/example_dags/example_xcomargs.py for tasks to queue
[2026-08-08T18:25:05.995+0000] {logging_mixin.py:190} INFO - [2026-08-08T18:25:05.993+0000] {dagbag.py:587} INFO - Filling up the DagBag from /home/airflow/.local/lib/python3.12/site-packages/airflow/example_dags/example_xcomargs.py
[2026-08-08T18:25:06.010+0000] {processor.py:925} INFO - DAG(s) 'example_xcom_args_with_operators', 'example_xcom_args' retrieved from /home/airflow/.local/lib/python3.12/site-packages/airflow/example_dags/example_xcomargs.py
[2026-08-08T18:25:06.039+0000] {logging_mixin.py:190} INFO - [2026-08-08T18:25:06.039+0000] {dag.py:3211} INFO - Sync 2 DAGs
[2026-08-08T18:25:06.054+0000] {logging_mixin.py:190} INFO - [2026-08-08T18:25:06.053+0000] {dag.py:4138} INFO - Setting next_dagrun for example_xcom_args to None, run_after=None
[2026-08-08T18:25:06.058+0000] {logging_mixin.py:190} INFO - [2026-08-08T18:25:06.058+0000] {dag.py:4138} INFO - Setting next_dagrun for example_xcom_args_with_operators to None, run_after=None
[2026-08-08T18:25:06.075+0000] {processor.py:208} INFO - Processing /home/airflow/.local/lib/python3.12/site-packages/airflow/example_dags/example_xcomargs.py took 0.098 seconds
[2026-08-08T18:25:36.392+0000] {processor.py:186} INFO - Started process (PID=645) to work on /home/airflow/.local/lib/python3.12/site-packages/airflow/example_dags/example_xcomargs.py
[2026-08-08T18:25:36.394+0000] {processor.py:914} INFO - Processing file /home/airflow/.local/lib/python3.12/site-packages/airflow/example_dags/example_xcomargs.py for tasks to queue
[2026-08-08T18:25:36.398+0000] {logging_mixin.py:190} INFO - [2026-08-08T18:25:36.397+0000] {dagbag.py:587} INFO - Filling up the DagBag from /home/airflow/.local/lib/python3.12/site-packages/airflow/example_dags/example_xcomargs.py
[2026-08-08T18:25:36.412+0000] {processor.py:925} INFO - DAG(s) 'example_xcom_args', 'example_xcom_args_with_operators' retrieved from /home/airflow/.local/lib/python3.12/site-packages/airflow/example_dags/example_xcomargs.py
[2026-08-08T18:25:36.444+0000] {logging_mixin.py:190} INFO - [2026-08-08T18:25:36.444+0000] {dag.py:3211} INFO - Sync 2 DAGs
[2026-08-08T18:25:36.467+0000] {logging_mixin.py:190} INFO - [2026-08-08T18:25:36.467+0000] {dag.py:4138} INFO - Setting next_dagrun for example_xcom_args to None, run_after=None
[2026-08-08T18:25:36.473+0000] {logging_mixin.py:190} INFO - [2026-08-08T18:25:36.473+0000] {dag.py:4138} INFO - Setting next_dagrun for example_xcom_args_with_operators to None, run_after=None
[2026-08-08T18:25:36.499+0000] {processor.py:208} INFO - Processing /home/airflow/.local/lib/python3.12/site-packages/airflow/example_dags/example_xcomargs.py took 0.115 seconds
[2026-08-08T18:26:06.844+0000] {processor.py:186} INFO - Started process (PID=709) to work on /home/airflow/.local/lib/python3.12/site-packages/airflow/example_dags/example_xcomargs.py
[2026-08-08T18:26:06.847+0000] {processor.py:914} INFO - Processing file /home/airflow/.local/lib/python3.12/site-packages/airflow/example_dags/example_xcomargs.py for tasks to queue
[2026-08-08T18:26:06.852+0000] {logging_mixin.py:190} INFO - [2026-08-08T18:26:06.851+0000] {dagbag.py:587} INFO - Filling up the DagBag from /home/airflow/.local/lib/python3.12/site-packages/airflow/example_dags/example_xcomargs.py
[2026-08-08T18:26:06.866+0000] {processor.py:925} INFO - DAG(s) 'example_xcom_args_with_operators', 'example_xcom_args' retrieved from /home/airflow/.local/lib/python3.12/site-packages/airflow/example_dags/example_xcomargs.py
[2026-08-08T18:26:06.896+0000] {logging_mixin.py:190} INFO - [2026-08-08T18:26:06.896+0000] {dag.py:3211} INFO - Sync 2 DAGs
[2026-08-08T18:26:06.911+0000] {logging_mixin.py:190} INFO - [2026-08-08T18:26:06.911+0000] {dag.py:4138} INFO - Setting next_dagrun for example_xcom_args to None, run_after=None
[2026-08-08T18:26:06.916+0000] {logging_mixin.py:190} INFO - [2026-08-08T18:26:06.916+0000] {dag.py:4138} INFO - Setting next_dagrun for example_xcom_args_with_operators to None, run_after=None
[2026-08-08T18:26:06.941+0000] {processor.py:208} INFO - Processing /home/airflow/.local/lib/python3.12/site-packages/airflow/example_dags/example_xcomargs.py took 0.105 seconds
[2026-08-08T18:26:37.596+0000] {processor.py:186} INFO - Started process (PID=772) to work on /home/airflow/.local/lib/python3.12/site-packages/airflow/example_dags/example_xcomargs.py
[2026-08-08T18:26:37.599+0000] {processor.py:914} INFO - Processing file /home/airflow/.local/lib/python3.12/site-packages/airflow/example_dags/example_xcomargs.py for tasks to queue
[2026-08-08T18:26:37.603+0000] {logging_mixin.py:190} INFO - [2026-08-08T18:26:37.602+0000] {dagbag.py:587} INFO - Filling up the DagBag from /home/airflow/.local/lib/python3.12/site-packages/airflow/example_dags/example_xcomargs.py
[2026-08-08T18:26:37.615+0000] {processor.py:925} INFO - DAG(s) 'example_xcom_args_with_operators', 'example_xcom_args' retrieved from /home/airflow/.local/lib/python3.12/site-packages/airflow/example_dags/example_xcomargs.py
[2026-08-08T18:26:37.645+0000] {logging_mixin.py:190} INFO - [2026-08-08T18:26:37.645+0000] {dag.py:3211} INFO - Sync 2 DAGs
[2026-08-08T18:26:37.659+0000] {logging_mixin.py:190} INFO - [2026-08-08T18:26:37.658+0000] {dag.py:4138} INFO - Setting next_dagrun for example_xcom_args to None, run_after=None
[2026-08-08T18:26:37.662+0000] {logging_mixin.py:190} INFO - [2026-08-08T18:26:37.662+0000] {dag.py:4138} INFO - Setting next_dagrun for example_xcom_args_with_operators to None, run_after=None
[2026-08-08T18:26:37.678+0000] {processor.py:208} INFO - Processing /home/airflow/.local/lib/python3.12/site-packages/airflow/example_dags/example_xcomargs.py took 0.088 seconds
