[2026-08-08T17:25:15.316+0000] {processor.py:186} INFO - Started process (PID=120) to work on /home/airflow/.local/lib/python3.12/site-packages/airflow/example_dags/example_nested_branch_dag.py
[2026-08-08T17:25:15.318+0000] {processor.py:914} INFO - Processing file /home/airflow/.local/lib/python3.12/site-packages/airflow/example_dags/example_nested_branch_dag.py for tasks to queue
[2026-08-08T17:25:15.321+0000] {logging_mixin.py:190} INFO - [2026-08-08T17:25:15.321+0000] {dagbag.py:587} INFO - Filling up the DagBag from /home/airflow/.local/lib/python3.12/site-packages/airflow/example_dags/example_nested_branch_dag.py
[2026-08-08T17:25:15.333+0000] {processor.py:925} INFO - DAG(s) 'example_nested_branch_dag' retrieved from /home/airflow/.local/lib/python3.12/site-packages/airflow/example_dags/example_nested_branch_dag.py
[2026-08-08T17:25:15.453+0000] {logging_mixin.py:190} INFO - [2026-08-08T17:25:15.452+0000] {override.py:1858} INFO - Created Permission View: can delete on DAG:example_nested_branch_dag
[2026-08-08T17:25:15.464+0000] {logging_mixin.py:190} INFO - [2026-08-08T17:25:15.464+0000] {override.py:1858} INFO - Created Permission View: can edit on DAG:example_nested_branch_dag
[2026-08-08T17:25:15.476+0000] {logging_mixin.py:190} INFO - [2026-08-08T17:25:15.475+0000] {override.py:1858} INFO - Created Permission View: can read on DAG:example_nested_branch_dag
[2026-08-08T17:25:15.477+0000] {logging_mixin.py:190} INFO - [2026-08-08T17:25:15.477+0000] {dag.py:3211} INFO - Sync 1 DAGs
[2026-08-08T17:25:15.498+0000] {logging_mixin.py:190} INFO - [2026-08-08T17:25:15.498+0000] {dag.py:3234} INFO - Creating ORM DAG for example_nested_branch_dag
[2026-08-08T17:25:15.512+0000] {logging_mixin.py:190} INFO - [2026-08-08T17:25:15.511+0000] {dag.py:4138} INFO - Setting next_dagrun for example_nested_branch_dag to 2026-08-07 00:00:00+00:00, run_after=2026-08-08 00:00:00+00:00
[2026-08-08T17:25:15.531+0000] {processor.py:208} INFO - Processing /home/airflow/.local/lib/python3.12/site-packages/airflow/example_dags/example_nested_branch_dag.py took 0.221 seconds
[2026-08-08T17:25:45.653+0000] {processor.py:186} INFO - Started process (PID=183) to work on /home/airflow/.local/lib/python3.12/site-packages/airflow/example_dags/example_nested_branch_dag.py
[2026-08-08T17:25:45.654+0000] {processor.py:914} INFO - Processing file /home/airflow/.local/lib/python3.12/site-packages/airflow/example_dags/example_nested_branch_dag.py for tasks to queue
[2026-08-08T17:25:45.657+0000] {logging_mixin.py:190} INFO - [2026-08-08T17:25:45.656+0000] {dagbag.py:587} INFO - Filling up the DagBag from /home/airflow/.local/lib/python3.12/site-packages/airflow/example_dags/example_nested_branch_dag.py
[2026-08-08T17:25:45.666+0000] {processor.py:925} INFO - DAG(s) 'example_nested_branch_dag' retrieved from /home/airflow/.local/lib/python3.12/site-packages/airflow/example_dags/example_nested_branch_dag.py
[2026-08-08T17:25:45.683+0000] {logging_mixin.py:190} INFO - [2026-08-08T17:25:45.683+0000] {dag.py:3211} INFO - Sync 1 DAGs
[2026-08-08T17:25:45.702+0000] {logging_mixin.py:190} INFO - [2026-08-08T17:25:45.702+0000] {dag.py:4138} INFO - Setting next_dagrun for example_nested_branch_dag to 2026-08-07 00:00:00+00:00, run_after=2026-08-08 00:00:00+00:00
[2026-08-08T17:25:45.725+0000] {processor.py:208} INFO - Processing /home/airflow/.local/lib/python3.12/site-packages/airflow/example_dags/example_nested_branch_dag.py took 0.077 seconds
[2026-08-08T17:26:16.405+0000] {processor.py:186} INFO - Started process (PID=246) to work on /home/airflow/.local/lib/python3.12/site-packages/airflow/example_dags/example_nested_branch_dag.py
[2026-08-08T17:26:16.407+0000] {processor.py:914} INFO - Processing file /home/airflow/.local/lib/python3.12/site-packages/airflow/example_dags/example_nested_branch_dag.py for tasks to queue
[2026-08-08T17:26:16.411+0000] {logging_mixin.py:190} INFO - [2026-08-08T17:26:16.410+0000] {dagbag.py:587} INFO - Filling up the DagBag from /home/airflow/.local/lib/python3.12/site-packages/airflow/example_dags/example_nested_branch_dag.py
[2026-08-08T17:26:16.425+0000] {processor.py:925} INFO - DAG(s) 'example_nested_branch_dag' retrieved from /home/airflow/.local/lib/python3.12/site-packages/airflow/example_dags/example_nested_branch_dag.py
[2026-08-08T17:26:16.444+0000] {logging_mixin.py:190} INFO - [2026-08-08T17:26:16.443+0000] {dag.py:3211} INFO - Sync 1 DAGs
[2026-08-08T17:26:16.463+0000] {logging_mixin.py:190} INFO - [2026-08-08T17:26:16.463+0000] {dag.py:4138} INFO - Setting next_dagrun for example_nested_branch_dag to 2026-08-07 00:00:00+00:00, run_after=2026-08-08 00:00:00+00:00
[2026-08-08T17:26:16.480+0000] {processor.py:208} INFO - Processing /home/airflow/.local/lib/python3.12/site-packages/airflow/example_dags/example_nested_branch_dag.py took 0.082 seconds
[2026-08-08T17:26:46.574+0000] {processor.py:186} INFO - Started process (PID=309) to work on /home/airflow/.local/lib/python3.12/site-packages/airflow/example_dags/example_nested_branch_dag.py
[2026-08-08T17:26:46.576+0000] {processor.py:914} INFO - Processing file /home/airflow/.local/lib/python3.12/site-packages/airflow/example_dags/example_nested_branch_dag.py for tasks to queue
[2026-08-08T17:26:46.578+0000] {logging_mixin.py:190} INFO - [2026-08-08T17:26:46.578+0000] {dagbag.py:587} INFO - Filling up the DagBag from /home/airflow/.local/lib/python3.12/site-packages/airflow/example_dags/example_nested_branch_dag.py
[2026-08-08T17:26:46.588+0000] {processor.py:925} INFO - DAG(s) 'example_nested_branch_dag' retrieved from /home/airflow/.local/lib/python3.12/site-packages/airflow/example_dags/example_nested_branch_dag.py
[2026-08-08T17:26:46.612+0000] {logging_mixin.py:190} INFO - [2026-08-08T17:26:46.612+0000] {dag.py:3211} INFO - Sync 1 DAGs
[2026-08-08T17:26:46.631+0000] {logging_mixin.py:190} INFO - [2026-08-08T17:26:46.630+0000] {dag.py:4138} INFO - Setting next_dagrun for example_nested_branch_dag to 2026-08-07 00:00:00+00:00, run_after=2026-08-08 00:00:00+00:00
[2026-08-08T17:26:46.657+0000] {processor.py:208} INFO - Processing /home/airflow/.local/lib/python3.12/site-packages/airflow/example_dags/example_nested_branch_dag.py took 0.089 seconds
[2026-08-08T17:27:16.786+0000] {processor.py:186} INFO - Started process (PID=372) to work on /home/airflow/.local/lib/python3.12/site-packages/airflow/example_dags/example_nested_branch_dag.py
[2026-08-08T17:27:16.787+0000] {processor.py:914} INFO - Processing file /home/airflow/.local/lib/python3.12/site-packages/airflow/example_dags/example_nested_branch_dag.py for tasks to queue
[2026-08-08T17:27:16.790+0000] {logging_mixin.py:190} INFO - [2026-08-08T17:27:16.790+0000] {dagbag.py:587} INFO - Filling up the DagBag from /home/airflow/.local/lib/python3.12/site-packages/airflow/example_dags/example_nested_branch_dag.py
[2026-08-08T17:27:16.799+0000] {processor.py:925} INFO - DAG(s) 'example_nested_branch_dag' retrieved from /home/airflow/.local/lib/python3.12/site-packages/airflow/example_dags/example_nested_branch_dag.py
[2026-08-08T17:27:16.815+0000] {logging_mixin.py:190} INFO - [2026-08-08T17:27:16.815+0000] {dag.py:3211} INFO - Sync 1 DAGs
[2026-08-08T17:27:16.831+0000] {logging_mixin.py:190} INFO - [2026-08-08T17:27:16.831+0000] {dag.py:4138} INFO - Setting next_dagrun for example_nested_branch_dag to 2026-08-07 00:00:00+00:00, run_after=2026-08-08 00:00:00+00:00
[2026-08-08T17:27:16.850+0000] {processor.py:208} INFO - Processing /home/airflow/.local/lib/python3.12/site-packages/airflow/example_dags/example_nested_branch_dag.py took 0.068 seconds
[2026-08-08T17:27:47.318+0000] {processor.py:186} INFO - Started process (PID=435) to work on /home/airflow/.local/lib/python3.12/site-packages/airflow/example_dags/example_nested_branch_dag.py
[2026-08-08T17:27:47.319+0000] {processor.py:914} INFO - Processing file /home/airflow/.local/lib/python3.12/site-packages/airflow/example_dags/example_nested_branch_dag.py for tasks to queue
[2026-08-08T17:27:47.325+0000] {logging_mixin.py:190} INFO - [2026-08-08T17:27:47.324+0000] {dagbag.py:587} INFO - Filling up the DagBag from /home/airflow/.local/lib/python3.12/site-packages/airflow/example_dags/example_nested_branch_dag.py
[2026-08-08T17:27:47.339+0000] {processor.py:925} INFO - DAG(s) 'example_nested_branch_dag' retrieved from /home/airflow/.local/lib/python3.12/site-packages/airflow/example_dags/example_nested_branch_dag.py
[2026-08-08T17:27:47.362+0000] {logging_mixin.py:190} INFO - [2026-08-08T17:27:47.362+0000] {dag.py:3211} INFO - Sync 1 DAGs
[2026-08-08T17:27:47.389+0000] {logging_mixin.py:190} INFO - [2026-08-08T17:27:47.389+0000] {dag.py:4138} INFO - Setting next_dagrun for example_nested_branch_dag to 2026-08-07 00:00:00+00:00, run_after=2026-08-08 00:00:00+00:00
[2026-08-08T17:27:47.409+0000] {processor.py:208} INFO - Processing /home/airflow/.local/lib/python3.12/site-packages/airflow/example_dags/example_nested_branch_dag.py took 0.100 seconds
[2026-08-08T17:28:17.856+0000] {processor.py:186} INFO - Started process (PID=498) to work on /home/airflow/.local/lib/python3.12/site-packages/airflow/example_dags/example_nested_branch_dag.py
[2026-08-08T17:28:17.858+0000] {processor.py:914} INFO - Processing file /home/airflow/.local/lib/python3.12/site-packages/airflow/example_dags/example_nested_branch_dag.py for tasks to queue
[2026-08-08T17:28:17.861+0000] {logging_mixin.py:190} INFO - [2026-08-08T17:28:17.861+0000] {dagbag.py:587} INFO - Filling up the DagBag from /home/airflow/.local/lib/python3.12/site-packages/airflow/example_dags/example_nested_branch_dag.py
[2026-08-08T17:28:17.872+0000] {processor.py:925} INFO - DAG(s) 'example_nested_branch_dag' retrieved from /home/airflow/.local/lib/python3.12/site-packages/airflow/example_dags/example_nested_branch_dag.py
[2026-08-08T17:28:17.895+0000] {logging_mixin.py:190} INFO - [2026-08-08T17:28:17.895+0000] {dag.py:3211} INFO - Sync 1 DAGs
[2026-08-08T17:28:17.917+0000] {logging_mixin.py:190} INFO - [2026-08-08T17:28:17.917+0000] {dag.py:4138} INFO - Setting next_dagrun for example_nested_branch_dag to 2026-08-07 00:00:00+00:00, run_after=2026-08-08 00:00:00+00:00
[2026-08-08T17:28:17.935+0000] {processor.py:208} INFO - Processing /home/airflow/.local/lib/python3.12/site-packages/airflow/example_dags/example_nested_branch_dag.py took 0.086 seconds
[2026-08-08T17:28:48.118+0000] {processor.py:186} INFO - Started process (PID=561) to work on /home/airflow/.local/lib/python3.12/site-packages/airflow/example_dags/example_nested_branch_dag.py
[2026-08-08T17:28:48.120+0000] {processor.py:914} INFO - Processing file /home/airflow/.local/lib/python3.12/site-packages/airflow/example_dags/example_nested_branch_dag.py for tasks to queue
[2026-08-08T17:28:48.122+0000] {logging_mixin.py:190} INFO - [2026-08-08T17:28:48.121+0000] {dagbag.py:587} INFO - Filling up the DagBag from /home/airflow/.local/lib/python3.12/site-packages/airflow/example_dags/example_nested_branch_dag.py
[2026-08-08T17:28:48.132+0000] {processor.py:925} INFO - DAG(s) 'example_nested_branch_dag' retrieved from /home/airflow/.local/lib/python3.12/site-packages/airflow/example_dags/example_nested_branch_dag.py
[2026-08-08T17:28:48.152+0000] {logging_mixin.py:190} INFO - [2026-08-08T17:28:48.151+0000] {dag.py:3211} INFO - Sync 1 DAGs
[2026-08-08T17:28:48.171+0000] {logging_mixin.py:190} INFO - [2026-08-08T17:28:48.171+0000] {dag.py:4138} INFO - Setting next_dagrun for example_nested_branch_dag to 2026-08-07 00:00:00+00:00, run_after=2026-08-08 00:00:00+00:00
[2026-08-08T17:28:48.188+0000] {processor.py:208} INFO - Processing /home/airflow/.local/lib/python3.12/site-packages/airflow/example_dags/example_nested_branch_dag.py took 0.075 seconds
[2026-08-08T17:29:18.399+0000] {processor.py:186} INFO - Started process (PID=624) to work on /home/airflow/.local/lib/python3.12/site-packages/airflow/example_dags/example_nested_branch_dag.py
[2026-08-08T17:29:18.400+0000] {processor.py:914} INFO - Processing file /home/airflow/.local/lib/python3.12/site-packages/airflow/example_dags/example_nested_branch_dag.py for tasks to queue
[2026-08-08T17:29:18.403+0000] {logging_mixin.py:190} INFO - [2026-08-08T17:29:18.403+0000] {dagbag.py:587} INFO - Filling up the DagBag from /home/airflow/.local/lib/python3.12/site-packages/airflow/example_dags/example_nested_branch_dag.py
[2026-08-08T17:29:18.415+0000] {processor.py:925} INFO - DAG(s) 'example_nested_branch_dag' retrieved from /home/airflow/.local/lib/python3.12/site-packages/airflow/example_dags/example_nested_branch_dag.py
[2026-08-08T17:29:18.436+0000] {logging_mixin.py:190} INFO - [2026-08-08T17:29:18.435+0000] {dag.py:3211} INFO - Sync 1 DAGs
[2026-08-08T17:29:18.456+0000] {logging_mixin.py:190} INFO - [2026-08-08T17:29:18.455+0000] {dag.py:4138} INFO - Setting next_dagrun for example_nested_branch_dag to 2026-08-07 00:00:00+00:00, run_after=2026-08-08 00:00:00+00:00
[2026-08-08T17:29:18.479+0000] {processor.py:208} INFO - Processing /home/airflow/.local/lib/python3.12/site-packages/airflow/example_dags/example_nested_branch_dag.py took 0.085 seconds
[2026-08-08T17:29:49.190+0000] {processor.py:186} INFO - Started process (PID=687) to work on /home/airflow/.local/lib/python3.12/site-packages/airflow/example_dags/example_nested_branch_dag.py
[2026-08-08T17:29:49.192+0000] {processor.py:914} INFO - Processing file /home/airflow/.local/lib/python3.12/site-packages/airflow/example_dags/example_nested_branch_dag.py for tasks to queue
[2026-08-08T17:29:49.195+0000] {logging_mixin.py:190} INFO - [2026-08-08T17:29:49.195+0000] {dagbag.py:587} INFO - Filling up the DagBag from /home/airflow/.local/lib/python3.12/site-packages/airflow/example_dags/example_nested_branch_dag.py
[2026-08-08T17:29:49.207+0000] {processor.py:925} INFO - DAG(s) 'example_nested_branch_dag' retrieved from /home/airflow/.local/lib/python3.12/site-packages/airflow/example_dags/example_nested_branch_dag.py
[2026-08-08T17:29:49.241+0000] {logging_mixin.py:190} INFO - [2026-08-08T17:29:49.240+0000] {dag.py:3211} INFO - Sync 1 DAGs
[2026-08-08T17:29:49.267+0000] {logging_mixin.py:190} INFO - [2026-08-08T17:29:49.267+0000] {dag.py:4138} INFO - Setting next_dagrun for example_nested_branch_dag to 2026-08-07 00:00:00+00:00, run_after=2026-08-08 00:00:00+00:00
[2026-08-08T17:29:49.285+0000] {processor.py:208} INFO - Processing /home/airflow/.local/lib/python3.12/site-packages/airflow/example_dags/example_nested_branch_dag.py took 0.101 seconds
[2026-08-08T17:30:20.046+0000] {processor.py:186} INFO - Started process (PID=750) to work on /home/airflow/.local/lib/python3.12/site-packages/airflow/example_dags/example_nested_branch_dag.py
[2026-08-08T17:30:20.047+0000] {processor.py:914} INFO - Processing file /home/airflow/.local/lib/python3.12/site-packages/airflow/example_dags/example_nested_branch_dag.py for tasks to queue
[2026-08-08T17:30:20.050+0000] {logging_mixin.py:190} INFO - [2026-08-08T17:30:20.050+0000] {dagbag.py:587} INFO - Filling up the DagBag from /home/airflow/.local/lib/python3.12/site-packages/airflow/example_dags/example_nested_branch_dag.py
[2026-08-08T17:30:20.062+0000] {processor.py:925} INFO - DAG(s) 'example_nested_branch_dag' retrieved from /home/airflow/.local/lib/python3.12/site-packages/airflow/example_dags/example_nested_branch_dag.py
[2026-08-08T17:30:20.084+0000] {logging_mixin.py:190} INFO - [2026-08-08T17:30:20.084+0000] {dag.py:3211} INFO - Sync 1 DAGs
[2026-08-08T17:30:20.104+0000] {logging_mixin.py:190} INFO - [2026-08-08T17:30:20.103+0000] {dag.py:4138} INFO - Setting next_dagrun for example_nested_branch_dag to 2026-08-07 00:00:00+00:00, run_after=2026-08-08 00:00:00+00:00
[2026-08-08T17:30:20.121+0000] {processor.py:208} INFO - Processing /home/airflow/.local/lib/python3.12/site-packages/airflow/example_dags/example_nested_branch_dag.py took 0.081 seconds
[2026-08-08T17:30:50.352+0000] {processor.py:186} INFO - Started process (PID=813) to work on /home/airflow/.local/lib/python3.12/site-packages/airflow/example_dags/example_nested_branch_dag.py
[2026-08-08T17:30:50.353+0000] {processor.py:914} INFO - Processing file /home/airflow/.local/lib/python3.12/site-packages/airflow/example_dags/example_nested_branch_dag.py for tasks to queue
[2026-08-08T17:30:50.355+0000] {logging_mixin.py:190} INFO - [2026-08-08T17:30:50.355+0000] {dagbag.py:587} INFO - Filling up the DagBag from /home/airflow/.local/lib/python3.12/site-packages/airflow/example_dags/example_nested_branch_dag.py
[2026-08-08T17:30:50.364+0000] {processor.py:925} INFO - DAG(s) 'example_nested_branch_dag' retrieved from /home/airflow/.local/lib/python3.12/site-packages/airflow/example_dags/example_nested_branch_dag.py
[2026-08-08T17:30:50.382+0000] {logging_mixin.py:190} INFO - [2026-08-08T17:30:50.382+0000] {dag.py:3211} INFO - Sync 1 DAGs
[2026-08-08T17:30:50.398+0000] {logging_mixin.py:190} INFO - [2026-08-08T17:30:50.398+0000] {dag.py:4138} INFO - Setting next_dagrun for example_nested_branch_dag to 2026-08-07 00:00:00+00:00, run_after=2026-08-08 00:00:00+00:00
[2026-08-08T17:30:50.418+0000] {processor.py:208} INFO - Processing /home/airflow/.local/lib/python3.12/site-packages/airflow/example_dags/example_nested_branch_dag.py took 0.071 seconds
[2026-08-08T17:31:21.054+0000] {processor.py:186} INFO - Started process (PID=876) to work on /home/airflow/.local/lib/python3.12/site-packages/airflow/example_dags/example_nested_branch_dag.py
[2026-08-08T17:31:21.056+0000] {processor.py:914} INFO - Processing file /home/airflow/.local/lib/python3.12/site-packages/airflow/example_dags/example_nested_branch_dag.py for tasks to queue
[2026-08-08T17:31:21.059+0000] {logging_mixin.py:190} INFO - [2026-08-08T17:31:21.059+0000] {dagbag.py:587} INFO - Filling up the DagBag from /home/airflow/.local/lib/python3.12/site-packages/airflow/example_dags/example_nested_branch_dag.py
[2026-08-08T17:31:21.076+0000] {processor.py:925} INFO - DAG(s) 'example_nested_branch_dag' retrieved from /home/airflow/.local/lib/python3.12/site-packages/airflow/example_dags/example_nested_branch_dag.py
[2026-08-08T17:31:21.095+0000] {logging_mixin.py:190} INFO - [2026-08-08T17:31:21.095+0000] {dag.py:3211} INFO - Sync 1 DAGs
[2026-08-08T17:31:21.114+0000] {logging_mixin.py:190} INFO - [2026-08-08T17:31:21.113+0000] {dag.py:4138} INFO - Setting next_dagrun for example_nested_branch_dag to 2026-08-07 00:00:00+00:00, run_after=2026-08-08 00:00:00+00:00
[2026-08-08T17:31:21.129+0000] {processor.py:208} INFO - Processing /home/airflow/.local/lib/python3.12/site-packages/airflow/example_dags/example_nested_branch_dag.py took 0.081 seconds
[2026-08-08T17:31:51.988+0000] {processor.py:186} INFO - Started process (PID=939) to work on /home/airflow/.local/lib/python3.12/site-packages/airflow/example_dags/example_nested_branch_dag.py
[2026-08-08T17:31:51.990+0000] {processor.py:914} INFO - Processing file /home/airflow/.local/lib/python3.12/site-packages/airflow/example_dags/example_nested_branch_dag.py for tasks to queue
[2026-08-08T17:31:51.993+0000] {logging_mixin.py:190} INFO - [2026-08-08T17:31:51.992+0000] {dagbag.py:587} INFO - Filling up the DagBag from /home/airflow/.local/lib/python3.12/site-packages/airflow/example_dags/example_nested_branch_dag.py
[2026-08-08T17:31:52.007+0000] {processor.py:925} INFO - DAG(s) 'example_nested_branch_dag' retrieved from /home/airflow/.local/lib/python3.12/site-packages/airflow/example_dags/example_nested_branch_dag.py
[2026-08-08T17:31:52.044+0000] {logging_mixin.py:190} INFO - [2026-08-08T17:31:52.043+0000] {dag.py:3211} INFO - Sync 1 DAGs
[2026-08-08T17:31:52.086+0000] {logging_mixin.py:190} INFO - [2026-08-08T17:31:52.086+0000] {dag.py:4138} INFO - Setting next_dagrun for example_nested_branch_dag to 2026-08-07 00:00:00+00:00, run_after=2026-08-08 00:00:00+00:00
[2026-08-08T17:31:52.121+0000] {processor.py:208} INFO - Processing /home/airflow/.local/lib/python3.12/site-packages/airflow/example_dags/example_nested_branch_dag.py took 0.143 seconds
[2026-08-08T17:32:23.055+0000] {processor.py:186} INFO - Started process (PID=1002) to work on /home/airflow/.local/lib/python3.12/site-packages/airflow/example_dags/example_nested_branch_dag.py
[2026-08-08T17:32:23.056+0000] {processor.py:914} INFO - Processing file /home/airflow/.local/lib/python3.12/site-packages/airflow/example_dags/example_nested_branch_dag.py for tasks to queue
[2026-08-08T17:32:23.059+0000] {logging_mixin.py:190} INFO - [2026-08-08T17:32:23.059+0000] {dagbag.py:587} INFO - Filling up the DagBag from /home/airflow/.local/lib/python3.12/site-packages/airflow/example_dags/example_nested_branch_dag.py
[2026-08-08T17:32:23.070+0000] {processor.py:925} INFO - DAG(s) 'example_nested_branch_dag' retrieved from /home/airflow/.local/lib/python3.12/site-packages/airflow/example_dags/example_nested_branch_dag.py
[2026-08-08T17:32:23.099+0000] {logging_mixin.py:190} INFO - [2026-08-08T17:32:23.098+0000] {dag.py:3211} INFO - Sync 1 DAGs
[2026-08-08T17:32:23.128+0000] {logging_mixin.py:190} INFO - [2026-08-08T17:32:23.127+0000] {dag.py:4138} INFO - Setting next_dagrun for example_nested_branch_dag to 2026-08-07 00:00:00+00:00, run_after=2026-08-08 00:00:00+00:00
[2026-08-08T17:32:23.153+0000] {processor.py:208} INFO - Processing /home/airflow/.local/lib/python3.12/site-packages/airflow/example_dags/example_nested_branch_dag.py took 0.104 seconds
[2026-08-08T17:32:53.542+0000] {processor.py:186} INFO - Started process (PID=1066) to work on /home/airflow/.local/lib/python3.12/site-packages/airflow/example_dags/example_nested_branch_dag.py
[2026-08-08T17:32:53.544+0000] {processor.py:914} INFO - Processing file /home/airflow/.local/lib/python3.12/site-packages/airflow/example_dags/example_nested_branch_dag.py for tasks to queue
[2026-08-08T17:32:53.547+0000] {logging_mixin.py:190} INFO - [2026-08-08T17:32:53.547+0000] {dagbag.py:587} INFO - Filling up the DagBag from /home/airflow/.local/lib/python3.12/site-packages/airflow/example_dags/example_nested_branch_dag.py
[2026-08-08T17:32:53.560+0000] {processor.py:925} INFO - DAG(s) 'example_nested_branch_dag' retrieved from /home/airflow/.local/lib/python3.12/site-packages/airflow/example_dags/example_nested_branch_dag.py
[2026-08-08T17:32:53.581+0000] {logging_mixin.py:190} INFO - [2026-08-08T17:32:53.581+0000] {dag.py:3211} INFO - Sync 1 DAGs
[2026-08-08T17:32:53.611+0000] {logging_mixin.py:190} INFO - [2026-08-08T17:32:53.611+0000] {dag.py:4138} INFO - Setting next_dagrun for example_nested_branch_dag to 2026-08-07 00:00:00+00:00, run_after=2026-08-08 00:00:00+00:00
[2026-08-08T17:32:53.635+0000] {processor.py:208} INFO - Processing /home/airflow/.local/lib/python3.12/site-packages/airflow/example_dags/example_nested_branch_dag.py took 0.100 seconds
[2026-08-08T17:33:24.143+0000] {processor.py:186} INFO - Started process (PID=1129) to work on /home/airflow/.local/lib/python3.12/site-packages/airflow/example_dags/example_nested_branch_dag.py
[2026-08-08T17:33:24.145+0000] {processor.py:914} INFO - Processing file /home/airflow/.local/lib/python3.12/site-packages/airflow/example_dags/example_nested_branch_dag.py for tasks to queue
[2026-08-08T17:33:24.148+0000] {logging_mixin.py:190} INFO - [2026-08-08T17:33:24.147+0000] {dagbag.py:587} INFO - Filling up the DagBag from /home/airflow/.local/lib/python3.12/site-packages/airflow/example_dags/example_nested_branch_dag.py
[2026-08-08T17:33:24.161+0000] {processor.py:925} INFO - DAG(s) 'example_nested_branch_dag' retrieved from /home/airflow/.local/lib/python3.12/site-packages/airflow/example_dags/example_nested_branch_dag.py
[2026-08-08T17:33:24.184+0000] {logging_mixin.py:190} INFO - [2026-08-08T17:33:24.183+0000] {dag.py:3211} INFO - Sync 1 DAGs
[2026-08-08T17:33:24.206+0000] {logging_mixin.py:190} INFO - [2026-08-08T17:33:24.206+0000] {dag.py:4138} INFO - Setting next_dagrun for example_nested_branch_dag to 2026-08-07 00:00:00+00:00, run_after=2026-08-08 00:00:00+00:00
[2026-08-08T17:33:24.228+0000] {processor.py:208} INFO - Processing /home/airflow/.local/lib/python3.12/site-packages/airflow/example_dags/example_nested_branch_dag.py took 0.091 seconds
[2026-08-08T17:33:54.515+0000] {processor.py:186} INFO - Started process (PID=1192) to work on /home/airflow/.local/lib/python3.12/site-packages/airflow/example_dags/example_nested_branch_dag.py
[2026-08-08T17:33:54.516+0000] {processor.py:914} INFO - Processing file /home/airflow/.local/lib/python3.12/site-packages/airflow/example_dags/example_nested_branch_dag.py for tasks to queue
[2026-08-08T17:33:54.519+0000] {logging_mixin.py:190} INFO - [2026-08-08T17:33:54.518+0000] {dagbag.py:587} INFO - Filling up the DagBag from /home/airflow/.local/lib/python3.12/site-packages/airflow/example_dags/example_nested_branch_dag.py
[2026-08-08T17:33:54.532+0000] {processor.py:925} INFO - DAG(s) 'example_nested_branch_dag' retrieved from /home/airflow/.local/lib/python3.12/site-packages/airflow/example_dags/example_nested_branch_dag.py
[2026-08-08T17:33:54.553+0000] {logging_mixin.py:190} INFO - [2026-08-08T17:33:54.553+0000] {dag.py:3211} INFO - Sync 1 DAGs
[2026-08-08T17:33:54.573+0000] {logging_mixin.py:190} INFO - [2026-08-08T17:33:54.572+0000] {dag.py:4138} INFO - Setting next_dagrun for example_nested_branch_dag to 2026-08-07 00:00:00+00:00, run_after=2026-08-08 00:00:00+00:00
[2026-08-08T17:33:54.591+0000] {processor.py:208} INFO - Processing /home/airflow/.local/lib/python3.12/site-packages/airflow/example_dags/example_nested_branch_dag.py took 0.083 seconds
[2026-08-08T17:34:24.758+0000] {processor.py:186} INFO - Started process (PID=1255) to work on /home/airflow/.local/lib/python3.12/site-packages/airflow/example_dags/example_nested_branch_dag.py
[2026-08-08T17:34:24.760+0000] {processor.py:914} INFO - Processing file /home/airflow/.local/lib/python3.12/site-packages/airflow/example_dags/example_nested_branch_dag.py for tasks to queue
[2026-08-08T17:34:24.763+0000] {logging_mixin.py:190} INFO - [2026-08-08T17:34:24.762+0000] {dagbag.py:587} INFO - Filling up the DagBag from /home/airflow/.local/lib/python3.12/site-packages/airflow/example_dags/example_nested_branch_dag.py
[2026-08-08T17:34:24.773+0000] {processor.py:925} INFO - DAG(s) 'example_nested_branch_dag' retrieved from /home/airflow/.local/lib/python3.12/site-packages/airflow/example_dags/example_nested_branch_dag.py
[2026-08-08T17:34:24.792+0000] {logging_mixin.py:190} INFO - [2026-08-08T17:34:24.792+0000] {dag.py:3211} INFO - Sync 1 DAGs
[2026-08-08T17:34:24.810+0000] {logging_mixin.py:190} INFO - [2026-08-08T17:34:24.810+0000] {dag.py:4138} INFO - Setting next_dagrun for example_nested_branch_dag to 2026-08-07 00:00:00+00:00, run_after=2026-08-08 00:00:00+00:00
[2026-08-08T17:34:24.826+0000] {processor.py:208} INFO - Processing /home/airflow/.local/lib/python3.12/site-packages/airflow/example_dags/example_nested_branch_dag.py took 0.073 seconds
[2026-08-08T17:34:55.388+0000] {processor.py:186} INFO - Started process (PID=1318) to work on /home/airflow/.local/lib/python3.12/site-packages/airflow/example_dags/example_nested_branch_dag.py
[2026-08-08T17:34:55.390+0000] {processor.py:914} INFO - Processing file /home/airflow/.local/lib/python3.12/site-packages/airflow/example_dags/example_nested_branch_dag.py for tasks to queue
[2026-08-08T17:34:55.392+0000] {logging_mixin.py:190} INFO - [2026-08-08T17:34:55.392+0000] {dagbag.py:587} INFO - Filling up the DagBag from /home/airflow/.local/lib/python3.12/site-packages/airflow/example_dags/example_nested_branch_dag.py
[2026-08-08T17:34:55.403+0000] {processor.py:925} INFO - DAG(s) 'example_nested_branch_dag' retrieved from /home/airflow/.local/lib/python3.12/site-packages/airflow/example_dags/example_nested_branch_dag.py
[2026-08-08T17:34:55.423+0000] {logging_mixin.py:190} INFO - [2026-08-08T17:34:55.422+0000] {dag.py:3211} INFO - Sync 1 DAGs
[2026-08-08T17:34:55.445+0000] {logging_mixin.py:190} INFO - [2026-08-08T17:34:55.445+0000] {dag.py:4138} INFO - Setting next_dagrun for example_nested_branch_dag to 2026-08-07 00:00:00+00:00, run_after=2026-08-08 00:00:00+00:00
[2026-08-08T17:34:55.462+0000] {processor.py:208} INFO - Processing /home/airflow/.local/lib/python3.12/site-packages/airflow/example_dags/example_nested_branch_dag.py took 0.080 seconds
[2026-08-08T17:35:26.093+0000] {processor.py:186} INFO - Started process (PID=1381) to work on /home/airflow/.local/lib/python3.12/site-packages/airflow/example_dags/example_nested_branch_dag.py
[2026-08-08T17:35:26.095+0000] {processor.py:914} INFO - Processing file /home/airflow/.local/lib/python3.12/site-packages/airflow/example_dags/example_nested_branch_dag.py for tasks to queue
[2026-08-08T17:35:26.098+0000] {logging_mixin.py:190} INFO - [2026-08-08T17:35:26.097+0000] {dagbag.py:587} INFO - Filling up the DagBag from /home/airflow/.local/lib/python3.12/site-packages/airflow/example_dags/example_nested_branch_dag.py
[2026-08-08T17:35:26.107+0000] {processor.py:925} INFO - DAG(s) 'example_nested_branch_dag' retrieved from /home/airflow/.local/lib/python3.12/site-packages/airflow/example_dags/example_nested_branch_dag.py
[2026-08-08T17:35:26.127+0000] {logging_mixin.py:190} INFO - [2026-08-08T17:35:26.126+0000] {dag.py:3211} INFO - Sync 1 DAGs
[2026-08-08T17:35:26.147+0000] {logging_mixin.py:190} INFO - [2026-08-08T17:35:26.147+0000] {dag.py:4138} INFO - Setting next_dagrun for example_nested_branch_dag to 2026-08-07 00:00:00+00:00, run_after=2026-08-08 00:00:00+00:00
[2026-08-08T17:35:26.166+0000] {processor.py:208} INFO - Processing /home/airflow/.local/lib/python3.12/site-packages/airflow/example_dags/example_nested_branch_dag.py took 0.078 seconds
[2026-08-08T17:35:56.539+0000] {processor.py:186} INFO - Started process (PID=1444) to work on /home/airflow/.local/lib/python3.12/site-packages/airflow/example_dags/example_nested_branch_dag.py
[2026-08-08T17:35:56.541+0000] {processor.py:914} INFO - Processing file /home/airflow/.local/lib/python3.12/site-packages/airflow/example_dags/example_nested_branch_dag.py for tasks to queue
[2026-08-08T17:35:56.543+0000] {logging_mixin.py:190} INFO - [2026-08-08T17:35:56.543+0000] {dagbag.py:587} INFO - Filling up the DagBag from /home/airflow/.local/lib/python3.12/site-packages/airflow/example_dags/example_nested_branch_dag.py
[2026-08-08T17:35:56.553+0000] {processor.py:925} INFO - DAG(s) 'example_nested_branch_dag' retrieved from /home/airflow/.local/lib/python3.12/site-packages/airflow/example_dags/example_nested_branch_dag.py
[2026-08-08T17:35:56.571+0000] {logging_mixin.py:190} INFO - [2026-08-08T17:35:56.570+0000] {dag.py:3211} INFO - Sync 1 DAGs
[2026-08-08T17:35:56.588+0000] {logging_mixin.py:190} INFO - [2026-08-08T17:35:56.588+0000] {dag.py:4138} INFO - Setting next_dagrun for example_nested_branch_dag to 2026-08-07 00:00:00+00:00, run_after=2026-08-08 00:00:00+00:00
[2026-08-08T17:35:56.605+0000] {processor.py:208} INFO - Processing /home/airflow/.local/lib/python3.12/site-packages/airflow/example_dags/example_nested_branch_dag.py took 0.070 seconds
[2026-08-08T17:36:26.825+0000] {processor.py:186} INFO - Started process (PID=1507) to work on /home/airflow/.local/lib/python3.12/site-packages/airflow/example_dags/example_nested_branch_dag.py
[2026-08-08T17:36:26.826+0000] {processor.py:914} INFO - Processing file /home/airflow/.local/lib/python3.12/site-packages/airflow/example_dags/example_nested_branch_dag.py for tasks to queue
[2026-08-08T17:36:26.829+0000] {logging_mixin.py:190} INFO - [2026-08-08T17:36:26.828+0000] {dagbag.py:587} INFO - Filling up the DagBag from /home/airflow/.local/lib/python3.12/site-packages/airflow/example_dags/example_nested_branch_dag.py
[2026-08-08T17:36:26.839+0000] {processor.py:925} INFO - DAG(s) 'example_nested_branch_dag' retrieved from /home/airflow/.local/lib/python3.12/site-packages/airflow/example_dags/example_nested_branch_dag.py
[2026-08-08T17:36:26.859+0000] {logging_mixin.py:190} INFO - [2026-08-08T17:36:26.859+0000] {dag.py:3211} INFO - Sync 1 DAGs
[2026-08-08T17:36:26.879+0000] {logging_mixin.py:190} INFO - [2026-08-08T17:36:26.879+0000] {dag.py:4138} INFO - Setting next_dagrun for example_nested_branch_dag to 2026-08-07 00:00:00+00:00, run_after=2026-08-08 00:00:00+00:00
[2026-08-08T17:36:26.896+0000] {processor.py:208} INFO - Processing /home/airflow/.local/lib/python3.12/site-packages/airflow/example_dags/example_nested_branch_dag.py took 0.077 seconds
[2026-08-08T17:38:17.863+0000] {processor.py:186} INFO - Started process (PID=108) to work on /home/airflow/.local/lib/python3.12/site-packages/airflow/example_dags/example_nested_branch_dag.py
[2026-08-08T17:38:17.865+0000] {processor.py:914} INFO - Processing file /home/airflow/.local/lib/python3.12/site-packages/airflow/example_dags/example_nested_branch_dag.py for tasks to queue
[2026-08-08T17:38:17.868+0000] {logging_mixin.py:190} INFO - [2026-08-08T17:38:17.868+0000] {dagbag.py:587} INFO - Filling up the DagBag from /home/airflow/.local/lib/python3.12/site-packages/airflow/example_dags/example_nested_branch_dag.py
[2026-08-08T17:38:17.878+0000] {processor.py:925} INFO - DAG(s) 'example_nested_branch_dag' retrieved from /home/airflow/.local/lib/python3.12/site-packages/airflow/example_dags/example_nested_branch_dag.py
[2026-08-08T17:38:17.902+0000] {logging_mixin.py:190} INFO - [2026-08-08T17:38:17.902+0000] {dag.py:3211} INFO - Sync 1 DAGs
[2026-08-08T17:38:17.924+0000] {logging_mixin.py:190} INFO - [2026-08-08T17:38:17.924+0000] {dag.py:4138} INFO - Setting next_dagrun for example_nested_branch_dag to 2026-08-07 00:00:00+00:00, run_after=2026-08-08 00:00:00+00:00
[2026-08-08T17:38:17.942+0000] {processor.py:208} INFO - Processing /home/airflow/.local/lib/python3.12/site-packages/airflow/example_dags/example_nested_branch_dag.py took 0.083 seconds
[2026-08-08T17:38:49.120+0000] {processor.py:186} INFO - Started process (PID=171) to work on /home/airflow/.local/lib/python3.12/site-packages/airflow/example_dags/example_nested_branch_dag.py
[2026-08-08T17:38:49.123+0000] {processor.py:914} INFO - Processing file /home/airflow/.local/lib/python3.12/site-packages/airflow/example_dags/example_nested_branch_dag.py for tasks to queue
[2026-08-08T17:38:49.126+0000] {logging_mixin.py:190} INFO - [2026-08-08T17:38:49.125+0000] {dagbag.py:587} INFO - Filling up the DagBag from /home/airflow/.local/lib/python3.12/site-packages/airflow/example_dags/example_nested_branch_dag.py
[2026-08-08T17:38:49.136+0000] {processor.py:925} INFO - DAG(s) 'example_nested_branch_dag' retrieved from /home/airflow/.local/lib/python3.12/site-packages/airflow/example_dags/example_nested_branch_dag.py
[2026-08-08T17:38:49.159+0000] {logging_mixin.py:190} INFO - [2026-08-08T17:38:49.158+0000] {dag.py:3211} INFO - Sync 1 DAGs
[2026-08-08T17:38:49.186+0000] {logging_mixin.py:190} INFO - [2026-08-08T17:38:49.186+0000] {dag.py:4138} INFO - Setting next_dagrun for example_nested_branch_dag to 2026-08-07 00:00:00+00:00, run_after=2026-08-08 00:00:00+00:00
[2026-08-08T17:38:49.208+0000] {processor.py:208} INFO - Processing /home/airflow/.local/lib/python3.12/site-packages/airflow/example_dags/example_nested_branch_dag.py took 0.093 seconds
[2026-08-08T17:39:19.994+0000] {processor.py:186} INFO - Started process (PID=234) to work on /home/airflow/.local/lib/python3.12/site-packages/airflow/example_dags/example_nested_branch_dag.py
[2026-08-08T17:39:19.996+0000] {processor.py:914} INFO - Processing file /home/airflow/.local/lib/python3.12/site-packages/airflow/example_dags/example_nested_branch_dag.py for tasks to queue
[2026-08-08T17:39:20.000+0000] {logging_mixin.py:190} INFO - [2026-08-08T17:39:19.999+0000] {dagbag.py:587} INFO - Filling up the DagBag from /home/airflow/.local/lib/python3.12/site-packages/airflow/example_dags/example_nested_branch_dag.py
[2026-08-08T17:39:20.013+0000] {processor.py:925} INFO - DAG(s) 'example_nested_branch_dag' retrieved from /home/airflow/.local/lib/python3.12/site-packages/airflow/example_dags/example_nested_branch_dag.py
[2026-08-08T17:39:20.043+0000] {logging_mixin.py:190} INFO - [2026-08-08T17:39:20.042+0000] {dag.py:3211} INFO - Sync 1 DAGs
[2026-08-08T17:39:20.070+0000] {logging_mixin.py:190} INFO - [2026-08-08T17:39:20.069+0000] {dag.py:4138} INFO - Setting next_dagrun for example_nested_branch_dag to 2026-08-07 00:00:00+00:00, run_after=2026-08-08 00:00:00+00:00
[2026-08-08T17:39:20.093+0000] {processor.py:208} INFO - Processing /home/airflow/.local/lib/python3.12/site-packages/airflow/example_dags/example_nested_branch_dag.py took 0.106 seconds
[2026-08-08T17:39:50.515+0000] {processor.py:186} INFO - Started process (PID=297) to work on /home/airflow/.local/lib/python3.12/site-packages/airflow/example_dags/example_nested_branch_dag.py
[2026-08-08T17:39:50.516+0000] {processor.py:914} INFO - Processing file /home/airflow/.local/lib/python3.12/site-packages/airflow/example_dags/example_nested_branch_dag.py for tasks to queue
[2026-08-08T17:39:50.519+0000] {logging_mixin.py:190} INFO - [2026-08-08T17:39:50.519+0000] {dagbag.py:587} INFO - Filling up the DagBag from /home/airflow/.local/lib/python3.12/site-packages/airflow/example_dags/example_nested_branch_dag.py
[2026-08-08T17:39:50.529+0000] {processor.py:925} INFO - DAG(s) 'example_nested_branch_dag' retrieved from /home/airflow/.local/lib/python3.12/site-packages/airflow/example_dags/example_nested_branch_dag.py
[2026-08-08T17:39:50.548+0000] {logging_mixin.py:190} INFO - [2026-08-08T17:39:50.548+0000] {dag.py:3211} INFO - Sync 1 DAGs
[2026-08-08T17:39:50.566+0000] {logging_mixin.py:190} INFO - [2026-08-08T17:39:50.566+0000] {dag.py:4138} INFO - Setting next_dagrun for example_nested_branch_dag to 2026-08-07 00:00:00+00:00, run_after=2026-08-08 00:00:00+00:00
[2026-08-08T17:39:50.584+0000] {processor.py:208} INFO - Processing /home/airflow/.local/lib/python3.12/site-packages/airflow/example_dags/example_nested_branch_dag.py took 0.074 seconds
[2026-08-08T17:42:42.223+0000] {processor.py:186} INFO - Started process (PID=120) to work on /home/airflow/.local/lib/python3.12/site-packages/airflow/example_dags/example_nested_branch_dag.py
[2026-08-08T17:42:42.225+0000] {processor.py:914} INFO - Processing file /home/airflow/.local/lib/python3.12/site-packages/airflow/example_dags/example_nested_branch_dag.py for tasks to queue
[2026-08-08T17:42:42.230+0000] {logging_mixin.py:190} INFO - [2026-08-08T17:42:42.229+0000] {dagbag.py:587} INFO - Filling up the DagBag from /home/airflow/.local/lib/python3.12/site-packages/airflow/example_dags/example_nested_branch_dag.py
[2026-08-08T17:42:42.251+0000] {processor.py:925} INFO - DAG(s) 'example_nested_branch_dag' retrieved from /home/airflow/.local/lib/python3.12/site-packages/airflow/example_dags/example_nested_branch_dag.py
[2026-08-08T17:42:42.294+0000] {logging_mixin.py:190} INFO - [2026-08-08T17:42:42.293+0000] {dag.py:3211} INFO - Sync 1 DAGs
[2026-08-08T17:42:42.328+0000] {logging_mixin.py:190} INFO - [2026-08-08T17:42:42.328+0000] {dag.py:4138} INFO - Setting next_dagrun for example_nested_branch_dag to 2026-08-07 00:00:00+00:00, run_after=2026-08-08 00:00:00+00:00
[2026-08-08T17:42:42.374+0000] {processor.py:208} INFO - Processing /home/airflow/.local/lib/python3.12/site-packages/airflow/example_dags/example_nested_branch_dag.py took 0.159 seconds
[2026-08-08T17:43:12.837+0000] {processor.py:186} INFO - Started process (PID=183) to work on /home/airflow/.local/lib/python3.12/site-packages/airflow/example_dags/example_nested_branch_dag.py
[2026-08-08T17:43:12.839+0000] {processor.py:914} INFO - Processing file /home/airflow/.local/lib/python3.12/site-packages/airflow/example_dags/example_nested_branch_dag.py for tasks to queue
[2026-08-08T17:43:12.842+0000] {logging_mixin.py:190} INFO - [2026-08-08T17:43:12.842+0000] {dagbag.py:587} INFO - Filling up the DagBag from /home/airflow/.local/lib/python3.12/site-packages/airflow/example_dags/example_nested_branch_dag.py
[2026-08-08T17:43:12.857+0000] {processor.py:925} INFO - DAG(s) 'example_nested_branch_dag' retrieved from /home/airflow/.local/lib/python3.12/site-packages/airflow/example_dags/example_nested_branch_dag.py
[2026-08-08T17:43:12.889+0000] {logging_mixin.py:190} INFO - [2026-08-08T17:43:12.889+0000] {dag.py:3211} INFO - Sync 1 DAGs
[2026-08-08T17:43:12.945+0000] {logging_mixin.py:190} INFO - [2026-08-08T17:43:12.945+0000] {dag.py:4138} INFO - Setting next_dagrun for example_nested_branch_dag to 2026-08-07 00:00:00+00:00, run_after=2026-08-08 00:00:00+00:00
[2026-08-08T17:43:12.983+0000] {processor.py:208} INFO - Processing /home/airflow/.local/lib/python3.12/site-packages/airflow/example_dags/example_nested_branch_dag.py took 0.155 seconds
[2026-08-08T17:43:44.399+0000] {processor.py:186} INFO - Started process (PID=247) to work on /home/airflow/.local/lib/python3.12/site-packages/airflow/example_dags/example_nested_branch_dag.py
[2026-08-08T17:43:44.400+0000] {processor.py:914} INFO - Processing file /home/airflow/.local/lib/python3.12/site-packages/airflow/example_dags/example_nested_branch_dag.py for tasks to queue
[2026-08-08T17:43:44.404+0000] {logging_mixin.py:190} INFO - [2026-08-08T17:43:44.404+0000] {dagbag.py:587} INFO - Filling up the DagBag from /home/airflow/.local/lib/python3.12/site-packages/airflow/example_dags/example_nested_branch_dag.py
[2026-08-08T17:43:44.419+0000] {processor.py:925} INFO - DAG(s) 'example_nested_branch_dag' retrieved from /home/airflow/.local/lib/python3.12/site-packages/airflow/example_dags/example_nested_branch_dag.py
[2026-08-08T17:43:44.440+0000] {logging_mixin.py:190} INFO - [2026-08-08T17:43:44.440+0000] {dag.py:3211} INFO - Sync 1 DAGs
[2026-08-08T17:43:44.463+0000] {logging_mixin.py:190} INFO - [2026-08-08T17:43:44.463+0000] {dag.py:4138} INFO - Setting next_dagrun for example_nested_branch_dag to 2026-08-07 00:00:00+00:00, run_after=2026-08-08 00:00:00+00:00
[2026-08-08T17:43:44.489+0000] {processor.py:208} INFO - Processing /home/airflow/.local/lib/python3.12/site-packages/airflow/example_dags/example_nested_branch_dag.py took 0.095 seconds
[2026-08-08T17:44:14.848+0000] {processor.py:186} INFO - Started process (PID=309) to work on /home/airflow/.local/lib/python3.12/site-packages/airflow/example_dags/example_nested_branch_dag.py
[2026-08-08T17:44:14.849+0000] {processor.py:914} INFO - Processing file /home/airflow/.local/lib/python3.12/site-packages/airflow/example_dags/example_nested_branch_dag.py for tasks to queue
[2026-08-08T17:44:14.854+0000] {logging_mixin.py:190} INFO - [2026-08-08T17:44:14.853+0000] {dagbag.py:587} INFO - Filling up the DagBag from /home/airflow/.local/lib/python3.12/site-packages/airflow/example_dags/example_nested_branch_dag.py
[2026-08-08T17:44:14.867+0000] {processor.py:925} INFO - DAG(s) 'example_nested_branch_dag' retrieved from /home/airflow/.local/lib/python3.12/site-packages/airflow/example_dags/example_nested_branch_dag.py
[2026-08-08T17:44:14.895+0000] {logging_mixin.py:190} INFO - [2026-08-08T17:44:14.895+0000] {dag.py:3211} INFO - Sync 1 DAGs
[2026-08-08T17:44:14.923+0000] {logging_mixin.py:190} INFO - [2026-08-08T17:44:14.922+0000] {dag.py:4138} INFO - Setting next_dagrun for example_nested_branch_dag to 2026-08-07 00:00:00+00:00, run_after=2026-08-08 00:00:00+00:00
[2026-08-08T17:44:14.952+0000] {processor.py:208} INFO - Processing /home/airflow/.local/lib/python3.12/site-packages/airflow/example_dags/example_nested_branch_dag.py took 0.112 seconds
[2026-08-08T17:44:45.284+0000] {processor.py:186} INFO - Started process (PID=372) to work on /home/airflow/.local/lib/python3.12/site-packages/airflow/example_dags/example_nested_branch_dag.py
[2026-08-08T17:44:45.285+0000] {processor.py:914} INFO - Processing file /home/airflow/.local/lib/python3.12/site-packages/airflow/example_dags/example_nested_branch_dag.py for tasks to queue
[2026-08-08T17:44:45.288+0000] {logging_mixin.py:190} INFO - [2026-08-08T17:44:45.287+0000] {dagbag.py:587} INFO - Filling up the DagBag from /home/airflow/.local/lib/python3.12/site-packages/airflow/example_dags/example_nested_branch_dag.py
[2026-08-08T17:44:45.300+0000] {processor.py:925} INFO - DAG(s) 'example_nested_branch_dag' retrieved from /home/airflow/.local/lib/python3.12/site-packages/airflow/example_dags/example_nested_branch_dag.py
[2026-08-08T17:44:45.329+0000] {logging_mixin.py:190} INFO - [2026-08-08T17:44:45.329+0000] {dag.py:3211} INFO - Sync 1 DAGs
[2026-08-08T17:44:45.352+0000] {logging_mixin.py:190} INFO - [2026-08-08T17:44:45.352+0000] {dag.py:4138} INFO - Setting next_dagrun for example_nested_branch_dag to 2026-08-07 00:00:00+00:00, run_after=2026-08-08 00:00:00+00:00
[2026-08-08T17:44:45.376+0000] {processor.py:208} INFO - Processing /home/airflow/.local/lib/python3.12/site-packages/airflow/example_dags/example_nested_branch_dag.py took 0.099 seconds
[2026-08-08T17:45:15.608+0000] {processor.py:186} INFO - Started process (PID=435) to work on /home/airflow/.local/lib/python3.12/site-packages/airflow/example_dags/example_nested_branch_dag.py
[2026-08-08T17:45:15.610+0000] {processor.py:914} INFO - Processing file /home/airflow/.local/lib/python3.12/site-packages/airflow/example_dags/example_nested_branch_dag.py for tasks to queue
[2026-08-08T17:45:15.613+0000] {logging_mixin.py:190} INFO - [2026-08-08T17:45:15.612+0000] {dagbag.py:587} INFO - Filling up the DagBag from /home/airflow/.local/lib/python3.12/site-packages/airflow/example_dags/example_nested_branch_dag.py
[2026-08-08T17:45:15.626+0000] {processor.py:925} INFO - DAG(s) 'example_nested_branch_dag' retrieved from /home/airflow/.local/lib/python3.12/site-packages/airflow/example_dags/example_nested_branch_dag.py
[2026-08-08T17:45:15.645+0000] {logging_mixin.py:190} INFO - [2026-08-08T17:45:15.645+0000] {dag.py:3211} INFO - Sync 1 DAGs
[2026-08-08T17:45:15.664+0000] {logging_mixin.py:190} INFO - [2026-08-08T17:45:15.664+0000] {dag.py:4138} INFO - Setting next_dagrun for example_nested_branch_dag to 2026-08-07 00:00:00+00:00, run_after=2026-08-08 00:00:00+00:00
[2026-08-08T17:45:15.684+0000] {processor.py:208} INFO - Processing /home/airflow/.local/lib/python3.12/site-packages/airflow/example_dags/example_nested_branch_dag.py took 0.083 seconds
[2026-08-08T17:45:45.860+0000] {processor.py:186} INFO - Started process (PID=498) to work on /home/airflow/.local/lib/python3.12/site-packages/airflow/example_dags/example_nested_branch_dag.py
[2026-08-08T17:45:45.861+0000] {processor.py:914} INFO - Processing file /home/airflow/.local/lib/python3.12/site-packages/airflow/example_dags/example_nested_branch_dag.py for tasks to queue
[2026-08-08T17:45:45.865+0000] {logging_mixin.py:190} INFO - [2026-08-08T17:45:45.864+0000] {dagbag.py:587} INFO - Filling up the DagBag from /home/airflow/.local/lib/python3.12/site-packages/airflow/example_dags/example_nested_branch_dag.py
[2026-08-08T17:45:45.875+0000] {processor.py:925} INFO - DAG(s) 'example_nested_branch_dag' retrieved from /home/airflow/.local/lib/python3.12/site-packages/airflow/example_dags/example_nested_branch_dag.py
[2026-08-08T17:45:45.895+0000] {logging_mixin.py:190} INFO - [2026-08-08T17:45:45.895+0000] {dag.py:3211} INFO - Sync 1 DAGs
[2026-08-08T17:45:45.915+0000] {logging_mixin.py:190} INFO - [2026-08-08T17:45:45.915+0000] {dag.py:4138} INFO - Setting next_dagrun for example_nested_branch_dag to 2026-08-07 00:00:00+00:00, run_after=2026-08-08 00:00:00+00:00
[2026-08-08T17:45:45.934+0000] {processor.py:208} INFO - Processing /home/airflow/.local/lib/python3.12/site-packages/airflow/example_dags/example_nested_branch_dag.py took 0.080 seconds
[2026-08-08T17:47:16.378+0000] {processor.py:186} INFO - Started process (PID=121) to work on /home/airflow/.local/lib/python3.12/site-packages/airflow/example_dags/example_nested_branch_dag.py
[2026-08-08T17:47:16.381+0000] {processor.py:914} INFO - Processing file /home/airflow/.local/lib/python3.12/site-packages/airflow/example_dags/example_nested_branch_dag.py for tasks to queue
[2026-08-08T17:47:16.387+0000] {logging_mixin.py:190} INFO - [2026-08-08T17:47:16.386+0000] {dagbag.py:587} INFO - Filling up the DagBag from /home/airflow/.local/lib/python3.12/site-packages/airflow/example_dags/example_nested_branch_dag.py
[2026-08-08T17:47:16.413+0000] {processor.py:925} INFO - DAG(s) 'example_nested_branch_dag' retrieved from /home/airflow/.local/lib/python3.12/site-packages/airflow/example_dags/example_nested_branch_dag.py
[2026-08-08T17:47:16.452+0000] {logging_mixin.py:190} INFO - [2026-08-08T17:47:16.452+0000] {dag.py:3211} INFO - Sync 1 DAGs
[2026-08-08T17:47:16.483+0000] {logging_mixin.py:190} INFO - [2026-08-08T17:47:16.483+0000] {dag.py:4138} INFO - Setting next_dagrun for example_nested_branch_dag to 2026-08-07 00:00:00+00:00, run_after=2026-08-08 00:00:00+00:00
[2026-08-08T17:47:16.529+0000] {processor.py:208} INFO - Processing /home/airflow/.local/lib/python3.12/site-packages/airflow/example_dags/example_nested_branch_dag.py took 0.164 seconds
[2026-08-08T17:47:47.019+0000] {processor.py:186} INFO - Started process (PID=184) to work on /home/airflow/.local/lib/python3.12/site-packages/airflow/example_dags/example_nested_branch_dag.py
[2026-08-08T17:47:47.021+0000] {processor.py:914} INFO - Processing file /home/airflow/.local/lib/python3.12/site-packages/airflow/example_dags/example_nested_branch_dag.py for tasks to queue
[2026-08-08T17:47:47.024+0000] {logging_mixin.py:190} INFO - [2026-08-08T17:47:47.024+0000] {dagbag.py:587} INFO - Filling up the DagBag from /home/airflow/.local/lib/python3.12/site-packages/airflow/example_dags/example_nested_branch_dag.py
[2026-08-08T17:47:47.037+0000] {processor.py:925} INFO - DAG(s) 'example_nested_branch_dag' retrieved from /home/airflow/.local/lib/python3.12/site-packages/airflow/example_dags/example_nested_branch_dag.py
[2026-08-08T17:47:47.061+0000] {logging_mixin.py:190} INFO - [2026-08-08T17:47:47.061+0000] {dag.py:3211} INFO - Sync 1 DAGs
[2026-08-08T17:47:47.085+0000] {logging_mixin.py:190} INFO - [2026-08-08T17:47:47.085+0000] {dag.py:4138} INFO - Setting next_dagrun for example_nested_branch_dag to 2026-08-07 00:00:00+00:00, run_after=2026-08-08 00:00:00+00:00
[2026-08-08T17:47:47.109+0000] {processor.py:208} INFO - Processing /home/airflow/.local/lib/python3.12/site-packages/airflow/example_dags/example_nested_branch_dag.py took 0.098 seconds
[2026-08-08T17:48:18.288+0000] {processor.py:186} INFO - Started process (PID=253) to work on /home/airflow/.local/lib/python3.12/site-packages/airflow/example_dags/example_nested_branch_dag.py
[2026-08-08T17:48:18.291+0000] {processor.py:914} INFO - Processing file /home/airflow/.local/lib/python3.12/site-packages/airflow/example_dags/example_nested_branch_dag.py for tasks to queue
[2026-08-08T17:48:18.297+0000] {logging_mixin.py:190} INFO - [2026-08-08T17:48:18.296+0000] {dagbag.py:587} INFO - Filling up the DagBag from /home/airflow/.local/lib/python3.12/site-packages/airflow/example_dags/example_nested_branch_dag.py
[2026-08-08T17:48:18.310+0000] {processor.py:925} INFO - DAG(s) 'example_nested_branch_dag' retrieved from /home/airflow/.local/lib/python3.12/site-packages/airflow/example_dags/example_nested_branch_dag.py
[2026-08-08T17:48:18.337+0000] {logging_mixin.py:190} INFO - [2026-08-08T17:48:18.337+0000] {dag.py:3211} INFO - Sync 1 DAGs
[2026-08-08T17:48:18.363+0000] {logging_mixin.py:190} INFO - [2026-08-08T17:48:18.362+0000] {dag.py:4138} INFO - Setting next_dagrun for example_nested_branch_dag to 2026-08-07 00:00:00+00:00, run_after=2026-08-08 00:00:00+00:00
[2026-08-08T17:48:18.382+0000] {processor.py:208} INFO - Processing /home/airflow/.local/lib/python3.12/site-packages/airflow/example_dags/example_nested_branch_dag.py took 0.099 seconds
[2026-08-08T17:48:49.063+0000] {processor.py:186} INFO - Started process (PID=316) to work on /home/airflow/.local/lib/python3.12/site-packages/airflow/example_dags/example_nested_branch_dag.py
[2026-08-08T17:48:49.065+0000] {processor.py:914} INFO - Processing file /home/airflow/.local/lib/python3.12/site-packages/airflow/example_dags/example_nested_branch_dag.py for tasks to queue
[2026-08-08T17:48:49.068+0000] {logging_mixin.py:190} INFO - [2026-08-08T17:48:49.067+0000] {dagbag.py:587} INFO - Filling up the DagBag from /home/airflow/.local/lib/python3.12/site-packages/airflow/example_dags/example_nested_branch_dag.py
[2026-08-08T17:48:49.082+0000] {processor.py:925} INFO - DAG(s) 'example_nested_branch_dag' retrieved from /home/airflow/.local/lib/python3.12/site-packages/airflow/example_dags/example_nested_branch_dag.py
[2026-08-08T17:48:49.113+0000] {logging_mixin.py:190} INFO - [2026-08-08T17:48:49.112+0000] {dag.py:3211} INFO - Sync 1 DAGs
[2026-08-08T17:48:49.154+0000] {logging_mixin.py:190} INFO - [2026-08-08T17:48:49.154+0000] {dag.py:4138} INFO - Setting next_dagrun for example_nested_branch_dag to 2026-08-07 00:00:00+00:00, run_after=2026-08-08 00:00:00+00:00
[2026-08-08T17:48:49.198+0000] {processor.py:208} INFO - Processing /home/airflow/.local/lib/python3.12/site-packages/airflow/example_dags/example_nested_branch_dag.py took 0.142 seconds
[2026-08-08T17:52:40.696+0000] {processor.py:186} INFO - Started process (PID=120) to work on /home/airflow/.local/lib/python3.12/site-packages/airflow/example_dags/example_nested_branch_dag.py
[2026-08-08T17:52:40.699+0000] {processor.py:914} INFO - Processing file /home/airflow/.local/lib/python3.12/site-packages/airflow/example_dags/example_nested_branch_dag.py for tasks to queue
[2026-08-08T17:52:40.705+0000] {logging_mixin.py:190} INFO - [2026-08-08T17:52:40.704+0000] {dagbag.py:587} INFO - Filling up the DagBag from /home/airflow/.local/lib/python3.12/site-packages/airflow/example_dags/example_nested_branch_dag.py
[2026-08-08T17:52:40.741+0000] {processor.py:925} INFO - DAG(s) 'example_nested_branch_dag' retrieved from /home/airflow/.local/lib/python3.12/site-packages/airflow/example_dags/example_nested_branch_dag.py
[2026-08-08T17:52:40.798+0000] {logging_mixin.py:190} INFO - [2026-08-08T17:52:40.798+0000] {dag.py:3211} INFO - Sync 1 DAGs
[2026-08-08T17:52:40.853+0000] {logging_mixin.py:190} INFO - [2026-08-08T17:52:40.852+0000] {dag.py:4138} INFO - Setting next_dagrun for example_nested_branch_dag to 2026-08-07 00:00:00+00:00, run_after=2026-08-08 00:00:00+00:00
[2026-08-08T17:52:40.893+0000] {processor.py:208} INFO - Processing /home/airflow/.local/lib/python3.12/site-packages/airflow/example_dags/example_nested_branch_dag.py took 0.213 seconds
[2026-08-08T17:53:11.117+0000] {processor.py:186} INFO - Started process (PID=183) to work on /home/airflow/.local/lib/python3.12/site-packages/airflow/example_dags/example_nested_branch_dag.py
[2026-08-08T17:53:11.119+0000] {processor.py:914} INFO - Processing file /home/airflow/.local/lib/python3.12/site-packages/airflow/example_dags/example_nested_branch_dag.py for tasks to queue
[2026-08-08T17:53:11.123+0000] {logging_mixin.py:190} INFO - [2026-08-08T17:53:11.123+0000] {dagbag.py:587} INFO - Filling up the DagBag from /home/airflow/.local/lib/python3.12/site-packages/airflow/example_dags/example_nested_branch_dag.py
[2026-08-08T17:53:11.136+0000] {processor.py:925} INFO - DAG(s) 'example_nested_branch_dag' retrieved from /home/airflow/.local/lib/python3.12/site-packages/airflow/example_dags/example_nested_branch_dag.py
[2026-08-08T17:53:11.159+0000] {logging_mixin.py:190} INFO - [2026-08-08T17:53:11.159+0000] {dag.py:3211} INFO - Sync 1 DAGs
[2026-08-08T17:53:11.185+0000] {logging_mixin.py:190} INFO - [2026-08-08T17:53:11.185+0000] {dag.py:4138} INFO - Setting next_dagrun for example_nested_branch_dag to 2026-08-07 00:00:00+00:00, run_after=2026-08-08 00:00:00+00:00
[2026-08-08T17:53:11.207+0000] {processor.py:208} INFO - Processing /home/airflow/.local/lib/python3.12/site-packages/airflow/example_dags/example_nested_branch_dag.py took 0.096 seconds
[2026-08-08T17:53:41.723+0000] {processor.py:186} INFO - Started process (PID=246) to work on /home/airflow/.local/lib/python3.12/site-packages/airflow/example_dags/example_nested_branch_dag.py
[2026-08-08T17:53:41.724+0000] {processor.py:914} INFO - Processing file /home/airflow/.local/lib/python3.12/site-packages/airflow/example_dags/example_nested_branch_dag.py for tasks to queue
[2026-08-08T17:53:41.727+0000] {logging_mixin.py:190} INFO - [2026-08-08T17:53:41.727+0000] {dagbag.py:587} INFO - Filling up the DagBag from /home/airflow/.local/lib/python3.12/site-packages/airflow/example_dags/example_nested_branch_dag.py
[2026-08-08T17:53:41.736+0000] {processor.py:925} INFO - DAG(s) 'example_nested_branch_dag' retrieved from /home/airflow/.local/lib/python3.12/site-packages/airflow/example_dags/example_nested_branch_dag.py
[2026-08-08T17:53:41.755+0000] {logging_mixin.py:190} INFO - [2026-08-08T17:53:41.755+0000] {dag.py:3211} INFO - Sync 1 DAGs
[2026-08-08T17:53:41.774+0000] {logging_mixin.py:190} INFO - [2026-08-08T17:53:41.773+0000] {dag.py:4138} INFO - Setting next_dagrun for example_nested_branch_dag to 2026-08-07 00:00:00+00:00, run_after=2026-08-08 00:00:00+00:00
[2026-08-08T17:53:41.789+0000] {processor.py:208} INFO - Processing /home/airflow/.local/lib/python3.12/site-packages/airflow/example_dags/example_nested_branch_dag.py took 0.072 seconds
[2026-08-08T17:54:12.303+0000] {processor.py:186} INFO - Started process (PID=309) to work on /home/airflow/.local/lib/python3.12/site-packages/airflow/example_dags/example_nested_branch_dag.py
[2026-08-08T17:54:12.304+0000] {processor.py:914} INFO - Processing file /home/airflow/.local/lib/python3.12/site-packages/airflow/example_dags/example_nested_branch_dag.py for tasks to queue
[2026-08-08T17:54:12.307+0000] {logging_mixin.py:190} INFO - [2026-08-08T17:54:12.307+0000] {dagbag.py:587} INFO - Filling up the DagBag from /home/airflow/.local/lib/python3.12/site-packages/airflow/example_dags/example_nested_branch_dag.py
[2026-08-08T17:54:12.317+0000] {processor.py:925} INFO - DAG(s) 'example_nested_branch_dag' retrieved from /home/airflow/.local/lib/python3.12/site-packages/airflow/example_dags/example_nested_branch_dag.py
[2026-08-08T17:54:12.338+0000] {logging_mixin.py:190} INFO - [2026-08-08T17:54:12.338+0000] {dag.py:3211} INFO - Sync 1 DAGs
[2026-08-08T17:54:12.358+0000] {logging_mixin.py:190} INFO - [2026-08-08T17:54:12.358+0000] {dag.py:4138} INFO - Setting next_dagrun for example_nested_branch_dag to 2026-08-07 00:00:00+00:00, run_after=2026-08-08 00:00:00+00:00
[2026-08-08T17:54:12.383+0000] {processor.py:208} INFO - Processing /home/airflow/.local/lib/python3.12/site-packages/airflow/example_dags/example_nested_branch_dag.py took 0.086 seconds
[2026-08-08T17:54:42.467+0000] {processor.py:186} INFO - Started process (PID=372) to work on /home/airflow/.local/lib/python3.12/site-packages/airflow/example_dags/example_nested_branch_dag.py
[2026-08-08T17:54:42.473+0000] {processor.py:914} INFO - Processing file /home/airflow/.local/lib/python3.12/site-packages/airflow/example_dags/example_nested_branch_dag.py for tasks to queue
[2026-08-08T17:54:42.476+0000] {logging_mixin.py:190} INFO - [2026-08-08T17:54:42.476+0000] {dagbag.py:587} INFO - Filling up the DagBag from /home/airflow/.local/lib/python3.12/site-packages/airflow/example_dags/example_nested_branch_dag.py
[2026-08-08T17:54:42.486+0000] {processor.py:925} INFO - DAG(s) 'example_nested_branch_dag' retrieved from /home/airflow/.local/lib/python3.12/site-packages/airflow/example_dags/example_nested_branch_dag.py
[2026-08-08T17:54:42.506+0000] {logging_mixin.py:190} INFO - [2026-08-08T17:54:42.506+0000] {dag.py:3211} INFO - Sync 1 DAGs
[2026-08-08T17:54:42.524+0000] {logging_mixin.py:190} INFO - [2026-08-08T17:54:42.524+0000] {dag.py:4138} INFO - Setting next_dagrun for example_nested_branch_dag to 2026-08-07 00:00:00+00:00, run_after=2026-08-08 00:00:00+00:00
[2026-08-08T17:54:42.542+0000] {processor.py:208} INFO - Processing /home/airflow/.local/lib/python3.12/site-packages/airflow/example_dags/example_nested_branch_dag.py took 0.080 seconds
[2026-08-08T17:55:13.562+0000] {processor.py:186} INFO - Started process (PID=435) to work on /home/airflow/.local/lib/python3.12/site-packages/airflow/example_dags/example_nested_branch_dag.py
[2026-08-08T17:55:13.563+0000] {processor.py:914} INFO - Processing file /home/airflow/.local/lib/python3.12/site-packages/airflow/example_dags/example_nested_branch_dag.py for tasks to queue
[2026-08-08T17:55:13.568+0000] {logging_mixin.py:190} INFO - [2026-08-08T17:55:13.568+0000] {dagbag.py:587} INFO - Filling up the DagBag from /home/airflow/.local/lib/python3.12/site-packages/airflow/example_dags/example_nested_branch_dag.py
[2026-08-08T17:55:13.586+0000] {processor.py:925} INFO - DAG(s) 'example_nested_branch_dag' retrieved from /home/airflow/.local/lib/python3.12/site-packages/airflow/example_dags/example_nested_branch_dag.py
[2026-08-08T17:55:13.619+0000] {logging_mixin.py:190} INFO - [2026-08-08T17:55:13.618+0000] {dag.py:3211} INFO - Sync 1 DAGs
[2026-08-08T17:55:13.646+0000] {logging_mixin.py:190} INFO - [2026-08-08T17:55:13.646+0000] {dag.py:4138} INFO - Setting next_dagrun for example_nested_branch_dag to 2026-08-07 00:00:00+00:00, run_after=2026-08-08 00:00:00+00:00
[2026-08-08T17:55:13.670+0000] {processor.py:208} INFO - Processing /home/airflow/.local/lib/python3.12/site-packages/airflow/example_dags/example_nested_branch_dag.py took 0.117 seconds
[2026-08-08T17:55:44.094+0000] {processor.py:186} INFO - Started process (PID=498) to work on /home/airflow/.local/lib/python3.12/site-packages/airflow/example_dags/example_nested_branch_dag.py
[2026-08-08T17:55:44.095+0000] {processor.py:914} INFO - Processing file /home/airflow/.local/lib/python3.12/site-packages/airflow/example_dags/example_nested_branch_dag.py for tasks to queue
[2026-08-08T17:55:44.099+0000] {logging_mixin.py:190} INFO - [2026-08-08T17:55:44.098+0000] {dagbag.py:587} INFO - Filling up the DagBag from /home/airflow/.local/lib/python3.12/site-packages/airflow/example_dags/example_nested_branch_dag.py
[2026-08-08T17:55:44.110+0000] {processor.py:925} INFO - DAG(s) 'example_nested_branch_dag' retrieved from /home/airflow/.local/lib/python3.12/site-packages/airflow/example_dags/example_nested_branch_dag.py
[2026-08-08T17:55:44.130+0000] {logging_mixin.py:190} INFO - [2026-08-08T17:55:44.129+0000] {dag.py:3211} INFO - Sync 1 DAGs
[2026-08-08T17:55:44.149+0000] {logging_mixin.py:190} INFO - [2026-08-08T17:55:44.149+0000] {dag.py:4138} INFO - Setting next_dagrun for example_nested_branch_dag to 2026-08-07 00:00:00+00:00, run_after=2026-08-08 00:00:00+00:00
[2026-08-08T17:55:44.168+0000] {processor.py:208} INFO - Processing /home/airflow/.local/lib/python3.12/site-packages/airflow/example_dags/example_nested_branch_dag.py took 0.080 seconds
[2026-08-08T17:56:14.678+0000] {processor.py:186} INFO - Started process (PID=561) to work on /home/airflow/.local/lib/python3.12/site-packages/airflow/example_dags/example_nested_branch_dag.py
[2026-08-08T17:56:14.679+0000] {processor.py:914} INFO - Processing file /home/airflow/.local/lib/python3.12/site-packages/airflow/example_dags/example_nested_branch_dag.py for tasks to queue
[2026-08-08T17:56:14.682+0000] {logging_mixin.py:190} INFO - [2026-08-08T17:56:14.682+0000] {dagbag.py:587} INFO - Filling up the DagBag from /home/airflow/.local/lib/python3.12/site-packages/airflow/example_dags/example_nested_branch_dag.py
[2026-08-08T17:56:14.693+0000] {processor.py:925} INFO - DAG(s) 'example_nested_branch_dag' retrieved from /home/airflow/.local/lib/python3.12/site-packages/airflow/example_dags/example_nested_branch_dag.py
[2026-08-08T17:56:14.712+0000] {logging_mixin.py:190} INFO - [2026-08-08T17:56:14.711+0000] {dag.py:3211} INFO - Sync 1 DAGs
[2026-08-08T17:56:14.731+0000] {logging_mixin.py:190} INFO - [2026-08-08T17:56:14.731+0000] {dag.py:4138} INFO - Setting next_dagrun for example_nested_branch_dag to 2026-08-07 00:00:00+00:00, run_after=2026-08-08 00:00:00+00:00
[2026-08-08T17:56:14.751+0000] {processor.py:208} INFO - Processing /home/airflow/.local/lib/python3.12/site-packages/airflow/example_dags/example_nested_branch_dag.py took 0.080 seconds
[2026-08-08T17:56:45.178+0000] {processor.py:186} INFO - Started process (PID=624) to work on /home/airflow/.local/lib/python3.12/site-packages/airflow/example_dags/example_nested_branch_dag.py
[2026-08-08T17:56:45.179+0000] {processor.py:914} INFO - Processing file /home/airflow/.local/lib/python3.12/site-packages/airflow/example_dags/example_nested_branch_dag.py for tasks to queue
[2026-08-08T17:56:45.181+0000] {logging_mixin.py:190} INFO - [2026-08-08T17:56:45.181+0000] {dagbag.py:587} INFO - Filling up the DagBag from /home/airflow/.local/lib/python3.12/site-packages/airflow/example_dags/example_nested_branch_dag.py
[2026-08-08T17:56:45.193+0000] {processor.py:925} INFO - DAG(s) 'example_nested_branch_dag' retrieved from /home/airflow/.local/lib/python3.12/site-packages/airflow/example_dags/example_nested_branch_dag.py
[2026-08-08T17:56:45.212+0000] {logging_mixin.py:190} INFO - [2026-08-08T17:56:45.212+0000] {dag.py:3211} INFO - Sync 1 DAGs
[2026-08-08T17:56:45.231+0000] {logging_mixin.py:190} INFO - [2026-08-08T17:56:45.231+0000] {dag.py:4138} INFO - Setting next_dagrun for example_nested_branch_dag to 2026-08-07 00:00:00+00:00, run_after=2026-08-08 00:00:00+00:00
[2026-08-08T17:56:45.251+0000] {processor.py:208} INFO - Processing /home/airflow/.local/lib/python3.12/site-packages/airflow/example_dags/example_nested_branch_dag.py took 0.078 seconds
[2026-08-08T17:57:15.920+0000] {processor.py:186} INFO - Started process (PID=687) to work on /home/airflow/.local/lib/python3.12/site-packages/airflow/example_dags/example_nested_branch_dag.py
[2026-08-08T17:57:15.922+0000] {processor.py:914} INFO - Processing file /home/airflow/.local/lib/python3.12/site-packages/airflow/example_dags/example_nested_branch_dag.py for tasks to queue
[2026-08-08T17:57:15.926+0000] {logging_mixin.py:190} INFO - [2026-08-08T17:57:15.925+0000] {dagbag.py:587} INFO - Filling up the DagBag from /home/airflow/.local/lib/python3.12/site-packages/airflow/example_dags/example_nested_branch_dag.py
[2026-08-08T17:57:15.940+0000] {processor.py:925} INFO - DAG(s) 'example_nested_branch_dag' retrieved from /home/airflow/.local/lib/python3.12/site-packages/airflow/example_dags/example_nested_branch_dag.py
[2026-08-08T17:57:15.975+0000] {logging_mixin.py:190} INFO - [2026-08-08T17:57:15.975+0000] {dag.py:3211} INFO - Sync 1 DAGs
[2026-08-08T17:57:16.011+0000] {logging_mixin.py:190} INFO - [2026-08-08T17:57:16.011+0000] {dag.py:4138} INFO - Setting next_dagrun for example_nested_branch_dag to 2026-08-07 00:00:00+00:00, run_after=2026-08-08 00:00:00+00:00
[2026-08-08T17:57:16.038+0000] {processor.py:208} INFO - Processing /home/airflow/.local/lib/python3.12/site-packages/airflow/example_dags/example_nested_branch_dag.py took 0.128 seconds
[2026-08-08T18:08:22.289+0000] {processor.py:186} INFO - Started process (PID=750) to work on /home/airflow/.local/lib/python3.12/site-packages/airflow/example_dags/example_nested_branch_dag.py
[2026-08-08T18:08:22.292+0000] {processor.py:914} INFO - Processing file /home/airflow/.local/lib/python3.12/site-packages/airflow/example_dags/example_nested_branch_dag.py for tasks to queue
[2026-08-08T18:08:22.297+0000] {logging_mixin.py:190} INFO - [2026-08-08T18:08:22.296+0000] {dagbag.py:587} INFO - Filling up the DagBag from /home/airflow/.local/lib/python3.12/site-packages/airflow/example_dags/example_nested_branch_dag.py
[2026-08-08T18:08:22.316+0000] {processor.py:925} INFO - DAG(s) 'example_nested_branch_dag' retrieved from /home/airflow/.local/lib/python3.12/site-packages/airflow/example_dags/example_nested_branch_dag.py
[2026-08-08T18:08:22.356+0000] {logging_mixin.py:190} INFO - [2026-08-08T18:08:22.355+0000] {dag.py:3211} INFO - Sync 1 DAGs
[2026-08-08T18:08:22.399+0000] {logging_mixin.py:190} INFO - [2026-08-08T18:08:22.399+0000] {dag.py:4138} INFO - Setting next_dagrun for example_nested_branch_dag to 2026-08-07 00:00:00+00:00, run_after=2026-08-08 00:00:00+00:00
[2026-08-08T18:08:22.434+0000] {processor.py:208} INFO - Processing /home/airflow/.local/lib/python3.12/site-packages/airflow/example_dags/example_nested_branch_dag.py took 0.156 seconds
[2026-08-08T18:08:52.990+0000] {processor.py:186} INFO - Started process (PID=813) to work on /home/airflow/.local/lib/python3.12/site-packages/airflow/example_dags/example_nested_branch_dag.py
[2026-08-08T18:08:52.995+0000] {processor.py:914} INFO - Processing file /home/airflow/.local/lib/python3.12/site-packages/airflow/example_dags/example_nested_branch_dag.py for tasks to queue
[2026-08-08T18:08:53.000+0000] {logging_mixin.py:190} INFO - [2026-08-08T18:08:53.000+0000] {dagbag.py:587} INFO - Filling up the DagBag from /home/airflow/.local/lib/python3.12/site-packages/airflow/example_dags/example_nested_branch_dag.py
[2026-08-08T18:08:53.019+0000] {processor.py:925} INFO - DAG(s) 'example_nested_branch_dag' retrieved from /home/airflow/.local/lib/python3.12/site-packages/airflow/example_dags/example_nested_branch_dag.py
[2026-08-08T18:08:53.058+0000] {logging_mixin.py:190} INFO - [2026-08-08T18:08:53.058+0000] {dag.py:3211} INFO - Sync 1 DAGs
[2026-08-08T18:08:53.100+0000] {logging_mixin.py:190} INFO - [2026-08-08T18:08:53.099+0000] {dag.py:4138} INFO - Setting next_dagrun for example_nested_branch_dag to 2026-08-07 00:00:00+00:00, run_after=2026-08-08 00:00:00+00:00
[2026-08-08T18:08:53.133+0000] {processor.py:208} INFO - Processing /home/airflow/.local/lib/python3.12/site-packages/airflow/example_dags/example_nested_branch_dag.py took 0.155 seconds
[2026-08-08T18:09:23.392+0000] {processor.py:186} INFO - Started process (PID=876) to work on /home/airflow/.local/lib/python3.12/site-packages/airflow/example_dags/example_nested_branch_dag.py
[2026-08-08T18:09:23.394+0000] {processor.py:914} INFO - Processing file /home/airflow/.local/lib/python3.12/site-packages/airflow/example_dags/example_nested_branch_dag.py for tasks to queue
[2026-08-08T18:09:23.398+0000] {logging_mixin.py:190} INFO - [2026-08-08T18:09:23.397+0000] {dagbag.py:587} INFO - Filling up the DagBag from /home/airflow/.local/lib/python3.12/site-packages/airflow/example_dags/example_nested_branch_dag.py
[2026-08-08T18:09:23.414+0000] {processor.py:925} INFO - DAG(s) 'example_nested_branch_dag' retrieved from /home/airflow/.local/lib/python3.12/site-packages/airflow/example_dags/example_nested_branch_dag.py
[2026-08-08T18:09:23.448+0000] {logging_mixin.py:190} INFO - [2026-08-08T18:09:23.448+0000] {dag.py:3211} INFO - Sync 1 DAGs
[2026-08-08T18:09:23.482+0000] {logging_mixin.py:190} INFO - [2026-08-08T18:09:23.481+0000] {dag.py:4138} INFO - Setting next_dagrun for example_nested_branch_dag to 2026-08-07 00:00:00+00:00, run_after=2026-08-08 00:00:00+00:00
[2026-08-08T18:09:23.519+0000] {processor.py:208} INFO - Processing /home/airflow/.local/lib/python3.12/site-packages/airflow/example_dags/example_nested_branch_dag.py took 0.135 seconds
[2026-08-08T18:09:53.656+0000] {processor.py:186} INFO - Started process (PID=939) to work on /home/airflow/.local/lib/python3.12/site-packages/airflow/example_dags/example_nested_branch_dag.py
[2026-08-08T18:09:53.657+0000] {processor.py:914} INFO - Processing file /home/airflow/.local/lib/python3.12/site-packages/airflow/example_dags/example_nested_branch_dag.py for tasks to queue
[2026-08-08T18:09:53.661+0000] {logging_mixin.py:190} INFO - [2026-08-08T18:09:53.661+0000] {dagbag.py:587} INFO - Filling up the DagBag from /home/airflow/.local/lib/python3.12/site-packages/airflow/example_dags/example_nested_branch_dag.py
[2026-08-08T18:09:53.679+0000] {processor.py:925} INFO - DAG(s) 'example_nested_branch_dag' retrieved from /home/airflow/.local/lib/python3.12/site-packages/airflow/example_dags/example_nested_branch_dag.py
[2026-08-08T18:09:53.708+0000] {logging_mixin.py:190} INFO - [2026-08-08T18:09:53.708+0000] {dag.py:3211} INFO - Sync 1 DAGs
[2026-08-08T18:09:53.736+0000] {logging_mixin.py:190} INFO - [2026-08-08T18:09:53.736+0000] {dag.py:4138} INFO - Setting next_dagrun for example_nested_branch_dag to 2026-08-07 00:00:00+00:00, run_after=2026-08-08 00:00:00+00:00
[2026-08-08T18:09:53.761+0000] {processor.py:208} INFO - Processing /home/airflow/.local/lib/python3.12/site-packages/airflow/example_dags/example_nested_branch_dag.py took 0.112 seconds
[2026-08-08T18:10:24.724+0000] {processor.py:186} INFO - Started process (PID=1002) to work on /home/airflow/.local/lib/python3.12/site-packages/airflow/example_dags/example_nested_branch_dag.py
[2026-08-08T18:10:24.726+0000] {processor.py:914} INFO - Processing file /home/airflow/.local/lib/python3.12/site-packages/airflow/example_dags/example_nested_branch_dag.py for tasks to queue
[2026-08-08T18:10:24.729+0000] {logging_mixin.py:190} INFO - [2026-08-08T18:10:24.729+0000] {dagbag.py:587} INFO - Filling up the DagBag from /home/airflow/.local/lib/python3.12/site-packages/airflow/example_dags/example_nested_branch_dag.py
[2026-08-08T18:10:24.741+0000] {processor.py:925} INFO - DAG(s) 'example_nested_branch_dag' retrieved from /home/airflow/.local/lib/python3.12/site-packages/airflow/example_dags/example_nested_branch_dag.py
[2026-08-08T18:10:24.763+0000] {logging_mixin.py:190} INFO - [2026-08-08T18:10:24.762+0000] {dag.py:3211} INFO - Sync 1 DAGs
[2026-08-08T18:10:24.788+0000] {logging_mixin.py:190} INFO - [2026-08-08T18:10:24.788+0000] {dag.py:4138} INFO - Setting next_dagrun for example_nested_branch_dag to 2026-08-07 00:00:00+00:00, run_after=2026-08-08 00:00:00+00:00
[2026-08-08T18:10:24.817+0000] {processor.py:208} INFO - Processing /home/airflow/.local/lib/python3.12/site-packages/airflow/example_dags/example_nested_branch_dag.py took 0.099 seconds
[2026-08-08T18:10:55.074+0000] {processor.py:186} INFO - Started process (PID=1065) to work on /home/airflow/.local/lib/python3.12/site-packages/airflow/example_dags/example_nested_branch_dag.py
[2026-08-08T18:10:55.076+0000] {processor.py:914} INFO - Processing file /home/airflow/.local/lib/python3.12/site-packages/airflow/example_dags/example_nested_branch_dag.py for tasks to queue
[2026-08-08T18:10:55.080+0000] {logging_mixin.py:190} INFO - [2026-08-08T18:10:55.079+0000] {dagbag.py:587} INFO - Filling up the DagBag from /home/airflow/.local/lib/python3.12/site-packages/airflow/example_dags/example_nested_branch_dag.py
[2026-08-08T18:10:55.098+0000] {processor.py:925} INFO - DAG(s) 'example_nested_branch_dag' retrieved from /home/airflow/.local/lib/python3.12/site-packages/airflow/example_dags/example_nested_branch_dag.py
[2026-08-08T18:10:55.126+0000] {logging_mixin.py:190} INFO - [2026-08-08T18:10:55.125+0000] {dag.py:3211} INFO - Sync 1 DAGs
[2026-08-08T18:10:55.153+0000] {logging_mixin.py:190} INFO - [2026-08-08T18:10:55.153+0000] {dag.py:4138} INFO - Setting next_dagrun for example_nested_branch_dag to 2026-08-07 00:00:00+00:00, run_after=2026-08-08 00:00:00+00:00
[2026-08-08T18:10:55.175+0000] {processor.py:208} INFO - Processing /home/airflow/.local/lib/python3.12/site-packages/airflow/example_dags/example_nested_branch_dag.py took 0.109 seconds
[2026-08-08T18:11:25.621+0000] {processor.py:186} INFO - Started process (PID=1128) to work on /home/airflow/.local/lib/python3.12/site-packages/airflow/example_dags/example_nested_branch_dag.py
[2026-08-08T18:11:25.623+0000] {processor.py:914} INFO - Processing file /home/airflow/.local/lib/python3.12/site-packages/airflow/example_dags/example_nested_branch_dag.py for tasks to queue
[2026-08-08T18:11:25.628+0000] {logging_mixin.py:190} INFO - [2026-08-08T18:11:25.627+0000] {dagbag.py:587} INFO - Filling up the DagBag from /home/airflow/.local/lib/python3.12/site-packages/airflow/example_dags/example_nested_branch_dag.py
[2026-08-08T18:11:25.642+0000] {processor.py:925} INFO - DAG(s) 'example_nested_branch_dag' retrieved from /home/airflow/.local/lib/python3.12/site-packages/airflow/example_dags/example_nested_branch_dag.py
[2026-08-08T18:11:25.670+0000] {logging_mixin.py:190} INFO - [2026-08-08T18:11:25.670+0000] {dag.py:3211} INFO - Sync 1 DAGs
[2026-08-08T18:11:25.701+0000] {logging_mixin.py:190} INFO - [2026-08-08T18:11:25.701+0000] {dag.py:4138} INFO - Setting next_dagrun for example_nested_branch_dag to 2026-08-07 00:00:00+00:00, run_after=2026-08-08 00:00:00+00:00
[2026-08-08T18:11:25.725+0000] {processor.py:208} INFO - Processing /home/airflow/.local/lib/python3.12/site-packages/airflow/example_dags/example_nested_branch_dag.py took 0.111 seconds
[2026-08-08T18:11:55.939+0000] {processor.py:186} INFO - Started process (PID=1191) to work on /home/airflow/.local/lib/python3.12/site-packages/airflow/example_dags/example_nested_branch_dag.py
[2026-08-08T18:11:55.941+0000] {processor.py:914} INFO - Processing file /home/airflow/.local/lib/python3.12/site-packages/airflow/example_dags/example_nested_branch_dag.py for tasks to queue
[2026-08-08T18:11:55.945+0000] {logging_mixin.py:190} INFO - [2026-08-08T18:11:55.944+0000] {dagbag.py:587} INFO - Filling up the DagBag from /home/airflow/.local/lib/python3.12/site-packages/airflow/example_dags/example_nested_branch_dag.py
[2026-08-08T18:11:55.959+0000] {processor.py:925} INFO - DAG(s) 'example_nested_branch_dag' retrieved from /home/airflow/.local/lib/python3.12/site-packages/airflow/example_dags/example_nested_branch_dag.py
[2026-08-08T18:11:55.989+0000] {logging_mixin.py:190} INFO - [2026-08-08T18:11:55.988+0000] {dag.py:3211} INFO - Sync 1 DAGs
[2026-08-08T18:11:56.024+0000] {logging_mixin.py:190} INFO - [2026-08-08T18:11:56.024+0000] {dag.py:4138} INFO - Setting next_dagrun for example_nested_branch_dag to 2026-08-07 00:00:00+00:00, run_after=2026-08-08 00:00:00+00:00
[2026-08-08T18:11:56.054+0000] {processor.py:208} INFO - Processing /home/airflow/.local/lib/python3.12/site-packages/airflow/example_dags/example_nested_branch_dag.py took 0.125 seconds
[2026-08-08T18:13:10.601+0000] {processor.py:186} INFO - Started process (PID=126) to work on /home/airflow/.local/lib/python3.12/site-packages/airflow/example_dags/example_nested_branch_dag.py
[2026-08-08T18:13:10.604+0000] {processor.py:914} INFO - Processing file /home/airflow/.local/lib/python3.12/site-packages/airflow/example_dags/example_nested_branch_dag.py for tasks to queue
[2026-08-08T18:13:10.611+0000] {logging_mixin.py:190} INFO - [2026-08-08T18:13:10.609+0000] {dagbag.py:587} INFO - Filling up the DagBag from /home/airflow/.local/lib/python3.12/site-packages/airflow/example_dags/example_nested_branch_dag.py
[2026-08-08T18:13:10.645+0000] {processor.py:925} INFO - DAG(s) 'example_nested_branch_dag' retrieved from /home/airflow/.local/lib/python3.12/site-packages/airflow/example_dags/example_nested_branch_dag.py
[2026-08-08T18:13:10.696+0000] {logging_mixin.py:190} INFO - [2026-08-08T18:13:10.695+0000] {dag.py:3211} INFO - Sync 1 DAGs
[2026-08-08T18:13:10.734+0000] {logging_mixin.py:190} INFO - [2026-08-08T18:13:10.734+0000] {dag.py:4138} INFO - Setting next_dagrun for example_nested_branch_dag to 2026-08-07 00:00:00+00:00, run_after=2026-08-08 00:00:00+00:00
[2026-08-08T18:13:10.813+0000] {processor.py:208} INFO - Processing /home/airflow/.local/lib/python3.12/site-packages/airflow/example_dags/example_nested_branch_dag.py took 0.225 seconds
[2026-08-08T18:13:40.905+0000] {processor.py:186} INFO - Started process (PID=189) to work on /home/airflow/.local/lib/python3.12/site-packages/airflow/example_dags/example_nested_branch_dag.py
[2026-08-08T18:13:40.907+0000] {processor.py:914} INFO - Processing file /home/airflow/.local/lib/python3.12/site-packages/airflow/example_dags/example_nested_branch_dag.py for tasks to queue
[2026-08-08T18:13:40.909+0000] {logging_mixin.py:190} INFO - [2026-08-08T18:13:40.909+0000] {dagbag.py:587} INFO - Filling up the DagBag from /home/airflow/.local/lib/python3.12/site-packages/airflow/example_dags/example_nested_branch_dag.py
[2026-08-08T18:13:40.921+0000] {processor.py:925} INFO - DAG(s) 'example_nested_branch_dag' retrieved from /home/airflow/.local/lib/python3.12/site-packages/airflow/example_dags/example_nested_branch_dag.py
[2026-08-08T18:13:40.943+0000] {logging_mixin.py:190} INFO - [2026-08-08T18:13:40.943+0000] {dag.py:3211} INFO - Sync 1 DAGs
[2026-08-08T18:13:40.964+0000] {logging_mixin.py:190} INFO - [2026-08-08T18:13:40.964+0000] {dag.py:4138} INFO - Setting next_dagrun for example_nested_branch_dag to 2026-08-07 00:00:00+00:00, run_after=2026-08-08 00:00:00+00:00
[2026-08-08T18:13:40.980+0000] {processor.py:208} INFO - Processing /home/airflow/.local/lib/python3.12/site-packages/airflow/example_dags/example_nested_branch_dag.py took 0.082 seconds
[2026-08-08T18:14:11.401+0000] {processor.py:186} INFO - Started process (PID=252) to work on /home/airflow/.local/lib/python3.12/site-packages/airflow/example_dags/example_nested_branch_dag.py
[2026-08-08T18:14:11.402+0000] {processor.py:914} INFO - Processing file /home/airflow/.local/lib/python3.12/site-packages/airflow/example_dags/example_nested_branch_dag.py for tasks to queue
[2026-08-08T18:14:11.404+0000] {logging_mixin.py:190} INFO - [2026-08-08T18:14:11.404+0000] {dagbag.py:587} INFO - Filling up the DagBag from /home/airflow/.local/lib/python3.12/site-packages/airflow/example_dags/example_nested_branch_dag.py
[2026-08-08T18:14:11.419+0000] {processor.py:925} INFO - DAG(s) 'example_nested_branch_dag' retrieved from /home/airflow/.local/lib/python3.12/site-packages/airflow/example_dags/example_nested_branch_dag.py
[2026-08-08T18:14:11.445+0000] {logging_mixin.py:190} INFO - [2026-08-08T18:14:11.445+0000] {dag.py:3211} INFO - Sync 1 DAGs
[2026-08-08T18:14:11.465+0000] {logging_mixin.py:190} INFO - [2026-08-08T18:14:11.465+0000] {dag.py:4138} INFO - Setting next_dagrun for example_nested_branch_dag to 2026-08-07 00:00:00+00:00, run_after=2026-08-08 00:00:00+00:00
[2026-08-08T18:14:11.483+0000] {processor.py:208} INFO - Processing /home/airflow/.local/lib/python3.12/site-packages/airflow/example_dags/example_nested_branch_dag.py took 0.089 seconds
[2026-08-08T18:14:41.551+0000] {processor.py:186} INFO - Started process (PID=315) to work on /home/airflow/.local/lib/python3.12/site-packages/airflow/example_dags/example_nested_branch_dag.py
[2026-08-08T18:14:41.552+0000] {processor.py:914} INFO - Processing file /home/airflow/.local/lib/python3.12/site-packages/airflow/example_dags/example_nested_branch_dag.py for tasks to queue
[2026-08-08T18:14:41.554+0000] {logging_mixin.py:190} INFO - [2026-08-08T18:14:41.554+0000] {dagbag.py:587} INFO - Filling up the DagBag from /home/airflow/.local/lib/python3.12/site-packages/airflow/example_dags/example_nested_branch_dag.py
[2026-08-08T18:14:41.565+0000] {processor.py:925} INFO - DAG(s) 'example_nested_branch_dag' retrieved from /home/airflow/.local/lib/python3.12/site-packages/airflow/example_dags/example_nested_branch_dag.py
[2026-08-08T18:14:41.585+0000] {logging_mixin.py:190} INFO - [2026-08-08T18:14:41.585+0000] {dag.py:3211} INFO - Sync 1 DAGs
[2026-08-08T18:14:41.610+0000] {logging_mixin.py:190} INFO - [2026-08-08T18:14:41.610+0000] {dag.py:4138} INFO - Setting next_dagrun for example_nested_branch_dag to 2026-08-07 00:00:00+00:00, run_after=2026-08-08 00:00:00+00:00
[2026-08-08T18:14:41.627+0000] {processor.py:208} INFO - Processing /home/airflow/.local/lib/python3.12/site-packages/airflow/example_dags/example_nested_branch_dag.py took 0.082 seconds
[2026-08-08T18:15:13.476+0000] {processor.py:186} INFO - Started process (PID=378) to work on /home/airflow/.local/lib/python3.12/site-packages/airflow/example_dags/example_nested_branch_dag.py
[2026-08-08T18:15:13.484+0000] {processor.py:914} INFO - Processing file /home/airflow/.local/lib/python3.12/site-packages/airflow/example_dags/example_nested_branch_dag.py for tasks to queue
[2026-08-08T18:15:13.496+0000] {logging_mixin.py:190} INFO - [2026-08-08T18:15:13.495+0000] {dagbag.py:587} INFO - Filling up the DagBag from /home/airflow/.local/lib/python3.12/site-packages/airflow/example_dags/example_nested_branch_dag.py
[2026-08-08T18:15:13.519+0000] {processor.py:925} INFO - DAG(s) 'example_nested_branch_dag' retrieved from /home/airflow/.local/lib/python3.12/site-packages/airflow/example_dags/example_nested_branch_dag.py
[2026-08-08T18:15:13.556+0000] {logging_mixin.py:190} INFO - [2026-08-08T18:15:13.556+0000] {dag.py:3211} INFO - Sync 1 DAGs
[2026-08-08T18:15:13.592+0000] {logging_mixin.py:190} INFO - [2026-08-08T18:15:13.592+0000] {dag.py:4138} INFO - Setting next_dagrun for example_nested_branch_dag to 2026-08-07 00:00:00+00:00, run_after=2026-08-08 00:00:00+00:00
[2026-08-08T18:15:13.625+0000] {processor.py:208} INFO - Processing /home/airflow/.local/lib/python3.12/site-packages/airflow/example_dags/example_nested_branch_dag.py took 0.158 seconds
[2026-08-08T18:15:44.315+0000] {processor.py:186} INFO - Started process (PID=441) to work on /home/airflow/.local/lib/python3.12/site-packages/airflow/example_dags/example_nested_branch_dag.py
[2026-08-08T18:15:44.318+0000] {processor.py:914} INFO - Processing file /home/airflow/.local/lib/python3.12/site-packages/airflow/example_dags/example_nested_branch_dag.py for tasks to queue
[2026-08-08T18:15:44.321+0000] {logging_mixin.py:190} INFO - [2026-08-08T18:15:44.321+0000] {dagbag.py:587} INFO - Filling up the DagBag from /home/airflow/.local/lib/python3.12/site-packages/airflow/example_dags/example_nested_branch_dag.py
[2026-08-08T18:15:44.336+0000] {processor.py:925} INFO - DAG(s) 'example_nested_branch_dag' retrieved from /home/airflow/.local/lib/python3.12/site-packages/airflow/example_dags/example_nested_branch_dag.py
[2026-08-08T18:15:44.360+0000] {logging_mixin.py:190} INFO - [2026-08-08T18:15:44.360+0000] {dag.py:3211} INFO - Sync 1 DAGs
[2026-08-08T18:15:44.385+0000] {logging_mixin.py:190} INFO - [2026-08-08T18:15:44.385+0000] {dag.py:4138} INFO - Setting next_dagrun for example_nested_branch_dag to 2026-08-07 00:00:00+00:00, run_after=2026-08-08 00:00:00+00:00
[2026-08-08T18:15:44.412+0000] {processor.py:208} INFO - Processing /home/airflow/.local/lib/python3.12/site-packages/airflow/example_dags/example_nested_branch_dag.py took 0.105 seconds
[2026-08-08T18:17:14.951+0000] {processor.py:186} INFO - Started process (PID=139) to work on /home/airflow/.local/lib/python3.12/site-packages/airflow/example_dags/example_nested_branch_dag.py
[2026-08-08T18:17:14.955+0000] {processor.py:914} INFO - Processing file /home/airflow/.local/lib/python3.12/site-packages/airflow/example_dags/example_nested_branch_dag.py for tasks to queue
[2026-08-08T18:17:14.959+0000] {logging_mixin.py:190} INFO - [2026-08-08T18:17:14.959+0000] {dagbag.py:587} INFO - Filling up the DagBag from /home/airflow/.local/lib/python3.12/site-packages/airflow/example_dags/example_nested_branch_dag.py
[2026-08-08T18:17:14.977+0000] {processor.py:925} INFO - DAG(s) 'example_nested_branch_dag' retrieved from /home/airflow/.local/lib/python3.12/site-packages/airflow/example_dags/example_nested_branch_dag.py
[2026-08-08T18:17:15.011+0000] {logging_mixin.py:190} INFO - [2026-08-08T18:17:15.011+0000] {dag.py:3211} INFO - Sync 1 DAGs
[2026-08-08T18:17:15.043+0000] {logging_mixin.py:190} INFO - [2026-08-08T18:17:15.042+0000] {dag.py:4138} INFO - Setting next_dagrun for example_nested_branch_dag to 2026-08-07 00:00:00+00:00, run_after=2026-08-08 00:00:00+00:00
[2026-08-08T18:17:15.068+0000] {processor.py:208} INFO - Processing /home/airflow/.local/lib/python3.12/site-packages/airflow/example_dags/example_nested_branch_dag.py took 0.126 seconds
[2026-08-08T18:17:45.283+0000] {processor.py:186} INFO - Started process (PID=202) to work on /home/airflow/.local/lib/python3.12/site-packages/airflow/example_dags/example_nested_branch_dag.py
[2026-08-08T18:17:45.284+0000] {processor.py:914} INFO - Processing file /home/airflow/.local/lib/python3.12/site-packages/airflow/example_dags/example_nested_branch_dag.py for tasks to queue
[2026-08-08T18:17:45.287+0000] {logging_mixin.py:190} INFO - [2026-08-08T18:17:45.286+0000] {dagbag.py:587} INFO - Filling up the DagBag from /home/airflow/.local/lib/python3.12/site-packages/airflow/example_dags/example_nested_branch_dag.py
[2026-08-08T18:17:45.298+0000] {processor.py:925} INFO - DAG(s) 'example_nested_branch_dag' retrieved from /home/airflow/.local/lib/python3.12/site-packages/airflow/example_dags/example_nested_branch_dag.py
[2026-08-08T18:17:45.321+0000] {logging_mixin.py:190} INFO - [2026-08-08T18:17:45.321+0000] {dag.py:3211} INFO - Sync 1 DAGs
[2026-08-08T18:17:45.341+0000] {logging_mixin.py:190} INFO - [2026-08-08T18:17:45.341+0000] {dag.py:4138} INFO - Setting next_dagrun for example_nested_branch_dag to 2026-08-07 00:00:00+00:00, run_after=2026-08-08 00:00:00+00:00
[2026-08-08T18:17:45.362+0000] {processor.py:208} INFO - Processing /home/airflow/.local/lib/python3.12/site-packages/airflow/example_dags/example_nested_branch_dag.py took 0.086 seconds
[2026-08-08T18:18:16.277+0000] {processor.py:186} INFO - Started process (PID=265) to work on /home/airflow/.local/lib/python3.12/site-packages/airflow/example_dags/example_nested_branch_dag.py
[2026-08-08T18:18:16.279+0000] {processor.py:914} INFO - Processing file /home/airflow/.local/lib/python3.12/site-packages/airflow/example_dags/example_nested_branch_dag.py for tasks to queue
[2026-08-08T18:18:16.283+0000] {logging_mixin.py:190} INFO - [2026-08-08T18:18:16.283+0000] {dagbag.py:587} INFO - Filling up the DagBag from /home/airflow/.local/lib/python3.12/site-packages/airflow/example_dags/example_nested_branch_dag.py
[2026-08-08T18:18:16.295+0000] {processor.py:925} INFO - DAG(s) 'example_nested_branch_dag' retrieved from /home/airflow/.local/lib/python3.12/site-packages/airflow/example_dags/example_nested_branch_dag.py
[2026-08-08T18:18:16.320+0000] {logging_mixin.py:190} INFO - [2026-08-08T18:18:16.319+0000] {dag.py:3211} INFO - Sync 1 DAGs
[2026-08-08T18:18:16.347+0000] {logging_mixin.py:190} INFO - [2026-08-08T18:18:16.347+0000] {dag.py:4138} INFO - Setting next_dagrun for example_nested_branch_dag to 2026-08-07 00:00:00+00:00, run_after=2026-08-08 00:00:00+00:00
[2026-08-08T18:18:16.374+0000] {processor.py:208} INFO - Processing /home/airflow/.local/lib/python3.12/site-packages/airflow/example_dags/example_nested_branch_dag.py took 0.103 seconds
[2026-08-08T18:18:46.566+0000] {processor.py:186} INFO - Started process (PID=328) to work on /home/airflow/.local/lib/python3.12/site-packages/airflow/example_dags/example_nested_branch_dag.py
[2026-08-08T18:18:46.568+0000] {processor.py:914} INFO - Processing file /home/airflow/.local/lib/python3.12/site-packages/airflow/example_dags/example_nested_branch_dag.py for tasks to queue
[2026-08-08T18:18:46.573+0000] {logging_mixin.py:190} INFO - [2026-08-08T18:18:46.572+0000] {dagbag.py:587} INFO - Filling up the DagBag from /home/airflow/.local/lib/python3.12/site-packages/airflow/example_dags/example_nested_branch_dag.py
[2026-08-08T18:18:46.587+0000] {processor.py:925} INFO - DAG(s) 'example_nested_branch_dag' retrieved from /home/airflow/.local/lib/python3.12/site-packages/airflow/example_dags/example_nested_branch_dag.py
[2026-08-08T18:18:46.615+0000] {logging_mixin.py:190} INFO - [2026-08-08T18:18:46.614+0000] {dag.py:3211} INFO - Sync 1 DAGs
[2026-08-08T18:18:46.638+0000] {logging_mixin.py:190} INFO - [2026-08-08T18:18:46.637+0000] {dag.py:4138} INFO - Setting next_dagrun for example_nested_branch_dag to 2026-08-07 00:00:00+00:00, run_after=2026-08-08 00:00:00+00:00
[2026-08-08T18:18:46.661+0000] {processor.py:208} INFO - Processing /home/airflow/.local/lib/python3.12/site-packages/airflow/example_dags/example_nested_branch_dag.py took 0.099 seconds
[2026-08-08T18:19:17.069+0000] {processor.py:186} INFO - Started process (PID=391) to work on /home/airflow/.local/lib/python3.12/site-packages/airflow/example_dags/example_nested_branch_dag.py
[2026-08-08T18:19:17.071+0000] {processor.py:914} INFO - Processing file /home/airflow/.local/lib/python3.12/site-packages/airflow/example_dags/example_nested_branch_dag.py for tasks to queue
[2026-08-08T18:19:17.076+0000] {logging_mixin.py:190} INFO - [2026-08-08T18:19:17.075+0000] {dagbag.py:587} INFO - Filling up the DagBag from /home/airflow/.local/lib/python3.12/site-packages/airflow/example_dags/example_nested_branch_dag.py
[2026-08-08T18:19:17.088+0000] {processor.py:925} INFO - DAG(s) 'example_nested_branch_dag' retrieved from /home/airflow/.local/lib/python3.12/site-packages/airflow/example_dags/example_nested_branch_dag.py
[2026-08-08T18:19:17.114+0000] {logging_mixin.py:190} INFO - [2026-08-08T18:19:17.114+0000] {dag.py:3211} INFO - Sync 1 DAGs
[2026-08-08T18:19:17.150+0000] {logging_mixin.py:190} INFO - [2026-08-08T18:19:17.150+0000] {dag.py:4138} INFO - Setting next_dagrun for example_nested_branch_dag to 2026-08-07 00:00:00+00:00, run_after=2026-08-08 00:00:00+00:00
[2026-08-08T18:19:17.174+0000] {processor.py:208} INFO - Processing /home/airflow/.local/lib/python3.12/site-packages/airflow/example_dags/example_nested_branch_dag.py took 0.111 seconds
[2026-08-08T18:24:04.516+0000] {processor.py:186} INFO - Started process (PID=454) to work on /home/airflow/.local/lib/python3.12/site-packages/airflow/example_dags/example_nested_branch_dag.py
[2026-08-08T18:24:04.518+0000] {processor.py:914} INFO - Processing file /home/airflow/.local/lib/python3.12/site-packages/airflow/example_dags/example_nested_branch_dag.py for tasks to queue
[2026-08-08T18:24:04.521+0000] {logging_mixin.py:190} INFO - [2026-08-08T18:24:04.521+0000] {dagbag.py:587} INFO - Filling up the DagBag from /home/airflow/.local/lib/python3.12/site-packages/airflow/example_dags/example_nested_branch_dag.py
[2026-08-08T18:24:04.531+0000] {processor.py:925} INFO - DAG(s) 'example_nested_branch_dag' retrieved from /home/airflow/.local/lib/python3.12/site-packages/airflow/example_dags/example_nested_branch_dag.py
[2026-08-08T18:24:04.557+0000] {logging_mixin.py:190} INFO - [2026-08-08T18:24:04.557+0000] {dag.py:3211} INFO - Sync 1 DAGs
[2026-08-08T18:24:04.575+0000] {logging_mixin.py:190} INFO - [2026-08-08T18:24:04.575+0000] {dag.py:4138} INFO - Setting next_dagrun for example_nested_branch_dag to 2026-08-07 00:00:00+00:00, run_after=2026-08-08 00:00:00+00:00
[2026-08-08T18:24:04.604+0000] {processor.py:208} INFO - Processing /home/airflow/.local/lib/python3.12/site-packages/airflow/example_dags/example_nested_branch_dag.py took 0.094 seconds
[2026-08-08T18:24:35.455+0000] {processor.py:186} INFO - Started process (PID=517) to work on /home/airflow/.local/lib/python3.12/site-packages/airflow/example_dags/example_nested_branch_dag.py
[2026-08-08T18:24:35.457+0000] {processor.py:914} INFO - Processing file /home/airflow/.local/lib/python3.12/site-packages/airflow/example_dags/example_nested_branch_dag.py for tasks to queue
[2026-08-08T18:24:35.461+0000] {logging_mixin.py:190} INFO - [2026-08-08T18:24:35.461+0000] {dagbag.py:587} INFO - Filling up the DagBag from /home/airflow/.local/lib/python3.12/site-packages/airflow/example_dags/example_nested_branch_dag.py
[2026-08-08T18:24:35.477+0000] {processor.py:925} INFO - DAG(s) 'example_nested_branch_dag' retrieved from /home/airflow/.local/lib/python3.12/site-packages/airflow/example_dags/example_nested_branch_dag.py
[2026-08-08T18:24:35.505+0000] {logging_mixin.py:190} INFO - [2026-08-08T18:24:35.505+0000] {dag.py:3211} INFO - Sync 1 DAGs
[2026-08-08T18:24:35.532+0000] {logging_mixin.py:190} INFO - [2026-08-08T18:24:35.531+0000] {dag.py:4138} INFO - Setting next_dagrun for example_nested_branch_dag to 2026-08-07 00:00:00+00:00, run_after=2026-08-08 00:00:00+00:00
[2026-08-08T18:24:35.562+0000] {processor.py:208} INFO - Processing /home/airflow/.local/lib/python3.12/site-packages/airflow/example_dags/example_nested_branch_dag.py took 0.115 seconds
[2026-08-08T18:25:05.827+0000] {processor.py:186} INFO - Started process (PID=580) to work on /home/airflow/.local/lib/python3.12/site-packages/airflow/example_dags/example_nested_branch_dag.py
[2026-08-08T18:25:05.829+0000] {processor.py:914} INFO - Processing file /home/airflow/.local/lib/python3.12/site-packages/airflow/example_dags/example_nested_branch_dag.py for tasks to queue
[2026-08-08T18:25:05.833+0000] {logging_mixin.py:190} INFO - [2026-08-08T18:25:05.832+0000] {dagbag.py:587} INFO - Filling up the DagBag from /home/airflow/.local/lib/python3.12/site-packages/airflow/example_dags/example_nested_branch_dag.py
[2026-08-08T18:25:05.849+0000] {processor.py:925} INFO - DAG(s) 'example_nested_branch_dag' retrieved from /home/airflow/.local/lib/python3.12/site-packages/airflow/example_dags/example_nested_branch_dag.py
[2026-08-08T18:25:05.878+0000] {logging_mixin.py:190} INFO - [2026-08-08T18:25:05.877+0000] {dag.py:3211} INFO - Sync 1 DAGs
[2026-08-08T18:25:05.905+0000] {logging_mixin.py:190} INFO - [2026-08-08T18:25:05.904+0000] {dag.py:4138} INFO - Setting next_dagrun for example_nested_branch_dag to 2026-08-07 00:00:00+00:00, run_after=2026-08-08 00:00:00+00:00
[2026-08-08T18:25:05.924+0000] {processor.py:208} INFO - Processing /home/airflow/.local/lib/python3.12/site-packages/airflow/example_dags/example_nested_branch_dag.py took 0.104 seconds
[2026-08-08T18:25:36.221+0000] {processor.py:186} INFO - Started process (PID=643) to work on /home/airflow/.local/lib/python3.12/site-packages/airflow/example_dags/example_nested_branch_dag.py
[2026-08-08T18:25:36.223+0000] {processor.py:914} INFO - Processing file /home/airflow/.local/lib/python3.12/site-packages/airflow/example_dags/example_nested_branch_dag.py for tasks to queue
[2026-08-08T18:25:36.226+0000] {logging_mixin.py:190} INFO - [2026-08-08T18:25:36.225+0000] {dagbag.py:587} INFO - Filling up the DagBag from /home/airflow/.local/lib/python3.12/site-packages/airflow/example_dags/example_nested_branch_dag.py
[2026-08-08T18:25:36.239+0000] {processor.py:925} INFO - DAG(s) 'example_nested_branch_dag' retrieved from /home/airflow/.local/lib/python3.12/site-packages/airflow/example_dags/example_nested_branch_dag.py
[2026-08-08T18:25:36.265+0000] {logging_mixin.py:190} INFO - [2026-08-08T18:25:36.265+0000] {dag.py:3211} INFO - Sync 1 DAGs
[2026-08-08T18:25:36.292+0000] {logging_mixin.py:190} INFO - [2026-08-08T18:25:36.291+0000] {dag.py:4138} INFO - Setting next_dagrun for example_nested_branch_dag to 2026-08-07 00:00:00+00:00, run_after=2026-08-08 00:00:00+00:00
[2026-08-08T18:25:36.315+0000] {processor.py:208} INFO - Processing /home/airflow/.local/lib/python3.12/site-packages/airflow/example_dags/example_nested_branch_dag.py took 0.101 seconds
[2026-08-08T18:26:06.706+0000] {processor.py:186} INFO - Started process (PID=707) to work on /home/airflow/.local/lib/python3.12/site-packages/airflow/example_dags/example_nested_branch_dag.py
[2026-08-08T18:26:06.707+0000] {processor.py:914} INFO - Processing file /home/airflow/.local/lib/python3.12/site-packages/airflow/example_dags/example_nested_branch_dag.py for tasks to queue
[2026-08-08T18:26:06.710+0000] {logging_mixin.py:190} INFO - [2026-08-08T18:26:06.710+0000] {dagbag.py:587} INFO - Filling up the DagBag from /home/airflow/.local/lib/python3.12/site-packages/airflow/example_dags/example_nested_branch_dag.py
[2026-08-08T18:26:06.724+0000] {processor.py:925} INFO - DAG(s) 'example_nested_branch_dag' retrieved from /home/airflow/.local/lib/python3.12/site-packages/airflow/example_dags/example_nested_branch_dag.py
[2026-08-08T18:26:06.749+0000] {logging_mixin.py:190} INFO - [2026-08-08T18:26:06.749+0000] {dag.py:3211} INFO - Sync 1 DAGs
[2026-08-08T18:26:06.773+0000] {logging_mixin.py:190} INFO - [2026-08-08T18:26:06.773+0000] {dag.py:4138} INFO - Setting next_dagrun for example_nested_branch_dag to 2026-08-07 00:00:00+00:00, run_after=2026-08-08 00:00:00+00:00
[2026-08-08T18:26:06.794+0000] {processor.py:208} INFO - Processing /home/airflow/.local/lib/python3.12/site-packages/airflow/example_dags/example_nested_branch_dag.py took 0.096 seconds
[2026-08-08T18:26:37.446+0000] {processor.py:186} INFO - Started process (PID=770) to work on /home/airflow/.local/lib/python3.12/site-packages/airflow/example_dags/example_nested_branch_dag.py
[2026-08-08T18:26:37.448+0000] {processor.py:914} INFO - Processing file /home/airflow/.local/lib/python3.12/site-packages/airflow/example_dags/example_nested_branch_dag.py for tasks to queue
[2026-08-08T18:26:37.451+0000] {logging_mixin.py:190} INFO - [2026-08-08T18:26:37.451+0000] {dagbag.py:587} INFO - Filling up the DagBag from /home/airflow/.local/lib/python3.12/site-packages/airflow/example_dags/example_nested_branch_dag.py
[2026-08-08T18:26:37.465+0000] {processor.py:925} INFO - DAG(s) 'example_nested_branch_dag' retrieved from /home/airflow/.local/lib/python3.12/site-packages/airflow/example_dags/example_nested_branch_dag.py
[2026-08-08T18:26:37.487+0000] {logging_mixin.py:190} INFO - [2026-08-08T18:26:37.487+0000] {dag.py:3211} INFO - Sync 1 DAGs
[2026-08-08T18:26:37.510+0000] {logging_mixin.py:190} INFO - [2026-08-08T18:26:37.510+0000] {dag.py:4138} INFO - Setting next_dagrun for example_nested_branch_dag to 2026-08-07 00:00:00+00:00, run_after=2026-08-08 00:00:00+00:00
[2026-08-08T18:26:37.529+0000] {processor.py:208} INFO - Processing /home/airflow/.local/lib/python3.12/site-packages/airflow/example_dags/example_nested_branch_dag.py took 0.089 seconds
