[2026-08-08T17:25:04.408+0000] {processor.py:186} INFO - Started process (PID=87) to work on /home/airflow/.local/lib/python3.12/site-packages/airflow/example_dags/example_datasets.py
[2026-08-08T17:25:04.411+0000] {processor.py:914} INFO - Processing file /home/airflow/.local/lib/python3.12/site-packages/airflow/example_dags/example_datasets.py for tasks to queue
[2026-08-08T17:25:04.417+0000] {logging_mixin.py:190} INFO - [2026-08-08T17:25:04.416+0000] {dagbag.py:587} INFO - Filling up the DagBag from /home/airflow/.local/lib/python3.12/site-packages/airflow/example_dags/example_datasets.py
[2026-08-08T17:25:04.679+0000] {processor.py:925} INFO - DAG(s) 'dataset_produces_1', 'dataset_consumes_1', 'consume_1_and_2_with_dataset_expressions', 'conditional_dataset_and_time_based_timetable', 'dataset_produces_2', 'dataset_consumes_1_never_scheduled', 'dataset_consumes_unknown_never_scheduled', 'consume_1_or_both_2_and_3_with_dataset_expressions', 'dataset_consumes_1_and_2', 'consume_1_or_2_with_dataset_expressions' retrieved from /home/airflow/.local/lib/python3.12/site-packages/airflow/example_dags/example_datasets.py
[2026-08-08T17:25:05.057+0000] {logging_mixin.py:190} INFO - [2026-08-08T17:25:05.056+0000] {override.py:1858} INFO - Created Permission View: can delete on DAG:dataset_produces_1
[2026-08-08T17:25:05.187+0000] {logging_mixin.py:190} INFO - [2026-08-08T17:25:05.186+0000] {override.py:1858} INFO - Created Permission View: can edit on DAG:dataset_produces_1
[2026-08-08T17:25:05.333+0000] {logging_mixin.py:190} INFO - [2026-08-08T17:25:05.333+0000] {override.py:1858} INFO - Created Permission View: can read on DAG:dataset_produces_1
[2026-08-08T17:25:05.532+0000] {logging_mixin.py:190} INFO - [2026-08-08T17:25:05.531+0000] {override.py:1858} INFO - Created Permission View: can delete on DAG:dataset_consumes_1
[2026-08-08T17:25:05.607+0000] {logging_mixin.py:190} INFO - [2026-08-08T17:25:05.607+0000] {override.py:1858} INFO - Created Permission View: can edit on DAG:dataset_consumes_1
[2026-08-08T17:25:05.932+0000] {logging_mixin.py:190} INFO - [2026-08-08T17:25:05.931+0000] {override.py:1858} INFO - Created Permission View: can read on DAG:dataset_consumes_1
[2026-08-08T17:25:06.206+0000] {logging_mixin.py:190} INFO - [2026-08-08T17:25:06.205+0000] {override.py:1858} INFO - Created Permission View: can delete on DAG:consume_1_and_2_with_dataset_expressions
[2026-08-08T17:25:06.331+0000] {logging_mixin.py:190} INFO - [2026-08-08T17:25:06.330+0000] {override.py:1858} INFO - Created Permission View: can edit on DAG:consume_1_and_2_with_dataset_expressions
[2026-08-08T17:25:06.460+0000] {logging_mixin.py:190} INFO - [2026-08-08T17:25:06.459+0000] {override.py:1858} INFO - Created Permission View: can read on DAG:consume_1_and_2_with_dataset_expressions
[2026-08-08T17:25:06.665+0000] {logging_mixin.py:190} INFO - [2026-08-08T17:25:06.664+0000] {override.py:1858} INFO - Created Permission View: can delete on DAG:conditional_dataset_and_time_based_timetable
[2026-08-08T17:25:06.821+0000] {logging_mixin.py:190} INFO - [2026-08-08T17:25:06.821+0000] {override.py:1858} INFO - Created Permission View: can edit on DAG:conditional_dataset_and_time_based_timetable
[2026-08-08T17:25:06.900+0000] {logging_mixin.py:190} INFO - [2026-08-08T17:25:06.900+0000] {override.py:1858} INFO - Created Permission View: can read on DAG:conditional_dataset_and_time_based_timetable
[2026-08-08T17:25:07.167+0000] {logging_mixin.py:190} INFO - [2026-08-08T17:25:07.167+0000] {override.py:1858} INFO - Created Permission View: can delete on DAG:dataset_produces_2
[2026-08-08T17:25:07.289+0000] {logging_mixin.py:190} INFO - [2026-08-08T17:25:07.288+0000] {override.py:1858} INFO - Created Permission View: can edit on DAG:dataset_produces_2
[2026-08-08T17:25:07.423+0000] {logging_mixin.py:190} INFO - [2026-08-08T17:25:07.423+0000] {override.py:1858} INFO - Created Permission View: can read on DAG:dataset_produces_2
[2026-08-08T17:25:07.609+0000] {logging_mixin.py:190} INFO - [2026-08-08T17:25:07.609+0000] {override.py:1858} INFO - Created Permission View: can delete on DAG:dataset_consumes_1_never_scheduled
[2026-08-08T17:25:07.684+0000] {logging_mixin.py:190} INFO - [2026-08-08T17:25:07.683+0000] {override.py:1858} INFO - Created Permission View: can edit on DAG:dataset_consumes_1_never_scheduled
[2026-08-08T17:25:07.828+0000] {logging_mixin.py:190} INFO - [2026-08-08T17:25:07.827+0000] {override.py:1858} INFO - Created Permission View: can read on DAG:dataset_consumes_1_never_scheduled
[2026-08-08T17:25:07.960+0000] {logging_mixin.py:190} INFO - [2026-08-08T17:25:07.959+0000] {override.py:1858} INFO - Created Permission View: can delete on DAG:dataset_consumes_unknown_never_scheduled
[2026-08-08T17:25:08.017+0000] {logging_mixin.py:190} INFO - [2026-08-08T17:25:08.017+0000] {override.py:1858} INFO - Created Permission View: can edit on DAG:dataset_consumes_unknown_never_scheduled
[2026-08-08T17:25:08.081+0000] {logging_mixin.py:190} INFO - [2026-08-08T17:25:08.080+0000] {override.py:1858} INFO - Created Permission View: can read on DAG:dataset_consumes_unknown_never_scheduled
[2026-08-08T17:25:08.255+0000] {logging_mixin.py:190} INFO - [2026-08-08T17:25:08.254+0000] {override.py:1858} INFO - Created Permission View: can delete on DAG:consume_1_or_both_2_and_3_with_dataset_expressions
[2026-08-08T17:25:08.360+0000] {logging_mixin.py:190} INFO - [2026-08-08T17:25:08.359+0000] {override.py:1858} INFO - Created Permission View: can edit on DAG:consume_1_or_both_2_and_3_with_dataset_expressions
[2026-08-08T17:25:08.474+0000] {logging_mixin.py:190} INFO - [2026-08-08T17:25:08.473+0000] {override.py:1858} INFO - Created Permission View: can read on DAG:consume_1_or_both_2_and_3_with_dataset_expressions
[2026-08-08T17:25:08.732+0000] {logging_mixin.py:190} INFO - [2026-08-08T17:25:08.731+0000] {override.py:1858} INFO - Created Permission View: can delete on DAG:dataset_consumes_1_and_2
[2026-08-08T17:25:08.859+0000] {logging_mixin.py:190} INFO - [2026-08-08T17:25:08.858+0000] {override.py:1858} INFO - Created Permission View: can edit on DAG:dataset_consumes_1_and_2
[2026-08-08T17:25:08.968+0000] {logging_mixin.py:190} INFO - [2026-08-08T17:25:08.967+0000] {override.py:1858} INFO - Created Permission View: can read on DAG:dataset_consumes_1_and_2
[2026-08-08T17:25:09.129+0000] {logging_mixin.py:190} INFO - [2026-08-08T17:25:09.128+0000] {override.py:1858} INFO - Created Permission View: can delete on DAG:consume_1_or_2_with_dataset_expressions
[2026-08-08T17:25:09.231+0000] {logging_mixin.py:190} INFO - [2026-08-08T17:25:09.231+0000] {override.py:1858} INFO - Created Permission View: can edit on DAG:consume_1_or_2_with_dataset_expressions
[2026-08-08T17:25:09.332+0000] {logging_mixin.py:190} INFO - [2026-08-08T17:25:09.331+0000] {override.py:1858} INFO - Created Permission View: can read on DAG:consume_1_or_2_with_dataset_expressions
[2026-08-08T17:25:09.333+0000] {logging_mixin.py:190} INFO - [2026-08-08T17:25:09.333+0000] {dag.py:3211} INFO - Sync 10 DAGs
[2026-08-08T17:25:09.353+0000] {logging_mixin.py:190} INFO - [2026-08-08T17:25:09.353+0000] {dag.py:3234} INFO - Creating ORM DAG for consume_1_and_2_with_dataset_expressions
[2026-08-08T17:25:09.355+0000] {logging_mixin.py:190} INFO - [2026-08-08T17:25:09.354+0000] {dag.py:3234} INFO - Creating ORM DAG for dataset_consumes_unknown_never_scheduled
[2026-08-08T17:25:09.357+0000] {logging_mixin.py:190} INFO - [2026-08-08T17:25:09.356+0000] {dag.py:3234} INFO - Creating ORM DAG for dataset_consumes_1_never_scheduled
[2026-08-08T17:25:09.359+0000] {logging_mixin.py:190} INFO - [2026-08-08T17:25:09.359+0000] {dag.py:3234} INFO - Creating ORM DAG for conditional_dataset_and_time_based_timetable
[2026-08-08T17:25:09.360+0000] {logging_mixin.py:190} INFO - [2026-08-08T17:25:09.360+0000] {dag.py:3234} INFO - Creating ORM DAG for dataset_produces_1
[2026-08-08T17:25:09.361+0000] {logging_mixin.py:190} INFO - [2026-08-08T17:25:09.361+0000] {dag.py:3234} INFO - Creating ORM DAG for dataset_consumes_1
[2026-08-08T17:25:09.362+0000] {logging_mixin.py:190} INFO - [2026-08-08T17:25:09.362+0000] {dag.py:3234} INFO - Creating ORM DAG for consume_1_or_2_with_dataset_expressions
[2026-08-08T17:25:09.363+0000] {logging_mixin.py:190} INFO - [2026-08-08T17:25:09.363+0000] {dag.py:3234} INFO - Creating ORM DAG for consume_1_or_both_2_and_3_with_dataset_expressions
[2026-08-08T17:25:09.364+0000] {logging_mixin.py:190} INFO - [2026-08-08T17:25:09.364+0000] {dag.py:3234} INFO - Creating ORM DAG for dataset_consumes_1_and_2
[2026-08-08T17:25:09.365+0000] {logging_mixin.py:190} INFO - [2026-08-08T17:25:09.365+0000] {dag.py:3234} INFO - Creating ORM DAG for dataset_produces_2
[2026-08-08T17:25:09.385+0000] {logging_mixin.py:190} INFO - [2026-08-08T17:25:09.384+0000] {dag.py:4138} INFO - Setting next_dagrun for conditional_dataset_and_time_based_timetable to 2026-08-05 01:00:00+00:00, run_after=2026-08-05 01:00:00+00:00
[2026-08-08T17:25:09.387+0000] {logging_mixin.py:190} INFO - [2026-08-08T17:25:09.387+0000] {dag.py:4138} INFO - Setting next_dagrun for consume_1_and_2_with_dataset_expressions to None, run_after=None
[2026-08-08T17:25:09.389+0000] {logging_mixin.py:190} INFO - [2026-08-08T17:25:09.388+0000] {dag.py:4138} INFO - Setting next_dagrun for consume_1_or_2_with_dataset_expressions to None, run_after=None
[2026-08-08T17:25:09.390+0000] {logging_mixin.py:190} INFO - [2026-08-08T17:25:09.389+0000] {dag.py:4138} INFO - Setting next_dagrun for consume_1_or_both_2_and_3_with_dataset_expressions to None, run_after=None
[2026-08-08T17:25:09.391+0000] {logging_mixin.py:190} INFO - [2026-08-08T17:25:09.391+0000] {dag.py:4138} INFO - Setting next_dagrun for dataset_consumes_1 to None, run_after=None
[2026-08-08T17:25:09.393+0000] {logging_mixin.py:190} INFO - [2026-08-08T17:25:09.392+0000] {dag.py:4138} INFO - Setting next_dagrun for dataset_consumes_1_and_2 to None, run_after=None
[2026-08-08T17:25:09.394+0000] {logging_mixin.py:190} INFO - [2026-08-08T17:25:09.394+0000] {dag.py:4138} INFO - Setting next_dagrun for dataset_consumes_1_never_scheduled to None, run_after=None
[2026-08-08T17:25:09.396+0000] {logging_mixin.py:190} INFO - [2026-08-08T17:25:09.396+0000] {dag.py:4138} INFO - Setting next_dagrun for dataset_consumes_unknown_never_scheduled to None, run_after=None
[2026-08-08T17:25:09.400+0000] {logging_mixin.py:190} INFO - [2026-08-08T17:25:09.399+0000] {dag.py:4138} INFO - Setting next_dagrun for dataset_produces_1 to 2026-08-07 00:00:00+00:00, run_after=2026-08-08 00:00:00+00:00
[2026-08-08T17:25:09.401+0000] {logging_mixin.py:190} INFO - [2026-08-08T17:25:09.400+0000] {dag.py:4138} INFO - Setting next_dagrun for dataset_produces_2 to None, run_after=None
[2026-08-08T17:25:09.552+0000] {processor.py:208} INFO - Processing /home/airflow/.local/lib/python3.12/site-packages/airflow/example_dags/example_datasets.py took 5.154 seconds
[2026-08-08T17:25:40.135+0000] {processor.py:186} INFO - Started process (PID=153) to work on /home/airflow/.local/lib/python3.12/site-packages/airflow/example_dags/example_datasets.py
[2026-08-08T17:25:40.137+0000] {processor.py:914} INFO - Processing file /home/airflow/.local/lib/python3.12/site-packages/airflow/example_dags/example_datasets.py for tasks to queue
[2026-08-08T17:25:40.141+0000] {logging_mixin.py:190} INFO - [2026-08-08T17:25:40.141+0000] {dagbag.py:587} INFO - Filling up the DagBag from /home/airflow/.local/lib/python3.12/site-packages/airflow/example_dags/example_datasets.py
[2026-08-08T17:25:40.280+0000] {processor.py:925} INFO - DAG(s) 'conditional_dataset_and_time_based_timetable', 'dataset_consumes_1_never_scheduled', 'dataset_consumes_1', 'dataset_consumes_unknown_never_scheduled', 'consume_1_or_both_2_and_3_with_dataset_expressions', 'dataset_produces_1', 'dataset_consumes_1_and_2', 'consume_1_or_2_with_dataset_expressions', 'dataset_produces_2', 'consume_1_and_2_with_dataset_expressions' retrieved from /home/airflow/.local/lib/python3.12/site-packages/airflow/example_dags/example_datasets.py
[2026-08-08T17:25:40.315+0000] {logging_mixin.py:190} INFO - [2026-08-08T17:25:40.315+0000] {dag.py:3211} INFO - Sync 10 DAGs
[2026-08-08T17:25:40.333+0000] {logging_mixin.py:190} INFO - [2026-08-08T17:25:40.333+0000] {dag.py:4138} INFO - Setting next_dagrun for conditional_dataset_and_time_based_timetable to 2026-08-05 01:00:00+00:00, run_after=2026-08-05 01:00:00+00:00
[2026-08-08T17:25:40.336+0000] {logging_mixin.py:190} INFO - [2026-08-08T17:25:40.336+0000] {dag.py:4138} INFO - Setting next_dagrun for consume_1_and_2_with_dataset_expressions to None, run_after=None
[2026-08-08T17:25:40.338+0000] {logging_mixin.py:190} INFO - [2026-08-08T17:25:40.338+0000] {dag.py:4138} INFO - Setting next_dagrun for consume_1_or_2_with_dataset_expressions to None, run_after=None
[2026-08-08T17:25:40.339+0000] {logging_mixin.py:190} INFO - [2026-08-08T17:25:40.339+0000] {dag.py:4138} INFO - Setting next_dagrun for consume_1_or_both_2_and_3_with_dataset_expressions to None, run_after=None
[2026-08-08T17:25:40.340+0000] {logging_mixin.py:190} INFO - [2026-08-08T17:25:40.340+0000] {dag.py:4138} INFO - Setting next_dagrun for dataset_consumes_1 to None, run_after=None
[2026-08-08T17:25:40.341+0000] {logging_mixin.py:190} INFO - [2026-08-08T17:25:40.341+0000] {dag.py:4138} INFO - Setting next_dagrun for dataset_consumes_1_and_2 to None, run_after=None
[2026-08-08T17:25:40.342+0000] {logging_mixin.py:190} INFO - [2026-08-08T17:25:40.342+0000] {dag.py:4138} INFO - Setting next_dagrun for dataset_consumes_1_never_scheduled to None, run_after=None
[2026-08-08T17:25:40.343+0000] {logging_mixin.py:190} INFO - [2026-08-08T17:25:40.343+0000] {dag.py:4138} INFO - Setting next_dagrun for dataset_consumes_unknown_never_scheduled to None, run_after=None
[2026-08-08T17:25:40.346+0000] {logging_mixin.py:190} INFO - [2026-08-08T17:25:40.346+0000] {dag.py:4138} INFO - Setting next_dagrun for dataset_produces_1 to 2026-08-07 00:00:00+00:00, run_after=2026-08-08 00:00:00+00:00
[2026-08-08T17:25:40.347+0000] {logging_mixin.py:190} INFO - [2026-08-08T17:25:40.347+0000] {dag.py:4138} INFO - Setting next_dagrun for dataset_produces_2 to None, run_after=None
[2026-08-08T17:25:40.375+0000] {processor.py:208} INFO - Processing /home/airflow/.local/lib/python3.12/site-packages/airflow/example_dags/example_datasets.py took 0.245 seconds
[2026-08-08T17:26:10.574+0000] {processor.py:186} INFO - Started process (PID=216) to work on /home/airflow/.local/lib/python3.12/site-packages/airflow/example_dags/example_datasets.py
[2026-08-08T17:26:10.575+0000] {processor.py:914} INFO - Processing file /home/airflow/.local/lib/python3.12/site-packages/airflow/example_dags/example_datasets.py for tasks to queue
[2026-08-08T17:26:10.577+0000] {logging_mixin.py:190} INFO - [2026-08-08T17:26:10.577+0000] {dagbag.py:587} INFO - Filling up the DagBag from /home/airflow/.local/lib/python3.12/site-packages/airflow/example_dags/example_datasets.py
[2026-08-08T17:26:10.734+0000] {processor.py:925} INFO - DAG(s) 'dataset_consumes_1_never_scheduled', 'dataset_consumes_1', 'dataset_produces_1', 'dataset_consumes_1_and_2', 'consume_1_or_both_2_and_3_with_dataset_expressions', 'dataset_produces_2', 'conditional_dataset_and_time_based_timetable', 'consume_1_and_2_with_dataset_expressions', 'consume_1_or_2_with_dataset_expressions', 'dataset_consumes_unknown_never_scheduled' retrieved from /home/airflow/.local/lib/python3.12/site-packages/airflow/example_dags/example_datasets.py
[2026-08-08T17:26:10.778+0000] {logging_mixin.py:190} INFO - [2026-08-08T17:26:10.778+0000] {dag.py:3211} INFO - Sync 10 DAGs
[2026-08-08T17:26:10.803+0000] {logging_mixin.py:190} INFO - [2026-08-08T17:26:10.802+0000] {dag.py:4138} INFO - Setting next_dagrun for conditional_dataset_and_time_based_timetable to 2026-08-05 01:00:00+00:00, run_after=2026-08-05 01:00:00+00:00
[2026-08-08T17:26:10.807+0000] {logging_mixin.py:190} INFO - [2026-08-08T17:26:10.807+0000] {dag.py:4138} INFO - Setting next_dagrun for consume_1_and_2_with_dataset_expressions to None, run_after=None
[2026-08-08T17:26:10.810+0000] {logging_mixin.py:190} INFO - [2026-08-08T17:26:10.809+0000] {dag.py:4138} INFO - Setting next_dagrun for consume_1_or_2_with_dataset_expressions to None, run_after=None
[2026-08-08T17:26:10.811+0000] {logging_mixin.py:190} INFO - [2026-08-08T17:26:10.811+0000] {dag.py:4138} INFO - Setting next_dagrun for consume_1_or_both_2_and_3_with_dataset_expressions to None, run_after=None
[2026-08-08T17:26:10.813+0000] {logging_mixin.py:190} INFO - [2026-08-08T17:26:10.813+0000] {dag.py:4138} INFO - Setting next_dagrun for dataset_consumes_1 to None, run_after=None
[2026-08-08T17:26:10.814+0000] {logging_mixin.py:190} INFO - [2026-08-08T17:26:10.814+0000] {dag.py:4138} INFO - Setting next_dagrun for dataset_consumes_1_and_2 to None, run_after=None
[2026-08-08T17:26:10.815+0000] {logging_mixin.py:190} INFO - [2026-08-08T17:26:10.815+0000] {dag.py:4138} INFO - Setting next_dagrun for dataset_consumes_1_never_scheduled to None, run_after=None
[2026-08-08T17:26:10.817+0000] {logging_mixin.py:190} INFO - [2026-08-08T17:26:10.817+0000] {dag.py:4138} INFO - Setting next_dagrun for dataset_consumes_unknown_never_scheduled to None, run_after=None
[2026-08-08T17:26:10.819+0000] {logging_mixin.py:190} INFO - [2026-08-08T17:26:10.819+0000] {dag.py:4138} INFO - Setting next_dagrun for dataset_produces_1 to 2026-08-07 00:00:00+00:00, run_after=2026-08-08 00:00:00+00:00
[2026-08-08T17:26:10.820+0000] {logging_mixin.py:190} INFO - [2026-08-08T17:26:10.820+0000] {dag.py:4138} INFO - Setting next_dagrun for dataset_produces_2 to None, run_after=None
[2026-08-08T17:26:10.852+0000] {processor.py:208} INFO - Processing /home/airflow/.local/lib/python3.12/site-packages/airflow/example_dags/example_datasets.py took 0.285 seconds
[2026-08-08T17:26:40.929+0000] {processor.py:186} INFO - Started process (PID=280) to work on /home/airflow/.local/lib/python3.12/site-packages/airflow/example_dags/example_datasets.py
[2026-08-08T17:26:40.930+0000] {processor.py:914} INFO - Processing file /home/airflow/.local/lib/python3.12/site-packages/airflow/example_dags/example_datasets.py for tasks to queue
[2026-08-08T17:26:40.933+0000] {logging_mixin.py:190} INFO - [2026-08-08T17:26:40.932+0000] {dagbag.py:587} INFO - Filling up the DagBag from /home/airflow/.local/lib/python3.12/site-packages/airflow/example_dags/example_datasets.py
[2026-08-08T17:26:41.077+0000] {processor.py:925} INFO - DAG(s) 'dataset_produces_1', 'dataset_consumes_1_and_2', 'dataset_consumes_1_never_scheduled', 'dataset_produces_2', 'consume_1_or_2_with_dataset_expressions', 'dataset_consumes_unknown_never_scheduled', 'consume_1_and_2_with_dataset_expressions', 'conditional_dataset_and_time_based_timetable', 'dataset_consumes_1', 'consume_1_or_both_2_and_3_with_dataset_expressions' retrieved from /home/airflow/.local/lib/python3.12/site-packages/airflow/example_dags/example_datasets.py
[2026-08-08T17:26:41.118+0000] {logging_mixin.py:190} INFO - [2026-08-08T17:26:41.117+0000] {dag.py:3211} INFO - Sync 10 DAGs
[2026-08-08T17:26:41.141+0000] {logging_mixin.py:190} INFO - [2026-08-08T17:26:41.140+0000] {dag.py:4138} INFO - Setting next_dagrun for conditional_dataset_and_time_based_timetable to 2026-08-05 01:00:00+00:00, run_after=2026-08-05 01:00:00+00:00
[2026-08-08T17:26:41.144+0000] {logging_mixin.py:190} INFO - [2026-08-08T17:26:41.144+0000] {dag.py:4138} INFO - Setting next_dagrun for consume_1_and_2_with_dataset_expressions to None, run_after=None
[2026-08-08T17:26:41.145+0000] {logging_mixin.py:190} INFO - [2026-08-08T17:26:41.145+0000] {dag.py:4138} INFO - Setting next_dagrun for consume_1_or_2_with_dataset_expressions to None, run_after=None
[2026-08-08T17:26:41.147+0000] {logging_mixin.py:190} INFO - [2026-08-08T17:26:41.146+0000] {dag.py:4138} INFO - Setting next_dagrun for consume_1_or_both_2_and_3_with_dataset_expressions to None, run_after=None
[2026-08-08T17:26:41.148+0000] {logging_mixin.py:190} INFO - [2026-08-08T17:26:41.148+0000] {dag.py:4138} INFO - Setting next_dagrun for dataset_consumes_1 to None, run_after=None
[2026-08-08T17:26:41.149+0000] {logging_mixin.py:190} INFO - [2026-08-08T17:26:41.149+0000] {dag.py:4138} INFO - Setting next_dagrun for dataset_consumes_1_and_2 to None, run_after=None
[2026-08-08T17:26:41.151+0000] {logging_mixin.py:190} INFO - [2026-08-08T17:26:41.151+0000] {dag.py:4138} INFO - Setting next_dagrun for dataset_consumes_1_never_scheduled to None, run_after=None
[2026-08-08T17:26:41.152+0000] {logging_mixin.py:190} INFO - [2026-08-08T17:26:41.152+0000] {dag.py:4138} INFO - Setting next_dagrun for dataset_consumes_unknown_never_scheduled to None, run_after=None
[2026-08-08T17:26:41.155+0000] {logging_mixin.py:190} INFO - [2026-08-08T17:26:41.154+0000] {dag.py:4138} INFO - Setting next_dagrun for dataset_produces_1 to 2026-08-07 00:00:00+00:00, run_after=2026-08-08 00:00:00+00:00
[2026-08-08T17:26:41.156+0000] {logging_mixin.py:190} INFO - [2026-08-08T17:26:41.156+0000] {dag.py:4138} INFO - Setting next_dagrun for dataset_produces_2 to None, run_after=None
[2026-08-08T17:26:41.224+0000] {processor.py:208} INFO - Processing /home/airflow/.local/lib/python3.12/site-packages/airflow/example_dags/example_datasets.py took 0.301 seconds
[2026-08-08T17:27:11.485+0000] {processor.py:186} INFO - Started process (PID=342) to work on /home/airflow/.local/lib/python3.12/site-packages/airflow/example_dags/example_datasets.py
[2026-08-08T17:27:11.487+0000] {processor.py:914} INFO - Processing file /home/airflow/.local/lib/python3.12/site-packages/airflow/example_dags/example_datasets.py for tasks to queue
[2026-08-08T17:27:11.490+0000] {logging_mixin.py:190} INFO - [2026-08-08T17:27:11.490+0000] {dagbag.py:587} INFO - Filling up the DagBag from /home/airflow/.local/lib/python3.12/site-packages/airflow/example_dags/example_datasets.py
[2026-08-08T17:27:11.634+0000] {processor.py:925} INFO - DAG(s) 'dataset_produces_2', 'dataset_consumes_1_and_2', 'dataset_consumes_1_never_scheduled', 'dataset_consumes_1', 'consume_1_or_both_2_and_3_with_dataset_expressions', 'consume_1_and_2_with_dataset_expressions', 'consume_1_or_2_with_dataset_expressions', 'dataset_consumes_unknown_never_scheduled', 'dataset_produces_1', 'conditional_dataset_and_time_based_timetable' retrieved from /home/airflow/.local/lib/python3.12/site-packages/airflow/example_dags/example_datasets.py
[2026-08-08T17:27:11.663+0000] {logging_mixin.py:190} INFO - [2026-08-08T17:27:11.663+0000] {dag.py:3211} INFO - Sync 10 DAGs
[2026-08-08T17:27:11.681+0000] {logging_mixin.py:190} INFO - [2026-08-08T17:27:11.681+0000] {dag.py:4138} INFO - Setting next_dagrun for conditional_dataset_and_time_based_timetable to 2026-08-05 01:00:00+00:00, run_after=2026-08-05 01:00:00+00:00
[2026-08-08T17:27:11.684+0000] {logging_mixin.py:190} INFO - [2026-08-08T17:27:11.683+0000] {dag.py:4138} INFO - Setting next_dagrun for consume_1_and_2_with_dataset_expressions to None, run_after=None
[2026-08-08T17:27:11.685+0000] {logging_mixin.py:190} INFO - [2026-08-08T17:27:11.685+0000] {dag.py:4138} INFO - Setting next_dagrun for consume_1_or_2_with_dataset_expressions to None, run_after=None
[2026-08-08T17:27:11.686+0000] {logging_mixin.py:190} INFO - [2026-08-08T17:27:11.686+0000] {dag.py:4138} INFO - Setting next_dagrun for consume_1_or_both_2_and_3_with_dataset_expressions to None, run_after=None
[2026-08-08T17:27:11.687+0000] {logging_mixin.py:190} INFO - [2026-08-08T17:27:11.687+0000] {dag.py:4138} INFO - Setting next_dagrun for dataset_consumes_1 to None, run_after=None
[2026-08-08T17:27:11.689+0000] {logging_mixin.py:190} INFO - [2026-08-08T17:27:11.689+0000] {dag.py:4138} INFO - Setting next_dagrun for dataset_consumes_1_and_2 to None, run_after=None
[2026-08-08T17:27:11.690+0000] {logging_mixin.py:190} INFO - [2026-08-08T17:27:11.690+0000] {dag.py:4138} INFO - Setting next_dagrun for dataset_consumes_1_never_scheduled to None, run_after=None
[2026-08-08T17:27:11.691+0000] {logging_mixin.py:190} INFO - [2026-08-08T17:27:11.691+0000] {dag.py:4138} INFO - Setting next_dagrun for dataset_consumes_unknown_never_scheduled to None, run_after=None
[2026-08-08T17:27:11.693+0000] {logging_mixin.py:190} INFO - [2026-08-08T17:27:11.693+0000] {dag.py:4138} INFO - Setting next_dagrun for dataset_produces_1 to 2026-08-07 00:00:00+00:00, run_after=2026-08-08 00:00:00+00:00
[2026-08-08T17:27:11.694+0000] {logging_mixin.py:190} INFO - [2026-08-08T17:27:11.694+0000] {dag.py:4138} INFO - Setting next_dagrun for dataset_produces_2 to None, run_after=None
[2026-08-08T17:27:11.738+0000] {processor.py:208} INFO - Processing /home/airflow/.local/lib/python3.12/site-packages/airflow/example_dags/example_datasets.py took 0.259 seconds
[2026-08-08T17:27:42.015+0000] {processor.py:186} INFO - Started process (PID=405) to work on /home/airflow/.local/lib/python3.12/site-packages/airflow/example_dags/example_datasets.py
[2026-08-08T17:27:42.018+0000] {processor.py:914} INFO - Processing file /home/airflow/.local/lib/python3.12/site-packages/airflow/example_dags/example_datasets.py for tasks to queue
[2026-08-08T17:27:42.021+0000] {logging_mixin.py:190} INFO - [2026-08-08T17:27:42.021+0000] {dagbag.py:587} INFO - Filling up the DagBag from /home/airflow/.local/lib/python3.12/site-packages/airflow/example_dags/example_datasets.py
[2026-08-08T17:27:42.155+0000] {processor.py:925} INFO - DAG(s) 'dataset_consumes_1_never_scheduled', 'consume_1_and_2_with_dataset_expressions', 'consume_1_or_2_with_dataset_expressions', 'conditional_dataset_and_time_based_timetable', 'dataset_consumes_unknown_never_scheduled', 'dataset_produces_1', 'dataset_consumes_1_and_2', 'dataset_consumes_1', 'consume_1_or_both_2_and_3_with_dataset_expressions', 'dataset_produces_2' retrieved from /home/airflow/.local/lib/python3.12/site-packages/airflow/example_dags/example_datasets.py
[2026-08-08T17:27:42.187+0000] {logging_mixin.py:190} INFO - [2026-08-08T17:27:42.186+0000] {dag.py:3211} INFO - Sync 10 DAGs
[2026-08-08T17:27:42.203+0000] {logging_mixin.py:190} INFO - [2026-08-08T17:27:42.203+0000] {dag.py:4138} INFO - Setting next_dagrun for conditional_dataset_and_time_based_timetable to 2026-08-05 01:00:00+00:00, run_after=2026-08-05 01:00:00+00:00
[2026-08-08T17:27:42.206+0000] {logging_mixin.py:190} INFO - [2026-08-08T17:27:42.206+0000] {dag.py:4138} INFO - Setting next_dagrun for consume_1_and_2_with_dataset_expressions to None, run_after=None
[2026-08-08T17:27:42.207+0000] {logging_mixin.py:190} INFO - [2026-08-08T17:27:42.207+0000] {dag.py:4138} INFO - Setting next_dagrun for consume_1_or_2_with_dataset_expressions to None, run_after=None
[2026-08-08T17:27:42.209+0000] {logging_mixin.py:190} INFO - [2026-08-08T17:27:42.209+0000] {dag.py:4138} INFO - Setting next_dagrun for consume_1_or_both_2_and_3_with_dataset_expressions to None, run_after=None
[2026-08-08T17:27:42.210+0000] {logging_mixin.py:190} INFO - [2026-08-08T17:27:42.210+0000] {dag.py:4138} INFO - Setting next_dagrun for dataset_consumes_1 to None, run_after=None
[2026-08-08T17:27:42.211+0000] {logging_mixin.py:190} INFO - [2026-08-08T17:27:42.211+0000] {dag.py:4138} INFO - Setting next_dagrun for dataset_consumes_1_and_2 to None, run_after=None
[2026-08-08T17:27:42.212+0000] {logging_mixin.py:190} INFO - [2026-08-08T17:27:42.212+0000] {dag.py:4138} INFO - Setting next_dagrun for dataset_consumes_1_never_scheduled to None, run_after=None
[2026-08-08T17:27:42.213+0000] {logging_mixin.py:190} INFO - [2026-08-08T17:27:42.213+0000] {dag.py:4138} INFO - Setting next_dagrun for dataset_consumes_unknown_never_scheduled to None, run_after=None
[2026-08-08T17:27:42.215+0000] {logging_mixin.py:190} INFO - [2026-08-08T17:27:42.215+0000] {dag.py:4138} INFO - Setting next_dagrun for dataset_produces_1 to 2026-08-07 00:00:00+00:00, run_after=2026-08-08 00:00:00+00:00
[2026-08-08T17:27:42.216+0000] {logging_mixin.py:190} INFO - [2026-08-08T17:27:42.216+0000] {dag.py:4138} INFO - Setting next_dagrun for dataset_produces_2 to None, run_after=None
[2026-08-08T17:27:42.243+0000] {processor.py:208} INFO - Processing /home/airflow/.local/lib/python3.12/site-packages/airflow/example_dags/example_datasets.py took 0.236 seconds
[2026-08-08T17:28:12.445+0000] {processor.py:186} INFO - Started process (PID=468) to work on /home/airflow/.local/lib/python3.12/site-packages/airflow/example_dags/example_datasets.py
[2026-08-08T17:28:12.447+0000] {processor.py:914} INFO - Processing file /home/airflow/.local/lib/python3.12/site-packages/airflow/example_dags/example_datasets.py for tasks to queue
[2026-08-08T17:28:12.450+0000] {logging_mixin.py:190} INFO - [2026-08-08T17:28:12.450+0000] {dagbag.py:587} INFO - Filling up the DagBag from /home/airflow/.local/lib/python3.12/site-packages/airflow/example_dags/example_datasets.py
[2026-08-08T17:28:12.594+0000] {processor.py:925} INFO - DAG(s) 'dataset_consumes_1_never_scheduled', 'dataset_produces_2', 'consume_1_or_both_2_and_3_with_dataset_expressions', 'dataset_consumes_unknown_never_scheduled', 'dataset_consumes_1', 'consume_1_or_2_with_dataset_expressions', 'conditional_dataset_and_time_based_timetable', 'dataset_consumes_1_and_2', 'dataset_produces_1', 'consume_1_and_2_with_dataset_expressions' retrieved from /home/airflow/.local/lib/python3.12/site-packages/airflow/example_dags/example_datasets.py
[2026-08-08T17:28:12.633+0000] {logging_mixin.py:190} INFO - [2026-08-08T17:28:12.633+0000] {dag.py:3211} INFO - Sync 10 DAGs
[2026-08-08T17:28:12.656+0000] {logging_mixin.py:190} INFO - [2026-08-08T17:28:12.655+0000] {dag.py:4138} INFO - Setting next_dagrun for conditional_dataset_and_time_based_timetable to 2026-08-05 01:00:00+00:00, run_after=2026-08-05 01:00:00+00:00
[2026-08-08T17:28:12.659+0000] {logging_mixin.py:190} INFO - [2026-08-08T17:28:12.659+0000] {dag.py:4138} INFO - Setting next_dagrun for consume_1_and_2_with_dataset_expressions to None, run_after=None
[2026-08-08T17:28:12.660+0000] {logging_mixin.py:190} INFO - [2026-08-08T17:28:12.660+0000] {dag.py:4138} INFO - Setting next_dagrun for consume_1_or_2_with_dataset_expressions to None, run_after=None
[2026-08-08T17:28:12.662+0000] {logging_mixin.py:190} INFO - [2026-08-08T17:28:12.661+0000] {dag.py:4138} INFO - Setting next_dagrun for consume_1_or_both_2_and_3_with_dataset_expressions to None, run_after=None
[2026-08-08T17:28:12.663+0000] {logging_mixin.py:190} INFO - [2026-08-08T17:28:12.663+0000] {dag.py:4138} INFO - Setting next_dagrun for dataset_consumes_1 to None, run_after=None
[2026-08-08T17:28:12.664+0000] {logging_mixin.py:190} INFO - [2026-08-08T17:28:12.664+0000] {dag.py:4138} INFO - Setting next_dagrun for dataset_consumes_1_and_2 to None, run_after=None
[2026-08-08T17:28:12.665+0000] {logging_mixin.py:190} INFO - [2026-08-08T17:28:12.665+0000] {dag.py:4138} INFO - Setting next_dagrun for dataset_consumes_1_never_scheduled to None, run_after=None
[2026-08-08T17:28:12.667+0000] {logging_mixin.py:190} INFO - [2026-08-08T17:28:12.667+0000] {dag.py:4138} INFO - Setting next_dagrun for dataset_consumes_unknown_never_scheduled to None, run_after=None
[2026-08-08T17:28:12.669+0000] {logging_mixin.py:190} INFO - [2026-08-08T17:28:12.669+0000] {dag.py:4138} INFO - Setting next_dagrun for dataset_produces_1 to 2026-08-07 00:00:00+00:00, run_after=2026-08-08 00:00:00+00:00
[2026-08-08T17:28:12.670+0000] {logging_mixin.py:190} INFO - [2026-08-08T17:28:12.670+0000] {dag.py:4138} INFO - Setting next_dagrun for dataset_produces_2 to None, run_after=None
[2026-08-08T17:28:12.702+0000] {processor.py:208} INFO - Processing /home/airflow/.local/lib/python3.12/site-packages/airflow/example_dags/example_datasets.py took 0.264 seconds
[2026-08-08T17:28:43.276+0000] {processor.py:186} INFO - Started process (PID=531) to work on /home/airflow/.local/lib/python3.12/site-packages/airflow/example_dags/example_datasets.py
[2026-08-08T17:28:43.277+0000] {processor.py:914} INFO - Processing file /home/airflow/.local/lib/python3.12/site-packages/airflow/example_dags/example_datasets.py for tasks to queue
[2026-08-08T17:28:43.279+0000] {logging_mixin.py:190} INFO - [2026-08-08T17:28:43.279+0000] {dagbag.py:587} INFO - Filling up the DagBag from /home/airflow/.local/lib/python3.12/site-packages/airflow/example_dags/example_datasets.py
[2026-08-08T17:28:43.432+0000] {processor.py:925} INFO - DAG(s) 'dataset_consumes_1_never_scheduled', 'dataset_produces_2', 'consume_1_or_both_2_and_3_with_dataset_expressions', 'dataset_consumes_1_and_2', 'dataset_consumes_1', 'dataset_produces_1', 'conditional_dataset_and_time_based_timetable', 'dataset_consumes_unknown_never_scheduled', 'consume_1_or_2_with_dataset_expressions', 'consume_1_and_2_with_dataset_expressions' retrieved from /home/airflow/.local/lib/python3.12/site-packages/airflow/example_dags/example_datasets.py
[2026-08-08T17:28:43.481+0000] {logging_mixin.py:190} INFO - [2026-08-08T17:28:43.480+0000] {dag.py:3211} INFO - Sync 10 DAGs
[2026-08-08T17:28:43.515+0000] {logging_mixin.py:190} INFO - [2026-08-08T17:28:43.515+0000] {dag.py:4138} INFO - Setting next_dagrun for conditional_dataset_and_time_based_timetable to 2026-08-05 01:00:00+00:00, run_after=2026-08-05 01:00:00+00:00
[2026-08-08T17:28:43.521+0000] {logging_mixin.py:190} INFO - [2026-08-08T17:28:43.521+0000] {dag.py:4138} INFO - Setting next_dagrun for consume_1_and_2_with_dataset_expressions to None, run_after=None
[2026-08-08T17:28:43.523+0000] {logging_mixin.py:190} INFO - [2026-08-08T17:28:43.523+0000] {dag.py:4138} INFO - Setting next_dagrun for consume_1_or_2_with_dataset_expressions to None, run_after=None
[2026-08-08T17:28:43.525+0000] {logging_mixin.py:190} INFO - [2026-08-08T17:28:43.525+0000] {dag.py:4138} INFO - Setting next_dagrun for consume_1_or_both_2_and_3_with_dataset_expressions to None, run_after=None
[2026-08-08T17:28:43.527+0000] {logging_mixin.py:190} INFO - [2026-08-08T17:28:43.527+0000] {dag.py:4138} INFO - Setting next_dagrun for dataset_consumes_1 to None, run_after=None
[2026-08-08T17:28:43.528+0000] {logging_mixin.py:190} INFO - [2026-08-08T17:28:43.528+0000] {dag.py:4138} INFO - Setting next_dagrun for dataset_consumes_1_and_2 to None, run_after=None
[2026-08-08T17:28:43.530+0000] {logging_mixin.py:190} INFO - [2026-08-08T17:28:43.530+0000] {dag.py:4138} INFO - Setting next_dagrun for dataset_consumes_1_never_scheduled to None, run_after=None
[2026-08-08T17:28:43.533+0000] {logging_mixin.py:190} INFO - [2026-08-08T17:28:43.532+0000] {dag.py:4138} INFO - Setting next_dagrun for dataset_consumes_unknown_never_scheduled to None, run_after=None
[2026-08-08T17:28:43.535+0000] {logging_mixin.py:190} INFO - [2026-08-08T17:28:43.535+0000] {dag.py:4138} INFO - Setting next_dagrun for dataset_produces_1 to 2026-08-07 00:00:00+00:00, run_after=2026-08-08 00:00:00+00:00
[2026-08-08T17:28:43.537+0000] {logging_mixin.py:190} INFO - [2026-08-08T17:28:43.537+0000] {dag.py:4138} INFO - Setting next_dagrun for dataset_produces_2 to None, run_after=None
[2026-08-08T17:28:43.574+0000] {processor.py:208} INFO - Processing /home/airflow/.local/lib/python3.12/site-packages/airflow/example_dags/example_datasets.py took 0.304 seconds
[2026-08-08T17:29:13.740+0000] {processor.py:186} INFO - Started process (PID=595) to work on /home/airflow/.local/lib/python3.12/site-packages/airflow/example_dags/example_datasets.py
[2026-08-08T17:29:13.742+0000] {processor.py:914} INFO - Processing file /home/airflow/.local/lib/python3.12/site-packages/airflow/example_dags/example_datasets.py for tasks to queue
[2026-08-08T17:29:13.745+0000] {logging_mixin.py:190} INFO - [2026-08-08T17:29:13.745+0000] {dagbag.py:587} INFO - Filling up the DagBag from /home/airflow/.local/lib/python3.12/site-packages/airflow/example_dags/example_datasets.py
[2026-08-08T17:29:13.895+0000] {processor.py:925} INFO - DAG(s) 'dataset_consumes_1', 'dataset_consumes_unknown_never_scheduled', 'consume_1_or_2_with_dataset_expressions', 'dataset_produces_1', 'dataset_produces_2', 'consume_1_or_both_2_and_3_with_dataset_expressions', 'consume_1_and_2_with_dataset_expressions', 'dataset_consumes_1_never_scheduled', 'dataset_consumes_1_and_2', 'conditional_dataset_and_time_based_timetable' retrieved from /home/airflow/.local/lib/python3.12/site-packages/airflow/example_dags/example_datasets.py
[2026-08-08T17:29:13.933+0000] {logging_mixin.py:190} INFO - [2026-08-08T17:29:13.933+0000] {dag.py:3211} INFO - Sync 10 DAGs
[2026-08-08T17:29:13.951+0000] {logging_mixin.py:190} INFO - [2026-08-08T17:29:13.951+0000] {dag.py:4138} INFO - Setting next_dagrun for conditional_dataset_and_time_based_timetable to 2026-08-05 01:00:00+00:00, run_after=2026-08-05 01:00:00+00:00
[2026-08-08T17:29:13.955+0000] {logging_mixin.py:190} INFO - [2026-08-08T17:29:13.955+0000] {dag.py:4138} INFO - Setting next_dagrun for consume_1_and_2_with_dataset_expressions to None, run_after=None
[2026-08-08T17:29:13.958+0000] {logging_mixin.py:190} INFO - [2026-08-08T17:29:13.958+0000] {dag.py:4138} INFO - Setting next_dagrun for consume_1_or_2_with_dataset_expressions to None, run_after=None
[2026-08-08T17:29:13.960+0000] {logging_mixin.py:190} INFO - [2026-08-08T17:29:13.960+0000] {dag.py:4138} INFO - Setting next_dagrun for consume_1_or_both_2_and_3_with_dataset_expressions to None, run_after=None
[2026-08-08T17:29:13.961+0000] {logging_mixin.py:190} INFO - [2026-08-08T17:29:13.961+0000] {dag.py:4138} INFO - Setting next_dagrun for dataset_consumes_1 to None, run_after=None
[2026-08-08T17:29:13.962+0000] {logging_mixin.py:190} INFO - [2026-08-08T17:29:13.962+0000] {dag.py:4138} INFO - Setting next_dagrun for dataset_consumes_1_and_2 to None, run_after=None
[2026-08-08T17:29:13.964+0000] {logging_mixin.py:190} INFO - [2026-08-08T17:29:13.963+0000] {dag.py:4138} INFO - Setting next_dagrun for dataset_consumes_1_never_scheduled to None, run_after=None
[2026-08-08T17:29:13.965+0000] {logging_mixin.py:190} INFO - [2026-08-08T17:29:13.965+0000] {dag.py:4138} INFO - Setting next_dagrun for dataset_consumes_unknown_never_scheduled to None, run_after=None
[2026-08-08T17:29:13.967+0000] {logging_mixin.py:190} INFO - [2026-08-08T17:29:13.966+0000] {dag.py:4138} INFO - Setting next_dagrun for dataset_produces_1 to 2026-08-07 00:00:00+00:00, run_after=2026-08-08 00:00:00+00:00
[2026-08-08T17:29:13.968+0000] {logging_mixin.py:190} INFO - [2026-08-08T17:29:13.968+0000] {dag.py:4138} INFO - Setting next_dagrun for dataset_produces_2 to None, run_after=None
[2026-08-08T17:29:13.997+0000] {processor.py:208} INFO - Processing /home/airflow/.local/lib/python3.12/site-packages/airflow/example_dags/example_datasets.py took 0.263 seconds
[2026-08-08T17:29:44.888+0000] {processor.py:186} INFO - Started process (PID=658) to work on /home/airflow/.local/lib/python3.12/site-packages/airflow/example_dags/example_datasets.py
[2026-08-08T17:29:44.890+0000] {processor.py:914} INFO - Processing file /home/airflow/.local/lib/python3.12/site-packages/airflow/example_dags/example_datasets.py for tasks to queue
[2026-08-08T17:29:44.892+0000] {logging_mixin.py:190} INFO - [2026-08-08T17:29:44.892+0000] {dagbag.py:587} INFO - Filling up the DagBag from /home/airflow/.local/lib/python3.12/site-packages/airflow/example_dags/example_datasets.py
[2026-08-08T17:29:45.053+0000] {processor.py:925} INFO - DAG(s) 'consume_1_or_2_with_dataset_expressions', 'conditional_dataset_and_time_based_timetable', 'dataset_consumes_1_never_scheduled', 'consume_1_and_2_with_dataset_expressions', 'dataset_consumes_1_and_2', 'dataset_consumes_1', 'dataset_produces_1', 'consume_1_or_both_2_and_3_with_dataset_expressions', 'dataset_consumes_unknown_never_scheduled', 'dataset_produces_2' retrieved from /home/airflow/.local/lib/python3.12/site-packages/airflow/example_dags/example_datasets.py
[2026-08-08T17:29:45.092+0000] {logging_mixin.py:190} INFO - [2026-08-08T17:29:45.091+0000] {dag.py:3211} INFO - Sync 10 DAGs
[2026-08-08T17:29:45.115+0000] {logging_mixin.py:190} INFO - [2026-08-08T17:29:45.115+0000] {dag.py:4138} INFO - Setting next_dagrun for conditional_dataset_and_time_based_timetable to 2026-08-05 01:00:00+00:00, run_after=2026-08-05 01:00:00+00:00
[2026-08-08T17:29:45.119+0000] {logging_mixin.py:190} INFO - [2026-08-08T17:29:45.119+0000] {dag.py:4138} INFO - Setting next_dagrun for consume_1_and_2_with_dataset_expressions to None, run_after=None
[2026-08-08T17:29:45.121+0000] {logging_mixin.py:190} INFO - [2026-08-08T17:29:45.121+0000] {dag.py:4138} INFO - Setting next_dagrun for consume_1_or_2_with_dataset_expressions to None, run_after=None
[2026-08-08T17:29:45.123+0000] {logging_mixin.py:190} INFO - [2026-08-08T17:29:45.122+0000] {dag.py:4138} INFO - Setting next_dagrun for consume_1_or_both_2_and_3_with_dataset_expressions to None, run_after=None
[2026-08-08T17:29:45.124+0000] {logging_mixin.py:190} INFO - [2026-08-08T17:29:45.124+0000] {dag.py:4138} INFO - Setting next_dagrun for dataset_consumes_1 to None, run_after=None
[2026-08-08T17:29:45.125+0000] {logging_mixin.py:190} INFO - [2026-08-08T17:29:45.125+0000] {dag.py:4138} INFO - Setting next_dagrun for dataset_consumes_1_and_2 to None, run_after=None
[2026-08-08T17:29:45.126+0000] {logging_mixin.py:190} INFO - [2026-08-08T17:29:45.126+0000] {dag.py:4138} INFO - Setting next_dagrun for dataset_consumes_1_never_scheduled to None, run_after=None
[2026-08-08T17:29:45.127+0000] {logging_mixin.py:190} INFO - [2026-08-08T17:29:45.127+0000] {dag.py:4138} INFO - Setting next_dagrun for dataset_consumes_unknown_never_scheduled to None, run_after=None
[2026-08-08T17:29:45.130+0000] {logging_mixin.py:190} INFO - [2026-08-08T17:29:45.129+0000] {dag.py:4138} INFO - Setting next_dagrun for dataset_produces_1 to 2026-08-07 00:00:00+00:00, run_after=2026-08-08 00:00:00+00:00
[2026-08-08T17:29:45.131+0000] {logging_mixin.py:190} INFO - [2026-08-08T17:29:45.131+0000] {dag.py:4138} INFO - Setting next_dagrun for dataset_produces_2 to None, run_after=None
[2026-08-08T17:29:45.161+0000] {processor.py:208} INFO - Processing /home/airflow/.local/lib/python3.12/site-packages/airflow/example_dags/example_datasets.py took 0.278 seconds
[2026-08-08T17:30:15.661+0000] {processor.py:186} INFO - Started process (PID=721) to work on /home/airflow/.local/lib/python3.12/site-packages/airflow/example_dags/example_datasets.py
[2026-08-08T17:30:15.664+0000] {processor.py:914} INFO - Processing file /home/airflow/.local/lib/python3.12/site-packages/airflow/example_dags/example_datasets.py for tasks to queue
[2026-08-08T17:30:15.670+0000] {logging_mixin.py:190} INFO - [2026-08-08T17:30:15.669+0000] {dagbag.py:587} INFO - Filling up the DagBag from /home/airflow/.local/lib/python3.12/site-packages/airflow/example_dags/example_datasets.py
[2026-08-08T17:30:15.923+0000] {processor.py:925} INFO - DAG(s) 'dataset_consumes_1_and_2', 'consume_1_or_both_2_and_3_with_dataset_expressions', 'dataset_produces_2', 'dataset_consumes_unknown_never_scheduled', 'conditional_dataset_and_time_based_timetable', 'consume_1_or_2_with_dataset_expressions', 'consume_1_and_2_with_dataset_expressions', 'dataset_consumes_1_never_scheduled', 'dataset_consumes_1', 'dataset_produces_1' retrieved from /home/airflow/.local/lib/python3.12/site-packages/airflow/example_dags/example_datasets.py
[2026-08-08T17:30:16.030+0000] {logging_mixin.py:190} INFO - [2026-08-08T17:30:16.029+0000] {dag.py:3211} INFO - Sync 10 DAGs
[2026-08-08T17:30:16.072+0000] {logging_mixin.py:190} INFO - [2026-08-08T17:30:16.072+0000] {dag.py:4138} INFO - Setting next_dagrun for conditional_dataset_and_time_based_timetable to 2026-08-05 01:00:00+00:00, run_after=2026-08-05 01:00:00+00:00
[2026-08-08T17:30:16.077+0000] {logging_mixin.py:190} INFO - [2026-08-08T17:30:16.077+0000] {dag.py:4138} INFO - Setting next_dagrun for consume_1_and_2_with_dataset_expressions to None, run_after=None
[2026-08-08T17:30:16.081+0000] {logging_mixin.py:190} INFO - [2026-08-08T17:30:16.080+0000] {dag.py:4138} INFO - Setting next_dagrun for consume_1_or_2_with_dataset_expressions to None, run_after=None
[2026-08-08T17:30:16.083+0000] {logging_mixin.py:190} INFO - [2026-08-08T17:30:16.083+0000] {dag.py:4138} INFO - Setting next_dagrun for consume_1_or_both_2_and_3_with_dataset_expressions to None, run_after=None
[2026-08-08T17:30:16.085+0000] {logging_mixin.py:190} INFO - [2026-08-08T17:30:16.085+0000] {dag.py:4138} INFO - Setting next_dagrun for dataset_consumes_1 to None, run_after=None
[2026-08-08T17:30:16.087+0000] {logging_mixin.py:190} INFO - [2026-08-08T17:30:16.087+0000] {dag.py:4138} INFO - Setting next_dagrun for dataset_consumes_1_and_2 to None, run_after=None
[2026-08-08T17:30:16.091+0000] {logging_mixin.py:190} INFO - [2026-08-08T17:30:16.091+0000] {dag.py:4138} INFO - Setting next_dagrun for dataset_consumes_1_never_scheduled to None, run_after=None
[2026-08-08T17:30:16.093+0000] {logging_mixin.py:190} INFO - [2026-08-08T17:30:16.093+0000] {dag.py:4138} INFO - Setting next_dagrun for dataset_consumes_unknown_never_scheduled to None, run_after=None
[2026-08-08T17:30:16.097+0000] {logging_mixin.py:190} INFO - [2026-08-08T17:30:16.096+0000] {dag.py:4138} INFO - Setting next_dagrun for dataset_produces_1 to 2026-08-07 00:00:00+00:00, run_after=2026-08-08 00:00:00+00:00
[2026-08-08T17:30:16.099+0000] {logging_mixin.py:190} INFO - [2026-08-08T17:30:16.099+0000] {dag.py:4138} INFO - Setting next_dagrun for dataset_produces_2 to None, run_after=None
[2026-08-08T17:30:16.142+0000] {processor.py:208} INFO - Processing /home/airflow/.local/lib/python3.12/site-packages/airflow/example_dags/example_datasets.py took 0.491 seconds
[2026-08-08T17:30:46.317+0000] {processor.py:186} INFO - Started process (PID=786) to work on /home/airflow/.local/lib/python3.12/site-packages/airflow/example_dags/example_datasets.py
[2026-08-08T17:30:46.318+0000] {processor.py:914} INFO - Processing file /home/airflow/.local/lib/python3.12/site-packages/airflow/example_dags/example_datasets.py for tasks to queue
[2026-08-08T17:30:46.320+0000] {logging_mixin.py:190} INFO - [2026-08-08T17:30:46.320+0000] {dagbag.py:587} INFO - Filling up the DagBag from /home/airflow/.local/lib/python3.12/site-packages/airflow/example_dags/example_datasets.py
[2026-08-08T17:30:46.433+0000] {processor.py:925} INFO - DAG(s) 'consume_1_or_both_2_and_3_with_dataset_expressions', 'consume_1_or_2_with_dataset_expressions', 'conditional_dataset_and_time_based_timetable', 'dataset_consumes_1_and_2', 'consume_1_and_2_with_dataset_expressions', 'dataset_produces_2', 'dataset_produces_1', 'dataset_consumes_1_never_scheduled', 'dataset_consumes_1', 'dataset_consumes_unknown_never_scheduled' retrieved from /home/airflow/.local/lib/python3.12/site-packages/airflow/example_dags/example_datasets.py
[2026-08-08T17:30:46.469+0000] {logging_mixin.py:190} INFO - [2026-08-08T17:30:46.469+0000] {dag.py:3211} INFO - Sync 10 DAGs
[2026-08-08T17:30:46.488+0000] {logging_mixin.py:190} INFO - [2026-08-08T17:30:46.487+0000] {dag.py:4138} INFO - Setting next_dagrun for conditional_dataset_and_time_based_timetable to 2026-08-05 01:00:00+00:00, run_after=2026-08-05 01:00:00+00:00
[2026-08-08T17:30:46.490+0000] {logging_mixin.py:190} INFO - [2026-08-08T17:30:46.490+0000] {dag.py:4138} INFO - Setting next_dagrun for consume_1_and_2_with_dataset_expressions to None, run_after=None
[2026-08-08T17:30:46.492+0000] {logging_mixin.py:190} INFO - [2026-08-08T17:30:46.492+0000] {dag.py:4138} INFO - Setting next_dagrun for consume_1_or_2_with_dataset_expressions to None, run_after=None
[2026-08-08T17:30:46.493+0000] {logging_mixin.py:190} INFO - [2026-08-08T17:30:46.493+0000] {dag.py:4138} INFO - Setting next_dagrun for consume_1_or_both_2_and_3_with_dataset_expressions to None, run_after=None
[2026-08-08T17:30:46.494+0000] {logging_mixin.py:190} INFO - [2026-08-08T17:30:46.494+0000] {dag.py:4138} INFO - Setting next_dagrun for dataset_consumes_1 to None, run_after=None
[2026-08-08T17:30:46.496+0000] {logging_mixin.py:190} INFO - [2026-08-08T17:30:46.496+0000] {dag.py:4138} INFO - Setting next_dagrun for dataset_consumes_1_and_2 to None, run_after=None
[2026-08-08T17:30:46.497+0000] {logging_mixin.py:190} INFO - [2026-08-08T17:30:46.497+0000] {dag.py:4138} INFO - Setting next_dagrun for dataset_consumes_1_never_scheduled to None, run_after=None
[2026-08-08T17:30:46.499+0000] {logging_mixin.py:190} INFO - [2026-08-08T17:30:46.498+0000] {dag.py:4138} INFO - Setting next_dagrun for dataset_consumes_unknown_never_scheduled to None, run_after=None
[2026-08-08T17:30:46.500+0000] {logging_mixin.py:190} INFO - [2026-08-08T17:30:46.500+0000] {dag.py:4138} INFO - Setting next_dagrun for dataset_produces_1 to 2026-08-07 00:00:00+00:00, run_after=2026-08-08 00:00:00+00:00
[2026-08-08T17:30:46.501+0000] {logging_mixin.py:190} INFO - [2026-08-08T17:30:46.501+0000] {dag.py:4138} INFO - Setting next_dagrun for dataset_produces_2 to None, run_after=None
[2026-08-08T17:30:46.532+0000] {processor.py:208} INFO - Processing /home/airflow/.local/lib/python3.12/site-packages/airflow/example_dags/example_datasets.py took 0.220 seconds
[2026-08-08T17:31:16.744+0000] {processor.py:186} INFO - Started process (PID=847) to work on /home/airflow/.local/lib/python3.12/site-packages/airflow/example_dags/example_datasets.py
[2026-08-08T17:31:16.746+0000] {processor.py:914} INFO - Processing file /home/airflow/.local/lib/python3.12/site-packages/airflow/example_dags/example_datasets.py for tasks to queue
[2026-08-08T17:31:16.749+0000] {logging_mixin.py:190} INFO - [2026-08-08T17:31:16.749+0000] {dagbag.py:587} INFO - Filling up the DagBag from /home/airflow/.local/lib/python3.12/site-packages/airflow/example_dags/example_datasets.py
[2026-08-08T17:31:17.026+0000] {processor.py:925} INFO - DAG(s) 'consume_1_or_2_with_dataset_expressions', 'consume_1_or_both_2_and_3_with_dataset_expressions', 'dataset_consumes_1_and_2', 'dataset_produces_1', 'dataset_consumes_1_never_scheduled', 'dataset_produces_2', 'dataset_consumes_unknown_never_scheduled', 'consume_1_and_2_with_dataset_expressions', 'conditional_dataset_and_time_based_timetable', 'dataset_consumes_1' retrieved from /home/airflow/.local/lib/python3.12/site-packages/airflow/example_dags/example_datasets.py
[2026-08-08T17:31:17.077+0000] {logging_mixin.py:190} INFO - [2026-08-08T17:31:17.076+0000] {dag.py:3211} INFO - Sync 10 DAGs
[2026-08-08T17:31:17.111+0000] {logging_mixin.py:190} INFO - [2026-08-08T17:31:17.111+0000] {dag.py:4138} INFO - Setting next_dagrun for conditional_dataset_and_time_based_timetable to 2026-08-05 01:00:00+00:00, run_after=2026-08-05 01:00:00+00:00
[2026-08-08T17:31:17.124+0000] {logging_mixin.py:190} INFO - [2026-08-08T17:31:17.124+0000] {dag.py:4138} INFO - Setting next_dagrun for consume_1_and_2_with_dataset_expressions to None, run_after=None
[2026-08-08T17:31:17.127+0000] {logging_mixin.py:190} INFO - [2026-08-08T17:31:17.127+0000] {dag.py:4138} INFO - Setting next_dagrun for consume_1_or_2_with_dataset_expressions to None, run_after=None
[2026-08-08T17:31:17.129+0000] {logging_mixin.py:190} INFO - [2026-08-08T17:31:17.128+0000] {dag.py:4138} INFO - Setting next_dagrun for consume_1_or_both_2_and_3_with_dataset_expressions to None, run_after=None
[2026-08-08T17:31:17.131+0000] {logging_mixin.py:190} INFO - [2026-08-08T17:31:17.131+0000] {dag.py:4138} INFO - Setting next_dagrun for dataset_consumes_1 to None, run_after=None
[2026-08-08T17:31:17.132+0000] {logging_mixin.py:190} INFO - [2026-08-08T17:31:17.132+0000] {dag.py:4138} INFO - Setting next_dagrun for dataset_consumes_1_and_2 to None, run_after=None
[2026-08-08T17:31:17.134+0000] {logging_mixin.py:190} INFO - [2026-08-08T17:31:17.133+0000] {dag.py:4138} INFO - Setting next_dagrun for dataset_consumes_1_never_scheduled to None, run_after=None
[2026-08-08T17:31:17.135+0000] {logging_mixin.py:190} INFO - [2026-08-08T17:31:17.135+0000] {dag.py:4138} INFO - Setting next_dagrun for dataset_consumes_unknown_never_scheduled to None, run_after=None
[2026-08-08T17:31:17.138+0000] {logging_mixin.py:190} INFO - [2026-08-08T17:31:17.137+0000] {dag.py:4138} INFO - Setting next_dagrun for dataset_produces_1 to 2026-08-07 00:00:00+00:00, run_after=2026-08-08 00:00:00+00:00
[2026-08-08T17:31:17.139+0000] {logging_mixin.py:190} INFO - [2026-08-08T17:31:17.139+0000] {dag.py:4138} INFO - Setting next_dagrun for dataset_produces_2 to None, run_after=None
[2026-08-08T17:31:17.192+0000] {processor.py:208} INFO - Processing /home/airflow/.local/lib/python3.12/site-packages/airflow/example_dags/example_datasets.py took 0.460 seconds
[2026-08-08T17:31:47.261+0000] {processor.py:186} INFO - Started process (PID=910) to work on /home/airflow/.local/lib/python3.12/site-packages/airflow/example_dags/example_datasets.py
[2026-08-08T17:31:47.262+0000] {processor.py:914} INFO - Processing file /home/airflow/.local/lib/python3.12/site-packages/airflow/example_dags/example_datasets.py for tasks to queue
[2026-08-08T17:31:47.265+0000] {logging_mixin.py:190} INFO - [2026-08-08T17:31:47.265+0000] {dagbag.py:587} INFO - Filling up the DagBag from /home/airflow/.local/lib/python3.12/site-packages/airflow/example_dags/example_datasets.py
[2026-08-08T17:31:47.428+0000] {processor.py:925} INFO - DAG(s) 'dataset_produces_2', 'consume_1_or_2_with_dataset_expressions', 'dataset_consumes_unknown_never_scheduled', 'dataset_consumes_1_and_2', 'conditional_dataset_and_time_based_timetable', 'consume_1_and_2_with_dataset_expressions', 'dataset_produces_1', 'dataset_consumes_1_never_scheduled', 'dataset_consumes_1', 'consume_1_or_both_2_and_3_with_dataset_expressions' retrieved from /home/airflow/.local/lib/python3.12/site-packages/airflow/example_dags/example_datasets.py
[2026-08-08T17:31:47.471+0000] {logging_mixin.py:190} INFO - [2026-08-08T17:31:47.471+0000] {dag.py:3211} INFO - Sync 10 DAGs
[2026-08-08T17:31:47.496+0000] {logging_mixin.py:190} INFO - [2026-08-08T17:31:47.495+0000] {dag.py:4138} INFO - Setting next_dagrun for conditional_dataset_and_time_based_timetable to 2026-08-05 01:00:00+00:00, run_after=2026-08-05 01:00:00+00:00
[2026-08-08T17:31:47.500+0000] {logging_mixin.py:190} INFO - [2026-08-08T17:31:47.500+0000] {dag.py:4138} INFO - Setting next_dagrun for consume_1_and_2_with_dataset_expressions to None, run_after=None
[2026-08-08T17:31:47.502+0000] {logging_mixin.py:190} INFO - [2026-08-08T17:31:47.502+0000] {dag.py:4138} INFO - Setting next_dagrun for consume_1_or_2_with_dataset_expressions to None, run_after=None
[2026-08-08T17:31:47.503+0000] {logging_mixin.py:190} INFO - [2026-08-08T17:31:47.503+0000] {dag.py:4138} INFO - Setting next_dagrun for consume_1_or_both_2_and_3_with_dataset_expressions to None, run_after=None
[2026-08-08T17:31:47.504+0000] {logging_mixin.py:190} INFO - [2026-08-08T17:31:47.504+0000] {dag.py:4138} INFO - Setting next_dagrun for dataset_consumes_1 to None, run_after=None
[2026-08-08T17:31:47.506+0000] {logging_mixin.py:190} INFO - [2026-08-08T17:31:47.505+0000] {dag.py:4138} INFO - Setting next_dagrun for dataset_consumes_1_and_2 to None, run_after=None
[2026-08-08T17:31:47.507+0000] {logging_mixin.py:190} INFO - [2026-08-08T17:31:47.507+0000] {dag.py:4138} INFO - Setting next_dagrun for dataset_consumes_1_never_scheduled to None, run_after=None
[2026-08-08T17:31:47.508+0000] {logging_mixin.py:190} INFO - [2026-08-08T17:31:47.508+0000] {dag.py:4138} INFO - Setting next_dagrun for dataset_consumes_unknown_never_scheduled to None, run_after=None
[2026-08-08T17:31:47.510+0000] {logging_mixin.py:190} INFO - [2026-08-08T17:31:47.510+0000] {dag.py:4138} INFO - Setting next_dagrun for dataset_produces_1 to 2026-08-07 00:00:00+00:00, run_after=2026-08-08 00:00:00+00:00
[2026-08-08T17:31:47.512+0000] {logging_mixin.py:190} INFO - [2026-08-08T17:31:47.512+0000] {dag.py:4138} INFO - Setting next_dagrun for dataset_produces_2 to None, run_after=None
[2026-08-08T17:31:47.546+0000] {processor.py:208} INFO - Processing /home/airflow/.local/lib/python3.12/site-packages/airflow/example_dags/example_datasets.py took 0.292 seconds
[2026-08-08T17:32:17.839+0000] {processor.py:186} INFO - Started process (PID=973) to work on /home/airflow/.local/lib/python3.12/site-packages/airflow/example_dags/example_datasets.py
[2026-08-08T17:32:17.840+0000] {processor.py:914} INFO - Processing file /home/airflow/.local/lib/python3.12/site-packages/airflow/example_dags/example_datasets.py for tasks to queue
[2026-08-08T17:32:17.843+0000] {logging_mixin.py:190} INFO - [2026-08-08T17:32:17.842+0000] {dagbag.py:587} INFO - Filling up the DagBag from /home/airflow/.local/lib/python3.12/site-packages/airflow/example_dags/example_datasets.py
[2026-08-08T17:32:17.983+0000] {processor.py:925} INFO - DAG(s) 'dataset_consumes_1_never_scheduled', 'consume_1_and_2_with_dataset_expressions', 'dataset_consumes_1', 'dataset_consumes_1_and_2', 'conditional_dataset_and_time_based_timetable', 'dataset_produces_1', 'consume_1_or_2_with_dataset_expressions', 'dataset_produces_2', 'consume_1_or_both_2_and_3_with_dataset_expressions', 'dataset_consumes_unknown_never_scheduled' retrieved from /home/airflow/.local/lib/python3.12/site-packages/airflow/example_dags/example_datasets.py
[2026-08-08T17:32:18.017+0000] {logging_mixin.py:190} INFO - [2026-08-08T17:32:18.017+0000] {dag.py:3211} INFO - Sync 10 DAGs
[2026-08-08T17:32:18.044+0000] {logging_mixin.py:190} INFO - [2026-08-08T17:32:18.044+0000] {dag.py:4138} INFO - Setting next_dagrun for conditional_dataset_and_time_based_timetable to 2026-08-05 01:00:00+00:00, run_after=2026-08-05 01:00:00+00:00
[2026-08-08T17:32:18.048+0000] {logging_mixin.py:190} INFO - [2026-08-08T17:32:18.047+0000] {dag.py:4138} INFO - Setting next_dagrun for consume_1_and_2_with_dataset_expressions to None, run_after=None
[2026-08-08T17:32:18.049+0000] {logging_mixin.py:190} INFO - [2026-08-08T17:32:18.049+0000] {dag.py:4138} INFO - Setting next_dagrun for consume_1_or_2_with_dataset_expressions to None, run_after=None
[2026-08-08T17:32:18.051+0000] {logging_mixin.py:190} INFO - [2026-08-08T17:32:18.051+0000] {dag.py:4138} INFO - Setting next_dagrun for consume_1_or_both_2_and_3_with_dataset_expressions to None, run_after=None
[2026-08-08T17:32:18.052+0000] {logging_mixin.py:190} INFO - [2026-08-08T17:32:18.052+0000] {dag.py:4138} INFO - Setting next_dagrun for dataset_consumes_1 to None, run_after=None
[2026-08-08T17:32:18.054+0000] {logging_mixin.py:190} INFO - [2026-08-08T17:32:18.054+0000] {dag.py:4138} INFO - Setting next_dagrun for dataset_consumes_1_and_2 to None, run_after=None
[2026-08-08T17:32:18.055+0000] {logging_mixin.py:190} INFO - [2026-08-08T17:32:18.055+0000] {dag.py:4138} INFO - Setting next_dagrun for dataset_consumes_1_never_scheduled to None, run_after=None
[2026-08-08T17:32:18.056+0000] {logging_mixin.py:190} INFO - [2026-08-08T17:32:18.056+0000] {dag.py:4138} INFO - Setting next_dagrun for dataset_consumes_unknown_never_scheduled to None, run_after=None
[2026-08-08T17:32:18.059+0000] {logging_mixin.py:190} INFO - [2026-08-08T17:32:18.058+0000] {dag.py:4138} INFO - Setting next_dagrun for dataset_produces_1 to 2026-08-07 00:00:00+00:00, run_after=2026-08-08 00:00:00+00:00
[2026-08-08T17:32:18.060+0000] {logging_mixin.py:190} INFO - [2026-08-08T17:32:18.060+0000] {dag.py:4138} INFO - Setting next_dagrun for dataset_produces_2 to None, run_after=None
[2026-08-08T17:32:18.092+0000] {processor.py:208} INFO - Processing /home/airflow/.local/lib/python3.12/site-packages/airflow/example_dags/example_datasets.py took 0.258 seconds
[2026-08-08T17:32:48.170+0000] {processor.py:186} INFO - Started process (PID=1036) to work on /home/airflow/.local/lib/python3.12/site-packages/airflow/example_dags/example_datasets.py
[2026-08-08T17:32:48.171+0000] {processor.py:914} INFO - Processing file /home/airflow/.local/lib/python3.12/site-packages/airflow/example_dags/example_datasets.py for tasks to queue
[2026-08-08T17:32:48.174+0000] {logging_mixin.py:190} INFO - [2026-08-08T17:32:48.173+0000] {dagbag.py:587} INFO - Filling up the DagBag from /home/airflow/.local/lib/python3.12/site-packages/airflow/example_dags/example_datasets.py
[2026-08-08T17:32:48.308+0000] {processor.py:925} INFO - DAG(s) 'dataset_consumes_1_never_scheduled', 'consume_1_and_2_with_dataset_expressions', 'dataset_consumes_1_and_2', 'consume_1_or_2_with_dataset_expressions', 'consume_1_or_both_2_and_3_with_dataset_expressions', 'dataset_consumes_1', 'dataset_produces_1', 'dataset_consumes_unknown_never_scheduled', 'conditional_dataset_and_time_based_timetable', 'dataset_produces_2' retrieved from /home/airflow/.local/lib/python3.12/site-packages/airflow/example_dags/example_datasets.py
[2026-08-08T17:32:48.344+0000] {logging_mixin.py:190} INFO - [2026-08-08T17:32:48.344+0000] {dag.py:3211} INFO - Sync 10 DAGs
[2026-08-08T17:32:48.368+0000] {logging_mixin.py:190} INFO - [2026-08-08T17:32:48.368+0000] {dag.py:4138} INFO - Setting next_dagrun for conditional_dataset_and_time_based_timetable to 2026-08-05 01:00:00+00:00, run_after=2026-08-05 01:00:00+00:00
[2026-08-08T17:32:48.371+0000] {logging_mixin.py:190} INFO - [2026-08-08T17:32:48.371+0000] {dag.py:4138} INFO - Setting next_dagrun for consume_1_and_2_with_dataset_expressions to None, run_after=None
[2026-08-08T17:32:48.373+0000] {logging_mixin.py:190} INFO - [2026-08-08T17:32:48.373+0000] {dag.py:4138} INFO - Setting next_dagrun for consume_1_or_2_with_dataset_expressions to None, run_after=None
[2026-08-08T17:32:48.375+0000] {logging_mixin.py:190} INFO - [2026-08-08T17:32:48.375+0000] {dag.py:4138} INFO - Setting next_dagrun for consume_1_or_both_2_and_3_with_dataset_expressions to None, run_after=None
[2026-08-08T17:32:48.376+0000] {logging_mixin.py:190} INFO - [2026-08-08T17:32:48.376+0000] {dag.py:4138} INFO - Setting next_dagrun for dataset_consumes_1 to None, run_after=None
[2026-08-08T17:32:48.378+0000] {logging_mixin.py:190} INFO - [2026-08-08T17:32:48.378+0000] {dag.py:4138} INFO - Setting next_dagrun for dataset_consumes_1_and_2 to None, run_after=None
[2026-08-08T17:32:48.379+0000] {logging_mixin.py:190} INFO - [2026-08-08T17:32:48.379+0000] {dag.py:4138} INFO - Setting next_dagrun for dataset_consumes_1_never_scheduled to None, run_after=None
[2026-08-08T17:32:48.381+0000] {logging_mixin.py:190} INFO - [2026-08-08T17:32:48.381+0000] {dag.py:4138} INFO - Setting next_dagrun for dataset_consumes_unknown_never_scheduled to None, run_after=None
[2026-08-08T17:32:48.383+0000] {logging_mixin.py:190} INFO - [2026-08-08T17:32:48.383+0000] {dag.py:4138} INFO - Setting next_dagrun for dataset_produces_1 to 2026-08-07 00:00:00+00:00, run_after=2026-08-08 00:00:00+00:00
[2026-08-08T17:32:48.385+0000] {logging_mixin.py:190} INFO - [2026-08-08T17:32:48.384+0000] {dag.py:4138} INFO - Setting next_dagrun for dataset_produces_2 to None, run_after=None
[2026-08-08T17:32:48.423+0000] {processor.py:208} INFO - Processing /home/airflow/.local/lib/python3.12/site-packages/airflow/example_dags/example_datasets.py took 0.258 seconds
[2026-08-08T17:33:18.796+0000] {processor.py:186} INFO - Started process (PID=1099) to work on /home/airflow/.local/lib/python3.12/site-packages/airflow/example_dags/example_datasets.py
[2026-08-08T17:33:18.798+0000] {processor.py:914} INFO - Processing file /home/airflow/.local/lib/python3.12/site-packages/airflow/example_dags/example_datasets.py for tasks to queue
[2026-08-08T17:33:18.801+0000] {logging_mixin.py:190} INFO - [2026-08-08T17:33:18.801+0000] {dagbag.py:587} INFO - Filling up the DagBag from /home/airflow/.local/lib/python3.12/site-packages/airflow/example_dags/example_datasets.py
[2026-08-08T17:33:19.010+0000] {processor.py:925} INFO - DAG(s) 'dataset_consumes_1_and_2', 'dataset_produces_2', 'dataset_produces_1', 'consume_1_or_2_with_dataset_expressions', 'consume_1_or_both_2_and_3_with_dataset_expressions', 'dataset_consumes_unknown_never_scheduled', 'dataset_consumes_1', 'conditional_dataset_and_time_based_timetable', 'dataset_consumes_1_never_scheduled', 'consume_1_and_2_with_dataset_expressions' retrieved from /home/airflow/.local/lib/python3.12/site-packages/airflow/example_dags/example_datasets.py
[2026-08-08T17:33:19.063+0000] {logging_mixin.py:190} INFO - [2026-08-08T17:33:19.063+0000] {dag.py:3211} INFO - Sync 10 DAGs
[2026-08-08T17:33:19.098+0000] {logging_mixin.py:190} INFO - [2026-08-08T17:33:19.098+0000] {dag.py:4138} INFO - Setting next_dagrun for conditional_dataset_and_time_based_timetable to 2026-08-05 01:00:00+00:00, run_after=2026-08-05 01:00:00+00:00
[2026-08-08T17:33:19.103+0000] {logging_mixin.py:190} INFO - [2026-08-08T17:33:19.103+0000] {dag.py:4138} INFO - Setting next_dagrun for consume_1_and_2_with_dataset_expressions to None, run_after=None
[2026-08-08T17:33:19.105+0000] {logging_mixin.py:190} INFO - [2026-08-08T17:33:19.105+0000] {dag.py:4138} INFO - Setting next_dagrun for consume_1_or_2_with_dataset_expressions to None, run_after=None
[2026-08-08T17:33:19.107+0000] {logging_mixin.py:190} INFO - [2026-08-08T17:33:19.107+0000] {dag.py:4138} INFO - Setting next_dagrun for consume_1_or_both_2_and_3_with_dataset_expressions to None, run_after=None
[2026-08-08T17:33:19.109+0000] {logging_mixin.py:190} INFO - [2026-08-08T17:33:19.109+0000] {dag.py:4138} INFO - Setting next_dagrun for dataset_consumes_1 to None, run_after=None
[2026-08-08T17:33:19.110+0000] {logging_mixin.py:190} INFO - [2026-08-08T17:33:19.110+0000] {dag.py:4138} INFO - Setting next_dagrun for dataset_consumes_1_and_2 to None, run_after=None
[2026-08-08T17:33:19.112+0000] {logging_mixin.py:190} INFO - [2026-08-08T17:33:19.112+0000] {dag.py:4138} INFO - Setting next_dagrun for dataset_consumes_1_never_scheduled to None, run_after=None
[2026-08-08T17:33:19.113+0000] {logging_mixin.py:190} INFO - [2026-08-08T17:33:19.113+0000] {dag.py:4138} INFO - Setting next_dagrun for dataset_consumes_unknown_never_scheduled to None, run_after=None
[2026-08-08T17:33:19.116+0000] {logging_mixin.py:190} INFO - [2026-08-08T17:33:19.116+0000] {dag.py:4138} INFO - Setting next_dagrun for dataset_produces_1 to 2026-08-07 00:00:00+00:00, run_after=2026-08-08 00:00:00+00:00
[2026-08-08T17:33:19.117+0000] {logging_mixin.py:190} INFO - [2026-08-08T17:33:19.117+0000] {dag.py:4138} INFO - Setting next_dagrun for dataset_produces_2 to None, run_after=None
[2026-08-08T17:33:19.153+0000] {processor.py:208} INFO - Processing /home/airflow/.local/lib/python3.12/site-packages/airflow/example_dags/example_datasets.py took 0.364 seconds
[2026-08-08T17:33:49.272+0000] {processor.py:186} INFO - Started process (PID=1162) to work on /home/airflow/.local/lib/python3.12/site-packages/airflow/example_dags/example_datasets.py
[2026-08-08T17:33:49.274+0000] {processor.py:914} INFO - Processing file /home/airflow/.local/lib/python3.12/site-packages/airflow/example_dags/example_datasets.py for tasks to queue
[2026-08-08T17:33:49.276+0000] {logging_mixin.py:190} INFO - [2026-08-08T17:33:49.276+0000] {dagbag.py:587} INFO - Filling up the DagBag from /home/airflow/.local/lib/python3.12/site-packages/airflow/example_dags/example_datasets.py
[2026-08-08T17:33:49.424+0000] {processor.py:925} INFO - DAG(s) 'dataset_consumes_1_never_scheduled', 'dataset_consumes_1_and_2', 'dataset_consumes_1', 'consume_1_or_both_2_and_3_with_dataset_expressions', 'consume_1_or_2_with_dataset_expressions', 'dataset_consumes_unknown_never_scheduled', 'dataset_produces_2', 'dataset_produces_1', 'conditional_dataset_and_time_based_timetable', 'consume_1_and_2_with_dataset_expressions' retrieved from /home/airflow/.local/lib/python3.12/site-packages/airflow/example_dags/example_datasets.py
[2026-08-08T17:33:49.461+0000] {logging_mixin.py:190} INFO - [2026-08-08T17:33:49.461+0000] {dag.py:3211} INFO - Sync 10 DAGs
[2026-08-08T17:33:49.490+0000] {logging_mixin.py:190} INFO - [2026-08-08T17:33:49.490+0000] {dag.py:4138} INFO - Setting next_dagrun for conditional_dataset_and_time_based_timetable to 2026-08-05 01:00:00+00:00, run_after=2026-08-05 01:00:00+00:00
[2026-08-08T17:33:49.493+0000] {logging_mixin.py:190} INFO - [2026-08-08T17:33:49.493+0000] {dag.py:4138} INFO - Setting next_dagrun for consume_1_and_2_with_dataset_expressions to None, run_after=None
[2026-08-08T17:33:49.495+0000] {logging_mixin.py:190} INFO - [2026-08-08T17:33:49.495+0000] {dag.py:4138} INFO - Setting next_dagrun for consume_1_or_2_with_dataset_expressions to None, run_after=None
[2026-08-08T17:33:49.496+0000] {logging_mixin.py:190} INFO - [2026-08-08T17:33:49.496+0000] {dag.py:4138} INFO - Setting next_dagrun for consume_1_or_both_2_and_3_with_dataset_expressions to None, run_after=None
[2026-08-08T17:33:49.498+0000] {logging_mixin.py:190} INFO - [2026-08-08T17:33:49.497+0000] {dag.py:4138} INFO - Setting next_dagrun for dataset_consumes_1 to None, run_after=None
[2026-08-08T17:33:49.499+0000] {logging_mixin.py:190} INFO - [2026-08-08T17:33:49.499+0000] {dag.py:4138} INFO - Setting next_dagrun for dataset_consumes_1_and_2 to None, run_after=None
[2026-08-08T17:33:49.500+0000] {logging_mixin.py:190} INFO - [2026-08-08T17:33:49.500+0000] {dag.py:4138} INFO - Setting next_dagrun for dataset_consumes_1_never_scheduled to None, run_after=None
[2026-08-08T17:33:49.501+0000] {logging_mixin.py:190} INFO - [2026-08-08T17:33:49.501+0000] {dag.py:4138} INFO - Setting next_dagrun for dataset_consumes_unknown_never_scheduled to None, run_after=None
[2026-08-08T17:33:49.504+0000] {logging_mixin.py:190} INFO - [2026-08-08T17:33:49.504+0000] {dag.py:4138} INFO - Setting next_dagrun for dataset_produces_1 to 2026-08-07 00:00:00+00:00, run_after=2026-08-08 00:00:00+00:00
[2026-08-08T17:33:49.505+0000] {logging_mixin.py:190} INFO - [2026-08-08T17:33:49.505+0000] {dag.py:4138} INFO - Setting next_dagrun for dataset_produces_2 to None, run_after=None
[2026-08-08T17:33:49.542+0000] {processor.py:208} INFO - Processing /home/airflow/.local/lib/python3.12/site-packages/airflow/example_dags/example_datasets.py took 0.276 seconds
[2026-08-08T17:34:19.630+0000] {processor.py:186} INFO - Started process (PID=1225) to work on /home/airflow/.local/lib/python3.12/site-packages/airflow/example_dags/example_datasets.py
[2026-08-08T17:34:19.631+0000] {processor.py:914} INFO - Processing file /home/airflow/.local/lib/python3.12/site-packages/airflow/example_dags/example_datasets.py for tasks to queue
[2026-08-08T17:34:19.634+0000] {logging_mixin.py:190} INFO - [2026-08-08T17:34:19.633+0000] {dagbag.py:587} INFO - Filling up the DagBag from /home/airflow/.local/lib/python3.12/site-packages/airflow/example_dags/example_datasets.py
[2026-08-08T17:34:19.776+0000] {processor.py:925} INFO - DAG(s) 'consume_1_or_2_with_dataset_expressions', 'dataset_consumes_unknown_never_scheduled', 'consume_1_or_both_2_and_3_with_dataset_expressions', 'dataset_produces_2', 'conditional_dataset_and_time_based_timetable', 'dataset_consumes_1', 'consume_1_and_2_with_dataset_expressions', 'dataset_produces_1', 'dataset_consumes_1_and_2', 'dataset_consumes_1_never_scheduled' retrieved from /home/airflow/.local/lib/python3.12/site-packages/airflow/example_dags/example_datasets.py
[2026-08-08T17:34:19.817+0000] {logging_mixin.py:190} INFO - [2026-08-08T17:34:19.817+0000] {dag.py:3211} INFO - Sync 10 DAGs
[2026-08-08T17:34:19.842+0000] {logging_mixin.py:190} INFO - [2026-08-08T17:34:19.841+0000] {dag.py:4138} INFO - Setting next_dagrun for conditional_dataset_and_time_based_timetable to 2026-08-05 01:00:00+00:00, run_after=2026-08-05 01:00:00+00:00
[2026-08-08T17:34:19.846+0000] {logging_mixin.py:190} INFO - [2026-08-08T17:34:19.845+0000] {dag.py:4138} INFO - Setting next_dagrun for consume_1_and_2_with_dataset_expressions to None, run_after=None
[2026-08-08T17:34:19.847+0000] {logging_mixin.py:190} INFO - [2026-08-08T17:34:19.847+0000] {dag.py:4138} INFO - Setting next_dagrun for consume_1_or_2_with_dataset_expressions to None, run_after=None
[2026-08-08T17:34:19.848+0000] {logging_mixin.py:190} INFO - [2026-08-08T17:34:19.848+0000] {dag.py:4138} INFO - Setting next_dagrun for consume_1_or_both_2_and_3_with_dataset_expressions to None, run_after=None
[2026-08-08T17:34:19.850+0000] {logging_mixin.py:190} INFO - [2026-08-08T17:34:19.849+0000] {dag.py:4138} INFO - Setting next_dagrun for dataset_consumes_1 to None, run_after=None
[2026-08-08T17:34:19.851+0000] {logging_mixin.py:190} INFO - [2026-08-08T17:34:19.851+0000] {dag.py:4138} INFO - Setting next_dagrun for dataset_consumes_1_and_2 to None, run_after=None
[2026-08-08T17:34:19.852+0000] {logging_mixin.py:190} INFO - [2026-08-08T17:34:19.852+0000] {dag.py:4138} INFO - Setting next_dagrun for dataset_consumes_1_never_scheduled to None, run_after=None
[2026-08-08T17:34:19.854+0000] {logging_mixin.py:190} INFO - [2026-08-08T17:34:19.853+0000] {dag.py:4138} INFO - Setting next_dagrun for dataset_consumes_unknown_never_scheduled to None, run_after=None
[2026-08-08T17:34:19.855+0000] {logging_mixin.py:190} INFO - [2026-08-08T17:34:19.855+0000] {dag.py:4138} INFO - Setting next_dagrun for dataset_produces_1 to 2026-08-07 00:00:00+00:00, run_after=2026-08-08 00:00:00+00:00
[2026-08-08T17:34:19.857+0000] {logging_mixin.py:190} INFO - [2026-08-08T17:34:19.857+0000] {dag.py:4138} INFO - Setting next_dagrun for dataset_produces_2 to None, run_after=None
[2026-08-08T17:34:19.889+0000] {processor.py:208} INFO - Processing /home/airflow/.local/lib/python3.12/site-packages/airflow/example_dags/example_datasets.py took 0.265 seconds
[2026-08-08T17:34:50.561+0000] {processor.py:186} INFO - Started process (PID=1288) to work on /home/airflow/.local/lib/python3.12/site-packages/airflow/example_dags/example_datasets.py
[2026-08-08T17:34:50.562+0000] {processor.py:914} INFO - Processing file /home/airflow/.local/lib/python3.12/site-packages/airflow/example_dags/example_datasets.py for tasks to queue
[2026-08-08T17:34:50.565+0000] {logging_mixin.py:190} INFO - [2026-08-08T17:34:50.564+0000] {dagbag.py:587} INFO - Filling up the DagBag from /home/airflow/.local/lib/python3.12/site-packages/airflow/example_dags/example_datasets.py
[2026-08-08T17:34:50.691+0000] {processor.py:925} INFO - DAG(s) 'consume_1_and_2_with_dataset_expressions', 'consume_1_or_both_2_and_3_with_dataset_expressions', 'dataset_produces_2', 'dataset_consumes_1', 'dataset_produces_1', 'dataset_consumes_1_and_2', 'dataset_consumes_1_never_scheduled', 'consume_1_or_2_with_dataset_expressions', 'conditional_dataset_and_time_based_timetable', 'dataset_consumes_unknown_never_scheduled' retrieved from /home/airflow/.local/lib/python3.12/site-packages/airflow/example_dags/example_datasets.py
[2026-08-08T17:34:50.725+0000] {logging_mixin.py:190} INFO - [2026-08-08T17:34:50.725+0000] {dag.py:3211} INFO - Sync 10 DAGs
[2026-08-08T17:34:50.750+0000] {logging_mixin.py:190} INFO - [2026-08-08T17:34:50.749+0000] {dag.py:4138} INFO - Setting next_dagrun for conditional_dataset_and_time_based_timetable to 2026-08-05 01:00:00+00:00, run_after=2026-08-05 01:00:00+00:00
[2026-08-08T17:34:50.754+0000] {logging_mixin.py:190} INFO - [2026-08-08T17:34:50.754+0000] {dag.py:4138} INFO - Setting next_dagrun for consume_1_and_2_with_dataset_expressions to None, run_after=None
[2026-08-08T17:34:50.756+0000] {logging_mixin.py:190} INFO - [2026-08-08T17:34:50.756+0000] {dag.py:4138} INFO - Setting next_dagrun for consume_1_or_2_with_dataset_expressions to None, run_after=None
[2026-08-08T17:34:50.757+0000] {logging_mixin.py:190} INFO - [2026-08-08T17:34:50.757+0000] {dag.py:4138} INFO - Setting next_dagrun for consume_1_or_both_2_and_3_with_dataset_expressions to None, run_after=None
[2026-08-08T17:34:50.758+0000] {logging_mixin.py:190} INFO - [2026-08-08T17:34:50.758+0000] {dag.py:4138} INFO - Setting next_dagrun for dataset_consumes_1 to None, run_after=None
[2026-08-08T17:34:50.760+0000] {logging_mixin.py:190} INFO - [2026-08-08T17:34:50.760+0000] {dag.py:4138} INFO - Setting next_dagrun for dataset_consumes_1_and_2 to None, run_after=None
[2026-08-08T17:34:50.761+0000] {logging_mixin.py:190} INFO - [2026-08-08T17:34:50.761+0000] {dag.py:4138} INFO - Setting next_dagrun for dataset_consumes_1_never_scheduled to None, run_after=None
[2026-08-08T17:34:50.763+0000] {logging_mixin.py:190} INFO - [2026-08-08T17:34:50.763+0000] {dag.py:4138} INFO - Setting next_dagrun for dataset_consumes_unknown_never_scheduled to None, run_after=None
[2026-08-08T17:34:50.766+0000] {logging_mixin.py:190} INFO - [2026-08-08T17:34:50.766+0000] {dag.py:4138} INFO - Setting next_dagrun for dataset_produces_1 to 2026-08-07 00:00:00+00:00, run_after=2026-08-08 00:00:00+00:00
[2026-08-08T17:34:50.768+0000] {logging_mixin.py:190} INFO - [2026-08-08T17:34:50.768+0000] {dag.py:4138} INFO - Setting next_dagrun for dataset_produces_2 to None, run_after=None
[2026-08-08T17:34:50.800+0000] {processor.py:208} INFO - Processing /home/airflow/.local/lib/python3.12/site-packages/airflow/example_dags/example_datasets.py took 0.245 seconds
[2026-08-08T17:35:21.155+0000] {processor.py:186} INFO - Started process (PID=1351) to work on /home/airflow/.local/lib/python3.12/site-packages/airflow/example_dags/example_datasets.py
[2026-08-08T17:35:21.157+0000] {processor.py:914} INFO - Processing file /home/airflow/.local/lib/python3.12/site-packages/airflow/example_dags/example_datasets.py for tasks to queue
[2026-08-08T17:35:21.159+0000] {logging_mixin.py:190} INFO - [2026-08-08T17:35:21.159+0000] {dagbag.py:587} INFO - Filling up the DagBag from /home/airflow/.local/lib/python3.12/site-packages/airflow/example_dags/example_datasets.py
[2026-08-08T17:35:21.297+0000] {processor.py:925} INFO - DAG(s) 'dataset_consumes_1_and_2', 'dataset_consumes_unknown_never_scheduled', 'consume_1_or_2_with_dataset_expressions', 'dataset_produces_1', 'consume_1_and_2_with_dataset_expressions', 'conditional_dataset_and_time_based_timetable', 'consume_1_or_both_2_and_3_with_dataset_expressions', 'dataset_produces_2', 'dataset_consumes_1_never_scheduled', 'dataset_consumes_1' retrieved from /home/airflow/.local/lib/python3.12/site-packages/airflow/example_dags/example_datasets.py
[2026-08-08T17:35:21.333+0000] {logging_mixin.py:190} INFO - [2026-08-08T17:35:21.333+0000] {dag.py:3211} INFO - Sync 10 DAGs
[2026-08-08T17:35:21.356+0000] {logging_mixin.py:190} INFO - [2026-08-08T17:35:21.355+0000] {dag.py:4138} INFO - Setting next_dagrun for conditional_dataset_and_time_based_timetable to 2026-08-05 01:00:00+00:00, run_after=2026-08-05 01:00:00+00:00
[2026-08-08T17:35:21.359+0000] {logging_mixin.py:190} INFO - [2026-08-08T17:35:21.359+0000] {dag.py:4138} INFO - Setting next_dagrun for consume_1_and_2_with_dataset_expressions to None, run_after=None
[2026-08-08T17:35:21.361+0000] {logging_mixin.py:190} INFO - [2026-08-08T17:35:21.361+0000] {dag.py:4138} INFO - Setting next_dagrun for consume_1_or_2_with_dataset_expressions to None, run_after=None
[2026-08-08T17:35:21.362+0000] {logging_mixin.py:190} INFO - [2026-08-08T17:35:21.362+0000] {dag.py:4138} INFO - Setting next_dagrun for consume_1_or_both_2_and_3_with_dataset_expressions to None, run_after=None
[2026-08-08T17:35:21.364+0000] {logging_mixin.py:190} INFO - [2026-08-08T17:35:21.364+0000] {dag.py:4138} INFO - Setting next_dagrun for dataset_consumes_1 to None, run_after=None
[2026-08-08T17:35:21.365+0000] {logging_mixin.py:190} INFO - [2026-08-08T17:35:21.365+0000] {dag.py:4138} INFO - Setting next_dagrun for dataset_consumes_1_and_2 to None, run_after=None
[2026-08-08T17:35:21.366+0000] {logging_mixin.py:190} INFO - [2026-08-08T17:35:21.366+0000] {dag.py:4138} INFO - Setting next_dagrun for dataset_consumes_1_never_scheduled to None, run_after=None
[2026-08-08T17:35:21.369+0000] {logging_mixin.py:190} INFO - [2026-08-08T17:35:21.369+0000] {dag.py:4138} INFO - Setting next_dagrun for dataset_consumes_unknown_never_scheduled to None, run_after=None
[2026-08-08T17:35:21.372+0000] {logging_mixin.py:190} INFO - [2026-08-08T17:35:21.372+0000] {dag.py:4138} INFO - Setting next_dagrun for dataset_produces_1 to 2026-08-07 00:00:00+00:00, run_after=2026-08-08 00:00:00+00:00
[2026-08-08T17:35:21.373+0000] {logging_mixin.py:190} INFO - [2026-08-08T17:35:21.373+0000] {dag.py:4138} INFO - Setting next_dagrun for dataset_produces_2 to None, run_after=None
[2026-08-08T17:35:21.402+0000] {processor.py:208} INFO - Processing /home/airflow/.local/lib/python3.12/site-packages/airflow/example_dags/example_datasets.py took 0.253 seconds
[2026-08-08T17:35:52.075+0000] {processor.py:186} INFO - Started process (PID=1414) to work on /home/airflow/.local/lib/python3.12/site-packages/airflow/example_dags/example_datasets.py
[2026-08-08T17:35:52.077+0000] {processor.py:914} INFO - Processing file /home/airflow/.local/lib/python3.12/site-packages/airflow/example_dags/example_datasets.py for tasks to queue
[2026-08-08T17:35:52.080+0000] {logging_mixin.py:190} INFO - [2026-08-08T17:35:52.079+0000] {dagbag.py:587} INFO - Filling up the DagBag from /home/airflow/.local/lib/python3.12/site-packages/airflow/example_dags/example_datasets.py
[2026-08-08T17:35:52.312+0000] {processor.py:925} INFO - DAG(s) 'dataset_produces_1', 'conditional_dataset_and_time_based_timetable', 'dataset_consumes_1', 'dataset_consumes_unknown_never_scheduled', 'consume_1_or_2_with_dataset_expressions', 'consume_1_and_2_with_dataset_expressions', 'dataset_produces_2', 'dataset_consumes_1_never_scheduled', 'dataset_consumes_1_and_2', 'consume_1_or_both_2_and_3_with_dataset_expressions' retrieved from /home/airflow/.local/lib/python3.12/site-packages/airflow/example_dags/example_datasets.py
[2026-08-08T17:35:52.391+0000] {logging_mixin.py:190} INFO - [2026-08-08T17:35:52.391+0000] {dag.py:3211} INFO - Sync 10 DAGs
[2026-08-08T17:35:52.438+0000] {logging_mixin.py:190} INFO - [2026-08-08T17:35:52.438+0000] {dag.py:4138} INFO - Setting next_dagrun for conditional_dataset_and_time_based_timetable to 2026-08-05 01:00:00+00:00, run_after=2026-08-05 01:00:00+00:00
[2026-08-08T17:35:52.442+0000] {logging_mixin.py:190} INFO - [2026-08-08T17:35:52.442+0000] {dag.py:4138} INFO - Setting next_dagrun for consume_1_and_2_with_dataset_expressions to None, run_after=None
[2026-08-08T17:35:52.444+0000] {logging_mixin.py:190} INFO - [2026-08-08T17:35:52.444+0000] {dag.py:4138} INFO - Setting next_dagrun for consume_1_or_2_with_dataset_expressions to None, run_after=None
[2026-08-08T17:35:52.445+0000] {logging_mixin.py:190} INFO - [2026-08-08T17:35:52.445+0000] {dag.py:4138} INFO - Setting next_dagrun for consume_1_or_both_2_and_3_with_dataset_expressions to None, run_after=None
[2026-08-08T17:35:52.447+0000] {logging_mixin.py:190} INFO - [2026-08-08T17:35:52.447+0000] {dag.py:4138} INFO - Setting next_dagrun for dataset_consumes_1 to None, run_after=None
[2026-08-08T17:35:52.448+0000] {logging_mixin.py:190} INFO - [2026-08-08T17:35:52.448+0000] {dag.py:4138} INFO - Setting next_dagrun for dataset_consumes_1_and_2 to None, run_after=None
[2026-08-08T17:35:52.450+0000] {logging_mixin.py:190} INFO - [2026-08-08T17:35:52.450+0000] {dag.py:4138} INFO - Setting next_dagrun for dataset_consumes_1_never_scheduled to None, run_after=None
[2026-08-08T17:35:52.452+0000] {logging_mixin.py:190} INFO - [2026-08-08T17:35:52.451+0000] {dag.py:4138} INFO - Setting next_dagrun for dataset_consumes_unknown_never_scheduled to None, run_after=None
[2026-08-08T17:35:52.455+0000] {logging_mixin.py:190} INFO - [2026-08-08T17:35:52.455+0000] {dag.py:4138} INFO - Setting next_dagrun for dataset_produces_1 to 2026-08-07 00:00:00+00:00, run_after=2026-08-08 00:00:00+00:00
[2026-08-08T17:35:52.457+0000] {logging_mixin.py:190} INFO - [2026-08-08T17:35:52.457+0000] {dag.py:4138} INFO - Setting next_dagrun for dataset_produces_2 to None, run_after=None
[2026-08-08T17:35:52.495+0000] {processor.py:208} INFO - Processing /home/airflow/.local/lib/python3.12/site-packages/airflow/example_dags/example_datasets.py took 0.425 seconds
[2026-08-08T17:36:22.710+0000] {processor.py:186} INFO - Started process (PID=1477) to work on /home/airflow/.local/lib/python3.12/site-packages/airflow/example_dags/example_datasets.py
[2026-08-08T17:36:22.711+0000] {processor.py:914} INFO - Processing file /home/airflow/.local/lib/python3.12/site-packages/airflow/example_dags/example_datasets.py for tasks to queue
[2026-08-08T17:36:22.714+0000] {logging_mixin.py:190} INFO - [2026-08-08T17:36:22.714+0000] {dagbag.py:587} INFO - Filling up the DagBag from /home/airflow/.local/lib/python3.12/site-packages/airflow/example_dags/example_datasets.py
[2026-08-08T17:36:22.862+0000] {processor.py:925} INFO - DAG(s) 'conditional_dataset_and_time_based_timetable', 'dataset_consumes_1_and_2', 'consume_1_and_2_with_dataset_expressions', 'dataset_consumes_1_never_scheduled', 'dataset_produces_1', 'dataset_produces_2', 'consume_1_or_2_with_dataset_expressions', 'consume_1_or_both_2_and_3_with_dataset_expressions', 'dataset_consumes_unknown_never_scheduled', 'dataset_consumes_1' retrieved from /home/airflow/.local/lib/python3.12/site-packages/airflow/example_dags/example_datasets.py
[2026-08-08T17:36:22.910+0000] {logging_mixin.py:190} INFO - [2026-08-08T17:36:22.910+0000] {dag.py:3211} INFO - Sync 10 DAGs
[2026-08-08T17:36:22.938+0000] {logging_mixin.py:190} INFO - [2026-08-08T17:36:22.938+0000] {dag.py:4138} INFO - Setting next_dagrun for conditional_dataset_and_time_based_timetable to 2026-08-05 01:00:00+00:00, run_after=2026-08-05 01:00:00+00:00
[2026-08-08T17:36:22.943+0000] {logging_mixin.py:190} INFO - [2026-08-08T17:36:22.942+0000] {dag.py:4138} INFO - Setting next_dagrun for consume_1_and_2_with_dataset_expressions to None, run_after=None
[2026-08-08T17:36:22.946+0000] {logging_mixin.py:190} INFO - [2026-08-08T17:36:22.946+0000] {dag.py:4138} INFO - Setting next_dagrun for consume_1_or_2_with_dataset_expressions to None, run_after=None
[2026-08-08T17:36:22.947+0000] {logging_mixin.py:190} INFO - [2026-08-08T17:36:22.947+0000] {dag.py:4138} INFO - Setting next_dagrun for consume_1_or_both_2_and_3_with_dataset_expressions to None, run_after=None
[2026-08-08T17:36:22.949+0000] {logging_mixin.py:190} INFO - [2026-08-08T17:36:22.949+0000] {dag.py:4138} INFO - Setting next_dagrun for dataset_consumes_1 to None, run_after=None
[2026-08-08T17:36:22.950+0000] {logging_mixin.py:190} INFO - [2026-08-08T17:36:22.950+0000] {dag.py:4138} INFO - Setting next_dagrun for dataset_consumes_1_and_2 to None, run_after=None
[2026-08-08T17:36:22.952+0000] {logging_mixin.py:190} INFO - [2026-08-08T17:36:22.952+0000] {dag.py:4138} INFO - Setting next_dagrun for dataset_consumes_1_never_scheduled to None, run_after=None
[2026-08-08T17:36:22.954+0000] {logging_mixin.py:190} INFO - [2026-08-08T17:36:22.954+0000] {dag.py:4138} INFO - Setting next_dagrun for dataset_consumes_unknown_never_scheduled to None, run_after=None
[2026-08-08T17:36:22.957+0000] {logging_mixin.py:190} INFO - [2026-08-08T17:36:22.957+0000] {dag.py:4138} INFO - Setting next_dagrun for dataset_produces_1 to 2026-08-07 00:00:00+00:00, run_after=2026-08-08 00:00:00+00:00
[2026-08-08T17:36:22.959+0000] {logging_mixin.py:190} INFO - [2026-08-08T17:36:22.959+0000] {dag.py:4138} INFO - Setting next_dagrun for dataset_produces_2 to None, run_after=None
[2026-08-08T17:36:22.995+0000] {processor.py:208} INFO - Processing /home/airflow/.local/lib/python3.12/site-packages/airflow/example_dags/example_datasets.py took 0.289 seconds
[2026-08-08T17:38:14.806+0000] {processor.py:186} INFO - Started process (PID=69) to work on /home/airflow/.local/lib/python3.12/site-packages/airflow/example_dags/example_datasets.py
[2026-08-08T17:38:14.807+0000] {processor.py:914} INFO - Processing file /home/airflow/.local/lib/python3.12/site-packages/airflow/example_dags/example_datasets.py for tasks to queue
[2026-08-08T17:38:14.810+0000] {logging_mixin.py:190} INFO - [2026-08-08T17:38:14.810+0000] {dagbag.py:587} INFO - Filling up the DagBag from /home/airflow/.local/lib/python3.12/site-packages/airflow/example_dags/example_datasets.py
[2026-08-08T17:38:14.943+0000] {processor.py:925} INFO - DAG(s) 'consume_1_and_2_with_dataset_expressions', 'dataset_produces_2', 'conditional_dataset_and_time_based_timetable', 'dataset_consumes_1_and_2', 'dataset_consumes_1', 'consume_1_or_2_with_dataset_expressions', 'consume_1_or_both_2_and_3_with_dataset_expressions', 'dataset_consumes_1_never_scheduled', 'dataset_consumes_unknown_never_scheduled', 'dataset_produces_1' retrieved from /home/airflow/.local/lib/python3.12/site-packages/airflow/example_dags/example_datasets.py
[2026-08-08T17:38:14.988+0000] {logging_mixin.py:190} INFO - [2026-08-08T17:38:14.988+0000] {dag.py:3211} INFO - Sync 10 DAGs
[2026-08-08T17:38:15.008+0000] {logging_mixin.py:190} INFO - [2026-08-08T17:38:15.008+0000] {dag.py:4138} INFO - Setting next_dagrun for conditional_dataset_and_time_based_timetable to 2026-08-05 01:00:00+00:00, run_after=2026-08-05 01:00:00+00:00
[2026-08-08T17:38:15.012+0000] {logging_mixin.py:190} INFO - [2026-08-08T17:38:15.012+0000] {dag.py:4138} INFO - Setting next_dagrun for consume_1_and_2_with_dataset_expressions to None, run_after=None
[2026-08-08T17:38:15.013+0000] {logging_mixin.py:190} INFO - [2026-08-08T17:38:15.013+0000] {dag.py:4138} INFO - Setting next_dagrun for consume_1_or_2_with_dataset_expressions to None, run_after=None
[2026-08-08T17:38:15.015+0000] {logging_mixin.py:190} INFO - [2026-08-08T17:38:15.015+0000] {dag.py:4138} INFO - Setting next_dagrun for consume_1_or_both_2_and_3_with_dataset_expressions to None, run_after=None
[2026-08-08T17:38:15.017+0000] {logging_mixin.py:190} INFO - [2026-08-08T17:38:15.017+0000] {dag.py:4138} INFO - Setting next_dagrun for dataset_consumes_1 to None, run_after=None
[2026-08-08T17:38:15.018+0000] {logging_mixin.py:190} INFO - [2026-08-08T17:38:15.018+0000] {dag.py:4138} INFO - Setting next_dagrun for dataset_consumes_1_and_2 to None, run_after=None
[2026-08-08T17:38:15.019+0000] {logging_mixin.py:190} INFO - [2026-08-08T17:38:15.019+0000] {dag.py:4138} INFO - Setting next_dagrun for dataset_consumes_1_never_scheduled to None, run_after=None
[2026-08-08T17:38:15.021+0000] {logging_mixin.py:190} INFO - [2026-08-08T17:38:15.020+0000] {dag.py:4138} INFO - Setting next_dagrun for dataset_consumes_unknown_never_scheduled to None, run_after=None
[2026-08-08T17:38:15.023+0000] {logging_mixin.py:190} INFO - [2026-08-08T17:38:15.023+0000] {dag.py:4138} INFO - Setting next_dagrun for dataset_produces_1 to 2026-08-07 00:00:00+00:00, run_after=2026-08-08 00:00:00+00:00
[2026-08-08T17:38:15.024+0000] {logging_mixin.py:190} INFO - [2026-08-08T17:38:15.024+0000] {dag.py:4138} INFO - Setting next_dagrun for dataset_produces_2 to None, run_after=None
[2026-08-08T17:38:15.058+0000] {processor.py:208} INFO - Processing /home/airflow/.local/lib/python3.12/site-packages/airflow/example_dags/example_datasets.py took 0.258 seconds
[2026-08-08T17:38:45.591+0000] {processor.py:186} INFO - Started process (PID=138) to work on /home/airflow/.local/lib/python3.12/site-packages/airflow/example_dags/example_datasets.py
[2026-08-08T17:38:45.593+0000] {processor.py:914} INFO - Processing file /home/airflow/.local/lib/python3.12/site-packages/airflow/example_dags/example_datasets.py for tasks to queue
[2026-08-08T17:38:45.596+0000] {logging_mixin.py:190} INFO - [2026-08-08T17:38:45.596+0000] {dagbag.py:587} INFO - Filling up the DagBag from /home/airflow/.local/lib/python3.12/site-packages/airflow/example_dags/example_datasets.py
[2026-08-08T17:38:45.778+0000] {processor.py:925} INFO - DAG(s) 'dataset_produces_1', 'dataset_consumes_1_and_2', 'consume_1_or_2_with_dataset_expressions', 'consume_1_and_2_with_dataset_expressions', 'dataset_consumes_unknown_never_scheduled', 'dataset_produces_2', 'conditional_dataset_and_time_based_timetable', 'dataset_consumes_1_never_scheduled', 'consume_1_or_both_2_and_3_with_dataset_expressions', 'dataset_consumes_1' retrieved from /home/airflow/.local/lib/python3.12/site-packages/airflow/example_dags/example_datasets.py
[2026-08-08T17:38:45.825+0000] {logging_mixin.py:190} INFO - [2026-08-08T17:38:45.825+0000] {dag.py:3211} INFO - Sync 10 DAGs
[2026-08-08T17:38:45.860+0000] {logging_mixin.py:190} INFO - [2026-08-08T17:38:45.859+0000] {dag.py:4138} INFO - Setting next_dagrun for conditional_dataset_and_time_based_timetable to 2026-08-05 01:00:00+00:00, run_after=2026-08-05 01:00:00+00:00
[2026-08-08T17:38:45.866+0000] {logging_mixin.py:190} INFO - [2026-08-08T17:38:45.865+0000] {dag.py:4138} INFO - Setting next_dagrun for consume_1_and_2_with_dataset_expressions to None, run_after=None
[2026-08-08T17:38:45.868+0000] {logging_mixin.py:190} INFO - [2026-08-08T17:38:45.868+0000] {dag.py:4138} INFO - Setting next_dagrun for consume_1_or_2_with_dataset_expressions to None, run_after=None
[2026-08-08T17:38:45.870+0000] {logging_mixin.py:190} INFO - [2026-08-08T17:38:45.870+0000] {dag.py:4138} INFO - Setting next_dagrun for consume_1_or_both_2_and_3_with_dataset_expressions to None, run_after=None
[2026-08-08T17:38:45.872+0000] {logging_mixin.py:190} INFO - [2026-08-08T17:38:45.871+0000] {dag.py:4138} INFO - Setting next_dagrun for dataset_consumes_1 to None, run_after=None
[2026-08-08T17:38:45.873+0000] {logging_mixin.py:190} INFO - [2026-08-08T17:38:45.873+0000] {dag.py:4138} INFO - Setting next_dagrun for dataset_consumes_1_and_2 to None, run_after=None
[2026-08-08T17:38:45.875+0000] {logging_mixin.py:190} INFO - [2026-08-08T17:38:45.875+0000] {dag.py:4138} INFO - Setting next_dagrun for dataset_consumes_1_never_scheduled to None, run_after=None
[2026-08-08T17:38:45.877+0000] {logging_mixin.py:190} INFO - [2026-08-08T17:38:45.876+0000] {dag.py:4138} INFO - Setting next_dagrun for dataset_consumes_unknown_never_scheduled to None, run_after=None
[2026-08-08T17:38:45.880+0000] {logging_mixin.py:190} INFO - [2026-08-08T17:38:45.879+0000] {dag.py:4138} INFO - Setting next_dagrun for dataset_produces_1 to 2026-08-07 00:00:00+00:00, run_after=2026-08-08 00:00:00+00:00
[2026-08-08T17:38:45.881+0000] {logging_mixin.py:190} INFO - [2026-08-08T17:38:45.881+0000] {dag.py:4138} INFO - Setting next_dagrun for dataset_produces_2 to None, run_after=None
[2026-08-08T17:38:45.922+0000] {processor.py:208} INFO - Processing /home/airflow/.local/lib/python3.12/site-packages/airflow/example_dags/example_datasets.py took 0.340 seconds
[2026-08-08T17:39:16.078+0000] {processor.py:186} INFO - Started process (PID=202) to work on /home/airflow/.local/lib/python3.12/site-packages/airflow/example_dags/example_datasets.py
[2026-08-08T17:39:16.080+0000] {processor.py:914} INFO - Processing file /home/airflow/.local/lib/python3.12/site-packages/airflow/example_dags/example_datasets.py for tasks to queue
[2026-08-08T17:39:16.083+0000] {logging_mixin.py:190} INFO - [2026-08-08T17:39:16.082+0000] {dagbag.py:587} INFO - Filling up the DagBag from /home/airflow/.local/lib/python3.12/site-packages/airflow/example_dags/example_datasets.py
[2026-08-08T17:39:16.211+0000] {processor.py:925} INFO - DAG(s) 'dataset_consumes_1', 'dataset_consumes_unknown_never_scheduled', 'dataset_consumes_1_and_2', 'consume_1_or_both_2_and_3_with_dataset_expressions', 'conditional_dataset_and_time_based_timetable', 'dataset_consumes_1_never_scheduled', 'consume_1_and_2_with_dataset_expressions', 'consume_1_or_2_with_dataset_expressions', 'dataset_produces_1', 'dataset_produces_2' retrieved from /home/airflow/.local/lib/python3.12/site-packages/airflow/example_dags/example_datasets.py
[2026-08-08T17:39:16.256+0000] {logging_mixin.py:190} INFO - [2026-08-08T17:39:16.256+0000] {dag.py:3211} INFO - Sync 10 DAGs
[2026-08-08T17:39:16.279+0000] {logging_mixin.py:190} INFO - [2026-08-08T17:39:16.279+0000] {dag.py:4138} INFO - Setting next_dagrun for conditional_dataset_and_time_based_timetable to 2026-08-05 01:00:00+00:00, run_after=2026-08-05 01:00:00+00:00
[2026-08-08T17:39:16.282+0000] {logging_mixin.py:190} INFO - [2026-08-08T17:39:16.282+0000] {dag.py:4138} INFO - Setting next_dagrun for consume_1_and_2_with_dataset_expressions to None, run_after=None
[2026-08-08T17:39:16.284+0000] {logging_mixin.py:190} INFO - [2026-08-08T17:39:16.284+0000] {dag.py:4138} INFO - Setting next_dagrun for consume_1_or_2_with_dataset_expressions to None, run_after=None
[2026-08-08T17:39:16.286+0000] {logging_mixin.py:190} INFO - [2026-08-08T17:39:16.286+0000] {dag.py:4138} INFO - Setting next_dagrun for consume_1_or_both_2_and_3_with_dataset_expressions to None, run_after=None
[2026-08-08T17:39:16.288+0000] {logging_mixin.py:190} INFO - [2026-08-08T17:39:16.288+0000] {dag.py:4138} INFO - Setting next_dagrun for dataset_consumes_1 to None, run_after=None
[2026-08-08T17:39:16.289+0000] {logging_mixin.py:190} INFO - [2026-08-08T17:39:16.289+0000] {dag.py:4138} INFO - Setting next_dagrun for dataset_consumes_1_and_2 to None, run_after=None
[2026-08-08T17:39:16.291+0000] {logging_mixin.py:190} INFO - [2026-08-08T17:39:16.290+0000] {dag.py:4138} INFO - Setting next_dagrun for dataset_consumes_1_never_scheduled to None, run_after=None
[2026-08-08T17:39:16.292+0000] {logging_mixin.py:190} INFO - [2026-08-08T17:39:16.292+0000] {dag.py:4138} INFO - Setting next_dagrun for dataset_consumes_unknown_never_scheduled to None, run_after=None
[2026-08-08T17:39:16.294+0000] {logging_mixin.py:190} INFO - [2026-08-08T17:39:16.294+0000] {dag.py:4138} INFO - Setting next_dagrun for dataset_produces_1 to 2026-08-07 00:00:00+00:00, run_after=2026-08-08 00:00:00+00:00
[2026-08-08T17:39:16.295+0000] {logging_mixin.py:190} INFO - [2026-08-08T17:39:16.295+0000] {dag.py:4138} INFO - Setting next_dagrun for dataset_produces_2 to None, run_after=None
[2026-08-08T17:39:16.334+0000] {processor.py:208} INFO - Processing /home/airflow/.local/lib/python3.12/site-packages/airflow/example_dags/example_datasets.py took 0.262 seconds
[2026-08-08T17:39:47.187+0000] {processor.py:186} INFO - Started process (PID=265) to work on /home/airflow/.local/lib/python3.12/site-packages/airflow/example_dags/example_datasets.py
[2026-08-08T17:39:47.188+0000] {processor.py:914} INFO - Processing file /home/airflow/.local/lib/python3.12/site-packages/airflow/example_dags/example_datasets.py for tasks to queue
[2026-08-08T17:39:47.191+0000] {logging_mixin.py:190} INFO - [2026-08-08T17:39:47.191+0000] {dagbag.py:587} INFO - Filling up the DagBag from /home/airflow/.local/lib/python3.12/site-packages/airflow/example_dags/example_datasets.py
[2026-08-08T17:39:47.335+0000] {processor.py:925} INFO - DAG(s) 'conditional_dataset_and_time_based_timetable', 'dataset_produces_1', 'consume_1_or_2_with_dataset_expressions', 'consume_1_or_both_2_and_3_with_dataset_expressions', 'dataset_consumes_1_never_scheduled', 'dataset_produces_2', 'dataset_consumes_1', 'dataset_consumes_1_and_2', 'dataset_consumes_unknown_never_scheduled', 'consume_1_and_2_with_dataset_expressions' retrieved from /home/airflow/.local/lib/python3.12/site-packages/airflow/example_dags/example_datasets.py
[2026-08-08T17:39:47.386+0000] {logging_mixin.py:190} INFO - [2026-08-08T17:39:47.386+0000] {dag.py:3211} INFO - Sync 10 DAGs
[2026-08-08T17:39:47.421+0000] {logging_mixin.py:190} INFO - [2026-08-08T17:39:47.421+0000] {dag.py:4138} INFO - Setting next_dagrun for conditional_dataset_and_time_based_timetable to 2026-08-05 01:00:00+00:00, run_after=2026-08-05 01:00:00+00:00
[2026-08-08T17:39:47.427+0000] {logging_mixin.py:190} INFO - [2026-08-08T17:39:47.427+0000] {dag.py:4138} INFO - Setting next_dagrun for consume_1_and_2_with_dataset_expressions to None, run_after=None
[2026-08-08T17:39:47.430+0000] {logging_mixin.py:190} INFO - [2026-08-08T17:39:47.430+0000] {dag.py:4138} INFO - Setting next_dagrun for consume_1_or_2_with_dataset_expressions to None, run_after=None
[2026-08-08T17:39:47.432+0000] {logging_mixin.py:190} INFO - [2026-08-08T17:39:47.431+0000] {dag.py:4138} INFO - Setting next_dagrun for consume_1_or_both_2_and_3_with_dataset_expressions to None, run_after=None
[2026-08-08T17:39:47.434+0000] {logging_mixin.py:190} INFO - [2026-08-08T17:39:47.434+0000] {dag.py:4138} INFO - Setting next_dagrun for dataset_consumes_1 to None, run_after=None
[2026-08-08T17:39:47.436+0000] {logging_mixin.py:190} INFO - [2026-08-08T17:39:47.435+0000] {dag.py:4138} INFO - Setting next_dagrun for dataset_consumes_1_and_2 to None, run_after=None
[2026-08-08T17:39:47.439+0000] {logging_mixin.py:190} INFO - [2026-08-08T17:39:47.439+0000] {dag.py:4138} INFO - Setting next_dagrun for dataset_consumes_1_never_scheduled to None, run_after=None
[2026-08-08T17:39:47.441+0000] {logging_mixin.py:190} INFO - [2026-08-08T17:39:47.441+0000] {dag.py:4138} INFO - Setting next_dagrun for dataset_consumes_unknown_never_scheduled to None, run_after=None
[2026-08-08T17:39:47.444+0000] {logging_mixin.py:190} INFO - [2026-08-08T17:39:47.444+0000] {dag.py:4138} INFO - Setting next_dagrun for dataset_produces_1 to 2026-08-07 00:00:00+00:00, run_after=2026-08-08 00:00:00+00:00
[2026-08-08T17:39:47.446+0000] {logging_mixin.py:190} INFO - [2026-08-08T17:39:47.446+0000] {dag.py:4138} INFO - Setting next_dagrun for dataset_produces_2 to None, run_after=None
[2026-08-08T17:39:47.487+0000] {processor.py:208} INFO - Processing /home/airflow/.local/lib/python3.12/site-packages/airflow/example_dags/example_datasets.py took 0.305 seconds
[2026-08-08T17:42:38.538+0000] {processor.py:186} INFO - Started process (PID=87) to work on /home/airflow/.local/lib/python3.12/site-packages/airflow/example_dags/example_datasets.py
[2026-08-08T17:42:38.540+0000] {processor.py:914} INFO - Processing file /home/airflow/.local/lib/python3.12/site-packages/airflow/example_dags/example_datasets.py for tasks to queue
[2026-08-08T17:42:38.546+0000] {logging_mixin.py:190} INFO - [2026-08-08T17:42:38.545+0000] {dagbag.py:587} INFO - Filling up the DagBag from /home/airflow/.local/lib/python3.12/site-packages/airflow/example_dags/example_datasets.py
[2026-08-08T17:42:38.754+0000] {processor.py:925} INFO - DAG(s) 'dataset_produces_1', 'consume_1_or_both_2_and_3_with_dataset_expressions', 'consume_1_or_2_with_dataset_expressions', 'dataset_consumes_unknown_never_scheduled', 'dataset_consumes_1', 'consume_1_and_2_with_dataset_expressions', 'dataset_consumes_1_never_scheduled', 'conditional_dataset_and_time_based_timetable', 'dataset_consumes_1_and_2', 'dataset_produces_2' retrieved from /home/airflow/.local/lib/python3.12/site-packages/airflow/example_dags/example_datasets.py
[2026-08-08T17:42:38.824+0000] {logging_mixin.py:190} INFO - [2026-08-08T17:42:38.824+0000] {dag.py:3211} INFO - Sync 10 DAGs
[2026-08-08T17:42:38.855+0000] {logging_mixin.py:190} INFO - [2026-08-08T17:42:38.855+0000] {dag.py:4138} INFO - Setting next_dagrun for conditional_dataset_and_time_based_timetable to 2026-08-05 01:00:00+00:00, run_after=2026-08-05 01:00:00+00:00
[2026-08-08T17:42:38.860+0000] {logging_mixin.py:190} INFO - [2026-08-08T17:42:38.859+0000] {dag.py:4138} INFO - Setting next_dagrun for consume_1_and_2_with_dataset_expressions to None, run_after=None
[2026-08-08T17:42:38.862+0000] {logging_mixin.py:190} INFO - [2026-08-08T17:42:38.862+0000] {dag.py:4138} INFO - Setting next_dagrun for consume_1_or_2_with_dataset_expressions to None, run_after=None
[2026-08-08T17:42:38.864+0000] {logging_mixin.py:190} INFO - [2026-08-08T17:42:38.864+0000] {dag.py:4138} INFO - Setting next_dagrun for consume_1_or_both_2_and_3_with_dataset_expressions to None, run_after=None
[2026-08-08T17:42:38.866+0000] {logging_mixin.py:190} INFO - [2026-08-08T17:42:38.866+0000] {dag.py:4138} INFO - Setting next_dagrun for dataset_consumes_1 to None, run_after=None
[2026-08-08T17:42:38.869+0000] {logging_mixin.py:190} INFO - [2026-08-08T17:42:38.869+0000] {dag.py:4138} INFO - Setting next_dagrun for dataset_consumes_1_and_2 to None, run_after=None
[2026-08-08T17:42:38.871+0000] {logging_mixin.py:190} INFO - [2026-08-08T17:42:38.871+0000] {dag.py:4138} INFO - Setting next_dagrun for dataset_consumes_1_never_scheduled to None, run_after=None
[2026-08-08T17:42:38.873+0000] {logging_mixin.py:190} INFO - [2026-08-08T17:42:38.873+0000] {dag.py:4138} INFO - Setting next_dagrun for dataset_consumes_unknown_never_scheduled to None, run_after=None
[2026-08-08T17:42:38.875+0000] {logging_mixin.py:190} INFO - [2026-08-08T17:42:38.875+0000] {dag.py:4138} INFO - Setting next_dagrun for dataset_produces_1 to 2026-08-07 00:00:00+00:00, run_after=2026-08-08 00:00:00+00:00
[2026-08-08T17:42:38.877+0000] {logging_mixin.py:190} INFO - [2026-08-08T17:42:38.877+0000] {dag.py:4138} INFO - Setting next_dagrun for dataset_produces_2 to None, run_after=None
[2026-08-08T17:42:38.919+0000] {processor.py:208} INFO - Processing /home/airflow/.local/lib/python3.12/site-packages/airflow/example_dags/example_datasets.py took 0.389 seconds
[2026-08-08T17:43:09.118+0000] {processor.py:186} INFO - Started process (PID=150) to work on /home/airflow/.local/lib/python3.12/site-packages/airflow/example_dags/example_datasets.py
[2026-08-08T17:43:09.119+0000] {processor.py:914} INFO - Processing file /home/airflow/.local/lib/python3.12/site-packages/airflow/example_dags/example_datasets.py for tasks to queue
[2026-08-08T17:43:09.123+0000] {logging_mixin.py:190} INFO - [2026-08-08T17:43:09.122+0000] {dagbag.py:587} INFO - Filling up the DagBag from /home/airflow/.local/lib/python3.12/site-packages/airflow/example_dags/example_datasets.py
[2026-08-08T17:43:09.336+0000] {processor.py:925} INFO - DAG(s) 'consume_1_and_2_with_dataset_expressions', 'dataset_produces_1', 'consume_1_or_2_with_dataset_expressions', 'dataset_produces_2', 'conditional_dataset_and_time_based_timetable', 'dataset_consumes_1_never_scheduled', 'dataset_consumes_unknown_never_scheduled', 'consume_1_or_both_2_and_3_with_dataset_expressions', 'dataset_consumes_1_and_2', 'dataset_consumes_1' retrieved from /home/airflow/.local/lib/python3.12/site-packages/airflow/example_dags/example_datasets.py
[2026-08-08T17:43:09.403+0000] {logging_mixin.py:190} INFO - [2026-08-08T17:43:09.402+0000] {dag.py:3211} INFO - Sync 10 DAGs
[2026-08-08T17:43:09.440+0000] {logging_mixin.py:190} INFO - [2026-08-08T17:43:09.440+0000] {dag.py:4138} INFO - Setting next_dagrun for conditional_dataset_and_time_based_timetable to 2026-08-05 01:00:00+00:00, run_after=2026-08-05 01:00:00+00:00
[2026-08-08T17:43:09.446+0000] {logging_mixin.py:190} INFO - [2026-08-08T17:43:09.445+0000] {dag.py:4138} INFO - Setting next_dagrun for consume_1_and_2_with_dataset_expressions to None, run_after=None
[2026-08-08T17:43:09.449+0000] {logging_mixin.py:190} INFO - [2026-08-08T17:43:09.448+0000] {dag.py:4138} INFO - Setting next_dagrun for consume_1_or_2_with_dataset_expressions to None, run_after=None
[2026-08-08T17:43:09.451+0000] {logging_mixin.py:190} INFO - [2026-08-08T17:43:09.451+0000] {dag.py:4138} INFO - Setting next_dagrun for consume_1_or_both_2_and_3_with_dataset_expressions to None, run_after=None
[2026-08-08T17:43:09.453+0000] {logging_mixin.py:190} INFO - [2026-08-08T17:43:09.453+0000] {dag.py:4138} INFO - Setting next_dagrun for dataset_consumes_1 to None, run_after=None
[2026-08-08T17:43:09.455+0000] {logging_mixin.py:190} INFO - [2026-08-08T17:43:09.455+0000] {dag.py:4138} INFO - Setting next_dagrun for dataset_consumes_1_and_2 to None, run_after=None
[2026-08-08T17:43:09.457+0000] {logging_mixin.py:190} INFO - [2026-08-08T17:43:09.457+0000] {dag.py:4138} INFO - Setting next_dagrun for dataset_consumes_1_never_scheduled to None, run_after=None
[2026-08-08T17:43:09.459+0000] {logging_mixin.py:190} INFO - [2026-08-08T17:43:09.459+0000] {dag.py:4138} INFO - Setting next_dagrun for dataset_consumes_unknown_never_scheduled to None, run_after=None
[2026-08-08T17:43:09.462+0000] {logging_mixin.py:190} INFO - [2026-08-08T17:43:09.462+0000] {dag.py:4138} INFO - Setting next_dagrun for dataset_produces_1 to 2026-08-07 00:00:00+00:00, run_after=2026-08-08 00:00:00+00:00
[2026-08-08T17:43:09.465+0000] {logging_mixin.py:190} INFO - [2026-08-08T17:43:09.465+0000] {dag.py:4138} INFO - Setting next_dagrun for dataset_produces_2 to None, run_after=None
[2026-08-08T17:43:09.515+0000] {processor.py:208} INFO - Processing /home/airflow/.local/lib/python3.12/site-packages/airflow/example_dags/example_datasets.py took 0.407 seconds
[2026-08-08T17:43:40.044+0000] {processor.py:186} INFO - Started process (PID=213) to work on /home/airflow/.local/lib/python3.12/site-packages/airflow/example_dags/example_datasets.py
[2026-08-08T17:43:40.046+0000] {processor.py:914} INFO - Processing file /home/airflow/.local/lib/python3.12/site-packages/airflow/example_dags/example_datasets.py for tasks to queue
[2026-08-08T17:43:40.050+0000] {logging_mixin.py:190} INFO - [2026-08-08T17:43:40.049+0000] {dagbag.py:587} INFO - Filling up the DagBag from /home/airflow/.local/lib/python3.12/site-packages/airflow/example_dags/example_datasets.py
[2026-08-08T17:43:40.272+0000] {processor.py:925} INFO - DAG(s) 'dataset_consumes_1_and_2', 'dataset_consumes_1', 'consume_1_or_both_2_and_3_with_dataset_expressions', 'dataset_consumes_1_never_scheduled', 'dataset_consumes_unknown_never_scheduled', 'consume_1_or_2_with_dataset_expressions', 'dataset_produces_2', 'consume_1_and_2_with_dataset_expressions', 'dataset_produces_1', 'conditional_dataset_and_time_based_timetable' retrieved from /home/airflow/.local/lib/python3.12/site-packages/airflow/example_dags/example_datasets.py
[2026-08-08T17:43:40.335+0000] {logging_mixin.py:190} INFO - [2026-08-08T17:43:40.334+0000] {dag.py:3211} INFO - Sync 10 DAGs
[2026-08-08T17:43:40.373+0000] {logging_mixin.py:190} INFO - [2026-08-08T17:43:40.373+0000] {dag.py:4138} INFO - Setting next_dagrun for conditional_dataset_and_time_based_timetable to 2026-08-05 01:00:00+00:00, run_after=2026-08-05 01:00:00+00:00
[2026-08-08T17:43:40.379+0000] {logging_mixin.py:190} INFO - [2026-08-08T17:43:40.378+0000] {dag.py:4138} INFO - Setting next_dagrun for consume_1_and_2_with_dataset_expressions to None, run_after=None
[2026-08-08T17:43:40.382+0000] {logging_mixin.py:190} INFO - [2026-08-08T17:43:40.382+0000] {dag.py:4138} INFO - Setting next_dagrun for consume_1_or_2_with_dataset_expressions to None, run_after=None
[2026-08-08T17:43:40.385+0000] {logging_mixin.py:190} INFO - [2026-08-08T17:43:40.385+0000] {dag.py:4138} INFO - Setting next_dagrun for consume_1_or_both_2_and_3_with_dataset_expressions to None, run_after=None
[2026-08-08T17:43:40.388+0000] {logging_mixin.py:190} INFO - [2026-08-08T17:43:40.388+0000] {dag.py:4138} INFO - Setting next_dagrun for dataset_consumes_1 to None, run_after=None
[2026-08-08T17:43:40.390+0000] {logging_mixin.py:190} INFO - [2026-08-08T17:43:40.390+0000] {dag.py:4138} INFO - Setting next_dagrun for dataset_consumes_1_and_2 to None, run_after=None
[2026-08-08T17:43:40.393+0000] {logging_mixin.py:190} INFO - [2026-08-08T17:43:40.393+0000] {dag.py:4138} INFO - Setting next_dagrun for dataset_consumes_1_never_scheduled to None, run_after=None
[2026-08-08T17:43:40.395+0000] {logging_mixin.py:190} INFO - [2026-08-08T17:43:40.395+0000] {dag.py:4138} INFO - Setting next_dagrun for dataset_consumes_unknown_never_scheduled to None, run_after=None
[2026-08-08T17:43:40.399+0000] {logging_mixin.py:190} INFO - [2026-08-08T17:43:40.399+0000] {dag.py:4138} INFO - Setting next_dagrun for dataset_produces_1 to 2026-08-07 00:00:00+00:00, run_after=2026-08-08 00:00:00+00:00
[2026-08-08T17:43:40.402+0000] {logging_mixin.py:190} INFO - [2026-08-08T17:43:40.402+0000] {dag.py:4138} INFO - Setting next_dagrun for dataset_produces_2 to None, run_after=None
[2026-08-08T17:43:40.454+0000] {processor.py:208} INFO - Processing /home/airflow/.local/lib/python3.12/site-packages/airflow/example_dags/example_datasets.py took 0.420 seconds
[2026-08-08T17:44:10.508+0000] {processor.py:186} INFO - Started process (PID=277) to work on /home/airflow/.local/lib/python3.12/site-packages/airflow/example_dags/example_datasets.py
[2026-08-08T17:44:10.509+0000] {processor.py:914} INFO - Processing file /home/airflow/.local/lib/python3.12/site-packages/airflow/example_dags/example_datasets.py for tasks to queue
[2026-08-08T17:44:10.512+0000] {logging_mixin.py:190} INFO - [2026-08-08T17:44:10.512+0000] {dagbag.py:587} INFO - Filling up the DagBag from /home/airflow/.local/lib/python3.12/site-packages/airflow/example_dags/example_datasets.py
[2026-08-08T17:44:10.644+0000] {processor.py:925} INFO - DAG(s) 'consume_1_or_both_2_and_3_with_dataset_expressions', 'dataset_consumes_1_and_2', 'dataset_produces_2', 'dataset_consumes_1', 'dataset_consumes_unknown_never_scheduled', 'conditional_dataset_and_time_based_timetable', 'dataset_produces_1', 'dataset_consumes_1_never_scheduled', 'consume_1_and_2_with_dataset_expressions', 'consume_1_or_2_with_dataset_expressions' retrieved from /home/airflow/.local/lib/python3.12/site-packages/airflow/example_dags/example_datasets.py
[2026-08-08T17:44:10.681+0000] {logging_mixin.py:190} INFO - [2026-08-08T17:44:10.681+0000] {dag.py:3211} INFO - Sync 10 DAGs
[2026-08-08T17:44:10.702+0000] {logging_mixin.py:190} INFO - [2026-08-08T17:44:10.701+0000] {dag.py:4138} INFO - Setting next_dagrun for conditional_dataset_and_time_based_timetable to 2026-08-05 01:00:00+00:00, run_after=2026-08-05 01:00:00+00:00
[2026-08-08T17:44:10.705+0000] {logging_mixin.py:190} INFO - [2026-08-08T17:44:10.705+0000] {dag.py:4138} INFO - Setting next_dagrun for consume_1_and_2_with_dataset_expressions to None, run_after=None
[2026-08-08T17:44:10.707+0000] {logging_mixin.py:190} INFO - [2026-08-08T17:44:10.707+0000] {dag.py:4138} INFO - Setting next_dagrun for consume_1_or_2_with_dataset_expressions to None, run_after=None
[2026-08-08T17:44:10.708+0000] {logging_mixin.py:190} INFO - [2026-08-08T17:44:10.708+0000] {dag.py:4138} INFO - Setting next_dagrun for consume_1_or_both_2_and_3_with_dataset_expressions to None, run_after=None
[2026-08-08T17:44:10.710+0000] {logging_mixin.py:190} INFO - [2026-08-08T17:44:10.710+0000] {dag.py:4138} INFO - Setting next_dagrun for dataset_consumes_1 to None, run_after=None
[2026-08-08T17:44:10.711+0000] {logging_mixin.py:190} INFO - [2026-08-08T17:44:10.711+0000] {dag.py:4138} INFO - Setting next_dagrun for dataset_consumes_1_and_2 to None, run_after=None
[2026-08-08T17:44:10.712+0000] {logging_mixin.py:190} INFO - [2026-08-08T17:44:10.712+0000] {dag.py:4138} INFO - Setting next_dagrun for dataset_consumes_1_never_scheduled to None, run_after=None
[2026-08-08T17:44:10.713+0000] {logging_mixin.py:190} INFO - [2026-08-08T17:44:10.713+0000] {dag.py:4138} INFO - Setting next_dagrun for dataset_consumes_unknown_never_scheduled to None, run_after=None
[2026-08-08T17:44:10.716+0000] {logging_mixin.py:190} INFO - [2026-08-08T17:44:10.715+0000] {dag.py:4138} INFO - Setting next_dagrun for dataset_produces_1 to 2026-08-07 00:00:00+00:00, run_after=2026-08-08 00:00:00+00:00
[2026-08-08T17:44:10.717+0000] {logging_mixin.py:190} INFO - [2026-08-08T17:44:10.717+0000] {dag.py:4138} INFO - Setting next_dagrun for dataset_produces_2 to None, run_after=None
[2026-08-08T17:44:10.744+0000] {processor.py:208} INFO - Processing /home/airflow/.local/lib/python3.12/site-packages/airflow/example_dags/example_datasets.py took 0.242 seconds
[2026-08-08T17:44:40.793+0000] {processor.py:186} INFO - Started process (PID=341) to work on /home/airflow/.local/lib/python3.12/site-packages/airflow/example_dags/example_datasets.py
[2026-08-08T17:44:40.795+0000] {processor.py:914} INFO - Processing file /home/airflow/.local/lib/python3.12/site-packages/airflow/example_dags/example_datasets.py for tasks to queue
[2026-08-08T17:44:40.797+0000] {logging_mixin.py:190} INFO - [2026-08-08T17:44:40.797+0000] {dagbag.py:587} INFO - Filling up the DagBag from /home/airflow/.local/lib/python3.12/site-packages/airflow/example_dags/example_datasets.py
[2026-08-08T17:44:40.916+0000] {processor.py:925} INFO - DAG(s) 'consume_1_and_2_with_dataset_expressions', 'consume_1_or_2_with_dataset_expressions', 'dataset_consumes_1_never_scheduled', 'dataset_produces_1', 'dataset_consumes_unknown_never_scheduled', 'dataset_produces_2', 'dataset_consumes_1_and_2', 'consume_1_or_both_2_and_3_with_dataset_expressions', 'dataset_consumes_1', 'conditional_dataset_and_time_based_timetable' retrieved from /home/airflow/.local/lib/python3.12/site-packages/airflow/example_dags/example_datasets.py
[2026-08-08T17:44:40.946+0000] {logging_mixin.py:190} INFO - [2026-08-08T17:44:40.945+0000] {dag.py:3211} INFO - Sync 10 DAGs
[2026-08-08T17:44:40.964+0000] {logging_mixin.py:190} INFO - [2026-08-08T17:44:40.964+0000] {dag.py:4138} INFO - Setting next_dagrun for conditional_dataset_and_time_based_timetable to 2026-08-05 01:00:00+00:00, run_after=2026-08-05 01:00:00+00:00
[2026-08-08T17:44:40.968+0000] {logging_mixin.py:190} INFO - [2026-08-08T17:44:40.968+0000] {dag.py:4138} INFO - Setting next_dagrun for consume_1_and_2_with_dataset_expressions to None, run_after=None
[2026-08-08T17:44:40.969+0000] {logging_mixin.py:190} INFO - [2026-08-08T17:44:40.969+0000] {dag.py:4138} INFO - Setting next_dagrun for consume_1_or_2_with_dataset_expressions to None, run_after=None
[2026-08-08T17:44:40.970+0000] {logging_mixin.py:190} INFO - [2026-08-08T17:44:40.970+0000] {dag.py:4138} INFO - Setting next_dagrun for consume_1_or_both_2_and_3_with_dataset_expressions to None, run_after=None
[2026-08-08T17:44:40.971+0000] {logging_mixin.py:190} INFO - [2026-08-08T17:44:40.971+0000] {dag.py:4138} INFO - Setting next_dagrun for dataset_consumes_1 to None, run_after=None
[2026-08-08T17:44:40.972+0000] {logging_mixin.py:190} INFO - [2026-08-08T17:44:40.972+0000] {dag.py:4138} INFO - Setting next_dagrun for dataset_consumes_1_and_2 to None, run_after=None
[2026-08-08T17:44:40.974+0000] {logging_mixin.py:190} INFO - [2026-08-08T17:44:40.974+0000] {dag.py:4138} INFO - Setting next_dagrun for dataset_consumes_1_never_scheduled to None, run_after=None
[2026-08-08T17:44:40.975+0000] {logging_mixin.py:190} INFO - [2026-08-08T17:44:40.975+0000] {dag.py:4138} INFO - Setting next_dagrun for dataset_consumes_unknown_never_scheduled to None, run_after=None
[2026-08-08T17:44:40.976+0000] {logging_mixin.py:190} INFO - [2026-08-08T17:44:40.976+0000] {dag.py:4138} INFO - Setting next_dagrun for dataset_produces_1 to 2026-08-07 00:00:00+00:00, run_after=2026-08-08 00:00:00+00:00
[2026-08-08T17:44:40.978+0000] {logging_mixin.py:190} INFO - [2026-08-08T17:44:40.977+0000] {dag.py:4138} INFO - Setting next_dagrun for dataset_produces_2 to None, run_after=None
[2026-08-08T17:44:41.019+0000] {processor.py:208} INFO - Processing /home/airflow/.local/lib/python3.12/site-packages/airflow/example_dags/example_datasets.py took 0.231 seconds
[2026-08-08T17:45:11.071+0000] {processor.py:186} INFO - Started process (PID=403) to work on /home/airflow/.local/lib/python3.12/site-packages/airflow/example_dags/example_datasets.py
[2026-08-08T17:45:11.072+0000] {processor.py:914} INFO - Processing file /home/airflow/.local/lib/python3.12/site-packages/airflow/example_dags/example_datasets.py for tasks to queue
[2026-08-08T17:45:11.075+0000] {logging_mixin.py:190} INFO - [2026-08-08T17:45:11.075+0000] {dagbag.py:587} INFO - Filling up the DagBag from /home/airflow/.local/lib/python3.12/site-packages/airflow/example_dags/example_datasets.py
[2026-08-08T17:45:11.204+0000] {processor.py:925} INFO - DAG(s) 'dataset_consumes_1_never_scheduled', 'dataset_produces_1', 'dataset_consumes_1_and_2', 'consume_1_and_2_with_dataset_expressions', 'conditional_dataset_and_time_based_timetable', 'dataset_consumes_1', 'consume_1_or_both_2_and_3_with_dataset_expressions', 'dataset_produces_2', 'dataset_consumes_unknown_never_scheduled', 'consume_1_or_2_with_dataset_expressions' retrieved from /home/airflow/.local/lib/python3.12/site-packages/airflow/example_dags/example_datasets.py
[2026-08-08T17:45:11.238+0000] {logging_mixin.py:190} INFO - [2026-08-08T17:45:11.238+0000] {dag.py:3211} INFO - Sync 10 DAGs
[2026-08-08T17:45:11.261+0000] {logging_mixin.py:190} INFO - [2026-08-08T17:45:11.261+0000] {dag.py:4138} INFO - Setting next_dagrun for conditional_dataset_and_time_based_timetable to 2026-08-05 01:00:00+00:00, run_after=2026-08-05 01:00:00+00:00
[2026-08-08T17:45:11.264+0000] {logging_mixin.py:190} INFO - [2026-08-08T17:45:11.264+0000] {dag.py:4138} INFO - Setting next_dagrun for consume_1_and_2_with_dataset_expressions to None, run_after=None
[2026-08-08T17:45:11.266+0000] {logging_mixin.py:190} INFO - [2026-08-08T17:45:11.266+0000] {dag.py:4138} INFO - Setting next_dagrun for consume_1_or_2_with_dataset_expressions to None, run_after=None
[2026-08-08T17:45:11.267+0000] {logging_mixin.py:190} INFO - [2026-08-08T17:45:11.267+0000] {dag.py:4138} INFO - Setting next_dagrun for consume_1_or_both_2_and_3_with_dataset_expressions to None, run_after=None
[2026-08-08T17:45:11.268+0000] {logging_mixin.py:190} INFO - [2026-08-08T17:45:11.268+0000] {dag.py:4138} INFO - Setting next_dagrun for dataset_consumes_1 to None, run_after=None
[2026-08-08T17:45:11.270+0000] {logging_mixin.py:190} INFO - [2026-08-08T17:45:11.270+0000] {dag.py:4138} INFO - Setting next_dagrun for dataset_consumes_1_and_2 to None, run_after=None
[2026-08-08T17:45:11.271+0000] {logging_mixin.py:190} INFO - [2026-08-08T17:45:11.271+0000] {dag.py:4138} INFO - Setting next_dagrun for dataset_consumes_1_never_scheduled to None, run_after=None
[2026-08-08T17:45:11.272+0000] {logging_mixin.py:190} INFO - [2026-08-08T17:45:11.272+0000] {dag.py:4138} INFO - Setting next_dagrun for dataset_consumes_unknown_never_scheduled to None, run_after=None
[2026-08-08T17:45:11.274+0000] {logging_mixin.py:190} INFO - [2026-08-08T17:45:11.274+0000] {dag.py:4138} INFO - Setting next_dagrun for dataset_produces_1 to 2026-08-07 00:00:00+00:00, run_after=2026-08-08 00:00:00+00:00
[2026-08-08T17:45:11.275+0000] {logging_mixin.py:190} INFO - [2026-08-08T17:45:11.275+0000] {dag.py:4138} INFO - Setting next_dagrun for dataset_produces_2 to None, run_after=None
[2026-08-08T17:45:11.309+0000] {processor.py:208} INFO - Processing /home/airflow/.local/lib/python3.12/site-packages/airflow/example_dags/example_datasets.py took 0.243 seconds
[2026-08-08T17:45:41.493+0000] {processor.py:186} INFO - Started process (PID=467) to work on /home/airflow/.local/lib/python3.12/site-packages/airflow/example_dags/example_datasets.py
[2026-08-08T17:45:41.495+0000] {processor.py:914} INFO - Processing file /home/airflow/.local/lib/python3.12/site-packages/airflow/example_dags/example_datasets.py for tasks to queue
[2026-08-08T17:45:41.497+0000] {logging_mixin.py:190} INFO - [2026-08-08T17:45:41.497+0000] {dagbag.py:587} INFO - Filling up the DagBag from /home/airflow/.local/lib/python3.12/site-packages/airflow/example_dags/example_datasets.py
[2026-08-08T17:45:41.643+0000] {processor.py:925} INFO - DAG(s) 'dataset_consumes_1', 'consume_1_or_2_with_dataset_expressions', 'conditional_dataset_and_time_based_timetable', 'dataset_produces_1', 'dataset_produces_2', 'dataset_consumes_1_never_scheduled', 'dataset_consumes_1_and_2', 'consume_1_or_both_2_and_3_with_dataset_expressions', 'consume_1_and_2_with_dataset_expressions', 'dataset_consumes_unknown_never_scheduled' retrieved from /home/airflow/.local/lib/python3.12/site-packages/airflow/example_dags/example_datasets.py
[2026-08-08T17:45:41.682+0000] {logging_mixin.py:190} INFO - [2026-08-08T17:45:41.682+0000] {dag.py:3211} INFO - Sync 10 DAGs
[2026-08-08T17:45:41.703+0000] {logging_mixin.py:190} INFO - [2026-08-08T17:45:41.703+0000] {dag.py:4138} INFO - Setting next_dagrun for conditional_dataset_and_time_based_timetable to 2026-08-05 01:00:00+00:00, run_after=2026-08-05 01:00:00+00:00
[2026-08-08T17:45:41.706+0000] {logging_mixin.py:190} INFO - [2026-08-08T17:45:41.706+0000] {dag.py:4138} INFO - Setting next_dagrun for consume_1_and_2_with_dataset_expressions to None, run_after=None
[2026-08-08T17:45:41.708+0000] {logging_mixin.py:190} INFO - [2026-08-08T17:45:41.708+0000] {dag.py:4138} INFO - Setting next_dagrun for consume_1_or_2_with_dataset_expressions to None, run_after=None
[2026-08-08T17:45:41.709+0000] {logging_mixin.py:190} INFO - [2026-08-08T17:45:41.709+0000] {dag.py:4138} INFO - Setting next_dagrun for consume_1_or_both_2_and_3_with_dataset_expressions to None, run_after=None
[2026-08-08T17:45:41.710+0000] {logging_mixin.py:190} INFO - [2026-08-08T17:45:41.710+0000] {dag.py:4138} INFO - Setting next_dagrun for dataset_consumes_1 to None, run_after=None
[2026-08-08T17:45:41.711+0000] {logging_mixin.py:190} INFO - [2026-08-08T17:45:41.711+0000] {dag.py:4138} INFO - Setting next_dagrun for dataset_consumes_1_and_2 to None, run_after=None
[2026-08-08T17:45:41.713+0000] {logging_mixin.py:190} INFO - [2026-08-08T17:45:41.713+0000] {dag.py:4138} INFO - Setting next_dagrun for dataset_consumes_1_never_scheduled to None, run_after=None
[2026-08-08T17:45:41.714+0000] {logging_mixin.py:190} INFO - [2026-08-08T17:45:41.714+0000] {dag.py:4138} INFO - Setting next_dagrun for dataset_consumes_unknown_never_scheduled to None, run_after=None
[2026-08-08T17:45:41.716+0000] {logging_mixin.py:190} INFO - [2026-08-08T17:45:41.716+0000] {dag.py:4138} INFO - Setting next_dagrun for dataset_produces_1 to 2026-08-07 00:00:00+00:00, run_after=2026-08-08 00:00:00+00:00
[2026-08-08T17:45:41.717+0000] {logging_mixin.py:190} INFO - [2026-08-08T17:45:41.717+0000] {dag.py:4138} INFO - Setting next_dagrun for dataset_produces_2 to None, run_after=None
[2026-08-08T17:45:41.747+0000] {processor.py:208} INFO - Processing /home/airflow/.local/lib/python3.12/site-packages/airflow/example_dags/example_datasets.py took 0.262 seconds
[2026-08-08T17:47:12.147+0000] {processor.py:186} INFO - Started process (PID=82) to work on /home/airflow/.local/lib/python3.12/site-packages/airflow/example_dags/example_datasets.py
[2026-08-08T17:47:12.149+0000] {processor.py:914} INFO - Processing file /home/airflow/.local/lib/python3.12/site-packages/airflow/example_dags/example_datasets.py for tasks to queue
[2026-08-08T17:47:12.154+0000] {logging_mixin.py:190} INFO - [2026-08-08T17:47:12.153+0000] {dagbag.py:587} INFO - Filling up the DagBag from /home/airflow/.local/lib/python3.12/site-packages/airflow/example_dags/example_datasets.py
[2026-08-08T17:47:12.352+0000] {processor.py:925} INFO - DAG(s) 'dataset_consumes_1', 'consume_1_or_2_with_dataset_expressions', 'dataset_consumes_unknown_never_scheduled', 'dataset_produces_2', 'consume_1_or_both_2_and_3_with_dataset_expressions', 'dataset_consumes_1_never_scheduled', 'consume_1_and_2_with_dataset_expressions', 'dataset_consumes_1_and_2', 'conditional_dataset_and_time_based_timetable', 'dataset_produces_1' retrieved from /home/airflow/.local/lib/python3.12/site-packages/airflow/example_dags/example_datasets.py
[2026-08-08T17:47:12.404+0000] {logging_mixin.py:190} INFO - [2026-08-08T17:47:12.403+0000] {dag.py:3211} INFO - Sync 10 DAGs
[2026-08-08T17:47:12.432+0000] {logging_mixin.py:190} INFO - [2026-08-08T17:47:12.431+0000] {dag.py:4138} INFO - Setting next_dagrun for conditional_dataset_and_time_based_timetable to 2026-08-05 01:00:00+00:00, run_after=2026-08-05 01:00:00+00:00
[2026-08-08T17:47:12.437+0000] {logging_mixin.py:190} INFO - [2026-08-08T17:47:12.437+0000] {dag.py:4138} INFO - Setting next_dagrun for consume_1_and_2_with_dataset_expressions to None, run_after=None
[2026-08-08T17:47:12.440+0000] {logging_mixin.py:190} INFO - [2026-08-08T17:47:12.439+0000] {dag.py:4138} INFO - Setting next_dagrun for consume_1_or_2_with_dataset_expressions to None, run_after=None
[2026-08-08T17:47:12.442+0000] {logging_mixin.py:190} INFO - [2026-08-08T17:47:12.441+0000] {dag.py:4138} INFO - Setting next_dagrun for consume_1_or_both_2_and_3_with_dataset_expressions to None, run_after=None
[2026-08-08T17:47:12.444+0000] {logging_mixin.py:190} INFO - [2026-08-08T17:47:12.444+0000] {dag.py:4138} INFO - Setting next_dagrun for dataset_consumes_1 to None, run_after=None
[2026-08-08T17:47:12.446+0000] {logging_mixin.py:190} INFO - [2026-08-08T17:47:12.446+0000] {dag.py:4138} INFO - Setting next_dagrun for dataset_consumes_1_and_2 to None, run_after=None
[2026-08-08T17:47:12.449+0000] {logging_mixin.py:190} INFO - [2026-08-08T17:47:12.448+0000] {dag.py:4138} INFO - Setting next_dagrun for dataset_consumes_1_never_scheduled to None, run_after=None
[2026-08-08T17:47:12.451+0000] {logging_mixin.py:190} INFO - [2026-08-08T17:47:12.450+0000] {dag.py:4138} INFO - Setting next_dagrun for dataset_consumes_unknown_never_scheduled to None, run_after=None
[2026-08-08T17:47:12.453+0000] {logging_mixin.py:190} INFO - [2026-08-08T17:47:12.453+0000] {dag.py:4138} INFO - Setting next_dagrun for dataset_produces_1 to 2026-08-07 00:00:00+00:00, run_after=2026-08-08 00:00:00+00:00
[2026-08-08T17:47:12.455+0000] {logging_mixin.py:190} INFO - [2026-08-08T17:47:12.455+0000] {dag.py:4138} INFO - Setting next_dagrun for dataset_produces_2 to None, run_after=None
[2026-08-08T17:47:12.495+0000] {processor.py:208} INFO - Processing /home/airflow/.local/lib/python3.12/site-packages/airflow/example_dags/example_datasets.py took 0.358 seconds
[2026-08-08T17:47:43.369+0000] {processor.py:186} INFO - Started process (PID=151) to work on /home/airflow/.local/lib/python3.12/site-packages/airflow/example_dags/example_datasets.py
[2026-08-08T17:47:43.371+0000] {processor.py:914} INFO - Processing file /home/airflow/.local/lib/python3.12/site-packages/airflow/example_dags/example_datasets.py for tasks to queue
[2026-08-08T17:47:43.377+0000] {logging_mixin.py:190} INFO - [2026-08-08T17:47:43.376+0000] {dagbag.py:587} INFO - Filling up the DagBag from /home/airflow/.local/lib/python3.12/site-packages/airflow/example_dags/example_datasets.py
[2026-08-08T17:47:43.585+0000] {processor.py:925} INFO - DAG(s) 'consume_1_or_both_2_and_3_with_dataset_expressions', 'dataset_consumes_1_and_2', 'consume_1_and_2_with_dataset_expressions', 'dataset_consumes_1', 'dataset_produces_1', 'conditional_dataset_and_time_based_timetable', 'dataset_consumes_1_never_scheduled', 'consume_1_or_2_with_dataset_expressions', 'dataset_produces_2', 'dataset_consumes_unknown_never_scheduled' retrieved from /home/airflow/.local/lib/python3.12/site-packages/airflow/example_dags/example_datasets.py
[2026-08-08T17:47:43.640+0000] {logging_mixin.py:190} INFO - [2026-08-08T17:47:43.640+0000] {dag.py:3211} INFO - Sync 10 DAGs
[2026-08-08T17:47:43.667+0000] {logging_mixin.py:190} INFO - [2026-08-08T17:47:43.666+0000] {dag.py:4138} INFO - Setting next_dagrun for conditional_dataset_and_time_based_timetable to 2026-08-05 01:00:00+00:00, run_after=2026-08-05 01:00:00+00:00
[2026-08-08T17:47:43.672+0000] {logging_mixin.py:190} INFO - [2026-08-08T17:47:43.671+0000] {dag.py:4138} INFO - Setting next_dagrun for consume_1_and_2_with_dataset_expressions to None, run_after=None
[2026-08-08T17:47:43.674+0000] {logging_mixin.py:190} INFO - [2026-08-08T17:47:43.674+0000] {dag.py:4138} INFO - Setting next_dagrun for consume_1_or_2_with_dataset_expressions to None, run_after=None
[2026-08-08T17:47:43.676+0000] {logging_mixin.py:190} INFO - [2026-08-08T17:47:43.675+0000] {dag.py:4138} INFO - Setting next_dagrun for consume_1_or_both_2_and_3_with_dataset_expressions to None, run_after=None
[2026-08-08T17:47:43.679+0000] {logging_mixin.py:190} INFO - [2026-08-08T17:47:43.678+0000] {dag.py:4138} INFO - Setting next_dagrun for dataset_consumes_1 to None, run_after=None
[2026-08-08T17:47:43.681+0000] {logging_mixin.py:190} INFO - [2026-08-08T17:47:43.680+0000] {dag.py:4138} INFO - Setting next_dagrun for dataset_consumes_1_and_2 to None, run_after=None
[2026-08-08T17:47:43.682+0000] {logging_mixin.py:190} INFO - [2026-08-08T17:47:43.682+0000] {dag.py:4138} INFO - Setting next_dagrun for dataset_consumes_1_never_scheduled to None, run_after=None
[2026-08-08T17:47:43.684+0000] {logging_mixin.py:190} INFO - [2026-08-08T17:47:43.684+0000] {dag.py:4138} INFO - Setting next_dagrun for dataset_consumes_unknown_never_scheduled to None, run_after=None
[2026-08-08T17:47:43.687+0000] {logging_mixin.py:190} INFO - [2026-08-08T17:47:43.687+0000] {dag.py:4138} INFO - Setting next_dagrun for dataset_produces_1 to 2026-08-07 00:00:00+00:00, run_after=2026-08-08 00:00:00+00:00
[2026-08-08T17:47:43.689+0000] {logging_mixin.py:190} INFO - [2026-08-08T17:47:43.689+0000] {dag.py:4138} INFO - Setting next_dagrun for dataset_produces_2 to None, run_after=None
[2026-08-08T17:47:43.726+0000] {processor.py:208} INFO - Processing /home/airflow/.local/lib/python3.12/site-packages/airflow/example_dags/example_datasets.py took 0.367 seconds
[2026-08-08T17:48:13.776+0000] {processor.py:186} INFO - Started process (PID=221) to work on /home/airflow/.local/lib/python3.12/site-packages/airflow/example_dags/example_datasets.py
[2026-08-08T17:48:13.777+0000] {processor.py:914} INFO - Processing file /home/airflow/.local/lib/python3.12/site-packages/airflow/example_dags/example_datasets.py for tasks to queue
[2026-08-08T17:48:13.779+0000] {logging_mixin.py:190} INFO - [2026-08-08T17:48:13.779+0000] {dagbag.py:587} INFO - Filling up the DagBag from /home/airflow/.local/lib/python3.12/site-packages/airflow/example_dags/example_datasets.py
[2026-08-08T17:48:13.920+0000] {processor.py:925} INFO - DAG(s) 'dataset_consumes_1', 'consume_1_and_2_with_dataset_expressions', 'consume_1_or_both_2_and_3_with_dataset_expressions', 'dataset_consumes_1_never_scheduled', 'dataset_produces_2', 'conditional_dataset_and_time_based_timetable', 'consume_1_or_2_with_dataset_expressions', 'dataset_consumes_unknown_never_scheduled', 'dataset_consumes_1_and_2', 'dataset_produces_1' retrieved from /home/airflow/.local/lib/python3.12/site-packages/airflow/example_dags/example_datasets.py
[2026-08-08T17:48:13.979+0000] {logging_mixin.py:190} INFO - [2026-08-08T17:48:13.979+0000] {dag.py:3211} INFO - Sync 10 DAGs
[2026-08-08T17:48:14.008+0000] {logging_mixin.py:190} INFO - [2026-08-08T17:48:14.007+0000] {dag.py:4138} INFO - Setting next_dagrun for conditional_dataset_and_time_based_timetable to 2026-08-05 01:00:00+00:00, run_after=2026-08-05 01:00:00+00:00
[2026-08-08T17:48:14.013+0000] {logging_mixin.py:190} INFO - [2026-08-08T17:48:14.013+0000] {dag.py:4138} INFO - Setting next_dagrun for consume_1_and_2_with_dataset_expressions to None, run_after=None
[2026-08-08T17:48:14.016+0000] {logging_mixin.py:190} INFO - [2026-08-08T17:48:14.016+0000] {dag.py:4138} INFO - Setting next_dagrun for consume_1_or_2_with_dataset_expressions to None, run_after=None
[2026-08-08T17:48:14.018+0000] {logging_mixin.py:190} INFO - [2026-08-08T17:48:14.018+0000] {dag.py:4138} INFO - Setting next_dagrun for consume_1_or_both_2_and_3_with_dataset_expressions to None, run_after=None
[2026-08-08T17:48:14.020+0000] {logging_mixin.py:190} INFO - [2026-08-08T17:48:14.020+0000] {dag.py:4138} INFO - Setting next_dagrun for dataset_consumes_1 to None, run_after=None
[2026-08-08T17:48:14.022+0000] {logging_mixin.py:190} INFO - [2026-08-08T17:48:14.022+0000] {dag.py:4138} INFO - Setting next_dagrun for dataset_consumes_1_and_2 to None, run_after=None
[2026-08-08T17:48:14.025+0000] {logging_mixin.py:190} INFO - [2026-08-08T17:48:14.024+0000] {dag.py:4138} INFO - Setting next_dagrun for dataset_consumes_1_never_scheduled to None, run_after=None
[2026-08-08T17:48:14.027+0000] {logging_mixin.py:190} INFO - [2026-08-08T17:48:14.027+0000] {dag.py:4138} INFO - Setting next_dagrun for dataset_consumes_unknown_never_scheduled to None, run_after=None
[2026-08-08T17:48:14.032+0000] {logging_mixin.py:190} INFO - [2026-08-08T17:48:14.031+0000] {dag.py:4138} INFO - Setting next_dagrun for dataset_produces_1 to 2026-08-07 00:00:00+00:00, run_after=2026-08-08 00:00:00+00:00
[2026-08-08T17:48:14.034+0000] {logging_mixin.py:190} INFO - [2026-08-08T17:48:14.034+0000] {dag.py:4138} INFO - Setting next_dagrun for dataset_produces_2 to None, run_after=None
[2026-08-08T17:48:14.090+0000] {processor.py:208} INFO - Processing /home/airflow/.local/lib/python3.12/site-packages/airflow/example_dags/example_datasets.py took 0.319 seconds
[2026-08-08T17:48:44.501+0000] {processor.py:186} INFO - Started process (PID=283) to work on /home/airflow/.local/lib/python3.12/site-packages/airflow/example_dags/example_datasets.py
[2026-08-08T17:48:44.503+0000] {processor.py:914} INFO - Processing file /home/airflow/.local/lib/python3.12/site-packages/airflow/example_dags/example_datasets.py for tasks to queue
[2026-08-08T17:48:44.505+0000] {logging_mixin.py:190} INFO - [2026-08-08T17:48:44.505+0000] {dagbag.py:587} INFO - Filling up the DagBag from /home/airflow/.local/lib/python3.12/site-packages/airflow/example_dags/example_datasets.py
[2026-08-08T17:48:44.652+0000] {processor.py:925} INFO - DAG(s) 'dataset_produces_2', 'dataset_consumes_1_never_scheduled', 'conditional_dataset_and_time_based_timetable', 'dataset_produces_1', 'consume_1_or_2_with_dataset_expressions', 'consume_1_or_both_2_and_3_with_dataset_expressions', 'dataset_consumes_unknown_never_scheduled', 'dataset_consumes_1', 'dataset_consumes_1_and_2', 'consume_1_and_2_with_dataset_expressions' retrieved from /home/airflow/.local/lib/python3.12/site-packages/airflow/example_dags/example_datasets.py
[2026-08-08T17:48:44.692+0000] {logging_mixin.py:190} INFO - [2026-08-08T17:48:44.692+0000] {dag.py:3211} INFO - Sync 10 DAGs
[2026-08-08T17:48:44.714+0000] {logging_mixin.py:190} INFO - [2026-08-08T17:48:44.714+0000] {dag.py:4138} INFO - Setting next_dagrun for conditional_dataset_and_time_based_timetable to 2026-08-05 01:00:00+00:00, run_after=2026-08-05 01:00:00+00:00
[2026-08-08T17:48:44.717+0000] {logging_mixin.py:190} INFO - [2026-08-08T17:48:44.717+0000] {dag.py:4138} INFO - Setting next_dagrun for consume_1_and_2_with_dataset_expressions to None, run_after=None
[2026-08-08T17:48:44.719+0000] {logging_mixin.py:190} INFO - [2026-08-08T17:48:44.719+0000] {dag.py:4138} INFO - Setting next_dagrun for consume_1_or_2_with_dataset_expressions to None, run_after=None
[2026-08-08T17:48:44.720+0000] {logging_mixin.py:190} INFO - [2026-08-08T17:48:44.720+0000] {dag.py:4138} INFO - Setting next_dagrun for consume_1_or_both_2_and_3_with_dataset_expressions to None, run_after=None
[2026-08-08T17:48:44.722+0000] {logging_mixin.py:190} INFO - [2026-08-08T17:48:44.721+0000] {dag.py:4138} INFO - Setting next_dagrun for dataset_consumes_1 to None, run_after=None
[2026-08-08T17:48:44.723+0000] {logging_mixin.py:190} INFO - [2026-08-08T17:48:44.723+0000] {dag.py:4138} INFO - Setting next_dagrun for dataset_consumes_1_and_2 to None, run_after=None
[2026-08-08T17:48:44.725+0000] {logging_mixin.py:190} INFO - [2026-08-08T17:48:44.724+0000] {dag.py:4138} INFO - Setting next_dagrun for dataset_consumes_1_never_scheduled to None, run_after=None
[2026-08-08T17:48:44.726+0000] {logging_mixin.py:190} INFO - [2026-08-08T17:48:44.726+0000] {dag.py:4138} INFO - Setting next_dagrun for dataset_consumes_unknown_never_scheduled to None, run_after=None
[2026-08-08T17:48:44.728+0000] {logging_mixin.py:190} INFO - [2026-08-08T17:48:44.728+0000] {dag.py:4138} INFO - Setting next_dagrun for dataset_produces_1 to 2026-08-07 00:00:00+00:00, run_after=2026-08-08 00:00:00+00:00
[2026-08-08T17:48:44.729+0000] {logging_mixin.py:190} INFO - [2026-08-08T17:48:44.729+0000] {dag.py:4138} INFO - Setting next_dagrun for dataset_produces_2 to None, run_after=None
[2026-08-08T17:48:44.762+0000] {processor.py:208} INFO - Processing /home/airflow/.local/lib/python3.12/site-packages/airflow/example_dags/example_datasets.py took 0.267 seconds
[2026-08-08T17:52:35.871+0000] {processor.py:186} INFO - Started process (PID=87) to work on /home/airflow/.local/lib/python3.12/site-packages/airflow/example_dags/example_datasets.py
[2026-08-08T17:52:35.873+0000] {processor.py:914} INFO - Processing file /home/airflow/.local/lib/python3.12/site-packages/airflow/example_dags/example_datasets.py for tasks to queue
[2026-08-08T17:52:35.876+0000] {logging_mixin.py:190} INFO - [2026-08-08T17:52:35.876+0000] {dagbag.py:587} INFO - Filling up the DagBag from /home/airflow/.local/lib/python3.12/site-packages/airflow/example_dags/example_datasets.py
[2026-08-08T17:52:36.094+0000] {processor.py:925} INFO - DAG(s) 'dataset_consumes_1_never_scheduled', 'dataset_produces_2', 'dataset_consumes_1_and_2', 'conditional_dataset_and_time_based_timetable', 'consume_1_or_2_with_dataset_expressions', 'dataset_consumes_unknown_never_scheduled', 'consume_1_and_2_with_dataset_expressions', 'consume_1_or_both_2_and_3_with_dataset_expressions', 'dataset_consumes_1', 'dataset_produces_1' retrieved from /home/airflow/.local/lib/python3.12/site-packages/airflow/example_dags/example_datasets.py
[2026-08-08T17:52:36.152+0000] {logging_mixin.py:190} INFO - [2026-08-08T17:52:36.151+0000] {dag.py:3211} INFO - Sync 10 DAGs
[2026-08-08T17:52:36.188+0000] {logging_mixin.py:190} INFO - [2026-08-08T17:52:36.188+0000] {dag.py:4138} INFO - Setting next_dagrun for conditional_dataset_and_time_based_timetable to 2026-08-05 01:00:00+00:00, run_after=2026-08-05 01:00:00+00:00
[2026-08-08T17:52:36.195+0000] {logging_mixin.py:190} INFO - [2026-08-08T17:52:36.194+0000] {dag.py:4138} INFO - Setting next_dagrun for consume_1_and_2_with_dataset_expressions to None, run_after=None
[2026-08-08T17:52:36.197+0000] {logging_mixin.py:190} INFO - [2026-08-08T17:52:36.196+0000] {dag.py:4138} INFO - Setting next_dagrun for consume_1_or_2_with_dataset_expressions to None, run_after=None
[2026-08-08T17:52:36.199+0000] {logging_mixin.py:190} INFO - [2026-08-08T17:52:36.198+0000] {dag.py:4138} INFO - Setting next_dagrun for consume_1_or_both_2_and_3_with_dataset_expressions to None, run_after=None
[2026-08-08T17:52:36.200+0000] {logging_mixin.py:190} INFO - [2026-08-08T17:52:36.200+0000] {dag.py:4138} INFO - Setting next_dagrun for dataset_consumes_1 to None, run_after=None
[2026-08-08T17:52:36.202+0000] {logging_mixin.py:190} INFO - [2026-08-08T17:52:36.202+0000] {dag.py:4138} INFO - Setting next_dagrun for dataset_consumes_1_and_2 to None, run_after=None
[2026-08-08T17:52:36.204+0000] {logging_mixin.py:190} INFO - [2026-08-08T17:52:36.204+0000] {dag.py:4138} INFO - Setting next_dagrun for dataset_consumes_1_never_scheduled to None, run_after=None
[2026-08-08T17:52:36.206+0000] {logging_mixin.py:190} INFO - [2026-08-08T17:52:36.206+0000] {dag.py:4138} INFO - Setting next_dagrun for dataset_consumes_unknown_never_scheduled to None, run_after=None
[2026-08-08T17:52:36.209+0000] {logging_mixin.py:190} INFO - [2026-08-08T17:52:36.209+0000] {dag.py:4138} INFO - Setting next_dagrun for dataset_produces_1 to 2026-08-07 00:00:00+00:00, run_after=2026-08-08 00:00:00+00:00
[2026-08-08T17:52:36.211+0000] {logging_mixin.py:190} INFO - [2026-08-08T17:52:36.210+0000] {dag.py:4138} INFO - Setting next_dagrun for dataset_produces_2 to None, run_after=None
[2026-08-08T17:52:36.370+0000] {processor.py:208} INFO - Processing /home/airflow/.local/lib/python3.12/site-packages/airflow/example_dags/example_datasets.py took 0.508 seconds
[2026-08-08T17:53:06.426+0000] {processor.py:186} INFO - Started process (PID=150) to work on /home/airflow/.local/lib/python3.12/site-packages/airflow/example_dags/example_datasets.py
[2026-08-08T17:53:06.428+0000] {processor.py:914} INFO - Processing file /home/airflow/.local/lib/python3.12/site-packages/airflow/example_dags/example_datasets.py for tasks to queue
[2026-08-08T17:53:06.431+0000] {logging_mixin.py:190} INFO - [2026-08-08T17:53:06.431+0000] {dagbag.py:587} INFO - Filling up the DagBag from /home/airflow/.local/lib/python3.12/site-packages/airflow/example_dags/example_datasets.py
[2026-08-08T17:53:06.610+0000] {processor.py:925} INFO - DAG(s) 'dataset_consumes_1', 'dataset_produces_2', 'consume_1_and_2_with_dataset_expressions', 'consume_1_or_both_2_and_3_with_dataset_expressions', 'dataset_consumes_1_never_scheduled', 'consume_1_or_2_with_dataset_expressions', 'dataset_consumes_1_and_2', 'dataset_consumes_unknown_never_scheduled', 'conditional_dataset_and_time_based_timetable', 'dataset_produces_1' retrieved from /home/airflow/.local/lib/python3.12/site-packages/airflow/example_dags/example_datasets.py
[2026-08-08T17:53:06.660+0000] {logging_mixin.py:190} INFO - [2026-08-08T17:53:06.660+0000] {dag.py:3211} INFO - Sync 10 DAGs
[2026-08-08T17:53:06.688+0000] {logging_mixin.py:190} INFO - [2026-08-08T17:53:06.687+0000] {dag.py:4138} INFO - Setting next_dagrun for conditional_dataset_and_time_based_timetable to 2026-08-05 01:00:00+00:00, run_after=2026-08-05 01:00:00+00:00
[2026-08-08T17:53:06.692+0000] {logging_mixin.py:190} INFO - [2026-08-08T17:53:06.692+0000] {dag.py:4138} INFO - Setting next_dagrun for consume_1_and_2_with_dataset_expressions to None, run_after=None
[2026-08-08T17:53:06.694+0000] {logging_mixin.py:190} INFO - [2026-08-08T17:53:06.694+0000] {dag.py:4138} INFO - Setting next_dagrun for consume_1_or_2_with_dataset_expressions to None, run_after=None
[2026-08-08T17:53:06.695+0000] {logging_mixin.py:190} INFO - [2026-08-08T17:53:06.695+0000] {dag.py:4138} INFO - Setting next_dagrun for consume_1_or_both_2_and_3_with_dataset_expressions to None, run_after=None
[2026-08-08T17:53:06.697+0000] {logging_mixin.py:190} INFO - [2026-08-08T17:53:06.697+0000] {dag.py:4138} INFO - Setting next_dagrun for dataset_consumes_1 to None, run_after=None
[2026-08-08T17:53:06.698+0000] {logging_mixin.py:190} INFO - [2026-08-08T17:53:06.698+0000] {dag.py:4138} INFO - Setting next_dagrun for dataset_consumes_1_and_2 to None, run_after=None
[2026-08-08T17:53:06.700+0000] {logging_mixin.py:190} INFO - [2026-08-08T17:53:06.699+0000] {dag.py:4138} INFO - Setting next_dagrun for dataset_consumes_1_never_scheduled to None, run_after=None
[2026-08-08T17:53:06.701+0000] {logging_mixin.py:190} INFO - [2026-08-08T17:53:06.701+0000] {dag.py:4138} INFO - Setting next_dagrun for dataset_consumes_unknown_never_scheduled to None, run_after=None
[2026-08-08T17:53:06.704+0000] {logging_mixin.py:190} INFO - [2026-08-08T17:53:06.704+0000] {dag.py:4138} INFO - Setting next_dagrun for dataset_produces_1 to 2026-08-07 00:00:00+00:00, run_after=2026-08-08 00:00:00+00:00
[2026-08-08T17:53:06.705+0000] {logging_mixin.py:190} INFO - [2026-08-08T17:53:06.705+0000] {dag.py:4138} INFO - Setting next_dagrun for dataset_produces_2 to None, run_after=None
[2026-08-08T17:53:06.747+0000] {processor.py:208} INFO - Processing /home/airflow/.local/lib/python3.12/site-packages/airflow/example_dags/example_datasets.py took 0.328 seconds
[2026-08-08T17:53:37.107+0000] {processor.py:186} INFO - Started process (PID=213) to work on /home/airflow/.local/lib/python3.12/site-packages/airflow/example_dags/example_datasets.py
[2026-08-08T17:53:37.108+0000] {processor.py:914} INFO - Processing file /home/airflow/.local/lib/python3.12/site-packages/airflow/example_dags/example_datasets.py for tasks to queue
[2026-08-08T17:53:37.112+0000] {logging_mixin.py:190} INFO - [2026-08-08T17:53:37.111+0000] {dagbag.py:587} INFO - Filling up the DagBag from /home/airflow/.local/lib/python3.12/site-packages/airflow/example_dags/example_datasets.py
[2026-08-08T17:53:37.334+0000] {processor.py:925} INFO - DAG(s) 'dataset_consumes_1', 'conditional_dataset_and_time_based_timetable', 'dataset_consumes_unknown_never_scheduled', 'consume_1_or_2_with_dataset_expressions', 'dataset_produces_1', 'dataset_consumes_1_and_2', 'consume_1_or_both_2_and_3_with_dataset_expressions', 'dataset_produces_2', 'consume_1_and_2_with_dataset_expressions', 'dataset_consumes_1_never_scheduled' retrieved from /home/airflow/.local/lib/python3.12/site-packages/airflow/example_dags/example_datasets.py
[2026-08-08T17:53:37.414+0000] {logging_mixin.py:190} INFO - [2026-08-08T17:53:37.414+0000] {dag.py:3211} INFO - Sync 10 DAGs
[2026-08-08T17:53:37.460+0000] {logging_mixin.py:190} INFO - [2026-08-08T17:53:37.460+0000] {dag.py:4138} INFO - Setting next_dagrun for conditional_dataset_and_time_based_timetable to 2026-08-05 01:00:00+00:00, run_after=2026-08-05 01:00:00+00:00
[2026-08-08T17:53:37.467+0000] {logging_mixin.py:190} INFO - [2026-08-08T17:53:37.467+0000] {dag.py:4138} INFO - Setting next_dagrun for consume_1_and_2_with_dataset_expressions to None, run_after=None
[2026-08-08T17:53:37.471+0000] {logging_mixin.py:190} INFO - [2026-08-08T17:53:37.470+0000] {dag.py:4138} INFO - Setting next_dagrun for consume_1_or_2_with_dataset_expressions to None, run_after=None
[2026-08-08T17:53:37.475+0000] {logging_mixin.py:190} INFO - [2026-08-08T17:53:37.475+0000] {dag.py:4138} INFO - Setting next_dagrun for consume_1_or_both_2_and_3_with_dataset_expressions to None, run_after=None
[2026-08-08T17:53:37.479+0000] {logging_mixin.py:190} INFO - [2026-08-08T17:53:37.479+0000] {dag.py:4138} INFO - Setting next_dagrun for dataset_consumes_1 to None, run_after=None
[2026-08-08T17:53:37.482+0000] {logging_mixin.py:190} INFO - [2026-08-08T17:53:37.482+0000] {dag.py:4138} INFO - Setting next_dagrun for dataset_consumes_1_and_2 to None, run_after=None
[2026-08-08T17:53:37.484+0000] {logging_mixin.py:190} INFO - [2026-08-08T17:53:37.484+0000] {dag.py:4138} INFO - Setting next_dagrun for dataset_consumes_1_never_scheduled to None, run_after=None
[2026-08-08T17:53:37.486+0000] {logging_mixin.py:190} INFO - [2026-08-08T17:53:37.486+0000] {dag.py:4138} INFO - Setting next_dagrun for dataset_consumes_unknown_never_scheduled to None, run_after=None
[2026-08-08T17:53:37.491+0000] {logging_mixin.py:190} INFO - [2026-08-08T17:53:37.491+0000] {dag.py:4138} INFO - Setting next_dagrun for dataset_produces_1 to 2026-08-07 00:00:00+00:00, run_after=2026-08-08 00:00:00+00:00
[2026-08-08T17:53:37.495+0000] {logging_mixin.py:190} INFO - [2026-08-08T17:53:37.495+0000] {dag.py:4138} INFO - Setting next_dagrun for dataset_produces_2 to None, run_after=None
[2026-08-08T17:53:37.565+0000] {processor.py:208} INFO - Processing /home/airflow/.local/lib/python3.12/site-packages/airflow/example_dags/example_datasets.py took 0.466 seconds
[2026-08-08T17:54:07.870+0000] {processor.py:186} INFO - Started process (PID=276) to work on /home/airflow/.local/lib/python3.12/site-packages/airflow/example_dags/example_datasets.py
[2026-08-08T17:54:07.875+0000] {processor.py:914} INFO - Processing file /home/airflow/.local/lib/python3.12/site-packages/airflow/example_dags/example_datasets.py for tasks to queue
[2026-08-08T17:54:07.883+0000] {logging_mixin.py:190} INFO - [2026-08-08T17:54:07.882+0000] {dagbag.py:587} INFO - Filling up the DagBag from /home/airflow/.local/lib/python3.12/site-packages/airflow/example_dags/example_datasets.py
[2026-08-08T17:54:08.127+0000] {processor.py:925} INFO - DAG(s) 'dataset_produces_1', 'dataset_consumes_1_never_scheduled', 'consume_1_or_both_2_and_3_with_dataset_expressions', 'consume_1_and_2_with_dataset_expressions', 'dataset_consumes_1_and_2', 'consume_1_or_2_with_dataset_expressions', 'dataset_consumes_1', 'conditional_dataset_and_time_based_timetable', 'dataset_produces_2', 'dataset_consumes_unknown_never_scheduled' retrieved from /home/airflow/.local/lib/python3.12/site-packages/airflow/example_dags/example_datasets.py
[2026-08-08T17:54:08.192+0000] {logging_mixin.py:190} INFO - [2026-08-08T17:54:08.192+0000] {dag.py:3211} INFO - Sync 10 DAGs
[2026-08-08T17:54:08.231+0000] {logging_mixin.py:190} INFO - [2026-08-08T17:54:08.231+0000] {dag.py:4138} INFO - Setting next_dagrun for conditional_dataset_and_time_based_timetable to 2026-08-05 01:00:00+00:00, run_after=2026-08-05 01:00:00+00:00
[2026-08-08T17:54:08.238+0000] {logging_mixin.py:190} INFO - [2026-08-08T17:54:08.238+0000] {dag.py:4138} INFO - Setting next_dagrun for consume_1_and_2_with_dataset_expressions to None, run_after=None
[2026-08-08T17:54:08.241+0000] {logging_mixin.py:190} INFO - [2026-08-08T17:54:08.240+0000] {dag.py:4138} INFO - Setting next_dagrun for consume_1_or_2_with_dataset_expressions to None, run_after=None
[2026-08-08T17:54:08.243+0000] {logging_mixin.py:190} INFO - [2026-08-08T17:54:08.243+0000] {dag.py:4138} INFO - Setting next_dagrun for consume_1_or_both_2_and_3_with_dataset_expressions to None, run_after=None
[2026-08-08T17:54:08.244+0000] {logging_mixin.py:190} INFO - [2026-08-08T17:54:08.244+0000] {dag.py:4138} INFO - Setting next_dagrun for dataset_consumes_1 to None, run_after=None
[2026-08-08T17:54:08.246+0000] {logging_mixin.py:190} INFO - [2026-08-08T17:54:08.246+0000] {dag.py:4138} INFO - Setting next_dagrun for dataset_consumes_1_and_2 to None, run_after=None
[2026-08-08T17:54:08.249+0000] {logging_mixin.py:190} INFO - [2026-08-08T17:54:08.248+0000] {dag.py:4138} INFO - Setting next_dagrun for dataset_consumes_1_never_scheduled to None, run_after=None
[2026-08-08T17:54:08.250+0000] {logging_mixin.py:190} INFO - [2026-08-08T17:54:08.250+0000] {dag.py:4138} INFO - Setting next_dagrun for dataset_consumes_unknown_never_scheduled to None, run_after=None
[2026-08-08T17:54:08.254+0000] {logging_mixin.py:190} INFO - [2026-08-08T17:54:08.254+0000] {dag.py:4138} INFO - Setting next_dagrun for dataset_produces_1 to 2026-08-07 00:00:00+00:00, run_after=2026-08-08 00:00:00+00:00
[2026-08-08T17:54:08.256+0000] {logging_mixin.py:190} INFO - [2026-08-08T17:54:08.256+0000] {dag.py:4138} INFO - Setting next_dagrun for dataset_produces_2 to None, run_after=None
[2026-08-08T17:54:08.310+0000] {processor.py:208} INFO - Processing /home/airflow/.local/lib/python3.12/site-packages/airflow/example_dags/example_datasets.py took 0.451 seconds
[2026-08-08T17:54:38.871+0000] {processor.py:186} INFO - Started process (PID=339) to work on /home/airflow/.local/lib/python3.12/site-packages/airflow/example_dags/example_datasets.py
[2026-08-08T17:54:38.872+0000] {processor.py:914} INFO - Processing file /home/airflow/.local/lib/python3.12/site-packages/airflow/example_dags/example_datasets.py for tasks to queue
[2026-08-08T17:54:38.874+0000] {logging_mixin.py:190} INFO - [2026-08-08T17:54:38.874+0000] {dagbag.py:587} INFO - Filling up the DagBag from /home/airflow/.local/lib/python3.12/site-packages/airflow/example_dags/example_datasets.py
[2026-08-08T17:54:39.003+0000] {processor.py:925} INFO - DAG(s) 'dataset_consumes_unknown_never_scheduled', 'dataset_produces_2', 'consume_1_or_both_2_and_3_with_dataset_expressions', 'dataset_consumes_1_and_2', 'dataset_consumes_1_never_scheduled', 'consume_1_or_2_with_dataset_expressions', 'consume_1_and_2_with_dataset_expressions', 'dataset_produces_1', 'dataset_consumes_1', 'conditional_dataset_and_time_based_timetable' retrieved from /home/airflow/.local/lib/python3.12/site-packages/airflow/example_dags/example_datasets.py
[2026-08-08T17:54:39.042+0000] {logging_mixin.py:190} INFO - [2026-08-08T17:54:39.042+0000] {dag.py:3211} INFO - Sync 10 DAGs
[2026-08-08T17:54:39.068+0000] {logging_mixin.py:190} INFO - [2026-08-08T17:54:39.068+0000] {dag.py:4138} INFO - Setting next_dagrun for conditional_dataset_and_time_based_timetable to 2026-08-05 01:00:00+00:00, run_after=2026-08-05 01:00:00+00:00
[2026-08-08T17:54:39.072+0000] {logging_mixin.py:190} INFO - [2026-08-08T17:54:39.072+0000] {dag.py:4138} INFO - Setting next_dagrun for consume_1_and_2_with_dataset_expressions to None, run_after=None
[2026-08-08T17:54:39.073+0000] {logging_mixin.py:190} INFO - [2026-08-08T17:54:39.073+0000] {dag.py:4138} INFO - Setting next_dagrun for consume_1_or_2_with_dataset_expressions to None, run_after=None
[2026-08-08T17:54:39.074+0000] {logging_mixin.py:190} INFO - [2026-08-08T17:54:39.074+0000] {dag.py:4138} INFO - Setting next_dagrun for consume_1_or_both_2_and_3_with_dataset_expressions to None, run_after=None
[2026-08-08T17:54:39.076+0000] {logging_mixin.py:190} INFO - [2026-08-08T17:54:39.075+0000] {dag.py:4138} INFO - Setting next_dagrun for dataset_consumes_1 to None, run_after=None
[2026-08-08T17:54:39.077+0000] {logging_mixin.py:190} INFO - [2026-08-08T17:54:39.077+0000] {dag.py:4138} INFO - Setting next_dagrun for dataset_consumes_1_and_2 to None, run_after=None
[2026-08-08T17:54:39.079+0000] {logging_mixin.py:190} INFO - [2026-08-08T17:54:39.079+0000] {dag.py:4138} INFO - Setting next_dagrun for dataset_consumes_1_never_scheduled to None, run_after=None
[2026-08-08T17:54:39.080+0000] {logging_mixin.py:190} INFO - [2026-08-08T17:54:39.080+0000] {dag.py:4138} INFO - Setting next_dagrun for dataset_consumes_unknown_never_scheduled to None, run_after=None
[2026-08-08T17:54:39.082+0000] {logging_mixin.py:190} INFO - [2026-08-08T17:54:39.082+0000] {dag.py:4138} INFO - Setting next_dagrun for dataset_produces_1 to 2026-08-07 00:00:00+00:00, run_after=2026-08-08 00:00:00+00:00
[2026-08-08T17:54:39.084+0000] {logging_mixin.py:190} INFO - [2026-08-08T17:54:39.083+0000] {dag.py:4138} INFO - Setting next_dagrun for dataset_produces_2 to None, run_after=None
[2026-08-08T17:54:39.113+0000] {processor.py:208} INFO - Processing /home/airflow/.local/lib/python3.12/site-packages/airflow/example_dags/example_datasets.py took 0.248 seconds
[2026-08-08T17:55:09.241+0000] {processor.py:186} INFO - Started process (PID=402) to work on /home/airflow/.local/lib/python3.12/site-packages/airflow/example_dags/example_datasets.py
[2026-08-08T17:55:09.243+0000] {processor.py:914} INFO - Processing file /home/airflow/.local/lib/python3.12/site-packages/airflow/example_dags/example_datasets.py for tasks to queue
[2026-08-08T17:55:09.245+0000] {logging_mixin.py:190} INFO - [2026-08-08T17:55:09.245+0000] {dagbag.py:587} INFO - Filling up the DagBag from /home/airflow/.local/lib/python3.12/site-packages/airflow/example_dags/example_datasets.py
[2026-08-08T17:55:09.366+0000] {processor.py:925} INFO - DAG(s) 'dataset_consumes_1', 'consume_1_or_2_with_dataset_expressions', 'dataset_produces_1', 'dataset_consumes_1_never_scheduled', 'consume_1_or_both_2_and_3_with_dataset_expressions', 'dataset_consumes_1_and_2', 'consume_1_and_2_with_dataset_expressions', 'dataset_produces_2', 'conditional_dataset_and_time_based_timetable', 'dataset_consumes_unknown_never_scheduled' retrieved from /home/airflow/.local/lib/python3.12/site-packages/airflow/example_dags/example_datasets.py
[2026-08-08T17:55:09.404+0000] {logging_mixin.py:190} INFO - [2026-08-08T17:55:09.404+0000] {dag.py:3211} INFO - Sync 10 DAGs
[2026-08-08T17:55:09.431+0000] {logging_mixin.py:190} INFO - [2026-08-08T17:55:09.431+0000] {dag.py:4138} INFO - Setting next_dagrun for conditional_dataset_and_time_based_timetable to 2026-08-05 01:00:00+00:00, run_after=2026-08-05 01:00:00+00:00
[2026-08-08T17:55:09.435+0000] {logging_mixin.py:190} INFO - [2026-08-08T17:55:09.435+0000] {dag.py:4138} INFO - Setting next_dagrun for consume_1_and_2_with_dataset_expressions to None, run_after=None
[2026-08-08T17:55:09.436+0000] {logging_mixin.py:190} INFO - [2026-08-08T17:55:09.436+0000] {dag.py:4138} INFO - Setting next_dagrun for consume_1_or_2_with_dataset_expressions to None, run_after=None
[2026-08-08T17:55:09.438+0000] {logging_mixin.py:190} INFO - [2026-08-08T17:55:09.438+0000] {dag.py:4138} INFO - Setting next_dagrun for consume_1_or_both_2_and_3_with_dataset_expressions to None, run_after=None
[2026-08-08T17:55:09.439+0000] {logging_mixin.py:190} INFO - [2026-08-08T17:55:09.439+0000] {dag.py:4138} INFO - Setting next_dagrun for dataset_consumes_1 to None, run_after=None
[2026-08-08T17:55:09.441+0000] {logging_mixin.py:190} INFO - [2026-08-08T17:55:09.440+0000] {dag.py:4138} INFO - Setting next_dagrun for dataset_consumes_1_and_2 to None, run_after=None
[2026-08-08T17:55:09.442+0000] {logging_mixin.py:190} INFO - [2026-08-08T17:55:09.442+0000] {dag.py:4138} INFO - Setting next_dagrun for dataset_consumes_1_never_scheduled to None, run_after=None
[2026-08-08T17:55:09.443+0000] {logging_mixin.py:190} INFO - [2026-08-08T17:55:09.443+0000] {dag.py:4138} INFO - Setting next_dagrun for dataset_consumes_unknown_never_scheduled to None, run_after=None
[2026-08-08T17:55:09.445+0000] {logging_mixin.py:190} INFO - [2026-08-08T17:55:09.445+0000] {dag.py:4138} INFO - Setting next_dagrun for dataset_produces_1 to 2026-08-07 00:00:00+00:00, run_after=2026-08-08 00:00:00+00:00
[2026-08-08T17:55:09.446+0000] {logging_mixin.py:190} INFO - [2026-08-08T17:55:09.446+0000] {dag.py:4138} INFO - Setting next_dagrun for dataset_produces_2 to None, run_after=None
[2026-08-08T17:55:09.478+0000] {processor.py:208} INFO - Processing /home/airflow/.local/lib/python3.12/site-packages/airflow/example_dags/example_datasets.py took 0.242 seconds
[2026-08-08T17:55:39.693+0000] {processor.py:186} INFO - Started process (PID=465) to work on /home/airflow/.local/lib/python3.12/site-packages/airflow/example_dags/example_datasets.py
[2026-08-08T17:55:39.694+0000] {processor.py:914} INFO - Processing file /home/airflow/.local/lib/python3.12/site-packages/airflow/example_dags/example_datasets.py for tasks to queue
[2026-08-08T17:55:39.697+0000] {logging_mixin.py:190} INFO - [2026-08-08T17:55:39.696+0000] {dagbag.py:587} INFO - Filling up the DagBag from /home/airflow/.local/lib/python3.12/site-packages/airflow/example_dags/example_datasets.py
[2026-08-08T17:55:39.831+0000] {processor.py:925} INFO - DAG(s) 'consume_1_and_2_with_dataset_expressions', 'consume_1_or_both_2_and_3_with_dataset_expressions', 'dataset_consumes_unknown_never_scheduled', 'dataset_consumes_1', 'dataset_consumes_1_and_2', 'dataset_consumes_1_never_scheduled', 'conditional_dataset_and_time_based_timetable', 'dataset_produces_2', 'consume_1_or_2_with_dataset_expressions', 'dataset_produces_1' retrieved from /home/airflow/.local/lib/python3.12/site-packages/airflow/example_dags/example_datasets.py
[2026-08-08T17:55:39.867+0000] {logging_mixin.py:190} INFO - [2026-08-08T17:55:39.867+0000] {dag.py:3211} INFO - Sync 10 DAGs
[2026-08-08T17:55:39.891+0000] {logging_mixin.py:190} INFO - [2026-08-08T17:55:39.891+0000] {dag.py:4138} INFO - Setting next_dagrun for conditional_dataset_and_time_based_timetable to 2026-08-05 01:00:00+00:00, run_after=2026-08-05 01:00:00+00:00
[2026-08-08T17:55:39.894+0000] {logging_mixin.py:190} INFO - [2026-08-08T17:55:39.894+0000] {dag.py:4138} INFO - Setting next_dagrun for consume_1_and_2_with_dataset_expressions to None, run_after=None
[2026-08-08T17:55:39.896+0000] {logging_mixin.py:190} INFO - [2026-08-08T17:55:39.896+0000] {dag.py:4138} INFO - Setting next_dagrun for consume_1_or_2_with_dataset_expressions to None, run_after=None
[2026-08-08T17:55:39.897+0000] {logging_mixin.py:190} INFO - [2026-08-08T17:55:39.897+0000] {dag.py:4138} INFO - Setting next_dagrun for consume_1_or_both_2_and_3_with_dataset_expressions to None, run_after=None
[2026-08-08T17:55:39.899+0000] {logging_mixin.py:190} INFO - [2026-08-08T17:55:39.899+0000] {dag.py:4138} INFO - Setting next_dagrun for dataset_consumes_1 to None, run_after=None
[2026-08-08T17:55:39.900+0000] {logging_mixin.py:190} INFO - [2026-08-08T17:55:39.900+0000] {dag.py:4138} INFO - Setting next_dagrun for dataset_consumes_1_and_2 to None, run_after=None
[2026-08-08T17:55:39.901+0000] {logging_mixin.py:190} INFO - [2026-08-08T17:55:39.901+0000] {dag.py:4138} INFO - Setting next_dagrun for dataset_consumes_1_never_scheduled to None, run_after=None
[2026-08-08T17:55:39.903+0000] {logging_mixin.py:190} INFO - [2026-08-08T17:55:39.903+0000] {dag.py:4138} INFO - Setting next_dagrun for dataset_consumes_unknown_never_scheduled to None, run_after=None
[2026-08-08T17:55:39.905+0000] {logging_mixin.py:190} INFO - [2026-08-08T17:55:39.905+0000] {dag.py:4138} INFO - Setting next_dagrun for dataset_produces_1 to 2026-08-07 00:00:00+00:00, run_after=2026-08-08 00:00:00+00:00
[2026-08-08T17:55:39.906+0000] {logging_mixin.py:190} INFO - [2026-08-08T17:55:39.906+0000] {dag.py:4138} INFO - Setting next_dagrun for dataset_produces_2 to None, run_after=None
[2026-08-08T17:55:39.950+0000] {processor.py:208} INFO - Processing /home/airflow/.local/lib/python3.12/site-packages/airflow/example_dags/example_datasets.py took 0.262 seconds
[2026-08-08T17:56:10.015+0000] {processor.py:186} INFO - Started process (PID=528) to work on /home/airflow/.local/lib/python3.12/site-packages/airflow/example_dags/example_datasets.py
[2026-08-08T17:56:10.018+0000] {processor.py:914} INFO - Processing file /home/airflow/.local/lib/python3.12/site-packages/airflow/example_dags/example_datasets.py for tasks to queue
[2026-08-08T17:56:10.021+0000] {logging_mixin.py:190} INFO - [2026-08-08T17:56:10.020+0000] {dagbag.py:587} INFO - Filling up the DagBag from /home/airflow/.local/lib/python3.12/site-packages/airflow/example_dags/example_datasets.py
[2026-08-08T17:56:10.150+0000] {processor.py:925} INFO - DAG(s) 'dataset_produces_2', 'dataset_consumes_1', 'dataset_consumes_unknown_never_scheduled', 'dataset_produces_1', 'dataset_consumes_1_and_2', 'consume_1_and_2_with_dataset_expressions', 'consume_1_or_2_with_dataset_expressions', 'consume_1_or_both_2_and_3_with_dataset_expressions', 'conditional_dataset_and_time_based_timetable', 'dataset_consumes_1_never_scheduled' retrieved from /home/airflow/.local/lib/python3.12/site-packages/airflow/example_dags/example_datasets.py
[2026-08-08T17:56:10.185+0000] {logging_mixin.py:190} INFO - [2026-08-08T17:56:10.185+0000] {dag.py:3211} INFO - Sync 10 DAGs
[2026-08-08T17:56:10.206+0000] {logging_mixin.py:190} INFO - [2026-08-08T17:56:10.206+0000] {dag.py:4138} INFO - Setting next_dagrun for conditional_dataset_and_time_based_timetable to 2026-08-05 01:00:00+00:00, run_after=2026-08-05 01:00:00+00:00
[2026-08-08T17:56:10.209+0000] {logging_mixin.py:190} INFO - [2026-08-08T17:56:10.209+0000] {dag.py:4138} INFO - Setting next_dagrun for consume_1_and_2_with_dataset_expressions to None, run_after=None
[2026-08-08T17:56:10.210+0000] {logging_mixin.py:190} INFO - [2026-08-08T17:56:10.210+0000] {dag.py:4138} INFO - Setting next_dagrun for consume_1_or_2_with_dataset_expressions to None, run_after=None
[2026-08-08T17:56:10.212+0000] {logging_mixin.py:190} INFO - [2026-08-08T17:56:10.212+0000] {dag.py:4138} INFO - Setting next_dagrun for consume_1_or_both_2_and_3_with_dataset_expressions to None, run_after=None
[2026-08-08T17:56:10.213+0000] {logging_mixin.py:190} INFO - [2026-08-08T17:56:10.213+0000] {dag.py:4138} INFO - Setting next_dagrun for dataset_consumes_1 to None, run_after=None
[2026-08-08T17:56:10.215+0000] {logging_mixin.py:190} INFO - [2026-08-08T17:56:10.215+0000] {dag.py:4138} INFO - Setting next_dagrun for dataset_consumes_1_and_2 to None, run_after=None
[2026-08-08T17:56:10.216+0000] {logging_mixin.py:190} INFO - [2026-08-08T17:56:10.216+0000] {dag.py:4138} INFO - Setting next_dagrun for dataset_consumes_1_never_scheduled to None, run_after=None
[2026-08-08T17:56:10.218+0000] {logging_mixin.py:190} INFO - [2026-08-08T17:56:10.218+0000] {dag.py:4138} INFO - Setting next_dagrun for dataset_consumes_unknown_never_scheduled to None, run_after=None
[2026-08-08T17:56:10.220+0000] {logging_mixin.py:190} INFO - [2026-08-08T17:56:10.220+0000] {dag.py:4138} INFO - Setting next_dagrun for dataset_produces_1 to 2026-08-07 00:00:00+00:00, run_after=2026-08-08 00:00:00+00:00
[2026-08-08T17:56:10.221+0000] {logging_mixin.py:190} INFO - [2026-08-08T17:56:10.221+0000] {dag.py:4138} INFO - Setting next_dagrun for dataset_produces_2 to None, run_after=None
[2026-08-08T17:56:10.260+0000] {processor.py:208} INFO - Processing /home/airflow/.local/lib/python3.12/site-packages/airflow/example_dags/example_datasets.py took 0.251 seconds
[2026-08-08T17:56:40.666+0000] {processor.py:186} INFO - Started process (PID=592) to work on /home/airflow/.local/lib/python3.12/site-packages/airflow/example_dags/example_datasets.py
[2026-08-08T17:56:40.667+0000] {processor.py:914} INFO - Processing file /home/airflow/.local/lib/python3.12/site-packages/airflow/example_dags/example_datasets.py for tasks to queue
[2026-08-08T17:56:40.670+0000] {logging_mixin.py:190} INFO - [2026-08-08T17:56:40.670+0000] {dagbag.py:587} INFO - Filling up the DagBag from /home/airflow/.local/lib/python3.12/site-packages/airflow/example_dags/example_datasets.py
[2026-08-08T17:56:40.818+0000] {processor.py:925} INFO - DAG(s) 'consume_1_or_both_2_and_3_with_dataset_expressions', 'consume_1_and_2_with_dataset_expressions', 'dataset_consumes_1_and_2', 'dataset_consumes_1_never_scheduled', 'dataset_consumes_1', 'consume_1_or_2_with_dataset_expressions', 'dataset_produces_1', 'dataset_produces_2', 'dataset_consumes_unknown_never_scheduled', 'conditional_dataset_and_time_based_timetable' retrieved from /home/airflow/.local/lib/python3.12/site-packages/airflow/example_dags/example_datasets.py
[2026-08-08T17:56:40.856+0000] {logging_mixin.py:190} INFO - [2026-08-08T17:56:40.856+0000] {dag.py:3211} INFO - Sync 10 DAGs
[2026-08-08T17:56:40.877+0000] {logging_mixin.py:190} INFO - [2026-08-08T17:56:40.877+0000] {dag.py:4138} INFO - Setting next_dagrun for conditional_dataset_and_time_based_timetable to 2026-08-05 01:00:00+00:00, run_after=2026-08-05 01:00:00+00:00
[2026-08-08T17:56:40.881+0000] {logging_mixin.py:190} INFO - [2026-08-08T17:56:40.881+0000] {dag.py:4138} INFO - Setting next_dagrun for consume_1_and_2_with_dataset_expressions to None, run_after=None
[2026-08-08T17:56:40.882+0000] {logging_mixin.py:190} INFO - [2026-08-08T17:56:40.882+0000] {dag.py:4138} INFO - Setting next_dagrun for consume_1_or_2_with_dataset_expressions to None, run_after=None
[2026-08-08T17:56:40.884+0000] {logging_mixin.py:190} INFO - [2026-08-08T17:56:40.884+0000] {dag.py:4138} INFO - Setting next_dagrun for consume_1_or_both_2_and_3_with_dataset_expressions to None, run_after=None
[2026-08-08T17:56:40.885+0000] {logging_mixin.py:190} INFO - [2026-08-08T17:56:40.885+0000] {dag.py:4138} INFO - Setting next_dagrun for dataset_consumes_1 to None, run_after=None
[2026-08-08T17:56:40.887+0000] {logging_mixin.py:190} INFO - [2026-08-08T17:56:40.887+0000] {dag.py:4138} INFO - Setting next_dagrun for dataset_consumes_1_and_2 to None, run_after=None
[2026-08-08T17:56:40.888+0000] {logging_mixin.py:190} INFO - [2026-08-08T17:56:40.888+0000] {dag.py:4138} INFO - Setting next_dagrun for dataset_consumes_1_never_scheduled to None, run_after=None
[2026-08-08T17:56:40.889+0000] {logging_mixin.py:190} INFO - [2026-08-08T17:56:40.889+0000] {dag.py:4138} INFO - Setting next_dagrun for dataset_consumes_unknown_never_scheduled to None, run_after=None
[2026-08-08T17:56:40.891+0000] {logging_mixin.py:190} INFO - [2026-08-08T17:56:40.891+0000] {dag.py:4138} INFO - Setting next_dagrun for dataset_produces_1 to 2026-08-07 00:00:00+00:00, run_after=2026-08-08 00:00:00+00:00
[2026-08-08T17:56:40.893+0000] {logging_mixin.py:190} INFO - [2026-08-08T17:56:40.892+0000] {dag.py:4138} INFO - Setting next_dagrun for dataset_produces_2 to None, run_after=None
[2026-08-08T17:56:40.929+0000] {processor.py:208} INFO - Processing /home/airflow/.local/lib/python3.12/site-packages/airflow/example_dags/example_datasets.py took 0.269 seconds
[2026-08-08T17:57:11.019+0000] {processor.py:186} INFO - Started process (PID=655) to work on /home/airflow/.local/lib/python3.12/site-packages/airflow/example_dags/example_datasets.py
[2026-08-08T17:57:11.021+0000] {processor.py:914} INFO - Processing file /home/airflow/.local/lib/python3.12/site-packages/airflow/example_dags/example_datasets.py for tasks to queue
[2026-08-08T17:57:11.025+0000] {logging_mixin.py:190} INFO - [2026-08-08T17:57:11.025+0000] {dagbag.py:587} INFO - Filling up the DagBag from /home/airflow/.local/lib/python3.12/site-packages/airflow/example_dags/example_datasets.py
[2026-08-08T17:57:11.184+0000] {processor.py:925} INFO - DAG(s) 'dataset_produces_1', 'dataset_consumes_1_never_scheduled', 'dataset_produces_2', 'conditional_dataset_and_time_based_timetable', 'consume_1_or_both_2_and_3_with_dataset_expressions', 'dataset_consumes_1', 'consume_1_and_2_with_dataset_expressions', 'consume_1_or_2_with_dataset_expressions', 'dataset_consumes_unknown_never_scheduled', 'dataset_consumes_1_and_2' retrieved from /home/airflow/.local/lib/python3.12/site-packages/airflow/example_dags/example_datasets.py
[2026-08-08T17:57:11.253+0000] {logging_mixin.py:190} INFO - [2026-08-08T17:57:11.253+0000] {dag.py:3211} INFO - Sync 10 DAGs
[2026-08-08T17:57:11.333+0000] {logging_mixin.py:190} INFO - [2026-08-08T17:57:11.333+0000] {dag.py:4138} INFO - Setting next_dagrun for conditional_dataset_and_time_based_timetable to 2026-08-05 01:00:00+00:00, run_after=2026-08-05 01:00:00+00:00
[2026-08-08T17:57:11.339+0000] {logging_mixin.py:190} INFO - [2026-08-08T17:57:11.338+0000] {dag.py:4138} INFO - Setting next_dagrun for consume_1_and_2_with_dataset_expressions to None, run_after=None
[2026-08-08T17:57:11.341+0000] {logging_mixin.py:190} INFO - [2026-08-08T17:57:11.340+0000] {dag.py:4138} INFO - Setting next_dagrun for consume_1_or_2_with_dataset_expressions to None, run_after=None
[2026-08-08T17:57:11.343+0000] {logging_mixin.py:190} INFO - [2026-08-08T17:57:11.342+0000] {dag.py:4138} INFO - Setting next_dagrun for consume_1_or_both_2_and_3_with_dataset_expressions to None, run_after=None
[2026-08-08T17:57:11.344+0000] {logging_mixin.py:190} INFO - [2026-08-08T17:57:11.344+0000] {dag.py:4138} INFO - Setting next_dagrun for dataset_consumes_1 to None, run_after=None
[2026-08-08T17:57:11.346+0000] {logging_mixin.py:190} INFO - [2026-08-08T17:57:11.346+0000] {dag.py:4138} INFO - Setting next_dagrun for dataset_consumes_1_and_2 to None, run_after=None
[2026-08-08T17:57:11.348+0000] {logging_mixin.py:190} INFO - [2026-08-08T17:57:11.348+0000] {dag.py:4138} INFO - Setting next_dagrun for dataset_consumes_1_never_scheduled to None, run_after=None
[2026-08-08T17:57:11.349+0000] {logging_mixin.py:190} INFO - [2026-08-08T17:57:11.349+0000] {dag.py:4138} INFO - Setting next_dagrun for dataset_consumes_unknown_never_scheduled to None, run_after=None
[2026-08-08T17:57:11.351+0000] {logging_mixin.py:190} INFO - [2026-08-08T17:57:11.351+0000] {dag.py:4138} INFO - Setting next_dagrun for dataset_produces_1 to 2026-08-07 00:00:00+00:00, run_after=2026-08-08 00:00:00+00:00
[2026-08-08T17:57:11.353+0000] {logging_mixin.py:190} INFO - [2026-08-08T17:57:11.353+0000] {dag.py:4138} INFO - Setting next_dagrun for dataset_produces_2 to None, run_after=None
[2026-08-08T17:57:11.385+0000] {processor.py:208} INFO - Processing /home/airflow/.local/lib/python3.12/site-packages/airflow/example_dags/example_datasets.py took 0.372 seconds
[2026-08-08T18:08:16.245+0000] {processor.py:186} INFO - Started process (PID=717) to work on /home/airflow/.local/lib/python3.12/site-packages/airflow/example_dags/example_datasets.py
[2026-08-08T18:08:16.250+0000] {processor.py:914} INFO - Processing file /home/airflow/.local/lib/python3.12/site-packages/airflow/example_dags/example_datasets.py for tasks to queue
[2026-08-08T18:08:16.257+0000] {logging_mixin.py:190} INFO - [2026-08-08T18:08:16.256+0000] {dagbag.py:587} INFO - Filling up the DagBag from /home/airflow/.local/lib/python3.12/site-packages/airflow/example_dags/example_datasets.py
[2026-08-08T18:08:16.591+0000] {processor.py:925} INFO - DAG(s) 'dataset_produces_1', 'consume_1_or_2_with_dataset_expressions', 'dataset_consumes_1', 'conditional_dataset_and_time_based_timetable', 'dataset_consumes_1_and_2', 'consume_1_and_2_with_dataset_expressions', 'dataset_consumes_1_never_scheduled', 'consume_1_or_both_2_and_3_with_dataset_expressions', 'dataset_produces_2', 'dataset_consumes_unknown_never_scheduled' retrieved from /home/airflow/.local/lib/python3.12/site-packages/airflow/example_dags/example_datasets.py
[2026-08-08T18:08:16.703+0000] {logging_mixin.py:190} INFO - [2026-08-08T18:08:16.702+0000] {dag.py:3211} INFO - Sync 10 DAGs
[2026-08-08T18:08:16.769+0000] {logging_mixin.py:190} INFO - [2026-08-08T18:08:16.769+0000] {dag.py:4138} INFO - Setting next_dagrun for conditional_dataset_and_time_based_timetable to 2026-08-05 01:00:00+00:00, run_after=2026-08-05 01:00:00+00:00
[2026-08-08T18:08:16.785+0000] {logging_mixin.py:190} INFO - [2026-08-08T18:08:16.785+0000] {dag.py:4138} INFO - Setting next_dagrun for consume_1_and_2_with_dataset_expressions to None, run_after=None
[2026-08-08T18:08:16.793+0000] {logging_mixin.py:190} INFO - [2026-08-08T18:08:16.792+0000] {dag.py:4138} INFO - Setting next_dagrun for consume_1_or_2_with_dataset_expressions to None, run_after=None
[2026-08-08T18:08:16.801+0000] {logging_mixin.py:190} INFO - [2026-08-08T18:08:16.800+0000] {dag.py:4138} INFO - Setting next_dagrun for consume_1_or_both_2_and_3_with_dataset_expressions to None, run_after=None
[2026-08-08T18:08:16.809+0000] {logging_mixin.py:190} INFO - [2026-08-08T18:08:16.807+0000] {dag.py:4138} INFO - Setting next_dagrun for dataset_consumes_1 to None, run_after=None
[2026-08-08T18:08:16.815+0000] {logging_mixin.py:190} INFO - [2026-08-08T18:08:16.814+0000] {dag.py:4138} INFO - Setting next_dagrun for dataset_consumes_1_and_2 to None, run_after=None
[2026-08-08T18:08:16.826+0000] {logging_mixin.py:190} INFO - [2026-08-08T18:08:16.825+0000] {dag.py:4138} INFO - Setting next_dagrun for dataset_consumes_1_never_scheduled to None, run_after=None
[2026-08-08T18:08:16.831+0000] {logging_mixin.py:190} INFO - [2026-08-08T18:08:16.830+0000] {dag.py:4138} INFO - Setting next_dagrun for dataset_consumes_unknown_never_scheduled to None, run_after=None
[2026-08-08T18:08:16.838+0000] {logging_mixin.py:190} INFO - [2026-08-08T18:08:16.837+0000] {dag.py:4138} INFO - Setting next_dagrun for dataset_produces_1 to 2026-08-07 00:00:00+00:00, run_after=2026-08-08 00:00:00+00:00
[2026-08-08T18:08:16.843+0000] {logging_mixin.py:190} INFO - [2026-08-08T18:08:16.843+0000] {dag.py:4138} INFO - Setting next_dagrun for dataset_produces_2 to None, run_after=None
[2026-08-08T18:08:16.976+0000] {processor.py:208} INFO - Processing /home/airflow/.local/lib/python3.12/site-packages/airflow/example_dags/example_datasets.py took 0.742 seconds
[2026-08-08T18:08:47.192+0000] {processor.py:186} INFO - Started process (PID=780) to work on /home/airflow/.local/lib/python3.12/site-packages/airflow/example_dags/example_datasets.py
[2026-08-08T18:08:47.195+0000] {processor.py:914} INFO - Processing file /home/airflow/.local/lib/python3.12/site-packages/airflow/example_dags/example_datasets.py for tasks to queue
[2026-08-08T18:08:47.200+0000] {logging_mixin.py:190} INFO - [2026-08-08T18:08:47.199+0000] {dagbag.py:587} INFO - Filling up the DagBag from /home/airflow/.local/lib/python3.12/site-packages/airflow/example_dags/example_datasets.py
[2026-08-08T18:08:47.443+0000] {processor.py:925} INFO - DAG(s) 'consume_1_and_2_with_dataset_expressions', 'dataset_produces_1', 'consume_1_or_both_2_and_3_with_dataset_expressions', 'dataset_consumes_1_and_2', 'dataset_consumes_1_never_scheduled', 'dataset_consumes_unknown_never_scheduled', 'conditional_dataset_and_time_based_timetable', 'consume_1_or_2_with_dataset_expressions', 'dataset_produces_2', 'dataset_consumes_1' retrieved from /home/airflow/.local/lib/python3.12/site-packages/airflow/example_dags/example_datasets.py
[2026-08-08T18:08:47.510+0000] {logging_mixin.py:190} INFO - [2026-08-08T18:08:47.510+0000] {dag.py:3211} INFO - Sync 10 DAGs
[2026-08-08T18:08:47.555+0000] {logging_mixin.py:190} INFO - [2026-08-08T18:08:47.554+0000] {dag.py:4138} INFO - Setting next_dagrun for conditional_dataset_and_time_based_timetable to 2026-08-05 01:00:00+00:00, run_after=2026-08-05 01:00:00+00:00
[2026-08-08T18:08:47.562+0000] {logging_mixin.py:190} INFO - [2026-08-08T18:08:47.562+0000] {dag.py:4138} INFO - Setting next_dagrun for consume_1_and_2_with_dataset_expressions to None, run_after=None
[2026-08-08T18:08:47.567+0000] {logging_mixin.py:190} INFO - [2026-08-08T18:08:47.566+0000] {dag.py:4138} INFO - Setting next_dagrun for consume_1_or_2_with_dataset_expressions to None, run_after=None
[2026-08-08T18:08:47.572+0000] {logging_mixin.py:190} INFO - [2026-08-08T18:08:47.571+0000] {dag.py:4138} INFO - Setting next_dagrun for consume_1_or_both_2_and_3_with_dataset_expressions to None, run_after=None
[2026-08-08T18:08:47.575+0000] {logging_mixin.py:190} INFO - [2026-08-08T18:08:47.574+0000] {dag.py:4138} INFO - Setting next_dagrun for dataset_consumes_1 to None, run_after=None
[2026-08-08T18:08:47.577+0000] {logging_mixin.py:190} INFO - [2026-08-08T18:08:47.577+0000] {dag.py:4138} INFO - Setting next_dagrun for dataset_consumes_1_and_2 to None, run_after=None
[2026-08-08T18:08:47.581+0000] {logging_mixin.py:190} INFO - [2026-08-08T18:08:47.580+0000] {dag.py:4138} INFO - Setting next_dagrun for dataset_consumes_1_never_scheduled to None, run_after=None
[2026-08-08T18:08:47.583+0000] {logging_mixin.py:190} INFO - [2026-08-08T18:08:47.583+0000] {dag.py:4138} INFO - Setting next_dagrun for dataset_consumes_unknown_never_scheduled to None, run_after=None
[2026-08-08T18:08:47.590+0000] {logging_mixin.py:190} INFO - [2026-08-08T18:08:47.589+0000] {dag.py:4138} INFO - Setting next_dagrun for dataset_produces_1 to 2026-08-07 00:00:00+00:00, run_after=2026-08-08 00:00:00+00:00
[2026-08-08T18:08:47.593+0000] {logging_mixin.py:190} INFO - [2026-08-08T18:08:47.592+0000] {dag.py:4138} INFO - Setting next_dagrun for dataset_produces_2 to None, run_after=None
[2026-08-08T18:08:47.654+0000] {processor.py:208} INFO - Processing /home/airflow/.local/lib/python3.12/site-packages/airflow/example_dags/example_datasets.py took 0.469 seconds
[2026-08-08T18:09:17.786+0000] {processor.py:186} INFO - Started process (PID=843) to work on /home/airflow/.local/lib/python3.12/site-packages/airflow/example_dags/example_datasets.py
[2026-08-08T18:09:17.789+0000] {processor.py:914} INFO - Processing file /home/airflow/.local/lib/python3.12/site-packages/airflow/example_dags/example_datasets.py for tasks to queue
[2026-08-08T18:09:17.793+0000] {logging_mixin.py:190} INFO - [2026-08-08T18:09:17.792+0000] {dagbag.py:587} INFO - Filling up the DagBag from /home/airflow/.local/lib/python3.12/site-packages/airflow/example_dags/example_datasets.py
[2026-08-08T18:09:18.021+0000] {processor.py:925} INFO - DAG(s) 'dataset_consumes_unknown_never_scheduled', 'dataset_produces_2', 'consume_1_or_2_with_dataset_expressions', 'dataset_consumes_1_never_scheduled', 'dataset_consumes_1', 'consume_1_or_both_2_and_3_with_dataset_expressions', 'conditional_dataset_and_time_based_timetable', 'consume_1_and_2_with_dataset_expressions', 'dataset_consumes_1_and_2', 'dataset_produces_1' retrieved from /home/airflow/.local/lib/python3.12/site-packages/airflow/example_dags/example_datasets.py
[2026-08-08T18:09:18.084+0000] {logging_mixin.py:190} INFO - [2026-08-08T18:09:18.084+0000] {dag.py:3211} INFO - Sync 10 DAGs
[2026-08-08T18:09:18.123+0000] {logging_mixin.py:190} INFO - [2026-08-08T18:09:18.123+0000] {dag.py:4138} INFO - Setting next_dagrun for conditional_dataset_and_time_based_timetable to 2026-08-05 01:00:00+00:00, run_after=2026-08-05 01:00:00+00:00
[2026-08-08T18:09:18.129+0000] {logging_mixin.py:190} INFO - [2026-08-08T18:09:18.128+0000] {dag.py:4138} INFO - Setting next_dagrun for consume_1_and_2_with_dataset_expressions to None, run_after=None
[2026-08-08T18:09:18.131+0000] {logging_mixin.py:190} INFO - [2026-08-08T18:09:18.131+0000] {dag.py:4138} INFO - Setting next_dagrun for consume_1_or_2_with_dataset_expressions to None, run_after=None
[2026-08-08T18:09:18.133+0000] {logging_mixin.py:190} INFO - [2026-08-08T18:09:18.133+0000] {dag.py:4138} INFO - Setting next_dagrun for consume_1_or_both_2_and_3_with_dataset_expressions to None, run_after=None
[2026-08-08T18:09:18.137+0000] {logging_mixin.py:190} INFO - [2026-08-08T18:09:18.137+0000] {dag.py:4138} INFO - Setting next_dagrun for dataset_consumes_1 to None, run_after=None
[2026-08-08T18:09:18.140+0000] {logging_mixin.py:190} INFO - [2026-08-08T18:09:18.139+0000] {dag.py:4138} INFO - Setting next_dagrun for dataset_consumes_1_and_2 to None, run_after=None
[2026-08-08T18:09:18.157+0000] {logging_mixin.py:190} INFO - [2026-08-08T18:09:18.156+0000] {dag.py:4138} INFO - Setting next_dagrun for dataset_consumes_1_never_scheduled to None, run_after=None
[2026-08-08T18:09:18.162+0000] {logging_mixin.py:190} INFO - [2026-08-08T18:09:18.161+0000] {dag.py:4138} INFO - Setting next_dagrun for dataset_consumes_unknown_never_scheduled to None, run_after=None
[2026-08-08T18:09:18.167+0000] {logging_mixin.py:190} INFO - [2026-08-08T18:09:18.166+0000] {dag.py:4138} INFO - Setting next_dagrun for dataset_produces_1 to 2026-08-07 00:00:00+00:00, run_after=2026-08-08 00:00:00+00:00
[2026-08-08T18:09:18.171+0000] {logging_mixin.py:190} INFO - [2026-08-08T18:09:18.171+0000] {dag.py:4138} INFO - Setting next_dagrun for dataset_produces_2 to None, run_after=None
[2026-08-08T18:09:18.223+0000] {processor.py:208} INFO - Processing /home/airflow/.local/lib/python3.12/site-packages/airflow/example_dags/example_datasets.py took 0.448 seconds
[2026-08-08T18:09:48.558+0000] {processor.py:186} INFO - Started process (PID=906) to work on /home/airflow/.local/lib/python3.12/site-packages/airflow/example_dags/example_datasets.py
[2026-08-08T18:09:48.560+0000] {processor.py:914} INFO - Processing file /home/airflow/.local/lib/python3.12/site-packages/airflow/example_dags/example_datasets.py for tasks to queue
[2026-08-08T18:09:48.565+0000] {logging_mixin.py:190} INFO - [2026-08-08T18:09:48.564+0000] {dagbag.py:587} INFO - Filling up the DagBag from /home/airflow/.local/lib/python3.12/site-packages/airflow/example_dags/example_datasets.py
[2026-08-08T18:09:48.804+0000] {processor.py:925} INFO - DAG(s) 'conditional_dataset_and_time_based_timetable', 'dataset_consumes_unknown_never_scheduled', 'dataset_produces_1', 'dataset_consumes_1_and_2', 'consume_1_or_2_with_dataset_expressions', 'consume_1_or_both_2_and_3_with_dataset_expressions', 'consume_1_and_2_with_dataset_expressions', 'dataset_consumes_1', 'dataset_consumes_1_never_scheduled', 'dataset_produces_2' retrieved from /home/airflow/.local/lib/python3.12/site-packages/airflow/example_dags/example_datasets.py
[2026-08-08T18:09:48.865+0000] {logging_mixin.py:190} INFO - [2026-08-08T18:09:48.865+0000] {dag.py:3211} INFO - Sync 10 DAGs
[2026-08-08T18:09:48.904+0000] {logging_mixin.py:190} INFO - [2026-08-08T18:09:48.903+0000] {dag.py:4138} INFO - Setting next_dagrun for conditional_dataset_and_time_based_timetable to 2026-08-05 01:00:00+00:00, run_after=2026-08-05 01:00:00+00:00
[2026-08-08T18:09:48.908+0000] {logging_mixin.py:190} INFO - [2026-08-08T18:09:48.908+0000] {dag.py:4138} INFO - Setting next_dagrun for consume_1_and_2_with_dataset_expressions to None, run_after=None
[2026-08-08T18:09:48.910+0000] {logging_mixin.py:190} INFO - [2026-08-08T18:09:48.910+0000] {dag.py:4138} INFO - Setting next_dagrun for consume_1_or_2_with_dataset_expressions to None, run_after=None
[2026-08-08T18:09:48.912+0000] {logging_mixin.py:190} INFO - [2026-08-08T18:09:48.912+0000] {dag.py:4138} INFO - Setting next_dagrun for consume_1_or_both_2_and_3_with_dataset_expressions to None, run_after=None
[2026-08-08T18:09:48.915+0000] {logging_mixin.py:190} INFO - [2026-08-08T18:09:48.914+0000] {dag.py:4138} INFO - Setting next_dagrun for dataset_consumes_1 to None, run_after=None
[2026-08-08T18:09:48.917+0000] {logging_mixin.py:190} INFO - [2026-08-08T18:09:48.916+0000] {dag.py:4138} INFO - Setting next_dagrun for dataset_consumes_1_and_2 to None, run_after=None
[2026-08-08T18:09:48.918+0000] {logging_mixin.py:190} INFO - [2026-08-08T18:09:48.918+0000] {dag.py:4138} INFO - Setting next_dagrun for dataset_consumes_1_never_scheduled to None, run_after=None
[2026-08-08T18:09:48.920+0000] {logging_mixin.py:190} INFO - [2026-08-08T18:09:48.919+0000] {dag.py:4138} INFO - Setting next_dagrun for dataset_consumes_unknown_never_scheduled to None, run_after=None
[2026-08-08T18:09:48.923+0000] {logging_mixin.py:190} INFO - [2026-08-08T18:09:48.922+0000] {dag.py:4138} INFO - Setting next_dagrun for dataset_produces_1 to 2026-08-07 00:00:00+00:00, run_after=2026-08-08 00:00:00+00:00
[2026-08-08T18:09:48.924+0000] {logging_mixin.py:190} INFO - [2026-08-08T18:09:48.924+0000] {dag.py:4138} INFO - Setting next_dagrun for dataset_produces_2 to None, run_after=None
[2026-08-08T18:09:48.978+0000] {processor.py:208} INFO - Processing /home/airflow/.local/lib/python3.12/site-packages/airflow/example_dags/example_datasets.py took 0.431 seconds
[2026-08-08T18:10:19.048+0000] {processor.py:186} INFO - Started process (PID=971) to work on /home/airflow/.local/lib/python3.12/site-packages/airflow/example_dags/example_datasets.py
[2026-08-08T18:10:19.049+0000] {processor.py:914} INFO - Processing file /home/airflow/.local/lib/python3.12/site-packages/airflow/example_dags/example_datasets.py for tasks to queue
[2026-08-08T18:10:19.054+0000] {logging_mixin.py:190} INFO - [2026-08-08T18:10:19.053+0000] {dagbag.py:587} INFO - Filling up the DagBag from /home/airflow/.local/lib/python3.12/site-packages/airflow/example_dags/example_datasets.py
[2026-08-08T18:10:19.295+0000] {processor.py:925} INFO - DAG(s) 'dataset_consumes_1_and_2', 'dataset_consumes_1', 'dataset_consumes_1_never_scheduled', 'consume_1_or_2_with_dataset_expressions', 'dataset_produces_1', 'conditional_dataset_and_time_based_timetable', 'consume_1_and_2_with_dataset_expressions', 'consume_1_or_both_2_and_3_with_dataset_expressions', 'dataset_consumes_unknown_never_scheduled', 'dataset_produces_2' retrieved from /home/airflow/.local/lib/python3.12/site-packages/airflow/example_dags/example_datasets.py
[2026-08-08T18:10:19.347+0000] {logging_mixin.py:190} INFO - [2026-08-08T18:10:19.346+0000] {dag.py:3211} INFO - Sync 10 DAGs
[2026-08-08T18:10:19.379+0000] {logging_mixin.py:190} INFO - [2026-08-08T18:10:19.379+0000] {dag.py:4138} INFO - Setting next_dagrun for conditional_dataset_and_time_based_timetable to 2026-08-05 01:00:00+00:00, run_after=2026-08-05 01:00:00+00:00
[2026-08-08T18:10:19.388+0000] {logging_mixin.py:190} INFO - [2026-08-08T18:10:19.388+0000] {dag.py:4138} INFO - Setting next_dagrun for consume_1_and_2_with_dataset_expressions to None, run_after=None
[2026-08-08T18:10:19.394+0000] {logging_mixin.py:190} INFO - [2026-08-08T18:10:19.393+0000] {dag.py:4138} INFO - Setting next_dagrun for consume_1_or_2_with_dataset_expressions to None, run_after=None
[2026-08-08T18:10:19.396+0000] {logging_mixin.py:190} INFO - [2026-08-08T18:10:19.396+0000] {dag.py:4138} INFO - Setting next_dagrun for consume_1_or_both_2_and_3_with_dataset_expressions to None, run_after=None
[2026-08-08T18:10:19.399+0000] {logging_mixin.py:190} INFO - [2026-08-08T18:10:19.398+0000] {dag.py:4138} INFO - Setting next_dagrun for dataset_consumes_1 to None, run_after=None
[2026-08-08T18:10:19.401+0000] {logging_mixin.py:190} INFO - [2026-08-08T18:10:19.400+0000] {dag.py:4138} INFO - Setting next_dagrun for dataset_consumes_1_and_2 to None, run_after=None
[2026-08-08T18:10:19.403+0000] {logging_mixin.py:190} INFO - [2026-08-08T18:10:19.403+0000] {dag.py:4138} INFO - Setting next_dagrun for dataset_consumes_1_never_scheduled to None, run_after=None
[2026-08-08T18:10:19.406+0000] {logging_mixin.py:190} INFO - [2026-08-08T18:10:19.406+0000] {dag.py:4138} INFO - Setting next_dagrun for dataset_consumes_unknown_never_scheduled to None, run_after=None
[2026-08-08T18:10:19.413+0000] {logging_mixin.py:190} INFO - [2026-08-08T18:10:19.413+0000] {dag.py:4138} INFO - Setting next_dagrun for dataset_produces_1 to 2026-08-07 00:00:00+00:00, run_after=2026-08-08 00:00:00+00:00
[2026-08-08T18:10:19.416+0000] {logging_mixin.py:190} INFO - [2026-08-08T18:10:19.416+0000] {dag.py:4138} INFO - Setting next_dagrun for dataset_produces_2 to None, run_after=None
[2026-08-08T18:10:19.488+0000] {processor.py:208} INFO - Processing /home/airflow/.local/lib/python3.12/site-packages/airflow/example_dags/example_datasets.py took 0.450 seconds
[2026-08-08T18:10:49.629+0000] {processor.py:186} INFO - Started process (PID=1035) to work on /home/airflow/.local/lib/python3.12/site-packages/airflow/example_dags/example_datasets.py
[2026-08-08T18:10:49.630+0000] {processor.py:914} INFO - Processing file /home/airflow/.local/lib/python3.12/site-packages/airflow/example_dags/example_datasets.py for tasks to queue
[2026-08-08T18:10:49.633+0000] {logging_mixin.py:190} INFO - [2026-08-08T18:10:49.632+0000] {dagbag.py:587} INFO - Filling up the DagBag from /home/airflow/.local/lib/python3.12/site-packages/airflow/example_dags/example_datasets.py
[2026-08-08T18:10:49.833+0000] {processor.py:925} INFO - DAG(s) 'dataset_consumes_1', 'dataset_consumes_1_never_scheduled', 'dataset_produces_2', 'conditional_dataset_and_time_based_timetable', 'consume_1_or_both_2_and_3_with_dataset_expressions', 'dataset_consumes_unknown_never_scheduled', 'consume_1_and_2_with_dataset_expressions', 'dataset_consumes_1_and_2', 'consume_1_or_2_with_dataset_expressions', 'dataset_produces_1' retrieved from /home/airflow/.local/lib/python3.12/site-packages/airflow/example_dags/example_datasets.py
[2026-08-08T18:10:49.888+0000] {logging_mixin.py:190} INFO - [2026-08-08T18:10:49.888+0000] {dag.py:3211} INFO - Sync 10 DAGs
[2026-08-08T18:10:49.919+0000] {logging_mixin.py:190} INFO - [2026-08-08T18:10:49.919+0000] {dag.py:4138} INFO - Setting next_dagrun for conditional_dataset_and_time_based_timetable to 2026-08-05 01:00:00+00:00, run_after=2026-08-05 01:00:00+00:00
[2026-08-08T18:10:49.925+0000] {logging_mixin.py:190} INFO - [2026-08-08T18:10:49.925+0000] {dag.py:4138} INFO - Setting next_dagrun for consume_1_and_2_with_dataset_expressions to None, run_after=None
[2026-08-08T18:10:49.928+0000] {logging_mixin.py:190} INFO - [2026-08-08T18:10:49.927+0000] {dag.py:4138} INFO - Setting next_dagrun for consume_1_or_2_with_dataset_expressions to None, run_after=None
[2026-08-08T18:10:49.930+0000] {logging_mixin.py:190} INFO - [2026-08-08T18:10:49.929+0000] {dag.py:4138} INFO - Setting next_dagrun for consume_1_or_both_2_and_3_with_dataset_expressions to None, run_after=None
[2026-08-08T18:10:49.931+0000] {logging_mixin.py:190} INFO - [2026-08-08T18:10:49.931+0000] {dag.py:4138} INFO - Setting next_dagrun for dataset_consumes_1 to None, run_after=None
[2026-08-08T18:10:49.933+0000] {logging_mixin.py:190} INFO - [2026-08-08T18:10:49.933+0000] {dag.py:4138} INFO - Setting next_dagrun for dataset_consumes_1_and_2 to None, run_after=None
[2026-08-08T18:10:49.935+0000] {logging_mixin.py:190} INFO - [2026-08-08T18:10:49.934+0000] {dag.py:4138} INFO - Setting next_dagrun for dataset_consumes_1_never_scheduled to None, run_after=None
[2026-08-08T18:10:49.936+0000] {logging_mixin.py:190} INFO - [2026-08-08T18:10:49.936+0000] {dag.py:4138} INFO - Setting next_dagrun for dataset_consumes_unknown_never_scheduled to None, run_after=None
[2026-08-08T18:10:49.939+0000] {logging_mixin.py:190} INFO - [2026-08-08T18:10:49.939+0000] {dag.py:4138} INFO - Setting next_dagrun for dataset_produces_1 to 2026-08-07 00:00:00+00:00, run_after=2026-08-08 00:00:00+00:00
[2026-08-08T18:10:49.941+0000] {logging_mixin.py:190} INFO - [2026-08-08T18:10:49.941+0000] {dag.py:4138} INFO - Setting next_dagrun for dataset_produces_2 to None, run_after=None
[2026-08-08T18:10:49.985+0000] {processor.py:208} INFO - Processing /home/airflow/.local/lib/python3.12/site-packages/airflow/example_dags/example_datasets.py took 0.364 seconds
[2026-08-08T18:11:20.129+0000] {processor.py:186} INFO - Started process (PID=1098) to work on /home/airflow/.local/lib/python3.12/site-packages/airflow/example_dags/example_datasets.py
[2026-08-08T18:11:20.130+0000] {processor.py:914} INFO - Processing file /home/airflow/.local/lib/python3.12/site-packages/airflow/example_dags/example_datasets.py for tasks to queue
[2026-08-08T18:11:20.133+0000] {logging_mixin.py:190} INFO - [2026-08-08T18:11:20.133+0000] {dagbag.py:587} INFO - Filling up the DagBag from /home/airflow/.local/lib/python3.12/site-packages/airflow/example_dags/example_datasets.py
[2026-08-08T18:11:20.291+0000] {processor.py:925} INFO - DAG(s) 'dataset_consumes_1_and_2', 'consume_1_and_2_with_dataset_expressions', 'dataset_consumes_1', 'dataset_produces_2', 'consume_1_or_both_2_and_3_with_dataset_expressions', 'dataset_consumes_1_never_scheduled', 'dataset_consumes_unknown_never_scheduled', 'consume_1_or_2_with_dataset_expressions', 'dataset_produces_1', 'conditional_dataset_and_time_based_timetable' retrieved from /home/airflow/.local/lib/python3.12/site-packages/airflow/example_dags/example_datasets.py
[2026-08-08T18:11:20.332+0000] {logging_mixin.py:190} INFO - [2026-08-08T18:11:20.332+0000] {dag.py:3211} INFO - Sync 10 DAGs
[2026-08-08T18:11:20.356+0000] {logging_mixin.py:190} INFO - [2026-08-08T18:11:20.355+0000] {dag.py:4138} INFO - Setting next_dagrun for conditional_dataset_and_time_based_timetable to 2026-08-05 01:00:00+00:00, run_after=2026-08-05 01:00:00+00:00
[2026-08-08T18:11:20.360+0000] {logging_mixin.py:190} INFO - [2026-08-08T18:11:20.359+0000] {dag.py:4138} INFO - Setting next_dagrun for consume_1_and_2_with_dataset_expressions to None, run_after=None
[2026-08-08T18:11:20.361+0000] {logging_mixin.py:190} INFO - [2026-08-08T18:11:20.361+0000] {dag.py:4138} INFO - Setting next_dagrun for consume_1_or_2_with_dataset_expressions to None, run_after=None
[2026-08-08T18:11:20.363+0000] {logging_mixin.py:190} INFO - [2026-08-08T18:11:20.363+0000] {dag.py:4138} INFO - Setting next_dagrun for consume_1_or_both_2_and_3_with_dataset_expressions to None, run_after=None
[2026-08-08T18:11:20.364+0000] {logging_mixin.py:190} INFO - [2026-08-08T18:11:20.364+0000] {dag.py:4138} INFO - Setting next_dagrun for dataset_consumes_1 to None, run_after=None
[2026-08-08T18:11:20.366+0000] {logging_mixin.py:190} INFO - [2026-08-08T18:11:20.366+0000] {dag.py:4138} INFO - Setting next_dagrun for dataset_consumes_1_and_2 to None, run_after=None
[2026-08-08T18:11:20.368+0000] {logging_mixin.py:190} INFO - [2026-08-08T18:11:20.367+0000] {dag.py:4138} INFO - Setting next_dagrun for dataset_consumes_1_never_scheduled to None, run_after=None
[2026-08-08T18:11:20.369+0000] {logging_mixin.py:190} INFO - [2026-08-08T18:11:20.369+0000] {dag.py:4138} INFO - Setting next_dagrun for dataset_consumes_unknown_never_scheduled to None, run_after=None
[2026-08-08T18:11:20.372+0000] {logging_mixin.py:190} INFO - [2026-08-08T18:11:20.372+0000] {dag.py:4138} INFO - Setting next_dagrun for dataset_produces_1 to 2026-08-07 00:00:00+00:00, run_after=2026-08-08 00:00:00+00:00
[2026-08-08T18:11:20.374+0000] {logging_mixin.py:190} INFO - [2026-08-08T18:11:20.374+0000] {dag.py:4138} INFO - Setting next_dagrun for dataset_produces_2 to None, run_after=None
[2026-08-08T18:11:20.428+0000] {processor.py:208} INFO - Processing /home/airflow/.local/lib/python3.12/site-packages/airflow/example_dags/example_datasets.py took 0.306 seconds
[2026-08-08T18:11:51.056+0000] {processor.py:186} INFO - Started process (PID=1162) to work on /home/airflow/.local/lib/python3.12/site-packages/airflow/example_dags/example_datasets.py
[2026-08-08T18:11:51.058+0000] {processor.py:914} INFO - Processing file /home/airflow/.local/lib/python3.12/site-packages/airflow/example_dags/example_datasets.py for tasks to queue
[2026-08-08T18:11:51.062+0000] {logging_mixin.py:190} INFO - [2026-08-08T18:11:51.061+0000] {dagbag.py:587} INFO - Filling up the DagBag from /home/airflow/.local/lib/python3.12/site-packages/airflow/example_dags/example_datasets.py
[2026-08-08T18:11:51.235+0000] {processor.py:925} INFO - DAG(s) 'consume_1_and_2_with_dataset_expressions', 'dataset_produces_2', 'consume_1_or_2_with_dataset_expressions', 'conditional_dataset_and_time_based_timetable', 'dataset_consumes_1', 'dataset_consumes_1_and_2', 'dataset_consumes_unknown_never_scheduled', 'dataset_consumes_1_never_scheduled', 'dataset_produces_1', 'consume_1_or_both_2_and_3_with_dataset_expressions' retrieved from /home/airflow/.local/lib/python3.12/site-packages/airflow/example_dags/example_datasets.py
[2026-08-08T18:11:51.278+0000] {logging_mixin.py:190} INFO - [2026-08-08T18:11:51.278+0000] {dag.py:3211} INFO - Sync 10 DAGs
[2026-08-08T18:11:51.309+0000] {logging_mixin.py:190} INFO - [2026-08-08T18:11:51.308+0000] {dag.py:4138} INFO - Setting next_dagrun for conditional_dataset_and_time_based_timetable to 2026-08-05 01:00:00+00:00, run_after=2026-08-05 01:00:00+00:00
[2026-08-08T18:11:51.315+0000] {logging_mixin.py:190} INFO - [2026-08-08T18:11:51.314+0000] {dag.py:4138} INFO - Setting next_dagrun for consume_1_and_2_with_dataset_expressions to None, run_after=None
[2026-08-08T18:11:51.320+0000] {logging_mixin.py:190} INFO - [2026-08-08T18:11:51.320+0000] {dag.py:4138} INFO - Setting next_dagrun for consume_1_or_2_with_dataset_expressions to None, run_after=None
[2026-08-08T18:11:51.322+0000] {logging_mixin.py:190} INFO - [2026-08-08T18:11:51.322+0000] {dag.py:4138} INFO - Setting next_dagrun for consume_1_or_both_2_and_3_with_dataset_expressions to None, run_after=None
[2026-08-08T18:11:51.324+0000] {logging_mixin.py:190} INFO - [2026-08-08T18:11:51.324+0000] {dag.py:4138} INFO - Setting next_dagrun for dataset_consumes_1 to None, run_after=None
[2026-08-08T18:11:51.326+0000] {logging_mixin.py:190} INFO - [2026-08-08T18:11:51.326+0000] {dag.py:4138} INFO - Setting next_dagrun for dataset_consumes_1_and_2 to None, run_after=None
[2026-08-08T18:11:51.329+0000] {logging_mixin.py:190} INFO - [2026-08-08T18:11:51.328+0000] {dag.py:4138} INFO - Setting next_dagrun for dataset_consumes_1_never_scheduled to None, run_after=None
[2026-08-08T18:11:51.331+0000] {logging_mixin.py:190} INFO - [2026-08-08T18:11:51.331+0000] {dag.py:4138} INFO - Setting next_dagrun for dataset_consumes_unknown_never_scheduled to None, run_after=None
[2026-08-08T18:11:51.335+0000] {logging_mixin.py:190} INFO - [2026-08-08T18:11:51.334+0000] {dag.py:4138} INFO - Setting next_dagrun for dataset_produces_1 to 2026-08-07 00:00:00+00:00, run_after=2026-08-08 00:00:00+00:00
[2026-08-08T18:11:51.337+0000] {logging_mixin.py:190} INFO - [2026-08-08T18:11:51.336+0000] {dag.py:4138} INFO - Setting next_dagrun for dataset_produces_2 to None, run_after=None
[2026-08-08T18:11:51.389+0000] {processor.py:208} INFO - Processing /home/airflow/.local/lib/python3.12/site-packages/airflow/example_dags/example_datasets.py took 0.340 seconds
[2026-08-08T18:13:06.015+0000] {processor.py:186} INFO - Started process (PID=87) to work on /home/airflow/.local/lib/python3.12/site-packages/airflow/example_dags/example_datasets.py
[2026-08-08T18:13:06.017+0000] {processor.py:914} INFO - Processing file /home/airflow/.local/lib/python3.12/site-packages/airflow/example_dags/example_datasets.py for tasks to queue
[2026-08-08T18:13:06.020+0000] {logging_mixin.py:190} INFO - [2026-08-08T18:13:06.020+0000] {dagbag.py:587} INFO - Filling up the DagBag from /home/airflow/.local/lib/python3.12/site-packages/airflow/example_dags/example_datasets.py
[2026-08-08T18:13:06.206+0000] {processor.py:925} INFO - DAG(s) 'consume_1_and_2_with_dataset_expressions', 'dataset_consumes_1_never_scheduled', 'dataset_consumes_unknown_never_scheduled', 'dataset_consumes_1', 'conditional_dataset_and_time_based_timetable', 'dataset_consumes_1_and_2', 'consume_1_or_2_with_dataset_expressions', 'dataset_produces_1', 'consume_1_or_both_2_and_3_with_dataset_expressions', 'dataset_produces_2' retrieved from /home/airflow/.local/lib/python3.12/site-packages/airflow/example_dags/example_datasets.py
[2026-08-08T18:13:06.263+0000] {logging_mixin.py:190} INFO - [2026-08-08T18:13:06.262+0000] {dag.py:3211} INFO - Sync 10 DAGs
[2026-08-08T18:13:06.292+0000] {logging_mixin.py:190} INFO - [2026-08-08T18:13:06.292+0000] {dag.py:4138} INFO - Setting next_dagrun for conditional_dataset_and_time_based_timetable to 2026-08-05 01:00:00+00:00, run_after=2026-08-05 01:00:00+00:00
[2026-08-08T18:13:06.298+0000] {logging_mixin.py:190} INFO - [2026-08-08T18:13:06.297+0000] {dag.py:4138} INFO - Setting next_dagrun for consume_1_and_2_with_dataset_expressions to None, run_after=None
[2026-08-08T18:13:06.300+0000] {logging_mixin.py:190} INFO - [2026-08-08T18:13:06.300+0000] {dag.py:4138} INFO - Setting next_dagrun for consume_1_or_2_with_dataset_expressions to None, run_after=None
[2026-08-08T18:13:06.302+0000] {logging_mixin.py:190} INFO - [2026-08-08T18:13:06.302+0000] {dag.py:4138} INFO - Setting next_dagrun for consume_1_or_both_2_and_3_with_dataset_expressions to None, run_after=None
[2026-08-08T18:13:06.304+0000] {logging_mixin.py:190} INFO - [2026-08-08T18:13:06.304+0000] {dag.py:4138} INFO - Setting next_dagrun for dataset_consumes_1 to None, run_after=None
[2026-08-08T18:13:06.306+0000] {logging_mixin.py:190} INFO - [2026-08-08T18:13:06.306+0000] {dag.py:4138} INFO - Setting next_dagrun for dataset_consumes_1_and_2 to None, run_after=None
[2026-08-08T18:13:06.308+0000] {logging_mixin.py:190} INFO - [2026-08-08T18:13:06.308+0000] {dag.py:4138} INFO - Setting next_dagrun for dataset_consumes_1_never_scheduled to None, run_after=None
[2026-08-08T18:13:06.310+0000] {logging_mixin.py:190} INFO - [2026-08-08T18:13:06.310+0000] {dag.py:4138} INFO - Setting next_dagrun for dataset_consumes_unknown_never_scheduled to None, run_after=None
[2026-08-08T18:13:06.313+0000] {logging_mixin.py:190} INFO - [2026-08-08T18:13:06.313+0000] {dag.py:4138} INFO - Setting next_dagrun for dataset_produces_1 to 2026-08-07 00:00:00+00:00, run_after=2026-08-08 00:00:00+00:00
[2026-08-08T18:13:06.315+0000] {logging_mixin.py:190} INFO - [2026-08-08T18:13:06.315+0000] {dag.py:4138} INFO - Setting next_dagrun for dataset_produces_2 to None, run_after=None
[2026-08-08T18:13:06.359+0000] {processor.py:208} INFO - Processing /home/airflow/.local/lib/python3.12/site-packages/airflow/example_dags/example_datasets.py took 0.352 seconds
[2026-08-08T18:13:37.156+0000] {processor.py:186} INFO - Started process (PID=156) to work on /home/airflow/.local/lib/python3.12/site-packages/airflow/example_dags/example_datasets.py
[2026-08-08T18:13:37.157+0000] {processor.py:914} INFO - Processing file /home/airflow/.local/lib/python3.12/site-packages/airflow/example_dags/example_datasets.py for tasks to queue
[2026-08-08T18:13:37.160+0000] {logging_mixin.py:190} INFO - [2026-08-08T18:13:37.159+0000] {dagbag.py:587} INFO - Filling up the DagBag from /home/airflow/.local/lib/python3.12/site-packages/airflow/example_dags/example_datasets.py
[2026-08-08T18:13:37.303+0000] {processor.py:925} INFO - DAG(s) 'dataset_consumes_1_and_2', 'dataset_consumes_unknown_never_scheduled', 'consume_1_or_both_2_and_3_with_dataset_expressions', 'dataset_produces_2', 'dataset_consumes_1', 'consume_1_and_2_with_dataset_expressions', 'conditional_dataset_and_time_based_timetable', 'consume_1_or_2_with_dataset_expressions', 'dataset_consumes_1_never_scheduled', 'dataset_produces_1' retrieved from /home/airflow/.local/lib/python3.12/site-packages/airflow/example_dags/example_datasets.py
[2026-08-08T18:13:37.357+0000] {logging_mixin.py:190} INFO - [2026-08-08T18:13:37.357+0000] {dag.py:3211} INFO - Sync 10 DAGs
[2026-08-08T18:13:37.384+0000] {logging_mixin.py:190} INFO - [2026-08-08T18:13:37.384+0000] {dag.py:4138} INFO - Setting next_dagrun for conditional_dataset_and_time_based_timetable to 2026-08-05 01:00:00+00:00, run_after=2026-08-05 01:00:00+00:00
[2026-08-08T18:13:37.390+0000] {logging_mixin.py:190} INFO - [2026-08-08T18:13:37.390+0000] {dag.py:4138} INFO - Setting next_dagrun for consume_1_and_2_with_dataset_expressions to None, run_after=None
[2026-08-08T18:13:37.393+0000] {logging_mixin.py:190} INFO - [2026-08-08T18:13:37.393+0000] {dag.py:4138} INFO - Setting next_dagrun for consume_1_or_2_with_dataset_expressions to None, run_after=None
[2026-08-08T18:13:37.395+0000] {logging_mixin.py:190} INFO - [2026-08-08T18:13:37.395+0000] {dag.py:4138} INFO - Setting next_dagrun for consume_1_or_both_2_and_3_with_dataset_expressions to None, run_after=None
[2026-08-08T18:13:37.396+0000] {logging_mixin.py:190} INFO - [2026-08-08T18:13:37.396+0000] {dag.py:4138} INFO - Setting next_dagrun for dataset_consumes_1 to None, run_after=None
[2026-08-08T18:13:37.398+0000] {logging_mixin.py:190} INFO - [2026-08-08T18:13:37.398+0000] {dag.py:4138} INFO - Setting next_dagrun for dataset_consumes_1_and_2 to None, run_after=None
[2026-08-08T18:13:37.400+0000] {logging_mixin.py:190} INFO - [2026-08-08T18:13:37.400+0000] {dag.py:4138} INFO - Setting next_dagrun for dataset_consumes_1_never_scheduled to None, run_after=None
[2026-08-08T18:13:37.402+0000] {logging_mixin.py:190} INFO - [2026-08-08T18:13:37.402+0000] {dag.py:4138} INFO - Setting next_dagrun for dataset_consumes_unknown_never_scheduled to None, run_after=None
[2026-08-08T18:13:37.404+0000] {logging_mixin.py:190} INFO - [2026-08-08T18:13:37.404+0000] {dag.py:4138} INFO - Setting next_dagrun for dataset_produces_1 to 2026-08-07 00:00:00+00:00, run_after=2026-08-08 00:00:00+00:00
[2026-08-08T18:13:37.406+0000] {logging_mixin.py:190} INFO - [2026-08-08T18:13:37.406+0000] {dag.py:4138} INFO - Setting next_dagrun for dataset_produces_2 to None, run_after=None
[2026-08-08T18:13:37.449+0000] {processor.py:208} INFO - Processing /home/airflow/.local/lib/python3.12/site-packages/airflow/example_dags/example_datasets.py took 0.299 seconds
[2026-08-08T18:14:07.891+0000] {processor.py:186} INFO - Started process (PID=219) to work on /home/airflow/.local/lib/python3.12/site-packages/airflow/example_dags/example_datasets.py
[2026-08-08T18:14:07.892+0000] {processor.py:914} INFO - Processing file /home/airflow/.local/lib/python3.12/site-packages/airflow/example_dags/example_datasets.py for tasks to queue
[2026-08-08T18:14:07.895+0000] {logging_mixin.py:190} INFO - [2026-08-08T18:14:07.894+0000] {dagbag.py:587} INFO - Filling up the DagBag from /home/airflow/.local/lib/python3.12/site-packages/airflow/example_dags/example_datasets.py
[2026-08-08T18:14:08.032+0000] {processor.py:925} INFO - DAG(s) 'consume_1_or_2_with_dataset_expressions', 'dataset_produces_1', 'dataset_consumes_1_and_2', 'dataset_consumes_unknown_never_scheduled', 'dataset_consumes_1_never_scheduled', 'consume_1_and_2_with_dataset_expressions', 'dataset_produces_2', 'conditional_dataset_and_time_based_timetable', 'dataset_consumes_1', 'consume_1_or_both_2_and_3_with_dataset_expressions' retrieved from /home/airflow/.local/lib/python3.12/site-packages/airflow/example_dags/example_datasets.py
[2026-08-08T18:14:08.069+0000] {logging_mixin.py:190} INFO - [2026-08-08T18:14:08.069+0000] {dag.py:3211} INFO - Sync 10 DAGs
[2026-08-08T18:14:08.102+0000] {logging_mixin.py:190} INFO - [2026-08-08T18:14:08.102+0000] {dag.py:4138} INFO - Setting next_dagrun for conditional_dataset_and_time_based_timetable to 2026-08-05 01:00:00+00:00, run_after=2026-08-05 01:00:00+00:00
[2026-08-08T18:14:08.106+0000] {logging_mixin.py:190} INFO - [2026-08-08T18:14:08.106+0000] {dag.py:4138} INFO - Setting next_dagrun for consume_1_and_2_with_dataset_expressions to None, run_after=None
[2026-08-08T18:14:08.108+0000] {logging_mixin.py:190} INFO - [2026-08-08T18:14:08.108+0000] {dag.py:4138} INFO - Setting next_dagrun for consume_1_or_2_with_dataset_expressions to None, run_after=None
[2026-08-08T18:14:08.109+0000] {logging_mixin.py:190} INFO - [2026-08-08T18:14:08.109+0000] {dag.py:4138} INFO - Setting next_dagrun for consume_1_or_both_2_and_3_with_dataset_expressions to None, run_after=None
[2026-08-08T18:14:08.111+0000] {logging_mixin.py:190} INFO - [2026-08-08T18:14:08.111+0000] {dag.py:4138} INFO - Setting next_dagrun for dataset_consumes_1 to None, run_after=None
[2026-08-08T18:14:08.112+0000] {logging_mixin.py:190} INFO - [2026-08-08T18:14:08.112+0000] {dag.py:4138} INFO - Setting next_dagrun for dataset_consumes_1_and_2 to None, run_after=None
[2026-08-08T18:14:08.114+0000] {logging_mixin.py:190} INFO - [2026-08-08T18:14:08.113+0000] {dag.py:4138} INFO - Setting next_dagrun for dataset_consumes_1_never_scheduled to None, run_after=None
[2026-08-08T18:14:08.115+0000] {logging_mixin.py:190} INFO - [2026-08-08T18:14:08.115+0000] {dag.py:4138} INFO - Setting next_dagrun for dataset_consumes_unknown_never_scheduled to None, run_after=None
[2026-08-08T18:14:08.117+0000] {logging_mixin.py:190} INFO - [2026-08-08T18:14:08.117+0000] {dag.py:4138} INFO - Setting next_dagrun for dataset_produces_1 to 2026-08-07 00:00:00+00:00, run_after=2026-08-08 00:00:00+00:00
[2026-08-08T18:14:08.118+0000] {logging_mixin.py:190} INFO - [2026-08-08T18:14:08.118+0000] {dag.py:4138} INFO - Setting next_dagrun for dataset_produces_2 to None, run_after=None
[2026-08-08T18:14:08.151+0000] {processor.py:208} INFO - Processing /home/airflow/.local/lib/python3.12/site-packages/airflow/example_dags/example_datasets.py took 0.265 seconds
[2026-08-08T18:14:38.229+0000] {processor.py:186} INFO - Started process (PID=282) to work on /home/airflow/.local/lib/python3.12/site-packages/airflow/example_dags/example_datasets.py
[2026-08-08T18:14:38.230+0000] {processor.py:914} INFO - Processing file /home/airflow/.local/lib/python3.12/site-packages/airflow/example_dags/example_datasets.py for tasks to queue
[2026-08-08T18:14:38.233+0000] {logging_mixin.py:190} INFO - [2026-08-08T18:14:38.233+0000] {dagbag.py:587} INFO - Filling up the DagBag from /home/airflow/.local/lib/python3.12/site-packages/airflow/example_dags/example_datasets.py
[2026-08-08T18:14:38.365+0000] {processor.py:925} INFO - DAG(s) 'dataset_consumes_1_and_2', 'dataset_consumes_unknown_never_scheduled', 'conditional_dataset_and_time_based_timetable', 'dataset_produces_1', 'consume_1_and_2_with_dataset_expressions', 'consume_1_or_both_2_and_3_with_dataset_expressions', 'dataset_produces_2', 'dataset_consumes_1_never_scheduled', 'consume_1_or_2_with_dataset_expressions', 'dataset_consumes_1' retrieved from /home/airflow/.local/lib/python3.12/site-packages/airflow/example_dags/example_datasets.py
[2026-08-08T18:14:38.403+0000] {logging_mixin.py:190} INFO - [2026-08-08T18:14:38.403+0000] {dag.py:3211} INFO - Sync 10 DAGs
[2026-08-08T18:14:38.425+0000] {logging_mixin.py:190} INFO - [2026-08-08T18:14:38.425+0000] {dag.py:4138} INFO - Setting next_dagrun for conditional_dataset_and_time_based_timetable to 2026-08-05 01:00:00+00:00, run_after=2026-08-05 01:00:00+00:00
[2026-08-08T18:14:38.429+0000] {logging_mixin.py:190} INFO - [2026-08-08T18:14:38.429+0000] {dag.py:4138} INFO - Setting next_dagrun for consume_1_and_2_with_dataset_expressions to None, run_after=None
[2026-08-08T18:14:38.430+0000] {logging_mixin.py:190} INFO - [2026-08-08T18:14:38.430+0000] {dag.py:4138} INFO - Setting next_dagrun for consume_1_or_2_with_dataset_expressions to None, run_after=None
[2026-08-08T18:14:38.432+0000] {logging_mixin.py:190} INFO - [2026-08-08T18:14:38.431+0000] {dag.py:4138} INFO - Setting next_dagrun for consume_1_or_both_2_and_3_with_dataset_expressions to None, run_after=None
[2026-08-08T18:14:38.433+0000] {logging_mixin.py:190} INFO - [2026-08-08T18:14:38.433+0000] {dag.py:4138} INFO - Setting next_dagrun for dataset_consumes_1 to None, run_after=None
[2026-08-08T18:14:38.434+0000] {logging_mixin.py:190} INFO - [2026-08-08T18:14:38.434+0000] {dag.py:4138} INFO - Setting next_dagrun for dataset_consumes_1_and_2 to None, run_after=None
[2026-08-08T18:14:38.435+0000] {logging_mixin.py:190} INFO - [2026-08-08T18:14:38.435+0000] {dag.py:4138} INFO - Setting next_dagrun for dataset_consumes_1_never_scheduled to None, run_after=None
[2026-08-08T18:14:38.436+0000] {logging_mixin.py:190} INFO - [2026-08-08T18:14:38.436+0000] {dag.py:4138} INFO - Setting next_dagrun for dataset_consumes_unknown_never_scheduled to None, run_after=None
[2026-08-08T18:14:38.438+0000] {logging_mixin.py:190} INFO - [2026-08-08T18:14:38.438+0000] {dag.py:4138} INFO - Setting next_dagrun for dataset_produces_1 to 2026-08-07 00:00:00+00:00, run_after=2026-08-08 00:00:00+00:00
[2026-08-08T18:14:38.440+0000] {logging_mixin.py:190} INFO - [2026-08-08T18:14:38.440+0000] {dag.py:4138} INFO - Setting next_dagrun for dataset_produces_2 to None, run_after=None
[2026-08-08T18:14:38.472+0000] {processor.py:208} INFO - Processing /home/airflow/.local/lib/python3.12/site-packages/airflow/example_dags/example_datasets.py took 0.249 seconds
[2026-08-08T18:15:08.847+0000] {processor.py:186} INFO - Started process (PID=345) to work on /home/airflow/.local/lib/python3.12/site-packages/airflow/example_dags/example_datasets.py
[2026-08-08T18:15:08.848+0000] {processor.py:914} INFO - Processing file /home/airflow/.local/lib/python3.12/site-packages/airflow/example_dags/example_datasets.py for tasks to queue
[2026-08-08T18:15:08.851+0000] {logging_mixin.py:190} INFO - [2026-08-08T18:15:08.851+0000] {dagbag.py:587} INFO - Filling up the DagBag from /home/airflow/.local/lib/python3.12/site-packages/airflow/example_dags/example_datasets.py
[2026-08-08T18:15:09.119+0000] {processor.py:925} INFO - DAG(s) 'conditional_dataset_and_time_based_timetable', 'dataset_produces_1', 'dataset_consumes_1_and_2', 'consume_1_or_both_2_and_3_with_dataset_expressions', 'consume_1_and_2_with_dataset_expressions', 'consume_1_or_2_with_dataset_expressions', 'dataset_consumes_1_never_scheduled', 'dataset_produces_2', 'dataset_consumes_unknown_never_scheduled', 'dataset_consumes_1' retrieved from /home/airflow/.local/lib/python3.12/site-packages/airflow/example_dags/example_datasets.py
[2026-08-08T18:15:09.192+0000] {logging_mixin.py:190} INFO - [2026-08-08T18:15:09.191+0000] {dag.py:3211} INFO - Sync 10 DAGs
[2026-08-08T18:15:09.242+0000] {logging_mixin.py:190} INFO - [2026-08-08T18:15:09.241+0000] {dag.py:4138} INFO - Setting next_dagrun for conditional_dataset_and_time_based_timetable to 2026-08-05 01:00:00+00:00, run_after=2026-08-05 01:00:00+00:00
[2026-08-08T18:15:09.249+0000] {logging_mixin.py:190} INFO - [2026-08-08T18:15:09.249+0000] {dag.py:4138} INFO - Setting next_dagrun for consume_1_and_2_with_dataset_expressions to None, run_after=None
[2026-08-08T18:15:09.254+0000] {logging_mixin.py:190} INFO - [2026-08-08T18:15:09.253+0000] {dag.py:4138} INFO - Setting next_dagrun for consume_1_or_2_with_dataset_expressions to None, run_after=None
[2026-08-08T18:15:09.258+0000] {logging_mixin.py:190} INFO - [2026-08-08T18:15:09.258+0000] {dag.py:4138} INFO - Setting next_dagrun for consume_1_or_both_2_and_3_with_dataset_expressions to None, run_after=None
[2026-08-08T18:15:09.262+0000] {logging_mixin.py:190} INFO - [2026-08-08T18:15:09.262+0000] {dag.py:4138} INFO - Setting next_dagrun for dataset_consumes_1 to None, run_after=None
[2026-08-08T18:15:09.265+0000] {logging_mixin.py:190} INFO - [2026-08-08T18:15:09.265+0000] {dag.py:4138} INFO - Setting next_dagrun for dataset_consumes_1_and_2 to None, run_after=None
[2026-08-08T18:15:09.268+0000] {logging_mixin.py:190} INFO - [2026-08-08T18:15:09.268+0000] {dag.py:4138} INFO - Setting next_dagrun for dataset_consumes_1_never_scheduled to None, run_after=None
[2026-08-08T18:15:09.271+0000] {logging_mixin.py:190} INFO - [2026-08-08T18:15:09.271+0000] {dag.py:4138} INFO - Setting next_dagrun for dataset_consumes_unknown_never_scheduled to None, run_after=None
[2026-08-08T18:15:09.276+0000] {logging_mixin.py:190} INFO - [2026-08-08T18:15:09.276+0000] {dag.py:4138} INFO - Setting next_dagrun for dataset_produces_1 to 2026-08-07 00:00:00+00:00, run_after=2026-08-08 00:00:00+00:00
[2026-08-08T18:15:09.278+0000] {logging_mixin.py:190} INFO - [2026-08-08T18:15:09.278+0000] {dag.py:4138} INFO - Setting next_dagrun for dataset_produces_2 to None, run_after=None
[2026-08-08T18:15:09.327+0000] {processor.py:208} INFO - Processing /home/airflow/.local/lib/python3.12/site-packages/airflow/example_dags/example_datasets.py took 0.489 seconds
[2026-08-08T18:15:39.901+0000] {processor.py:186} INFO - Started process (PID=408) to work on /home/airflow/.local/lib/python3.12/site-packages/airflow/example_dags/example_datasets.py
[2026-08-08T18:15:39.903+0000] {processor.py:914} INFO - Processing file /home/airflow/.local/lib/python3.12/site-packages/airflow/example_dags/example_datasets.py for tasks to queue
[2026-08-08T18:15:39.906+0000] {logging_mixin.py:190} INFO - [2026-08-08T18:15:39.906+0000] {dagbag.py:587} INFO - Filling up the DagBag from /home/airflow/.local/lib/python3.12/site-packages/airflow/example_dags/example_datasets.py
[2026-08-08T18:15:40.095+0000] {processor.py:925} INFO - DAG(s) 'dataset_consumes_1_and_2', 'consume_1_or_2_with_dataset_expressions', 'consume_1_or_both_2_and_3_with_dataset_expressions', 'dataset_consumes_unknown_never_scheduled', 'dataset_consumes_1_never_scheduled', 'consume_1_and_2_with_dataset_expressions', 'dataset_consumes_1', 'dataset_produces_1', 'dataset_produces_2', 'conditional_dataset_and_time_based_timetable' retrieved from /home/airflow/.local/lib/python3.12/site-packages/airflow/example_dags/example_datasets.py
[2026-08-08T18:15:40.142+0000] {logging_mixin.py:190} INFO - [2026-08-08T18:15:40.142+0000] {dag.py:3211} INFO - Sync 10 DAGs
[2026-08-08T18:15:40.176+0000] {logging_mixin.py:190} INFO - [2026-08-08T18:15:40.176+0000] {dag.py:4138} INFO - Setting next_dagrun for conditional_dataset_and_time_based_timetable to 2026-08-05 01:00:00+00:00, run_after=2026-08-05 01:00:00+00:00
[2026-08-08T18:15:40.180+0000] {logging_mixin.py:190} INFO - [2026-08-08T18:15:40.180+0000] {dag.py:4138} INFO - Setting next_dagrun for consume_1_and_2_with_dataset_expressions to None, run_after=None
[2026-08-08T18:15:40.182+0000] {logging_mixin.py:190} INFO - [2026-08-08T18:15:40.182+0000] {dag.py:4138} INFO - Setting next_dagrun for consume_1_or_2_with_dataset_expressions to None, run_after=None
[2026-08-08T18:15:40.184+0000] {logging_mixin.py:190} INFO - [2026-08-08T18:15:40.184+0000] {dag.py:4138} INFO - Setting next_dagrun for consume_1_or_both_2_and_3_with_dataset_expressions to None, run_after=None
[2026-08-08T18:15:40.186+0000] {logging_mixin.py:190} INFO - [2026-08-08T18:15:40.186+0000] {dag.py:4138} INFO - Setting next_dagrun for dataset_consumes_1 to None, run_after=None
[2026-08-08T18:15:40.188+0000] {logging_mixin.py:190} INFO - [2026-08-08T18:15:40.188+0000] {dag.py:4138} INFO - Setting next_dagrun for dataset_consumes_1_and_2 to None, run_after=None
[2026-08-08T18:15:40.189+0000] {logging_mixin.py:190} INFO - [2026-08-08T18:15:40.189+0000] {dag.py:4138} INFO - Setting next_dagrun for dataset_consumes_1_never_scheduled to None, run_after=None
[2026-08-08T18:15:40.191+0000] {logging_mixin.py:190} INFO - [2026-08-08T18:15:40.191+0000] {dag.py:4138} INFO - Setting next_dagrun for dataset_consumes_unknown_never_scheduled to None, run_after=None
[2026-08-08T18:15:40.193+0000] {logging_mixin.py:190} INFO - [2026-08-08T18:15:40.193+0000] {dag.py:4138} INFO - Setting next_dagrun for dataset_produces_1 to 2026-08-07 00:00:00+00:00, run_after=2026-08-08 00:00:00+00:00
[2026-08-08T18:15:40.194+0000] {logging_mixin.py:190} INFO - [2026-08-08T18:15:40.194+0000] {dag.py:4138} INFO - Setting next_dagrun for dataset_produces_2 to None, run_after=None
[2026-08-08T18:15:40.232+0000] {processor.py:208} INFO - Processing /home/airflow/.local/lib/python3.12/site-packages/airflow/example_dags/example_datasets.py took 0.337 seconds
[2026-08-08T18:17:11.314+0000] {processor.py:186} INFO - Started process (PID=106) to work on /home/airflow/.local/lib/python3.12/site-packages/airflow/example_dags/example_datasets.py
[2026-08-08T18:17:11.316+0000] {processor.py:914} INFO - Processing file /home/airflow/.local/lib/python3.12/site-packages/airflow/example_dags/example_datasets.py for tasks to queue
[2026-08-08T18:17:11.319+0000] {logging_mixin.py:190} INFO - [2026-08-08T18:17:11.319+0000] {dagbag.py:587} INFO - Filling up the DagBag from /home/airflow/.local/lib/python3.12/site-packages/airflow/example_dags/example_datasets.py
[2026-08-08T18:17:11.505+0000] {processor.py:925} INFO - DAG(s) 'dataset_produces_2', 'conditional_dataset_and_time_based_timetable', 'consume_1_and_2_with_dataset_expressions', 'dataset_consumes_1_never_scheduled', 'consume_1_or_2_with_dataset_expressions', 'dataset_consumes_unknown_never_scheduled', 'dataset_consumes_1_and_2', 'dataset_consumes_1', 'dataset_produces_1', 'consume_1_or_both_2_and_3_with_dataset_expressions' retrieved from /home/airflow/.local/lib/python3.12/site-packages/airflow/example_dags/example_datasets.py
[2026-08-08T18:17:11.559+0000] {logging_mixin.py:190} INFO - [2026-08-08T18:17:11.559+0000] {dag.py:3211} INFO - Sync 10 DAGs
[2026-08-08T18:17:11.590+0000] {logging_mixin.py:190} INFO - [2026-08-08T18:17:11.590+0000] {dag.py:4138} INFO - Setting next_dagrun for conditional_dataset_and_time_based_timetable to 2026-08-05 01:00:00+00:00, run_after=2026-08-05 01:00:00+00:00
[2026-08-08T18:17:11.595+0000] {logging_mixin.py:190} INFO - [2026-08-08T18:17:11.595+0000] {dag.py:4138} INFO - Setting next_dagrun for consume_1_and_2_with_dataset_expressions to None, run_after=None
[2026-08-08T18:17:11.597+0000] {logging_mixin.py:190} INFO - [2026-08-08T18:17:11.597+0000] {dag.py:4138} INFO - Setting next_dagrun for consume_1_or_2_with_dataset_expressions to None, run_after=None
[2026-08-08T18:17:11.599+0000] {logging_mixin.py:190} INFO - [2026-08-08T18:17:11.599+0000] {dag.py:4138} INFO - Setting next_dagrun for consume_1_or_both_2_and_3_with_dataset_expressions to None, run_after=None
[2026-08-08T18:17:11.600+0000] {logging_mixin.py:190} INFO - [2026-08-08T18:17:11.600+0000] {dag.py:4138} INFO - Setting next_dagrun for dataset_consumes_1 to None, run_after=None
[2026-08-08T18:17:11.602+0000] {logging_mixin.py:190} INFO - [2026-08-08T18:17:11.602+0000] {dag.py:4138} INFO - Setting next_dagrun for dataset_consumes_1_and_2 to None, run_after=None
[2026-08-08T18:17:11.604+0000] {logging_mixin.py:190} INFO - [2026-08-08T18:17:11.604+0000] {dag.py:4138} INFO - Setting next_dagrun for dataset_consumes_1_never_scheduled to None, run_after=None
[2026-08-08T18:17:11.629+0000] {logging_mixin.py:190} INFO - [2026-08-08T18:17:11.629+0000] {dag.py:4138} INFO - Setting next_dagrun for dataset_consumes_unknown_never_scheduled to None, run_after=None
[2026-08-08T18:17:11.634+0000] {logging_mixin.py:190} INFO - [2026-08-08T18:17:11.633+0000] {dag.py:4138} INFO - Setting next_dagrun for dataset_produces_1 to 2026-08-07 00:00:00+00:00, run_after=2026-08-08 00:00:00+00:00
[2026-08-08T18:17:11.637+0000] {logging_mixin.py:190} INFO - [2026-08-08T18:17:11.637+0000] {dag.py:4138} INFO - Setting next_dagrun for dataset_produces_2 to None, run_after=None
[2026-08-08T18:17:11.683+0000] {processor.py:208} INFO - Processing /home/airflow/.local/lib/python3.12/site-packages/airflow/example_dags/example_datasets.py took 0.375 seconds
[2026-08-08T18:17:42.366+0000] {processor.py:186} INFO - Started process (PID=169) to work on /home/airflow/.local/lib/python3.12/site-packages/airflow/example_dags/example_datasets.py
[2026-08-08T18:17:42.368+0000] {processor.py:914} INFO - Processing file /home/airflow/.local/lib/python3.12/site-packages/airflow/example_dags/example_datasets.py for tasks to queue
[2026-08-08T18:17:42.371+0000] {logging_mixin.py:190} INFO - [2026-08-08T18:17:42.371+0000] {dagbag.py:587} INFO - Filling up the DagBag from /home/airflow/.local/lib/python3.12/site-packages/airflow/example_dags/example_datasets.py
[2026-08-08T18:17:42.535+0000] {processor.py:925} INFO - DAG(s) 'conditional_dataset_and_time_based_timetable', 'consume_1_or_2_with_dataset_expressions', 'dataset_consumes_1_and_2', 'consume_1_or_both_2_and_3_with_dataset_expressions', 'dataset_produces_1', 'consume_1_and_2_with_dataset_expressions', 'dataset_consumes_unknown_never_scheduled', 'dataset_produces_2', 'dataset_consumes_1', 'dataset_consumes_1_never_scheduled' retrieved from /home/airflow/.local/lib/python3.12/site-packages/airflow/example_dags/example_datasets.py
[2026-08-08T18:17:42.578+0000] {logging_mixin.py:190} INFO - [2026-08-08T18:17:42.577+0000] {dag.py:3211} INFO - Sync 10 DAGs
[2026-08-08T18:17:42.607+0000] {logging_mixin.py:190} INFO - [2026-08-08T18:17:42.606+0000] {dag.py:4138} INFO - Setting next_dagrun for conditional_dataset_and_time_based_timetable to 2026-08-05 01:00:00+00:00, run_after=2026-08-05 01:00:00+00:00
[2026-08-08T18:17:42.610+0000] {logging_mixin.py:190} INFO - [2026-08-08T18:17:42.610+0000] {dag.py:4138} INFO - Setting next_dagrun for consume_1_and_2_with_dataset_expressions to None, run_after=None
[2026-08-08T18:17:42.612+0000] {logging_mixin.py:190} INFO - [2026-08-08T18:17:42.612+0000] {dag.py:4138} INFO - Setting next_dagrun for consume_1_or_2_with_dataset_expressions to None, run_after=None
[2026-08-08T18:17:42.614+0000] {logging_mixin.py:190} INFO - [2026-08-08T18:17:42.614+0000] {dag.py:4138} INFO - Setting next_dagrun for consume_1_or_both_2_and_3_with_dataset_expressions to None, run_after=None
[2026-08-08T18:17:42.616+0000] {logging_mixin.py:190} INFO - [2026-08-08T18:17:42.616+0000] {dag.py:4138} INFO - Setting next_dagrun for dataset_consumes_1 to None, run_after=None
[2026-08-08T18:17:42.618+0000] {logging_mixin.py:190} INFO - [2026-08-08T18:17:42.618+0000] {dag.py:4138} INFO - Setting next_dagrun for dataset_consumes_1_and_2 to None, run_after=None
[2026-08-08T18:17:42.620+0000] {logging_mixin.py:190} INFO - [2026-08-08T18:17:42.620+0000] {dag.py:4138} INFO - Setting next_dagrun for dataset_consumes_1_never_scheduled to None, run_after=None
[2026-08-08T18:17:42.623+0000] {logging_mixin.py:190} INFO - [2026-08-08T18:17:42.622+0000] {dag.py:4138} INFO - Setting next_dagrun for dataset_consumes_unknown_never_scheduled to None, run_after=None
[2026-08-08T18:17:42.627+0000] {logging_mixin.py:190} INFO - [2026-08-08T18:17:42.627+0000] {dag.py:4138} INFO - Setting next_dagrun for dataset_produces_1 to 2026-08-07 00:00:00+00:00, run_after=2026-08-08 00:00:00+00:00
[2026-08-08T18:17:42.629+0000] {logging_mixin.py:190} INFO - [2026-08-08T18:17:42.629+0000] {dag.py:4138} INFO - Setting next_dagrun for dataset_produces_2 to None, run_after=None
[2026-08-08T18:17:42.668+0000] {processor.py:208} INFO - Processing /home/airflow/.local/lib/python3.12/site-packages/airflow/example_dags/example_datasets.py took 0.311 seconds
[2026-08-08T18:18:13.063+0000] {processor.py:186} INFO - Started process (PID=232) to work on /home/airflow/.local/lib/python3.12/site-packages/airflow/example_dags/example_datasets.py
[2026-08-08T18:18:13.064+0000] {processor.py:914} INFO - Processing file /home/airflow/.local/lib/python3.12/site-packages/airflow/example_dags/example_datasets.py for tasks to queue
[2026-08-08T18:18:13.067+0000] {logging_mixin.py:190} INFO - [2026-08-08T18:18:13.067+0000] {dagbag.py:587} INFO - Filling up the DagBag from /home/airflow/.local/lib/python3.12/site-packages/airflow/example_dags/example_datasets.py
[2026-08-08T18:18:13.258+0000] {processor.py:925} INFO - DAG(s) 'consume_1_or_2_with_dataset_expressions', 'conditional_dataset_and_time_based_timetable', 'dataset_produces_2', 'dataset_consumes_unknown_never_scheduled', 'consume_1_or_both_2_and_3_with_dataset_expressions', 'consume_1_and_2_with_dataset_expressions', 'dataset_consumes_1_and_2', 'dataset_consumes_1_never_scheduled', 'dataset_consumes_1', 'dataset_produces_1' retrieved from /home/airflow/.local/lib/python3.12/site-packages/airflow/example_dags/example_datasets.py
[2026-08-08T18:18:13.317+0000] {logging_mixin.py:190} INFO - [2026-08-08T18:18:13.317+0000] {dag.py:3211} INFO - Sync 10 DAGs
[2026-08-08T18:18:13.359+0000] {logging_mixin.py:190} INFO - [2026-08-08T18:18:13.359+0000] {dag.py:4138} INFO - Setting next_dagrun for conditional_dataset_and_time_based_timetable to 2026-08-05 01:00:00+00:00, run_after=2026-08-05 01:00:00+00:00
[2026-08-08T18:18:13.364+0000] {logging_mixin.py:190} INFO - [2026-08-08T18:18:13.364+0000] {dag.py:4138} INFO - Setting next_dagrun for consume_1_and_2_with_dataset_expressions to None, run_after=None
[2026-08-08T18:18:13.366+0000] {logging_mixin.py:190} INFO - [2026-08-08T18:18:13.366+0000] {dag.py:4138} INFO - Setting next_dagrun for consume_1_or_2_with_dataset_expressions to None, run_after=None
[2026-08-08T18:18:13.368+0000] {logging_mixin.py:190} INFO - [2026-08-08T18:18:13.367+0000] {dag.py:4138} INFO - Setting next_dagrun for consume_1_or_both_2_and_3_with_dataset_expressions to None, run_after=None
[2026-08-08T18:18:13.370+0000] {logging_mixin.py:190} INFO - [2026-08-08T18:18:13.369+0000] {dag.py:4138} INFO - Setting next_dagrun for dataset_consumes_1 to None, run_after=None
[2026-08-08T18:18:13.371+0000] {logging_mixin.py:190} INFO - [2026-08-08T18:18:13.371+0000] {dag.py:4138} INFO - Setting next_dagrun for dataset_consumes_1_and_2 to None, run_after=None
[2026-08-08T18:18:13.373+0000] {logging_mixin.py:190} INFO - [2026-08-08T18:18:13.372+0000] {dag.py:4138} INFO - Setting next_dagrun for dataset_consumes_1_never_scheduled to None, run_after=None
[2026-08-08T18:18:13.374+0000] {logging_mixin.py:190} INFO - [2026-08-08T18:18:13.374+0000] {dag.py:4138} INFO - Setting next_dagrun for dataset_consumes_unknown_never_scheduled to None, run_after=None
[2026-08-08T18:18:13.376+0000] {logging_mixin.py:190} INFO - [2026-08-08T18:18:13.376+0000] {dag.py:4138} INFO - Setting next_dagrun for dataset_produces_1 to 2026-08-07 00:00:00+00:00, run_after=2026-08-08 00:00:00+00:00
[2026-08-08T18:18:13.378+0000] {logging_mixin.py:190} INFO - [2026-08-08T18:18:13.378+0000] {dag.py:4138} INFO - Setting next_dagrun for dataset_produces_2 to None, run_after=None
[2026-08-08T18:18:13.417+0000] {processor.py:208} INFO - Processing /home/airflow/.local/lib/python3.12/site-packages/airflow/example_dags/example_datasets.py took 0.360 seconds
[2026-08-08T18:18:43.715+0000] {processor.py:186} INFO - Started process (PID=296) to work on /home/airflow/.local/lib/python3.12/site-packages/airflow/example_dags/example_datasets.py
[2026-08-08T18:18:43.717+0000] {processor.py:914} INFO - Processing file /home/airflow/.local/lib/python3.12/site-packages/airflow/example_dags/example_datasets.py for tasks to queue
[2026-08-08T18:18:43.720+0000] {logging_mixin.py:190} INFO - [2026-08-08T18:18:43.719+0000] {dagbag.py:587} INFO - Filling up the DagBag from /home/airflow/.local/lib/python3.12/site-packages/airflow/example_dags/example_datasets.py
[2026-08-08T18:18:43.859+0000] {processor.py:925} INFO - DAG(s) 'dataset_produces_1', 'consume_1_or_2_with_dataset_expressions', 'conditional_dataset_and_time_based_timetable', 'dataset_consumes_1', 'dataset_produces_2', 'dataset_consumes_1_and_2', 'consume_1_or_both_2_and_3_with_dataset_expressions', 'consume_1_and_2_with_dataset_expressions', 'dataset_consumes_1_never_scheduled', 'dataset_consumes_unknown_never_scheduled' retrieved from /home/airflow/.local/lib/python3.12/site-packages/airflow/example_dags/example_datasets.py
[2026-08-08T18:18:43.898+0000] {logging_mixin.py:190} INFO - [2026-08-08T18:18:43.897+0000] {dag.py:3211} INFO - Sync 10 DAGs
[2026-08-08T18:18:43.923+0000] {logging_mixin.py:190} INFO - [2026-08-08T18:18:43.922+0000] {dag.py:4138} INFO - Setting next_dagrun for conditional_dataset_and_time_based_timetable to 2026-08-05 01:00:00+00:00, run_after=2026-08-05 01:00:00+00:00
[2026-08-08T18:18:43.926+0000] {logging_mixin.py:190} INFO - [2026-08-08T18:18:43.926+0000] {dag.py:4138} INFO - Setting next_dagrun for consume_1_and_2_with_dataset_expressions to None, run_after=None
[2026-08-08T18:18:43.928+0000] {logging_mixin.py:190} INFO - [2026-08-08T18:18:43.928+0000] {dag.py:4138} INFO - Setting next_dagrun for consume_1_or_2_with_dataset_expressions to None, run_after=None
[2026-08-08T18:18:43.929+0000] {logging_mixin.py:190} INFO - [2026-08-08T18:18:43.929+0000] {dag.py:4138} INFO - Setting next_dagrun for consume_1_or_both_2_and_3_with_dataset_expressions to None, run_after=None
[2026-08-08T18:18:43.930+0000] {logging_mixin.py:190} INFO - [2026-08-08T18:18:43.930+0000] {dag.py:4138} INFO - Setting next_dagrun for dataset_consumes_1 to None, run_after=None
[2026-08-08T18:18:43.931+0000] {logging_mixin.py:190} INFO - [2026-08-08T18:18:43.931+0000] {dag.py:4138} INFO - Setting next_dagrun for dataset_consumes_1_and_2 to None, run_after=None
[2026-08-08T18:18:43.933+0000] {logging_mixin.py:190} INFO - [2026-08-08T18:18:43.933+0000] {dag.py:4138} INFO - Setting next_dagrun for dataset_consumes_1_never_scheduled to None, run_after=None
[2026-08-08T18:18:43.934+0000] {logging_mixin.py:190} INFO - [2026-08-08T18:18:43.934+0000] {dag.py:4138} INFO - Setting next_dagrun for dataset_consumes_unknown_never_scheduled to None, run_after=None
[2026-08-08T18:18:43.936+0000] {logging_mixin.py:190} INFO - [2026-08-08T18:18:43.936+0000] {dag.py:4138} INFO - Setting next_dagrun for dataset_produces_1 to 2026-08-07 00:00:00+00:00, run_after=2026-08-08 00:00:00+00:00
[2026-08-08T18:18:43.937+0000] {logging_mixin.py:190} INFO - [2026-08-08T18:18:43.937+0000] {dag.py:4138} INFO - Setting next_dagrun for dataset_produces_2 to None, run_after=None
[2026-08-08T18:18:43.976+0000] {processor.py:208} INFO - Processing /home/airflow/.local/lib/python3.12/site-packages/airflow/example_dags/example_datasets.py took 0.266 seconds
[2026-08-08T18:19:14.294+0000] {processor.py:186} INFO - Started process (PID=359) to work on /home/airflow/.local/lib/python3.12/site-packages/airflow/example_dags/example_datasets.py
[2026-08-08T18:19:14.296+0000] {processor.py:914} INFO - Processing file /home/airflow/.local/lib/python3.12/site-packages/airflow/example_dags/example_datasets.py for tasks to queue
[2026-08-08T18:19:14.299+0000] {logging_mixin.py:190} INFO - [2026-08-08T18:19:14.298+0000] {dagbag.py:587} INFO - Filling up the DagBag from /home/airflow/.local/lib/python3.12/site-packages/airflow/example_dags/example_datasets.py
[2026-08-08T18:19:14.483+0000] {processor.py:925} INFO - DAG(s) 'dataset_consumes_unknown_never_scheduled', 'consume_1_or_2_with_dataset_expressions', 'conditional_dataset_and_time_based_timetable', 'dataset_consumes_1_and_2', 'consume_1_and_2_with_dataset_expressions', 'dataset_produces_1', 'dataset_consumes_1_never_scheduled', 'dataset_consumes_1', 'consume_1_or_both_2_and_3_with_dataset_expressions', 'dataset_produces_2' retrieved from /home/airflow/.local/lib/python3.12/site-packages/airflow/example_dags/example_datasets.py
[2026-08-08T18:19:14.538+0000] {logging_mixin.py:190} INFO - [2026-08-08T18:19:14.537+0000] {dag.py:3211} INFO - Sync 10 DAGs
[2026-08-08T18:19:14.574+0000] {logging_mixin.py:190} INFO - [2026-08-08T18:19:14.574+0000] {dag.py:4138} INFO - Setting next_dagrun for conditional_dataset_and_time_based_timetable to 2026-08-05 01:00:00+00:00, run_after=2026-08-05 01:00:00+00:00
[2026-08-08T18:19:14.578+0000] {logging_mixin.py:190} INFO - [2026-08-08T18:19:14.578+0000] {dag.py:4138} INFO - Setting next_dagrun for consume_1_and_2_with_dataset_expressions to None, run_after=None
[2026-08-08T18:19:14.580+0000] {logging_mixin.py:190} INFO - [2026-08-08T18:19:14.580+0000] {dag.py:4138} INFO - Setting next_dagrun for consume_1_or_2_with_dataset_expressions to None, run_after=None
[2026-08-08T18:19:14.582+0000] {logging_mixin.py:190} INFO - [2026-08-08T18:19:14.582+0000] {dag.py:4138} INFO - Setting next_dagrun for consume_1_or_both_2_and_3_with_dataset_expressions to None, run_after=None
[2026-08-08T18:19:14.584+0000] {logging_mixin.py:190} INFO - [2026-08-08T18:19:14.584+0000] {dag.py:4138} INFO - Setting next_dagrun for dataset_consumes_1 to None, run_after=None
[2026-08-08T18:19:14.586+0000] {logging_mixin.py:190} INFO - [2026-08-08T18:19:14.586+0000] {dag.py:4138} INFO - Setting next_dagrun for dataset_consumes_1_and_2 to None, run_after=None
[2026-08-08T18:19:14.588+0000] {logging_mixin.py:190} INFO - [2026-08-08T18:19:14.587+0000] {dag.py:4138} INFO - Setting next_dagrun for dataset_consumes_1_never_scheduled to None, run_after=None
[2026-08-08T18:19:14.589+0000] {logging_mixin.py:190} INFO - [2026-08-08T18:19:14.589+0000] {dag.py:4138} INFO - Setting next_dagrun for dataset_consumes_unknown_never_scheduled to None, run_after=None
[2026-08-08T18:19:14.592+0000] {logging_mixin.py:190} INFO - [2026-08-08T18:19:14.591+0000] {dag.py:4138} INFO - Setting next_dagrun for dataset_produces_1 to 2026-08-07 00:00:00+00:00, run_after=2026-08-08 00:00:00+00:00
[2026-08-08T18:19:14.593+0000] {logging_mixin.py:190} INFO - [2026-08-08T18:19:14.593+0000] {dag.py:4138} INFO - Setting next_dagrun for dataset_produces_2 to None, run_after=None
[2026-08-08T18:19:14.632+0000] {processor.py:208} INFO - Processing /home/airflow/.local/lib/python3.12/site-packages/airflow/example_dags/example_datasets.py took 0.346 seconds
[2026-08-08T18:24:00.427+0000] {processor.py:186} INFO - Started process (PID=421) to work on /home/airflow/.local/lib/python3.12/site-packages/airflow/example_dags/example_datasets.py
[2026-08-08T18:24:00.433+0000] {processor.py:914} INFO - Processing file /home/airflow/.local/lib/python3.12/site-packages/airflow/example_dags/example_datasets.py for tasks to queue
[2026-08-08T18:24:00.435+0000] {logging_mixin.py:190} INFO - [2026-08-08T18:24:00.435+0000] {dagbag.py:587} INFO - Filling up the DagBag from /home/airflow/.local/lib/python3.12/site-packages/airflow/example_dags/example_datasets.py
[2026-08-08T18:24:00.634+0000] {processor.py:925} INFO - DAG(s) 'consume_1_or_both_2_and_3_with_dataset_expressions', 'dataset_produces_1', 'dataset_consumes_unknown_never_scheduled', 'conditional_dataset_and_time_based_timetable', 'dataset_consumes_1', 'consume_1_or_2_with_dataset_expressions', 'dataset_produces_2', 'consume_1_and_2_with_dataset_expressions', 'dataset_consumes_1_never_scheduled', 'dataset_consumes_1_and_2' retrieved from /home/airflow/.local/lib/python3.12/site-packages/airflow/example_dags/example_datasets.py
[2026-08-08T18:24:00.769+0000] {logging_mixin.py:190} INFO - [2026-08-08T18:24:00.768+0000] {dag.py:3211} INFO - Sync 10 DAGs
[2026-08-08T18:24:00.806+0000] {logging_mixin.py:190} INFO - [2026-08-08T18:24:00.806+0000] {dag.py:4138} INFO - Setting next_dagrun for conditional_dataset_and_time_based_timetable to 2026-08-05 01:00:00+00:00, run_after=2026-08-05 01:00:00+00:00
[2026-08-08T18:24:00.809+0000] {logging_mixin.py:190} INFO - [2026-08-08T18:24:00.809+0000] {dag.py:4138} INFO - Setting next_dagrun for consume_1_and_2_with_dataset_expressions to None, run_after=None
[2026-08-08T18:24:00.811+0000] {logging_mixin.py:190} INFO - [2026-08-08T18:24:00.811+0000] {dag.py:4138} INFO - Setting next_dagrun for consume_1_or_2_with_dataset_expressions to None, run_after=None
[2026-08-08T18:24:00.813+0000] {logging_mixin.py:190} INFO - [2026-08-08T18:24:00.813+0000] {dag.py:4138} INFO - Setting next_dagrun for consume_1_or_both_2_and_3_with_dataset_expressions to None, run_after=None
[2026-08-08T18:24:00.815+0000] {logging_mixin.py:190} INFO - [2026-08-08T18:24:00.815+0000] {dag.py:4138} INFO - Setting next_dagrun for dataset_consumes_1 to None, run_after=None
[2026-08-08T18:24:00.821+0000] {logging_mixin.py:190} INFO - [2026-08-08T18:24:00.821+0000] {dag.py:4138} INFO - Setting next_dagrun for dataset_consumes_1_and_2 to None, run_after=None
[2026-08-08T18:24:00.823+0000] {logging_mixin.py:190} INFO - [2026-08-08T18:24:00.823+0000] {dag.py:4138} INFO - Setting next_dagrun for dataset_consumes_1_never_scheduled to None, run_after=None
[2026-08-08T18:24:00.824+0000] {logging_mixin.py:190} INFO - [2026-08-08T18:24:00.824+0000] {dag.py:4138} INFO - Setting next_dagrun for dataset_consumes_unknown_never_scheduled to None, run_after=None
[2026-08-08T18:24:00.825+0000] {logging_mixin.py:190} INFO - [2026-08-08T18:24:00.825+0000] {dag.py:4138} INFO - Setting next_dagrun for dataset_produces_1 to 2026-08-07 00:00:00+00:00, run_after=2026-08-08 00:00:00+00:00
[2026-08-08T18:24:00.826+0000] {logging_mixin.py:190} INFO - [2026-08-08T18:24:00.826+0000] {dag.py:4138} INFO - Setting next_dagrun for dataset_produces_2 to None, run_after=None
[2026-08-08T18:24:00.881+0000] {processor.py:208} INFO - Processing /home/airflow/.local/lib/python3.12/site-packages/airflow/example_dags/example_datasets.py took 0.458 seconds
[2026-08-08T18:24:31.024+0000] {processor.py:186} INFO - Started process (PID=484) to work on /home/airflow/.local/lib/python3.12/site-packages/airflow/example_dags/example_datasets.py
[2026-08-08T18:24:31.026+0000] {processor.py:914} INFO - Processing file /home/airflow/.local/lib/python3.12/site-packages/airflow/example_dags/example_datasets.py for tasks to queue
[2026-08-08T18:24:31.030+0000] {logging_mixin.py:190} INFO - [2026-08-08T18:24:31.029+0000] {dagbag.py:587} INFO - Filling up the DagBag from /home/airflow/.local/lib/python3.12/site-packages/airflow/example_dags/example_datasets.py
[2026-08-08T18:24:31.260+0000] {processor.py:925} INFO - DAG(s) 'dataset_consumes_1_and_2', 'consume_1_or_2_with_dataset_expressions', 'dataset_consumes_1_never_scheduled', 'dataset_produces_1', 'consume_1_and_2_with_dataset_expressions', 'dataset_consumes_unknown_never_scheduled', 'dataset_consumes_1', 'dataset_produces_2', 'consume_1_or_both_2_and_3_with_dataset_expressions', 'conditional_dataset_and_time_based_timetable' retrieved from /home/airflow/.local/lib/python3.12/site-packages/airflow/example_dags/example_datasets.py
[2026-08-08T18:24:31.324+0000] {logging_mixin.py:190} INFO - [2026-08-08T18:24:31.324+0000] {dag.py:3211} INFO - Sync 10 DAGs
[2026-08-08T18:24:31.363+0000] {logging_mixin.py:190} INFO - [2026-08-08T18:24:31.362+0000] {dag.py:4138} INFO - Setting next_dagrun for conditional_dataset_and_time_based_timetable to 2026-08-05 01:00:00+00:00, run_after=2026-08-05 01:00:00+00:00
[2026-08-08T18:24:31.368+0000] {logging_mixin.py:190} INFO - [2026-08-08T18:24:31.368+0000] {dag.py:4138} INFO - Setting next_dagrun for consume_1_and_2_with_dataset_expressions to None, run_after=None
[2026-08-08T18:24:31.373+0000] {logging_mixin.py:190} INFO - [2026-08-08T18:24:31.372+0000] {dag.py:4138} INFO - Setting next_dagrun for consume_1_or_2_with_dataset_expressions to None, run_after=None
[2026-08-08T18:24:31.375+0000] {logging_mixin.py:190} INFO - [2026-08-08T18:24:31.375+0000] {dag.py:4138} INFO - Setting next_dagrun for consume_1_or_both_2_and_3_with_dataset_expressions to None, run_after=None
[2026-08-08T18:24:31.378+0000] {logging_mixin.py:190} INFO - [2026-08-08T18:24:31.377+0000] {dag.py:4138} INFO - Setting next_dagrun for dataset_consumes_1 to None, run_after=None
[2026-08-08T18:24:31.381+0000] {logging_mixin.py:190} INFO - [2026-08-08T18:24:31.381+0000] {dag.py:4138} INFO - Setting next_dagrun for dataset_consumes_1_and_2 to None, run_after=None
[2026-08-08T18:24:31.384+0000] {logging_mixin.py:190} INFO - [2026-08-08T18:24:31.384+0000] {dag.py:4138} INFO - Setting next_dagrun for dataset_consumes_1_never_scheduled to None, run_after=None
[2026-08-08T18:24:31.388+0000] {logging_mixin.py:190} INFO - [2026-08-08T18:24:31.388+0000] {dag.py:4138} INFO - Setting next_dagrun for dataset_consumes_unknown_never_scheduled to None, run_after=None
[2026-08-08T18:24:31.392+0000] {logging_mixin.py:190} INFO - [2026-08-08T18:24:31.392+0000] {dag.py:4138} INFO - Setting next_dagrun for dataset_produces_1 to 2026-08-07 00:00:00+00:00, run_after=2026-08-08 00:00:00+00:00
[2026-08-08T18:24:31.395+0000] {logging_mixin.py:190} INFO - [2026-08-08T18:24:31.395+0000] {dag.py:4138} INFO - Setting next_dagrun for dataset_produces_2 to None, run_after=None
[2026-08-08T18:24:31.447+0000] {processor.py:208} INFO - Processing /home/airflow/.local/lib/python3.12/site-packages/airflow/example_dags/example_datasets.py took 0.431 seconds
[2026-08-08T18:25:01.730+0000] {processor.py:186} INFO - Started process (PID=547) to work on /home/airflow/.local/lib/python3.12/site-packages/airflow/example_dags/example_datasets.py
[2026-08-08T18:25:01.732+0000] {processor.py:914} INFO - Processing file /home/airflow/.local/lib/python3.12/site-packages/airflow/example_dags/example_datasets.py for tasks to queue
[2026-08-08T18:25:01.736+0000] {logging_mixin.py:190} INFO - [2026-08-08T18:25:01.735+0000] {dagbag.py:587} INFO - Filling up the DagBag from /home/airflow/.local/lib/python3.12/site-packages/airflow/example_dags/example_datasets.py
[2026-08-08T18:25:01.920+0000] {processor.py:925} INFO - DAG(s) 'dataset_consumes_1_and_2', 'dataset_produces_1', 'dataset_consumes_1', 'dataset_consumes_1_never_scheduled', 'dataset_consumes_unknown_never_scheduled', 'consume_1_and_2_with_dataset_expressions', 'dataset_produces_2', 'consume_1_or_2_with_dataset_expressions', 'consume_1_or_both_2_and_3_with_dataset_expressions', 'conditional_dataset_and_time_based_timetable' retrieved from /home/airflow/.local/lib/python3.12/site-packages/airflow/example_dags/example_datasets.py
[2026-08-08T18:25:01.963+0000] {logging_mixin.py:190} INFO - [2026-08-08T18:25:01.963+0000] {dag.py:3211} INFO - Sync 10 DAGs
[2026-08-08T18:25:01.990+0000] {logging_mixin.py:190} INFO - [2026-08-08T18:25:01.990+0000] {dag.py:4138} INFO - Setting next_dagrun for conditional_dataset_and_time_based_timetable to 2026-08-05 01:00:00+00:00, run_after=2026-08-05 01:00:00+00:00
[2026-08-08T18:25:01.997+0000] {logging_mixin.py:190} INFO - [2026-08-08T18:25:01.996+0000] {dag.py:4138} INFO - Setting next_dagrun for consume_1_and_2_with_dataset_expressions to None, run_after=None
[2026-08-08T18:25:01.999+0000] {logging_mixin.py:190} INFO - [2026-08-08T18:25:01.999+0000] {dag.py:4138} INFO - Setting next_dagrun for consume_1_or_2_with_dataset_expressions to None, run_after=None
[2026-08-08T18:25:02.000+0000] {logging_mixin.py:190} INFO - [2026-08-08T18:25:02.000+0000] {dag.py:4138} INFO - Setting next_dagrun for consume_1_or_both_2_and_3_with_dataset_expressions to None, run_after=None
[2026-08-08T18:25:02.002+0000] {logging_mixin.py:190} INFO - [2026-08-08T18:25:02.001+0000] {dag.py:4138} INFO - Setting next_dagrun for dataset_consumes_1 to None, run_after=None
[2026-08-08T18:25:02.003+0000] {logging_mixin.py:190} INFO - [2026-08-08T18:25:02.003+0000] {dag.py:4138} INFO - Setting next_dagrun for dataset_consumes_1_and_2 to None, run_after=None
[2026-08-08T18:25:02.005+0000] {logging_mixin.py:190} INFO - [2026-08-08T18:25:02.005+0000] {dag.py:4138} INFO - Setting next_dagrun for dataset_consumes_1_never_scheduled to None, run_after=None
[2026-08-08T18:25:02.006+0000] {logging_mixin.py:190} INFO - [2026-08-08T18:25:02.006+0000] {dag.py:4138} INFO - Setting next_dagrun for dataset_consumes_unknown_never_scheduled to None, run_after=None
[2026-08-08T18:25:02.008+0000] {logging_mixin.py:190} INFO - [2026-08-08T18:25:02.008+0000] {dag.py:4138} INFO - Setting next_dagrun for dataset_produces_1 to 2026-08-07 00:00:00+00:00, run_after=2026-08-08 00:00:00+00:00
[2026-08-08T18:25:02.009+0000] {logging_mixin.py:190} INFO - [2026-08-08T18:25:02.009+0000] {dag.py:4138} INFO - Setting next_dagrun for dataset_produces_2 to None, run_after=None
[2026-08-08T18:25:02.045+0000] {processor.py:208} INFO - Processing /home/airflow/.local/lib/python3.12/site-packages/airflow/example_dags/example_datasets.py took 0.327 seconds
[2026-08-08T18:25:32.334+0000] {processor.py:186} INFO - Started process (PID=610) to work on /home/airflow/.local/lib/python3.12/site-packages/airflow/example_dags/example_datasets.py
[2026-08-08T18:25:32.336+0000] {processor.py:914} INFO - Processing file /home/airflow/.local/lib/python3.12/site-packages/airflow/example_dags/example_datasets.py for tasks to queue
[2026-08-08T18:25:32.339+0000] {logging_mixin.py:190} INFO - [2026-08-08T18:25:32.339+0000] {dagbag.py:587} INFO - Filling up the DagBag from /home/airflow/.local/lib/python3.12/site-packages/airflow/example_dags/example_datasets.py
[2026-08-08T18:25:32.516+0000] {processor.py:925} INFO - DAG(s) 'consume_1_or_both_2_and_3_with_dataset_expressions', 'dataset_consumes_1', 'conditional_dataset_and_time_based_timetable', 'dataset_consumes_1_never_scheduled', 'consume_1_or_2_with_dataset_expressions', 'consume_1_and_2_with_dataset_expressions', 'dataset_produces_2', 'dataset_consumes_1_and_2', 'dataset_consumes_unknown_never_scheduled', 'dataset_produces_1' retrieved from /home/airflow/.local/lib/python3.12/site-packages/airflow/example_dags/example_datasets.py
[2026-08-08T18:25:32.573+0000] {logging_mixin.py:190} INFO - [2026-08-08T18:25:32.573+0000] {dag.py:3211} INFO - Sync 10 DAGs
[2026-08-08T18:25:32.609+0000] {logging_mixin.py:190} INFO - [2026-08-08T18:25:32.609+0000] {dag.py:4138} INFO - Setting next_dagrun for conditional_dataset_and_time_based_timetable to 2026-08-05 01:00:00+00:00, run_after=2026-08-05 01:00:00+00:00
[2026-08-08T18:25:32.616+0000] {logging_mixin.py:190} INFO - [2026-08-08T18:25:32.616+0000] {dag.py:4138} INFO - Setting next_dagrun for consume_1_and_2_with_dataset_expressions to None, run_after=None
[2026-08-08T18:25:32.619+0000] {logging_mixin.py:190} INFO - [2026-08-08T18:25:32.619+0000] {dag.py:4138} INFO - Setting next_dagrun for consume_1_or_2_with_dataset_expressions to None, run_after=None
[2026-08-08T18:25:32.620+0000] {logging_mixin.py:190} INFO - [2026-08-08T18:25:32.620+0000] {dag.py:4138} INFO - Setting next_dagrun for consume_1_or_both_2_and_3_with_dataset_expressions to None, run_after=None
[2026-08-08T18:25:32.622+0000] {logging_mixin.py:190} INFO - [2026-08-08T18:25:32.622+0000] {dag.py:4138} INFO - Setting next_dagrun for dataset_consumes_1 to None, run_after=None
[2026-08-08T18:25:32.624+0000] {logging_mixin.py:190} INFO - [2026-08-08T18:25:32.624+0000] {dag.py:4138} INFO - Setting next_dagrun for dataset_consumes_1_and_2 to None, run_after=None
[2026-08-08T18:25:32.626+0000] {logging_mixin.py:190} INFO - [2026-08-08T18:25:32.626+0000] {dag.py:4138} INFO - Setting next_dagrun for dataset_consumes_1_never_scheduled to None, run_after=None
[2026-08-08T18:25:32.628+0000] {logging_mixin.py:190} INFO - [2026-08-08T18:25:32.628+0000] {dag.py:4138} INFO - Setting next_dagrun for dataset_consumes_unknown_never_scheduled to None, run_after=None
[2026-08-08T18:25:32.631+0000] {logging_mixin.py:190} INFO - [2026-08-08T18:25:32.631+0000] {dag.py:4138} INFO - Setting next_dagrun for dataset_produces_1 to 2026-08-07 00:00:00+00:00, run_after=2026-08-08 00:00:00+00:00
[2026-08-08T18:25:32.633+0000] {logging_mixin.py:190} INFO - [2026-08-08T18:25:32.633+0000] {dag.py:4138} INFO - Setting next_dagrun for dataset_produces_2 to None, run_after=None
[2026-08-08T18:25:32.676+0000] {processor.py:208} INFO - Processing /home/airflow/.local/lib/python3.12/site-packages/airflow/example_dags/example_datasets.py took 0.350 seconds
[2026-08-08T18:26:02.920+0000] {processor.py:186} INFO - Started process (PID=676) to work on /home/airflow/.local/lib/python3.12/site-packages/airflow/example_dags/example_datasets.py
[2026-08-08T18:26:02.922+0000] {processor.py:914} INFO - Processing file /home/airflow/.local/lib/python3.12/site-packages/airflow/example_dags/example_datasets.py for tasks to queue
[2026-08-08T18:26:02.925+0000] {logging_mixin.py:190} INFO - [2026-08-08T18:26:02.925+0000] {dagbag.py:587} INFO - Filling up the DagBag from /home/airflow/.local/lib/python3.12/site-packages/airflow/example_dags/example_datasets.py
[2026-08-08T18:26:03.056+0000] {processor.py:925} INFO - DAG(s) 'consume_1_or_both_2_and_3_with_dataset_expressions', 'consume_1_or_2_with_dataset_expressions', 'dataset_consumes_1_and_2', 'consume_1_and_2_with_dataset_expressions', 'conditional_dataset_and_time_based_timetable', 'dataset_consumes_unknown_never_scheduled', 'dataset_consumes_1', 'dataset_consumes_1_never_scheduled', 'dataset_produces_1', 'dataset_produces_2' retrieved from /home/airflow/.local/lib/python3.12/site-packages/airflow/example_dags/example_datasets.py
[2026-08-08T18:26:03.092+0000] {logging_mixin.py:190} INFO - [2026-08-08T18:26:03.092+0000] {dag.py:3211} INFO - Sync 10 DAGs
[2026-08-08T18:26:03.111+0000] {logging_mixin.py:190} INFO - [2026-08-08T18:26:03.110+0000] {dag.py:4138} INFO - Setting next_dagrun for conditional_dataset_and_time_based_timetable to 2026-08-05 01:00:00+00:00, run_after=2026-08-05 01:00:00+00:00
[2026-08-08T18:26:03.113+0000] {logging_mixin.py:190} INFO - [2026-08-08T18:26:03.113+0000] {dag.py:4138} INFO - Setting next_dagrun for consume_1_and_2_with_dataset_expressions to None, run_after=None
[2026-08-08T18:26:03.115+0000] {logging_mixin.py:190} INFO - [2026-08-08T18:26:03.115+0000] {dag.py:4138} INFO - Setting next_dagrun for consume_1_or_2_with_dataset_expressions to None, run_after=None
[2026-08-08T18:26:03.116+0000] {logging_mixin.py:190} INFO - [2026-08-08T18:26:03.116+0000] {dag.py:4138} INFO - Setting next_dagrun for consume_1_or_both_2_and_3_with_dataset_expressions to None, run_after=None
[2026-08-08T18:26:03.117+0000] {logging_mixin.py:190} INFO - [2026-08-08T18:26:03.117+0000] {dag.py:4138} INFO - Setting next_dagrun for dataset_consumes_1 to None, run_after=None
[2026-08-08T18:26:03.118+0000] {logging_mixin.py:190} INFO - [2026-08-08T18:26:03.118+0000] {dag.py:4138} INFO - Setting next_dagrun for dataset_consumes_1_and_2 to None, run_after=None
[2026-08-08T18:26:03.119+0000] {logging_mixin.py:190} INFO - [2026-08-08T18:26:03.119+0000] {dag.py:4138} INFO - Setting next_dagrun for dataset_consumes_1_never_scheduled to None, run_after=None
[2026-08-08T18:26:03.120+0000] {logging_mixin.py:190} INFO - [2026-08-08T18:26:03.120+0000] {dag.py:4138} INFO - Setting next_dagrun for dataset_consumes_unknown_never_scheduled to None, run_after=None
[2026-08-08T18:26:03.122+0000] {logging_mixin.py:190} INFO - [2026-08-08T18:26:03.122+0000] {dag.py:4138} INFO - Setting next_dagrun for dataset_produces_1 to 2026-08-07 00:00:00+00:00, run_after=2026-08-08 00:00:00+00:00
[2026-08-08T18:26:03.123+0000] {logging_mixin.py:190} INFO - [2026-08-08T18:26:03.123+0000] {dag.py:4138} INFO - Setting next_dagrun for dataset_produces_2 to None, run_after=None
[2026-08-08T18:26:03.148+0000] {processor.py:208} INFO - Processing /home/airflow/.local/lib/python3.12/site-packages/airflow/example_dags/example_datasets.py took 0.233 seconds
[2026-08-08T18:26:33.541+0000] {processor.py:186} INFO - Started process (PID=737) to work on /home/airflow/.local/lib/python3.12/site-packages/airflow/example_dags/example_datasets.py
[2026-08-08T18:26:33.542+0000] {processor.py:914} INFO - Processing file /home/airflow/.local/lib/python3.12/site-packages/airflow/example_dags/example_datasets.py for tasks to queue
[2026-08-08T18:26:33.545+0000] {logging_mixin.py:190} INFO - [2026-08-08T18:26:33.545+0000] {dagbag.py:587} INFO - Filling up the DagBag from /home/airflow/.local/lib/python3.12/site-packages/airflow/example_dags/example_datasets.py
[2026-08-08T18:26:33.718+0000] {processor.py:925} INFO - DAG(s) 'consume_1_or_both_2_and_3_with_dataset_expressions', 'dataset_produces_1', 'dataset_consumes_1_never_scheduled', 'dataset_consumes_1', 'dataset_consumes_1_and_2', 'consume_1_or_2_with_dataset_expressions', 'dataset_produces_2', 'conditional_dataset_and_time_based_timetable', 'dataset_consumes_unknown_never_scheduled', 'consume_1_and_2_with_dataset_expressions' retrieved from /home/airflow/.local/lib/python3.12/site-packages/airflow/example_dags/example_datasets.py
[2026-08-08T18:26:33.766+0000] {logging_mixin.py:190} INFO - [2026-08-08T18:26:33.766+0000] {dag.py:3211} INFO - Sync 10 DAGs
[2026-08-08T18:26:33.792+0000] {logging_mixin.py:190} INFO - [2026-08-08T18:26:33.792+0000] {dag.py:4138} INFO - Setting next_dagrun for conditional_dataset_and_time_based_timetable to 2026-08-05 01:00:00+00:00, run_after=2026-08-05 01:00:00+00:00
[2026-08-08T18:26:33.796+0000] {logging_mixin.py:190} INFO - [2026-08-08T18:26:33.795+0000] {dag.py:4138} INFO - Setting next_dagrun for consume_1_and_2_with_dataset_expressions to None, run_after=None
[2026-08-08T18:26:33.797+0000] {logging_mixin.py:190} INFO - [2026-08-08T18:26:33.797+0000] {dag.py:4138} INFO - Setting next_dagrun for consume_1_or_2_with_dataset_expressions to None, run_after=None
[2026-08-08T18:26:33.798+0000] {logging_mixin.py:190} INFO - [2026-08-08T18:26:33.798+0000] {dag.py:4138} INFO - Setting next_dagrun for consume_1_or_both_2_and_3_with_dataset_expressions to None, run_after=None
[2026-08-08T18:26:33.800+0000] {logging_mixin.py:190} INFO - [2026-08-08T18:26:33.800+0000] {dag.py:4138} INFO - Setting next_dagrun for dataset_consumes_1 to None, run_after=None
[2026-08-08T18:26:33.801+0000] {logging_mixin.py:190} INFO - [2026-08-08T18:26:33.801+0000] {dag.py:4138} INFO - Setting next_dagrun for dataset_consumes_1_and_2 to None, run_after=None
[2026-08-08T18:26:33.803+0000] {logging_mixin.py:190} INFO - [2026-08-08T18:26:33.802+0000] {dag.py:4138} INFO - Setting next_dagrun for dataset_consumes_1_never_scheduled to None, run_after=None
[2026-08-08T18:26:33.804+0000] {logging_mixin.py:190} INFO - [2026-08-08T18:26:33.804+0000] {dag.py:4138} INFO - Setting next_dagrun for dataset_consumes_unknown_never_scheduled to None, run_after=None
[2026-08-08T18:26:33.806+0000] {logging_mixin.py:190} INFO - [2026-08-08T18:26:33.806+0000] {dag.py:4138} INFO - Setting next_dagrun for dataset_produces_1 to 2026-08-07 00:00:00+00:00, run_after=2026-08-08 00:00:00+00:00
[2026-08-08T18:26:33.807+0000] {logging_mixin.py:190} INFO - [2026-08-08T18:26:33.807+0000] {dag.py:4138} INFO - Setting next_dagrun for dataset_produces_2 to None, run_after=None
[2026-08-08T18:26:33.844+0000] {processor.py:208} INFO - Processing /home/airflow/.local/lib/python3.12/site-packages/airflow/example_dags/example_datasets.py took 0.311 seconds
