[2026-08-08T17:25:01.692+0000] {processor.py:186} INFO - Started process (PID=81) to work on /home/airflow/.local/lib/python3.12/site-packages/airflow/example_dags/example_kubernetes_executor.py
[2026-08-08T17:25:01.694+0000] {processor.py:914} INFO - Processing file /home/airflow/.local/lib/python3.12/site-packages/airflow/example_dags/example_kubernetes_executor.py for tasks to queue
[2026-08-08T17:25:01.700+0000] {logging_mixin.py:190} INFO - [2026-08-08T17:25:01.699+0000] {dagbag.py:587} INFO - Filling up the DagBag from /home/airflow/.local/lib/python3.12/site-packages/airflow/example_dags/example_kubernetes_executor.py
[2026-08-08T17:25:01.728+0000] {processor.py:925} INFO - DAG(s) 'example_kubernetes_executor' retrieved from /home/airflow/.local/lib/python3.12/site-packages/airflow/example_dags/example_kubernetes_executor.py
[2026-08-08T17:25:01.924+0000] {logging_mixin.py:190} INFO - [2026-08-08T17:25:01.923+0000] {override.py:1858} INFO - Created Permission View: can delete on DAG:example_kubernetes_executor
[2026-08-08T17:25:01.940+0000] {logging_mixin.py:190} INFO - [2026-08-08T17:25:01.939+0000] {override.py:1858} INFO - Created Permission View: can edit on DAG:example_kubernetes_executor
[2026-08-08T17:25:01.952+0000] {logging_mixin.py:190} INFO - [2026-08-08T17:25:01.951+0000] {override.py:1858} INFO - Created Permission View: can read on DAG:example_kubernetes_executor
[2026-08-08T17:25:01.953+0000] {logging_mixin.py:190} INFO - [2026-08-08T17:25:01.953+0000] {dag.py:3211} INFO - Sync 1 DAGs
[2026-08-08T17:25:01.971+0000] {logging_mixin.py:190} INFO - [2026-08-08T17:25:01.970+0000] {dag.py:3234} INFO - Creating ORM DAG for example_kubernetes_executor
[2026-08-08T17:25:01.973+0000] {logging_mixin.py:190} INFO - [2026-08-08T17:25:01.973+0000] {dag.py:4138} INFO - Setting next_dagrun for example_kubernetes_executor to None, run_after=None
[2026-08-08T17:25:01.998+0000] {processor.py:208} INFO - Processing /home/airflow/.local/lib/python3.12/site-packages/airflow/example_dags/example_kubernetes_executor.py took 0.314 seconds
[2026-08-08T17:25:32.346+0000] {processor.py:186} INFO - Started process (PID=144) to work on /home/airflow/.local/lib/python3.12/site-packages/airflow/example_dags/example_kubernetes_executor.py
[2026-08-08T17:25:32.348+0000] {processor.py:914} INFO - Processing file /home/airflow/.local/lib/python3.12/site-packages/airflow/example_dags/example_kubernetes_executor.py for tasks to queue
[2026-08-08T17:25:32.351+0000] {logging_mixin.py:190} INFO - [2026-08-08T17:25:32.350+0000] {dagbag.py:587} INFO - Filling up the DagBag from /home/airflow/.local/lib/python3.12/site-packages/airflow/example_dags/example_kubernetes_executor.py
[2026-08-08T17:25:32.372+0000] {processor.py:925} INFO - DAG(s) 'example_kubernetes_executor' retrieved from /home/airflow/.local/lib/python3.12/site-packages/airflow/example_dags/example_kubernetes_executor.py
[2026-08-08T17:25:32.424+0000] {logging_mixin.py:190} INFO - [2026-08-08T17:25:32.424+0000] {dag.py:3211} INFO - Sync 1 DAGs
[2026-08-08T17:25:32.442+0000] {logging_mixin.py:190} INFO - [2026-08-08T17:25:32.442+0000] {dag.py:4138} INFO - Setting next_dagrun for example_kubernetes_executor to None, run_after=None
[2026-08-08T17:25:32.466+0000] {processor.py:208} INFO - Processing /home/airflow/.local/lib/python3.12/site-packages/airflow/example_dags/example_kubernetes_executor.py took 0.129 seconds
[2026-08-08T17:26:02.853+0000] {processor.py:186} INFO - Started process (PID=207) to work on /home/airflow/.local/lib/python3.12/site-packages/airflow/example_dags/example_kubernetes_executor.py
[2026-08-08T17:26:02.854+0000] {processor.py:914} INFO - Processing file /home/airflow/.local/lib/python3.12/site-packages/airflow/example_dags/example_kubernetes_executor.py for tasks to queue
[2026-08-08T17:26:02.857+0000] {logging_mixin.py:190} INFO - [2026-08-08T17:26:02.857+0000] {dagbag.py:587} INFO - Filling up the DagBag from /home/airflow/.local/lib/python3.12/site-packages/airflow/example_dags/example_kubernetes_executor.py
[2026-08-08T17:26:02.875+0000] {processor.py:925} INFO - DAG(s) 'example_kubernetes_executor' retrieved from /home/airflow/.local/lib/python3.12/site-packages/airflow/example_dags/example_kubernetes_executor.py
[2026-08-08T17:26:02.922+0000] {logging_mixin.py:190} INFO - [2026-08-08T17:26:02.921+0000] {dag.py:3211} INFO - Sync 1 DAGs
[2026-08-08T17:26:02.936+0000] {logging_mixin.py:190} INFO - [2026-08-08T17:26:02.936+0000] {dag.py:4138} INFO - Setting next_dagrun for example_kubernetes_executor to None, run_after=None
[2026-08-08T17:26:02.958+0000] {processor.py:208} INFO - Processing /home/airflow/.local/lib/python3.12/site-packages/airflow/example_dags/example_kubernetes_executor.py took 0.112 seconds
[2026-08-08T17:26:33.776+0000] {processor.py:186} INFO - Started process (PID=270) to work on /home/airflow/.local/lib/python3.12/site-packages/airflow/example_dags/example_kubernetes_executor.py
[2026-08-08T17:26:33.778+0000] {processor.py:914} INFO - Processing file /home/airflow/.local/lib/python3.12/site-packages/airflow/example_dags/example_kubernetes_executor.py for tasks to queue
[2026-08-08T17:26:33.782+0000] {logging_mixin.py:190} INFO - [2026-08-08T17:26:33.781+0000] {dagbag.py:587} INFO - Filling up the DagBag from /home/airflow/.local/lib/python3.12/site-packages/airflow/example_dags/example_kubernetes_executor.py
[2026-08-08T17:26:33.802+0000] {processor.py:925} INFO - DAG(s) 'example_kubernetes_executor' retrieved from /home/airflow/.local/lib/python3.12/site-packages/airflow/example_dags/example_kubernetes_executor.py
[2026-08-08T17:26:33.855+0000] {logging_mixin.py:190} INFO - [2026-08-08T17:26:33.854+0000] {dag.py:3211} INFO - Sync 1 DAGs
[2026-08-08T17:26:33.871+0000] {logging_mixin.py:190} INFO - [2026-08-08T17:26:33.871+0000] {dag.py:4138} INFO - Setting next_dagrun for example_kubernetes_executor to None, run_after=None
[2026-08-08T17:26:33.895+0000] {processor.py:208} INFO - Processing /home/airflow/.local/lib/python3.12/site-packages/airflow/example_dags/example_kubernetes_executor.py took 0.129 seconds
[2026-08-08T17:27:03.963+0000] {processor.py:186} INFO - Started process (PID=333) to work on /home/airflow/.local/lib/python3.12/site-packages/airflow/example_dags/example_kubernetes_executor.py
[2026-08-08T17:27:03.965+0000] {processor.py:914} INFO - Processing file /home/airflow/.local/lib/python3.12/site-packages/airflow/example_dags/example_kubernetes_executor.py for tasks to queue
[2026-08-08T17:27:03.969+0000] {logging_mixin.py:190} INFO - [2026-08-08T17:27:03.968+0000] {dagbag.py:587} INFO - Filling up the DagBag from /home/airflow/.local/lib/python3.12/site-packages/airflow/example_dags/example_kubernetes_executor.py
[2026-08-08T17:27:03.995+0000] {processor.py:925} INFO - DAG(s) 'example_kubernetes_executor' retrieved from /home/airflow/.local/lib/python3.12/site-packages/airflow/example_dags/example_kubernetes_executor.py
[2026-08-08T17:27:04.065+0000] {logging_mixin.py:190} INFO - [2026-08-08T17:27:04.064+0000] {dag.py:3211} INFO - Sync 1 DAGs
[2026-08-08T17:27:04.085+0000] {logging_mixin.py:190} INFO - [2026-08-08T17:27:04.085+0000] {dag.py:4138} INFO - Setting next_dagrun for example_kubernetes_executor to None, run_after=None
[2026-08-08T17:27:04.112+0000] {processor.py:208} INFO - Processing /home/airflow/.local/lib/python3.12/site-packages/airflow/example_dags/example_kubernetes_executor.py took 0.156 seconds
[2026-08-08T17:27:34.236+0000] {processor.py:186} INFO - Started process (PID=396) to work on /home/airflow/.local/lib/python3.12/site-packages/airflow/example_dags/example_kubernetes_executor.py
[2026-08-08T17:27:34.237+0000] {processor.py:914} INFO - Processing file /home/airflow/.local/lib/python3.12/site-packages/airflow/example_dags/example_kubernetes_executor.py for tasks to queue
[2026-08-08T17:27:34.241+0000] {logging_mixin.py:190} INFO - [2026-08-08T17:27:34.240+0000] {dagbag.py:587} INFO - Filling up the DagBag from /home/airflow/.local/lib/python3.12/site-packages/airflow/example_dags/example_kubernetes_executor.py
[2026-08-08T17:27:34.254+0000] {processor.py:925} INFO - DAG(s) 'example_kubernetes_executor' retrieved from /home/airflow/.local/lib/python3.12/site-packages/airflow/example_dags/example_kubernetes_executor.py
[2026-08-08T17:27:34.300+0000] {logging_mixin.py:190} INFO - [2026-08-08T17:27:34.299+0000] {dag.py:3211} INFO - Sync 1 DAGs
[2026-08-08T17:27:34.317+0000] {logging_mixin.py:190} INFO - [2026-08-08T17:27:34.317+0000] {dag.py:4138} INFO - Setting next_dagrun for example_kubernetes_executor to None, run_after=None
[2026-08-08T17:27:34.345+0000] {processor.py:208} INFO - Processing /home/airflow/.local/lib/python3.12/site-packages/airflow/example_dags/example_kubernetes_executor.py took 0.115 seconds
[2026-08-08T17:28:04.554+0000] {processor.py:186} INFO - Started process (PID=459) to work on /home/airflow/.local/lib/python3.12/site-packages/airflow/example_dags/example_kubernetes_executor.py
[2026-08-08T17:28:04.556+0000] {processor.py:914} INFO - Processing file /home/airflow/.local/lib/python3.12/site-packages/airflow/example_dags/example_kubernetes_executor.py for tasks to queue
[2026-08-08T17:28:04.558+0000] {logging_mixin.py:190} INFO - [2026-08-08T17:28:04.558+0000] {dagbag.py:587} INFO - Filling up the DagBag from /home/airflow/.local/lib/python3.12/site-packages/airflow/example_dags/example_kubernetes_executor.py
[2026-08-08T17:28:04.570+0000] {processor.py:925} INFO - DAG(s) 'example_kubernetes_executor' retrieved from /home/airflow/.local/lib/python3.12/site-packages/airflow/example_dags/example_kubernetes_executor.py
[2026-08-08T17:28:04.616+0000] {logging_mixin.py:190} INFO - [2026-08-08T17:28:04.616+0000] {dag.py:3211} INFO - Sync 1 DAGs
[2026-08-08T17:28:04.630+0000] {logging_mixin.py:190} INFO - [2026-08-08T17:28:04.630+0000] {dag.py:4138} INFO - Setting next_dagrun for example_kubernetes_executor to None, run_after=None
[2026-08-08T17:28:04.653+0000] {processor.py:208} INFO - Processing /home/airflow/.local/lib/python3.12/site-packages/airflow/example_dags/example_kubernetes_executor.py took 0.105 seconds
[2026-08-08T17:28:35.488+0000] {processor.py:186} INFO - Started process (PID=522) to work on /home/airflow/.local/lib/python3.12/site-packages/airflow/example_dags/example_kubernetes_executor.py
[2026-08-08T17:28:35.489+0000] {processor.py:914} INFO - Processing file /home/airflow/.local/lib/python3.12/site-packages/airflow/example_dags/example_kubernetes_executor.py for tasks to queue
[2026-08-08T17:28:35.492+0000] {logging_mixin.py:190} INFO - [2026-08-08T17:28:35.492+0000] {dagbag.py:587} INFO - Filling up the DagBag from /home/airflow/.local/lib/python3.12/site-packages/airflow/example_dags/example_kubernetes_executor.py
[2026-08-08T17:28:35.506+0000] {processor.py:925} INFO - DAG(s) 'example_kubernetes_executor' retrieved from /home/airflow/.local/lib/python3.12/site-packages/airflow/example_dags/example_kubernetes_executor.py
[2026-08-08T17:28:35.550+0000] {logging_mixin.py:190} INFO - [2026-08-08T17:28:35.550+0000] {dag.py:3211} INFO - Sync 1 DAGs
[2026-08-08T17:28:35.565+0000] {logging_mixin.py:190} INFO - [2026-08-08T17:28:35.565+0000] {dag.py:4138} INFO - Setting next_dagrun for example_kubernetes_executor to None, run_after=None
[2026-08-08T17:28:35.583+0000] {processor.py:208} INFO - Processing /home/airflow/.local/lib/python3.12/site-packages/airflow/example_dags/example_kubernetes_executor.py took 0.101 seconds
[2026-08-08T17:29:06.608+0000] {processor.py:186} INFO - Started process (PID=585) to work on /home/airflow/.local/lib/python3.12/site-packages/airflow/example_dags/example_kubernetes_executor.py
[2026-08-08T17:29:06.610+0000] {processor.py:914} INFO - Processing file /home/airflow/.local/lib/python3.12/site-packages/airflow/example_dags/example_kubernetes_executor.py for tasks to queue
[2026-08-08T17:29:06.614+0000] {logging_mixin.py:190} INFO - [2026-08-08T17:29:06.613+0000] {dagbag.py:587} INFO - Filling up the DagBag from /home/airflow/.local/lib/python3.12/site-packages/airflow/example_dags/example_kubernetes_executor.py
[2026-08-08T17:29:06.633+0000] {processor.py:925} INFO - DAG(s) 'example_kubernetes_executor' retrieved from /home/airflow/.local/lib/python3.12/site-packages/airflow/example_dags/example_kubernetes_executor.py
[2026-08-08T17:29:06.684+0000] {logging_mixin.py:190} INFO - [2026-08-08T17:29:06.683+0000] {dag.py:3211} INFO - Sync 1 DAGs
[2026-08-08T17:29:06.701+0000] {logging_mixin.py:190} INFO - [2026-08-08T17:29:06.701+0000] {dag.py:4138} INFO - Setting next_dagrun for example_kubernetes_executor to None, run_after=None
[2026-08-08T17:29:06.730+0000] {processor.py:208} INFO - Processing /home/airflow/.local/lib/python3.12/site-packages/airflow/example_dags/example_kubernetes_executor.py took 0.131 seconds
[2026-08-08T17:29:37.592+0000] {processor.py:186} INFO - Started process (PID=648) to work on /home/airflow/.local/lib/python3.12/site-packages/airflow/example_dags/example_kubernetes_executor.py
[2026-08-08T17:29:37.593+0000] {processor.py:914} INFO - Processing file /home/airflow/.local/lib/python3.12/site-packages/airflow/example_dags/example_kubernetes_executor.py for tasks to queue
[2026-08-08T17:29:37.596+0000] {logging_mixin.py:190} INFO - [2026-08-08T17:29:37.596+0000] {dagbag.py:587} INFO - Filling up the DagBag from /home/airflow/.local/lib/python3.12/site-packages/airflow/example_dags/example_kubernetes_executor.py
[2026-08-08T17:29:37.607+0000] {processor.py:925} INFO - DAG(s) 'example_kubernetes_executor' retrieved from /home/airflow/.local/lib/python3.12/site-packages/airflow/example_dags/example_kubernetes_executor.py
[2026-08-08T17:29:37.648+0000] {logging_mixin.py:190} INFO - [2026-08-08T17:29:37.648+0000] {dag.py:3211} INFO - Sync 1 DAGs
[2026-08-08T17:29:37.662+0000] {logging_mixin.py:190} INFO - [2026-08-08T17:29:37.662+0000] {dag.py:4138} INFO - Setting next_dagrun for example_kubernetes_executor to None, run_after=None
[2026-08-08T17:29:37.683+0000] {processor.py:208} INFO - Processing /home/airflow/.local/lib/python3.12/site-packages/airflow/example_dags/example_kubernetes_executor.py took 0.097 seconds
[2026-08-08T17:30:08.461+0000] {processor.py:186} INFO - Started process (PID=711) to work on /home/airflow/.local/lib/python3.12/site-packages/airflow/example_dags/example_kubernetes_executor.py
[2026-08-08T17:30:08.463+0000] {processor.py:914} INFO - Processing file /home/airflow/.local/lib/python3.12/site-packages/airflow/example_dags/example_kubernetes_executor.py for tasks to queue
[2026-08-08T17:30:08.465+0000] {logging_mixin.py:190} INFO - [2026-08-08T17:30:08.465+0000] {dagbag.py:587} INFO - Filling up the DagBag from /home/airflow/.local/lib/python3.12/site-packages/airflow/example_dags/example_kubernetes_executor.py
[2026-08-08T17:30:08.481+0000] {processor.py:925} INFO - DAG(s) 'example_kubernetes_executor' retrieved from /home/airflow/.local/lib/python3.12/site-packages/airflow/example_dags/example_kubernetes_executor.py
[2026-08-08T17:30:08.530+0000] {logging_mixin.py:190} INFO - [2026-08-08T17:30:08.530+0000] {dag.py:3211} INFO - Sync 1 DAGs
[2026-08-08T17:30:08.543+0000] {logging_mixin.py:190} INFO - [2026-08-08T17:30:08.543+0000] {dag.py:4138} INFO - Setting next_dagrun for example_kubernetes_executor to None, run_after=None
[2026-08-08T17:30:08.564+0000] {processor.py:208} INFO - Processing /home/airflow/.local/lib/python3.12/site-packages/airflow/example_dags/example_kubernetes_executor.py took 0.109 seconds
[2026-08-08T17:30:39.378+0000] {processor.py:186} INFO - Started process (PID=774) to work on /home/airflow/.local/lib/python3.12/site-packages/airflow/example_dags/example_kubernetes_executor.py
[2026-08-08T17:30:39.379+0000] {processor.py:914} INFO - Processing file /home/airflow/.local/lib/python3.12/site-packages/airflow/example_dags/example_kubernetes_executor.py for tasks to queue
[2026-08-08T17:30:39.381+0000] {logging_mixin.py:190} INFO - [2026-08-08T17:30:39.381+0000] {dagbag.py:587} INFO - Filling up the DagBag from /home/airflow/.local/lib/python3.12/site-packages/airflow/example_dags/example_kubernetes_executor.py
[2026-08-08T17:30:39.392+0000] {processor.py:925} INFO - DAG(s) 'example_kubernetes_executor' retrieved from /home/airflow/.local/lib/python3.12/site-packages/airflow/example_dags/example_kubernetes_executor.py
[2026-08-08T17:30:39.428+0000] {logging_mixin.py:190} INFO - [2026-08-08T17:30:39.428+0000] {dag.py:3211} INFO - Sync 1 DAGs
[2026-08-08T17:30:39.443+0000] {logging_mixin.py:190} INFO - [2026-08-08T17:30:39.443+0000] {dag.py:4138} INFO - Setting next_dagrun for example_kubernetes_executor to None, run_after=None
[2026-08-08T17:30:39.461+0000] {processor.py:208} INFO - Processing /home/airflow/.local/lib/python3.12/site-packages/airflow/example_dags/example_kubernetes_executor.py took 0.088 seconds
[2026-08-08T17:31:09.588+0000] {processor.py:186} INFO - Started process (PID=837) to work on /home/airflow/.local/lib/python3.12/site-packages/airflow/example_dags/example_kubernetes_executor.py
[2026-08-08T17:31:09.590+0000] {processor.py:914} INFO - Processing file /home/airflow/.local/lib/python3.12/site-packages/airflow/example_dags/example_kubernetes_executor.py for tasks to queue
[2026-08-08T17:31:09.592+0000] {logging_mixin.py:190} INFO - [2026-08-08T17:31:09.592+0000] {dagbag.py:587} INFO - Filling up the DagBag from /home/airflow/.local/lib/python3.12/site-packages/airflow/example_dags/example_kubernetes_executor.py
[2026-08-08T17:31:09.607+0000] {processor.py:925} INFO - DAG(s) 'example_kubernetes_executor' retrieved from /home/airflow/.local/lib/python3.12/site-packages/airflow/example_dags/example_kubernetes_executor.py
[2026-08-08T17:31:09.642+0000] {logging_mixin.py:190} INFO - [2026-08-08T17:31:09.642+0000] {dag.py:3211} INFO - Sync 1 DAGs
[2026-08-08T17:31:09.656+0000] {logging_mixin.py:190} INFO - [2026-08-08T17:31:09.655+0000] {dag.py:4138} INFO - Setting next_dagrun for example_kubernetes_executor to None, run_after=None
[2026-08-08T17:31:09.676+0000] {processor.py:208} INFO - Processing /home/airflow/.local/lib/python3.12/site-packages/airflow/example_dags/example_kubernetes_executor.py took 0.093 seconds
[2026-08-08T17:31:40.359+0000] {processor.py:186} INFO - Started process (PID=900) to work on /home/airflow/.local/lib/python3.12/site-packages/airflow/example_dags/example_kubernetes_executor.py
[2026-08-08T17:31:40.360+0000] {processor.py:914} INFO - Processing file /home/airflow/.local/lib/python3.12/site-packages/airflow/example_dags/example_kubernetes_executor.py for tasks to queue
[2026-08-08T17:31:40.363+0000] {logging_mixin.py:190} INFO - [2026-08-08T17:31:40.362+0000] {dagbag.py:587} INFO - Filling up the DagBag from /home/airflow/.local/lib/python3.12/site-packages/airflow/example_dags/example_kubernetes_executor.py
[2026-08-08T17:31:40.375+0000] {processor.py:925} INFO - DAG(s) 'example_kubernetes_executor' retrieved from /home/airflow/.local/lib/python3.12/site-packages/airflow/example_dags/example_kubernetes_executor.py
[2026-08-08T17:31:40.425+0000] {logging_mixin.py:190} INFO - [2026-08-08T17:31:40.425+0000] {dag.py:3211} INFO - Sync 1 DAGs
[2026-08-08T17:31:40.441+0000] {logging_mixin.py:190} INFO - [2026-08-08T17:31:40.441+0000] {dag.py:4138} INFO - Setting next_dagrun for example_kubernetes_executor to None, run_after=None
[2026-08-08T17:31:40.465+0000] {processor.py:208} INFO - Processing /home/airflow/.local/lib/python3.12/site-packages/airflow/example_dags/example_kubernetes_executor.py took 0.112 seconds
[2026-08-08T17:32:10.903+0000] {processor.py:186} INFO - Started process (PID=963) to work on /home/airflow/.local/lib/python3.12/site-packages/airflow/example_dags/example_kubernetes_executor.py
[2026-08-08T17:32:10.904+0000] {processor.py:914} INFO - Processing file /home/airflow/.local/lib/python3.12/site-packages/airflow/example_dags/example_kubernetes_executor.py for tasks to queue
[2026-08-08T17:32:10.907+0000] {logging_mixin.py:190} INFO - [2026-08-08T17:32:10.906+0000] {dagbag.py:587} INFO - Filling up the DagBag from /home/airflow/.local/lib/python3.12/site-packages/airflow/example_dags/example_kubernetes_executor.py
[2026-08-08T17:32:10.920+0000] {processor.py:925} INFO - DAG(s) 'example_kubernetes_executor' retrieved from /home/airflow/.local/lib/python3.12/site-packages/airflow/example_dags/example_kubernetes_executor.py
[2026-08-08T17:32:10.955+0000] {logging_mixin.py:190} INFO - [2026-08-08T17:32:10.955+0000] {dag.py:3211} INFO - Sync 1 DAGs
[2026-08-08T17:32:10.970+0000] {logging_mixin.py:190} INFO - [2026-08-08T17:32:10.970+0000] {dag.py:4138} INFO - Setting next_dagrun for example_kubernetes_executor to None, run_after=None
[2026-08-08T17:32:10.988+0000] {processor.py:208} INFO - Processing /home/airflow/.local/lib/python3.12/site-packages/airflow/example_dags/example_kubernetes_executor.py took 0.092 seconds
[2026-08-08T17:32:41.219+0000] {processor.py:186} INFO - Started process (PID=1026) to work on /home/airflow/.local/lib/python3.12/site-packages/airflow/example_dags/example_kubernetes_executor.py
[2026-08-08T17:32:41.221+0000] {processor.py:914} INFO - Processing file /home/airflow/.local/lib/python3.12/site-packages/airflow/example_dags/example_kubernetes_executor.py for tasks to queue
[2026-08-08T17:32:41.224+0000] {logging_mixin.py:190} INFO - [2026-08-08T17:32:41.224+0000] {dagbag.py:587} INFO - Filling up the DagBag from /home/airflow/.local/lib/python3.12/site-packages/airflow/example_dags/example_kubernetes_executor.py
[2026-08-08T17:32:41.238+0000] {processor.py:925} INFO - DAG(s) 'example_kubernetes_executor' retrieved from /home/airflow/.local/lib/python3.12/site-packages/airflow/example_dags/example_kubernetes_executor.py
[2026-08-08T17:32:41.278+0000] {logging_mixin.py:190} INFO - [2026-08-08T17:32:41.278+0000] {dag.py:3211} INFO - Sync 1 DAGs
[2026-08-08T17:32:41.295+0000] {logging_mixin.py:190} INFO - [2026-08-08T17:32:41.295+0000] {dag.py:4138} INFO - Setting next_dagrun for example_kubernetes_executor to None, run_after=None
[2026-08-08T17:32:41.317+0000] {processor.py:208} INFO - Processing /home/airflow/.local/lib/python3.12/site-packages/airflow/example_dags/example_kubernetes_executor.py took 0.105 seconds
[2026-08-08T17:33:11.819+0000] {processor.py:186} INFO - Started process (PID=1089) to work on /home/airflow/.local/lib/python3.12/site-packages/airflow/example_dags/example_kubernetes_executor.py
[2026-08-08T17:33:11.821+0000] {processor.py:914} INFO - Processing file /home/airflow/.local/lib/python3.12/site-packages/airflow/example_dags/example_kubernetes_executor.py for tasks to queue
[2026-08-08T17:33:11.824+0000] {logging_mixin.py:190} INFO - [2026-08-08T17:33:11.824+0000] {dagbag.py:587} INFO - Filling up the DagBag from /home/airflow/.local/lib/python3.12/site-packages/airflow/example_dags/example_kubernetes_executor.py
[2026-08-08T17:33:11.841+0000] {processor.py:925} INFO - DAG(s) 'example_kubernetes_executor' retrieved from /home/airflow/.local/lib/python3.12/site-packages/airflow/example_dags/example_kubernetes_executor.py
[2026-08-08T17:33:11.893+0000] {logging_mixin.py:190} INFO - [2026-08-08T17:33:11.893+0000] {dag.py:3211} INFO - Sync 1 DAGs
[2026-08-08T17:33:11.915+0000] {logging_mixin.py:190} INFO - [2026-08-08T17:33:11.915+0000] {dag.py:4138} INFO - Setting next_dagrun for example_kubernetes_executor to None, run_after=None
[2026-08-08T17:33:11.946+0000] {processor.py:208} INFO - Processing /home/airflow/.local/lib/python3.12/site-packages/airflow/example_dags/example_kubernetes_executor.py took 0.137 seconds
[2026-08-08T17:33:42.456+0000] {processor.py:186} INFO - Started process (PID=1152) to work on /home/airflow/.local/lib/python3.12/site-packages/airflow/example_dags/example_kubernetes_executor.py
[2026-08-08T17:33:42.458+0000] {processor.py:914} INFO - Processing file /home/airflow/.local/lib/python3.12/site-packages/airflow/example_dags/example_kubernetes_executor.py for tasks to queue
[2026-08-08T17:33:42.460+0000] {logging_mixin.py:190} INFO - [2026-08-08T17:33:42.460+0000] {dagbag.py:587} INFO - Filling up the DagBag from /home/airflow/.local/lib/python3.12/site-packages/airflow/example_dags/example_kubernetes_executor.py
[2026-08-08T17:33:42.476+0000] {processor.py:925} INFO - DAG(s) 'example_kubernetes_executor' retrieved from /home/airflow/.local/lib/python3.12/site-packages/airflow/example_dags/example_kubernetes_executor.py
[2026-08-08T17:33:42.518+0000] {logging_mixin.py:190} INFO - [2026-08-08T17:33:42.517+0000] {dag.py:3211} INFO - Sync 1 DAGs
[2026-08-08T17:33:42.530+0000] {logging_mixin.py:190} INFO - [2026-08-08T17:33:42.530+0000] {dag.py:4138} INFO - Setting next_dagrun for example_kubernetes_executor to None, run_after=None
[2026-08-08T17:33:42.548+0000] {processor.py:208} INFO - Processing /home/airflow/.local/lib/python3.12/site-packages/airflow/example_dags/example_kubernetes_executor.py took 0.097 seconds
[2026-08-08T17:34:12.693+0000] {processor.py:186} INFO - Started process (PID=1215) to work on /home/airflow/.local/lib/python3.12/site-packages/airflow/example_dags/example_kubernetes_executor.py
[2026-08-08T17:34:12.694+0000] {processor.py:914} INFO - Processing file /home/airflow/.local/lib/python3.12/site-packages/airflow/example_dags/example_kubernetes_executor.py for tasks to queue
[2026-08-08T17:34:12.696+0000] {logging_mixin.py:190} INFO - [2026-08-08T17:34:12.696+0000] {dagbag.py:587} INFO - Filling up the DagBag from /home/airflow/.local/lib/python3.12/site-packages/airflow/example_dags/example_kubernetes_executor.py
[2026-08-08T17:34:12.708+0000] {processor.py:925} INFO - DAG(s) 'example_kubernetes_executor' retrieved from /home/airflow/.local/lib/python3.12/site-packages/airflow/example_dags/example_kubernetes_executor.py
[2026-08-08T17:34:12.749+0000] {logging_mixin.py:190} INFO - [2026-08-08T17:34:12.749+0000] {dag.py:3211} INFO - Sync 1 DAGs
[2026-08-08T17:34:12.762+0000] {logging_mixin.py:190} INFO - [2026-08-08T17:34:12.762+0000] {dag.py:4138} INFO - Setting next_dagrun for example_kubernetes_executor to None, run_after=None
[2026-08-08T17:34:12.782+0000] {processor.py:208} INFO - Processing /home/airflow/.local/lib/python3.12/site-packages/airflow/example_dags/example_kubernetes_executor.py took 0.095 seconds
[2026-08-08T17:34:43.714+0000] {processor.py:186} INFO - Started process (PID=1278) to work on /home/airflow/.local/lib/python3.12/site-packages/airflow/example_dags/example_kubernetes_executor.py
[2026-08-08T17:34:43.715+0000] {processor.py:914} INFO - Processing file /home/airflow/.local/lib/python3.12/site-packages/airflow/example_dags/example_kubernetes_executor.py for tasks to queue
[2026-08-08T17:34:43.718+0000] {logging_mixin.py:190} INFO - [2026-08-08T17:34:43.718+0000] {dagbag.py:587} INFO - Filling up the DagBag from /home/airflow/.local/lib/python3.12/site-packages/airflow/example_dags/example_kubernetes_executor.py
[2026-08-08T17:34:43.731+0000] {processor.py:925} INFO - DAG(s) 'example_kubernetes_executor' retrieved from /home/airflow/.local/lib/python3.12/site-packages/airflow/example_dags/example_kubernetes_executor.py
[2026-08-08T17:34:43.780+0000] {logging_mixin.py:190} INFO - [2026-08-08T17:34:43.780+0000] {dag.py:3211} INFO - Sync 1 DAGs
[2026-08-08T17:34:43.805+0000] {logging_mixin.py:190} INFO - [2026-08-08T17:34:43.805+0000] {dag.py:4138} INFO - Setting next_dagrun for example_kubernetes_executor to None, run_after=None
[2026-08-08T17:34:43.834+0000] {processor.py:208} INFO - Processing /home/airflow/.local/lib/python3.12/site-packages/airflow/example_dags/example_kubernetes_executor.py took 0.125 seconds
[2026-08-08T17:35:14.246+0000] {processor.py:186} INFO - Started process (PID=1341) to work on /home/airflow/.local/lib/python3.12/site-packages/airflow/example_dags/example_kubernetes_executor.py
[2026-08-08T17:35:14.247+0000] {processor.py:914} INFO - Processing file /home/airflow/.local/lib/python3.12/site-packages/airflow/example_dags/example_kubernetes_executor.py for tasks to queue
[2026-08-08T17:35:14.250+0000] {logging_mixin.py:190} INFO - [2026-08-08T17:35:14.250+0000] {dagbag.py:587} INFO - Filling up the DagBag from /home/airflow/.local/lib/python3.12/site-packages/airflow/example_dags/example_kubernetes_executor.py
[2026-08-08T17:35:14.264+0000] {processor.py:925} INFO - DAG(s) 'example_kubernetes_executor' retrieved from /home/airflow/.local/lib/python3.12/site-packages/airflow/example_dags/example_kubernetes_executor.py
[2026-08-08T17:35:14.305+0000] {logging_mixin.py:190} INFO - [2026-08-08T17:35:14.304+0000] {dag.py:3211} INFO - Sync 1 DAGs
[2026-08-08T17:35:14.317+0000] {logging_mixin.py:190} INFO - [2026-08-08T17:35:14.317+0000] {dag.py:4138} INFO - Setting next_dagrun for example_kubernetes_executor to None, run_after=None
[2026-08-08T17:35:14.342+0000] {processor.py:208} INFO - Processing /home/airflow/.local/lib/python3.12/site-packages/airflow/example_dags/example_kubernetes_executor.py took 0.101 seconds
[2026-08-08T17:35:45.097+0000] {processor.py:186} INFO - Started process (PID=1404) to work on /home/airflow/.local/lib/python3.12/site-packages/airflow/example_dags/example_kubernetes_executor.py
[2026-08-08T17:35:45.099+0000] {processor.py:914} INFO - Processing file /home/airflow/.local/lib/python3.12/site-packages/airflow/example_dags/example_kubernetes_executor.py for tasks to queue
[2026-08-08T17:35:45.101+0000] {logging_mixin.py:190} INFO - [2026-08-08T17:35:45.101+0000] {dagbag.py:587} INFO - Filling up the DagBag from /home/airflow/.local/lib/python3.12/site-packages/airflow/example_dags/example_kubernetes_executor.py
[2026-08-08T17:35:45.112+0000] {processor.py:925} INFO - DAG(s) 'example_kubernetes_executor' retrieved from /home/airflow/.local/lib/python3.12/site-packages/airflow/example_dags/example_kubernetes_executor.py
[2026-08-08T17:35:45.148+0000] {logging_mixin.py:190} INFO - [2026-08-08T17:35:45.148+0000] {dag.py:3211} INFO - Sync 1 DAGs
[2026-08-08T17:35:45.166+0000] {logging_mixin.py:190} INFO - [2026-08-08T17:35:45.166+0000] {dag.py:4138} INFO - Setting next_dagrun for example_kubernetes_executor to None, run_after=None
[2026-08-08T17:35:45.185+0000] {processor.py:208} INFO - Processing /home/airflow/.local/lib/python3.12/site-packages/airflow/example_dags/example_kubernetes_executor.py took 0.093 seconds
[2026-08-08T17:36:15.559+0000] {processor.py:186} INFO - Started process (PID=1467) to work on /home/airflow/.local/lib/python3.12/site-packages/airflow/example_dags/example_kubernetes_executor.py
[2026-08-08T17:36:15.562+0000] {processor.py:914} INFO - Processing file /home/airflow/.local/lib/python3.12/site-packages/airflow/example_dags/example_kubernetes_executor.py for tasks to queue
[2026-08-08T17:36:15.573+0000] {logging_mixin.py:190} INFO - [2026-08-08T17:36:15.571+0000] {dagbag.py:587} INFO - Filling up the DagBag from /home/airflow/.local/lib/python3.12/site-packages/airflow/example_dags/example_kubernetes_executor.py
[2026-08-08T17:36:15.595+0000] {processor.py:925} INFO - DAG(s) 'example_kubernetes_executor' retrieved from /home/airflow/.local/lib/python3.12/site-packages/airflow/example_dags/example_kubernetes_executor.py
[2026-08-08T17:36:15.657+0000] {logging_mixin.py:190} INFO - [2026-08-08T17:36:15.656+0000] {dag.py:3211} INFO - Sync 1 DAGs
[2026-08-08T17:36:15.676+0000] {logging_mixin.py:190} INFO - [2026-08-08T17:36:15.676+0000] {dag.py:4138} INFO - Setting next_dagrun for example_kubernetes_executor to None, run_after=None
[2026-08-08T17:36:15.709+0000] {processor.py:208} INFO - Processing /home/airflow/.local/lib/python3.12/site-packages/airflow/example_dags/example_kubernetes_executor.py took 0.164 seconds
[2026-08-08T17:36:45.857+0000] {processor.py:186} INFO - Started process (PID=1529) to work on /home/airflow/.local/lib/python3.12/site-packages/airflow/example_dags/example_kubernetes_executor.py
[2026-08-08T17:36:45.867+0000] {processor.py:914} INFO - Processing file /home/airflow/.local/lib/python3.12/site-packages/airflow/example_dags/example_kubernetes_executor.py for tasks to queue
[2026-08-08T17:36:45.876+0000] {logging_mixin.py:190} INFO - [2026-08-08T17:36:45.874+0000] {dagbag.py:587} INFO - Filling up the DagBag from /home/airflow/.local/lib/python3.12/site-packages/airflow/example_dags/example_kubernetes_executor.py
[2026-08-08T17:36:45.944+0000] {processor.py:925} INFO - DAG(s) 'example_kubernetes_executor' retrieved from /home/airflow/.local/lib/python3.12/site-packages/airflow/example_dags/example_kubernetes_executor.py
[2026-08-08T17:36:46.132+0000] {logging_mixin.py:190} INFO - [2026-08-08T17:36:46.132+0000] {dag.py:3211} INFO - Sync 1 DAGs
[2026-08-08T17:36:46.183+0000] {logging_mixin.py:190} INFO - [2026-08-08T17:36:46.183+0000] {dag.py:4138} INFO - Setting next_dagrun for example_kubernetes_executor to None, run_after=None
[2026-08-08T17:36:46.220+0000] {processor.py:208} INFO - Processing /home/airflow/.local/lib/python3.12/site-packages/airflow/example_dags/example_kubernetes_executor.py took 0.405 seconds
[2026-08-08T17:38:14.045+0000] {processor.py:186} INFO - Started process (PID=63) to work on /home/airflow/.local/lib/python3.12/site-packages/airflow/example_dags/example_kubernetes_executor.py
[2026-08-08T17:38:14.046+0000] {processor.py:914} INFO - Processing file /home/airflow/.local/lib/python3.12/site-packages/airflow/example_dags/example_kubernetes_executor.py for tasks to queue
[2026-08-08T17:38:14.048+0000] {logging_mixin.py:190} INFO - [2026-08-08T17:38:14.048+0000] {dagbag.py:587} INFO - Filling up the DagBag from /home/airflow/.local/lib/python3.12/site-packages/airflow/example_dags/example_kubernetes_executor.py
[2026-08-08T17:38:14.065+0000] {processor.py:925} INFO - DAG(s) 'example_kubernetes_executor' retrieved from /home/airflow/.local/lib/python3.12/site-packages/airflow/example_dags/example_kubernetes_executor.py
[2026-08-08T17:38:14.108+0000] {logging_mixin.py:190} INFO - [2026-08-08T17:38:14.107+0000] {dag.py:3211} INFO - Sync 1 DAGs
[2026-08-08T17:38:14.120+0000] {logging_mixin.py:190} INFO - [2026-08-08T17:38:14.120+0000] {dag.py:4138} INFO - Setting next_dagrun for example_kubernetes_executor to None, run_after=None
[2026-08-08T17:38:14.149+0000] {processor.py:208} INFO - Processing /home/airflow/.local/lib/python3.12/site-packages/airflow/example_dags/example_kubernetes_executor.py took 0.109 seconds
[2026-08-08T17:38:44.851+0000] {processor.py:186} INFO - Started process (PID=126) to work on /home/airflow/.local/lib/python3.12/site-packages/airflow/example_dags/example_kubernetes_executor.py
[2026-08-08T17:38:44.852+0000] {processor.py:914} INFO - Processing file /home/airflow/.local/lib/python3.12/site-packages/airflow/example_dags/example_kubernetes_executor.py for tasks to queue
[2026-08-08T17:38:44.855+0000] {logging_mixin.py:190} INFO - [2026-08-08T17:38:44.855+0000] {dagbag.py:587} INFO - Filling up the DagBag from /home/airflow/.local/lib/python3.12/site-packages/airflow/example_dags/example_kubernetes_executor.py
[2026-08-08T17:38:44.874+0000] {processor.py:925} INFO - DAG(s) 'example_kubernetes_executor' retrieved from /home/airflow/.local/lib/python3.12/site-packages/airflow/example_dags/example_kubernetes_executor.py
[2026-08-08T17:38:44.935+0000] {logging_mixin.py:190} INFO - [2026-08-08T17:38:44.935+0000] {dag.py:3211} INFO - Sync 1 DAGs
[2026-08-08T17:38:44.971+0000] {logging_mixin.py:190} INFO - [2026-08-08T17:38:44.971+0000] {dag.py:4138} INFO - Setting next_dagrun for example_kubernetes_executor to None, run_after=None
[2026-08-08T17:38:45.024+0000] {processor.py:208} INFO - Processing /home/airflow/.local/lib/python3.12/site-packages/airflow/example_dags/example_kubernetes_executor.py took 0.179 seconds
[2026-08-08T17:39:15.532+0000] {processor.py:186} INFO - Started process (PID=195) to work on /home/airflow/.local/lib/python3.12/site-packages/airflow/example_dags/example_kubernetes_executor.py
[2026-08-08T17:39:15.533+0000] {processor.py:914} INFO - Processing file /home/airflow/.local/lib/python3.12/site-packages/airflow/example_dags/example_kubernetes_executor.py for tasks to queue
[2026-08-08T17:39:15.537+0000] {logging_mixin.py:190} INFO - [2026-08-08T17:39:15.536+0000] {dagbag.py:587} INFO - Filling up the DagBag from /home/airflow/.local/lib/python3.12/site-packages/airflow/example_dags/example_kubernetes_executor.py
[2026-08-08T17:39:15.550+0000] {processor.py:925} INFO - DAG(s) 'example_kubernetes_executor' retrieved from /home/airflow/.local/lib/python3.12/site-packages/airflow/example_dags/example_kubernetes_executor.py
[2026-08-08T17:39:15.588+0000] {logging_mixin.py:190} INFO - [2026-08-08T17:39:15.588+0000] {dag.py:3211} INFO - Sync 1 DAGs
[2026-08-08T17:39:15.600+0000] {logging_mixin.py:190} INFO - [2026-08-08T17:39:15.600+0000] {dag.py:4138} INFO - Setting next_dagrun for example_kubernetes_executor to None, run_after=None
[2026-08-08T17:39:15.618+0000] {processor.py:208} INFO - Processing /home/airflow/.local/lib/python3.12/site-packages/airflow/example_dags/example_kubernetes_executor.py took 0.092 seconds
[2026-08-08T17:39:46.607+0000] {processor.py:186} INFO - Started process (PID=258) to work on /home/airflow/.local/lib/python3.12/site-packages/airflow/example_dags/example_kubernetes_executor.py
[2026-08-08T17:39:46.609+0000] {processor.py:914} INFO - Processing file /home/airflow/.local/lib/python3.12/site-packages/airflow/example_dags/example_kubernetes_executor.py for tasks to queue
[2026-08-08T17:39:46.612+0000] {logging_mixin.py:190} INFO - [2026-08-08T17:39:46.611+0000] {dagbag.py:587} INFO - Filling up the DagBag from /home/airflow/.local/lib/python3.12/site-packages/airflow/example_dags/example_kubernetes_executor.py
[2026-08-08T17:39:46.625+0000] {processor.py:925} INFO - DAG(s) 'example_kubernetes_executor' retrieved from /home/airflow/.local/lib/python3.12/site-packages/airflow/example_dags/example_kubernetes_executor.py
[2026-08-08T17:39:46.657+0000] {logging_mixin.py:190} INFO - [2026-08-08T17:39:46.657+0000] {dag.py:3211} INFO - Sync 1 DAGs
[2026-08-08T17:39:46.671+0000] {logging_mixin.py:190} INFO - [2026-08-08T17:39:46.671+0000] {dag.py:4138} INFO - Setting next_dagrun for example_kubernetes_executor to None, run_after=None
[2026-08-08T17:39:46.692+0000] {processor.py:208} INFO - Processing /home/airflow/.local/lib/python3.12/site-packages/airflow/example_dags/example_kubernetes_executor.py took 0.090 seconds
[2026-08-08T17:42:37.720+0000] {processor.py:186} INFO - Started process (PID=75) to work on /home/airflow/.local/lib/python3.12/site-packages/airflow/example_dags/example_kubernetes_executor.py
[2026-08-08T17:42:37.723+0000] {processor.py:914} INFO - Processing file /home/airflow/.local/lib/python3.12/site-packages/airflow/example_dags/example_kubernetes_executor.py for tasks to queue
[2026-08-08T17:42:37.731+0000] {logging_mixin.py:190} INFO - [2026-08-08T17:42:37.730+0000] {dagbag.py:587} INFO - Filling up the DagBag from /home/airflow/.local/lib/python3.12/site-packages/airflow/example_dags/example_kubernetes_executor.py
[2026-08-08T17:42:37.749+0000] {processor.py:925} INFO - DAG(s) 'example_kubernetes_executor' retrieved from /home/airflow/.local/lib/python3.12/site-packages/airflow/example_dags/example_kubernetes_executor.py
[2026-08-08T17:42:37.813+0000] {logging_mixin.py:190} INFO - [2026-08-08T17:42:37.812+0000] {dag.py:3211} INFO - Sync 1 DAGs
[2026-08-08T17:42:37.828+0000] {logging_mixin.py:190} INFO - [2026-08-08T17:42:37.828+0000] {dag.py:4138} INFO - Setting next_dagrun for example_kubernetes_executor to None, run_after=None
[2026-08-08T17:42:37.853+0000] {processor.py:208} INFO - Processing /home/airflow/.local/lib/python3.12/site-packages/airflow/example_dags/example_kubernetes_executor.py took 0.139 seconds
[2026-08-08T17:43:08.367+0000] {processor.py:186} INFO - Started process (PID=138) to work on /home/airflow/.local/lib/python3.12/site-packages/airflow/example_dags/example_kubernetes_executor.py
[2026-08-08T17:43:08.370+0000] {processor.py:914} INFO - Processing file /home/airflow/.local/lib/python3.12/site-packages/airflow/example_dags/example_kubernetes_executor.py for tasks to queue
[2026-08-08T17:43:08.374+0000] {logging_mixin.py:190} INFO - [2026-08-08T17:43:08.373+0000] {dagbag.py:587} INFO - Filling up the DagBag from /home/airflow/.local/lib/python3.12/site-packages/airflow/example_dags/example_kubernetes_executor.py
[2026-08-08T17:43:08.406+0000] {processor.py:925} INFO - DAG(s) 'example_kubernetes_executor' retrieved from /home/airflow/.local/lib/python3.12/site-packages/airflow/example_dags/example_kubernetes_executor.py
[2026-08-08T17:43:08.469+0000] {logging_mixin.py:190} INFO - [2026-08-08T17:43:08.469+0000] {dag.py:3211} INFO - Sync 1 DAGs
[2026-08-08T17:43:08.496+0000] {logging_mixin.py:190} INFO - [2026-08-08T17:43:08.495+0000] {dag.py:4138} INFO - Setting next_dagrun for example_kubernetes_executor to None, run_after=None
[2026-08-08T17:43:08.546+0000] {processor.py:208} INFO - Processing /home/airflow/.local/lib/python3.12/site-packages/airflow/example_dags/example_kubernetes_executor.py took 0.188 seconds
[2026-08-08T17:43:38.752+0000] {processor.py:186} INFO - Started process (PID=207) to work on /home/airflow/.local/lib/python3.12/site-packages/airflow/example_dags/example_kubernetes_executor.py
[2026-08-08T17:43:38.754+0000] {processor.py:914} INFO - Processing file /home/airflow/.local/lib/python3.12/site-packages/airflow/example_dags/example_kubernetes_executor.py for tasks to queue
[2026-08-08T17:43:38.758+0000] {logging_mixin.py:190} INFO - [2026-08-08T17:43:38.758+0000] {dagbag.py:587} INFO - Filling up the DagBag from /home/airflow/.local/lib/python3.12/site-packages/airflow/example_dags/example_kubernetes_executor.py
[2026-08-08T17:43:38.782+0000] {processor.py:925} INFO - DAG(s) 'example_kubernetes_executor' retrieved from /home/airflow/.local/lib/python3.12/site-packages/airflow/example_dags/example_kubernetes_executor.py
[2026-08-08T17:43:38.836+0000] {logging_mixin.py:190} INFO - [2026-08-08T17:43:38.836+0000] {dag.py:3211} INFO - Sync 1 DAGs
[2026-08-08T17:43:38.861+0000] {logging_mixin.py:190} INFO - [2026-08-08T17:43:38.860+0000] {dag.py:4138} INFO - Setting next_dagrun for example_kubernetes_executor to None, run_after=None
[2026-08-08T17:43:38.890+0000] {processor.py:208} INFO - Processing /home/airflow/.local/lib/python3.12/site-packages/airflow/example_dags/example_kubernetes_executor.py took 0.146 seconds
[2026-08-08T17:44:09.772+0000] {processor.py:186} INFO - Started process (PID=270) to work on /home/airflow/.local/lib/python3.12/site-packages/airflow/example_dags/example_kubernetes_executor.py
[2026-08-08T17:44:09.774+0000] {processor.py:914} INFO - Processing file /home/airflow/.local/lib/python3.12/site-packages/airflow/example_dags/example_kubernetes_executor.py for tasks to queue
[2026-08-08T17:44:09.776+0000] {logging_mixin.py:190} INFO - [2026-08-08T17:44:09.776+0000] {dagbag.py:587} INFO - Filling up the DagBag from /home/airflow/.local/lib/python3.12/site-packages/airflow/example_dags/example_kubernetes_executor.py
[2026-08-08T17:44:09.791+0000] {processor.py:925} INFO - DAG(s) 'example_kubernetes_executor' retrieved from /home/airflow/.local/lib/python3.12/site-packages/airflow/example_dags/example_kubernetes_executor.py
[2026-08-08T17:44:09.823+0000] {logging_mixin.py:190} INFO - [2026-08-08T17:44:09.822+0000] {dag.py:3211} INFO - Sync 1 DAGs
[2026-08-08T17:44:09.834+0000] {logging_mixin.py:190} INFO - [2026-08-08T17:44:09.834+0000] {dag.py:4138} INFO - Setting next_dagrun for example_kubernetes_executor to None, run_after=None
[2026-08-08T17:44:09.854+0000] {processor.py:208} INFO - Processing /home/airflow/.local/lib/python3.12/site-packages/airflow/example_dags/example_kubernetes_executor.py took 0.087 seconds
[2026-08-08T17:44:40.236+0000] {processor.py:186} INFO - Started process (PID=333) to work on /home/airflow/.local/lib/python3.12/site-packages/airflow/example_dags/example_kubernetes_executor.py
[2026-08-08T17:44:40.238+0000] {processor.py:914} INFO - Processing file /home/airflow/.local/lib/python3.12/site-packages/airflow/example_dags/example_kubernetes_executor.py for tasks to queue
[2026-08-08T17:44:40.240+0000] {logging_mixin.py:190} INFO - [2026-08-08T17:44:40.240+0000] {dagbag.py:587} INFO - Filling up the DagBag from /home/airflow/.local/lib/python3.12/site-packages/airflow/example_dags/example_kubernetes_executor.py
[2026-08-08T17:44:40.255+0000] {processor.py:925} INFO - DAG(s) 'example_kubernetes_executor' retrieved from /home/airflow/.local/lib/python3.12/site-packages/airflow/example_dags/example_kubernetes_executor.py
[2026-08-08T17:44:40.287+0000] {logging_mixin.py:190} INFO - [2026-08-08T17:44:40.287+0000] {dag.py:3211} INFO - Sync 1 DAGs
[2026-08-08T17:44:40.299+0000] {logging_mixin.py:190} INFO - [2026-08-08T17:44:40.299+0000] {dag.py:4138} INFO - Setting next_dagrun for example_kubernetes_executor to None, run_after=None
[2026-08-08T17:44:40.318+0000] {processor.py:208} INFO - Processing /home/airflow/.local/lib/python3.12/site-packages/airflow/example_dags/example_kubernetes_executor.py took 0.088 seconds
[2026-08-08T17:45:10.564+0000] {processor.py:186} INFO - Started process (PID=396) to work on /home/airflow/.local/lib/python3.12/site-packages/airflow/example_dags/example_kubernetes_executor.py
[2026-08-08T17:45:10.566+0000] {processor.py:914} INFO - Processing file /home/airflow/.local/lib/python3.12/site-packages/airflow/example_dags/example_kubernetes_executor.py for tasks to queue
[2026-08-08T17:45:10.569+0000] {logging_mixin.py:190} INFO - [2026-08-08T17:45:10.568+0000] {dagbag.py:587} INFO - Filling up the DagBag from /home/airflow/.local/lib/python3.12/site-packages/airflow/example_dags/example_kubernetes_executor.py
[2026-08-08T17:45:10.585+0000] {processor.py:925} INFO - DAG(s) 'example_kubernetes_executor' retrieved from /home/airflow/.local/lib/python3.12/site-packages/airflow/example_dags/example_kubernetes_executor.py
[2026-08-08T17:45:10.624+0000] {logging_mixin.py:190} INFO - [2026-08-08T17:45:10.623+0000] {dag.py:3211} INFO - Sync 1 DAGs
[2026-08-08T17:45:10.637+0000] {logging_mixin.py:190} INFO - [2026-08-08T17:45:10.636+0000] {dag.py:4138} INFO - Setting next_dagrun for example_kubernetes_executor to None, run_after=None
[2026-08-08T17:45:10.658+0000] {processor.py:208} INFO - Processing /home/airflow/.local/lib/python3.12/site-packages/airflow/example_dags/example_kubernetes_executor.py took 0.101 seconds
[2026-08-08T17:45:40.798+0000] {processor.py:186} INFO - Started process (PID=459) to work on /home/airflow/.local/lib/python3.12/site-packages/airflow/example_dags/example_kubernetes_executor.py
[2026-08-08T17:45:40.799+0000] {processor.py:914} INFO - Processing file /home/airflow/.local/lib/python3.12/site-packages/airflow/example_dags/example_kubernetes_executor.py for tasks to queue
[2026-08-08T17:45:40.802+0000] {logging_mixin.py:190} INFO - [2026-08-08T17:45:40.801+0000] {dagbag.py:587} INFO - Filling up the DagBag from /home/airflow/.local/lib/python3.12/site-packages/airflow/example_dags/example_kubernetes_executor.py
[2026-08-08T17:45:40.816+0000] {processor.py:925} INFO - DAG(s) 'example_kubernetes_executor' retrieved from /home/airflow/.local/lib/python3.12/site-packages/airflow/example_dags/example_kubernetes_executor.py
[2026-08-08T17:45:40.854+0000] {logging_mixin.py:190} INFO - [2026-08-08T17:45:40.854+0000] {dag.py:3211} INFO - Sync 1 DAGs
[2026-08-08T17:45:40.871+0000] {logging_mixin.py:190} INFO - [2026-08-08T17:45:40.871+0000] {dag.py:4138} INFO - Setting next_dagrun for example_kubernetes_executor to None, run_after=None
[2026-08-08T17:45:40.890+0000] {processor.py:208} INFO - Processing /home/airflow/.local/lib/python3.12/site-packages/airflow/example_dags/example_kubernetes_executor.py took 0.098 seconds
[2026-08-08T17:47:11.562+0000] {processor.py:186} INFO - Started process (PID=76) to work on /home/airflow/.local/lib/python3.12/site-packages/airflow/example_dags/example_kubernetes_executor.py
[2026-08-08T17:47:11.564+0000] {processor.py:914} INFO - Processing file /home/airflow/.local/lib/python3.12/site-packages/airflow/example_dags/example_kubernetes_executor.py for tasks to queue
[2026-08-08T17:47:11.568+0000] {logging_mixin.py:190} INFO - [2026-08-08T17:47:11.567+0000] {dagbag.py:587} INFO - Filling up the DagBag from /home/airflow/.local/lib/python3.12/site-packages/airflow/example_dags/example_kubernetes_executor.py
[2026-08-08T17:47:11.588+0000] {processor.py:925} INFO - DAG(s) 'example_kubernetes_executor' retrieved from /home/airflow/.local/lib/python3.12/site-packages/airflow/example_dags/example_kubernetes_executor.py
[2026-08-08T17:47:11.641+0000] {logging_mixin.py:190} INFO - [2026-08-08T17:47:11.641+0000] {dag.py:3211} INFO - Sync 1 DAGs
[2026-08-08T17:47:11.655+0000] {logging_mixin.py:190} INFO - [2026-08-08T17:47:11.655+0000] {dag.py:4138} INFO - Setting next_dagrun for example_kubernetes_executor to None, run_after=None
[2026-08-08T17:47:11.683+0000] {processor.py:208} INFO - Processing /home/airflow/.local/lib/python3.12/site-packages/airflow/example_dags/example_kubernetes_executor.py took 0.129 seconds
[2026-08-08T17:47:42.469+0000] {processor.py:186} INFO - Started process (PID=139) to work on /home/airflow/.local/lib/python3.12/site-packages/airflow/example_dags/example_kubernetes_executor.py
[2026-08-08T17:47:42.471+0000] {processor.py:914} INFO - Processing file /home/airflow/.local/lib/python3.12/site-packages/airflow/example_dags/example_kubernetes_executor.py for tasks to queue
[2026-08-08T17:47:42.474+0000] {logging_mixin.py:190} INFO - [2026-08-08T17:47:42.474+0000] {dagbag.py:587} INFO - Filling up the DagBag from /home/airflow/.local/lib/python3.12/site-packages/airflow/example_dags/example_kubernetes_executor.py
[2026-08-08T17:47:42.492+0000] {processor.py:925} INFO - DAG(s) 'example_kubernetes_executor' retrieved from /home/airflow/.local/lib/python3.12/site-packages/airflow/example_dags/example_kubernetes_executor.py
[2026-08-08T17:47:42.548+0000] {logging_mixin.py:190} INFO - [2026-08-08T17:47:42.547+0000] {dag.py:3211} INFO - Sync 1 DAGs
[2026-08-08T17:47:42.574+0000] {logging_mixin.py:190} INFO - [2026-08-08T17:47:42.574+0000] {dag.py:4138} INFO - Setting next_dagrun for example_kubernetes_executor to None, run_after=None
[2026-08-08T17:47:42.620+0000] {processor.py:208} INFO - Processing /home/airflow/.local/lib/python3.12/site-packages/airflow/example_dags/example_kubernetes_executor.py took 0.159 seconds
[2026-08-08T17:48:13.044+0000] {processor.py:186} INFO - Started process (PID=208) to work on /home/airflow/.local/lib/python3.12/site-packages/airflow/example_dags/example_kubernetes_executor.py
[2026-08-08T17:48:13.045+0000] {processor.py:914} INFO - Processing file /home/airflow/.local/lib/python3.12/site-packages/airflow/example_dags/example_kubernetes_executor.py for tasks to queue
[2026-08-08T17:48:13.049+0000] {logging_mixin.py:190} INFO - [2026-08-08T17:48:13.048+0000] {dagbag.py:587} INFO - Filling up the DagBag from /home/airflow/.local/lib/python3.12/site-packages/airflow/example_dags/example_kubernetes_executor.py
[2026-08-08T17:48:13.065+0000] {processor.py:925} INFO - DAG(s) 'example_kubernetes_executor' retrieved from /home/airflow/.local/lib/python3.12/site-packages/airflow/example_dags/example_kubernetes_executor.py
[2026-08-08T17:48:13.107+0000] {logging_mixin.py:190} INFO - [2026-08-08T17:48:13.106+0000] {dag.py:3211} INFO - Sync 1 DAGs
[2026-08-08T17:48:13.122+0000] {logging_mixin.py:190} INFO - [2026-08-08T17:48:13.122+0000] {dag.py:4138} INFO - Setting next_dagrun for example_kubernetes_executor to None, run_after=None
[2026-08-08T17:48:13.141+0000] {processor.py:208} INFO - Processing /home/airflow/.local/lib/python3.12/site-packages/airflow/example_dags/example_kubernetes_executor.py took 0.105 seconds
[2026-08-08T17:48:43.899+0000] {processor.py:186} INFO - Started process (PID=277) to work on /home/airflow/.local/lib/python3.12/site-packages/airflow/example_dags/example_kubernetes_executor.py
[2026-08-08T17:48:43.901+0000] {processor.py:914} INFO - Processing file /home/airflow/.local/lib/python3.12/site-packages/airflow/example_dags/example_kubernetes_executor.py for tasks to queue
[2026-08-08T17:48:43.904+0000] {logging_mixin.py:190} INFO - [2026-08-08T17:48:43.904+0000] {dagbag.py:587} INFO - Filling up the DagBag from /home/airflow/.local/lib/python3.12/site-packages/airflow/example_dags/example_kubernetes_executor.py
[2026-08-08T17:48:43.920+0000] {processor.py:925} INFO - DAG(s) 'example_kubernetes_executor' retrieved from /home/airflow/.local/lib/python3.12/site-packages/airflow/example_dags/example_kubernetes_executor.py
[2026-08-08T17:48:43.963+0000] {logging_mixin.py:190} INFO - [2026-08-08T17:48:43.962+0000] {dag.py:3211} INFO - Sync 1 DAGs
[2026-08-08T17:48:43.980+0000] {logging_mixin.py:190} INFO - [2026-08-08T17:48:43.979+0000] {dag.py:4138} INFO - Setting next_dagrun for example_kubernetes_executor to None, run_after=None
[2026-08-08T17:48:44.007+0000] {processor.py:208} INFO - Processing /home/airflow/.local/lib/python3.12/site-packages/airflow/example_dags/example_kubernetes_executor.py took 0.115 seconds
[2026-08-08T17:52:35.194+0000] {processor.py:186} INFO - Started process (PID=81) to work on /home/airflow/.local/lib/python3.12/site-packages/airflow/example_dags/example_kubernetes_executor.py
[2026-08-08T17:52:35.195+0000] {processor.py:914} INFO - Processing file /home/airflow/.local/lib/python3.12/site-packages/airflow/example_dags/example_kubernetes_executor.py for tasks to queue
[2026-08-08T17:52:35.199+0000] {logging_mixin.py:190} INFO - [2026-08-08T17:52:35.199+0000] {dagbag.py:587} INFO - Filling up the DagBag from /home/airflow/.local/lib/python3.12/site-packages/airflow/example_dags/example_kubernetes_executor.py
[2026-08-08T17:52:35.218+0000] {processor.py:925} INFO - DAG(s) 'example_kubernetes_executor' retrieved from /home/airflow/.local/lib/python3.12/site-packages/airflow/example_dags/example_kubernetes_executor.py
[2026-08-08T17:52:35.275+0000] {logging_mixin.py:190} INFO - [2026-08-08T17:52:35.275+0000] {dag.py:3211} INFO - Sync 1 DAGs
[2026-08-08T17:52:35.292+0000] {logging_mixin.py:190} INFO - [2026-08-08T17:52:35.291+0000] {dag.py:4138} INFO - Setting next_dagrun for example_kubernetes_executor to None, run_after=None
[2026-08-08T17:52:35.320+0000] {processor.py:208} INFO - Processing /home/airflow/.local/lib/python3.12/site-packages/airflow/example_dags/example_kubernetes_executor.py took 0.133 seconds
[2026-08-08T17:53:05.912+0000] {processor.py:186} INFO - Started process (PID=144) to work on /home/airflow/.local/lib/python3.12/site-packages/airflow/example_dags/example_kubernetes_executor.py
[2026-08-08T17:53:05.914+0000] {processor.py:914} INFO - Processing file /home/airflow/.local/lib/python3.12/site-packages/airflow/example_dags/example_kubernetes_executor.py for tasks to queue
[2026-08-08T17:53:05.917+0000] {logging_mixin.py:190} INFO - [2026-08-08T17:53:05.917+0000] {dagbag.py:587} INFO - Filling up the DagBag from /home/airflow/.local/lib/python3.12/site-packages/airflow/example_dags/example_kubernetes_executor.py
[2026-08-08T17:53:05.933+0000] {processor.py:925} INFO - DAG(s) 'example_kubernetes_executor' retrieved from /home/airflow/.local/lib/python3.12/site-packages/airflow/example_dags/example_kubernetes_executor.py
[2026-08-08T17:53:05.977+0000] {logging_mixin.py:190} INFO - [2026-08-08T17:53:05.977+0000] {dag.py:3211} INFO - Sync 1 DAGs
[2026-08-08T17:53:05.992+0000] {logging_mixin.py:190} INFO - [2026-08-08T17:53:05.992+0000] {dag.py:4138} INFO - Setting next_dagrun for example_kubernetes_executor to None, run_after=None
[2026-08-08T17:53:06.022+0000] {processor.py:208} INFO - Processing /home/airflow/.local/lib/python3.12/site-packages/airflow/example_dags/example_kubernetes_executor.py took 0.117 seconds
[2026-08-08T17:53:36.467+0000] {processor.py:186} INFO - Started process (PID=207) to work on /home/airflow/.local/lib/python3.12/site-packages/airflow/example_dags/example_kubernetes_executor.py
[2026-08-08T17:53:36.468+0000] {processor.py:914} INFO - Processing file /home/airflow/.local/lib/python3.12/site-packages/airflow/example_dags/example_kubernetes_executor.py for tasks to queue
[2026-08-08T17:53:36.471+0000] {logging_mixin.py:190} INFO - [2026-08-08T17:53:36.470+0000] {dagbag.py:587} INFO - Filling up the DagBag from /home/airflow/.local/lib/python3.12/site-packages/airflow/example_dags/example_kubernetes_executor.py
[2026-08-08T17:53:36.492+0000] {processor.py:925} INFO - DAG(s) 'example_kubernetes_executor' retrieved from /home/airflow/.local/lib/python3.12/site-packages/airflow/example_dags/example_kubernetes_executor.py
[2026-08-08T17:53:36.542+0000] {logging_mixin.py:190} INFO - [2026-08-08T17:53:36.542+0000] {dag.py:3211} INFO - Sync 1 DAGs
[2026-08-08T17:53:36.558+0000] {logging_mixin.py:190} INFO - [2026-08-08T17:53:36.558+0000] {dag.py:4138} INFO - Setting next_dagrun for example_kubernetes_executor to None, run_after=None
[2026-08-08T17:53:36.583+0000] {processor.py:208} INFO - Processing /home/airflow/.local/lib/python3.12/site-packages/airflow/example_dags/example_kubernetes_executor.py took 0.124 seconds
[2026-08-08T17:54:07.155+0000] {processor.py:186} INFO - Started process (PID=270) to work on /home/airflow/.local/lib/python3.12/site-packages/airflow/example_dags/example_kubernetes_executor.py
[2026-08-08T17:54:07.156+0000] {processor.py:914} INFO - Processing file /home/airflow/.local/lib/python3.12/site-packages/airflow/example_dags/example_kubernetes_executor.py for tasks to queue
[2026-08-08T17:54:07.159+0000] {logging_mixin.py:190} INFO - [2026-08-08T17:54:07.159+0000] {dagbag.py:587} INFO - Filling up the DagBag from /home/airflow/.local/lib/python3.12/site-packages/airflow/example_dags/example_kubernetes_executor.py
[2026-08-08T17:54:07.179+0000] {processor.py:925} INFO - DAG(s) 'example_kubernetes_executor' retrieved from /home/airflow/.local/lib/python3.12/site-packages/airflow/example_dags/example_kubernetes_executor.py
[2026-08-08T17:54:07.218+0000] {logging_mixin.py:190} INFO - [2026-08-08T17:54:07.218+0000] {dag.py:3211} INFO - Sync 1 DAGs
[2026-08-08T17:54:07.238+0000] {logging_mixin.py:190} INFO - [2026-08-08T17:54:07.238+0000] {dag.py:4138} INFO - Setting next_dagrun for example_kubernetes_executor to None, run_after=None
[2026-08-08T17:54:07.263+0000] {processor.py:208} INFO - Processing /home/airflow/.local/lib/python3.12/site-packages/airflow/example_dags/example_kubernetes_executor.py took 0.115 seconds
[2026-08-08T17:54:37.523+0000] {processor.py:186} INFO - Started process (PID=333) to work on /home/airflow/.local/lib/python3.12/site-packages/airflow/example_dags/example_kubernetes_executor.py
[2026-08-08T17:54:37.525+0000] {processor.py:914} INFO - Processing file /home/airflow/.local/lib/python3.12/site-packages/airflow/example_dags/example_kubernetes_executor.py for tasks to queue
[2026-08-08T17:54:37.530+0000] {logging_mixin.py:190} INFO - [2026-08-08T17:54:37.529+0000] {dagbag.py:587} INFO - Filling up the DagBag from /home/airflow/.local/lib/python3.12/site-packages/airflow/example_dags/example_kubernetes_executor.py
[2026-08-08T17:54:37.561+0000] {processor.py:925} INFO - DAG(s) 'example_kubernetes_executor' retrieved from /home/airflow/.local/lib/python3.12/site-packages/airflow/example_dags/example_kubernetes_executor.py
[2026-08-08T17:54:37.621+0000] {logging_mixin.py:190} INFO - [2026-08-08T17:54:37.620+0000] {dag.py:3211} INFO - Sync 1 DAGs
[2026-08-08T17:54:37.642+0000] {logging_mixin.py:190} INFO - [2026-08-08T17:54:37.641+0000] {dag.py:4138} INFO - Setting next_dagrun for example_kubernetes_executor to None, run_after=None
[2026-08-08T17:54:37.671+0000] {processor.py:208} INFO - Processing /home/airflow/.local/lib/python3.12/site-packages/airflow/example_dags/example_kubernetes_executor.py took 0.156 seconds
[2026-08-08T17:55:07.789+0000] {processor.py:186} INFO - Started process (PID=396) to work on /home/airflow/.local/lib/python3.12/site-packages/airflow/example_dags/example_kubernetes_executor.py
[2026-08-08T17:55:07.790+0000] {processor.py:914} INFO - Processing file /home/airflow/.local/lib/python3.12/site-packages/airflow/example_dags/example_kubernetes_executor.py for tasks to queue
[2026-08-08T17:55:07.793+0000] {logging_mixin.py:190} INFO - [2026-08-08T17:55:07.792+0000] {dagbag.py:587} INFO - Filling up the DagBag from /home/airflow/.local/lib/python3.12/site-packages/airflow/example_dags/example_kubernetes_executor.py
[2026-08-08T17:55:07.806+0000] {processor.py:925} INFO - DAG(s) 'example_kubernetes_executor' retrieved from /home/airflow/.local/lib/python3.12/site-packages/airflow/example_dags/example_kubernetes_executor.py
[2026-08-08T17:55:07.841+0000] {logging_mixin.py:190} INFO - [2026-08-08T17:55:07.841+0000] {dag.py:3211} INFO - Sync 1 DAGs
[2026-08-08T17:55:07.852+0000] {logging_mixin.py:190} INFO - [2026-08-08T17:55:07.852+0000] {dag.py:4138} INFO - Setting next_dagrun for example_kubernetes_executor to None, run_after=None
[2026-08-08T17:55:07.872+0000] {processor.py:208} INFO - Processing /home/airflow/.local/lib/python3.12/site-packages/airflow/example_dags/example_kubernetes_executor.py took 0.089 seconds
[2026-08-08T17:55:37.998+0000] {processor.py:186} INFO - Started process (PID=459) to work on /home/airflow/.local/lib/python3.12/site-packages/airflow/example_dags/example_kubernetes_executor.py
[2026-08-08T17:55:37.999+0000] {processor.py:914} INFO - Processing file /home/airflow/.local/lib/python3.12/site-packages/airflow/example_dags/example_kubernetes_executor.py for tasks to queue
[2026-08-08T17:55:38.002+0000] {logging_mixin.py:190} INFO - [2026-08-08T17:55:38.001+0000] {dagbag.py:587} INFO - Filling up the DagBag from /home/airflow/.local/lib/python3.12/site-packages/airflow/example_dags/example_kubernetes_executor.py
[2026-08-08T17:55:38.015+0000] {processor.py:925} INFO - DAG(s) 'example_kubernetes_executor' retrieved from /home/airflow/.local/lib/python3.12/site-packages/airflow/example_dags/example_kubernetes_executor.py
[2026-08-08T17:55:38.057+0000] {logging_mixin.py:190} INFO - [2026-08-08T17:55:38.057+0000] {dag.py:3211} INFO - Sync 1 DAGs
[2026-08-08T17:55:38.072+0000] {logging_mixin.py:190} INFO - [2026-08-08T17:55:38.071+0000] {dag.py:4138} INFO - Setting next_dagrun for example_kubernetes_executor to None, run_after=None
[2026-08-08T17:55:38.094+0000] {processor.py:208} INFO - Processing /home/airflow/.local/lib/python3.12/site-packages/airflow/example_dags/example_kubernetes_executor.py took 0.101 seconds
[2026-08-08T17:56:08.239+0000] {processor.py:186} INFO - Started process (PID=522) to work on /home/airflow/.local/lib/python3.12/site-packages/airflow/example_dags/example_kubernetes_executor.py
[2026-08-08T17:56:08.240+0000] {processor.py:914} INFO - Processing file /home/airflow/.local/lib/python3.12/site-packages/airflow/example_dags/example_kubernetes_executor.py for tasks to queue
[2026-08-08T17:56:08.243+0000] {logging_mixin.py:190} INFO - [2026-08-08T17:56:08.243+0000] {dagbag.py:587} INFO - Filling up the DagBag from /home/airflow/.local/lib/python3.12/site-packages/airflow/example_dags/example_kubernetes_executor.py
[2026-08-08T17:56:08.256+0000] {processor.py:925} INFO - DAG(s) 'example_kubernetes_executor' retrieved from /home/airflow/.local/lib/python3.12/site-packages/airflow/example_dags/example_kubernetes_executor.py
[2026-08-08T17:56:08.296+0000] {logging_mixin.py:190} INFO - [2026-08-08T17:56:08.296+0000] {dag.py:3211} INFO - Sync 1 DAGs
[2026-08-08T17:56:08.310+0000] {logging_mixin.py:190} INFO - [2026-08-08T17:56:08.310+0000] {dag.py:4138} INFO - Setting next_dagrun for example_kubernetes_executor to None, run_after=None
[2026-08-08T17:56:08.332+0000] {processor.py:208} INFO - Processing /home/airflow/.local/lib/python3.12/site-packages/airflow/example_dags/example_kubernetes_executor.py took 0.099 seconds
[2026-08-08T17:56:38.735+0000] {processor.py:186} INFO - Started process (PID=584) to work on /home/airflow/.local/lib/python3.12/site-packages/airflow/example_dags/example_kubernetes_executor.py
[2026-08-08T17:56:38.737+0000] {processor.py:914} INFO - Processing file /home/airflow/.local/lib/python3.12/site-packages/airflow/example_dags/example_kubernetes_executor.py for tasks to queue
[2026-08-08T17:56:38.741+0000] {logging_mixin.py:190} INFO - [2026-08-08T17:56:38.740+0000] {dagbag.py:587} INFO - Filling up the DagBag from /home/airflow/.local/lib/python3.12/site-packages/airflow/example_dags/example_kubernetes_executor.py
[2026-08-08T17:56:38.763+0000] {processor.py:925} INFO - DAG(s) 'example_kubernetes_executor' retrieved from /home/airflow/.local/lib/python3.12/site-packages/airflow/example_dags/example_kubernetes_executor.py
[2026-08-08T17:56:38.816+0000] {logging_mixin.py:190} INFO - [2026-08-08T17:56:38.816+0000] {dag.py:3211} INFO - Sync 1 DAGs
[2026-08-08T17:56:38.835+0000] {logging_mixin.py:190} INFO - [2026-08-08T17:56:38.835+0000] {dag.py:4138} INFO - Setting next_dagrun for example_kubernetes_executor to None, run_after=None
[2026-08-08T17:56:38.867+0000] {processor.py:208} INFO - Processing /home/airflow/.local/lib/python3.12/site-packages/airflow/example_dags/example_kubernetes_executor.py took 0.143 seconds
[2026-08-08T17:57:09.257+0000] {processor.py:186} INFO - Started process (PID=647) to work on /home/airflow/.local/lib/python3.12/site-packages/airflow/example_dags/example_kubernetes_executor.py
[2026-08-08T17:57:09.258+0000] {processor.py:914} INFO - Processing file /home/airflow/.local/lib/python3.12/site-packages/airflow/example_dags/example_kubernetes_executor.py for tasks to queue
[2026-08-08T17:57:09.260+0000] {logging_mixin.py:190} INFO - [2026-08-08T17:57:09.260+0000] {dagbag.py:587} INFO - Filling up the DagBag from /home/airflow/.local/lib/python3.12/site-packages/airflow/example_dags/example_kubernetes_executor.py
[2026-08-08T17:57:09.271+0000] {processor.py:925} INFO - DAG(s) 'example_kubernetes_executor' retrieved from /home/airflow/.local/lib/python3.12/site-packages/airflow/example_dags/example_kubernetes_executor.py
[2026-08-08T17:57:09.306+0000] {logging_mixin.py:190} INFO - [2026-08-08T17:57:09.306+0000] {dag.py:3211} INFO - Sync 1 DAGs
[2026-08-08T17:57:09.321+0000] {logging_mixin.py:190} INFO - [2026-08-08T17:57:09.320+0000] {dag.py:4138} INFO - Setting next_dagrun for example_kubernetes_executor to None, run_after=None
[2026-08-08T17:57:09.338+0000] {processor.py:208} INFO - Processing /home/airflow/.local/lib/python3.12/site-packages/airflow/example_dags/example_kubernetes_executor.py took 0.086 seconds
[2026-08-08T18:08:14.691+0000] {processor.py:186} INFO - Started process (PID=711) to work on /home/airflow/.local/lib/python3.12/site-packages/airflow/example_dags/example_kubernetes_executor.py
[2026-08-08T18:08:14.716+0000] {processor.py:914} INFO - Processing file /home/airflow/.local/lib/python3.12/site-packages/airflow/example_dags/example_kubernetes_executor.py for tasks to queue
[2026-08-08T18:08:14.733+0000] {logging_mixin.py:190} INFO - [2026-08-08T18:08:14.732+0000] {dagbag.py:587} INFO - Filling up the DagBag from /home/airflow/.local/lib/python3.12/site-packages/airflow/example_dags/example_kubernetes_executor.py
[2026-08-08T18:08:14.765+0000] {processor.py:925} INFO - DAG(s) 'example_kubernetes_executor' retrieved from /home/airflow/.local/lib/python3.12/site-packages/airflow/example_dags/example_kubernetes_executor.py
[2026-08-08T18:08:14.837+0000] {logging_mixin.py:190} INFO - [2026-08-08T18:08:14.837+0000] {dag.py:3211} INFO - Sync 1 DAGs
[2026-08-08T18:08:14.868+0000] {logging_mixin.py:190} INFO - [2026-08-08T18:08:14.868+0000] {dag.py:4138} INFO - Setting next_dagrun for example_kubernetes_executor to None, run_after=None
[2026-08-08T18:08:14.909+0000] {processor.py:208} INFO - Processing /home/airflow/.local/lib/python3.12/site-packages/airflow/example_dags/example_kubernetes_executor.py took 0.228 seconds
[2026-08-08T18:08:45.146+0000] {processor.py:186} INFO - Started process (PID=774) to work on /home/airflow/.local/lib/python3.12/site-packages/airflow/example_dags/example_kubernetes_executor.py
[2026-08-08T18:08:45.166+0000] {processor.py:914} INFO - Processing file /home/airflow/.local/lib/python3.12/site-packages/airflow/example_dags/example_kubernetes_executor.py for tasks to queue
[2026-08-08T18:08:45.173+0000] {logging_mixin.py:190} INFO - [2026-08-08T18:08:45.172+0000] {dagbag.py:587} INFO - Filling up the DagBag from /home/airflow/.local/lib/python3.12/site-packages/airflow/example_dags/example_kubernetes_executor.py
[2026-08-08T18:08:45.197+0000] {processor.py:925} INFO - DAG(s) 'example_kubernetes_executor' retrieved from /home/airflow/.local/lib/python3.12/site-packages/airflow/example_dags/example_kubernetes_executor.py
[2026-08-08T18:08:45.259+0000] {logging_mixin.py:190} INFO - [2026-08-08T18:08:45.259+0000] {dag.py:3211} INFO - Sync 1 DAGs
[2026-08-08T18:08:45.282+0000] {logging_mixin.py:190} INFO - [2026-08-08T18:08:45.281+0000] {dag.py:4138} INFO - Setting next_dagrun for example_kubernetes_executor to None, run_after=None
[2026-08-08T18:08:45.356+0000] {processor.py:208} INFO - Processing /home/airflow/.local/lib/python3.12/site-packages/airflow/example_dags/example_kubernetes_executor.py took 0.220 seconds
[2026-08-08T18:09:15.536+0000] {processor.py:186} INFO - Started process (PID=837) to work on /home/airflow/.local/lib/python3.12/site-packages/airflow/example_dags/example_kubernetes_executor.py
[2026-08-08T18:09:15.539+0000] {processor.py:914} INFO - Processing file /home/airflow/.local/lib/python3.12/site-packages/airflow/example_dags/example_kubernetes_executor.py for tasks to queue
[2026-08-08T18:09:15.547+0000] {logging_mixin.py:190} INFO - [2026-08-08T18:09:15.546+0000] {dagbag.py:587} INFO - Filling up the DagBag from /home/airflow/.local/lib/python3.12/site-packages/airflow/example_dags/example_kubernetes_executor.py
[2026-08-08T18:09:15.576+0000] {processor.py:925} INFO - DAG(s) 'example_kubernetes_executor' retrieved from /home/airflow/.local/lib/python3.12/site-packages/airflow/example_dags/example_kubernetes_executor.py
[2026-08-08T18:09:15.634+0000] {logging_mixin.py:190} INFO - [2026-08-08T18:09:15.633+0000] {dag.py:3211} INFO - Sync 1 DAGs
[2026-08-08T18:09:15.652+0000] {logging_mixin.py:190} INFO - [2026-08-08T18:09:15.651+0000] {dag.py:4138} INFO - Setting next_dagrun for example_kubernetes_executor to None, run_after=None
[2026-08-08T18:09:15.687+0000] {processor.py:208} INFO - Processing /home/airflow/.local/lib/python3.12/site-packages/airflow/example_dags/example_kubernetes_executor.py took 0.161 seconds
[2026-08-08T18:09:46.394+0000] {processor.py:186} INFO - Started process (PID=900) to work on /home/airflow/.local/lib/python3.12/site-packages/airflow/example_dags/example_kubernetes_executor.py
[2026-08-08T18:09:46.395+0000] {processor.py:914} INFO - Processing file /home/airflow/.local/lib/python3.12/site-packages/airflow/example_dags/example_kubernetes_executor.py for tasks to queue
[2026-08-08T18:09:46.399+0000] {logging_mixin.py:190} INFO - [2026-08-08T18:09:46.399+0000] {dagbag.py:587} INFO - Filling up the DagBag from /home/airflow/.local/lib/python3.12/site-packages/airflow/example_dags/example_kubernetes_executor.py
[2026-08-08T18:09:46.419+0000] {processor.py:925} INFO - DAG(s) 'example_kubernetes_executor' retrieved from /home/airflow/.local/lib/python3.12/site-packages/airflow/example_dags/example_kubernetes_executor.py
[2026-08-08T18:09:46.470+0000] {logging_mixin.py:190} INFO - [2026-08-08T18:09:46.469+0000] {dag.py:3211} INFO - Sync 1 DAGs
[2026-08-08T18:09:46.489+0000] {logging_mixin.py:190} INFO - [2026-08-08T18:09:46.489+0000] {dag.py:4138} INFO - Setting next_dagrun for example_kubernetes_executor to None, run_after=None
[2026-08-08T18:09:46.518+0000] {processor.py:208} INFO - Processing /home/airflow/.local/lib/python3.12/site-packages/airflow/example_dags/example_kubernetes_executor.py took 0.133 seconds
[2026-08-08T18:10:17.045+0000] {processor.py:186} INFO - Started process (PID=963) to work on /home/airflow/.local/lib/python3.12/site-packages/airflow/example_dags/example_kubernetes_executor.py
[2026-08-08T18:10:17.047+0000] {processor.py:914} INFO - Processing file /home/airflow/.local/lib/python3.12/site-packages/airflow/example_dags/example_kubernetes_executor.py for tasks to queue
[2026-08-08T18:10:17.053+0000] {logging_mixin.py:190} INFO - [2026-08-08T18:10:17.052+0000] {dagbag.py:587} INFO - Filling up the DagBag from /home/airflow/.local/lib/python3.12/site-packages/airflow/example_dags/example_kubernetes_executor.py
[2026-08-08T18:10:17.088+0000] {processor.py:925} INFO - DAG(s) 'example_kubernetes_executor' retrieved from /home/airflow/.local/lib/python3.12/site-packages/airflow/example_dags/example_kubernetes_executor.py
[2026-08-08T18:10:17.161+0000] {logging_mixin.py:190} INFO - [2026-08-08T18:10:17.161+0000] {dag.py:3211} INFO - Sync 1 DAGs
[2026-08-08T18:10:17.188+0000] {logging_mixin.py:190} INFO - [2026-08-08T18:10:17.188+0000] {dag.py:4138} INFO - Setting next_dagrun for example_kubernetes_executor to None, run_after=None
[2026-08-08T18:10:17.225+0000] {processor.py:208} INFO - Processing /home/airflow/.local/lib/python3.12/site-packages/airflow/example_dags/example_kubernetes_executor.py took 0.199 seconds
[2026-08-08T18:10:47.384+0000] {processor.py:186} INFO - Started process (PID=1026) to work on /home/airflow/.local/lib/python3.12/site-packages/airflow/example_dags/example_kubernetes_executor.py
[2026-08-08T18:10:47.385+0000] {processor.py:914} INFO - Processing file /home/airflow/.local/lib/python3.12/site-packages/airflow/example_dags/example_kubernetes_executor.py for tasks to queue
[2026-08-08T18:10:47.388+0000] {logging_mixin.py:190} INFO - [2026-08-08T18:10:47.388+0000] {dagbag.py:587} INFO - Filling up the DagBag from /home/airflow/.local/lib/python3.12/site-packages/airflow/example_dags/example_kubernetes_executor.py
[2026-08-08T18:10:47.400+0000] {processor.py:925} INFO - DAG(s) 'example_kubernetes_executor' retrieved from /home/airflow/.local/lib/python3.12/site-packages/airflow/example_dags/example_kubernetes_executor.py
[2026-08-08T18:10:47.436+0000] {logging_mixin.py:190} INFO - [2026-08-08T18:10:47.435+0000] {dag.py:3211} INFO - Sync 1 DAGs
[2026-08-08T18:10:47.449+0000] {logging_mixin.py:190} INFO - [2026-08-08T18:10:47.449+0000] {dag.py:4138} INFO - Setting next_dagrun for example_kubernetes_executor to None, run_after=None
[2026-08-08T18:10:47.481+0000] {processor.py:208} INFO - Processing /home/airflow/.local/lib/python3.12/site-packages/airflow/example_dags/example_kubernetes_executor.py took 0.102 seconds
[2026-08-08T18:11:18.359+0000] {processor.py:186} INFO - Started process (PID=1089) to work on /home/airflow/.local/lib/python3.12/site-packages/airflow/example_dags/example_kubernetes_executor.py
[2026-08-08T18:11:18.360+0000] {processor.py:914} INFO - Processing file /home/airflow/.local/lib/python3.12/site-packages/airflow/example_dags/example_kubernetes_executor.py for tasks to queue
[2026-08-08T18:11:18.363+0000] {logging_mixin.py:190} INFO - [2026-08-08T18:11:18.363+0000] {dagbag.py:587} INFO - Filling up the DagBag from /home/airflow/.local/lib/python3.12/site-packages/airflow/example_dags/example_kubernetes_executor.py
[2026-08-08T18:11:18.377+0000] {processor.py:925} INFO - DAG(s) 'example_kubernetes_executor' retrieved from /home/airflow/.local/lib/python3.12/site-packages/airflow/example_dags/example_kubernetes_executor.py
[2026-08-08T18:11:18.414+0000] {logging_mixin.py:190} INFO - [2026-08-08T18:11:18.414+0000] {dag.py:3211} INFO - Sync 1 DAGs
[2026-08-08T18:11:18.427+0000] {logging_mixin.py:190} INFO - [2026-08-08T18:11:18.426+0000] {dag.py:4138} INFO - Setting next_dagrun for example_kubernetes_executor to None, run_after=None
[2026-08-08T18:11:18.444+0000] {processor.py:208} INFO - Processing /home/airflow/.local/lib/python3.12/site-packages/airflow/example_dags/example_kubernetes_executor.py took 0.091 seconds
[2026-08-08T18:11:49.188+0000] {processor.py:186} INFO - Started process (PID=1152) to work on /home/airflow/.local/lib/python3.12/site-packages/airflow/example_dags/example_kubernetes_executor.py
[2026-08-08T18:11:49.190+0000] {processor.py:914} INFO - Processing file /home/airflow/.local/lib/python3.12/site-packages/airflow/example_dags/example_kubernetes_executor.py for tasks to queue
[2026-08-08T18:11:49.194+0000] {logging_mixin.py:190} INFO - [2026-08-08T18:11:49.193+0000] {dagbag.py:587} INFO - Filling up the DagBag from /home/airflow/.local/lib/python3.12/site-packages/airflow/example_dags/example_kubernetes_executor.py
[2026-08-08T18:11:49.210+0000] {processor.py:925} INFO - DAG(s) 'example_kubernetes_executor' retrieved from /home/airflow/.local/lib/python3.12/site-packages/airflow/example_dags/example_kubernetes_executor.py
[2026-08-08T18:11:49.246+0000] {logging_mixin.py:190} INFO - [2026-08-08T18:11:49.246+0000] {dag.py:3211} INFO - Sync 1 DAGs
[2026-08-08T18:11:49.260+0000] {logging_mixin.py:190} INFO - [2026-08-08T18:11:49.260+0000] {dag.py:4138} INFO - Setting next_dagrun for example_kubernetes_executor to None, run_after=None
[2026-08-08T18:11:49.280+0000] {processor.py:208} INFO - Processing /home/airflow/.local/lib/python3.12/site-packages/airflow/example_dags/example_kubernetes_executor.py took 0.097 seconds
[2026-08-08T18:13:05.397+0000] {processor.py:186} INFO - Started process (PID=81) to work on /home/airflow/.local/lib/python3.12/site-packages/airflow/example_dags/example_kubernetes_executor.py
[2026-08-08T18:13:05.399+0000] {processor.py:914} INFO - Processing file /home/airflow/.local/lib/python3.12/site-packages/airflow/example_dags/example_kubernetes_executor.py for tasks to queue
[2026-08-08T18:13:05.403+0000] {logging_mixin.py:190} INFO - [2026-08-08T18:13:05.403+0000] {dagbag.py:587} INFO - Filling up the DagBag from /home/airflow/.local/lib/python3.12/site-packages/airflow/example_dags/example_kubernetes_executor.py
[2026-08-08T18:13:05.427+0000] {processor.py:925} INFO - DAG(s) 'example_kubernetes_executor' retrieved from /home/airflow/.local/lib/python3.12/site-packages/airflow/example_dags/example_kubernetes_executor.py
[2026-08-08T18:13:05.480+0000] {logging_mixin.py:190} INFO - [2026-08-08T18:13:05.479+0000] {dag.py:3211} INFO - Sync 1 DAGs
[2026-08-08T18:13:05.495+0000] {logging_mixin.py:190} INFO - [2026-08-08T18:13:05.495+0000] {dag.py:4138} INFO - Setting next_dagrun for example_kubernetes_executor to None, run_after=None
[2026-08-08T18:13:05.522+0000] {processor.py:208} INFO - Processing /home/airflow/.local/lib/python3.12/site-packages/airflow/example_dags/example_kubernetes_executor.py took 0.132 seconds
[2026-08-08T18:13:35.623+0000] {processor.py:186} INFO - Started process (PID=150) to work on /home/airflow/.local/lib/python3.12/site-packages/airflow/example_dags/example_kubernetes_executor.py
[2026-08-08T18:13:35.624+0000] {processor.py:914} INFO - Processing file /home/airflow/.local/lib/python3.12/site-packages/airflow/example_dags/example_kubernetes_executor.py for tasks to queue
[2026-08-08T18:13:35.627+0000] {logging_mixin.py:190} INFO - [2026-08-08T18:13:35.626+0000] {dagbag.py:587} INFO - Filling up the DagBag from /home/airflow/.local/lib/python3.12/site-packages/airflow/example_dags/example_kubernetes_executor.py
[2026-08-08T18:13:35.641+0000] {processor.py:925} INFO - DAG(s) 'example_kubernetes_executor' retrieved from /home/airflow/.local/lib/python3.12/site-packages/airflow/example_dags/example_kubernetes_executor.py
[2026-08-08T18:13:35.673+0000] {logging_mixin.py:190} INFO - [2026-08-08T18:13:35.673+0000] {dag.py:3211} INFO - Sync 1 DAGs
[2026-08-08T18:13:35.684+0000] {logging_mixin.py:190} INFO - [2026-08-08T18:13:35.684+0000] {dag.py:4138} INFO - Setting next_dagrun for example_kubernetes_executor to None, run_after=None
[2026-08-08T18:13:35.703+0000] {processor.py:208} INFO - Processing /home/airflow/.local/lib/python3.12/site-packages/airflow/example_dags/example_kubernetes_executor.py took 0.086 seconds
[2026-08-08T18:14:06.326+0000] {processor.py:186} INFO - Started process (PID=213) to work on /home/airflow/.local/lib/python3.12/site-packages/airflow/example_dags/example_kubernetes_executor.py
[2026-08-08T18:14:06.328+0000] {processor.py:914} INFO - Processing file /home/airflow/.local/lib/python3.12/site-packages/airflow/example_dags/example_kubernetes_executor.py for tasks to queue
[2026-08-08T18:14:06.332+0000] {logging_mixin.py:190} INFO - [2026-08-08T18:14:06.331+0000] {dagbag.py:587} INFO - Filling up the DagBag from /home/airflow/.local/lib/python3.12/site-packages/airflow/example_dags/example_kubernetes_executor.py
[2026-08-08T18:14:06.347+0000] {processor.py:925} INFO - DAG(s) 'example_kubernetes_executor' retrieved from /home/airflow/.local/lib/python3.12/site-packages/airflow/example_dags/example_kubernetes_executor.py
[2026-08-08T18:14:06.389+0000] {logging_mixin.py:190} INFO - [2026-08-08T18:14:06.389+0000] {dag.py:3211} INFO - Sync 1 DAGs
[2026-08-08T18:14:06.404+0000] {logging_mixin.py:190} INFO - [2026-08-08T18:14:06.403+0000] {dag.py:4138} INFO - Setting next_dagrun for example_kubernetes_executor to None, run_after=None
[2026-08-08T18:14:06.424+0000] {processor.py:208} INFO - Processing /home/airflow/.local/lib/python3.12/site-packages/airflow/example_dags/example_kubernetes_executor.py took 0.106 seconds
[2026-08-08T18:14:36.754+0000] {processor.py:186} INFO - Started process (PID=276) to work on /home/airflow/.local/lib/python3.12/site-packages/airflow/example_dags/example_kubernetes_executor.py
[2026-08-08T18:14:36.756+0000] {processor.py:914} INFO - Processing file /home/airflow/.local/lib/python3.12/site-packages/airflow/example_dags/example_kubernetes_executor.py for tasks to queue
[2026-08-08T18:14:36.759+0000] {logging_mixin.py:190} INFO - [2026-08-08T18:14:36.759+0000] {dagbag.py:587} INFO - Filling up the DagBag from /home/airflow/.local/lib/python3.12/site-packages/airflow/example_dags/example_kubernetes_executor.py
[2026-08-08T18:14:36.781+0000] {processor.py:925} INFO - DAG(s) 'example_kubernetes_executor' retrieved from /home/airflow/.local/lib/python3.12/site-packages/airflow/example_dags/example_kubernetes_executor.py
[2026-08-08T18:14:36.828+0000] {logging_mixin.py:190} INFO - [2026-08-08T18:14:36.827+0000] {dag.py:3211} INFO - Sync 1 DAGs
[2026-08-08T18:14:36.844+0000] {logging_mixin.py:190} INFO - [2026-08-08T18:14:36.843+0000] {dag.py:4138} INFO - Setting next_dagrun for example_kubernetes_executor to None, run_after=None
[2026-08-08T18:14:36.868+0000] {processor.py:208} INFO - Processing /home/airflow/.local/lib/python3.12/site-packages/airflow/example_dags/example_kubernetes_executor.py took 0.121 seconds
[2026-08-08T18:15:07.667+0000] {processor.py:186} INFO - Started process (PID=339) to work on /home/airflow/.local/lib/python3.12/site-packages/airflow/example_dags/example_kubernetes_executor.py
[2026-08-08T18:15:07.669+0000] {processor.py:914} INFO - Processing file /home/airflow/.local/lib/python3.12/site-packages/airflow/example_dags/example_kubernetes_executor.py for tasks to queue
[2026-08-08T18:15:07.674+0000] {logging_mixin.py:190} INFO - [2026-08-08T18:15:07.674+0000] {dagbag.py:587} INFO - Filling up the DagBag from /home/airflow/.local/lib/python3.12/site-packages/airflow/example_dags/example_kubernetes_executor.py
[2026-08-08T18:15:07.697+0000] {processor.py:925} INFO - DAG(s) 'example_kubernetes_executor' retrieved from /home/airflow/.local/lib/python3.12/site-packages/airflow/example_dags/example_kubernetes_executor.py
[2026-08-08T18:15:07.762+0000] {logging_mixin.py:190} INFO - [2026-08-08T18:15:07.761+0000] {dag.py:3211} INFO - Sync 1 DAGs
[2026-08-08T18:15:07.789+0000] {logging_mixin.py:190} INFO - [2026-08-08T18:15:07.788+0000] {dag.py:4138} INFO - Setting next_dagrun for example_kubernetes_executor to None, run_after=None
[2026-08-08T18:15:07.823+0000] {processor.py:208} INFO - Processing /home/airflow/.local/lib/python3.12/site-packages/airflow/example_dags/example_kubernetes_executor.py took 0.170 seconds
[2026-08-08T18:15:38.435+0000] {processor.py:186} INFO - Started process (PID=402) to work on /home/airflow/.local/lib/python3.12/site-packages/airflow/example_dags/example_kubernetes_executor.py
[2026-08-08T18:15:38.437+0000] {processor.py:914} INFO - Processing file /home/airflow/.local/lib/python3.12/site-packages/airflow/example_dags/example_kubernetes_executor.py for tasks to queue
[2026-08-08T18:15:38.441+0000] {logging_mixin.py:190} INFO - [2026-08-08T18:15:38.441+0000] {dagbag.py:587} INFO - Filling up the DagBag from /home/airflow/.local/lib/python3.12/site-packages/airflow/example_dags/example_kubernetes_executor.py
[2026-08-08T18:15:38.464+0000] {processor.py:925} INFO - DAG(s) 'example_kubernetes_executor' retrieved from /home/airflow/.local/lib/python3.12/site-packages/airflow/example_dags/example_kubernetes_executor.py
[2026-08-08T18:15:38.527+0000] {logging_mixin.py:190} INFO - [2026-08-08T18:15:38.527+0000] {dag.py:3211} INFO - Sync 1 DAGs
[2026-08-08T18:15:38.549+0000] {logging_mixin.py:190} INFO - [2026-08-08T18:15:38.549+0000] {dag.py:4138} INFO - Setting next_dagrun for example_kubernetes_executor to None, run_after=None
[2026-08-08T18:15:38.586+0000] {processor.py:208} INFO - Processing /home/airflow/.local/lib/python3.12/site-packages/airflow/example_dags/example_kubernetes_executor.py took 0.161 seconds
[2026-08-08T18:17:10.709+0000] {processor.py:186} INFO - Started process (PID=100) to work on /home/airflow/.local/lib/python3.12/site-packages/airflow/example_dags/example_kubernetes_executor.py
[2026-08-08T18:17:10.733+0000] {processor.py:914} INFO - Processing file /home/airflow/.local/lib/python3.12/site-packages/airflow/example_dags/example_kubernetes_executor.py for tasks to queue
[2026-08-08T18:17:10.736+0000] {logging_mixin.py:190} INFO - [2026-08-08T18:17:10.736+0000] {dagbag.py:587} INFO - Filling up the DagBag from /home/airflow/.local/lib/python3.12/site-packages/airflow/example_dags/example_kubernetes_executor.py
[2026-08-08T18:17:10.757+0000] {processor.py:925} INFO - DAG(s) 'example_kubernetes_executor' retrieved from /home/airflow/.local/lib/python3.12/site-packages/airflow/example_dags/example_kubernetes_executor.py
[2026-08-08T18:17:10.822+0000] {logging_mixin.py:190} INFO - [2026-08-08T18:17:10.822+0000] {dag.py:3211} INFO - Sync 1 DAGs
[2026-08-08T18:17:10.838+0000] {logging_mixin.py:190} INFO - [2026-08-08T18:17:10.838+0000] {dag.py:4138} INFO - Setting next_dagrun for example_kubernetes_executor to None, run_after=None
[2026-08-08T18:17:10.865+0000] {processor.py:208} INFO - Processing /home/airflow/.local/lib/python3.12/site-packages/airflow/example_dags/example_kubernetes_executor.py took 0.164 seconds
[2026-08-08T18:17:41.620+0000] {processor.py:186} INFO - Started process (PID=163) to work on /home/airflow/.local/lib/python3.12/site-packages/airflow/example_dags/example_kubernetes_executor.py
[2026-08-08T18:17:41.622+0000] {processor.py:914} INFO - Processing file /home/airflow/.local/lib/python3.12/site-packages/airflow/example_dags/example_kubernetes_executor.py for tasks to queue
[2026-08-08T18:17:41.625+0000] {logging_mixin.py:190} INFO - [2026-08-08T18:17:41.625+0000] {dagbag.py:587} INFO - Filling up the DagBag from /home/airflow/.local/lib/python3.12/site-packages/airflow/example_dags/example_kubernetes_executor.py
[2026-08-08T18:17:41.641+0000] {processor.py:925} INFO - DAG(s) 'example_kubernetes_executor' retrieved from /home/airflow/.local/lib/python3.12/site-packages/airflow/example_dags/example_kubernetes_executor.py
[2026-08-08T18:17:41.680+0000] {logging_mixin.py:190} INFO - [2026-08-08T18:17:41.679+0000] {dag.py:3211} INFO - Sync 1 DAGs
[2026-08-08T18:17:41.692+0000] {logging_mixin.py:190} INFO - [2026-08-08T18:17:41.692+0000] {dag.py:4138} INFO - Setting next_dagrun for example_kubernetes_executor to None, run_after=None
[2026-08-08T18:17:41.720+0000] {processor.py:208} INFO - Processing /home/airflow/.local/lib/python3.12/site-packages/airflow/example_dags/example_kubernetes_executor.py took 0.108 seconds
[2026-08-08T18:18:12.205+0000] {processor.py:186} INFO - Started process (PID=226) to work on /home/airflow/.local/lib/python3.12/site-packages/airflow/example_dags/example_kubernetes_executor.py
[2026-08-08T18:18:12.207+0000] {processor.py:914} INFO - Processing file /home/airflow/.local/lib/python3.12/site-packages/airflow/example_dags/example_kubernetes_executor.py for tasks to queue
[2026-08-08T18:18:12.212+0000] {logging_mixin.py:190} INFO - [2026-08-08T18:18:12.212+0000] {dagbag.py:587} INFO - Filling up the DagBag from /home/airflow/.local/lib/python3.12/site-packages/airflow/example_dags/example_kubernetes_executor.py
[2026-08-08T18:18:12.237+0000] {processor.py:925} INFO - DAG(s) 'example_kubernetes_executor' retrieved from /home/airflow/.local/lib/python3.12/site-packages/airflow/example_dags/example_kubernetes_executor.py
[2026-08-08T18:18:12.303+0000] {logging_mixin.py:190} INFO - [2026-08-08T18:18:12.302+0000] {dag.py:3211} INFO - Sync 1 DAGs
[2026-08-08T18:18:12.326+0000] {logging_mixin.py:190} INFO - [2026-08-08T18:18:12.325+0000] {dag.py:4138} INFO - Setting next_dagrun for example_kubernetes_executor to None, run_after=None
[2026-08-08T18:18:12.360+0000] {processor.py:208} INFO - Processing /home/airflow/.local/lib/python3.12/site-packages/airflow/example_dags/example_kubernetes_executor.py took 0.163 seconds
[2026-08-08T18:18:42.422+0000] {processor.py:186} INFO - Started process (PID=289) to work on /home/airflow/.local/lib/python3.12/site-packages/airflow/example_dags/example_kubernetes_executor.py
[2026-08-08T18:18:42.424+0000] {processor.py:914} INFO - Processing file /home/airflow/.local/lib/python3.12/site-packages/airflow/example_dags/example_kubernetes_executor.py for tasks to queue
[2026-08-08T18:18:42.427+0000] {logging_mixin.py:190} INFO - [2026-08-08T18:18:42.427+0000] {dagbag.py:587} INFO - Filling up the DagBag from /home/airflow/.local/lib/python3.12/site-packages/airflow/example_dags/example_kubernetes_executor.py
[2026-08-08T18:18:42.440+0000] {processor.py:925} INFO - DAG(s) 'example_kubernetes_executor' retrieved from /home/airflow/.local/lib/python3.12/site-packages/airflow/example_dags/example_kubernetes_executor.py
[2026-08-08T18:18:42.470+0000] {logging_mixin.py:190} INFO - [2026-08-08T18:18:42.469+0000] {dag.py:3211} INFO - Sync 1 DAGs
[2026-08-08T18:18:42.480+0000] {logging_mixin.py:190} INFO - [2026-08-08T18:18:42.480+0000] {dag.py:4138} INFO - Setting next_dagrun for example_kubernetes_executor to None, run_after=None
[2026-08-08T18:18:42.498+0000] {processor.py:208} INFO - Processing /home/airflow/.local/lib/python3.12/site-packages/airflow/example_dags/example_kubernetes_executor.py took 0.084 seconds
[2026-08-08T18:19:12.620+0000] {processor.py:186} INFO - Started process (PID=352) to work on /home/airflow/.local/lib/python3.12/site-packages/airflow/example_dags/example_kubernetes_executor.py
[2026-08-08T18:19:12.622+0000] {processor.py:914} INFO - Processing file /home/airflow/.local/lib/python3.12/site-packages/airflow/example_dags/example_kubernetes_executor.py for tasks to queue
[2026-08-08T18:19:12.624+0000] {logging_mixin.py:190} INFO - [2026-08-08T18:19:12.624+0000] {dagbag.py:587} INFO - Filling up the DagBag from /home/airflow/.local/lib/python3.12/site-packages/airflow/example_dags/example_kubernetes_executor.py
[2026-08-08T18:19:12.635+0000] {processor.py:925} INFO - DAG(s) 'example_kubernetes_executor' retrieved from /home/airflow/.local/lib/python3.12/site-packages/airflow/example_dags/example_kubernetes_executor.py
[2026-08-08T18:19:12.662+0000] {logging_mixin.py:190} INFO - [2026-08-08T18:19:12.661+0000] {dag.py:3211} INFO - Sync 1 DAGs
[2026-08-08T18:19:12.675+0000] {logging_mixin.py:190} INFO - [2026-08-08T18:19:12.674+0000] {dag.py:4138} INFO - Setting next_dagrun for example_kubernetes_executor to None, run_after=None
[2026-08-08T18:19:12.693+0000] {processor.py:208} INFO - Processing /home/airflow/.local/lib/python3.12/site-packages/airflow/example_dags/example_kubernetes_executor.py took 0.077 seconds
[2026-08-08T18:23:58.358+0000] {processor.py:186} INFO - Started process (PID=415) to work on /home/airflow/.local/lib/python3.12/site-packages/airflow/example_dags/example_kubernetes_executor.py
[2026-08-08T18:23:58.392+0000] {processor.py:914} INFO - Processing file /home/airflow/.local/lib/python3.12/site-packages/airflow/example_dags/example_kubernetes_executor.py for tasks to queue
[2026-08-08T18:23:58.432+0000] {logging_mixin.py:190} INFO - [2026-08-08T18:23:58.431+0000] {dagbag.py:587} INFO - Filling up the DagBag from /home/airflow/.local/lib/python3.12/site-packages/airflow/example_dags/example_kubernetes_executor.py
[2026-08-08T18:23:58.465+0000] {processor.py:925} INFO - DAG(s) 'example_kubernetes_executor' retrieved from /home/airflow/.local/lib/python3.12/site-packages/airflow/example_dags/example_kubernetes_executor.py
[2026-08-08T18:23:58.521+0000] {logging_mixin.py:190} INFO - [2026-08-08T18:23:58.521+0000] {dag.py:3211} INFO - Sync 1 DAGs
[2026-08-08T18:23:58.555+0000] {logging_mixin.py:190} INFO - [2026-08-08T18:23:58.554+0000] {dag.py:4138} INFO - Setting next_dagrun for example_kubernetes_executor to None, run_after=None
[2026-08-08T18:23:58.614+0000] {processor.py:208} INFO - Processing /home/airflow/.local/lib/python3.12/site-packages/airflow/example_dags/example_kubernetes_executor.py took 0.260 seconds
[2026-08-08T18:24:29.503+0000] {processor.py:186} INFO - Started process (PID=478) to work on /home/airflow/.local/lib/python3.12/site-packages/airflow/example_dags/example_kubernetes_executor.py
[2026-08-08T18:24:29.505+0000] {processor.py:914} INFO - Processing file /home/airflow/.local/lib/python3.12/site-packages/airflow/example_dags/example_kubernetes_executor.py for tasks to queue
[2026-08-08T18:24:29.507+0000] {logging_mixin.py:190} INFO - [2026-08-08T18:24:29.507+0000] {dagbag.py:587} INFO - Filling up the DagBag from /home/airflow/.local/lib/python3.12/site-packages/airflow/example_dags/example_kubernetes_executor.py
[2026-08-08T18:24:29.523+0000] {processor.py:925} INFO - DAG(s) 'example_kubernetes_executor' retrieved from /home/airflow/.local/lib/python3.12/site-packages/airflow/example_dags/example_kubernetes_executor.py
[2026-08-08T18:24:29.570+0000] {logging_mixin.py:190} INFO - [2026-08-08T18:24:29.570+0000] {dag.py:3211} INFO - Sync 1 DAGs
[2026-08-08T18:24:29.586+0000] {logging_mixin.py:190} INFO - [2026-08-08T18:24:29.586+0000] {dag.py:4138} INFO - Setting next_dagrun for example_kubernetes_executor to None, run_after=None
[2026-08-08T18:24:29.610+0000] {processor.py:208} INFO - Processing /home/airflow/.local/lib/python3.12/site-packages/airflow/example_dags/example_kubernetes_executor.py took 0.114 seconds
[2026-08-08T18:25:00.165+0000] {processor.py:186} INFO - Started process (PID=541) to work on /home/airflow/.local/lib/python3.12/site-packages/airflow/example_dags/example_kubernetes_executor.py
[2026-08-08T18:25:00.167+0000] {processor.py:914} INFO - Processing file /home/airflow/.local/lib/python3.12/site-packages/airflow/example_dags/example_kubernetes_executor.py for tasks to queue
[2026-08-08T18:25:00.169+0000] {logging_mixin.py:190} INFO - [2026-08-08T18:25:00.169+0000] {dagbag.py:587} INFO - Filling up the DagBag from /home/airflow/.local/lib/python3.12/site-packages/airflow/example_dags/example_kubernetes_executor.py
[2026-08-08T18:25:00.183+0000] {processor.py:925} INFO - DAG(s) 'example_kubernetes_executor' retrieved from /home/airflow/.local/lib/python3.12/site-packages/airflow/example_dags/example_kubernetes_executor.py
[2026-08-08T18:25:00.219+0000] {logging_mixin.py:190} INFO - [2026-08-08T18:25:00.218+0000] {dag.py:3211} INFO - Sync 1 DAGs
[2026-08-08T18:25:00.232+0000] {logging_mixin.py:190} INFO - [2026-08-08T18:25:00.232+0000] {dag.py:4138} INFO - Setting next_dagrun for example_kubernetes_executor to None, run_after=None
[2026-08-08T18:25:00.256+0000] {processor.py:208} INFO - Processing /home/airflow/.local/lib/python3.12/site-packages/airflow/example_dags/example_kubernetes_executor.py took 0.096 seconds
[2026-08-08T18:25:30.442+0000] {processor.py:186} INFO - Started process (PID=604) to work on /home/airflow/.local/lib/python3.12/site-packages/airflow/example_dags/example_kubernetes_executor.py
[2026-08-08T18:25:30.444+0000] {processor.py:914} INFO - Processing file /home/airflow/.local/lib/python3.12/site-packages/airflow/example_dags/example_kubernetes_executor.py for tasks to queue
[2026-08-08T18:25:30.447+0000] {logging_mixin.py:190} INFO - [2026-08-08T18:25:30.447+0000] {dagbag.py:587} INFO - Filling up the DagBag from /home/airflow/.local/lib/python3.12/site-packages/airflow/example_dags/example_kubernetes_executor.py
[2026-08-08T18:25:30.460+0000] {processor.py:925} INFO - DAG(s) 'example_kubernetes_executor' retrieved from /home/airflow/.local/lib/python3.12/site-packages/airflow/example_dags/example_kubernetes_executor.py
[2026-08-08T18:25:30.502+0000] {logging_mixin.py:190} INFO - [2026-08-08T18:25:30.502+0000] {dag.py:3211} INFO - Sync 1 DAGs
[2026-08-08T18:25:30.516+0000] {logging_mixin.py:190} INFO - [2026-08-08T18:25:30.516+0000] {dag.py:4138} INFO - Setting next_dagrun for example_kubernetes_executor to None, run_after=None
[2026-08-08T18:25:30.538+0000] {processor.py:208} INFO - Processing /home/airflow/.local/lib/python3.12/site-packages/airflow/example_dags/example_kubernetes_executor.py took 0.102 seconds
[2026-08-08T18:26:00.646+0000] {processor.py:186} INFO - Started process (PID=668) to work on /home/airflow/.local/lib/python3.12/site-packages/airflow/example_dags/example_kubernetes_executor.py
[2026-08-08T18:26:00.647+0000] {processor.py:914} INFO - Processing file /home/airflow/.local/lib/python3.12/site-packages/airflow/example_dags/example_kubernetes_executor.py for tasks to queue
[2026-08-08T18:26:00.650+0000] {logging_mixin.py:190} INFO - [2026-08-08T18:26:00.650+0000] {dagbag.py:587} INFO - Filling up the DagBag from /home/airflow/.local/lib/python3.12/site-packages/airflow/example_dags/example_kubernetes_executor.py
[2026-08-08T18:26:00.666+0000] {processor.py:925} INFO - DAG(s) 'example_kubernetes_executor' retrieved from /home/airflow/.local/lib/python3.12/site-packages/airflow/example_dags/example_kubernetes_executor.py
[2026-08-08T18:26:00.710+0000] {logging_mixin.py:190} INFO - [2026-08-08T18:26:00.710+0000] {dag.py:3211} INFO - Sync 1 DAGs
[2026-08-08T18:26:00.724+0000] {logging_mixin.py:190} INFO - [2026-08-08T18:26:00.723+0000] {dag.py:4138} INFO - Setting next_dagrun for example_kubernetes_executor to None, run_after=None
[2026-08-08T18:26:00.749+0000] {processor.py:208} INFO - Processing /home/airflow/.local/lib/python3.12/site-packages/airflow/example_dags/example_kubernetes_executor.py took 0.109 seconds
[2026-08-08T18:26:30.967+0000] {processor.py:186} INFO - Started process (PID=730) to work on /home/airflow/.local/lib/python3.12/site-packages/airflow/example_dags/example_kubernetes_executor.py
[2026-08-08T18:26:30.969+0000] {processor.py:914} INFO - Processing file /home/airflow/.local/lib/python3.12/site-packages/airflow/example_dags/example_kubernetes_executor.py for tasks to queue
[2026-08-08T18:26:30.972+0000] {logging_mixin.py:190} INFO - [2026-08-08T18:26:30.972+0000] {dagbag.py:587} INFO - Filling up the DagBag from /home/airflow/.local/lib/python3.12/site-packages/airflow/example_dags/example_kubernetes_executor.py
[2026-08-08T18:26:30.991+0000] {processor.py:925} INFO - DAG(s) 'example_kubernetes_executor' retrieved from /home/airflow/.local/lib/python3.12/site-packages/airflow/example_dags/example_kubernetes_executor.py
[2026-08-08T18:26:31.064+0000] {logging_mixin.py:190} INFO - [2026-08-08T18:26:31.064+0000] {dag.py:3211} INFO - Sync 1 DAGs
[2026-08-08T18:26:31.099+0000] {logging_mixin.py:190} INFO - [2026-08-08T18:26:31.099+0000] {dag.py:4138} INFO - Setting next_dagrun for example_kubernetes_executor to None, run_after=None
[2026-08-08T18:26:31.145+0000] {processor.py:208} INFO - Processing /home/airflow/.local/lib/python3.12/site-packages/airflow/example_dags/example_kubernetes_executor.py took 0.185 seconds
