[2026-08-08T17:25:15.037+0000] {processor.py:186} INFO - Started process (PID=117) to work on /home/airflow/.local/lib/python3.12/site-packages/airflow/example_dags/example_latest_only_with_trigger.py
[2026-08-08T17:25:15.038+0000] {processor.py:914} INFO - Processing file /home/airflow/.local/lib/python3.12/site-packages/airflow/example_dags/example_latest_only_with_trigger.py for tasks to queue
[2026-08-08T17:25:15.041+0000] {logging_mixin.py:190} INFO - [2026-08-08T17:25:15.041+0000] {dagbag.py:587} INFO - Filling up the DagBag from /home/airflow/.local/lib/python3.12/site-packages/airflow/example_dags/example_latest_only_with_trigger.py
[2026-08-08T17:25:15.050+0000] {processor.py:925} INFO - DAG(s) 'latest_only_with_trigger' retrieved from /home/airflow/.local/lib/python3.12/site-packages/airflow/example_dags/example_latest_only_with_trigger.py
[2026-08-08T17:25:15.181+0000] {logging_mixin.py:190} INFO - [2026-08-08T17:25:15.180+0000] {override.py:1858} INFO - Created Permission View: can delete on DAG:latest_only_with_trigger
[2026-08-08T17:25:15.192+0000] {logging_mixin.py:190} INFO - [2026-08-08T17:25:15.192+0000] {override.py:1858} INFO - Created Permission View: can edit on DAG:latest_only_with_trigger
[2026-08-08T17:25:15.204+0000] {logging_mixin.py:190} INFO - [2026-08-08T17:25:15.204+0000] {override.py:1858} INFO - Created Permission View: can read on DAG:latest_only_with_trigger
[2026-08-08T17:25:15.205+0000] {logging_mixin.py:190} INFO - [2026-08-08T17:25:15.205+0000] {dag.py:3211} INFO - Sync 1 DAGs
[2026-08-08T17:25:15.218+0000] {logging_mixin.py:190} INFO - [2026-08-08T17:25:15.218+0000] {dag.py:3234} INFO - Creating ORM DAG for latest_only_with_trigger
[2026-08-08T17:25:15.228+0000] {logging_mixin.py:190} INFO - [2026-08-08T17:25:15.227+0000] {dag.py:4138} INFO - Setting next_dagrun for latest_only_with_trigger to 2026-08-08 12:00:00+00:00, run_after=2026-08-08 16:00:00+00:00
[2026-08-08T17:25:15.246+0000] {processor.py:208} INFO - Processing /home/airflow/.local/lib/python3.12/site-packages/airflow/example_dags/example_latest_only_with_trigger.py took 0.217 seconds
[2026-08-08T17:25:45.451+0000] {processor.py:186} INFO - Started process (PID=180) to work on /home/airflow/.local/lib/python3.12/site-packages/airflow/example_dags/example_latest_only_with_trigger.py
[2026-08-08T17:25:45.452+0000] {processor.py:914} INFO - Processing file /home/airflow/.local/lib/python3.12/site-packages/airflow/example_dags/example_latest_only_with_trigger.py for tasks to queue
[2026-08-08T17:25:45.456+0000] {logging_mixin.py:190} INFO - [2026-08-08T17:25:45.455+0000] {dagbag.py:587} INFO - Filling up the DagBag from /home/airflow/.local/lib/python3.12/site-packages/airflow/example_dags/example_latest_only_with_trigger.py
[2026-08-08T17:25:45.463+0000] {processor.py:925} INFO - DAG(s) 'latest_only_with_trigger' retrieved from /home/airflow/.local/lib/python3.12/site-packages/airflow/example_dags/example_latest_only_with_trigger.py
[2026-08-08T17:25:45.480+0000] {logging_mixin.py:190} INFO - [2026-08-08T17:25:45.480+0000] {dag.py:3211} INFO - Sync 1 DAGs
[2026-08-08T17:25:45.497+0000] {logging_mixin.py:190} INFO - [2026-08-08T17:25:45.497+0000] {dag.py:4138} INFO - Setting next_dagrun for latest_only_with_trigger to 2026-08-08 12:00:00+00:00, run_after=2026-08-08 16:00:00+00:00
[2026-08-08T17:25:45.514+0000] {processor.py:208} INFO - Processing /home/airflow/.local/lib/python3.12/site-packages/airflow/example_dags/example_latest_only_with_trigger.py took 0.068 seconds
[2026-08-08T17:26:16.107+0000] {processor.py:186} INFO - Started process (PID=243) to work on /home/airflow/.local/lib/python3.12/site-packages/airflow/example_dags/example_latest_only_with_trigger.py
[2026-08-08T17:26:16.109+0000] {processor.py:914} INFO - Processing file /home/airflow/.local/lib/python3.12/site-packages/airflow/example_dags/example_latest_only_with_trigger.py for tasks to queue
[2026-08-08T17:26:16.111+0000] {logging_mixin.py:190} INFO - [2026-08-08T17:26:16.111+0000] {dagbag.py:587} INFO - Filling up the DagBag from /home/airflow/.local/lib/python3.12/site-packages/airflow/example_dags/example_latest_only_with_trigger.py
[2026-08-08T17:26:16.120+0000] {processor.py:925} INFO - DAG(s) 'latest_only_with_trigger' retrieved from /home/airflow/.local/lib/python3.12/site-packages/airflow/example_dags/example_latest_only_with_trigger.py
[2026-08-08T17:26:16.144+0000] {logging_mixin.py:190} INFO - [2026-08-08T17:26:16.144+0000] {dag.py:3211} INFO - Sync 1 DAGs
[2026-08-08T17:26:16.172+0000] {logging_mixin.py:190} INFO - [2026-08-08T17:26:16.171+0000] {dag.py:4138} INFO - Setting next_dagrun for latest_only_with_trigger to 2026-08-08 12:00:00+00:00, run_after=2026-08-08 16:00:00+00:00
[2026-08-08T17:26:16.195+0000] {processor.py:208} INFO - Processing /home/airflow/.local/lib/python3.12/site-packages/airflow/example_dags/example_latest_only_with_trigger.py took 0.096 seconds
[2026-08-08T17:26:46.326+0000] {processor.py:186} INFO - Started process (PID=306) to work on /home/airflow/.local/lib/python3.12/site-packages/airflow/example_dags/example_latest_only_with_trigger.py
[2026-08-08T17:26:46.327+0000] {processor.py:914} INFO - Processing file /home/airflow/.local/lib/python3.12/site-packages/airflow/example_dags/example_latest_only_with_trigger.py for tasks to queue
[2026-08-08T17:26:46.329+0000] {logging_mixin.py:190} INFO - [2026-08-08T17:26:46.329+0000] {dagbag.py:587} INFO - Filling up the DagBag from /home/airflow/.local/lib/python3.12/site-packages/airflow/example_dags/example_latest_only_with_trigger.py
[2026-08-08T17:26:46.338+0000] {processor.py:925} INFO - DAG(s) 'latest_only_with_trigger' retrieved from /home/airflow/.local/lib/python3.12/site-packages/airflow/example_dags/example_latest_only_with_trigger.py
[2026-08-08T17:26:46.358+0000] {logging_mixin.py:190} INFO - [2026-08-08T17:26:46.358+0000] {dag.py:3211} INFO - Sync 1 DAGs
[2026-08-08T17:26:46.377+0000] {logging_mixin.py:190} INFO - [2026-08-08T17:26:46.377+0000] {dag.py:4138} INFO - Setting next_dagrun for latest_only_with_trigger to 2026-08-08 12:00:00+00:00, run_after=2026-08-08 16:00:00+00:00
[2026-08-08T17:26:46.399+0000] {processor.py:208} INFO - Processing /home/airflow/.local/lib/python3.12/site-packages/airflow/example_dags/example_latest_only_with_trigger.py took 0.079 seconds
[2026-08-08T17:27:16.470+0000] {processor.py:186} INFO - Started process (PID=369) to work on /home/airflow/.local/lib/python3.12/site-packages/airflow/example_dags/example_latest_only_with_trigger.py
[2026-08-08T17:27:16.472+0000] {processor.py:914} INFO - Processing file /home/airflow/.local/lib/python3.12/site-packages/airflow/example_dags/example_latest_only_with_trigger.py for tasks to queue
[2026-08-08T17:27:16.474+0000] {logging_mixin.py:190} INFO - [2026-08-08T17:27:16.474+0000] {dagbag.py:587} INFO - Filling up the DagBag from /home/airflow/.local/lib/python3.12/site-packages/airflow/example_dags/example_latest_only_with_trigger.py
[2026-08-08T17:27:16.480+0000] {processor.py:925} INFO - DAG(s) 'latest_only_with_trigger' retrieved from /home/airflow/.local/lib/python3.12/site-packages/airflow/example_dags/example_latest_only_with_trigger.py
[2026-08-08T17:27:16.495+0000] {logging_mixin.py:190} INFO - [2026-08-08T17:27:16.495+0000] {dag.py:3211} INFO - Sync 1 DAGs
[2026-08-08T17:27:16.510+0000] {logging_mixin.py:190} INFO - [2026-08-08T17:27:16.509+0000] {dag.py:4138} INFO - Setting next_dagrun for latest_only_with_trigger to 2026-08-08 12:00:00+00:00, run_after=2026-08-08 16:00:00+00:00
[2026-08-08T17:27:16.525+0000] {processor.py:208} INFO - Processing /home/airflow/.local/lib/python3.12/site-packages/airflow/example_dags/example_latest_only_with_trigger.py took 0.059 seconds
[2026-08-08T17:27:47.085+0000] {processor.py:186} INFO - Started process (PID=432) to work on /home/airflow/.local/lib/python3.12/site-packages/airflow/example_dags/example_latest_only_with_trigger.py
[2026-08-08T17:27:47.086+0000] {processor.py:914} INFO - Processing file /home/airflow/.local/lib/python3.12/site-packages/airflow/example_dags/example_latest_only_with_trigger.py for tasks to queue
[2026-08-08T17:27:47.088+0000] {logging_mixin.py:190} INFO - [2026-08-08T17:27:47.088+0000] {dagbag.py:587} INFO - Filling up the DagBag from /home/airflow/.local/lib/python3.12/site-packages/airflow/example_dags/example_latest_only_with_trigger.py
[2026-08-08T17:27:47.095+0000] {processor.py:925} INFO - DAG(s) 'latest_only_with_trigger' retrieved from /home/airflow/.local/lib/python3.12/site-packages/airflow/example_dags/example_latest_only_with_trigger.py
[2026-08-08T17:27:47.115+0000] {logging_mixin.py:190} INFO - [2026-08-08T17:27:47.114+0000] {dag.py:3211} INFO - Sync 1 DAGs
[2026-08-08T17:27:47.133+0000] {logging_mixin.py:190} INFO - [2026-08-08T17:27:47.133+0000] {dag.py:4138} INFO - Setting next_dagrun for latest_only_with_trigger to 2026-08-08 12:00:00+00:00, run_after=2026-08-08 16:00:00+00:00
[2026-08-08T17:27:47.148+0000] {processor.py:208} INFO - Processing /home/airflow/.local/lib/python3.12/site-packages/airflow/example_dags/example_latest_only_with_trigger.py took 0.068 seconds
[2026-08-08T17:28:17.558+0000] {processor.py:186} INFO - Started process (PID=495) to work on /home/airflow/.local/lib/python3.12/site-packages/airflow/example_dags/example_latest_only_with_trigger.py
[2026-08-08T17:28:17.559+0000] {processor.py:914} INFO - Processing file /home/airflow/.local/lib/python3.12/site-packages/airflow/example_dags/example_latest_only_with_trigger.py for tasks to queue
[2026-08-08T17:28:17.561+0000] {logging_mixin.py:190} INFO - [2026-08-08T17:28:17.561+0000] {dagbag.py:587} INFO - Filling up the DagBag from /home/airflow/.local/lib/python3.12/site-packages/airflow/example_dags/example_latest_only_with_trigger.py
[2026-08-08T17:28:17.571+0000] {processor.py:925} INFO - DAG(s) 'latest_only_with_trigger' retrieved from /home/airflow/.local/lib/python3.12/site-packages/airflow/example_dags/example_latest_only_with_trigger.py
[2026-08-08T17:28:17.595+0000] {logging_mixin.py:190} INFO - [2026-08-08T17:28:17.595+0000] {dag.py:3211} INFO - Sync 1 DAGs
[2026-08-08T17:28:17.626+0000] {logging_mixin.py:190} INFO - [2026-08-08T17:28:17.626+0000] {dag.py:4138} INFO - Setting next_dagrun for latest_only_with_trigger to 2026-08-08 12:00:00+00:00, run_after=2026-08-08 16:00:00+00:00
[2026-08-08T17:28:17.652+0000] {processor.py:208} INFO - Processing /home/airflow/.local/lib/python3.12/site-packages/airflow/example_dags/example_latest_only_with_trigger.py took 0.099 seconds
[2026-08-08T17:28:47.891+0000] {processor.py:186} INFO - Started process (PID=558) to work on /home/airflow/.local/lib/python3.12/site-packages/airflow/example_dags/example_latest_only_with_trigger.py
[2026-08-08T17:28:47.892+0000] {processor.py:914} INFO - Processing file /home/airflow/.local/lib/python3.12/site-packages/airflow/example_dags/example_latest_only_with_trigger.py for tasks to queue
[2026-08-08T17:28:47.895+0000] {logging_mixin.py:190} INFO - [2026-08-08T17:28:47.895+0000] {dagbag.py:587} INFO - Filling up the DagBag from /home/airflow/.local/lib/python3.12/site-packages/airflow/example_dags/example_latest_only_with_trigger.py
[2026-08-08T17:28:47.902+0000] {processor.py:925} INFO - DAG(s) 'latest_only_with_trigger' retrieved from /home/airflow/.local/lib/python3.12/site-packages/airflow/example_dags/example_latest_only_with_trigger.py
[2026-08-08T17:28:47.920+0000] {logging_mixin.py:190} INFO - [2026-08-08T17:28:47.920+0000] {dag.py:3211} INFO - Sync 1 DAGs
[2026-08-08T17:28:47.944+0000] {logging_mixin.py:190} INFO - [2026-08-08T17:28:47.944+0000] {dag.py:4138} INFO - Setting next_dagrun for latest_only_with_trigger to 2026-08-08 12:00:00+00:00, run_after=2026-08-08 16:00:00+00:00
[2026-08-08T17:28:47.962+0000] {processor.py:208} INFO - Processing /home/airflow/.local/lib/python3.12/site-packages/airflow/example_dags/example_latest_only_with_trigger.py took 0.076 seconds
[2026-08-08T17:29:18.131+0000] {processor.py:186} INFO - Started process (PID=621) to work on /home/airflow/.local/lib/python3.12/site-packages/airflow/example_dags/example_latest_only_with_trigger.py
[2026-08-08T17:29:18.133+0000] {processor.py:914} INFO - Processing file /home/airflow/.local/lib/python3.12/site-packages/airflow/example_dags/example_latest_only_with_trigger.py for tasks to queue
[2026-08-08T17:29:18.137+0000] {logging_mixin.py:190} INFO - [2026-08-08T17:29:18.136+0000] {dagbag.py:587} INFO - Filling up the DagBag from /home/airflow/.local/lib/python3.12/site-packages/airflow/example_dags/example_latest_only_with_trigger.py
[2026-08-08T17:29:18.145+0000] {processor.py:925} INFO - DAG(s) 'latest_only_with_trigger' retrieved from /home/airflow/.local/lib/python3.12/site-packages/airflow/example_dags/example_latest_only_with_trigger.py
[2026-08-08T17:29:18.170+0000] {logging_mixin.py:190} INFO - [2026-08-08T17:29:18.169+0000] {dag.py:3211} INFO - Sync 1 DAGs
[2026-08-08T17:29:18.196+0000] {logging_mixin.py:190} INFO - [2026-08-08T17:29:18.195+0000] {dag.py:4138} INFO - Setting next_dagrun for latest_only_with_trigger to 2026-08-08 12:00:00+00:00, run_after=2026-08-08 16:00:00+00:00
[2026-08-08T17:29:18.225+0000] {processor.py:208} INFO - Processing /home/airflow/.local/lib/python3.12/site-packages/airflow/example_dags/example_latest_only_with_trigger.py took 0.100 seconds
[2026-08-08T17:29:48.996+0000] {processor.py:186} INFO - Started process (PID=684) to work on /home/airflow/.local/lib/python3.12/site-packages/airflow/example_dags/example_latest_only_with_trigger.py
[2026-08-08T17:29:48.998+0000] {processor.py:914} INFO - Processing file /home/airflow/.local/lib/python3.12/site-packages/airflow/example_dags/example_latest_only_with_trigger.py for tasks to queue
[2026-08-08T17:29:49.001+0000] {logging_mixin.py:190} INFO - [2026-08-08T17:29:49.001+0000] {dagbag.py:587} INFO - Filling up the DagBag from /home/airflow/.local/lib/python3.12/site-packages/airflow/example_dags/example_latest_only_with_trigger.py
[2026-08-08T17:29:49.011+0000] {processor.py:925} INFO - DAG(s) 'latest_only_with_trigger' retrieved from /home/airflow/.local/lib/python3.12/site-packages/airflow/example_dags/example_latest_only_with_trigger.py
[2026-08-08T17:29:49.036+0000] {logging_mixin.py:190} INFO - [2026-08-08T17:29:49.035+0000] {dag.py:3211} INFO - Sync 1 DAGs
[2026-08-08T17:29:49.061+0000] {logging_mixin.py:190} INFO - [2026-08-08T17:29:49.061+0000] {dag.py:4138} INFO - Setting next_dagrun for latest_only_with_trigger to 2026-08-08 12:00:00+00:00, run_after=2026-08-08 16:00:00+00:00
[2026-08-08T17:29:49.084+0000] {processor.py:208} INFO - Processing /home/airflow/.local/lib/python3.12/site-packages/airflow/example_dags/example_latest_only_with_trigger.py took 0.096 seconds
[2026-08-08T17:30:19.859+0000] {processor.py:186} INFO - Started process (PID=747) to work on /home/airflow/.local/lib/python3.12/site-packages/airflow/example_dags/example_latest_only_with_trigger.py
[2026-08-08T17:30:19.861+0000] {processor.py:914} INFO - Processing file /home/airflow/.local/lib/python3.12/site-packages/airflow/example_dags/example_latest_only_with_trigger.py for tasks to queue
[2026-08-08T17:30:19.864+0000] {logging_mixin.py:190} INFO - [2026-08-08T17:30:19.863+0000] {dagbag.py:587} INFO - Filling up the DagBag from /home/airflow/.local/lib/python3.12/site-packages/airflow/example_dags/example_latest_only_with_trigger.py
[2026-08-08T17:30:19.872+0000] {processor.py:925} INFO - DAG(s) 'latest_only_with_trigger' retrieved from /home/airflow/.local/lib/python3.12/site-packages/airflow/example_dags/example_latest_only_with_trigger.py
[2026-08-08T17:30:19.894+0000] {logging_mixin.py:190} INFO - [2026-08-08T17:30:19.894+0000] {dag.py:3211} INFO - Sync 1 DAGs
[2026-08-08T17:30:19.914+0000] {logging_mixin.py:190} INFO - [2026-08-08T17:30:19.914+0000] {dag.py:4138} INFO - Setting next_dagrun for latest_only_with_trigger to 2026-08-08 12:00:00+00:00, run_after=2026-08-08 16:00:00+00:00
[2026-08-08T17:30:19.937+0000] {processor.py:208} INFO - Processing /home/airflow/.local/lib/python3.12/site-packages/airflow/example_dags/example_latest_only_with_trigger.py took 0.084 seconds
[2026-08-08T17:30:50.040+0000] {processor.py:186} INFO - Started process (PID=810) to work on /home/airflow/.local/lib/python3.12/site-packages/airflow/example_dags/example_latest_only_with_trigger.py
[2026-08-08T17:30:50.042+0000] {processor.py:914} INFO - Processing file /home/airflow/.local/lib/python3.12/site-packages/airflow/example_dags/example_latest_only_with_trigger.py for tasks to queue
[2026-08-08T17:30:50.044+0000] {logging_mixin.py:190} INFO - [2026-08-08T17:30:50.044+0000] {dagbag.py:587} INFO - Filling up the DagBag from /home/airflow/.local/lib/python3.12/site-packages/airflow/example_dags/example_latest_only_with_trigger.py
[2026-08-08T17:30:50.052+0000] {processor.py:925} INFO - DAG(s) 'latest_only_with_trigger' retrieved from /home/airflow/.local/lib/python3.12/site-packages/airflow/example_dags/example_latest_only_with_trigger.py
[2026-08-08T17:30:50.072+0000] {logging_mixin.py:190} INFO - [2026-08-08T17:30:50.071+0000] {dag.py:3211} INFO - Sync 1 DAGs
[2026-08-08T17:30:50.090+0000] {logging_mixin.py:190} INFO - [2026-08-08T17:30:50.090+0000] {dag.py:4138} INFO - Setting next_dagrun for latest_only_with_trigger to 2026-08-08 12:00:00+00:00, run_after=2026-08-08 16:00:00+00:00
[2026-08-08T17:30:50.109+0000] {processor.py:208} INFO - Processing /home/airflow/.local/lib/python3.12/site-packages/airflow/example_dags/example_latest_only_with_trigger.py took 0.074 seconds
[2026-08-08T17:31:20.829+0000] {processor.py:186} INFO - Started process (PID=873) to work on /home/airflow/.local/lib/python3.12/site-packages/airflow/example_dags/example_latest_only_with_trigger.py
[2026-08-08T17:31:20.831+0000] {processor.py:914} INFO - Processing file /home/airflow/.local/lib/python3.12/site-packages/airflow/example_dags/example_latest_only_with_trigger.py for tasks to queue
[2026-08-08T17:31:20.833+0000] {logging_mixin.py:190} INFO - [2026-08-08T17:31:20.833+0000] {dagbag.py:587} INFO - Filling up the DagBag from /home/airflow/.local/lib/python3.12/site-packages/airflow/example_dags/example_latest_only_with_trigger.py
[2026-08-08T17:31:20.840+0000] {processor.py:925} INFO - DAG(s) 'latest_only_with_trigger' retrieved from /home/airflow/.local/lib/python3.12/site-packages/airflow/example_dags/example_latest_only_with_trigger.py
[2026-08-08T17:31:20.861+0000] {logging_mixin.py:190} INFO - [2026-08-08T17:31:20.861+0000] {dag.py:3211} INFO - Sync 1 DAGs
[2026-08-08T17:31:20.880+0000] {logging_mixin.py:190} INFO - [2026-08-08T17:31:20.880+0000] {dag.py:4138} INFO - Setting next_dagrun for latest_only_with_trigger to 2026-08-08 12:00:00+00:00, run_after=2026-08-08 16:00:00+00:00
[2026-08-08T17:31:20.902+0000] {processor.py:208} INFO - Processing /home/airflow/.local/lib/python3.12/site-packages/airflow/example_dags/example_latest_only_with_trigger.py took 0.078 seconds
[2026-08-08T17:31:51.699+0000] {processor.py:186} INFO - Started process (PID=936) to work on /home/airflow/.local/lib/python3.12/site-packages/airflow/example_dags/example_latest_only_with_trigger.py
[2026-08-08T17:31:51.701+0000] {processor.py:914} INFO - Processing file /home/airflow/.local/lib/python3.12/site-packages/airflow/example_dags/example_latest_only_with_trigger.py for tasks to queue
[2026-08-08T17:31:51.703+0000] {logging_mixin.py:190} INFO - [2026-08-08T17:31:51.703+0000] {dagbag.py:587} INFO - Filling up the DagBag from /home/airflow/.local/lib/python3.12/site-packages/airflow/example_dags/example_latest_only_with_trigger.py
[2026-08-08T17:31:51.712+0000] {processor.py:925} INFO - DAG(s) 'latest_only_with_trigger' retrieved from /home/airflow/.local/lib/python3.12/site-packages/airflow/example_dags/example_latest_only_with_trigger.py
[2026-08-08T17:31:51.731+0000] {logging_mixin.py:190} INFO - [2026-08-08T17:31:51.731+0000] {dag.py:3211} INFO - Sync 1 DAGs
[2026-08-08T17:31:51.750+0000] {logging_mixin.py:190} INFO - [2026-08-08T17:31:51.750+0000] {dag.py:4138} INFO - Setting next_dagrun for latest_only_with_trigger to 2026-08-08 12:00:00+00:00, run_after=2026-08-08 16:00:00+00:00
[2026-08-08T17:31:51.769+0000] {processor.py:208} INFO - Processing /home/airflow/.local/lib/python3.12/site-packages/airflow/example_dags/example_latest_only_with_trigger.py took 0.074 seconds
[2026-08-08T17:32:22.762+0000] {processor.py:186} INFO - Started process (PID=999) to work on /home/airflow/.local/lib/python3.12/site-packages/airflow/example_dags/example_latest_only_with_trigger.py
[2026-08-08T17:32:22.764+0000] {processor.py:914} INFO - Processing file /home/airflow/.local/lib/python3.12/site-packages/airflow/example_dags/example_latest_only_with_trigger.py for tasks to queue
[2026-08-08T17:32:22.768+0000] {logging_mixin.py:190} INFO - [2026-08-08T17:32:22.767+0000] {dagbag.py:587} INFO - Filling up the DagBag from /home/airflow/.local/lib/python3.12/site-packages/airflow/example_dags/example_latest_only_with_trigger.py
[2026-08-08T17:32:22.777+0000] {processor.py:925} INFO - DAG(s) 'latest_only_with_trigger' retrieved from /home/airflow/.local/lib/python3.12/site-packages/airflow/example_dags/example_latest_only_with_trigger.py
[2026-08-08T17:32:22.802+0000] {logging_mixin.py:190} INFO - [2026-08-08T17:32:22.802+0000] {dag.py:3211} INFO - Sync 1 DAGs
[2026-08-08T17:32:22.827+0000] {logging_mixin.py:190} INFO - [2026-08-08T17:32:22.827+0000] {dag.py:4138} INFO - Setting next_dagrun for latest_only_with_trigger to 2026-08-08 12:00:00+00:00, run_after=2026-08-08 16:00:00+00:00
[2026-08-08T17:32:22.882+0000] {processor.py:208} INFO - Processing /home/airflow/.local/lib/python3.12/site-packages/airflow/example_dags/example_latest_only_with_trigger.py took 0.126 seconds
[2026-08-08T17:32:53.281+0000] {processor.py:186} INFO - Started process (PID=1063) to work on /home/airflow/.local/lib/python3.12/site-packages/airflow/example_dags/example_latest_only_with_trigger.py
[2026-08-08T17:32:53.283+0000] {processor.py:914} INFO - Processing file /home/airflow/.local/lib/python3.12/site-packages/airflow/example_dags/example_latest_only_with_trigger.py for tasks to queue
[2026-08-08T17:32:53.287+0000] {logging_mixin.py:190} INFO - [2026-08-08T17:32:53.287+0000] {dagbag.py:587} INFO - Filling up the DagBag from /home/airflow/.local/lib/python3.12/site-packages/airflow/example_dags/example_latest_only_with_trigger.py
[2026-08-08T17:32:53.296+0000] {processor.py:925} INFO - DAG(s) 'latest_only_with_trigger' retrieved from /home/airflow/.local/lib/python3.12/site-packages/airflow/example_dags/example_latest_only_with_trigger.py
[2026-08-08T17:32:53.321+0000] {logging_mixin.py:190} INFO - [2026-08-08T17:32:53.320+0000] {dag.py:3211} INFO - Sync 1 DAGs
[2026-08-08T17:32:53.345+0000] {logging_mixin.py:190} INFO - [2026-08-08T17:32:53.344+0000] {dag.py:4138} INFO - Setting next_dagrun for latest_only_with_trigger to 2026-08-08 12:00:00+00:00, run_after=2026-08-08 16:00:00+00:00
[2026-08-08T17:32:53.370+0000] {processor.py:208} INFO - Processing /home/airflow/.local/lib/python3.12/site-packages/airflow/example_dags/example_latest_only_with_trigger.py took 0.097 seconds
[2026-08-08T17:33:23.905+0000] {processor.py:186} INFO - Started process (PID=1126) to work on /home/airflow/.local/lib/python3.12/site-packages/airflow/example_dags/example_latest_only_with_trigger.py
[2026-08-08T17:33:23.907+0000] {processor.py:914} INFO - Processing file /home/airflow/.local/lib/python3.12/site-packages/airflow/example_dags/example_latest_only_with_trigger.py for tasks to queue
[2026-08-08T17:33:23.912+0000] {logging_mixin.py:190} INFO - [2026-08-08T17:33:23.911+0000] {dagbag.py:587} INFO - Filling up the DagBag from /home/airflow/.local/lib/python3.12/site-packages/airflow/example_dags/example_latest_only_with_trigger.py
[2026-08-08T17:33:23.922+0000] {processor.py:925} INFO - DAG(s) 'latest_only_with_trigger' retrieved from /home/airflow/.local/lib/python3.12/site-packages/airflow/example_dags/example_latest_only_with_trigger.py
[2026-08-08T17:33:23.955+0000] {logging_mixin.py:190} INFO - [2026-08-08T17:33:23.955+0000] {dag.py:3211} INFO - Sync 1 DAGs
[2026-08-08T17:33:23.984+0000] {logging_mixin.py:190} INFO - [2026-08-08T17:33:23.984+0000] {dag.py:4138} INFO - Setting next_dagrun for latest_only_with_trigger to 2026-08-08 12:00:00+00:00, run_after=2026-08-08 16:00:00+00:00
[2026-08-08T17:33:24.009+0000] {processor.py:208} INFO - Processing /home/airflow/.local/lib/python3.12/site-packages/airflow/example_dags/example_latest_only_with_trigger.py took 0.114 seconds
[2026-08-08T17:33:54.297+0000] {processor.py:186} INFO - Started process (PID=1189) to work on /home/airflow/.local/lib/python3.12/site-packages/airflow/example_dags/example_latest_only_with_trigger.py
[2026-08-08T17:33:54.300+0000] {processor.py:914} INFO - Processing file /home/airflow/.local/lib/python3.12/site-packages/airflow/example_dags/example_latest_only_with_trigger.py for tasks to queue
[2026-08-08T17:33:54.306+0000] {logging_mixin.py:190} INFO - [2026-08-08T17:33:54.304+0000] {dagbag.py:587} INFO - Filling up the DagBag from /home/airflow/.local/lib/python3.12/site-packages/airflow/example_dags/example_latest_only_with_trigger.py
[2026-08-08T17:33:54.317+0000] {processor.py:925} INFO - DAG(s) 'latest_only_with_trigger' retrieved from /home/airflow/.local/lib/python3.12/site-packages/airflow/example_dags/example_latest_only_with_trigger.py
[2026-08-08T17:33:54.342+0000] {logging_mixin.py:190} INFO - [2026-08-08T17:33:54.341+0000] {dag.py:3211} INFO - Sync 1 DAGs
[2026-08-08T17:33:54.362+0000] {logging_mixin.py:190} INFO - [2026-08-08T17:33:54.362+0000] {dag.py:4138} INFO - Setting next_dagrun for latest_only_with_trigger to 2026-08-08 12:00:00+00:00, run_after=2026-08-08 16:00:00+00:00
[2026-08-08T17:33:54.382+0000] {processor.py:208} INFO - Processing /home/airflow/.local/lib/python3.12/site-packages/airflow/example_dags/example_latest_only_with_trigger.py took 0.095 seconds
[2026-08-08T17:34:24.537+0000] {processor.py:186} INFO - Started process (PID=1252) to work on /home/airflow/.local/lib/python3.12/site-packages/airflow/example_dags/example_latest_only_with_trigger.py
[2026-08-08T17:34:24.538+0000] {processor.py:914} INFO - Processing file /home/airflow/.local/lib/python3.12/site-packages/airflow/example_dags/example_latest_only_with_trigger.py for tasks to queue
[2026-08-08T17:34:24.542+0000] {logging_mixin.py:190} INFO - [2026-08-08T17:34:24.541+0000] {dagbag.py:587} INFO - Filling up the DagBag from /home/airflow/.local/lib/python3.12/site-packages/airflow/example_dags/example_latest_only_with_trigger.py
[2026-08-08T17:34:24.549+0000] {processor.py:925} INFO - DAG(s) 'latest_only_with_trigger' retrieved from /home/airflow/.local/lib/python3.12/site-packages/airflow/example_dags/example_latest_only_with_trigger.py
[2026-08-08T17:34:24.568+0000] {logging_mixin.py:190} INFO - [2026-08-08T17:34:24.568+0000] {dag.py:3211} INFO - Sync 1 DAGs
[2026-08-08T17:34:24.586+0000] {logging_mixin.py:190} INFO - [2026-08-08T17:34:24.586+0000] {dag.py:4138} INFO - Setting next_dagrun for latest_only_with_trigger to 2026-08-08 12:00:00+00:00, run_after=2026-08-08 16:00:00+00:00
[2026-08-08T17:34:24.602+0000] {processor.py:208} INFO - Processing /home/airflow/.local/lib/python3.12/site-packages/airflow/example_dags/example_latest_only_with_trigger.py took 0.073 seconds
[2026-08-08T17:34:55.240+0000] {processor.py:186} INFO - Started process (PID=1315) to work on /home/airflow/.local/lib/python3.12/site-packages/airflow/example_dags/example_latest_only_with_trigger.py
[2026-08-08T17:34:55.241+0000] {processor.py:914} INFO - Processing file /home/airflow/.local/lib/python3.12/site-packages/airflow/example_dags/example_latest_only_with_trigger.py for tasks to queue
[2026-08-08T17:34:55.244+0000] {logging_mixin.py:190} INFO - [2026-08-08T17:34:55.243+0000] {dagbag.py:587} INFO - Filling up the DagBag from /home/airflow/.local/lib/python3.12/site-packages/airflow/example_dags/example_latest_only_with_trigger.py
[2026-08-08T17:34:55.251+0000] {processor.py:925} INFO - DAG(s) 'latest_only_with_trigger' retrieved from /home/airflow/.local/lib/python3.12/site-packages/airflow/example_dags/example_latest_only_with_trigger.py
[2026-08-08T17:34:55.269+0000] {logging_mixin.py:190} INFO - [2026-08-08T17:34:55.269+0000] {dag.py:3211} INFO - Sync 1 DAGs
[2026-08-08T17:34:55.289+0000] {logging_mixin.py:190} INFO - [2026-08-08T17:34:55.289+0000] {dag.py:4138} INFO - Setting next_dagrun for latest_only_with_trigger to 2026-08-08 12:00:00+00:00, run_after=2026-08-08 16:00:00+00:00
[2026-08-08T17:34:55.306+0000] {processor.py:208} INFO - Processing /home/airflow/.local/lib/python3.12/site-packages/airflow/example_dags/example_latest_only_with_trigger.py took 0.070 seconds
[2026-08-08T17:35:25.866+0000] {processor.py:186} INFO - Started process (PID=1378) to work on /home/airflow/.local/lib/python3.12/site-packages/airflow/example_dags/example_latest_only_with_trigger.py
[2026-08-08T17:35:25.867+0000] {processor.py:914} INFO - Processing file /home/airflow/.local/lib/python3.12/site-packages/airflow/example_dags/example_latest_only_with_trigger.py for tasks to queue
[2026-08-08T17:35:25.870+0000] {logging_mixin.py:190} INFO - [2026-08-08T17:35:25.869+0000] {dagbag.py:587} INFO - Filling up the DagBag from /home/airflow/.local/lib/python3.12/site-packages/airflow/example_dags/example_latest_only_with_trigger.py
[2026-08-08T17:35:25.878+0000] {processor.py:925} INFO - DAG(s) 'latest_only_with_trigger' retrieved from /home/airflow/.local/lib/python3.12/site-packages/airflow/example_dags/example_latest_only_with_trigger.py
[2026-08-08T17:35:25.899+0000] {logging_mixin.py:190} INFO - [2026-08-08T17:35:25.899+0000] {dag.py:3211} INFO - Sync 1 DAGs
[2026-08-08T17:35:25.919+0000] {logging_mixin.py:190} INFO - [2026-08-08T17:35:25.919+0000] {dag.py:4138} INFO - Setting next_dagrun for latest_only_with_trigger to 2026-08-08 12:00:00+00:00, run_after=2026-08-08 16:00:00+00:00
[2026-08-08T17:35:25.935+0000] {processor.py:208} INFO - Processing /home/airflow/.local/lib/python3.12/site-packages/airflow/example_dags/example_latest_only_with_trigger.py took 0.076 seconds
[2026-08-08T17:35:56.326+0000] {processor.py:186} INFO - Started process (PID=1441) to work on /home/airflow/.local/lib/python3.12/site-packages/airflow/example_dags/example_latest_only_with_trigger.py
[2026-08-08T17:35:56.328+0000] {processor.py:914} INFO - Processing file /home/airflow/.local/lib/python3.12/site-packages/airflow/example_dags/example_latest_only_with_trigger.py for tasks to queue
[2026-08-08T17:35:56.331+0000] {logging_mixin.py:190} INFO - [2026-08-08T17:35:56.331+0000] {dagbag.py:587} INFO - Filling up the DagBag from /home/airflow/.local/lib/python3.12/site-packages/airflow/example_dags/example_latest_only_with_trigger.py
[2026-08-08T17:35:56.339+0000] {processor.py:925} INFO - DAG(s) 'latest_only_with_trigger' retrieved from /home/airflow/.local/lib/python3.12/site-packages/airflow/example_dags/example_latest_only_with_trigger.py
[2026-08-08T17:35:56.361+0000] {logging_mixin.py:190} INFO - [2026-08-08T17:35:56.361+0000] {dag.py:3211} INFO - Sync 1 DAGs
[2026-08-08T17:35:56.381+0000] {logging_mixin.py:190} INFO - [2026-08-08T17:35:56.381+0000] {dag.py:4138} INFO - Setting next_dagrun for latest_only_with_trigger to 2026-08-08 12:00:00+00:00, run_after=2026-08-08 16:00:00+00:00
[2026-08-08T17:35:56.397+0000] {processor.py:208} INFO - Processing /home/airflow/.local/lib/python3.12/site-packages/airflow/example_dags/example_latest_only_with_trigger.py took 0.077 seconds
[2026-08-08T17:36:26.696+0000] {processor.py:186} INFO - Started process (PID=1504) to work on /home/airflow/.local/lib/python3.12/site-packages/airflow/example_dags/example_latest_only_with_trigger.py
[2026-08-08T17:36:26.697+0000] {processor.py:914} INFO - Processing file /home/airflow/.local/lib/python3.12/site-packages/airflow/example_dags/example_latest_only_with_trigger.py for tasks to queue
[2026-08-08T17:36:26.700+0000] {logging_mixin.py:190} INFO - [2026-08-08T17:36:26.700+0000] {dagbag.py:587} INFO - Filling up the DagBag from /home/airflow/.local/lib/python3.12/site-packages/airflow/example_dags/example_latest_only_with_trigger.py
[2026-08-08T17:36:26.707+0000] {processor.py:925} INFO - DAG(s) 'latest_only_with_trigger' retrieved from /home/airflow/.local/lib/python3.12/site-packages/airflow/example_dags/example_latest_only_with_trigger.py
[2026-08-08T17:36:26.729+0000] {logging_mixin.py:190} INFO - [2026-08-08T17:36:26.729+0000] {dag.py:3211} INFO - Sync 1 DAGs
[2026-08-08T17:36:26.748+0000] {logging_mixin.py:190} INFO - [2026-08-08T17:36:26.748+0000] {dag.py:4138} INFO - Setting next_dagrun for latest_only_with_trigger to 2026-08-08 12:00:00+00:00, run_after=2026-08-08 16:00:00+00:00
[2026-08-08T17:36:26.765+0000] {processor.py:208} INFO - Processing /home/airflow/.local/lib/python3.12/site-packages/airflow/example_dags/example_latest_only_with_trigger.py took 0.075 seconds
[2026-08-08T17:38:17.669+0000] {processor.py:186} INFO - Started process (PID=105) to work on /home/airflow/.local/lib/python3.12/site-packages/airflow/example_dags/example_latest_only_with_trigger.py
[2026-08-08T17:38:17.670+0000] {processor.py:914} INFO - Processing file /home/airflow/.local/lib/python3.12/site-packages/airflow/example_dags/example_latest_only_with_trigger.py for tasks to queue
[2026-08-08T17:38:17.672+0000] {logging_mixin.py:190} INFO - [2026-08-08T17:38:17.672+0000] {dagbag.py:587} INFO - Filling up the DagBag from /home/airflow/.local/lib/python3.12/site-packages/airflow/example_dags/example_latest_only_with_trigger.py
[2026-08-08T17:38:17.680+0000] {processor.py:925} INFO - DAG(s) 'latest_only_with_trigger' retrieved from /home/airflow/.local/lib/python3.12/site-packages/airflow/example_dags/example_latest_only_with_trigger.py
[2026-08-08T17:38:17.701+0000] {logging_mixin.py:190} INFO - [2026-08-08T17:38:17.701+0000] {dag.py:3211} INFO - Sync 1 DAGs
[2026-08-08T17:38:17.725+0000] {logging_mixin.py:190} INFO - [2026-08-08T17:38:17.725+0000] {dag.py:4138} INFO - Setting next_dagrun for latest_only_with_trigger to 2026-08-08 12:00:00+00:00, run_after=2026-08-08 16:00:00+00:00
[2026-08-08T17:38:17.746+0000] {processor.py:208} INFO - Processing /home/airflow/.local/lib/python3.12/site-packages/airflow/example_dags/example_latest_only_with_trigger.py took 0.082 seconds
[2026-08-08T17:38:48.844+0000] {processor.py:186} INFO - Started process (PID=168) to work on /home/airflow/.local/lib/python3.12/site-packages/airflow/example_dags/example_latest_only_with_trigger.py
[2026-08-08T17:38:48.846+0000] {processor.py:914} INFO - Processing file /home/airflow/.local/lib/python3.12/site-packages/airflow/example_dags/example_latest_only_with_trigger.py for tasks to queue
[2026-08-08T17:38:48.848+0000] {logging_mixin.py:190} INFO - [2026-08-08T17:38:48.848+0000] {dagbag.py:587} INFO - Filling up the DagBag from /home/airflow/.local/lib/python3.12/site-packages/airflow/example_dags/example_latest_only_with_trigger.py
[2026-08-08T17:38:48.856+0000] {processor.py:925} INFO - DAG(s) 'latest_only_with_trigger' retrieved from /home/airflow/.local/lib/python3.12/site-packages/airflow/example_dags/example_latest_only_with_trigger.py
[2026-08-08T17:38:48.877+0000] {logging_mixin.py:190} INFO - [2026-08-08T17:38:48.877+0000] {dag.py:3211} INFO - Sync 1 DAGs
[2026-08-08T17:38:48.897+0000] {logging_mixin.py:190} INFO - [2026-08-08T17:38:48.897+0000] {dag.py:4138} INFO - Setting next_dagrun for latest_only_with_trigger to 2026-08-08 12:00:00+00:00, run_after=2026-08-08 16:00:00+00:00
[2026-08-08T17:38:48.915+0000] {processor.py:208} INFO - Processing /home/airflow/.local/lib/python3.12/site-packages/airflow/example_dags/example_latest_only_with_trigger.py took 0.077 seconds
[2026-08-08T17:39:19.691+0000] {processor.py:186} INFO - Started process (PID=231) to work on /home/airflow/.local/lib/python3.12/site-packages/airflow/example_dags/example_latest_only_with_trigger.py
[2026-08-08T17:39:19.692+0000] {processor.py:914} INFO - Processing file /home/airflow/.local/lib/python3.12/site-packages/airflow/example_dags/example_latest_only_with_trigger.py for tasks to queue
[2026-08-08T17:39:19.696+0000] {logging_mixin.py:190} INFO - [2026-08-08T17:39:19.696+0000] {dagbag.py:587} INFO - Filling up the DagBag from /home/airflow/.local/lib/python3.12/site-packages/airflow/example_dags/example_latest_only_with_trigger.py
[2026-08-08T17:39:19.705+0000] {processor.py:925} INFO - DAG(s) 'latest_only_with_trigger' retrieved from /home/airflow/.local/lib/python3.12/site-packages/airflow/example_dags/example_latest_only_with_trigger.py
[2026-08-08T17:39:19.734+0000] {logging_mixin.py:190} INFO - [2026-08-08T17:39:19.733+0000] {dag.py:3211} INFO - Sync 1 DAGs
[2026-08-08T17:39:19.765+0000] {logging_mixin.py:190} INFO - [2026-08-08T17:39:19.765+0000] {dag.py:4138} INFO - Setting next_dagrun for latest_only_with_trigger to 2026-08-08 12:00:00+00:00, run_after=2026-08-08 16:00:00+00:00
[2026-08-08T17:39:19.789+0000] {processor.py:208} INFO - Processing /home/airflow/.local/lib/python3.12/site-packages/airflow/example_dags/example_latest_only_with_trigger.py took 0.105 seconds
[2026-08-08T17:39:50.233+0000] {processor.py:186} INFO - Started process (PID=294) to work on /home/airflow/.local/lib/python3.12/site-packages/airflow/example_dags/example_latest_only_with_trigger.py
[2026-08-08T17:39:50.234+0000] {processor.py:914} INFO - Processing file /home/airflow/.local/lib/python3.12/site-packages/airflow/example_dags/example_latest_only_with_trigger.py for tasks to queue
[2026-08-08T17:39:50.237+0000] {logging_mixin.py:190} INFO - [2026-08-08T17:39:50.237+0000] {dagbag.py:587} INFO - Filling up the DagBag from /home/airflow/.local/lib/python3.12/site-packages/airflow/example_dags/example_latest_only_with_trigger.py
[2026-08-08T17:39:50.244+0000] {processor.py:925} INFO - DAG(s) 'latest_only_with_trigger' retrieved from /home/airflow/.local/lib/python3.12/site-packages/airflow/example_dags/example_latest_only_with_trigger.py
[2026-08-08T17:39:50.264+0000] {logging_mixin.py:190} INFO - [2026-08-08T17:39:50.264+0000] {dag.py:3211} INFO - Sync 1 DAGs
[2026-08-08T17:39:50.282+0000] {logging_mixin.py:190} INFO - [2026-08-08T17:39:50.282+0000] {dag.py:4138} INFO - Setting next_dagrun for latest_only_with_trigger to 2026-08-08 12:00:00+00:00, run_after=2026-08-08 16:00:00+00:00
[2026-08-08T17:39:50.301+0000] {processor.py:208} INFO - Processing /home/airflow/.local/lib/python3.12/site-packages/airflow/example_dags/example_latest_only_with_trigger.py took 0.074 seconds
[2026-08-08T17:42:41.891+0000] {processor.py:186} INFO - Started process (PID=117) to work on /home/airflow/.local/lib/python3.12/site-packages/airflow/example_dags/example_latest_only_with_trigger.py
[2026-08-08T17:42:41.893+0000] {processor.py:914} INFO - Processing file /home/airflow/.local/lib/python3.12/site-packages/airflow/example_dags/example_latest_only_with_trigger.py for tasks to queue
[2026-08-08T17:42:41.898+0000] {logging_mixin.py:190} INFO - [2026-08-08T17:42:41.897+0000] {dagbag.py:587} INFO - Filling up the DagBag from /home/airflow/.local/lib/python3.12/site-packages/airflow/example_dags/example_latest_only_with_trigger.py
[2026-08-08T17:42:41.911+0000] {processor.py:925} INFO - DAG(s) 'latest_only_with_trigger' retrieved from /home/airflow/.local/lib/python3.12/site-packages/airflow/example_dags/example_latest_only_with_trigger.py
[2026-08-08T17:42:41.948+0000] {logging_mixin.py:190} INFO - [2026-08-08T17:42:41.948+0000] {dag.py:3211} INFO - Sync 1 DAGs
[2026-08-08T17:42:41.991+0000] {logging_mixin.py:190} INFO - [2026-08-08T17:42:41.991+0000] {dag.py:4138} INFO - Setting next_dagrun for latest_only_with_trigger to 2026-08-08 12:00:00+00:00, run_after=2026-08-08 16:00:00+00:00
[2026-08-08T17:42:42.041+0000] {processor.py:208} INFO - Processing /home/airflow/.local/lib/python3.12/site-packages/airflow/example_dags/example_latest_only_with_trigger.py took 0.162 seconds
[2026-08-08T17:43:12.375+0000] {processor.py:186} INFO - Started process (PID=180) to work on /home/airflow/.local/lib/python3.12/site-packages/airflow/example_dags/example_latest_only_with_trigger.py
[2026-08-08T17:43:12.379+0000] {processor.py:914} INFO - Processing file /home/airflow/.local/lib/python3.12/site-packages/airflow/example_dags/example_latest_only_with_trigger.py for tasks to queue
[2026-08-08T17:43:12.384+0000] {logging_mixin.py:190} INFO - [2026-08-08T17:43:12.384+0000] {dagbag.py:587} INFO - Filling up the DagBag from /home/airflow/.local/lib/python3.12/site-packages/airflow/example_dags/example_latest_only_with_trigger.py
[2026-08-08T17:43:12.397+0000] {processor.py:925} INFO - DAG(s) 'latest_only_with_trigger' retrieved from /home/airflow/.local/lib/python3.12/site-packages/airflow/example_dags/example_latest_only_with_trigger.py
[2026-08-08T17:43:12.429+0000] {logging_mixin.py:190} INFO - [2026-08-08T17:43:12.428+0000] {dag.py:3211} INFO - Sync 1 DAGs
[2026-08-08T17:43:12.477+0000] {logging_mixin.py:190} INFO - [2026-08-08T17:43:12.477+0000] {dag.py:4138} INFO - Setting next_dagrun for latest_only_with_trigger to 2026-08-08 12:00:00+00:00, run_after=2026-08-08 16:00:00+00:00
[2026-08-08T17:43:12.515+0000] {processor.py:208} INFO - Processing /home/airflow/.local/lib/python3.12/site-packages/airflow/example_dags/example_latest_only_with_trigger.py took 0.148 seconds
[2026-08-08T17:43:43.847+0000] {processor.py:186} INFO - Started process (PID=243) to work on /home/airflow/.local/lib/python3.12/site-packages/airflow/example_dags/example_latest_only_with_trigger.py
[2026-08-08T17:43:43.848+0000] {processor.py:914} INFO - Processing file /home/airflow/.local/lib/python3.12/site-packages/airflow/example_dags/example_latest_only_with_trigger.py for tasks to queue
[2026-08-08T17:43:43.851+0000] {logging_mixin.py:190} INFO - [2026-08-08T17:43:43.850+0000] {dagbag.py:587} INFO - Filling up the DagBag from /home/airflow/.local/lib/python3.12/site-packages/airflow/example_dags/example_latest_only_with_trigger.py
[2026-08-08T17:43:43.861+0000] {processor.py:925} INFO - DAG(s) 'latest_only_with_trigger' retrieved from /home/airflow/.local/lib/python3.12/site-packages/airflow/example_dags/example_latest_only_with_trigger.py
[2026-08-08T17:43:43.889+0000] {logging_mixin.py:190} INFO - [2026-08-08T17:43:43.889+0000] {dag.py:3211} INFO - Sync 1 DAGs
[2026-08-08T17:43:43.914+0000] {logging_mixin.py:190} INFO - [2026-08-08T17:43:43.913+0000] {dag.py:4138} INFO - Setting next_dagrun for latest_only_with_trigger to 2026-08-08 12:00:00+00:00, run_after=2026-08-08 16:00:00+00:00
[2026-08-08T17:43:43.940+0000] {processor.py:208} INFO - Processing /home/airflow/.local/lib/python3.12/site-packages/airflow/example_dags/example_latest_only_with_trigger.py took 0.100 seconds
[2026-08-08T17:44:14.668+0000] {processor.py:186} INFO - Started process (PID=307) to work on /home/airflow/.local/lib/python3.12/site-packages/airflow/example_dags/example_latest_only_with_trigger.py
[2026-08-08T17:44:14.671+0000] {processor.py:914} INFO - Processing file /home/airflow/.local/lib/python3.12/site-packages/airflow/example_dags/example_latest_only_with_trigger.py for tasks to queue
[2026-08-08T17:44:14.675+0000] {logging_mixin.py:190} INFO - [2026-08-08T17:44:14.674+0000] {dagbag.py:587} INFO - Filling up the DagBag from /home/airflow/.local/lib/python3.12/site-packages/airflow/example_dags/example_latest_only_with_trigger.py
[2026-08-08T17:44:14.688+0000] {processor.py:925} INFO - DAG(s) 'latest_only_with_trigger' retrieved from /home/airflow/.local/lib/python3.12/site-packages/airflow/example_dags/example_latest_only_with_trigger.py
[2026-08-08T17:44:14.733+0000] {logging_mixin.py:190} INFO - [2026-08-08T17:44:14.733+0000] {dag.py:3211} INFO - Sync 1 DAGs
[2026-08-08T17:44:14.765+0000] {logging_mixin.py:190} INFO - [2026-08-08T17:44:14.765+0000] {dag.py:4138} INFO - Setting next_dagrun for latest_only_with_trigger to 2026-08-08 12:00:00+00:00, run_after=2026-08-08 16:00:00+00:00
[2026-08-08T17:44:14.801+0000] {processor.py:208} INFO - Processing /home/airflow/.local/lib/python3.12/site-packages/airflow/example_dags/example_latest_only_with_trigger.py took 0.141 seconds
[2026-08-08T17:44:45.131+0000] {processor.py:186} INFO - Started process (PID=369) to work on /home/airflow/.local/lib/python3.12/site-packages/airflow/example_dags/example_latest_only_with_trigger.py
[2026-08-08T17:44:45.132+0000] {processor.py:914} INFO - Processing file /home/airflow/.local/lib/python3.12/site-packages/airflow/example_dags/example_latest_only_with_trigger.py for tasks to queue
[2026-08-08T17:44:45.135+0000] {logging_mixin.py:190} INFO - [2026-08-08T17:44:45.135+0000] {dagbag.py:587} INFO - Filling up the DagBag from /home/airflow/.local/lib/python3.12/site-packages/airflow/example_dags/example_latest_only_with_trigger.py
[2026-08-08T17:44:45.143+0000] {processor.py:925} INFO - DAG(s) 'latest_only_with_trigger' retrieved from /home/airflow/.local/lib/python3.12/site-packages/airflow/example_dags/example_latest_only_with_trigger.py
[2026-08-08T17:44:45.169+0000] {logging_mixin.py:190} INFO - [2026-08-08T17:44:45.169+0000] {dag.py:3211} INFO - Sync 1 DAGs
[2026-08-08T17:44:45.195+0000] {logging_mixin.py:190} INFO - [2026-08-08T17:44:45.195+0000] {dag.py:4138} INFO - Setting next_dagrun for latest_only_with_trigger to 2026-08-08 12:00:00+00:00, run_after=2026-08-08 16:00:00+00:00
[2026-08-08T17:44:45.216+0000] {processor.py:208} INFO - Processing /home/airflow/.local/lib/python3.12/site-packages/airflow/example_dags/example_latest_only_with_trigger.py took 0.092 seconds
[2026-08-08T17:45:15.414+0000] {processor.py:186} INFO - Started process (PID=432) to work on /home/airflow/.local/lib/python3.12/site-packages/airflow/example_dags/example_latest_only_with_trigger.py
[2026-08-08T17:45:15.416+0000] {processor.py:914} INFO - Processing file /home/airflow/.local/lib/python3.12/site-packages/airflow/example_dags/example_latest_only_with_trigger.py for tasks to queue
[2026-08-08T17:45:15.418+0000] {logging_mixin.py:190} INFO - [2026-08-08T17:45:15.417+0000] {dagbag.py:587} INFO - Filling up the DagBag from /home/airflow/.local/lib/python3.12/site-packages/airflow/example_dags/example_latest_only_with_trigger.py
[2026-08-08T17:45:15.427+0000] {processor.py:925} INFO - DAG(s) 'latest_only_with_trigger' retrieved from /home/airflow/.local/lib/python3.12/site-packages/airflow/example_dags/example_latest_only_with_trigger.py
[2026-08-08T17:45:15.448+0000] {logging_mixin.py:190} INFO - [2026-08-08T17:45:15.448+0000] {dag.py:3211} INFO - Sync 1 DAGs
[2026-08-08T17:45:15.466+0000] {logging_mixin.py:190} INFO - [2026-08-08T17:45:15.465+0000] {dag.py:4138} INFO - Setting next_dagrun for latest_only_with_trigger to 2026-08-08 12:00:00+00:00, run_after=2026-08-08 16:00:00+00:00
[2026-08-08T17:45:15.485+0000] {processor.py:208} INFO - Processing /home/airflow/.local/lib/python3.12/site-packages/airflow/example_dags/example_latest_only_with_trigger.py took 0.076 seconds
[2026-08-08T17:45:45.719+0000] {processor.py:186} INFO - Started process (PID=495) to work on /home/airflow/.local/lib/python3.12/site-packages/airflow/example_dags/example_latest_only_with_trigger.py
[2026-08-08T17:45:45.721+0000] {processor.py:914} INFO - Processing file /home/airflow/.local/lib/python3.12/site-packages/airflow/example_dags/example_latest_only_with_trigger.py for tasks to queue
[2026-08-08T17:45:45.724+0000] {logging_mixin.py:190} INFO - [2026-08-08T17:45:45.724+0000] {dagbag.py:587} INFO - Filling up the DagBag from /home/airflow/.local/lib/python3.12/site-packages/airflow/example_dags/example_latest_only_with_trigger.py
[2026-08-08T17:45:45.733+0000] {processor.py:925} INFO - DAG(s) 'latest_only_with_trigger' retrieved from /home/airflow/.local/lib/python3.12/site-packages/airflow/example_dags/example_latest_only_with_trigger.py
[2026-08-08T17:45:45.756+0000] {logging_mixin.py:190} INFO - [2026-08-08T17:45:45.755+0000] {dag.py:3211} INFO - Sync 1 DAGs
[2026-08-08T17:45:45.776+0000] {logging_mixin.py:190} INFO - [2026-08-08T17:45:45.776+0000] {dag.py:4138} INFO - Setting next_dagrun for latest_only_with_trigger to 2026-08-08 12:00:00+00:00, run_after=2026-08-08 16:00:00+00:00
[2026-08-08T17:45:45.798+0000] {processor.py:208} INFO - Processing /home/airflow/.local/lib/python3.12/site-packages/airflow/example_dags/example_latest_only_with_trigger.py took 0.085 seconds
[2026-08-08T17:47:15.998+0000] {processor.py:186} INFO - Started process (PID=118) to work on /home/airflow/.local/lib/python3.12/site-packages/airflow/example_dags/example_latest_only_with_trigger.py
[2026-08-08T17:47:16.000+0000] {processor.py:914} INFO - Processing file /home/airflow/.local/lib/python3.12/site-packages/airflow/example_dags/example_latest_only_with_trigger.py for tasks to queue
[2026-08-08T17:47:16.004+0000] {logging_mixin.py:190} INFO - [2026-08-08T17:47:16.003+0000] {dagbag.py:587} INFO - Filling up the DagBag from /home/airflow/.local/lib/python3.12/site-packages/airflow/example_dags/example_latest_only_with_trigger.py
[2026-08-08T17:47:16.021+0000] {processor.py:925} INFO - DAG(s) 'latest_only_with_trigger' retrieved from /home/airflow/.local/lib/python3.12/site-packages/airflow/example_dags/example_latest_only_with_trigger.py
[2026-08-08T17:47:16.057+0000] {logging_mixin.py:190} INFO - [2026-08-08T17:47:16.056+0000] {dag.py:3211} INFO - Sync 1 DAGs
[2026-08-08T17:47:16.098+0000] {logging_mixin.py:190} INFO - [2026-08-08T17:47:16.098+0000] {dag.py:4138} INFO - Setting next_dagrun for latest_only_with_trigger to 2026-08-08 12:00:00+00:00, run_after=2026-08-08 16:00:00+00:00
[2026-08-08T17:47:16.128+0000] {processor.py:208} INFO - Processing /home/airflow/.local/lib/python3.12/site-packages/airflow/example_dags/example_latest_only_with_trigger.py took 0.142 seconds
[2026-08-08T17:47:46.675+0000] {processor.py:186} INFO - Started process (PID=181) to work on /home/airflow/.local/lib/python3.12/site-packages/airflow/example_dags/example_latest_only_with_trigger.py
[2026-08-08T17:47:46.677+0000] {processor.py:914} INFO - Processing file /home/airflow/.local/lib/python3.12/site-packages/airflow/example_dags/example_latest_only_with_trigger.py for tasks to queue
[2026-08-08T17:47:46.682+0000] {logging_mixin.py:190} INFO - [2026-08-08T17:47:46.682+0000] {dagbag.py:587} INFO - Filling up the DagBag from /home/airflow/.local/lib/python3.12/site-packages/airflow/example_dags/example_latest_only_with_trigger.py
[2026-08-08T17:47:46.697+0000] {processor.py:925} INFO - DAG(s) 'latest_only_with_trigger' retrieved from /home/airflow/.local/lib/python3.12/site-packages/airflow/example_dags/example_latest_only_with_trigger.py
[2026-08-08T17:47:46.732+0000] {logging_mixin.py:190} INFO - [2026-08-08T17:47:46.731+0000] {dag.py:3211} INFO - Sync 1 DAGs
[2026-08-08T17:47:46.760+0000] {logging_mixin.py:190} INFO - [2026-08-08T17:47:46.759+0000] {dag.py:4138} INFO - Setting next_dagrun for latest_only_with_trigger to 2026-08-08 12:00:00+00:00, run_after=2026-08-08 16:00:00+00:00
[2026-08-08T17:47:46.783+0000] {processor.py:208} INFO - Processing /home/airflow/.local/lib/python3.12/site-packages/airflow/example_dags/example_latest_only_with_trigger.py took 0.120 seconds
[2026-08-08T17:48:17.991+0000] {processor.py:186} INFO - Started process (PID=250) to work on /home/airflow/.local/lib/python3.12/site-packages/airflow/example_dags/example_latest_only_with_trigger.py
[2026-08-08T17:48:17.993+0000] {processor.py:914} INFO - Processing file /home/airflow/.local/lib/python3.12/site-packages/airflow/example_dags/example_latest_only_with_trigger.py for tasks to queue
[2026-08-08T17:48:17.996+0000] {logging_mixin.py:190} INFO - [2026-08-08T17:48:17.995+0000] {dagbag.py:587} INFO - Filling up the DagBag from /home/airflow/.local/lib/python3.12/site-packages/airflow/example_dags/example_latest_only_with_trigger.py
[2026-08-08T17:48:18.003+0000] {processor.py:925} INFO - DAG(s) 'latest_only_with_trigger' retrieved from /home/airflow/.local/lib/python3.12/site-packages/airflow/example_dags/example_latest_only_with_trigger.py
[2026-08-08T17:48:18.023+0000] {logging_mixin.py:190} INFO - [2026-08-08T17:48:18.022+0000] {dag.py:3211} INFO - Sync 1 DAGs
[2026-08-08T17:48:18.043+0000] {logging_mixin.py:190} INFO - [2026-08-08T17:48:18.043+0000] {dag.py:4138} INFO - Setting next_dagrun for latest_only_with_trigger to 2026-08-08 12:00:00+00:00, run_after=2026-08-08 16:00:00+00:00
[2026-08-08T17:48:18.063+0000] {processor.py:208} INFO - Processing /home/airflow/.local/lib/python3.12/site-packages/airflow/example_dags/example_latest_only_with_trigger.py took 0.078 seconds
[2026-08-08T17:48:48.661+0000] {processor.py:186} INFO - Started process (PID=313) to work on /home/airflow/.local/lib/python3.12/site-packages/airflow/example_dags/example_latest_only_with_trigger.py
[2026-08-08T17:48:48.663+0000] {processor.py:914} INFO - Processing file /home/airflow/.local/lib/python3.12/site-packages/airflow/example_dags/example_latest_only_with_trigger.py for tasks to queue
[2026-08-08T17:48:48.666+0000] {logging_mixin.py:190} INFO - [2026-08-08T17:48:48.666+0000] {dagbag.py:587} INFO - Filling up the DagBag from /home/airflow/.local/lib/python3.12/site-packages/airflow/example_dags/example_latest_only_with_trigger.py
[2026-08-08T17:48:48.676+0000] {processor.py:925} INFO - DAG(s) 'latest_only_with_trigger' retrieved from /home/airflow/.local/lib/python3.12/site-packages/airflow/example_dags/example_latest_only_with_trigger.py
[2026-08-08T17:48:48.709+0000] {logging_mixin.py:190} INFO - [2026-08-08T17:48:48.708+0000] {dag.py:3211} INFO - Sync 1 DAGs
[2026-08-08T17:48:48.751+0000] {logging_mixin.py:190} INFO - [2026-08-08T17:48:48.751+0000] {dag.py:4138} INFO - Setting next_dagrun for latest_only_with_trigger to 2026-08-08 12:00:00+00:00, run_after=2026-08-08 16:00:00+00:00
[2026-08-08T17:48:48.784+0000] {processor.py:208} INFO - Processing /home/airflow/.local/lib/python3.12/site-packages/airflow/example_dags/example_latest_only_with_trigger.py took 0.130 seconds
[2026-08-08T17:52:40.202+0000] {processor.py:186} INFO - Started process (PID=117) to work on /home/airflow/.local/lib/python3.12/site-packages/airflow/example_dags/example_latest_only_with_trigger.py
[2026-08-08T17:52:40.206+0000] {processor.py:914} INFO - Processing file /home/airflow/.local/lib/python3.12/site-packages/airflow/example_dags/example_latest_only_with_trigger.py for tasks to queue
[2026-08-08T17:52:40.211+0000] {logging_mixin.py:190} INFO - [2026-08-08T17:52:40.210+0000] {dagbag.py:587} INFO - Filling up the DagBag from /home/airflow/.local/lib/python3.12/site-packages/airflow/example_dags/example_latest_only_with_trigger.py
[2026-08-08T17:52:40.228+0000] {processor.py:925} INFO - DAG(s) 'latest_only_with_trigger' retrieved from /home/airflow/.local/lib/python3.12/site-packages/airflow/example_dags/example_latest_only_with_trigger.py
[2026-08-08T17:52:40.276+0000] {logging_mixin.py:190} INFO - [2026-08-08T17:52:40.275+0000] {dag.py:3211} INFO - Sync 1 DAGs
[2026-08-08T17:52:40.318+0000] {logging_mixin.py:190} INFO - [2026-08-08T17:52:40.318+0000] {dag.py:4138} INFO - Setting next_dagrun for latest_only_with_trigger to 2026-08-08 12:00:00+00:00, run_after=2026-08-08 16:00:00+00:00
[2026-08-08T17:52:40.370+0000] {processor.py:208} INFO - Processing /home/airflow/.local/lib/python3.12/site-packages/airflow/example_dags/example_latest_only_with_trigger.py took 0.180 seconds
[2026-08-08T17:53:10.879+0000] {processor.py:186} INFO - Started process (PID=180) to work on /home/airflow/.local/lib/python3.12/site-packages/airflow/example_dags/example_latest_only_with_trigger.py
[2026-08-08T17:53:10.881+0000] {processor.py:914} INFO - Processing file /home/airflow/.local/lib/python3.12/site-packages/airflow/example_dags/example_latest_only_with_trigger.py for tasks to queue
[2026-08-08T17:53:10.884+0000] {logging_mixin.py:190} INFO - [2026-08-08T17:53:10.884+0000] {dagbag.py:587} INFO - Filling up the DagBag from /home/airflow/.local/lib/python3.12/site-packages/airflow/example_dags/example_latest_only_with_trigger.py
[2026-08-08T17:53:10.892+0000] {processor.py:925} INFO - DAG(s) 'latest_only_with_trigger' retrieved from /home/airflow/.local/lib/python3.12/site-packages/airflow/example_dags/example_latest_only_with_trigger.py
[2026-08-08T17:53:10.911+0000] {logging_mixin.py:190} INFO - [2026-08-08T17:53:10.911+0000] {dag.py:3211} INFO - Sync 1 DAGs
[2026-08-08T17:53:10.931+0000] {logging_mixin.py:190} INFO - [2026-08-08T17:53:10.931+0000] {dag.py:4138} INFO - Setting next_dagrun for latest_only_with_trigger to 2026-08-08 12:00:00+00:00, run_after=2026-08-08 16:00:00+00:00
[2026-08-08T17:53:10.949+0000] {processor.py:208} INFO - Processing /home/airflow/.local/lib/python3.12/site-packages/airflow/example_dags/example_latest_only_with_trigger.py took 0.076 seconds
[2026-08-08T17:53:41.502+0000] {processor.py:186} INFO - Started process (PID=243) to work on /home/airflow/.local/lib/python3.12/site-packages/airflow/example_dags/example_latest_only_with_trigger.py
[2026-08-08T17:53:41.504+0000] {processor.py:914} INFO - Processing file /home/airflow/.local/lib/python3.12/site-packages/airflow/example_dags/example_latest_only_with_trigger.py for tasks to queue
[2026-08-08T17:53:41.506+0000] {logging_mixin.py:190} INFO - [2026-08-08T17:53:41.506+0000] {dagbag.py:587} INFO - Filling up the DagBag from /home/airflow/.local/lib/python3.12/site-packages/airflow/example_dags/example_latest_only_with_trigger.py
[2026-08-08T17:53:41.513+0000] {processor.py:925} INFO - DAG(s) 'latest_only_with_trigger' retrieved from /home/airflow/.local/lib/python3.12/site-packages/airflow/example_dags/example_latest_only_with_trigger.py
[2026-08-08T17:53:41.535+0000] {logging_mixin.py:190} INFO - [2026-08-08T17:53:41.535+0000] {dag.py:3211} INFO - Sync 1 DAGs
[2026-08-08T17:53:41.554+0000] {logging_mixin.py:190} INFO - [2026-08-08T17:53:41.554+0000] {dag.py:4138} INFO - Setting next_dagrun for latest_only_with_trigger to 2026-08-08 12:00:00+00:00, run_after=2026-08-08 16:00:00+00:00
[2026-08-08T17:53:41.571+0000] {processor.py:208} INFO - Processing /home/airflow/.local/lib/python3.12/site-packages/airflow/example_dags/example_latest_only_with_trigger.py took 0.074 seconds
[2026-08-08T17:54:12.001+0000] {processor.py:186} INFO - Started process (PID=306) to work on /home/airflow/.local/lib/python3.12/site-packages/airflow/example_dags/example_latest_only_with_trigger.py
[2026-08-08T17:54:12.004+0000] {processor.py:914} INFO - Processing file /home/airflow/.local/lib/python3.12/site-packages/airflow/example_dags/example_latest_only_with_trigger.py for tasks to queue
[2026-08-08T17:54:12.007+0000] {logging_mixin.py:190} INFO - [2026-08-08T17:54:12.007+0000] {dagbag.py:587} INFO - Filling up the DagBag from /home/airflow/.local/lib/python3.12/site-packages/airflow/example_dags/example_latest_only_with_trigger.py
[2026-08-08T17:54:12.018+0000] {processor.py:925} INFO - DAG(s) 'latest_only_with_trigger' retrieved from /home/airflow/.local/lib/python3.12/site-packages/airflow/example_dags/example_latest_only_with_trigger.py
[2026-08-08T17:54:12.041+0000] {logging_mixin.py:190} INFO - [2026-08-08T17:54:12.041+0000] {dag.py:3211} INFO - Sync 1 DAGs
[2026-08-08T17:54:12.060+0000] {logging_mixin.py:190} INFO - [2026-08-08T17:54:12.060+0000] {dag.py:4138} INFO - Setting next_dagrun for latest_only_with_trigger to 2026-08-08 12:00:00+00:00, run_after=2026-08-08 16:00:00+00:00
[2026-08-08T17:54:12.080+0000] {processor.py:208} INFO - Processing /home/airflow/.local/lib/python3.12/site-packages/airflow/example_dags/example_latest_only_with_trigger.py took 0.083 seconds
[2026-08-08T17:54:42.202+0000] {processor.py:186} INFO - Started process (PID=369) to work on /home/airflow/.local/lib/python3.12/site-packages/airflow/example_dags/example_latest_only_with_trigger.py
[2026-08-08T17:54:42.204+0000] {processor.py:914} INFO - Processing file /home/airflow/.local/lib/python3.12/site-packages/airflow/example_dags/example_latest_only_with_trigger.py for tasks to queue
[2026-08-08T17:54:42.206+0000] {logging_mixin.py:190} INFO - [2026-08-08T17:54:42.206+0000] {dagbag.py:587} INFO - Filling up the DagBag from /home/airflow/.local/lib/python3.12/site-packages/airflow/example_dags/example_latest_only_with_trigger.py
[2026-08-08T17:54:42.213+0000] {processor.py:925} INFO - DAG(s) 'latest_only_with_trigger' retrieved from /home/airflow/.local/lib/python3.12/site-packages/airflow/example_dags/example_latest_only_with_trigger.py
[2026-08-08T17:54:42.233+0000] {logging_mixin.py:190} INFO - [2026-08-08T17:54:42.233+0000] {dag.py:3211} INFO - Sync 1 DAGs
[2026-08-08T17:54:42.252+0000] {logging_mixin.py:190} INFO - [2026-08-08T17:54:42.252+0000] {dag.py:4138} INFO - Setting next_dagrun for latest_only_with_trigger to 2026-08-08 12:00:00+00:00, run_after=2026-08-08 16:00:00+00:00
[2026-08-08T17:54:42.268+0000] {processor.py:208} INFO - Processing /home/airflow/.local/lib/python3.12/site-packages/airflow/example_dags/example_latest_only_with_trigger.py took 0.072 seconds
[2026-08-08T17:55:12.408+0000] {processor.py:186} INFO - Started process (PID=433) to work on /home/airflow/.local/lib/python3.12/site-packages/airflow/example_dags/example_latest_only_with_trigger.py
[2026-08-08T17:55:12.409+0000] {processor.py:914} INFO - Processing file /home/airflow/.local/lib/python3.12/site-packages/airflow/example_dags/example_latest_only_with_trigger.py for tasks to queue
[2026-08-08T17:55:12.413+0000] {logging_mixin.py:190} INFO - [2026-08-08T17:55:12.413+0000] {dagbag.py:587} INFO - Filling up the DagBag from /home/airflow/.local/lib/python3.12/site-packages/airflow/example_dags/example_latest_only_with_trigger.py
[2026-08-08T17:55:12.423+0000] {processor.py:925} INFO - DAG(s) 'latest_only_with_trigger' retrieved from /home/airflow/.local/lib/python3.12/site-packages/airflow/example_dags/example_latest_only_with_trigger.py
[2026-08-08T17:55:12.449+0000] {logging_mixin.py:190} INFO - [2026-08-08T17:55:12.449+0000] {dag.py:3211} INFO - Sync 1 DAGs
[2026-08-08T17:55:12.473+0000] {logging_mixin.py:190} INFO - [2026-08-08T17:55:12.473+0000] {dag.py:4138} INFO - Setting next_dagrun for latest_only_with_trigger to 2026-08-08 12:00:00+00:00, run_after=2026-08-08 16:00:00+00:00
[2026-08-08T17:55:12.501+0000] {processor.py:208} INFO - Processing /home/airflow/.local/lib/python3.12/site-packages/airflow/example_dags/example_latest_only_with_trigger.py took 0.100 seconds
[2026-08-08T17:55:42.899+0000] {processor.py:186} INFO - Started process (PID=495) to work on /home/airflow/.local/lib/python3.12/site-packages/airflow/example_dags/example_latest_only_with_trigger.py
[2026-08-08T17:55:42.900+0000] {processor.py:914} INFO - Processing file /home/airflow/.local/lib/python3.12/site-packages/airflow/example_dags/example_latest_only_with_trigger.py for tasks to queue
[2026-08-08T17:55:42.903+0000] {logging_mixin.py:190} INFO - [2026-08-08T17:55:42.903+0000] {dagbag.py:587} INFO - Filling up the DagBag from /home/airflow/.local/lib/python3.12/site-packages/airflow/example_dags/example_latest_only_with_trigger.py
[2026-08-08T17:55:42.912+0000] {processor.py:925} INFO - DAG(s) 'latest_only_with_trigger' retrieved from /home/airflow/.local/lib/python3.12/site-packages/airflow/example_dags/example_latest_only_with_trigger.py
[2026-08-08T17:55:42.931+0000] {logging_mixin.py:190} INFO - [2026-08-08T17:55:42.931+0000] {dag.py:3211} INFO - Sync 1 DAGs
[2026-08-08T17:55:42.953+0000] {logging_mixin.py:190} INFO - [2026-08-08T17:55:42.952+0000] {dag.py:4138} INFO - Setting next_dagrun for latest_only_with_trigger to 2026-08-08 12:00:00+00:00, run_after=2026-08-08 16:00:00+00:00
[2026-08-08T17:55:42.970+0000] {processor.py:208} INFO - Processing /home/airflow/.local/lib/python3.12/site-packages/airflow/example_dags/example_latest_only_with_trigger.py took 0.076 seconds
[2026-08-08T17:56:13.513+0000] {processor.py:186} INFO - Started process (PID=558) to work on /home/airflow/.local/lib/python3.12/site-packages/airflow/example_dags/example_latest_only_with_trigger.py
[2026-08-08T17:56:13.515+0000] {processor.py:914} INFO - Processing file /home/airflow/.local/lib/python3.12/site-packages/airflow/example_dags/example_latest_only_with_trigger.py for tasks to queue
[2026-08-08T17:56:13.518+0000] {logging_mixin.py:190} INFO - [2026-08-08T17:56:13.518+0000] {dagbag.py:587} INFO - Filling up the DagBag from /home/airflow/.local/lib/python3.12/site-packages/airflow/example_dags/example_latest_only_with_trigger.py
[2026-08-08T17:56:13.529+0000] {processor.py:925} INFO - DAG(s) 'latest_only_with_trigger' retrieved from /home/airflow/.local/lib/python3.12/site-packages/airflow/example_dags/example_latest_only_with_trigger.py
[2026-08-08T17:56:13.553+0000] {logging_mixin.py:190} INFO - [2026-08-08T17:56:13.552+0000] {dag.py:3211} INFO - Sync 1 DAGs
[2026-08-08T17:56:13.576+0000] {logging_mixin.py:190} INFO - [2026-08-08T17:56:13.576+0000] {dag.py:4138} INFO - Setting next_dagrun for latest_only_with_trigger to 2026-08-08 12:00:00+00:00, run_after=2026-08-08 16:00:00+00:00
[2026-08-08T17:56:13.602+0000] {processor.py:208} INFO - Processing /home/airflow/.local/lib/python3.12/site-packages/airflow/example_dags/example_latest_only_with_trigger.py took 0.096 seconds
[2026-08-08T17:56:43.940+0000] {processor.py:186} INFO - Started process (PID=621) to work on /home/airflow/.local/lib/python3.12/site-packages/airflow/example_dags/example_latest_only_with_trigger.py
[2026-08-08T17:56:43.941+0000] {processor.py:914} INFO - Processing file /home/airflow/.local/lib/python3.12/site-packages/airflow/example_dags/example_latest_only_with_trigger.py for tasks to queue
[2026-08-08T17:56:43.944+0000] {logging_mixin.py:190} INFO - [2026-08-08T17:56:43.944+0000] {dagbag.py:587} INFO - Filling up the DagBag from /home/airflow/.local/lib/python3.12/site-packages/airflow/example_dags/example_latest_only_with_trigger.py
[2026-08-08T17:56:43.951+0000] {processor.py:925} INFO - DAG(s) 'latest_only_with_trigger' retrieved from /home/airflow/.local/lib/python3.12/site-packages/airflow/example_dags/example_latest_only_with_trigger.py
[2026-08-08T17:56:43.969+0000] {logging_mixin.py:190} INFO - [2026-08-08T17:56:43.968+0000] {dag.py:3211} INFO - Sync 1 DAGs
[2026-08-08T17:56:43.988+0000] {logging_mixin.py:190} INFO - [2026-08-08T17:56:43.987+0000] {dag.py:4138} INFO - Setting next_dagrun for latest_only_with_trigger to 2026-08-08 12:00:00+00:00, run_after=2026-08-08 16:00:00+00:00
[2026-08-08T17:56:44.005+0000] {processor.py:208} INFO - Processing /home/airflow/.local/lib/python3.12/site-packages/airflow/example_dags/example_latest_only_with_trigger.py took 0.072 seconds
[2026-08-08T17:57:14.656+0000] {processor.py:186} INFO - Started process (PID=684) to work on /home/airflow/.local/lib/python3.12/site-packages/airflow/example_dags/example_latest_only_with_trigger.py
[2026-08-08T17:57:14.658+0000] {processor.py:914} INFO - Processing file /home/airflow/.local/lib/python3.12/site-packages/airflow/example_dags/example_latest_only_with_trigger.py for tasks to queue
[2026-08-08T17:57:14.660+0000] {logging_mixin.py:190} INFO - [2026-08-08T17:57:14.660+0000] {dagbag.py:587} INFO - Filling up the DagBag from /home/airflow/.local/lib/python3.12/site-packages/airflow/example_dags/example_latest_only_with_trigger.py
[2026-08-08T17:57:14.668+0000] {processor.py:925} INFO - DAG(s) 'latest_only_with_trigger' retrieved from /home/airflow/.local/lib/python3.12/site-packages/airflow/example_dags/example_latest_only_with_trigger.py
[2026-08-08T17:57:14.688+0000] {logging_mixin.py:190} INFO - [2026-08-08T17:57:14.687+0000] {dag.py:3211} INFO - Sync 1 DAGs
[2026-08-08T17:57:14.705+0000] {logging_mixin.py:190} INFO - [2026-08-08T17:57:14.704+0000] {dag.py:4138} INFO - Setting next_dagrun for latest_only_with_trigger to 2026-08-08 12:00:00+00:00, run_after=2026-08-08 16:00:00+00:00
[2026-08-08T17:57:14.722+0000] {processor.py:208} INFO - Processing /home/airflow/.local/lib/python3.12/site-packages/airflow/example_dags/example_latest_only_with_trigger.py took 0.071 seconds
[2026-08-08T18:08:21.985+0000] {processor.py:186} INFO - Started process (PID=747) to work on /home/airflow/.local/lib/python3.12/site-packages/airflow/example_dags/example_latest_only_with_trigger.py
[2026-08-08T18:08:21.988+0000] {processor.py:914} INFO - Processing file /home/airflow/.local/lib/python3.12/site-packages/airflow/example_dags/example_latest_only_with_trigger.py for tasks to queue
[2026-08-08T18:08:21.994+0000] {logging_mixin.py:190} INFO - [2026-08-08T18:08:21.993+0000] {dagbag.py:587} INFO - Filling up the DagBag from /home/airflow/.local/lib/python3.12/site-packages/airflow/example_dags/example_latest_only_with_trigger.py
[2026-08-08T18:08:22.010+0000] {processor.py:925} INFO - DAG(s) 'latest_only_with_trigger' retrieved from /home/airflow/.local/lib/python3.12/site-packages/airflow/example_dags/example_latest_only_with_trigger.py
[2026-08-08T18:08:22.050+0000] {logging_mixin.py:190} INFO - [2026-08-08T18:08:22.050+0000] {dag.py:3211} INFO - Sync 1 DAGs
[2026-08-08T18:08:22.095+0000] {logging_mixin.py:190} INFO - [2026-08-08T18:08:22.094+0000] {dag.py:4138} INFO - Setting next_dagrun for latest_only_with_trigger to 2026-08-08 12:00:00+00:00, run_after=2026-08-08 16:00:00+00:00
[2026-08-08T18:08:22.129+0000] {processor.py:208} INFO - Processing /home/airflow/.local/lib/python3.12/site-packages/airflow/example_dags/example_latest_only_with_trigger.py took 0.157 seconds
[2026-08-08T18:08:52.623+0000] {processor.py:186} INFO - Started process (PID=810) to work on /home/airflow/.local/lib/python3.12/site-packages/airflow/example_dags/example_latest_only_with_trigger.py
[2026-08-08T18:08:52.626+0000] {processor.py:914} INFO - Processing file /home/airflow/.local/lib/python3.12/site-packages/airflow/example_dags/example_latest_only_with_trigger.py for tasks to queue
[2026-08-08T18:08:52.631+0000] {logging_mixin.py:190} INFO - [2026-08-08T18:08:52.631+0000] {dagbag.py:587} INFO - Filling up the DagBag from /home/airflow/.local/lib/python3.12/site-packages/airflow/example_dags/example_latest_only_with_trigger.py
[2026-08-08T18:08:52.644+0000] {processor.py:925} INFO - DAG(s) 'latest_only_with_trigger' retrieved from /home/airflow/.local/lib/python3.12/site-packages/airflow/example_dags/example_latest_only_with_trigger.py
[2026-08-08T18:08:52.680+0000] {logging_mixin.py:190} INFO - [2026-08-08T18:08:52.680+0000] {dag.py:3211} INFO - Sync 1 DAGs
[2026-08-08T18:08:52.715+0000] {logging_mixin.py:190} INFO - [2026-08-08T18:08:52.714+0000] {dag.py:4138} INFO - Setting next_dagrun for latest_only_with_trigger to 2026-08-08 12:00:00+00:00, run_after=2026-08-08 16:00:00+00:00
[2026-08-08T18:08:52.747+0000] {processor.py:208} INFO - Processing /home/airflow/.local/lib/python3.12/site-packages/airflow/example_dags/example_latest_only_with_trigger.py took 0.132 seconds
[2026-08-08T18:09:23.043+0000] {processor.py:186} INFO - Started process (PID=873) to work on /home/airflow/.local/lib/python3.12/site-packages/airflow/example_dags/example_latest_only_with_trigger.py
[2026-08-08T18:09:23.045+0000] {processor.py:914} INFO - Processing file /home/airflow/.local/lib/python3.12/site-packages/airflow/example_dags/example_latest_only_with_trigger.py for tasks to queue
[2026-08-08T18:09:23.049+0000] {logging_mixin.py:190} INFO - [2026-08-08T18:09:23.049+0000] {dagbag.py:587} INFO - Filling up the DagBag from /home/airflow/.local/lib/python3.12/site-packages/airflow/example_dags/example_latest_only_with_trigger.py
[2026-08-08T18:09:23.061+0000] {processor.py:925} INFO - DAG(s) 'latest_only_with_trigger' retrieved from /home/airflow/.local/lib/python3.12/site-packages/airflow/example_dags/example_latest_only_with_trigger.py
[2026-08-08T18:09:23.094+0000] {logging_mixin.py:190} INFO - [2026-08-08T18:09:23.093+0000] {dag.py:3211} INFO - Sync 1 DAGs
[2026-08-08T18:09:23.130+0000] {logging_mixin.py:190} INFO - [2026-08-08T18:09:23.129+0000] {dag.py:4138} INFO - Setting next_dagrun for latest_only_with_trigger to 2026-08-08 12:00:00+00:00, run_after=2026-08-08 16:00:00+00:00
[2026-08-08T18:09:23.160+0000] {processor.py:208} INFO - Processing /home/airflow/.local/lib/python3.12/site-packages/airflow/example_dags/example_latest_only_with_trigger.py took 0.125 seconds
[2026-08-08T18:09:53.335+0000] {processor.py:186} INFO - Started process (PID=936) to work on /home/airflow/.local/lib/python3.12/site-packages/airflow/example_dags/example_latest_only_with_trigger.py
[2026-08-08T18:09:53.338+0000] {processor.py:914} INFO - Processing file /home/airflow/.local/lib/python3.12/site-packages/airflow/example_dags/example_latest_only_with_trigger.py for tasks to queue
[2026-08-08T18:09:53.343+0000] {logging_mixin.py:190} INFO - [2026-08-08T18:09:53.342+0000] {dagbag.py:587} INFO - Filling up the DagBag from /home/airflow/.local/lib/python3.12/site-packages/airflow/example_dags/example_latest_only_with_trigger.py
[2026-08-08T18:09:53.353+0000] {processor.py:925} INFO - DAG(s) 'latest_only_with_trigger' retrieved from /home/airflow/.local/lib/python3.12/site-packages/airflow/example_dags/example_latest_only_with_trigger.py
[2026-08-08T18:09:53.380+0000] {logging_mixin.py:190} INFO - [2026-08-08T18:09:53.380+0000] {dag.py:3211} INFO - Sync 1 DAGs
[2026-08-08T18:09:53.407+0000] {logging_mixin.py:190} INFO - [2026-08-08T18:09:53.406+0000] {dag.py:4138} INFO - Setting next_dagrun for latest_only_with_trigger to 2026-08-08 12:00:00+00:00, run_after=2026-08-08 16:00:00+00:00
[2026-08-08T18:09:53.431+0000] {processor.py:208} INFO - Processing /home/airflow/.local/lib/python3.12/site-packages/airflow/example_dags/example_latest_only_with_trigger.py took 0.103 seconds
[2026-08-08T18:10:24.242+0000] {processor.py:186} INFO - Started process (PID=999) to work on /home/airflow/.local/lib/python3.12/site-packages/airflow/example_dags/example_latest_only_with_trigger.py
[2026-08-08T18:10:24.244+0000] {processor.py:914} INFO - Processing file /home/airflow/.local/lib/python3.12/site-packages/airflow/example_dags/example_latest_only_with_trigger.py for tasks to queue
[2026-08-08T18:10:24.248+0000] {logging_mixin.py:190} INFO - [2026-08-08T18:10:24.247+0000] {dagbag.py:587} INFO - Filling up the DagBag from /home/airflow/.local/lib/python3.12/site-packages/airflow/example_dags/example_latest_only_with_trigger.py
[2026-08-08T18:10:24.259+0000] {processor.py:925} INFO - DAG(s) 'latest_only_with_trigger' retrieved from /home/airflow/.local/lib/python3.12/site-packages/airflow/example_dags/example_latest_only_with_trigger.py
[2026-08-08T18:10:24.288+0000] {logging_mixin.py:190} INFO - [2026-08-08T18:10:24.287+0000] {dag.py:3211} INFO - Sync 1 DAGs
[2026-08-08T18:10:24.318+0000] {logging_mixin.py:190} INFO - [2026-08-08T18:10:24.318+0000] {dag.py:4138} INFO - Setting next_dagrun for latest_only_with_trigger to 2026-08-08 12:00:00+00:00, run_after=2026-08-08 16:00:00+00:00
[2026-08-08T18:10:24.346+0000] {processor.py:208} INFO - Processing /home/airflow/.local/lib/python3.12/site-packages/airflow/example_dags/example_latest_only_with_trigger.py took 0.114 seconds
[2026-08-08T18:10:54.847+0000] {processor.py:186} INFO - Started process (PID=1062) to work on /home/airflow/.local/lib/python3.12/site-packages/airflow/example_dags/example_latest_only_with_trigger.py
[2026-08-08T18:10:54.849+0000] {processor.py:914} INFO - Processing file /home/airflow/.local/lib/python3.12/site-packages/airflow/example_dags/example_latest_only_with_trigger.py for tasks to queue
[2026-08-08T18:10:54.852+0000] {logging_mixin.py:190} INFO - [2026-08-08T18:10:54.851+0000] {dagbag.py:587} INFO - Filling up the DagBag from /home/airflow/.local/lib/python3.12/site-packages/airflow/example_dags/example_latest_only_with_trigger.py
[2026-08-08T18:10:54.861+0000] {processor.py:925} INFO - DAG(s) 'latest_only_with_trigger' retrieved from /home/airflow/.local/lib/python3.12/site-packages/airflow/example_dags/example_latest_only_with_trigger.py
[2026-08-08T18:10:54.889+0000] {logging_mixin.py:190} INFO - [2026-08-08T18:10:54.888+0000] {dag.py:3211} INFO - Sync 1 DAGs
[2026-08-08T18:10:54.919+0000] {logging_mixin.py:190} INFO - [2026-08-08T18:10:54.918+0000] {dag.py:4138} INFO - Setting next_dagrun for latest_only_with_trigger to 2026-08-08 12:00:00+00:00, run_after=2026-08-08 16:00:00+00:00
[2026-08-08T18:10:54.945+0000] {processor.py:208} INFO - Processing /home/airflow/.local/lib/python3.12/site-packages/airflow/example_dags/example_latest_only_with_trigger.py took 0.104 seconds
[2026-08-08T18:11:25.419+0000] {processor.py:186} INFO - Started process (PID=1125) to work on /home/airflow/.local/lib/python3.12/site-packages/airflow/example_dags/example_latest_only_with_trigger.py
[2026-08-08T18:11:25.421+0000] {processor.py:914} INFO - Processing file /home/airflow/.local/lib/python3.12/site-packages/airflow/example_dags/example_latest_only_with_trigger.py for tasks to queue
[2026-08-08T18:11:25.424+0000] {logging_mixin.py:190} INFO - [2026-08-08T18:11:25.423+0000] {dagbag.py:587} INFO - Filling up the DagBag from /home/airflow/.local/lib/python3.12/site-packages/airflow/example_dags/example_latest_only_with_trigger.py
[2026-08-08T18:11:25.431+0000] {processor.py:925} INFO - DAG(s) 'latest_only_with_trigger' retrieved from /home/airflow/.local/lib/python3.12/site-packages/airflow/example_dags/example_latest_only_with_trigger.py
[2026-08-08T18:11:25.451+0000] {logging_mixin.py:190} INFO - [2026-08-08T18:11:25.451+0000] {dag.py:3211} INFO - Sync 1 DAGs
[2026-08-08T18:11:25.473+0000] {logging_mixin.py:190} INFO - [2026-08-08T18:11:25.472+0000] {dag.py:4138} INFO - Setting next_dagrun for latest_only_with_trigger to 2026-08-08 12:00:00+00:00, run_after=2026-08-08 16:00:00+00:00
[2026-08-08T18:11:25.491+0000] {processor.py:208} INFO - Processing /home/airflow/.local/lib/python3.12/site-packages/airflow/example_dags/example_latest_only_with_trigger.py took 0.078 seconds
[2026-08-08T18:11:55.762+0000] {processor.py:186} INFO - Started process (PID=1188) to work on /home/airflow/.local/lib/python3.12/site-packages/airflow/example_dags/example_latest_only_with_trigger.py
[2026-08-08T18:11:55.764+0000] {processor.py:914} INFO - Processing file /home/airflow/.local/lib/python3.12/site-packages/airflow/example_dags/example_latest_only_with_trigger.py for tasks to queue
[2026-08-08T18:11:55.767+0000] {logging_mixin.py:190} INFO - [2026-08-08T18:11:55.766+0000] {dagbag.py:587} INFO - Filling up the DagBag from /home/airflow/.local/lib/python3.12/site-packages/airflow/example_dags/example_latest_only_with_trigger.py
[2026-08-08T18:11:55.777+0000] {processor.py:925} INFO - DAG(s) 'latest_only_with_trigger' retrieved from /home/airflow/.local/lib/python3.12/site-packages/airflow/example_dags/example_latest_only_with_trigger.py
[2026-08-08T18:11:55.803+0000] {logging_mixin.py:190} INFO - [2026-08-08T18:11:55.803+0000] {dag.py:3211} INFO - Sync 1 DAGs
[2026-08-08T18:11:55.834+0000] {logging_mixin.py:190} INFO - [2026-08-08T18:11:55.834+0000] {dag.py:4138} INFO - Setting next_dagrun for latest_only_with_trigger to 2026-08-08 12:00:00+00:00, run_after=2026-08-08 16:00:00+00:00
[2026-08-08T18:11:55.859+0000] {processor.py:208} INFO - Processing /home/airflow/.local/lib/python3.12/site-packages/airflow/example_dags/example_latest_only_with_trigger.py took 0.103 seconds
[2026-08-08T18:13:10.170+0000] {processor.py:186} INFO - Started process (PID=123) to work on /home/airflow/.local/lib/python3.12/site-packages/airflow/example_dags/example_latest_only_with_trigger.py
[2026-08-08T18:13:10.172+0000] {processor.py:914} INFO - Processing file /home/airflow/.local/lib/python3.12/site-packages/airflow/example_dags/example_latest_only_with_trigger.py for tasks to queue
[2026-08-08T18:13:10.175+0000] {logging_mixin.py:190} INFO - [2026-08-08T18:13:10.174+0000] {dagbag.py:587} INFO - Filling up the DagBag from /home/airflow/.local/lib/python3.12/site-packages/airflow/example_dags/example_latest_only_with_trigger.py
[2026-08-08T18:13:10.187+0000] {processor.py:925} INFO - DAG(s) 'latest_only_with_trigger' retrieved from /home/airflow/.local/lib/python3.12/site-packages/airflow/example_dags/example_latest_only_with_trigger.py
[2026-08-08T18:13:10.209+0000] {logging_mixin.py:190} INFO - [2026-08-08T18:13:10.209+0000] {dag.py:3211} INFO - Sync 1 DAGs
[2026-08-08T18:13:10.236+0000] {logging_mixin.py:190} INFO - [2026-08-08T18:13:10.235+0000] {dag.py:4138} INFO - Setting next_dagrun for latest_only_with_trigger to 2026-08-08 12:00:00+00:00, run_after=2026-08-08 16:00:00+00:00
[2026-08-08T18:13:10.274+0000] {processor.py:208} INFO - Processing /home/airflow/.local/lib/python3.12/site-packages/airflow/example_dags/example_latest_only_with_trigger.py took 0.111 seconds
[2026-08-08T18:13:40.718+0000] {processor.py:186} INFO - Started process (PID=186) to work on /home/airflow/.local/lib/python3.12/site-packages/airflow/example_dags/example_latest_only_with_trigger.py
[2026-08-08T18:13:40.720+0000] {processor.py:914} INFO - Processing file /home/airflow/.local/lib/python3.12/site-packages/airflow/example_dags/example_latest_only_with_trigger.py for tasks to queue
[2026-08-08T18:13:40.723+0000] {logging_mixin.py:190} INFO - [2026-08-08T18:13:40.723+0000] {dagbag.py:587} INFO - Filling up the DagBag from /home/airflow/.local/lib/python3.12/site-packages/airflow/example_dags/example_latest_only_with_trigger.py
[2026-08-08T18:13:40.729+0000] {processor.py:925} INFO - DAG(s) 'latest_only_with_trigger' retrieved from /home/airflow/.local/lib/python3.12/site-packages/airflow/example_dags/example_latest_only_with_trigger.py
[2026-08-08T18:13:40.748+0000] {logging_mixin.py:190} INFO - [2026-08-08T18:13:40.748+0000] {dag.py:3211} INFO - Sync 1 DAGs
[2026-08-08T18:13:40.769+0000] {logging_mixin.py:190} INFO - [2026-08-08T18:13:40.769+0000] {dag.py:4138} INFO - Setting next_dagrun for latest_only_with_trigger to 2026-08-08 12:00:00+00:00, run_after=2026-08-08 16:00:00+00:00
[2026-08-08T18:13:40.790+0000] {processor.py:208} INFO - Processing /home/airflow/.local/lib/python3.12/site-packages/airflow/example_dags/example_latest_only_with_trigger.py took 0.078 seconds
[2026-08-08T18:14:11.220+0000] {processor.py:186} INFO - Started process (PID=249) to work on /home/airflow/.local/lib/python3.12/site-packages/airflow/example_dags/example_latest_only_with_trigger.py
[2026-08-08T18:14:11.222+0000] {processor.py:914} INFO - Processing file /home/airflow/.local/lib/python3.12/site-packages/airflow/example_dags/example_latest_only_with_trigger.py for tasks to queue
[2026-08-08T18:14:11.225+0000] {logging_mixin.py:190} INFO - [2026-08-08T18:14:11.225+0000] {dagbag.py:587} INFO - Filling up the DagBag from /home/airflow/.local/lib/python3.12/site-packages/airflow/example_dags/example_latest_only_with_trigger.py
[2026-08-08T18:14:11.235+0000] {processor.py:925} INFO - DAG(s) 'latest_only_with_trigger' retrieved from /home/airflow/.local/lib/python3.12/site-packages/airflow/example_dags/example_latest_only_with_trigger.py
[2026-08-08T18:14:11.254+0000] {logging_mixin.py:190} INFO - [2026-08-08T18:14:11.254+0000] {dag.py:3211} INFO - Sync 1 DAGs
[2026-08-08T18:14:11.276+0000] {logging_mixin.py:190} INFO - [2026-08-08T18:14:11.276+0000] {dag.py:4138} INFO - Setting next_dagrun for latest_only_with_trigger to 2026-08-08 12:00:00+00:00, run_after=2026-08-08 16:00:00+00:00
[2026-08-08T18:14:11.296+0000] {processor.py:208} INFO - Processing /home/airflow/.local/lib/python3.12/site-packages/airflow/example_dags/example_latest_only_with_trigger.py took 0.081 seconds
[2026-08-08T18:14:41.391+0000] {processor.py:186} INFO - Started process (PID=312) to work on /home/airflow/.local/lib/python3.12/site-packages/airflow/example_dags/example_latest_only_with_trigger.py
[2026-08-08T18:14:41.392+0000] {processor.py:914} INFO - Processing file /home/airflow/.local/lib/python3.12/site-packages/airflow/example_dags/example_latest_only_with_trigger.py for tasks to queue
[2026-08-08T18:14:41.394+0000] {logging_mixin.py:190} INFO - [2026-08-08T18:14:41.394+0000] {dagbag.py:587} INFO - Filling up the DagBag from /home/airflow/.local/lib/python3.12/site-packages/airflow/example_dags/example_latest_only_with_trigger.py
[2026-08-08T18:14:41.400+0000] {processor.py:925} INFO - DAG(s) 'latest_only_with_trigger' retrieved from /home/airflow/.local/lib/python3.12/site-packages/airflow/example_dags/example_latest_only_with_trigger.py
[2026-08-08T18:14:41.420+0000] {logging_mixin.py:190} INFO - [2026-08-08T18:14:41.420+0000] {dag.py:3211} INFO - Sync 1 DAGs
[2026-08-08T18:14:41.443+0000] {logging_mixin.py:190} INFO - [2026-08-08T18:14:41.443+0000] {dag.py:4138} INFO - Setting next_dagrun for latest_only_with_trigger to 2026-08-08 12:00:00+00:00, run_after=2026-08-08 16:00:00+00:00
[2026-08-08T18:14:41.461+0000] {processor.py:208} INFO - Processing /home/airflow/.local/lib/python3.12/site-packages/airflow/example_dags/example_latest_only_with_trigger.py took 0.076 seconds
[2026-08-08T18:15:13.165+0000] {processor.py:186} INFO - Started process (PID=375) to work on /home/airflow/.local/lib/python3.12/site-packages/airflow/example_dags/example_latest_only_with_trigger.py
[2026-08-08T18:15:13.167+0000] {processor.py:914} INFO - Processing file /home/airflow/.local/lib/python3.12/site-packages/airflow/example_dags/example_latest_only_with_trigger.py for tasks to queue
[2026-08-08T18:15:13.170+0000] {logging_mixin.py:190} INFO - [2026-08-08T18:15:13.170+0000] {dagbag.py:587} INFO - Filling up the DagBag from /home/airflow/.local/lib/python3.12/site-packages/airflow/example_dags/example_latest_only_with_trigger.py
[2026-08-08T18:15:13.181+0000] {processor.py:925} INFO - DAG(s) 'latest_only_with_trigger' retrieved from /home/airflow/.local/lib/python3.12/site-packages/airflow/example_dags/example_latest_only_with_trigger.py
[2026-08-08T18:15:13.219+0000] {logging_mixin.py:190} INFO - [2026-08-08T18:15:13.219+0000] {dag.py:3211} INFO - Sync 1 DAGs
[2026-08-08T18:15:13.254+0000] {logging_mixin.py:190} INFO - [2026-08-08T18:15:13.253+0000] {dag.py:4138} INFO - Setting next_dagrun for latest_only_with_trigger to 2026-08-08 12:00:00+00:00, run_after=2026-08-08 16:00:00+00:00
[2026-08-08T18:15:13.289+0000] {processor.py:208} INFO - Processing /home/airflow/.local/lib/python3.12/site-packages/airflow/example_dags/example_latest_only_with_trigger.py took 0.134 seconds
[2026-08-08T18:15:43.961+0000] {processor.py:186} INFO - Started process (PID=438) to work on /home/airflow/.local/lib/python3.12/site-packages/airflow/example_dags/example_latest_only_with_trigger.py
[2026-08-08T18:15:43.963+0000] {processor.py:914} INFO - Processing file /home/airflow/.local/lib/python3.12/site-packages/airflow/example_dags/example_latest_only_with_trigger.py for tasks to queue
[2026-08-08T18:15:43.966+0000] {logging_mixin.py:190} INFO - [2026-08-08T18:15:43.966+0000] {dagbag.py:587} INFO - Filling up the DagBag from /home/airflow/.local/lib/python3.12/site-packages/airflow/example_dags/example_latest_only_with_trigger.py
[2026-08-08T18:15:43.973+0000] {processor.py:925} INFO - DAG(s) 'latest_only_with_trigger' retrieved from /home/airflow/.local/lib/python3.12/site-packages/airflow/example_dags/example_latest_only_with_trigger.py
[2026-08-08T18:15:44.000+0000] {logging_mixin.py:190} INFO - [2026-08-08T18:15:43.999+0000] {dag.py:3211} INFO - Sync 1 DAGs
[2026-08-08T18:15:44.023+0000] {logging_mixin.py:190} INFO - [2026-08-08T18:15:44.023+0000] {dag.py:4138} INFO - Setting next_dagrun for latest_only_with_trigger to 2026-08-08 12:00:00+00:00, run_after=2026-08-08 16:00:00+00:00
[2026-08-08T18:15:44.047+0000] {processor.py:208} INFO - Processing /home/airflow/.local/lib/python3.12/site-packages/airflow/example_dags/example_latest_only_with_trigger.py took 0.093 seconds
[2026-08-08T18:17:14.729+0000] {processor.py:186} INFO - Started process (PID=136) to work on /home/airflow/.local/lib/python3.12/site-packages/airflow/example_dags/example_latest_only_with_trigger.py
[2026-08-08T18:17:14.731+0000] {processor.py:914} INFO - Processing file /home/airflow/.local/lib/python3.12/site-packages/airflow/example_dags/example_latest_only_with_trigger.py for tasks to queue
[2026-08-08T18:17:14.734+0000] {logging_mixin.py:190} INFO - [2026-08-08T18:17:14.734+0000] {dagbag.py:587} INFO - Filling up the DagBag from /home/airflow/.local/lib/python3.12/site-packages/airflow/example_dags/example_latest_only_with_trigger.py
[2026-08-08T18:17:14.747+0000] {processor.py:925} INFO - DAG(s) 'latest_only_with_trigger' retrieved from /home/airflow/.local/lib/python3.12/site-packages/airflow/example_dags/example_latest_only_with_trigger.py
[2026-08-08T18:17:14.776+0000] {logging_mixin.py:190} INFO - [2026-08-08T18:17:14.776+0000] {dag.py:3211} INFO - Sync 1 DAGs
[2026-08-08T18:17:14.810+0000] {logging_mixin.py:190} INFO - [2026-08-08T18:17:14.809+0000] {dag.py:4138} INFO - Setting next_dagrun for latest_only_with_trigger to 2026-08-08 12:00:00+00:00, run_after=2026-08-08 16:00:00+00:00
[2026-08-08T18:17:14.841+0000] {processor.py:208} INFO - Processing /home/airflow/.local/lib/python3.12/site-packages/airflow/example_dags/example_latest_only_with_trigger.py took 0.120 seconds
[2026-08-08T18:17:45.067+0000] {processor.py:186} INFO - Started process (PID=199) to work on /home/airflow/.local/lib/python3.12/site-packages/airflow/example_dags/example_latest_only_with_trigger.py
[2026-08-08T18:17:45.069+0000] {processor.py:914} INFO - Processing file /home/airflow/.local/lib/python3.12/site-packages/airflow/example_dags/example_latest_only_with_trigger.py for tasks to queue
[2026-08-08T18:17:45.071+0000] {logging_mixin.py:190} INFO - [2026-08-08T18:17:45.071+0000] {dagbag.py:587} INFO - Filling up the DagBag from /home/airflow/.local/lib/python3.12/site-packages/airflow/example_dags/example_latest_only_with_trigger.py
[2026-08-08T18:17:45.080+0000] {processor.py:925} INFO - DAG(s) 'latest_only_with_trigger' retrieved from /home/airflow/.local/lib/python3.12/site-packages/airflow/example_dags/example_latest_only_with_trigger.py
[2026-08-08T18:17:45.106+0000] {logging_mixin.py:190} INFO - [2026-08-08T18:17:45.106+0000] {dag.py:3211} INFO - Sync 1 DAGs
[2026-08-08T18:17:45.131+0000] {logging_mixin.py:190} INFO - [2026-08-08T18:17:45.131+0000] {dag.py:4138} INFO - Setting next_dagrun for latest_only_with_trigger to 2026-08-08 12:00:00+00:00, run_after=2026-08-08 16:00:00+00:00
[2026-08-08T18:17:45.152+0000] {processor.py:208} INFO - Processing /home/airflow/.local/lib/python3.12/site-packages/airflow/example_dags/example_latest_only_with_trigger.py took 0.092 seconds
[2026-08-08T18:18:15.933+0000] {processor.py:186} INFO - Started process (PID=262) to work on /home/airflow/.local/lib/python3.12/site-packages/airflow/example_dags/example_latest_only_with_trigger.py
[2026-08-08T18:18:15.935+0000] {processor.py:914} INFO - Processing file /home/airflow/.local/lib/python3.12/site-packages/airflow/example_dags/example_latest_only_with_trigger.py for tasks to queue
[2026-08-08T18:18:15.938+0000] {logging_mixin.py:190} INFO - [2026-08-08T18:18:15.938+0000] {dagbag.py:587} INFO - Filling up the DagBag from /home/airflow/.local/lib/python3.12/site-packages/airflow/example_dags/example_latest_only_with_trigger.py
[2026-08-08T18:18:15.948+0000] {processor.py:925} INFO - DAG(s) 'latest_only_with_trigger' retrieved from /home/airflow/.local/lib/python3.12/site-packages/airflow/example_dags/example_latest_only_with_trigger.py
[2026-08-08T18:18:15.974+0000] {logging_mixin.py:190} INFO - [2026-08-08T18:18:15.974+0000] {dag.py:3211} INFO - Sync 1 DAGs
[2026-08-08T18:18:16.009+0000] {logging_mixin.py:190} INFO - [2026-08-08T18:18:16.009+0000] {dag.py:4138} INFO - Setting next_dagrun for latest_only_with_trigger to 2026-08-08 12:00:00+00:00, run_after=2026-08-08 16:00:00+00:00
[2026-08-08T18:18:16.030+0000] {processor.py:208} INFO - Processing /home/airflow/.local/lib/python3.12/site-packages/airflow/example_dags/example_latest_only_with_trigger.py took 0.105 seconds
[2026-08-08T18:18:46.344+0000] {processor.py:186} INFO - Started process (PID=325) to work on /home/airflow/.local/lib/python3.12/site-packages/airflow/example_dags/example_latest_only_with_trigger.py
[2026-08-08T18:18:46.346+0000] {processor.py:914} INFO - Processing file /home/airflow/.local/lib/python3.12/site-packages/airflow/example_dags/example_latest_only_with_trigger.py for tasks to queue
[2026-08-08T18:18:46.351+0000] {logging_mixin.py:190} INFO - [2026-08-08T18:18:46.350+0000] {dagbag.py:587} INFO - Filling up the DagBag from /home/airflow/.local/lib/python3.12/site-packages/airflow/example_dags/example_latest_only_with_trigger.py
[2026-08-08T18:18:46.362+0000] {processor.py:925} INFO - DAG(s) 'latest_only_with_trigger' retrieved from /home/airflow/.local/lib/python3.12/site-packages/airflow/example_dags/example_latest_only_with_trigger.py
[2026-08-08T18:18:46.391+0000] {logging_mixin.py:190} INFO - [2026-08-08T18:18:46.391+0000] {dag.py:3211} INFO - Sync 1 DAGs
[2026-08-08T18:18:46.415+0000] {logging_mixin.py:190} INFO - [2026-08-08T18:18:46.415+0000] {dag.py:4138} INFO - Setting next_dagrun for latest_only_with_trigger to 2026-08-08 12:00:00+00:00, run_after=2026-08-08 16:00:00+00:00
[2026-08-08T18:18:46.439+0000] {processor.py:208} INFO - Processing /home/airflow/.local/lib/python3.12/site-packages/airflow/example_dags/example_latest_only_with_trigger.py took 0.105 seconds
[2026-08-08T18:19:16.809+0000] {processor.py:186} INFO - Started process (PID=388) to work on /home/airflow/.local/lib/python3.12/site-packages/airflow/example_dags/example_latest_only_with_trigger.py
[2026-08-08T18:19:16.811+0000] {processor.py:914} INFO - Processing file /home/airflow/.local/lib/python3.12/site-packages/airflow/example_dags/example_latest_only_with_trigger.py for tasks to queue
[2026-08-08T18:19:16.813+0000] {logging_mixin.py:190} INFO - [2026-08-08T18:19:16.813+0000] {dagbag.py:587} INFO - Filling up the DagBag from /home/airflow/.local/lib/python3.12/site-packages/airflow/example_dags/example_latest_only_with_trigger.py
[2026-08-08T18:19:16.823+0000] {processor.py:925} INFO - DAG(s) 'latest_only_with_trigger' retrieved from /home/airflow/.local/lib/python3.12/site-packages/airflow/example_dags/example_latest_only_with_trigger.py
[2026-08-08T18:19:16.846+0000] {logging_mixin.py:190} INFO - [2026-08-08T18:19:16.846+0000] {dag.py:3211} INFO - Sync 1 DAGs
[2026-08-08T18:19:16.880+0000] {logging_mixin.py:190} INFO - [2026-08-08T18:19:16.880+0000] {dag.py:4138} INFO - Setting next_dagrun for latest_only_with_trigger to 2026-08-08 12:00:00+00:00, run_after=2026-08-08 16:00:00+00:00
[2026-08-08T18:19:16.900+0000] {processor.py:208} INFO - Processing /home/airflow/.local/lib/python3.12/site-packages/airflow/example_dags/example_latest_only_with_trigger.py took 0.097 seconds
[2026-08-08T18:24:04.383+0000] {processor.py:186} INFO - Started process (PID=451) to work on /home/airflow/.local/lib/python3.12/site-packages/airflow/example_dags/example_latest_only_with_trigger.py
[2026-08-08T18:24:04.385+0000] {processor.py:914} INFO - Processing file /home/airflow/.local/lib/python3.12/site-packages/airflow/example_dags/example_latest_only_with_trigger.py for tasks to queue
[2026-08-08T18:24:04.387+0000] {logging_mixin.py:190} INFO - [2026-08-08T18:24:04.387+0000] {dagbag.py:587} INFO - Filling up the DagBag from /home/airflow/.local/lib/python3.12/site-packages/airflow/example_dags/example_latest_only_with_trigger.py
[2026-08-08T18:24:04.394+0000] {processor.py:925} INFO - DAG(s) 'latest_only_with_trigger' retrieved from /home/airflow/.local/lib/python3.12/site-packages/airflow/example_dags/example_latest_only_with_trigger.py
[2026-08-08T18:24:04.413+0000] {logging_mixin.py:190} INFO - [2026-08-08T18:24:04.413+0000] {dag.py:3211} INFO - Sync 1 DAGs
[2026-08-08T18:24:04.436+0000] {logging_mixin.py:190} INFO - [2026-08-08T18:24:04.436+0000] {dag.py:4138} INFO - Setting next_dagrun for latest_only_with_trigger to 2026-08-08 12:00:00+00:00, run_after=2026-08-08 16:00:00+00:00
[2026-08-08T18:24:04.459+0000] {processor.py:208} INFO - Processing /home/airflow/.local/lib/python3.12/site-packages/airflow/example_dags/example_latest_only_with_trigger.py took 0.080 seconds
[2026-08-08T18:24:35.181+0000] {processor.py:186} INFO - Started process (PID=514) to work on /home/airflow/.local/lib/python3.12/site-packages/airflow/example_dags/example_latest_only_with_trigger.py
[2026-08-08T18:24:35.183+0000] {processor.py:914} INFO - Processing file /home/airflow/.local/lib/python3.12/site-packages/airflow/example_dags/example_latest_only_with_trigger.py for tasks to queue
[2026-08-08T18:24:35.186+0000] {logging_mixin.py:190} INFO - [2026-08-08T18:24:35.185+0000] {dagbag.py:587} INFO - Filling up the DagBag from /home/airflow/.local/lib/python3.12/site-packages/airflow/example_dags/example_latest_only_with_trigger.py
[2026-08-08T18:24:35.195+0000] {processor.py:925} INFO - DAG(s) 'latest_only_with_trigger' retrieved from /home/airflow/.local/lib/python3.12/site-packages/airflow/example_dags/example_latest_only_with_trigger.py
[2026-08-08T18:24:35.220+0000] {logging_mixin.py:190} INFO - [2026-08-08T18:24:35.220+0000] {dag.py:3211} INFO - Sync 1 DAGs
[2026-08-08T18:24:35.243+0000] {logging_mixin.py:190} INFO - [2026-08-08T18:24:35.243+0000] {dag.py:4138} INFO - Setting next_dagrun for latest_only_with_trigger to 2026-08-08 12:00:00+00:00, run_after=2026-08-08 16:00:00+00:00
[2026-08-08T18:24:35.268+0000] {processor.py:208} INFO - Processing /home/airflow/.local/lib/python3.12/site-packages/airflow/example_dags/example_latest_only_with_trigger.py took 0.094 seconds
[2026-08-08T18:25:05.601+0000] {processor.py:186} INFO - Started process (PID=577) to work on /home/airflow/.local/lib/python3.12/site-packages/airflow/example_dags/example_latest_only_with_trigger.py
[2026-08-08T18:25:05.602+0000] {processor.py:914} INFO - Processing file /home/airflow/.local/lib/python3.12/site-packages/airflow/example_dags/example_latest_only_with_trigger.py for tasks to queue
[2026-08-08T18:25:05.606+0000] {logging_mixin.py:190} INFO - [2026-08-08T18:25:05.606+0000] {dagbag.py:587} INFO - Filling up the DagBag from /home/airflow/.local/lib/python3.12/site-packages/airflow/example_dags/example_latest_only_with_trigger.py
[2026-08-08T18:25:05.616+0000] {processor.py:925} INFO - DAG(s) 'latest_only_with_trigger' retrieved from /home/airflow/.local/lib/python3.12/site-packages/airflow/example_dags/example_latest_only_with_trigger.py
[2026-08-08T18:25:05.641+0000] {logging_mixin.py:190} INFO - [2026-08-08T18:25:05.640+0000] {dag.py:3211} INFO - Sync 1 DAGs
[2026-08-08T18:25:05.666+0000] {logging_mixin.py:190} INFO - [2026-08-08T18:25:05.665+0000] {dag.py:4138} INFO - Setting next_dagrun for latest_only_with_trigger to 2026-08-08 12:00:00+00:00, run_after=2026-08-08 16:00:00+00:00
[2026-08-08T18:25:05.690+0000] {processor.py:208} INFO - Processing /home/airflow/.local/lib/python3.12/site-packages/airflow/example_dags/example_latest_only_with_trigger.py took 0.098 seconds
[2026-08-08T18:25:35.881+0000] {processor.py:186} INFO - Started process (PID=640) to work on /home/airflow/.local/lib/python3.12/site-packages/airflow/example_dags/example_latest_only_with_trigger.py
[2026-08-08T18:25:35.883+0000] {processor.py:914} INFO - Processing file /home/airflow/.local/lib/python3.12/site-packages/airflow/example_dags/example_latest_only_with_trigger.py for tasks to queue
[2026-08-08T18:25:35.887+0000] {logging_mixin.py:190} INFO - [2026-08-08T18:25:35.886+0000] {dagbag.py:587} INFO - Filling up the DagBag from /home/airflow/.local/lib/python3.12/site-packages/airflow/example_dags/example_latest_only_with_trigger.py
[2026-08-08T18:25:35.895+0000] {processor.py:925} INFO - DAG(s) 'latest_only_with_trigger' retrieved from /home/airflow/.local/lib/python3.12/site-packages/airflow/example_dags/example_latest_only_with_trigger.py
[2026-08-08T18:25:35.917+0000] {logging_mixin.py:190} INFO - [2026-08-08T18:25:35.917+0000] {dag.py:3211} INFO - Sync 1 DAGs
[2026-08-08T18:25:35.941+0000] {logging_mixin.py:190} INFO - [2026-08-08T18:25:35.941+0000] {dag.py:4138} INFO - Setting next_dagrun for latest_only_with_trigger to 2026-08-08 12:00:00+00:00, run_after=2026-08-08 16:00:00+00:00
[2026-08-08T18:25:35.963+0000] {processor.py:208} INFO - Processing /home/airflow/.local/lib/python3.12/site-packages/airflow/example_dags/example_latest_only_with_trigger.py took 0.089 seconds
[2026-08-08T18:26:06.536+0000] {processor.py:186} INFO - Started process (PID=704) to work on /home/airflow/.local/lib/python3.12/site-packages/airflow/example_dags/example_latest_only_with_trigger.py
[2026-08-08T18:26:06.538+0000] {processor.py:914} INFO - Processing file /home/airflow/.local/lib/python3.12/site-packages/airflow/example_dags/example_latest_only_with_trigger.py for tasks to queue
[2026-08-08T18:26:06.541+0000] {logging_mixin.py:190} INFO - [2026-08-08T18:26:06.540+0000] {dagbag.py:587} INFO - Filling up the DagBag from /home/airflow/.local/lib/python3.12/site-packages/airflow/example_dags/example_latest_only_with_trigger.py
[2026-08-08T18:26:06.552+0000] {processor.py:925} INFO - DAG(s) 'latest_only_with_trigger' retrieved from /home/airflow/.local/lib/python3.12/site-packages/airflow/example_dags/example_latest_only_with_trigger.py
[2026-08-08T18:26:06.577+0000] {logging_mixin.py:190} INFO - [2026-08-08T18:26:06.576+0000] {dag.py:3211} INFO - Sync 1 DAGs
[2026-08-08T18:26:06.601+0000] {logging_mixin.py:190} INFO - [2026-08-08T18:26:06.601+0000] {dag.py:4138} INFO - Setting next_dagrun for latest_only_with_trigger to 2026-08-08 12:00:00+00:00, run_after=2026-08-08 16:00:00+00:00
[2026-08-08T18:26:06.619+0000] {processor.py:208} INFO - Processing /home/airflow/.local/lib/python3.12/site-packages/airflow/example_dags/example_latest_only_with_trigger.py took 0.091 seconds
[2026-08-08T18:26:37.223+0000] {processor.py:186} INFO - Started process (PID=767) to work on /home/airflow/.local/lib/python3.12/site-packages/airflow/example_dags/example_latest_only_with_trigger.py
[2026-08-08T18:26:37.224+0000] {processor.py:914} INFO - Processing file /home/airflow/.local/lib/python3.12/site-packages/airflow/example_dags/example_latest_only_with_trigger.py for tasks to queue
[2026-08-08T18:26:37.227+0000] {logging_mixin.py:190} INFO - [2026-08-08T18:26:37.226+0000] {dagbag.py:587} INFO - Filling up the DagBag from /home/airflow/.local/lib/python3.12/site-packages/airflow/example_dags/example_latest_only_with_trigger.py
[2026-08-08T18:26:37.235+0000] {processor.py:925} INFO - DAG(s) 'latest_only_with_trigger' retrieved from /home/airflow/.local/lib/python3.12/site-packages/airflow/example_dags/example_latest_only_with_trigger.py
[2026-08-08T18:26:37.255+0000] {logging_mixin.py:190} INFO - [2026-08-08T18:26:37.254+0000] {dag.py:3211} INFO - Sync 1 DAGs
[2026-08-08T18:26:37.276+0000] {logging_mixin.py:190} INFO - [2026-08-08T18:26:37.276+0000] {dag.py:4138} INFO - Setting next_dagrun for latest_only_with_trigger to 2026-08-08 12:00:00+00:00, run_after=2026-08-08 16:00:00+00:00
[2026-08-08T18:26:37.292+0000] {processor.py:208} INFO - Processing /home/airflow/.local/lib/python3.12/site-packages/airflow/example_dags/example_latest_only_with_trigger.py took 0.075 seconds
