[2026-08-08T17:25:12.808+0000] {processor.py:186} INFO - Started process (PID=107) to work on /home/airflow/.local/lib/python3.12/site-packages/airflow/example_dags/example_short_circuit_decorator.py
[2026-08-08T17:25:12.810+0000] {processor.py:914} INFO - Processing file /home/airflow/.local/lib/python3.12/site-packages/airflow/example_dags/example_short_circuit_decorator.py for tasks to queue
[2026-08-08T17:25:12.813+0000] {logging_mixin.py:190} INFO - [2026-08-08T17:25:12.812+0000] {dagbag.py:587} INFO - Filling up the DagBag from /home/airflow/.local/lib/python3.12/site-packages/airflow/example_dags/example_short_circuit_decorator.py
[2026-08-08T17:25:12.824+0000] {processor.py:925} INFO - DAG(s) 'example_short_circuit_decorator' retrieved from /home/airflow/.local/lib/python3.12/site-packages/airflow/example_dags/example_short_circuit_decorator.py
[2026-08-08T17:25:12.925+0000] {logging_mixin.py:190} INFO - [2026-08-08T17:25:12.925+0000] {override.py:1858} INFO - Created Permission View: can delete on DAG:example_short_circuit_decorator
[2026-08-08T17:25:12.935+0000] {logging_mixin.py:190} INFO - [2026-08-08T17:25:12.935+0000] {override.py:1858} INFO - Created Permission View: can edit on DAG:example_short_circuit_decorator
[2026-08-08T17:25:12.943+0000] {logging_mixin.py:190} INFO - [2026-08-08T17:25:12.943+0000] {override.py:1858} INFO - Created Permission View: can read on DAG:example_short_circuit_decorator
[2026-08-08T17:25:12.944+0000] {logging_mixin.py:190} INFO - [2026-08-08T17:25:12.944+0000] {dag.py:3211} INFO - Sync 1 DAGs
[2026-08-08T17:25:12.955+0000] {logging_mixin.py:190} INFO - [2026-08-08T17:25:12.955+0000] {dag.py:3234} INFO - Creating ORM DAG for example_short_circuit_decorator
[2026-08-08T17:25:12.965+0000] {logging_mixin.py:190} INFO - [2026-08-08T17:25:12.965+0000] {dag.py:4138} INFO - Setting next_dagrun for example_short_circuit_decorator to 2026-08-07 00:00:00+00:00, run_after=2026-08-08 00:00:00+00:00
[2026-08-08T17:25:12.981+0000] {processor.py:208} INFO - Processing /home/airflow/.local/lib/python3.12/site-packages/airflow/example_dags/example_short_circuit_decorator.py took 0.178 seconds
[2026-08-08T17:25:43.606+0000] {processor.py:186} INFO - Started process (PID=170) to work on /home/airflow/.local/lib/python3.12/site-packages/airflow/example_dags/example_short_circuit_decorator.py
[2026-08-08T17:25:43.607+0000] {processor.py:914} INFO - Processing file /home/airflow/.local/lib/python3.12/site-packages/airflow/example_dags/example_short_circuit_decorator.py for tasks to queue
[2026-08-08T17:25:43.610+0000] {logging_mixin.py:190} INFO - [2026-08-08T17:25:43.610+0000] {dagbag.py:587} INFO - Filling up the DagBag from /home/airflow/.local/lib/python3.12/site-packages/airflow/example_dags/example_short_circuit_decorator.py
[2026-08-08T17:25:43.621+0000] {processor.py:925} INFO - DAG(s) 'example_short_circuit_decorator' retrieved from /home/airflow/.local/lib/python3.12/site-packages/airflow/example_dags/example_short_circuit_decorator.py
[2026-08-08T17:25:43.641+0000] {logging_mixin.py:190} INFO - [2026-08-08T17:25:43.641+0000] {dag.py:3211} INFO - Sync 1 DAGs
[2026-08-08T17:25:43.659+0000] {logging_mixin.py:190} INFO - [2026-08-08T17:25:43.659+0000] {dag.py:4138} INFO - Setting next_dagrun for example_short_circuit_decorator to 2026-08-07 00:00:00+00:00, run_after=2026-08-08 00:00:00+00:00
[2026-08-08T17:25:43.681+0000] {processor.py:208} INFO - Processing /home/airflow/.local/lib/python3.12/site-packages/airflow/example_dags/example_short_circuit_decorator.py took 0.080 seconds
[2026-08-08T17:26:14.283+0000] {processor.py:186} INFO - Started process (PID=233) to work on /home/airflow/.local/lib/python3.12/site-packages/airflow/example_dags/example_short_circuit_decorator.py
[2026-08-08T17:26:14.284+0000] {processor.py:914} INFO - Processing file /home/airflow/.local/lib/python3.12/site-packages/airflow/example_dags/example_short_circuit_decorator.py for tasks to queue
[2026-08-08T17:26:14.288+0000] {logging_mixin.py:190} INFO - [2026-08-08T17:26:14.287+0000] {dagbag.py:587} INFO - Filling up the DagBag from /home/airflow/.local/lib/python3.12/site-packages/airflow/example_dags/example_short_circuit_decorator.py
[2026-08-08T17:26:14.302+0000] {processor.py:925} INFO - DAG(s) 'example_short_circuit_decorator' retrieved from /home/airflow/.local/lib/python3.12/site-packages/airflow/example_dags/example_short_circuit_decorator.py
[2026-08-08T17:26:14.331+0000] {logging_mixin.py:190} INFO - [2026-08-08T17:26:14.331+0000] {dag.py:3211} INFO - Sync 1 DAGs
[2026-08-08T17:26:14.357+0000] {logging_mixin.py:190} INFO - [2026-08-08T17:26:14.357+0000] {dag.py:4138} INFO - Setting next_dagrun for example_short_circuit_decorator to 2026-08-07 00:00:00+00:00, run_after=2026-08-08 00:00:00+00:00
[2026-08-08T17:26:14.384+0000] {processor.py:208} INFO - Processing /home/airflow/.local/lib/python3.12/site-packages/airflow/example_dags/example_short_circuit_decorator.py took 0.110 seconds
[2026-08-08T17:26:44.452+0000] {processor.py:186} INFO - Started process (PID=296) to work on /home/airflow/.local/lib/python3.12/site-packages/airflow/example_dags/example_short_circuit_decorator.py
[2026-08-08T17:26:44.454+0000] {processor.py:914} INFO - Processing file /home/airflow/.local/lib/python3.12/site-packages/airflow/example_dags/example_short_circuit_decorator.py for tasks to queue
[2026-08-08T17:26:44.456+0000] {logging_mixin.py:190} INFO - [2026-08-08T17:26:44.456+0000] {dagbag.py:587} INFO - Filling up the DagBag from /home/airflow/.local/lib/python3.12/site-packages/airflow/example_dags/example_short_circuit_decorator.py
[2026-08-08T17:26:44.467+0000] {processor.py:925} INFO - DAG(s) 'example_short_circuit_decorator' retrieved from /home/airflow/.local/lib/python3.12/site-packages/airflow/example_dags/example_short_circuit_decorator.py
[2026-08-08T17:26:44.492+0000] {logging_mixin.py:190} INFO - [2026-08-08T17:26:44.492+0000] {dag.py:3211} INFO - Sync 1 DAGs
[2026-08-08T17:26:44.519+0000] {logging_mixin.py:190} INFO - [2026-08-08T17:26:44.519+0000] {dag.py:4138} INFO - Setting next_dagrun for example_short_circuit_decorator to 2026-08-07 00:00:00+00:00, run_after=2026-08-08 00:00:00+00:00
[2026-08-08T17:26:44.548+0000] {processor.py:208} INFO - Processing /home/airflow/.local/lib/python3.12/site-packages/airflow/example_dags/example_short_circuit_decorator.py took 0.102 seconds
[2026-08-08T17:27:14.780+0000] {processor.py:186} INFO - Started process (PID=359) to work on /home/airflow/.local/lib/python3.12/site-packages/airflow/example_dags/example_short_circuit_decorator.py
[2026-08-08T17:27:14.782+0000] {processor.py:914} INFO - Processing file /home/airflow/.local/lib/python3.12/site-packages/airflow/example_dags/example_short_circuit_decorator.py for tasks to queue
[2026-08-08T17:27:14.785+0000] {logging_mixin.py:190} INFO - [2026-08-08T17:27:14.784+0000] {dagbag.py:587} INFO - Filling up the DagBag from /home/airflow/.local/lib/python3.12/site-packages/airflow/example_dags/example_short_circuit_decorator.py
[2026-08-08T17:27:14.794+0000] {processor.py:925} INFO - DAG(s) 'example_short_circuit_decorator' retrieved from /home/airflow/.local/lib/python3.12/site-packages/airflow/example_dags/example_short_circuit_decorator.py
[2026-08-08T17:27:14.816+0000] {logging_mixin.py:190} INFO - [2026-08-08T17:27:14.816+0000] {dag.py:3211} INFO - Sync 1 DAGs
[2026-08-08T17:27:14.837+0000] {logging_mixin.py:190} INFO - [2026-08-08T17:27:14.837+0000] {dag.py:4138} INFO - Setting next_dagrun for example_short_circuit_decorator to 2026-08-07 00:00:00+00:00, run_after=2026-08-08 00:00:00+00:00
[2026-08-08T17:27:14.856+0000] {processor.py:208} INFO - Processing /home/airflow/.local/lib/python3.12/site-packages/airflow/example_dags/example_short_circuit_decorator.py took 0.083 seconds
[2026-08-08T17:27:45.350+0000] {processor.py:186} INFO - Started process (PID=422) to work on /home/airflow/.local/lib/python3.12/site-packages/airflow/example_dags/example_short_circuit_decorator.py
[2026-08-08T17:27:45.352+0000] {processor.py:914} INFO - Processing file /home/airflow/.local/lib/python3.12/site-packages/airflow/example_dags/example_short_circuit_decorator.py for tasks to queue
[2026-08-08T17:27:45.354+0000] {logging_mixin.py:190} INFO - [2026-08-08T17:27:45.354+0000] {dagbag.py:587} INFO - Filling up the DagBag from /home/airflow/.local/lib/python3.12/site-packages/airflow/example_dags/example_short_circuit_decorator.py
[2026-08-08T17:27:45.364+0000] {processor.py:925} INFO - DAG(s) 'example_short_circuit_decorator' retrieved from /home/airflow/.local/lib/python3.12/site-packages/airflow/example_dags/example_short_circuit_decorator.py
[2026-08-08T17:27:45.384+0000] {logging_mixin.py:190} INFO - [2026-08-08T17:27:45.383+0000] {dag.py:3211} INFO - Sync 1 DAGs
[2026-08-08T17:27:45.401+0000] {logging_mixin.py:190} INFO - [2026-08-08T17:27:45.401+0000] {dag.py:4138} INFO - Setting next_dagrun for example_short_circuit_decorator to 2026-08-07 00:00:00+00:00, run_after=2026-08-08 00:00:00+00:00
[2026-08-08T17:27:45.417+0000] {processor.py:208} INFO - Processing /home/airflow/.local/lib/python3.12/site-packages/airflow/example_dags/example_short_circuit_decorator.py took 0.072 seconds
[2026-08-08T17:28:15.821+0000] {processor.py:186} INFO - Started process (PID=485) to work on /home/airflow/.local/lib/python3.12/site-packages/airflow/example_dags/example_short_circuit_decorator.py
[2026-08-08T17:28:15.822+0000] {processor.py:914} INFO - Processing file /home/airflow/.local/lib/python3.12/site-packages/airflow/example_dags/example_short_circuit_decorator.py for tasks to queue
[2026-08-08T17:28:15.825+0000] {logging_mixin.py:190} INFO - [2026-08-08T17:28:15.825+0000] {dagbag.py:587} INFO - Filling up the DagBag from /home/airflow/.local/lib/python3.12/site-packages/airflow/example_dags/example_short_circuit_decorator.py
[2026-08-08T17:28:15.835+0000] {processor.py:925} INFO - DAG(s) 'example_short_circuit_decorator' retrieved from /home/airflow/.local/lib/python3.12/site-packages/airflow/example_dags/example_short_circuit_decorator.py
[2026-08-08T17:28:15.856+0000] {logging_mixin.py:190} INFO - [2026-08-08T17:28:15.855+0000] {dag.py:3211} INFO - Sync 1 DAGs
[2026-08-08T17:28:15.874+0000] {logging_mixin.py:190} INFO - [2026-08-08T17:28:15.874+0000] {dag.py:4138} INFO - Setting next_dagrun for example_short_circuit_decorator to 2026-08-07 00:00:00+00:00, run_after=2026-08-08 00:00:00+00:00
[2026-08-08T17:28:15.893+0000] {processor.py:208} INFO - Processing /home/airflow/.local/lib/python3.12/site-packages/airflow/example_dags/example_short_circuit_decorator.py took 0.078 seconds
[2026-08-08T17:28:46.080+0000] {processor.py:186} INFO - Started process (PID=548) to work on /home/airflow/.local/lib/python3.12/site-packages/airflow/example_dags/example_short_circuit_decorator.py
[2026-08-08T17:28:46.081+0000] {processor.py:914} INFO - Processing file /home/airflow/.local/lib/python3.12/site-packages/airflow/example_dags/example_short_circuit_decorator.py for tasks to queue
[2026-08-08T17:28:46.084+0000] {logging_mixin.py:190} INFO - [2026-08-08T17:28:46.084+0000] {dagbag.py:587} INFO - Filling up the DagBag from /home/airflow/.local/lib/python3.12/site-packages/airflow/example_dags/example_short_circuit_decorator.py
[2026-08-08T17:28:46.095+0000] {processor.py:925} INFO - DAG(s) 'example_short_circuit_decorator' retrieved from /home/airflow/.local/lib/python3.12/site-packages/airflow/example_dags/example_short_circuit_decorator.py
[2026-08-08T17:28:46.119+0000] {logging_mixin.py:190} INFO - [2026-08-08T17:28:46.119+0000] {dag.py:3211} INFO - Sync 1 DAGs
[2026-08-08T17:28:46.145+0000] {logging_mixin.py:190} INFO - [2026-08-08T17:28:46.144+0000] {dag.py:4138} INFO - Setting next_dagrun for example_short_circuit_decorator to 2026-08-07 00:00:00+00:00, run_after=2026-08-08 00:00:00+00:00
[2026-08-08T17:28:46.172+0000] {processor.py:208} INFO - Processing /home/airflow/.local/lib/python3.12/site-packages/airflow/example_dags/example_short_circuit_decorator.py took 0.098 seconds
[2026-08-08T17:29:17.114+0000] {processor.py:186} INFO - Started process (PID=611) to work on /home/airflow/.local/lib/python3.12/site-packages/airflow/example_dags/example_short_circuit_decorator.py
[2026-08-08T17:29:17.115+0000] {processor.py:914} INFO - Processing file /home/airflow/.local/lib/python3.12/site-packages/airflow/example_dags/example_short_circuit_decorator.py for tasks to queue
[2026-08-08T17:29:17.118+0000] {logging_mixin.py:190} INFO - [2026-08-08T17:29:17.118+0000] {dagbag.py:587} INFO - Filling up the DagBag from /home/airflow/.local/lib/python3.12/site-packages/airflow/example_dags/example_short_circuit_decorator.py
[2026-08-08T17:29:17.129+0000] {processor.py:925} INFO - DAG(s) 'example_short_circuit_decorator' retrieved from /home/airflow/.local/lib/python3.12/site-packages/airflow/example_dags/example_short_circuit_decorator.py
[2026-08-08T17:29:17.152+0000] {logging_mixin.py:190} INFO - [2026-08-08T17:29:17.152+0000] {dag.py:3211} INFO - Sync 1 DAGs
[2026-08-08T17:29:17.176+0000] {logging_mixin.py:190} INFO - [2026-08-08T17:29:17.175+0000] {dag.py:4138} INFO - Setting next_dagrun for example_short_circuit_decorator to 2026-08-07 00:00:00+00:00, run_after=2026-08-08 00:00:00+00:00
[2026-08-08T17:29:17.198+0000] {processor.py:208} INFO - Processing /home/airflow/.local/lib/python3.12/site-packages/airflow/example_dags/example_short_circuit_decorator.py took 0.089 seconds
[2026-08-08T17:29:47.281+0000] {processor.py:186} INFO - Started process (PID=674) to work on /home/airflow/.local/lib/python3.12/site-packages/airflow/example_dags/example_short_circuit_decorator.py
[2026-08-08T17:29:47.282+0000] {processor.py:914} INFO - Processing file /home/airflow/.local/lib/python3.12/site-packages/airflow/example_dags/example_short_circuit_decorator.py for tasks to queue
[2026-08-08T17:29:47.285+0000] {logging_mixin.py:190} INFO - [2026-08-08T17:29:47.284+0000] {dagbag.py:587} INFO - Filling up the DagBag from /home/airflow/.local/lib/python3.12/site-packages/airflow/example_dags/example_short_circuit_decorator.py
[2026-08-08T17:29:47.293+0000] {processor.py:925} INFO - DAG(s) 'example_short_circuit_decorator' retrieved from /home/airflow/.local/lib/python3.12/site-packages/airflow/example_dags/example_short_circuit_decorator.py
[2026-08-08T17:29:47.313+0000] {logging_mixin.py:190} INFO - [2026-08-08T17:29:47.312+0000] {dag.py:3211} INFO - Sync 1 DAGs
[2026-08-08T17:29:47.328+0000] {logging_mixin.py:190} INFO - [2026-08-08T17:29:47.328+0000] {dag.py:4138} INFO - Setting next_dagrun for example_short_circuit_decorator to 2026-08-07 00:00:00+00:00, run_after=2026-08-08 00:00:00+00:00
[2026-08-08T17:29:47.345+0000] {processor.py:208} INFO - Processing /home/airflow/.local/lib/python3.12/site-packages/airflow/example_dags/example_short_circuit_decorator.py took 0.069 seconds
[2026-08-08T17:30:18.039+0000] {processor.py:186} INFO - Started process (PID=737) to work on /home/airflow/.local/lib/python3.12/site-packages/airflow/example_dags/example_short_circuit_decorator.py
[2026-08-08T17:30:18.040+0000] {processor.py:914} INFO - Processing file /home/airflow/.local/lib/python3.12/site-packages/airflow/example_dags/example_short_circuit_decorator.py for tasks to queue
[2026-08-08T17:30:18.042+0000] {logging_mixin.py:190} INFO - [2026-08-08T17:30:18.042+0000] {dagbag.py:587} INFO - Filling up the DagBag from /home/airflow/.local/lib/python3.12/site-packages/airflow/example_dags/example_short_circuit_decorator.py
[2026-08-08T17:30:18.053+0000] {processor.py:925} INFO - DAG(s) 'example_short_circuit_decorator' retrieved from /home/airflow/.local/lib/python3.12/site-packages/airflow/example_dags/example_short_circuit_decorator.py
[2026-08-08T17:30:18.075+0000] {logging_mixin.py:190} INFO - [2026-08-08T17:30:18.074+0000] {dag.py:3211} INFO - Sync 1 DAGs
[2026-08-08T17:30:18.094+0000] {logging_mixin.py:190} INFO - [2026-08-08T17:30:18.094+0000] {dag.py:4138} INFO - Setting next_dagrun for example_short_circuit_decorator to 2026-08-07 00:00:00+00:00, run_after=2026-08-08 00:00:00+00:00
[2026-08-08T17:30:18.113+0000] {processor.py:208} INFO - Processing /home/airflow/.local/lib/python3.12/site-packages/airflow/example_dags/example_short_circuit_decorator.py took 0.079 seconds
[2026-08-08T17:30:48.386+0000] {processor.py:186} INFO - Started process (PID=800) to work on /home/airflow/.local/lib/python3.12/site-packages/airflow/example_dags/example_short_circuit_decorator.py
[2026-08-08T17:30:48.387+0000] {processor.py:914} INFO - Processing file /home/airflow/.local/lib/python3.12/site-packages/airflow/example_dags/example_short_circuit_decorator.py for tasks to queue
[2026-08-08T17:30:48.390+0000] {logging_mixin.py:190} INFO - [2026-08-08T17:30:48.389+0000] {dagbag.py:587} INFO - Filling up the DagBag from /home/airflow/.local/lib/python3.12/site-packages/airflow/example_dags/example_short_circuit_decorator.py
[2026-08-08T17:30:48.400+0000] {processor.py:925} INFO - DAG(s) 'example_short_circuit_decorator' retrieved from /home/airflow/.local/lib/python3.12/site-packages/airflow/example_dags/example_short_circuit_decorator.py
[2026-08-08T17:30:48.420+0000] {logging_mixin.py:190} INFO - [2026-08-08T17:30:48.419+0000] {dag.py:3211} INFO - Sync 1 DAGs
[2026-08-08T17:30:48.435+0000] {logging_mixin.py:190} INFO - [2026-08-08T17:30:48.435+0000] {dag.py:4138} INFO - Setting next_dagrun for example_short_circuit_decorator to 2026-08-07 00:00:00+00:00, run_after=2026-08-08 00:00:00+00:00
[2026-08-08T17:30:48.451+0000] {processor.py:208} INFO - Processing /home/airflow/.local/lib/python3.12/site-packages/airflow/example_dags/example_short_circuit_decorator.py took 0.070 seconds
[2026-08-08T17:31:19.891+0000] {processor.py:186} INFO - Started process (PID=863) to work on /home/airflow/.local/lib/python3.12/site-packages/airflow/example_dags/example_short_circuit_decorator.py
[2026-08-08T17:31:19.895+0000] {processor.py:914} INFO - Processing file /home/airflow/.local/lib/python3.12/site-packages/airflow/example_dags/example_short_circuit_decorator.py for tasks to queue
[2026-08-08T17:31:19.899+0000] {logging_mixin.py:190} INFO - [2026-08-08T17:31:19.899+0000] {dagbag.py:587} INFO - Filling up the DagBag from /home/airflow/.local/lib/python3.12/site-packages/airflow/example_dags/example_short_circuit_decorator.py
[2026-08-08T17:31:19.909+0000] {processor.py:925} INFO - DAG(s) 'example_short_circuit_decorator' retrieved from /home/airflow/.local/lib/python3.12/site-packages/airflow/example_dags/example_short_circuit_decorator.py
[2026-08-08T17:31:19.934+0000] {logging_mixin.py:190} INFO - [2026-08-08T17:31:19.933+0000] {dag.py:3211} INFO - Sync 1 DAGs
[2026-08-08T17:31:19.956+0000] {logging_mixin.py:190} INFO - [2026-08-08T17:31:19.956+0000] {dag.py:4138} INFO - Setting next_dagrun for example_short_circuit_decorator to 2026-08-07 00:00:00+00:00, run_after=2026-08-08 00:00:00+00:00
[2026-08-08T17:31:19.980+0000] {processor.py:208} INFO - Processing /home/airflow/.local/lib/python3.12/site-packages/airflow/example_dags/example_short_circuit_decorator.py took 0.095 seconds
[2026-08-08T17:31:50.056+0000] {processor.py:186} INFO - Started process (PID=926) to work on /home/airflow/.local/lib/python3.12/site-packages/airflow/example_dags/example_short_circuit_decorator.py
[2026-08-08T17:31:50.058+0000] {processor.py:914} INFO - Processing file /home/airflow/.local/lib/python3.12/site-packages/airflow/example_dags/example_short_circuit_decorator.py for tasks to queue
[2026-08-08T17:31:50.060+0000] {logging_mixin.py:190} INFO - [2026-08-08T17:31:50.060+0000] {dagbag.py:587} INFO - Filling up the DagBag from /home/airflow/.local/lib/python3.12/site-packages/airflow/example_dags/example_short_circuit_decorator.py
[2026-08-08T17:31:50.070+0000] {processor.py:925} INFO - DAG(s) 'example_short_circuit_decorator' retrieved from /home/airflow/.local/lib/python3.12/site-packages/airflow/example_dags/example_short_circuit_decorator.py
[2026-08-08T17:31:50.091+0000] {logging_mixin.py:190} INFO - [2026-08-08T17:31:50.091+0000] {dag.py:3211} INFO - Sync 1 DAGs
[2026-08-08T17:31:50.109+0000] {logging_mixin.py:190} INFO - [2026-08-08T17:31:50.109+0000] {dag.py:4138} INFO - Setting next_dagrun for example_short_circuit_decorator to 2026-08-07 00:00:00+00:00, run_after=2026-08-08 00:00:00+00:00
[2026-08-08T17:31:50.126+0000] {processor.py:208} INFO - Processing /home/airflow/.local/lib/python3.12/site-packages/airflow/example_dags/example_short_circuit_decorator.py took 0.076 seconds
[2026-08-08T17:32:20.992+0000] {processor.py:186} INFO - Started process (PID=989) to work on /home/airflow/.local/lib/python3.12/site-packages/airflow/example_dags/example_short_circuit_decorator.py
[2026-08-08T17:32:20.993+0000] {processor.py:914} INFO - Processing file /home/airflow/.local/lib/python3.12/site-packages/airflow/example_dags/example_short_circuit_decorator.py for tasks to queue
[2026-08-08T17:32:20.996+0000] {logging_mixin.py:190} INFO - [2026-08-08T17:32:20.995+0000] {dagbag.py:587} INFO - Filling up the DagBag from /home/airflow/.local/lib/python3.12/site-packages/airflow/example_dags/example_short_circuit_decorator.py
[2026-08-08T17:32:21.006+0000] {processor.py:925} INFO - DAG(s) 'example_short_circuit_decorator' retrieved from /home/airflow/.local/lib/python3.12/site-packages/airflow/example_dags/example_short_circuit_decorator.py
[2026-08-08T17:32:21.023+0000] {logging_mixin.py:190} INFO - [2026-08-08T17:32:21.023+0000] {dag.py:3211} INFO - Sync 1 DAGs
[2026-08-08T17:32:21.042+0000] {logging_mixin.py:190} INFO - [2026-08-08T17:32:21.042+0000] {dag.py:4138} INFO - Setting next_dagrun for example_short_circuit_decorator to 2026-08-07 00:00:00+00:00, run_after=2026-08-08 00:00:00+00:00
[2026-08-08T17:32:21.068+0000] {processor.py:208} INFO - Processing /home/airflow/.local/lib/python3.12/site-packages/airflow/example_dags/example_short_circuit_decorator.py took 0.082 seconds
[2026-08-08T17:32:51.521+0000] {processor.py:186} INFO - Started process (PID=1053) to work on /home/airflow/.local/lib/python3.12/site-packages/airflow/example_dags/example_short_circuit_decorator.py
[2026-08-08T17:32:51.523+0000] {processor.py:914} INFO - Processing file /home/airflow/.local/lib/python3.12/site-packages/airflow/example_dags/example_short_circuit_decorator.py for tasks to queue
[2026-08-08T17:32:51.526+0000] {logging_mixin.py:190} INFO - [2026-08-08T17:32:51.526+0000] {dagbag.py:587} INFO - Filling up the DagBag from /home/airflow/.local/lib/python3.12/site-packages/airflow/example_dags/example_short_circuit_decorator.py
[2026-08-08T17:32:51.536+0000] {processor.py:925} INFO - DAG(s) 'example_short_circuit_decorator' retrieved from /home/airflow/.local/lib/python3.12/site-packages/airflow/example_dags/example_short_circuit_decorator.py
[2026-08-08T17:32:51.557+0000] {logging_mixin.py:190} INFO - [2026-08-08T17:32:51.557+0000] {dag.py:3211} INFO - Sync 1 DAGs
[2026-08-08T17:32:51.575+0000] {logging_mixin.py:190} INFO - [2026-08-08T17:32:51.575+0000] {dag.py:4138} INFO - Setting next_dagrun for example_short_circuit_decorator to 2026-08-07 00:00:00+00:00, run_after=2026-08-08 00:00:00+00:00
[2026-08-08T17:32:51.591+0000] {processor.py:208} INFO - Processing /home/airflow/.local/lib/python3.12/site-packages/airflow/example_dags/example_short_circuit_decorator.py took 0.076 seconds
[2026-08-08T17:33:22.221+0000] {processor.py:186} INFO - Started process (PID=1116) to work on /home/airflow/.local/lib/python3.12/site-packages/airflow/example_dags/example_short_circuit_decorator.py
[2026-08-08T17:33:22.222+0000] {processor.py:914} INFO - Processing file /home/airflow/.local/lib/python3.12/site-packages/airflow/example_dags/example_short_circuit_decorator.py for tasks to queue
[2026-08-08T17:33:22.227+0000] {logging_mixin.py:190} INFO - [2026-08-08T17:33:22.227+0000] {dagbag.py:587} INFO - Filling up the DagBag from /home/airflow/.local/lib/python3.12/site-packages/airflow/example_dags/example_short_circuit_decorator.py
[2026-08-08T17:33:22.246+0000] {processor.py:925} INFO - DAG(s) 'example_short_circuit_decorator' retrieved from /home/airflow/.local/lib/python3.12/site-packages/airflow/example_dags/example_short_circuit_decorator.py
[2026-08-08T17:33:22.293+0000] {logging_mixin.py:190} INFO - [2026-08-08T17:33:22.292+0000] {dag.py:3211} INFO - Sync 1 DAGs
[2026-08-08T17:33:22.334+0000] {logging_mixin.py:190} INFO - [2026-08-08T17:33:22.333+0000] {dag.py:4138} INFO - Setting next_dagrun for example_short_circuit_decorator to 2026-08-07 00:00:00+00:00, run_after=2026-08-08 00:00:00+00:00
[2026-08-08T17:33:22.356+0000] {processor.py:208} INFO - Processing /home/airflow/.local/lib/python3.12/site-packages/airflow/example_dags/example_short_circuit_decorator.py took 0.146 seconds
[2026-08-08T17:33:52.551+0000] {processor.py:186} INFO - Started process (PID=1179) to work on /home/airflow/.local/lib/python3.12/site-packages/airflow/example_dags/example_short_circuit_decorator.py
[2026-08-08T17:33:52.553+0000] {processor.py:914} INFO - Processing file /home/airflow/.local/lib/python3.12/site-packages/airflow/example_dags/example_short_circuit_decorator.py for tasks to queue
[2026-08-08T17:33:52.556+0000] {logging_mixin.py:190} INFO - [2026-08-08T17:33:52.556+0000] {dagbag.py:587} INFO - Filling up the DagBag from /home/airflow/.local/lib/python3.12/site-packages/airflow/example_dags/example_short_circuit_decorator.py
[2026-08-08T17:33:52.572+0000] {processor.py:925} INFO - DAG(s) 'example_short_circuit_decorator' retrieved from /home/airflow/.local/lib/python3.12/site-packages/airflow/example_dags/example_short_circuit_decorator.py
[2026-08-08T17:33:52.602+0000] {logging_mixin.py:190} INFO - [2026-08-08T17:33:52.601+0000] {dag.py:3211} INFO - Sync 1 DAGs
[2026-08-08T17:33:52.626+0000] {logging_mixin.py:190} INFO - [2026-08-08T17:33:52.626+0000] {dag.py:4138} INFO - Setting next_dagrun for example_short_circuit_decorator to 2026-08-07 00:00:00+00:00, run_after=2026-08-08 00:00:00+00:00
[2026-08-08T17:33:52.648+0000] {processor.py:208} INFO - Processing /home/airflow/.local/lib/python3.12/site-packages/airflow/example_dags/example_short_circuit_decorator.py took 0.105 seconds
[2026-08-08T17:34:22.792+0000] {processor.py:186} INFO - Started process (PID=1242) to work on /home/airflow/.local/lib/python3.12/site-packages/airflow/example_dags/example_short_circuit_decorator.py
[2026-08-08T17:34:22.793+0000] {processor.py:914} INFO - Processing file /home/airflow/.local/lib/python3.12/site-packages/airflow/example_dags/example_short_circuit_decorator.py for tasks to queue
[2026-08-08T17:34:22.796+0000] {logging_mixin.py:190} INFO - [2026-08-08T17:34:22.796+0000] {dagbag.py:587} INFO - Filling up the DagBag from /home/airflow/.local/lib/python3.12/site-packages/airflow/example_dags/example_short_circuit_decorator.py
[2026-08-08T17:34:22.805+0000] {processor.py:925} INFO - DAG(s) 'example_short_circuit_decorator' retrieved from /home/airflow/.local/lib/python3.12/site-packages/airflow/example_dags/example_short_circuit_decorator.py
[2026-08-08T17:34:22.821+0000] {logging_mixin.py:190} INFO - [2026-08-08T17:34:22.821+0000] {dag.py:3211} INFO - Sync 1 DAGs
[2026-08-08T17:34:22.838+0000] {logging_mixin.py:190} INFO - [2026-08-08T17:34:22.837+0000] {dag.py:4138} INFO - Setting next_dagrun for example_short_circuit_decorator to 2026-08-07 00:00:00+00:00, run_after=2026-08-08 00:00:00+00:00
[2026-08-08T17:34:22.855+0000] {processor.py:208} INFO - Processing /home/airflow/.local/lib/python3.12/site-packages/airflow/example_dags/example_short_circuit_decorator.py took 0.069 seconds
[2026-08-08T17:34:53.664+0000] {processor.py:186} INFO - Started process (PID=1305) to work on /home/airflow/.local/lib/python3.12/site-packages/airflow/example_dags/example_short_circuit_decorator.py
[2026-08-08T17:34:53.665+0000] {processor.py:914} INFO - Processing file /home/airflow/.local/lib/python3.12/site-packages/airflow/example_dags/example_short_circuit_decorator.py for tasks to queue
[2026-08-08T17:34:53.669+0000] {logging_mixin.py:190} INFO - [2026-08-08T17:34:53.668+0000] {dagbag.py:587} INFO - Filling up the DagBag from /home/airflow/.local/lib/python3.12/site-packages/airflow/example_dags/example_short_circuit_decorator.py
[2026-08-08T17:34:53.677+0000] {processor.py:925} INFO - DAG(s) 'example_short_circuit_decorator' retrieved from /home/airflow/.local/lib/python3.12/site-packages/airflow/example_dags/example_short_circuit_decorator.py
[2026-08-08T17:34:53.695+0000] {logging_mixin.py:190} INFO - [2026-08-08T17:34:53.695+0000] {dag.py:3211} INFO - Sync 1 DAGs
[2026-08-08T17:34:53.711+0000] {logging_mixin.py:190} INFO - [2026-08-08T17:34:53.711+0000] {dag.py:4138} INFO - Setting next_dagrun for example_short_circuit_decorator to 2026-08-07 00:00:00+00:00, run_after=2026-08-08 00:00:00+00:00
[2026-08-08T17:34:53.730+0000] {processor.py:208} INFO - Processing /home/airflow/.local/lib/python3.12/site-packages/airflow/example_dags/example_short_circuit_decorator.py took 0.073 seconds
[2026-08-08T17:35:24.271+0000] {processor.py:186} INFO - Started process (PID=1368) to work on /home/airflow/.local/lib/python3.12/site-packages/airflow/example_dags/example_short_circuit_decorator.py
[2026-08-08T17:35:24.272+0000] {processor.py:914} INFO - Processing file /home/airflow/.local/lib/python3.12/site-packages/airflow/example_dags/example_short_circuit_decorator.py for tasks to queue
[2026-08-08T17:35:24.275+0000] {logging_mixin.py:190} INFO - [2026-08-08T17:35:24.275+0000] {dagbag.py:587} INFO - Filling up the DagBag from /home/airflow/.local/lib/python3.12/site-packages/airflow/example_dags/example_short_circuit_decorator.py
[2026-08-08T17:35:24.283+0000] {processor.py:925} INFO - DAG(s) 'example_short_circuit_decorator' retrieved from /home/airflow/.local/lib/python3.12/site-packages/airflow/example_dags/example_short_circuit_decorator.py
[2026-08-08T17:35:24.300+0000] {logging_mixin.py:190} INFO - [2026-08-08T17:35:24.300+0000] {dag.py:3211} INFO - Sync 1 DAGs
[2026-08-08T17:35:24.315+0000] {logging_mixin.py:190} INFO - [2026-08-08T17:35:24.315+0000] {dag.py:4138} INFO - Setting next_dagrun for example_short_circuit_decorator to 2026-08-07 00:00:00+00:00, run_after=2026-08-08 00:00:00+00:00
[2026-08-08T17:35:24.333+0000] {processor.py:208} INFO - Processing /home/airflow/.local/lib/python3.12/site-packages/airflow/example_dags/example_short_circuit_decorator.py took 0.067 seconds
[2026-08-08T17:35:54.676+0000] {processor.py:186} INFO - Started process (PID=1431) to work on /home/airflow/.local/lib/python3.12/site-packages/airflow/example_dags/example_short_circuit_decorator.py
[2026-08-08T17:35:54.678+0000] {processor.py:914} INFO - Processing file /home/airflow/.local/lib/python3.12/site-packages/airflow/example_dags/example_short_circuit_decorator.py for tasks to queue
[2026-08-08T17:35:54.681+0000] {logging_mixin.py:190} INFO - [2026-08-08T17:35:54.680+0000] {dagbag.py:587} INFO - Filling up the DagBag from /home/airflow/.local/lib/python3.12/site-packages/airflow/example_dags/example_short_circuit_decorator.py
[2026-08-08T17:35:54.692+0000] {processor.py:925} INFO - DAG(s) 'example_short_circuit_decorator' retrieved from /home/airflow/.local/lib/python3.12/site-packages/airflow/example_dags/example_short_circuit_decorator.py
[2026-08-08T17:35:54.721+0000] {logging_mixin.py:190} INFO - [2026-08-08T17:35:54.721+0000] {dag.py:3211} INFO - Sync 1 DAGs
[2026-08-08T17:35:54.746+0000] {logging_mixin.py:190} INFO - [2026-08-08T17:35:54.746+0000] {dag.py:4138} INFO - Setting next_dagrun for example_short_circuit_decorator to 2026-08-07 00:00:00+00:00, run_after=2026-08-08 00:00:00+00:00
[2026-08-08T17:35:54.766+0000] {processor.py:208} INFO - Processing /home/airflow/.local/lib/python3.12/site-packages/airflow/example_dags/example_short_circuit_decorator.py took 0.099 seconds
[2026-08-08T17:36:25.014+0000] {processor.py:186} INFO - Started process (PID=1494) to work on /home/airflow/.local/lib/python3.12/site-packages/airflow/example_dags/example_short_circuit_decorator.py
[2026-08-08T17:36:25.016+0000] {processor.py:914} INFO - Processing file /home/airflow/.local/lib/python3.12/site-packages/airflow/example_dags/example_short_circuit_decorator.py for tasks to queue
[2026-08-08T17:36:25.018+0000] {logging_mixin.py:190} INFO - [2026-08-08T17:36:25.018+0000] {dagbag.py:587} INFO - Filling up the DagBag from /home/airflow/.local/lib/python3.12/site-packages/airflow/example_dags/example_short_circuit_decorator.py
[2026-08-08T17:36:25.032+0000] {processor.py:925} INFO - DAG(s) 'example_short_circuit_decorator' retrieved from /home/airflow/.local/lib/python3.12/site-packages/airflow/example_dags/example_short_circuit_decorator.py
[2026-08-08T17:36:25.061+0000] {logging_mixin.py:190} INFO - [2026-08-08T17:36:25.061+0000] {dag.py:3211} INFO - Sync 1 DAGs
[2026-08-08T17:36:25.083+0000] {logging_mixin.py:190} INFO - [2026-08-08T17:36:25.083+0000] {dag.py:4138} INFO - Setting next_dagrun for example_short_circuit_decorator to 2026-08-07 00:00:00+00:00, run_after=2026-08-08 00:00:00+00:00
[2026-08-08T17:36:25.104+0000] {processor.py:208} INFO - Processing /home/airflow/.local/lib/python3.12/site-packages/airflow/example_dags/example_short_circuit_decorator.py took 0.099 seconds
[2026-08-08T17:38:16.692+0000] {processor.py:186} INFO - Started process (PID=95) to work on /home/airflow/.local/lib/python3.12/site-packages/airflow/example_dags/example_short_circuit_decorator.py
[2026-08-08T17:38:16.694+0000] {processor.py:914} INFO - Processing file /home/airflow/.local/lib/python3.12/site-packages/airflow/example_dags/example_short_circuit_decorator.py for tasks to queue
[2026-08-08T17:38:16.698+0000] {logging_mixin.py:190} INFO - [2026-08-08T17:38:16.697+0000] {dagbag.py:587} INFO - Filling up the DagBag from /home/airflow/.local/lib/python3.12/site-packages/airflow/example_dags/example_short_circuit_decorator.py
[2026-08-08T17:38:16.708+0000] {processor.py:925} INFO - DAG(s) 'example_short_circuit_decorator' retrieved from /home/airflow/.local/lib/python3.12/site-packages/airflow/example_dags/example_short_circuit_decorator.py
[2026-08-08T17:38:16.731+0000] {logging_mixin.py:190} INFO - [2026-08-08T17:38:16.731+0000] {dag.py:3211} INFO - Sync 1 DAGs
[2026-08-08T17:38:16.752+0000] {logging_mixin.py:190} INFO - [2026-08-08T17:38:16.752+0000] {dag.py:4138} INFO - Setting next_dagrun for example_short_circuit_decorator to 2026-08-07 00:00:00+00:00, run_after=2026-08-08 00:00:00+00:00
[2026-08-08T17:38:16.769+0000] {processor.py:208} INFO - Processing /home/airflow/.local/lib/python3.12/site-packages/airflow/example_dags/example_short_circuit_decorator.py took 0.083 seconds
[2026-08-08T17:38:47.859+0000] {processor.py:186} INFO - Started process (PID=158) to work on /home/airflow/.local/lib/python3.12/site-packages/airflow/example_dags/example_short_circuit_decorator.py
[2026-08-08T17:38:47.863+0000] {processor.py:914} INFO - Processing file /home/airflow/.local/lib/python3.12/site-packages/airflow/example_dags/example_short_circuit_decorator.py for tasks to queue
[2026-08-08T17:38:47.868+0000] {logging_mixin.py:190} INFO - [2026-08-08T17:38:47.867+0000] {dagbag.py:587} INFO - Filling up the DagBag from /home/airflow/.local/lib/python3.12/site-packages/airflow/example_dags/example_short_circuit_decorator.py
[2026-08-08T17:38:47.884+0000] {processor.py:925} INFO - DAG(s) 'example_short_circuit_decorator' retrieved from /home/airflow/.local/lib/python3.12/site-packages/airflow/example_dags/example_short_circuit_decorator.py
[2026-08-08T17:38:47.923+0000] {logging_mixin.py:190} INFO - [2026-08-08T17:38:47.923+0000] {dag.py:3211} INFO - Sync 1 DAGs
[2026-08-08T17:38:47.954+0000] {logging_mixin.py:190} INFO - [2026-08-08T17:38:47.954+0000] {dag.py:4138} INFO - Setting next_dagrun for example_short_circuit_decorator to 2026-08-07 00:00:00+00:00, run_after=2026-08-08 00:00:00+00:00
[2026-08-08T17:38:47.986+0000] {processor.py:208} INFO - Processing /home/airflow/.local/lib/python3.12/site-packages/airflow/example_dags/example_short_circuit_decorator.py took 0.136 seconds
[2026-08-08T17:39:18.700+0000] {processor.py:186} INFO - Started process (PID=221) to work on /home/airflow/.local/lib/python3.12/site-packages/airflow/example_dags/example_short_circuit_decorator.py
[2026-08-08T17:39:18.701+0000] {processor.py:914} INFO - Processing file /home/airflow/.local/lib/python3.12/site-packages/airflow/example_dags/example_short_circuit_decorator.py for tasks to queue
[2026-08-08T17:39:18.704+0000] {logging_mixin.py:190} INFO - [2026-08-08T17:39:18.703+0000] {dagbag.py:587} INFO - Filling up the DagBag from /home/airflow/.local/lib/python3.12/site-packages/airflow/example_dags/example_short_circuit_decorator.py
[2026-08-08T17:39:18.713+0000] {processor.py:925} INFO - DAG(s) 'example_short_circuit_decorator' retrieved from /home/airflow/.local/lib/python3.12/site-packages/airflow/example_dags/example_short_circuit_decorator.py
[2026-08-08T17:39:18.734+0000] {logging_mixin.py:190} INFO - [2026-08-08T17:39:18.734+0000] {dag.py:3211} INFO - Sync 1 DAGs
[2026-08-08T17:39:18.753+0000] {logging_mixin.py:190} INFO - [2026-08-08T17:39:18.753+0000] {dag.py:4138} INFO - Setting next_dagrun for example_short_circuit_decorator to 2026-08-07 00:00:00+00:00, run_after=2026-08-08 00:00:00+00:00
[2026-08-08T17:39:18.775+0000] {processor.py:208} INFO - Processing /home/airflow/.local/lib/python3.12/site-packages/airflow/example_dags/example_short_circuit_decorator.py took 0.081 seconds
[2026-08-08T17:39:49.128+0000] {processor.py:186} INFO - Started process (PID=284) to work on /home/airflow/.local/lib/python3.12/site-packages/airflow/example_dags/example_short_circuit_decorator.py
[2026-08-08T17:39:49.130+0000] {processor.py:914} INFO - Processing file /home/airflow/.local/lib/python3.12/site-packages/airflow/example_dags/example_short_circuit_decorator.py for tasks to queue
[2026-08-08T17:39:49.132+0000] {logging_mixin.py:190} INFO - [2026-08-08T17:39:49.132+0000] {dagbag.py:587} INFO - Filling up the DagBag from /home/airflow/.local/lib/python3.12/site-packages/airflow/example_dags/example_short_circuit_decorator.py
[2026-08-08T17:39:49.143+0000] {processor.py:925} INFO - DAG(s) 'example_short_circuit_decorator' retrieved from /home/airflow/.local/lib/python3.12/site-packages/airflow/example_dags/example_short_circuit_decorator.py
[2026-08-08T17:39:49.163+0000] {logging_mixin.py:190} INFO - [2026-08-08T17:39:49.163+0000] {dag.py:3211} INFO - Sync 1 DAGs
[2026-08-08T17:39:49.180+0000] {logging_mixin.py:190} INFO - [2026-08-08T17:39:49.180+0000] {dag.py:4138} INFO - Setting next_dagrun for example_short_circuit_decorator to 2026-08-07 00:00:00+00:00, run_after=2026-08-08 00:00:00+00:00
[2026-08-08T17:39:49.205+0000] {processor.py:208} INFO - Processing /home/airflow/.local/lib/python3.12/site-packages/airflow/example_dags/example_short_circuit_decorator.py took 0.081 seconds
[2026-08-08T17:42:40.909+0000] {processor.py:186} INFO - Started process (PID=107) to work on /home/airflow/.local/lib/python3.12/site-packages/airflow/example_dags/example_short_circuit_decorator.py
[2026-08-08T17:42:40.911+0000] {processor.py:914} INFO - Processing file /home/airflow/.local/lib/python3.12/site-packages/airflow/example_dags/example_short_circuit_decorator.py for tasks to queue
[2026-08-08T17:42:40.914+0000] {logging_mixin.py:190} INFO - [2026-08-08T17:42:40.914+0000] {dagbag.py:587} INFO - Filling up the DagBag from /home/airflow/.local/lib/python3.12/site-packages/airflow/example_dags/example_short_circuit_decorator.py
[2026-08-08T17:42:40.925+0000] {processor.py:925} INFO - DAG(s) 'example_short_circuit_decorator' retrieved from /home/airflow/.local/lib/python3.12/site-packages/airflow/example_dags/example_short_circuit_decorator.py
[2026-08-08T17:42:40.948+0000] {logging_mixin.py:190} INFO - [2026-08-08T17:42:40.947+0000] {dag.py:3211} INFO - Sync 1 DAGs
[2026-08-08T17:42:40.977+0000] {logging_mixin.py:190} INFO - [2026-08-08T17:42:40.977+0000] {dag.py:4138} INFO - Setting next_dagrun for example_short_circuit_decorator to 2026-08-07 00:00:00+00:00, run_after=2026-08-08 00:00:00+00:00
[2026-08-08T17:42:40.998+0000] {processor.py:208} INFO - Processing /home/airflow/.local/lib/python3.12/site-packages/airflow/example_dags/example_short_circuit_decorator.py took 0.095 seconds
[2026-08-08T17:43:11.382+0000] {processor.py:186} INFO - Started process (PID=170) to work on /home/airflow/.local/lib/python3.12/site-packages/airflow/example_dags/example_short_circuit_decorator.py
[2026-08-08T17:43:11.385+0000] {processor.py:914} INFO - Processing file /home/airflow/.local/lib/python3.12/site-packages/airflow/example_dags/example_short_circuit_decorator.py for tasks to queue
[2026-08-08T17:43:11.389+0000] {logging_mixin.py:190} INFO - [2026-08-08T17:43:11.388+0000] {dagbag.py:587} INFO - Filling up the DagBag from /home/airflow/.local/lib/python3.12/site-packages/airflow/example_dags/example_short_circuit_decorator.py
[2026-08-08T17:43:11.405+0000] {processor.py:925} INFO - DAG(s) 'example_short_circuit_decorator' retrieved from /home/airflow/.local/lib/python3.12/site-packages/airflow/example_dags/example_short_circuit_decorator.py
[2026-08-08T17:43:11.437+0000] {logging_mixin.py:190} INFO - [2026-08-08T17:43:11.436+0000] {dag.py:3211} INFO - Sync 1 DAGs
[2026-08-08T17:43:11.465+0000] {logging_mixin.py:190} INFO - [2026-08-08T17:43:11.464+0000] {dag.py:4138} INFO - Setting next_dagrun for example_short_circuit_decorator to 2026-08-07 00:00:00+00:00, run_after=2026-08-08 00:00:00+00:00
[2026-08-08T17:43:11.491+0000] {processor.py:208} INFO - Processing /home/airflow/.local/lib/python3.12/site-packages/airflow/example_dags/example_short_circuit_decorator.py took 0.118 seconds
[2026-08-08T17:43:42.869+0000] {processor.py:186} INFO - Started process (PID=233) to work on /home/airflow/.local/lib/python3.12/site-packages/airflow/example_dags/example_short_circuit_decorator.py
[2026-08-08T17:43:42.871+0000] {processor.py:914} INFO - Processing file /home/airflow/.local/lib/python3.12/site-packages/airflow/example_dags/example_short_circuit_decorator.py for tasks to queue
[2026-08-08T17:43:42.874+0000] {logging_mixin.py:190} INFO - [2026-08-08T17:43:42.873+0000] {dagbag.py:587} INFO - Filling up the DagBag from /home/airflow/.local/lib/python3.12/site-packages/airflow/example_dags/example_short_circuit_decorator.py
[2026-08-08T17:43:42.890+0000] {processor.py:925} INFO - DAG(s) 'example_short_circuit_decorator' retrieved from /home/airflow/.local/lib/python3.12/site-packages/airflow/example_dags/example_short_circuit_decorator.py
[2026-08-08T17:43:42.916+0000] {logging_mixin.py:190} INFO - [2026-08-08T17:43:42.916+0000] {dag.py:3211} INFO - Sync 1 DAGs
[2026-08-08T17:43:42.942+0000] {logging_mixin.py:190} INFO - [2026-08-08T17:43:42.942+0000] {dag.py:4138} INFO - Setting next_dagrun for example_short_circuit_decorator to 2026-08-07 00:00:00+00:00, run_after=2026-08-08 00:00:00+00:00
[2026-08-08T17:43:42.971+0000] {processor.py:208} INFO - Processing /home/airflow/.local/lib/python3.12/site-packages/airflow/example_dags/example_short_circuit_decorator.py took 0.110 seconds
[2026-08-08T17:44:13.684+0000] {processor.py:186} INFO - Started process (PID=296) to work on /home/airflow/.local/lib/python3.12/site-packages/airflow/example_dags/example_short_circuit_decorator.py
[2026-08-08T17:44:13.686+0000] {processor.py:914} INFO - Processing file /home/airflow/.local/lib/python3.12/site-packages/airflow/example_dags/example_short_circuit_decorator.py for tasks to queue
[2026-08-08T17:44:13.689+0000] {logging_mixin.py:190} INFO - [2026-08-08T17:44:13.688+0000] {dagbag.py:587} INFO - Filling up the DagBag from /home/airflow/.local/lib/python3.12/site-packages/airflow/example_dags/example_short_circuit_decorator.py
[2026-08-08T17:44:13.699+0000] {processor.py:925} INFO - DAG(s) 'example_short_circuit_decorator' retrieved from /home/airflow/.local/lib/python3.12/site-packages/airflow/example_dags/example_short_circuit_decorator.py
[2026-08-08T17:44:13.725+0000] {logging_mixin.py:190} INFO - [2026-08-08T17:44:13.725+0000] {dag.py:3211} INFO - Sync 1 DAGs
[2026-08-08T17:44:13.750+0000] {logging_mixin.py:190} INFO - [2026-08-08T17:44:13.750+0000] {dag.py:4138} INFO - Setting next_dagrun for example_short_circuit_decorator to 2026-08-07 00:00:00+00:00, run_after=2026-08-08 00:00:00+00:00
[2026-08-08T17:44:13.782+0000] {processor.py:208} INFO - Processing /home/airflow/.local/lib/python3.12/site-packages/airflow/example_dags/example_short_circuit_decorator.py took 0.104 seconds
[2026-08-08T17:44:44.304+0000] {processor.py:186} INFO - Started process (PID=359) to work on /home/airflow/.local/lib/python3.12/site-packages/airflow/example_dags/example_short_circuit_decorator.py
[2026-08-08T17:44:44.306+0000] {processor.py:914} INFO - Processing file /home/airflow/.local/lib/python3.12/site-packages/airflow/example_dags/example_short_circuit_decorator.py for tasks to queue
[2026-08-08T17:44:44.308+0000] {logging_mixin.py:190} INFO - [2026-08-08T17:44:44.308+0000] {dagbag.py:587} INFO - Filling up the DagBag from /home/airflow/.local/lib/python3.12/site-packages/airflow/example_dags/example_short_circuit_decorator.py
[2026-08-08T17:44:44.316+0000] {processor.py:925} INFO - DAG(s) 'example_short_circuit_decorator' retrieved from /home/airflow/.local/lib/python3.12/site-packages/airflow/example_dags/example_short_circuit_decorator.py
[2026-08-08T17:44:44.334+0000] {logging_mixin.py:190} INFO - [2026-08-08T17:44:44.334+0000] {dag.py:3211} INFO - Sync 1 DAGs
[2026-08-08T17:44:44.350+0000] {logging_mixin.py:190} INFO - [2026-08-08T17:44:44.350+0000] {dag.py:4138} INFO - Setting next_dagrun for example_short_circuit_decorator to 2026-08-07 00:00:00+00:00, run_after=2026-08-08 00:00:00+00:00
[2026-08-08T17:44:44.369+0000] {processor.py:208} INFO - Processing /home/airflow/.local/lib/python3.12/site-packages/airflow/example_dags/example_short_circuit_decorator.py took 0.069 seconds
[2026-08-08T17:45:14.682+0000] {processor.py:186} INFO - Started process (PID=422) to work on /home/airflow/.local/lib/python3.12/site-packages/airflow/example_dags/example_short_circuit_decorator.py
[2026-08-08T17:45:14.684+0000] {processor.py:914} INFO - Processing file /home/airflow/.local/lib/python3.12/site-packages/airflow/example_dags/example_short_circuit_decorator.py for tasks to queue
[2026-08-08T17:45:14.687+0000] {logging_mixin.py:190} INFO - [2026-08-08T17:45:14.686+0000] {dagbag.py:587} INFO - Filling up the DagBag from /home/airflow/.local/lib/python3.12/site-packages/airflow/example_dags/example_short_circuit_decorator.py
[2026-08-08T17:45:14.698+0000] {processor.py:925} INFO - DAG(s) 'example_short_circuit_decorator' retrieved from /home/airflow/.local/lib/python3.12/site-packages/airflow/example_dags/example_short_circuit_decorator.py
[2026-08-08T17:45:14.716+0000] {logging_mixin.py:190} INFO - [2026-08-08T17:45:14.716+0000] {dag.py:3211} INFO - Sync 1 DAGs
[2026-08-08T17:45:14.732+0000] {logging_mixin.py:190} INFO - [2026-08-08T17:45:14.732+0000] {dag.py:4138} INFO - Setting next_dagrun for example_short_circuit_decorator to 2026-08-07 00:00:00+00:00, run_after=2026-08-08 00:00:00+00:00
[2026-08-08T17:45:14.747+0000] {processor.py:208} INFO - Processing /home/airflow/.local/lib/python3.12/site-packages/airflow/example_dags/example_short_circuit_decorator.py took 0.071 seconds
[2026-08-08T17:45:44.960+0000] {processor.py:186} INFO - Started process (PID=485) to work on /home/airflow/.local/lib/python3.12/site-packages/airflow/example_dags/example_short_circuit_decorator.py
[2026-08-08T17:45:44.961+0000] {processor.py:914} INFO - Processing file /home/airflow/.local/lib/python3.12/site-packages/airflow/example_dags/example_short_circuit_decorator.py for tasks to queue
[2026-08-08T17:45:44.964+0000] {logging_mixin.py:190} INFO - [2026-08-08T17:45:44.963+0000] {dagbag.py:587} INFO - Filling up the DagBag from /home/airflow/.local/lib/python3.12/site-packages/airflow/example_dags/example_short_circuit_decorator.py
[2026-08-08T17:45:44.974+0000] {processor.py:925} INFO - DAG(s) 'example_short_circuit_decorator' retrieved from /home/airflow/.local/lib/python3.12/site-packages/airflow/example_dags/example_short_circuit_decorator.py
[2026-08-08T17:45:44.996+0000] {logging_mixin.py:190} INFO - [2026-08-08T17:45:44.996+0000] {dag.py:3211} INFO - Sync 1 DAGs
[2026-08-08T17:45:45.020+0000] {logging_mixin.py:190} INFO - [2026-08-08T17:45:45.020+0000] {dag.py:4138} INFO - Setting next_dagrun for example_short_circuit_decorator to 2026-08-07 00:00:00+00:00, run_after=2026-08-08 00:00:00+00:00
[2026-08-08T17:45:45.044+0000] {processor.py:208} INFO - Processing /home/airflow/.local/lib/python3.12/site-packages/airflow/example_dags/example_short_circuit_decorator.py took 0.091 seconds
[2026-08-08T17:47:14.828+0000] {processor.py:186} INFO - Started process (PID=108) to work on /home/airflow/.local/lib/python3.12/site-packages/airflow/example_dags/example_short_circuit_decorator.py
[2026-08-08T17:47:14.830+0000] {processor.py:914} INFO - Processing file /home/airflow/.local/lib/python3.12/site-packages/airflow/example_dags/example_short_circuit_decorator.py for tasks to queue
[2026-08-08T17:47:14.833+0000] {logging_mixin.py:190} INFO - [2026-08-08T17:47:14.833+0000] {dagbag.py:587} INFO - Filling up the DagBag from /home/airflow/.local/lib/python3.12/site-packages/airflow/example_dags/example_short_circuit_decorator.py
[2026-08-08T17:47:14.845+0000] {processor.py:925} INFO - DAG(s) 'example_short_circuit_decorator' retrieved from /home/airflow/.local/lib/python3.12/site-packages/airflow/example_dags/example_short_circuit_decorator.py
[2026-08-08T17:47:14.871+0000] {logging_mixin.py:190} INFO - [2026-08-08T17:47:14.871+0000] {dag.py:3211} INFO - Sync 1 DAGs
[2026-08-08T17:47:14.897+0000] {logging_mixin.py:190} INFO - [2026-08-08T17:47:14.896+0000] {dag.py:4138} INFO - Setting next_dagrun for example_short_circuit_decorator to 2026-08-07 00:00:00+00:00, run_after=2026-08-08 00:00:00+00:00
[2026-08-08T17:47:14.917+0000] {processor.py:208} INFO - Processing /home/airflow/.local/lib/python3.12/site-packages/airflow/example_dags/example_short_circuit_decorator.py took 0.096 seconds
[2026-08-08T17:47:45.550+0000] {processor.py:186} INFO - Started process (PID=171) to work on /home/airflow/.local/lib/python3.12/site-packages/airflow/example_dags/example_short_circuit_decorator.py
[2026-08-08T17:47:45.552+0000] {processor.py:914} INFO - Processing file /home/airflow/.local/lib/python3.12/site-packages/airflow/example_dags/example_short_circuit_decorator.py for tasks to queue
[2026-08-08T17:47:45.554+0000] {logging_mixin.py:190} INFO - [2026-08-08T17:47:45.554+0000] {dagbag.py:587} INFO - Filling up the DagBag from /home/airflow/.local/lib/python3.12/site-packages/airflow/example_dags/example_short_circuit_decorator.py
[2026-08-08T17:47:45.564+0000] {processor.py:925} INFO - DAG(s) 'example_short_circuit_decorator' retrieved from /home/airflow/.local/lib/python3.12/site-packages/airflow/example_dags/example_short_circuit_decorator.py
[2026-08-08T17:47:45.586+0000] {logging_mixin.py:190} INFO - [2026-08-08T17:47:45.586+0000] {dag.py:3211} INFO - Sync 1 DAGs
[2026-08-08T17:47:45.612+0000] {logging_mixin.py:190} INFO - [2026-08-08T17:47:45.612+0000] {dag.py:4138} INFO - Setting next_dagrun for example_short_circuit_decorator to 2026-08-07 00:00:00+00:00, run_after=2026-08-08 00:00:00+00:00
[2026-08-08T17:47:45.637+0000] {processor.py:208} INFO - Processing /home/airflow/.local/lib/python3.12/site-packages/airflow/example_dags/example_short_circuit_decorator.py took 0.092 seconds
[2026-08-08T17:48:16.997+0000] {processor.py:186} INFO - Started process (PID=240) to work on /home/airflow/.local/lib/python3.12/site-packages/airflow/example_dags/example_short_circuit_decorator.py
[2026-08-08T17:48:16.998+0000] {processor.py:914} INFO - Processing file /home/airflow/.local/lib/python3.12/site-packages/airflow/example_dags/example_short_circuit_decorator.py for tasks to queue
[2026-08-08T17:48:17.000+0000] {logging_mixin.py:190} INFO - [2026-08-08T17:48:17.000+0000] {dagbag.py:587} INFO - Filling up the DagBag from /home/airflow/.local/lib/python3.12/site-packages/airflow/example_dags/example_short_circuit_decorator.py
[2026-08-08T17:48:17.010+0000] {processor.py:925} INFO - DAG(s) 'example_short_circuit_decorator' retrieved from /home/airflow/.local/lib/python3.12/site-packages/airflow/example_dags/example_short_circuit_decorator.py
[2026-08-08T17:48:17.029+0000] {logging_mixin.py:190} INFO - [2026-08-08T17:48:17.029+0000] {dag.py:3211} INFO - Sync 1 DAGs
[2026-08-08T17:48:17.045+0000] {logging_mixin.py:190} INFO - [2026-08-08T17:48:17.045+0000] {dag.py:4138} INFO - Setting next_dagrun for example_short_circuit_decorator to 2026-08-07 00:00:00+00:00, run_after=2026-08-08 00:00:00+00:00
[2026-08-08T17:48:17.066+0000] {processor.py:208} INFO - Processing /home/airflow/.local/lib/python3.12/site-packages/airflow/example_dags/example_short_circuit_decorator.py took 0.075 seconds
[2026-08-08T17:48:47.461+0000] {processor.py:186} INFO - Started process (PID=303) to work on /home/airflow/.local/lib/python3.12/site-packages/airflow/example_dags/example_short_circuit_decorator.py
[2026-08-08T17:48:47.462+0000] {processor.py:914} INFO - Processing file /home/airflow/.local/lib/python3.12/site-packages/airflow/example_dags/example_short_circuit_decorator.py for tasks to queue
[2026-08-08T17:48:47.465+0000] {logging_mixin.py:190} INFO - [2026-08-08T17:48:47.465+0000] {dagbag.py:587} INFO - Filling up the DagBag from /home/airflow/.local/lib/python3.12/site-packages/airflow/example_dags/example_short_circuit_decorator.py
[2026-08-08T17:48:47.476+0000] {processor.py:925} INFO - DAG(s) 'example_short_circuit_decorator' retrieved from /home/airflow/.local/lib/python3.12/site-packages/airflow/example_dags/example_short_circuit_decorator.py
[2026-08-08T17:48:47.506+0000] {logging_mixin.py:190} INFO - [2026-08-08T17:48:47.505+0000] {dag.py:3211} INFO - Sync 1 DAGs
[2026-08-08T17:48:47.534+0000] {logging_mixin.py:190} INFO - [2026-08-08T17:48:47.534+0000] {dag.py:4138} INFO - Setting next_dagrun for example_short_circuit_decorator to 2026-08-07 00:00:00+00:00, run_after=2026-08-08 00:00:00+00:00
[2026-08-08T17:48:47.557+0000] {processor.py:208} INFO - Processing /home/airflow/.local/lib/python3.12/site-packages/airflow/example_dags/example_short_circuit_decorator.py took 0.103 seconds
[2026-08-08T17:52:38.570+0000] {processor.py:186} INFO - Started process (PID=107) to work on /home/airflow/.local/lib/python3.12/site-packages/airflow/example_dags/example_short_circuit_decorator.py
[2026-08-08T17:52:38.573+0000] {processor.py:914} INFO - Processing file /home/airflow/.local/lib/python3.12/site-packages/airflow/example_dags/example_short_circuit_decorator.py for tasks to queue
[2026-08-08T17:52:38.582+0000] {logging_mixin.py:190} INFO - [2026-08-08T17:52:38.581+0000] {dagbag.py:587} INFO - Filling up the DagBag from /home/airflow/.local/lib/python3.12/site-packages/airflow/example_dags/example_short_circuit_decorator.py
[2026-08-08T17:52:38.604+0000] {processor.py:925} INFO - DAG(s) 'example_short_circuit_decorator' retrieved from /home/airflow/.local/lib/python3.12/site-packages/airflow/example_dags/example_short_circuit_decorator.py
[2026-08-08T17:52:38.652+0000] {logging_mixin.py:190} INFO - [2026-08-08T17:52:38.651+0000] {dag.py:3211} INFO - Sync 1 DAGs
[2026-08-08T17:52:38.693+0000] {logging_mixin.py:190} INFO - [2026-08-08T17:52:38.692+0000] {dag.py:4138} INFO - Setting next_dagrun for example_short_circuit_decorator to 2026-08-07 00:00:00+00:00, run_after=2026-08-08 00:00:00+00:00
[2026-08-08T17:52:38.723+0000] {processor.py:208} INFO - Processing /home/airflow/.local/lib/python3.12/site-packages/airflow/example_dags/example_short_circuit_decorator.py took 0.163 seconds
[2026-08-08T17:53:09.169+0000] {processor.py:186} INFO - Started process (PID=170) to work on /home/airflow/.local/lib/python3.12/site-packages/airflow/example_dags/example_short_circuit_decorator.py
[2026-08-08T17:53:09.170+0000] {processor.py:914} INFO - Processing file /home/airflow/.local/lib/python3.12/site-packages/airflow/example_dags/example_short_circuit_decorator.py for tasks to queue
[2026-08-08T17:53:09.173+0000] {logging_mixin.py:190} INFO - [2026-08-08T17:53:09.172+0000] {dagbag.py:587} INFO - Filling up the DagBag from /home/airflow/.local/lib/python3.12/site-packages/airflow/example_dags/example_short_circuit_decorator.py
[2026-08-08T17:53:09.181+0000] {processor.py:925} INFO - DAG(s) 'example_short_circuit_decorator' retrieved from /home/airflow/.local/lib/python3.12/site-packages/airflow/example_dags/example_short_circuit_decorator.py
[2026-08-08T17:53:09.198+0000] {logging_mixin.py:190} INFO - [2026-08-08T17:53:09.198+0000] {dag.py:3211} INFO - Sync 1 DAGs
[2026-08-08T17:53:09.214+0000] {logging_mixin.py:190} INFO - [2026-08-08T17:53:09.214+0000] {dag.py:4138} INFO - Setting next_dagrun for example_short_circuit_decorator to 2026-08-07 00:00:00+00:00, run_after=2026-08-08 00:00:00+00:00
[2026-08-08T17:53:09.231+0000] {processor.py:208} INFO - Processing /home/airflow/.local/lib/python3.12/site-packages/airflow/example_dags/example_short_circuit_decorator.py took 0.067 seconds
[2026-08-08T17:53:39.681+0000] {processor.py:186} INFO - Started process (PID=233) to work on /home/airflow/.local/lib/python3.12/site-packages/airflow/example_dags/example_short_circuit_decorator.py
[2026-08-08T17:53:39.683+0000] {processor.py:914} INFO - Processing file /home/airflow/.local/lib/python3.12/site-packages/airflow/example_dags/example_short_circuit_decorator.py for tasks to queue
[2026-08-08T17:53:39.688+0000] {logging_mixin.py:190} INFO - [2026-08-08T17:53:39.687+0000] {dagbag.py:587} INFO - Filling up the DagBag from /home/airflow/.local/lib/python3.12/site-packages/airflow/example_dags/example_short_circuit_decorator.py
[2026-08-08T17:53:39.705+0000] {processor.py:925} INFO - DAG(s) 'example_short_circuit_decorator' retrieved from /home/airflow/.local/lib/python3.12/site-packages/airflow/example_dags/example_short_circuit_decorator.py
[2026-08-08T17:53:39.724+0000] {logging_mixin.py:190} INFO - [2026-08-08T17:53:39.724+0000] {dag.py:3211} INFO - Sync 1 DAGs
[2026-08-08T17:53:39.742+0000] {logging_mixin.py:190} INFO - [2026-08-08T17:53:39.742+0000] {dag.py:4138} INFO - Setting next_dagrun for example_short_circuit_decorator to 2026-08-07 00:00:00+00:00, run_after=2026-08-08 00:00:00+00:00
[2026-08-08T17:53:39.761+0000] {processor.py:208} INFO - Processing /home/airflow/.local/lib/python3.12/site-packages/airflow/example_dags/example_short_circuit_decorator.py took 0.093 seconds
[2026-08-08T17:54:10.772+0000] {processor.py:186} INFO - Started process (PID=296) to work on /home/airflow/.local/lib/python3.12/site-packages/airflow/example_dags/example_short_circuit_decorator.py
[2026-08-08T17:54:10.775+0000] {processor.py:914} INFO - Processing file /home/airflow/.local/lib/python3.12/site-packages/airflow/example_dags/example_short_circuit_decorator.py for tasks to queue
[2026-08-08T17:54:10.779+0000] {logging_mixin.py:190} INFO - [2026-08-08T17:54:10.779+0000] {dagbag.py:587} INFO - Filling up the DagBag from /home/airflow/.local/lib/python3.12/site-packages/airflow/example_dags/example_short_circuit_decorator.py
[2026-08-08T17:54:10.801+0000] {processor.py:925} INFO - DAG(s) 'example_short_circuit_decorator' retrieved from /home/airflow/.local/lib/python3.12/site-packages/airflow/example_dags/example_short_circuit_decorator.py
[2026-08-08T17:54:10.849+0000] {logging_mixin.py:190} INFO - [2026-08-08T17:54:10.849+0000] {dag.py:3211} INFO - Sync 1 DAGs
[2026-08-08T17:54:10.885+0000] {logging_mixin.py:190} INFO - [2026-08-08T17:54:10.884+0000] {dag.py:4138} INFO - Setting next_dagrun for example_short_circuit_decorator to 2026-08-07 00:00:00+00:00, run_after=2026-08-08 00:00:00+00:00
[2026-08-08T17:54:10.916+0000] {processor.py:208} INFO - Processing /home/airflow/.local/lib/python3.12/site-packages/airflow/example_dags/example_short_circuit_decorator.py took 0.152 seconds
[2026-08-08T17:54:41.336+0000] {processor.py:186} INFO - Started process (PID=359) to work on /home/airflow/.local/lib/python3.12/site-packages/airflow/example_dags/example_short_circuit_decorator.py
[2026-08-08T17:54:41.338+0000] {processor.py:914} INFO - Processing file /home/airflow/.local/lib/python3.12/site-packages/airflow/example_dags/example_short_circuit_decorator.py for tasks to queue
[2026-08-08T17:54:41.341+0000] {logging_mixin.py:190} INFO - [2026-08-08T17:54:41.341+0000] {dagbag.py:587} INFO - Filling up the DagBag from /home/airflow/.local/lib/python3.12/site-packages/airflow/example_dags/example_short_circuit_decorator.py
[2026-08-08T17:54:41.353+0000] {processor.py:925} INFO - DAG(s) 'example_short_circuit_decorator' retrieved from /home/airflow/.local/lib/python3.12/site-packages/airflow/example_dags/example_short_circuit_decorator.py
[2026-08-08T17:54:41.379+0000] {logging_mixin.py:190} INFO - [2026-08-08T17:54:41.378+0000] {dag.py:3211} INFO - Sync 1 DAGs
[2026-08-08T17:54:41.401+0000] {logging_mixin.py:190} INFO - [2026-08-08T17:54:41.401+0000] {dag.py:4138} INFO - Setting next_dagrun for example_short_circuit_decorator to 2026-08-07 00:00:00+00:00, run_after=2026-08-08 00:00:00+00:00
[2026-08-08T17:54:41.425+0000] {processor.py:208} INFO - Processing /home/airflow/.local/lib/python3.12/site-packages/airflow/example_dags/example_short_circuit_decorator.py took 0.097 seconds
[2026-08-08T17:55:11.615+0000] {processor.py:186} INFO - Started process (PID=422) to work on /home/airflow/.local/lib/python3.12/site-packages/airflow/example_dags/example_short_circuit_decorator.py
[2026-08-08T17:55:11.616+0000] {processor.py:914} INFO - Processing file /home/airflow/.local/lib/python3.12/site-packages/airflow/example_dags/example_short_circuit_decorator.py for tasks to queue
[2026-08-08T17:55:11.619+0000] {logging_mixin.py:190} INFO - [2026-08-08T17:55:11.618+0000] {dagbag.py:587} INFO - Filling up the DagBag from /home/airflow/.local/lib/python3.12/site-packages/airflow/example_dags/example_short_circuit_decorator.py
[2026-08-08T17:55:11.626+0000] {processor.py:925} INFO - DAG(s) 'example_short_circuit_decorator' retrieved from /home/airflow/.local/lib/python3.12/site-packages/airflow/example_dags/example_short_circuit_decorator.py
[2026-08-08T17:55:11.643+0000] {logging_mixin.py:190} INFO - [2026-08-08T17:55:11.643+0000] {dag.py:3211} INFO - Sync 1 DAGs
[2026-08-08T17:55:11.658+0000] {logging_mixin.py:190} INFO - [2026-08-08T17:55:11.658+0000] {dag.py:4138} INFO - Setting next_dagrun for example_short_circuit_decorator to 2026-08-07 00:00:00+00:00, run_after=2026-08-08 00:00:00+00:00
[2026-08-08T17:55:11.675+0000] {processor.py:208} INFO - Processing /home/airflow/.local/lib/python3.12/site-packages/airflow/example_dags/example_short_circuit_decorator.py took 0.064 seconds
[2026-08-08T17:55:42.248+0000] {processor.py:186} INFO - Started process (PID=485) to work on /home/airflow/.local/lib/python3.12/site-packages/airflow/example_dags/example_short_circuit_decorator.py
[2026-08-08T17:55:42.250+0000] {processor.py:914} INFO - Processing file /home/airflow/.local/lib/python3.12/site-packages/airflow/example_dags/example_short_circuit_decorator.py for tasks to queue
[2026-08-08T17:55:42.252+0000] {logging_mixin.py:190} INFO - [2026-08-08T17:55:42.252+0000] {dagbag.py:587} INFO - Filling up the DagBag from /home/airflow/.local/lib/python3.12/site-packages/airflow/example_dags/example_short_circuit_decorator.py
[2026-08-08T17:55:42.261+0000] {processor.py:925} INFO - DAG(s) 'example_short_circuit_decorator' retrieved from /home/airflow/.local/lib/python3.12/site-packages/airflow/example_dags/example_short_circuit_decorator.py
[2026-08-08T17:55:42.280+0000] {logging_mixin.py:190} INFO - [2026-08-08T17:55:42.280+0000] {dag.py:3211} INFO - Sync 1 DAGs
[2026-08-08T17:55:42.299+0000] {logging_mixin.py:190} INFO - [2026-08-08T17:55:42.298+0000] {dag.py:4138} INFO - Setting next_dagrun for example_short_circuit_decorator to 2026-08-07 00:00:00+00:00, run_after=2026-08-08 00:00:00+00:00
[2026-08-08T17:55:42.318+0000] {processor.py:208} INFO - Processing /home/airflow/.local/lib/python3.12/site-packages/airflow/example_dags/example_short_circuit_decorator.py took 0.076 seconds
[2026-08-08T17:56:12.568+0000] {processor.py:186} INFO - Started process (PID=548) to work on /home/airflow/.local/lib/python3.12/site-packages/airflow/example_dags/example_short_circuit_decorator.py
[2026-08-08T17:56:12.569+0000] {processor.py:914} INFO - Processing file /home/airflow/.local/lib/python3.12/site-packages/airflow/example_dags/example_short_circuit_decorator.py for tasks to queue
[2026-08-08T17:56:12.572+0000] {logging_mixin.py:190} INFO - [2026-08-08T17:56:12.572+0000] {dagbag.py:587} INFO - Filling up the DagBag from /home/airflow/.local/lib/python3.12/site-packages/airflow/example_dags/example_short_circuit_decorator.py
[2026-08-08T17:56:12.581+0000] {processor.py:925} INFO - DAG(s) 'example_short_circuit_decorator' retrieved from /home/airflow/.local/lib/python3.12/site-packages/airflow/example_dags/example_short_circuit_decorator.py
[2026-08-08T17:56:12.602+0000] {logging_mixin.py:190} INFO - [2026-08-08T17:56:12.602+0000] {dag.py:3211} INFO - Sync 1 DAGs
[2026-08-08T17:56:12.620+0000] {logging_mixin.py:190} INFO - [2026-08-08T17:56:12.620+0000] {dag.py:4138} INFO - Setting next_dagrun for example_short_circuit_decorator to 2026-08-07 00:00:00+00:00, run_after=2026-08-08 00:00:00+00:00
[2026-08-08T17:56:12.642+0000] {processor.py:208} INFO - Processing /home/airflow/.local/lib/python3.12/site-packages/airflow/example_dags/example_short_circuit_decorator.py took 0.079 seconds
[2026-08-08T17:56:43.078+0000] {processor.py:186} INFO - Started process (PID=611) to work on /home/airflow/.local/lib/python3.12/site-packages/airflow/example_dags/example_short_circuit_decorator.py
[2026-08-08T17:56:43.079+0000] {processor.py:914} INFO - Processing file /home/airflow/.local/lib/python3.12/site-packages/airflow/example_dags/example_short_circuit_decorator.py for tasks to queue
[2026-08-08T17:56:43.082+0000] {logging_mixin.py:190} INFO - [2026-08-08T17:56:43.082+0000] {dagbag.py:587} INFO - Filling up the DagBag from /home/airflow/.local/lib/python3.12/site-packages/airflow/example_dags/example_short_circuit_decorator.py
[2026-08-08T17:56:43.091+0000] {processor.py:925} INFO - DAG(s) 'example_short_circuit_decorator' retrieved from /home/airflow/.local/lib/python3.12/site-packages/airflow/example_dags/example_short_circuit_decorator.py
[2026-08-08T17:56:43.111+0000] {logging_mixin.py:190} INFO - [2026-08-08T17:56:43.111+0000] {dag.py:3211} INFO - Sync 1 DAGs
[2026-08-08T17:56:43.128+0000] {logging_mixin.py:190} INFO - [2026-08-08T17:56:43.128+0000] {dag.py:4138} INFO - Setting next_dagrun for example_short_circuit_decorator to 2026-08-07 00:00:00+00:00, run_after=2026-08-08 00:00:00+00:00
[2026-08-08T17:56:43.149+0000] {processor.py:208} INFO - Processing /home/airflow/.local/lib/python3.12/site-packages/airflow/example_dags/example_short_circuit_decorator.py took 0.077 seconds
[2026-08-08T17:57:13.853+0000] {processor.py:186} INFO - Started process (PID=674) to work on /home/airflow/.local/lib/python3.12/site-packages/airflow/example_dags/example_short_circuit_decorator.py
[2026-08-08T17:57:13.855+0000] {processor.py:914} INFO - Processing file /home/airflow/.local/lib/python3.12/site-packages/airflow/example_dags/example_short_circuit_decorator.py for tasks to queue
[2026-08-08T17:57:13.860+0000] {logging_mixin.py:190} INFO - [2026-08-08T17:57:13.860+0000] {dagbag.py:587} INFO - Filling up the DagBag from /home/airflow/.local/lib/python3.12/site-packages/airflow/example_dags/example_short_circuit_decorator.py
[2026-08-08T17:57:13.876+0000] {processor.py:925} INFO - DAG(s) 'example_short_circuit_decorator' retrieved from /home/airflow/.local/lib/python3.12/site-packages/airflow/example_dags/example_short_circuit_decorator.py
[2026-08-08T17:57:13.906+0000] {logging_mixin.py:190} INFO - [2026-08-08T17:57:13.905+0000] {dag.py:3211} INFO - Sync 1 DAGs
[2026-08-08T17:57:13.934+0000] {logging_mixin.py:190} INFO - [2026-08-08T17:57:13.934+0000] {dag.py:4138} INFO - Setting next_dagrun for example_short_circuit_decorator to 2026-08-07 00:00:00+00:00, run_after=2026-08-08 00:00:00+00:00
[2026-08-08T17:57:13.961+0000] {processor.py:208} INFO - Processing /home/airflow/.local/lib/python3.12/site-packages/airflow/example_dags/example_short_circuit_decorator.py took 0.117 seconds
[2026-08-08T18:08:20.521+0000] {processor.py:186} INFO - Started process (PID=737) to work on /home/airflow/.local/lib/python3.12/site-packages/airflow/example_dags/example_short_circuit_decorator.py
[2026-08-08T18:08:20.525+0000] {processor.py:914} INFO - Processing file /home/airflow/.local/lib/python3.12/site-packages/airflow/example_dags/example_short_circuit_decorator.py for tasks to queue
[2026-08-08T18:08:20.530+0000] {logging_mixin.py:190} INFO - [2026-08-08T18:08:20.529+0000] {dagbag.py:587} INFO - Filling up the DagBag from /home/airflow/.local/lib/python3.12/site-packages/airflow/example_dags/example_short_circuit_decorator.py
[2026-08-08T18:08:20.548+0000] {processor.py:925} INFO - DAG(s) 'example_short_circuit_decorator' retrieved from /home/airflow/.local/lib/python3.12/site-packages/airflow/example_dags/example_short_circuit_decorator.py
[2026-08-08T18:08:20.597+0000] {logging_mixin.py:190} INFO - [2026-08-08T18:08:20.596+0000] {dag.py:3211} INFO - Sync 1 DAGs
[2026-08-08T18:08:20.643+0000] {logging_mixin.py:190} INFO - [2026-08-08T18:08:20.643+0000] {dag.py:4138} INFO - Setting next_dagrun for example_short_circuit_decorator to 2026-08-07 00:00:00+00:00, run_after=2026-08-08 00:00:00+00:00
[2026-08-08T18:08:20.680+0000] {processor.py:208} INFO - Processing /home/airflow/.local/lib/python3.12/site-packages/airflow/example_dags/example_short_circuit_decorator.py took 0.168 seconds
[2026-08-08T18:08:51.401+0000] {processor.py:186} INFO - Started process (PID=800) to work on /home/airflow/.local/lib/python3.12/site-packages/airflow/example_dags/example_short_circuit_decorator.py
[2026-08-08T18:08:51.405+0000] {processor.py:914} INFO - Processing file /home/airflow/.local/lib/python3.12/site-packages/airflow/example_dags/example_short_circuit_decorator.py for tasks to queue
[2026-08-08T18:08:51.409+0000] {logging_mixin.py:190} INFO - [2026-08-08T18:08:51.408+0000] {dagbag.py:587} INFO - Filling up the DagBag from /home/airflow/.local/lib/python3.12/site-packages/airflow/example_dags/example_short_circuit_decorator.py
[2026-08-08T18:08:51.426+0000] {processor.py:925} INFO - DAG(s) 'example_short_circuit_decorator' retrieved from /home/airflow/.local/lib/python3.12/site-packages/airflow/example_dags/example_short_circuit_decorator.py
[2026-08-08T18:08:51.463+0000] {logging_mixin.py:190} INFO - [2026-08-08T18:08:51.462+0000] {dag.py:3211} INFO - Sync 1 DAGs
[2026-08-08T18:08:51.495+0000] {logging_mixin.py:190} INFO - [2026-08-08T18:08:51.494+0000] {dag.py:4138} INFO - Setting next_dagrun for example_short_circuit_decorator to 2026-08-07 00:00:00+00:00, run_after=2026-08-08 00:00:00+00:00
[2026-08-08T18:08:51.522+0000] {processor.py:208} INFO - Processing /home/airflow/.local/lib/python3.12/site-packages/airflow/example_dags/example_short_circuit_decorator.py took 0.131 seconds
[2026-08-08T18:09:21.689+0000] {processor.py:186} INFO - Started process (PID=863) to work on /home/airflow/.local/lib/python3.12/site-packages/airflow/example_dags/example_short_circuit_decorator.py
[2026-08-08T18:09:21.692+0000] {processor.py:914} INFO - Processing file /home/airflow/.local/lib/python3.12/site-packages/airflow/example_dags/example_short_circuit_decorator.py for tasks to queue
[2026-08-08T18:09:21.696+0000] {logging_mixin.py:190} INFO - [2026-08-08T18:09:21.695+0000] {dagbag.py:587} INFO - Filling up the DagBag from /home/airflow/.local/lib/python3.12/site-packages/airflow/example_dags/example_short_circuit_decorator.py
[2026-08-08T18:09:21.712+0000] {processor.py:925} INFO - DAG(s) 'example_short_circuit_decorator' retrieved from /home/airflow/.local/lib/python3.12/site-packages/airflow/example_dags/example_short_circuit_decorator.py
[2026-08-08T18:09:21.755+0000] {logging_mixin.py:190} INFO - [2026-08-08T18:09:21.755+0000] {dag.py:3211} INFO - Sync 1 DAGs
[2026-08-08T18:09:21.795+0000] {logging_mixin.py:190} INFO - [2026-08-08T18:09:21.795+0000] {dag.py:4138} INFO - Setting next_dagrun for example_short_circuit_decorator to 2026-08-07 00:00:00+00:00, run_after=2026-08-08 00:00:00+00:00
[2026-08-08T18:09:21.830+0000] {processor.py:208} INFO - Processing /home/airflow/.local/lib/python3.12/site-packages/airflow/example_dags/example_short_circuit_decorator.py took 0.150 seconds
[2026-08-08T18:09:52.122+0000] {processor.py:186} INFO - Started process (PID=926) to work on /home/airflow/.local/lib/python3.12/site-packages/airflow/example_dags/example_short_circuit_decorator.py
[2026-08-08T18:09:52.123+0000] {processor.py:914} INFO - Processing file /home/airflow/.local/lib/python3.12/site-packages/airflow/example_dags/example_short_circuit_decorator.py for tasks to queue
[2026-08-08T18:09:52.129+0000] {logging_mixin.py:190} INFO - [2026-08-08T18:09:52.128+0000] {dagbag.py:587} INFO - Filling up the DagBag from /home/airflow/.local/lib/python3.12/site-packages/airflow/example_dags/example_short_circuit_decorator.py
[2026-08-08T18:09:52.145+0000] {processor.py:925} INFO - DAG(s) 'example_short_circuit_decorator' retrieved from /home/airflow/.local/lib/python3.12/site-packages/airflow/example_dags/example_short_circuit_decorator.py
[2026-08-08T18:09:52.180+0000] {logging_mixin.py:190} INFO - [2026-08-08T18:09:52.180+0000] {dag.py:3211} INFO - Sync 1 DAGs
[2026-08-08T18:09:52.210+0000] {logging_mixin.py:190} INFO - [2026-08-08T18:09:52.209+0000] {dag.py:4138} INFO - Setting next_dagrun for example_short_circuit_decorator to 2026-08-07 00:00:00+00:00, run_after=2026-08-08 00:00:00+00:00
[2026-08-08T18:09:52.237+0000] {processor.py:208} INFO - Processing /home/airflow/.local/lib/python3.12/site-packages/airflow/example_dags/example_short_circuit_decorator.py took 0.124 seconds
[2026-08-08T18:10:22.466+0000] {processor.py:186} INFO - Started process (PID=990) to work on /home/airflow/.local/lib/python3.12/site-packages/airflow/example_dags/example_short_circuit_decorator.py
[2026-08-08T18:10:22.468+0000] {processor.py:914} INFO - Processing file /home/airflow/.local/lib/python3.12/site-packages/airflow/example_dags/example_short_circuit_decorator.py for tasks to queue
[2026-08-08T18:10:22.472+0000] {logging_mixin.py:190} INFO - [2026-08-08T18:10:22.471+0000] {dagbag.py:587} INFO - Filling up the DagBag from /home/airflow/.local/lib/python3.12/site-packages/airflow/example_dags/example_short_circuit_decorator.py
[2026-08-08T18:10:22.488+0000] {processor.py:925} INFO - DAG(s) 'example_short_circuit_decorator' retrieved from /home/airflow/.local/lib/python3.12/site-packages/airflow/example_dags/example_short_circuit_decorator.py
[2026-08-08T18:10:22.521+0000] {logging_mixin.py:190} INFO - [2026-08-08T18:10:22.520+0000] {dag.py:3211} INFO - Sync 1 DAGs
[2026-08-08T18:10:22.552+0000] {logging_mixin.py:190} INFO - [2026-08-08T18:10:22.551+0000] {dag.py:4138} INFO - Setting next_dagrun for example_short_circuit_decorator to 2026-08-07 00:00:00+00:00, run_after=2026-08-08 00:00:00+00:00
[2026-08-08T18:10:22.580+0000] {processor.py:208} INFO - Processing /home/airflow/.local/lib/python3.12/site-packages/airflow/example_dags/example_short_circuit_decorator.py took 0.124 seconds
[2026-08-08T18:10:53.188+0000] {processor.py:186} INFO - Started process (PID=1052) to work on /home/airflow/.local/lib/python3.12/site-packages/airflow/example_dags/example_short_circuit_decorator.py
[2026-08-08T18:10:53.189+0000] {processor.py:914} INFO - Processing file /home/airflow/.local/lib/python3.12/site-packages/airflow/example_dags/example_short_circuit_decorator.py for tasks to queue
[2026-08-08T18:10:53.192+0000] {logging_mixin.py:190} INFO - [2026-08-08T18:10:53.191+0000] {dagbag.py:587} INFO - Filling up the DagBag from /home/airflow/.local/lib/python3.12/site-packages/airflow/example_dags/example_short_circuit_decorator.py
[2026-08-08T18:10:53.202+0000] {processor.py:925} INFO - DAG(s) 'example_short_circuit_decorator' retrieved from /home/airflow/.local/lib/python3.12/site-packages/airflow/example_dags/example_short_circuit_decorator.py
[2026-08-08T18:10:53.225+0000] {logging_mixin.py:190} INFO - [2026-08-08T18:10:53.225+0000] {dag.py:3211} INFO - Sync 1 DAGs
[2026-08-08T18:10:53.247+0000] {logging_mixin.py:190} INFO - [2026-08-08T18:10:53.247+0000] {dag.py:4138} INFO - Setting next_dagrun for example_short_circuit_decorator to 2026-08-07 00:00:00+00:00, run_after=2026-08-08 00:00:00+00:00
[2026-08-08T18:10:53.266+0000] {processor.py:208} INFO - Processing /home/airflow/.local/lib/python3.12/site-packages/airflow/example_dags/example_short_circuit_decorator.py took 0.084 seconds
[2026-08-08T18:11:23.643+0000] {processor.py:186} INFO - Started process (PID=1115) to work on /home/airflow/.local/lib/python3.12/site-packages/airflow/example_dags/example_short_circuit_decorator.py
[2026-08-08T18:11:23.645+0000] {processor.py:914} INFO - Processing file /home/airflow/.local/lib/python3.12/site-packages/airflow/example_dags/example_short_circuit_decorator.py for tasks to queue
[2026-08-08T18:11:23.649+0000] {logging_mixin.py:190} INFO - [2026-08-08T18:11:23.648+0000] {dagbag.py:587} INFO - Filling up the DagBag from /home/airflow/.local/lib/python3.12/site-packages/airflow/example_dags/example_short_circuit_decorator.py
[2026-08-08T18:11:23.661+0000] {processor.py:925} INFO - DAG(s) 'example_short_circuit_decorator' retrieved from /home/airflow/.local/lib/python3.12/site-packages/airflow/example_dags/example_short_circuit_decorator.py
[2026-08-08T18:11:23.691+0000] {logging_mixin.py:190} INFO - [2026-08-08T18:11:23.691+0000] {dag.py:3211} INFO - Sync 1 DAGs
[2026-08-08T18:11:23.718+0000] {logging_mixin.py:190} INFO - [2026-08-08T18:11:23.718+0000] {dag.py:4138} INFO - Setting next_dagrun for example_short_circuit_decorator to 2026-08-07 00:00:00+00:00, run_after=2026-08-08 00:00:00+00:00
[2026-08-08T18:11:23.741+0000] {processor.py:208} INFO - Processing /home/airflow/.local/lib/python3.12/site-packages/airflow/example_dags/example_short_circuit_decorator.py took 0.104 seconds
[2026-08-08T18:11:53.894+0000] {processor.py:186} INFO - Started process (PID=1178) to work on /home/airflow/.local/lib/python3.12/site-packages/airflow/example_dags/example_short_circuit_decorator.py
[2026-08-08T18:11:53.895+0000] {processor.py:914} INFO - Processing file /home/airflow/.local/lib/python3.12/site-packages/airflow/example_dags/example_short_circuit_decorator.py for tasks to queue
[2026-08-08T18:11:53.898+0000] {logging_mixin.py:190} INFO - [2026-08-08T18:11:53.898+0000] {dagbag.py:587} INFO - Filling up the DagBag from /home/airflow/.local/lib/python3.12/site-packages/airflow/example_dags/example_short_circuit_decorator.py
[2026-08-08T18:11:53.909+0000] {processor.py:925} INFO - DAG(s) 'example_short_circuit_decorator' retrieved from /home/airflow/.local/lib/python3.12/site-packages/airflow/example_dags/example_short_circuit_decorator.py
[2026-08-08T18:11:53.933+0000] {logging_mixin.py:190} INFO - [2026-08-08T18:11:53.932+0000] {dag.py:3211} INFO - Sync 1 DAGs
[2026-08-08T18:11:53.957+0000] {logging_mixin.py:190} INFO - [2026-08-08T18:11:53.956+0000] {dag.py:4138} INFO - Setting next_dagrun for example_short_circuit_decorator to 2026-08-07 00:00:00+00:00, run_after=2026-08-08 00:00:00+00:00
[2026-08-08T18:11:53.987+0000] {processor.py:208} INFO - Processing /home/airflow/.local/lib/python3.12/site-packages/airflow/example_dags/example_short_circuit_decorator.py took 0.100 seconds
[2026-08-08T18:13:08.858+0000] {processor.py:186} INFO - Started process (PID=113) to work on /home/airflow/.local/lib/python3.12/site-packages/airflow/example_dags/example_short_circuit_decorator.py
[2026-08-08T18:13:08.859+0000] {processor.py:914} INFO - Processing file /home/airflow/.local/lib/python3.12/site-packages/airflow/example_dags/example_short_circuit_decorator.py for tasks to queue
[2026-08-08T18:13:08.862+0000] {logging_mixin.py:190} INFO - [2026-08-08T18:13:08.862+0000] {dagbag.py:587} INFO - Filling up the DagBag from /home/airflow/.local/lib/python3.12/site-packages/airflow/example_dags/example_short_circuit_decorator.py
[2026-08-08T18:13:08.873+0000] {processor.py:925} INFO - DAG(s) 'example_short_circuit_decorator' retrieved from /home/airflow/.local/lib/python3.12/site-packages/airflow/example_dags/example_short_circuit_decorator.py
[2026-08-08T18:13:08.900+0000] {logging_mixin.py:190} INFO - [2026-08-08T18:13:08.899+0000] {dag.py:3211} INFO - Sync 1 DAGs
[2026-08-08T18:13:08.929+0000] {logging_mixin.py:190} INFO - [2026-08-08T18:13:08.929+0000] {dag.py:4138} INFO - Setting next_dagrun for example_short_circuit_decorator to 2026-08-07 00:00:00+00:00, run_after=2026-08-08 00:00:00+00:00
[2026-08-08T18:13:08.966+0000] {processor.py:208} INFO - Processing /home/airflow/.local/lib/python3.12/site-packages/airflow/example_dags/example_short_circuit_decorator.py took 0.114 seconds
[2026-08-08T18:13:39.032+0000] {processor.py:186} INFO - Started process (PID=176) to work on /home/airflow/.local/lib/python3.12/site-packages/airflow/example_dags/example_short_circuit_decorator.py
[2026-08-08T18:13:39.034+0000] {processor.py:914} INFO - Processing file /home/airflow/.local/lib/python3.12/site-packages/airflow/example_dags/example_short_circuit_decorator.py for tasks to queue
[2026-08-08T18:13:39.037+0000] {logging_mixin.py:190} INFO - [2026-08-08T18:13:39.036+0000] {dagbag.py:587} INFO - Filling up the DagBag from /home/airflow/.local/lib/python3.12/site-packages/airflow/example_dags/example_short_circuit_decorator.py
[2026-08-08T18:13:39.045+0000] {processor.py:925} INFO - DAG(s) 'example_short_circuit_decorator' retrieved from /home/airflow/.local/lib/python3.12/site-packages/airflow/example_dags/example_short_circuit_decorator.py
[2026-08-08T18:13:39.065+0000] {logging_mixin.py:190} INFO - [2026-08-08T18:13:39.065+0000] {dag.py:3211} INFO - Sync 1 DAGs
[2026-08-08T18:13:39.083+0000] {logging_mixin.py:190} INFO - [2026-08-08T18:13:39.083+0000] {dag.py:4138} INFO - Setting next_dagrun for example_short_circuit_decorator to 2026-08-07 00:00:00+00:00, run_after=2026-08-08 00:00:00+00:00
[2026-08-08T18:13:39.113+0000] {processor.py:208} INFO - Processing /home/airflow/.local/lib/python3.12/site-packages/airflow/example_dags/example_short_circuit_decorator.py took 0.086 seconds
[2026-08-08T18:14:09.538+0000] {processor.py:186} INFO - Started process (PID=239) to work on /home/airflow/.local/lib/python3.12/site-packages/airflow/example_dags/example_short_circuit_decorator.py
[2026-08-08T18:14:09.539+0000] {processor.py:914} INFO - Processing file /home/airflow/.local/lib/python3.12/site-packages/airflow/example_dags/example_short_circuit_decorator.py for tasks to queue
[2026-08-08T18:14:09.542+0000] {logging_mixin.py:190} INFO - [2026-08-08T18:14:09.542+0000] {dagbag.py:587} INFO - Filling up the DagBag from /home/airflow/.local/lib/python3.12/site-packages/airflow/example_dags/example_short_circuit_decorator.py
[2026-08-08T18:14:09.556+0000] {processor.py:925} INFO - DAG(s) 'example_short_circuit_decorator' retrieved from /home/airflow/.local/lib/python3.12/site-packages/airflow/example_dags/example_short_circuit_decorator.py
[2026-08-08T18:14:09.586+0000] {logging_mixin.py:190} INFO - [2026-08-08T18:14:09.586+0000] {dag.py:3211} INFO - Sync 1 DAGs
[2026-08-08T18:14:09.612+0000] {logging_mixin.py:190} INFO - [2026-08-08T18:14:09.611+0000] {dag.py:4138} INFO - Setting next_dagrun for example_short_circuit_decorator to 2026-08-07 00:00:00+00:00, run_after=2026-08-08 00:00:00+00:00
[2026-08-08T18:14:09.637+0000] {processor.py:208} INFO - Processing /home/airflow/.local/lib/python3.12/site-packages/airflow/example_dags/example_short_circuit_decorator.py took 0.107 seconds
[2026-08-08T18:14:39.732+0000] {processor.py:186} INFO - Started process (PID=302) to work on /home/airflow/.local/lib/python3.12/site-packages/airflow/example_dags/example_short_circuit_decorator.py
[2026-08-08T18:14:39.733+0000] {processor.py:914} INFO - Processing file /home/airflow/.local/lib/python3.12/site-packages/airflow/example_dags/example_short_circuit_decorator.py for tasks to queue
[2026-08-08T18:14:39.736+0000] {logging_mixin.py:190} INFO - [2026-08-08T18:14:39.736+0000] {dagbag.py:587} INFO - Filling up the DagBag from /home/airflow/.local/lib/python3.12/site-packages/airflow/example_dags/example_short_circuit_decorator.py
[2026-08-08T18:14:39.747+0000] {processor.py:925} INFO - DAG(s) 'example_short_circuit_decorator' retrieved from /home/airflow/.local/lib/python3.12/site-packages/airflow/example_dags/example_short_circuit_decorator.py
[2026-08-08T18:14:39.768+0000] {logging_mixin.py:190} INFO - [2026-08-08T18:14:39.768+0000] {dag.py:3211} INFO - Sync 1 DAGs
[2026-08-08T18:14:39.788+0000] {logging_mixin.py:190} INFO - [2026-08-08T18:14:39.788+0000] {dag.py:4138} INFO - Setting next_dagrun for example_short_circuit_decorator to 2026-08-07 00:00:00+00:00, run_after=2026-08-08 00:00:00+00:00
[2026-08-08T18:14:39.806+0000] {processor.py:208} INFO - Processing /home/airflow/.local/lib/python3.12/site-packages/airflow/example_dags/example_short_circuit_decorator.py took 0.079 seconds
[2026-08-08T18:15:11.816+0000] {processor.py:186} INFO - Started process (PID=365) to work on /home/airflow/.local/lib/python3.12/site-packages/airflow/example_dags/example_short_circuit_decorator.py
[2026-08-08T18:15:11.818+0000] {processor.py:914} INFO - Processing file /home/airflow/.local/lib/python3.12/site-packages/airflow/example_dags/example_short_circuit_decorator.py for tasks to queue
[2026-08-08T18:15:11.823+0000] {logging_mixin.py:190} INFO - [2026-08-08T18:15:11.822+0000] {dagbag.py:587} INFO - Filling up the DagBag from /home/airflow/.local/lib/python3.12/site-packages/airflow/example_dags/example_short_circuit_decorator.py
[2026-08-08T18:15:11.839+0000] {processor.py:925} INFO - DAG(s) 'example_short_circuit_decorator' retrieved from /home/airflow/.local/lib/python3.12/site-packages/airflow/example_dags/example_short_circuit_decorator.py
[2026-08-08T18:15:11.874+0000] {logging_mixin.py:190} INFO - [2026-08-08T18:15:11.873+0000] {dag.py:3211} INFO - Sync 1 DAGs
[2026-08-08T18:15:11.909+0000] {logging_mixin.py:190} INFO - [2026-08-08T18:15:11.909+0000] {dag.py:4138} INFO - Setting next_dagrun for example_short_circuit_decorator to 2026-08-07 00:00:00+00:00, run_after=2026-08-08 00:00:00+00:00
[2026-08-08T18:15:11.976+0000] {processor.py:208} INFO - Processing /home/airflow/.local/lib/python3.12/site-packages/airflow/example_dags/example_short_circuit_decorator.py took 0.168 seconds
[2026-08-08T18:15:43.005+0000] {processor.py:186} INFO - Started process (PID=428) to work on /home/airflow/.local/lib/python3.12/site-packages/airflow/example_dags/example_short_circuit_decorator.py
[2026-08-08T18:15:43.006+0000] {processor.py:914} INFO - Processing file /home/airflow/.local/lib/python3.12/site-packages/airflow/example_dags/example_short_circuit_decorator.py for tasks to queue
[2026-08-08T18:15:43.009+0000] {logging_mixin.py:190} INFO - [2026-08-08T18:15:43.008+0000] {dagbag.py:587} INFO - Filling up the DagBag from /home/airflow/.local/lib/python3.12/site-packages/airflow/example_dags/example_short_circuit_decorator.py
[2026-08-08T18:15:43.019+0000] {processor.py:925} INFO - DAG(s) 'example_short_circuit_decorator' retrieved from /home/airflow/.local/lib/python3.12/site-packages/airflow/example_dags/example_short_circuit_decorator.py
[2026-08-08T18:15:43.042+0000] {logging_mixin.py:190} INFO - [2026-08-08T18:15:43.042+0000] {dag.py:3211} INFO - Sync 1 DAGs
[2026-08-08T18:15:43.065+0000] {logging_mixin.py:190} INFO - [2026-08-08T18:15:43.065+0000] {dag.py:4138} INFO - Setting next_dagrun for example_short_circuit_decorator to 2026-08-07 00:00:00+00:00, run_after=2026-08-08 00:00:00+00:00
[2026-08-08T18:15:43.087+0000] {processor.py:208} INFO - Processing /home/airflow/.local/lib/python3.12/site-packages/airflow/example_dags/example_short_circuit_decorator.py took 0.089 seconds
[2026-08-08T18:17:13.735+0000] {processor.py:186} INFO - Started process (PID=126) to work on /home/airflow/.local/lib/python3.12/site-packages/airflow/example_dags/example_short_circuit_decorator.py
[2026-08-08T18:17:13.737+0000] {processor.py:914} INFO - Processing file /home/airflow/.local/lib/python3.12/site-packages/airflow/example_dags/example_short_circuit_decorator.py for tasks to queue
[2026-08-08T18:17:13.742+0000] {logging_mixin.py:190} INFO - [2026-08-08T18:17:13.742+0000] {dagbag.py:587} INFO - Filling up the DagBag from /home/airflow/.local/lib/python3.12/site-packages/airflow/example_dags/example_short_circuit_decorator.py
[2026-08-08T18:17:13.755+0000] {processor.py:925} INFO - DAG(s) 'example_short_circuit_decorator' retrieved from /home/airflow/.local/lib/python3.12/site-packages/airflow/example_dags/example_short_circuit_decorator.py
[2026-08-08T18:17:13.786+0000] {logging_mixin.py:190} INFO - [2026-08-08T18:17:13.786+0000] {dag.py:3211} INFO - Sync 1 DAGs
[2026-08-08T18:17:13.814+0000] {logging_mixin.py:190} INFO - [2026-08-08T18:17:13.814+0000] {dag.py:4138} INFO - Setting next_dagrun for example_short_circuit_decorator to 2026-08-07 00:00:00+00:00, run_after=2026-08-08 00:00:00+00:00
[2026-08-08T18:17:13.843+0000] {processor.py:208} INFO - Processing /home/airflow/.local/lib/python3.12/site-packages/airflow/example_dags/example_short_circuit_decorator.py took 0.114 seconds
[2026-08-08T18:17:44.095+0000] {processor.py:186} INFO - Started process (PID=189) to work on /home/airflow/.local/lib/python3.12/site-packages/airflow/example_dags/example_short_circuit_decorator.py
[2026-08-08T18:17:44.096+0000] {processor.py:914} INFO - Processing file /home/airflow/.local/lib/python3.12/site-packages/airflow/example_dags/example_short_circuit_decorator.py for tasks to queue
[2026-08-08T18:17:44.098+0000] {logging_mixin.py:190} INFO - [2026-08-08T18:17:44.098+0000] {dagbag.py:587} INFO - Filling up the DagBag from /home/airflow/.local/lib/python3.12/site-packages/airflow/example_dags/example_short_circuit_decorator.py
[2026-08-08T18:17:44.107+0000] {processor.py:925} INFO - DAG(s) 'example_short_circuit_decorator' retrieved from /home/airflow/.local/lib/python3.12/site-packages/airflow/example_dags/example_short_circuit_decorator.py
[2026-08-08T18:17:44.132+0000] {logging_mixin.py:190} INFO - [2026-08-08T18:17:44.132+0000] {dag.py:3211} INFO - Sync 1 DAGs
[2026-08-08T18:17:44.149+0000] {logging_mixin.py:190} INFO - [2026-08-08T18:17:44.148+0000] {dag.py:4138} INFO - Setting next_dagrun for example_short_circuit_decorator to 2026-08-07 00:00:00+00:00, run_after=2026-08-08 00:00:00+00:00
[2026-08-08T18:17:44.166+0000] {processor.py:208} INFO - Processing /home/airflow/.local/lib/python3.12/site-packages/airflow/example_dags/example_short_circuit_decorator.py took 0.078 seconds
[2026-08-08T18:18:14.866+0000] {processor.py:186} INFO - Started process (PID=252) to work on /home/airflow/.local/lib/python3.12/site-packages/airflow/example_dags/example_short_circuit_decorator.py
[2026-08-08T18:18:14.869+0000] {processor.py:914} INFO - Processing file /home/airflow/.local/lib/python3.12/site-packages/airflow/example_dags/example_short_circuit_decorator.py for tasks to queue
[2026-08-08T18:18:14.873+0000] {logging_mixin.py:190} INFO - [2026-08-08T18:18:14.872+0000] {dagbag.py:587} INFO - Filling up the DagBag from /home/airflow/.local/lib/python3.12/site-packages/airflow/example_dags/example_short_circuit_decorator.py
[2026-08-08T18:18:14.893+0000] {processor.py:925} INFO - DAG(s) 'example_short_circuit_decorator' retrieved from /home/airflow/.local/lib/python3.12/site-packages/airflow/example_dags/example_short_circuit_decorator.py
[2026-08-08T18:18:14.930+0000] {logging_mixin.py:190} INFO - [2026-08-08T18:18:14.930+0000] {dag.py:3211} INFO - Sync 1 DAGs
[2026-08-08T18:18:14.956+0000] {logging_mixin.py:190} INFO - [2026-08-08T18:18:14.956+0000] {dag.py:4138} INFO - Setting next_dagrun for example_short_circuit_decorator to 2026-08-07 00:00:00+00:00, run_after=2026-08-08 00:00:00+00:00
[2026-08-08T18:18:14.981+0000] {processor.py:208} INFO - Processing /home/airflow/.local/lib/python3.12/site-packages/airflow/example_dags/example_short_circuit_decorator.py took 0.121 seconds
[2026-08-08T18:18:45.347+0000] {processor.py:186} INFO - Started process (PID=315) to work on /home/airflow/.local/lib/python3.12/site-packages/airflow/example_dags/example_short_circuit_decorator.py
[2026-08-08T18:18:45.348+0000] {processor.py:914} INFO - Processing file /home/airflow/.local/lib/python3.12/site-packages/airflow/example_dags/example_short_circuit_decorator.py for tasks to queue
[2026-08-08T18:18:45.351+0000] {logging_mixin.py:190} INFO - [2026-08-08T18:18:45.351+0000] {dagbag.py:587} INFO - Filling up the DagBag from /home/airflow/.local/lib/python3.12/site-packages/airflow/example_dags/example_short_circuit_decorator.py
[2026-08-08T18:18:45.364+0000] {processor.py:925} INFO - DAG(s) 'example_short_circuit_decorator' retrieved from /home/airflow/.local/lib/python3.12/site-packages/airflow/example_dags/example_short_circuit_decorator.py
[2026-08-08T18:18:45.387+0000] {logging_mixin.py:190} INFO - [2026-08-08T18:18:45.387+0000] {dag.py:3211} INFO - Sync 1 DAGs
[2026-08-08T18:18:45.408+0000] {logging_mixin.py:190} INFO - [2026-08-08T18:18:45.408+0000] {dag.py:4138} INFO - Setting next_dagrun for example_short_circuit_decorator to 2026-08-07 00:00:00+00:00, run_after=2026-08-08 00:00:00+00:00
[2026-08-08T18:18:45.433+0000] {processor.py:208} INFO - Processing /home/airflow/.local/lib/python3.12/site-packages/airflow/example_dags/example_short_circuit_decorator.py took 0.095 seconds
[2026-08-08T18:19:16.085+0000] {processor.py:186} INFO - Started process (PID=378) to work on /home/airflow/.local/lib/python3.12/site-packages/airflow/example_dags/example_short_circuit_decorator.py
[2026-08-08T18:19:16.086+0000] {processor.py:914} INFO - Processing file /home/airflow/.local/lib/python3.12/site-packages/airflow/example_dags/example_short_circuit_decorator.py for tasks to queue
[2026-08-08T18:19:16.089+0000] {logging_mixin.py:190} INFO - [2026-08-08T18:19:16.088+0000] {dagbag.py:587} INFO - Filling up the DagBag from /home/airflow/.local/lib/python3.12/site-packages/airflow/example_dags/example_short_circuit_decorator.py
[2026-08-08T18:19:16.099+0000] {processor.py:925} INFO - DAG(s) 'example_short_circuit_decorator' retrieved from /home/airflow/.local/lib/python3.12/site-packages/airflow/example_dags/example_short_circuit_decorator.py
[2026-08-08T18:19:16.124+0000] {logging_mixin.py:190} INFO - [2026-08-08T18:19:16.124+0000] {dag.py:3211} INFO - Sync 1 DAGs
[2026-08-08T18:19:16.146+0000] {logging_mixin.py:190} INFO - [2026-08-08T18:19:16.146+0000] {dag.py:4138} INFO - Setting next_dagrun for example_short_circuit_decorator to 2026-08-07 00:00:00+00:00, run_after=2026-08-08 00:00:00+00:00
[2026-08-08T18:19:16.170+0000] {processor.py:208} INFO - Processing /home/airflow/.local/lib/python3.12/site-packages/airflow/example_dags/example_short_circuit_decorator.py took 0.092 seconds
[2026-08-08T18:24:03.802+0000] {processor.py:186} INFO - Started process (PID=441) to work on /home/airflow/.local/lib/python3.12/site-packages/airflow/example_dags/example_short_circuit_decorator.py
[2026-08-08T18:24:03.804+0000] {processor.py:914} INFO - Processing file /home/airflow/.local/lib/python3.12/site-packages/airflow/example_dags/example_short_circuit_decorator.py for tasks to queue
[2026-08-08T18:24:03.810+0000] {logging_mixin.py:190} INFO - [2026-08-08T18:24:03.809+0000] {dagbag.py:587} INFO - Filling up the DagBag from /home/airflow/.local/lib/python3.12/site-packages/airflow/example_dags/example_short_circuit_decorator.py
[2026-08-08T18:24:03.818+0000] {processor.py:925} INFO - DAG(s) 'example_short_circuit_decorator' retrieved from /home/airflow/.local/lib/python3.12/site-packages/airflow/example_dags/example_short_circuit_decorator.py
[2026-08-08T18:24:03.837+0000] {logging_mixin.py:190} INFO - [2026-08-08T18:24:03.837+0000] {dag.py:3211} INFO - Sync 1 DAGs
[2026-08-08T18:24:03.853+0000] {logging_mixin.py:190} INFO - [2026-08-08T18:24:03.853+0000] {dag.py:4138} INFO - Setting next_dagrun for example_short_circuit_decorator to 2026-08-07 00:00:00+00:00, run_after=2026-08-08 00:00:00+00:00
[2026-08-08T18:24:03.896+0000] {processor.py:208} INFO - Processing /home/airflow/.local/lib/python3.12/site-packages/airflow/example_dags/example_short_circuit_decorator.py took 0.099 seconds
[2026-08-08T18:24:34.192+0000] {processor.py:186} INFO - Started process (PID=504) to work on /home/airflow/.local/lib/python3.12/site-packages/airflow/example_dags/example_short_circuit_decorator.py
[2026-08-08T18:24:34.193+0000] {processor.py:914} INFO - Processing file /home/airflow/.local/lib/python3.12/site-packages/airflow/example_dags/example_short_circuit_decorator.py for tasks to queue
[2026-08-08T18:24:34.198+0000] {logging_mixin.py:190} INFO - [2026-08-08T18:24:34.197+0000] {dagbag.py:587} INFO - Filling up the DagBag from /home/airflow/.local/lib/python3.12/site-packages/airflow/example_dags/example_short_circuit_decorator.py
[2026-08-08T18:24:34.213+0000] {processor.py:925} INFO - DAG(s) 'example_short_circuit_decorator' retrieved from /home/airflow/.local/lib/python3.12/site-packages/airflow/example_dags/example_short_circuit_decorator.py
[2026-08-08T18:24:34.247+0000] {logging_mixin.py:190} INFO - [2026-08-08T18:24:34.247+0000] {dag.py:3211} INFO - Sync 1 DAGs
[2026-08-08T18:24:34.278+0000] {logging_mixin.py:190} INFO - [2026-08-08T18:24:34.278+0000] {dag.py:4138} INFO - Setting next_dagrun for example_short_circuit_decorator to 2026-08-07 00:00:00+00:00, run_after=2026-08-08 00:00:00+00:00
[2026-08-08T18:24:34.303+0000] {processor.py:208} INFO - Processing /home/airflow/.local/lib/python3.12/site-packages/airflow/example_dags/example_short_circuit_decorator.py took 0.120 seconds
[2026-08-08T18:25:04.586+0000] {processor.py:186} INFO - Started process (PID=567) to work on /home/airflow/.local/lib/python3.12/site-packages/airflow/example_dags/example_short_circuit_decorator.py
[2026-08-08T18:25:04.587+0000] {processor.py:914} INFO - Processing file /home/airflow/.local/lib/python3.12/site-packages/airflow/example_dags/example_short_circuit_decorator.py for tasks to queue
[2026-08-08T18:25:04.591+0000] {logging_mixin.py:190} INFO - [2026-08-08T18:25:04.591+0000] {dagbag.py:587} INFO - Filling up the DagBag from /home/airflow/.local/lib/python3.12/site-packages/airflow/example_dags/example_short_circuit_decorator.py
[2026-08-08T18:25:04.604+0000] {processor.py:925} INFO - DAG(s) 'example_short_circuit_decorator' retrieved from /home/airflow/.local/lib/python3.12/site-packages/airflow/example_dags/example_short_circuit_decorator.py
[2026-08-08T18:25:04.631+0000] {logging_mixin.py:190} INFO - [2026-08-08T18:25:04.631+0000] {dag.py:3211} INFO - Sync 1 DAGs
[2026-08-08T18:25:04.655+0000] {logging_mixin.py:190} INFO - [2026-08-08T18:25:04.655+0000] {dag.py:4138} INFO - Setting next_dagrun for example_short_circuit_decorator to 2026-08-07 00:00:00+00:00, run_after=2026-08-08 00:00:00+00:00
[2026-08-08T18:25:04.676+0000] {processor.py:208} INFO - Processing /home/airflow/.local/lib/python3.12/site-packages/airflow/example_dags/example_short_circuit_decorator.py took 0.097 seconds
[2026-08-08T18:25:35.018+0000] {processor.py:186} INFO - Started process (PID=630) to work on /home/airflow/.local/lib/python3.12/site-packages/airflow/example_dags/example_short_circuit_decorator.py
[2026-08-08T18:25:35.020+0000] {processor.py:914} INFO - Processing file /home/airflow/.local/lib/python3.12/site-packages/airflow/example_dags/example_short_circuit_decorator.py for tasks to queue
[2026-08-08T18:25:35.025+0000] {logging_mixin.py:190} INFO - [2026-08-08T18:25:35.024+0000] {dagbag.py:587} INFO - Filling up the DagBag from /home/airflow/.local/lib/python3.12/site-packages/airflow/example_dags/example_short_circuit_decorator.py
[2026-08-08T18:25:35.040+0000] {processor.py:925} INFO - DAG(s) 'example_short_circuit_decorator' retrieved from /home/airflow/.local/lib/python3.12/site-packages/airflow/example_dags/example_short_circuit_decorator.py
[2026-08-08T18:25:35.063+0000] {logging_mixin.py:190} INFO - [2026-08-08T18:25:35.063+0000] {dag.py:3211} INFO - Sync 1 DAGs
[2026-08-08T18:25:35.085+0000] {logging_mixin.py:190} INFO - [2026-08-08T18:25:35.085+0000] {dag.py:4138} INFO - Setting next_dagrun for example_short_circuit_decorator to 2026-08-07 00:00:00+00:00, run_after=2026-08-08 00:00:00+00:00
[2026-08-08T18:25:35.106+0000] {processor.py:208} INFO - Processing /home/airflow/.local/lib/python3.12/site-packages/airflow/example_dags/example_short_circuit_decorator.py took 0.096 seconds
[2026-08-08T18:26:05.714+0000] {processor.py:186} INFO - Started process (PID=694) to work on /home/airflow/.local/lib/python3.12/site-packages/airflow/example_dags/example_short_circuit_decorator.py
[2026-08-08T18:26:05.716+0000] {processor.py:914} INFO - Processing file /home/airflow/.local/lib/python3.12/site-packages/airflow/example_dags/example_short_circuit_decorator.py for tasks to queue
[2026-08-08T18:26:05.720+0000] {logging_mixin.py:190} INFO - [2026-08-08T18:26:05.719+0000] {dagbag.py:587} INFO - Filling up the DagBag from /home/airflow/.local/lib/python3.12/site-packages/airflow/example_dags/example_short_circuit_decorator.py
[2026-08-08T18:26:05.732+0000] {processor.py:925} INFO - DAG(s) 'example_short_circuit_decorator' retrieved from /home/airflow/.local/lib/python3.12/site-packages/airflow/example_dags/example_short_circuit_decorator.py
[2026-08-08T18:26:05.758+0000] {logging_mixin.py:190} INFO - [2026-08-08T18:26:05.758+0000] {dag.py:3211} INFO - Sync 1 DAGs
[2026-08-08T18:26:05.779+0000] {logging_mixin.py:190} INFO - [2026-08-08T18:26:05.778+0000] {dag.py:4138} INFO - Setting next_dagrun for example_short_circuit_decorator to 2026-08-07 00:00:00+00:00, run_after=2026-08-08 00:00:00+00:00
[2026-08-08T18:26:05.798+0000] {processor.py:208} INFO - Processing /home/airflow/.local/lib/python3.12/site-packages/airflow/example_dags/example_short_circuit_decorator.py took 0.089 seconds
[2026-08-08T18:26:36.494+0000] {processor.py:186} INFO - Started process (PID=757) to work on /home/airflow/.local/lib/python3.12/site-packages/airflow/example_dags/example_short_circuit_decorator.py
[2026-08-08T18:26:36.495+0000] {processor.py:914} INFO - Processing file /home/airflow/.local/lib/python3.12/site-packages/airflow/example_dags/example_short_circuit_decorator.py for tasks to queue
[2026-08-08T18:26:36.498+0000] {logging_mixin.py:190} INFO - [2026-08-08T18:26:36.498+0000] {dagbag.py:587} INFO - Filling up the DagBag from /home/airflow/.local/lib/python3.12/site-packages/airflow/example_dags/example_short_circuit_decorator.py
[2026-08-08T18:26:36.509+0000] {processor.py:925} INFO - DAG(s) 'example_short_circuit_decorator' retrieved from /home/airflow/.local/lib/python3.12/site-packages/airflow/example_dags/example_short_circuit_decorator.py
[2026-08-08T18:26:36.539+0000] {logging_mixin.py:190} INFO - [2026-08-08T18:26:36.538+0000] {dag.py:3211} INFO - Sync 1 DAGs
[2026-08-08T18:26:36.560+0000] {logging_mixin.py:190} INFO - [2026-08-08T18:26:36.560+0000] {dag.py:4138} INFO - Setting next_dagrun for example_short_circuit_decorator to 2026-08-07 00:00:00+00:00, run_after=2026-08-08 00:00:00+00:00
[2026-08-08T18:26:36.580+0000] {processor.py:208} INFO - Processing /home/airflow/.local/lib/python3.12/site-packages/airflow/example_dags/example_short_circuit_decorator.py took 0.093 seconds
