[2026-08-08T17:25:08.773+0000] {processor.py:186} INFO - Started process (PID=91) to work on /home/airflow/.local/lib/python3.12/site-packages/airflow/example_dags/example_trigger_controller_dag.py
[2026-08-08T17:25:08.826+0000] {processor.py:914} INFO - Processing file /home/airflow/.local/lib/python3.12/site-packages/airflow/example_dags/example_trigger_controller_dag.py for tasks to queue
[2026-08-08T17:25:08.831+0000] {logging_mixin.py:190} INFO - [2026-08-08T17:25:08.830+0000] {dagbag.py:587} INFO - Filling up the DagBag from /home/airflow/.local/lib/python3.12/site-packages/airflow/example_dags/example_trigger_controller_dag.py
[2026-08-08T17:25:08.853+0000] {processor.py:925} INFO - DAG(s) 'example_trigger_controller_dag' retrieved from /home/airflow/.local/lib/python3.12/site-packages/airflow/example_dags/example_trigger_controller_dag.py
[2026-08-08T17:25:09.184+0000] {logging_mixin.py:190} INFO - [2026-08-08T17:25:09.183+0000] {override.py:1858} INFO - Created Permission View: can delete on DAG:example_trigger_controller_dag
[2026-08-08T17:25:09.282+0000] {logging_mixin.py:190} INFO - [2026-08-08T17:25:09.281+0000] {override.py:1858} INFO - Created Permission View: can edit on DAG:example_trigger_controller_dag
[2026-08-08T17:25:09.370+0000] {logging_mixin.py:190} INFO - [2026-08-08T17:25:09.369+0000] {override.py:1858} INFO - Created Permission View: can read on DAG:example_trigger_controller_dag
[2026-08-08T17:25:09.371+0000] {logging_mixin.py:190} INFO - [2026-08-08T17:25:09.371+0000] {dag.py:3211} INFO - Sync 1 DAGs
[2026-08-08T17:25:09.398+0000] {logging_mixin.py:190} INFO - [2026-08-08T17:25:09.398+0000] {dag.py:3234} INFO - Creating ORM DAG for example_trigger_controller_dag
[2026-08-08T17:25:09.416+0000] {logging_mixin.py:190} INFO - [2026-08-08T17:25:09.416+0000] {dag.py:4138} INFO - Setting next_dagrun for example_trigger_controller_dag to 2021-01-01 00:00:00+00:00, run_after=2021-01-01 00:00:00+00:00
[2026-08-08T17:25:09.505+0000] {processor.py:208} INFO - Processing /home/airflow/.local/lib/python3.12/site-packages/airflow/example_dags/example_trigger_controller_dag.py took 0.744 seconds
[2026-08-08T17:25:40.137+0000] {processor.py:186} INFO - Started process (PID=154) to work on /home/airflow/.local/lib/python3.12/site-packages/airflow/example_dags/example_trigger_controller_dag.py
[2026-08-08T17:25:40.138+0000] {processor.py:914} INFO - Processing file /home/airflow/.local/lib/python3.12/site-packages/airflow/example_dags/example_trigger_controller_dag.py for tasks to queue
[2026-08-08T17:25:40.143+0000] {logging_mixin.py:190} INFO - [2026-08-08T17:25:40.142+0000] {dagbag.py:587} INFO - Filling up the DagBag from /home/airflow/.local/lib/python3.12/site-packages/airflow/example_dags/example_trigger_controller_dag.py
[2026-08-08T17:25:40.151+0000] {processor.py:925} INFO - DAG(s) 'example_trigger_controller_dag' retrieved from /home/airflow/.local/lib/python3.12/site-packages/airflow/example_dags/example_trigger_controller_dag.py
[2026-08-08T17:25:40.171+0000] {logging_mixin.py:190} INFO - [2026-08-08T17:25:40.171+0000] {dag.py:3211} INFO - Sync 1 DAGs
[2026-08-08T17:25:40.190+0000] {logging_mixin.py:190} INFO - [2026-08-08T17:25:40.190+0000] {dag.py:4138} INFO - Setting next_dagrun for example_trigger_controller_dag to 2021-01-01 00:00:00+00:00, run_after=2021-01-01 00:00:00+00:00
[2026-08-08T17:25:40.207+0000] {processor.py:208} INFO - Processing /home/airflow/.local/lib/python3.12/site-packages/airflow/example_dags/example_trigger_controller_dag.py took 0.077 seconds
[2026-08-08T17:26:10.573+0000] {processor.py:186} INFO - Started process (PID=217) to work on /home/airflow/.local/lib/python3.12/site-packages/airflow/example_dags/example_trigger_controller_dag.py
[2026-08-08T17:26:10.574+0000] {processor.py:914} INFO - Processing file /home/airflow/.local/lib/python3.12/site-packages/airflow/example_dags/example_trigger_controller_dag.py for tasks to queue
[2026-08-08T17:26:10.577+0000] {logging_mixin.py:190} INFO - [2026-08-08T17:26:10.577+0000] {dagbag.py:587} INFO - Filling up the DagBag from /home/airflow/.local/lib/python3.12/site-packages/airflow/example_dags/example_trigger_controller_dag.py
[2026-08-08T17:26:10.584+0000] {processor.py:925} INFO - DAG(s) 'example_trigger_controller_dag' retrieved from /home/airflow/.local/lib/python3.12/site-packages/airflow/example_dags/example_trigger_controller_dag.py
[2026-08-08T17:26:10.606+0000] {logging_mixin.py:190} INFO - [2026-08-08T17:26:10.606+0000] {dag.py:3211} INFO - Sync 1 DAGs
[2026-08-08T17:26:10.633+0000] {logging_mixin.py:190} INFO - [2026-08-08T17:26:10.633+0000] {dag.py:4138} INFO - Setting next_dagrun for example_trigger_controller_dag to 2021-01-01 00:00:00+00:00, run_after=2021-01-01 00:00:00+00:00
[2026-08-08T17:26:10.655+0000] {processor.py:208} INFO - Processing /home/airflow/.local/lib/python3.12/site-packages/airflow/example_dags/example_trigger_controller_dag.py took 0.087 seconds
[2026-08-08T17:26:40.888+0000] {processor.py:186} INFO - Started process (PID=279) to work on /home/airflow/.local/lib/python3.12/site-packages/airflow/example_dags/example_trigger_controller_dag.py
[2026-08-08T17:26:40.891+0000] {processor.py:914} INFO - Processing file /home/airflow/.local/lib/python3.12/site-packages/airflow/example_dags/example_trigger_controller_dag.py for tasks to queue
[2026-08-08T17:26:40.894+0000] {logging_mixin.py:190} INFO - [2026-08-08T17:26:40.894+0000] {dagbag.py:587} INFO - Filling up the DagBag from /home/airflow/.local/lib/python3.12/site-packages/airflow/example_dags/example_trigger_controller_dag.py
[2026-08-08T17:26:40.901+0000] {processor.py:925} INFO - DAG(s) 'example_trigger_controller_dag' retrieved from /home/airflow/.local/lib/python3.12/site-packages/airflow/example_dags/example_trigger_controller_dag.py
[2026-08-08T17:26:40.930+0000] {logging_mixin.py:190} INFO - [2026-08-08T17:26:40.930+0000] {dag.py:3211} INFO - Sync 1 DAGs
[2026-08-08T17:26:40.955+0000] {logging_mixin.py:190} INFO - [2026-08-08T17:26:40.955+0000] {dag.py:4138} INFO - Setting next_dagrun for example_trigger_controller_dag to 2021-01-01 00:00:00+00:00, run_after=2021-01-01 00:00:00+00:00
[2026-08-08T17:26:40.998+0000] {processor.py:208} INFO - Processing /home/airflow/.local/lib/python3.12/site-packages/airflow/example_dags/example_trigger_controller_dag.py took 0.115 seconds
[2026-08-08T17:27:11.486+0000] {processor.py:186} INFO - Started process (PID=343) to work on /home/airflow/.local/lib/python3.12/site-packages/airflow/example_dags/example_trigger_controller_dag.py
[2026-08-08T17:27:11.487+0000] {processor.py:914} INFO - Processing file /home/airflow/.local/lib/python3.12/site-packages/airflow/example_dags/example_trigger_controller_dag.py for tasks to queue
[2026-08-08T17:27:11.490+0000] {logging_mixin.py:190} INFO - [2026-08-08T17:27:11.490+0000] {dagbag.py:587} INFO - Filling up the DagBag from /home/airflow/.local/lib/python3.12/site-packages/airflow/example_dags/example_trigger_controller_dag.py
[2026-08-08T17:27:11.497+0000] {processor.py:925} INFO - DAG(s) 'example_trigger_controller_dag' retrieved from /home/airflow/.local/lib/python3.12/site-packages/airflow/example_dags/example_trigger_controller_dag.py
[2026-08-08T17:27:11.522+0000] {logging_mixin.py:190} INFO - [2026-08-08T17:27:11.522+0000] {dag.py:3211} INFO - Sync 1 DAGs
[2026-08-08T17:27:11.546+0000] {logging_mixin.py:190} INFO - [2026-08-08T17:27:11.546+0000] {dag.py:4138} INFO - Setting next_dagrun for example_trigger_controller_dag to 2021-01-01 00:00:00+00:00, run_after=2021-01-01 00:00:00+00:00
[2026-08-08T17:27:11.592+0000] {processor.py:208} INFO - Processing /home/airflow/.local/lib/python3.12/site-packages/airflow/example_dags/example_trigger_controller_dag.py took 0.112 seconds
[2026-08-08T17:27:42.015+0000] {processor.py:186} INFO - Started process (PID=406) to work on /home/airflow/.local/lib/python3.12/site-packages/airflow/example_dags/example_trigger_controller_dag.py
[2026-08-08T17:27:42.016+0000] {processor.py:914} INFO - Processing file /home/airflow/.local/lib/python3.12/site-packages/airflow/example_dags/example_trigger_controller_dag.py for tasks to queue
[2026-08-08T17:27:42.019+0000] {logging_mixin.py:190} INFO - [2026-08-08T17:27:42.019+0000] {dagbag.py:587} INFO - Filling up the DagBag from /home/airflow/.local/lib/python3.12/site-packages/airflow/example_dags/example_trigger_controller_dag.py
[2026-08-08T17:27:42.026+0000] {processor.py:925} INFO - DAG(s) 'example_trigger_controller_dag' retrieved from /home/airflow/.local/lib/python3.12/site-packages/airflow/example_dags/example_trigger_controller_dag.py
[2026-08-08T17:27:42.049+0000] {logging_mixin.py:190} INFO - [2026-08-08T17:27:42.049+0000] {dag.py:3211} INFO - Sync 1 DAGs
[2026-08-08T17:27:42.070+0000] {logging_mixin.py:190} INFO - [2026-08-08T17:27:42.070+0000] {dag.py:4138} INFO - Setting next_dagrun for example_trigger_controller_dag to 2021-01-01 00:00:00+00:00, run_after=2021-01-01 00:00:00+00:00
[2026-08-08T17:27:42.092+0000] {processor.py:208} INFO - Processing /home/airflow/.local/lib/python3.12/site-packages/airflow/example_dags/example_trigger_controller_dag.py took 0.085 seconds
[2026-08-08T17:28:12.449+0000] {processor.py:186} INFO - Started process (PID=469) to work on /home/airflow/.local/lib/python3.12/site-packages/airflow/example_dags/example_trigger_controller_dag.py
[2026-08-08T17:28:12.451+0000] {processor.py:914} INFO - Processing file /home/airflow/.local/lib/python3.12/site-packages/airflow/example_dags/example_trigger_controller_dag.py for tasks to queue
[2026-08-08T17:28:12.454+0000] {logging_mixin.py:190} INFO - [2026-08-08T17:28:12.454+0000] {dagbag.py:587} INFO - Filling up the DagBag from /home/airflow/.local/lib/python3.12/site-packages/airflow/example_dags/example_trigger_controller_dag.py
[2026-08-08T17:28:12.466+0000] {processor.py:925} INFO - DAG(s) 'example_trigger_controller_dag' retrieved from /home/airflow/.local/lib/python3.12/site-packages/airflow/example_dags/example_trigger_controller_dag.py
[2026-08-08T17:28:12.493+0000] {logging_mixin.py:190} INFO - [2026-08-08T17:28:12.493+0000] {dag.py:3211} INFO - Sync 1 DAGs
[2026-08-08T17:28:12.519+0000] {logging_mixin.py:190} INFO - [2026-08-08T17:28:12.519+0000] {dag.py:4138} INFO - Setting next_dagrun for example_trigger_controller_dag to 2021-01-01 00:00:00+00:00, run_after=2021-01-01 00:00:00+00:00
[2026-08-08T17:28:12.545+0000] {processor.py:208} INFO - Processing /home/airflow/.local/lib/python3.12/site-packages/airflow/example_dags/example_trigger_controller_dag.py took 0.107 seconds
[2026-08-08T17:28:43.275+0000] {processor.py:186} INFO - Started process (PID=532) to work on /home/airflow/.local/lib/python3.12/site-packages/airflow/example_dags/example_trigger_controller_dag.py
[2026-08-08T17:28:43.276+0000] {processor.py:914} INFO - Processing file /home/airflow/.local/lib/python3.12/site-packages/airflow/example_dags/example_trigger_controller_dag.py for tasks to queue
[2026-08-08T17:28:43.279+0000] {logging_mixin.py:190} INFO - [2026-08-08T17:28:43.279+0000] {dagbag.py:587} INFO - Filling up the DagBag from /home/airflow/.local/lib/python3.12/site-packages/airflow/example_dags/example_trigger_controller_dag.py
[2026-08-08T17:28:43.286+0000] {processor.py:925} INFO - DAG(s) 'example_trigger_controller_dag' retrieved from /home/airflow/.local/lib/python3.12/site-packages/airflow/example_dags/example_trigger_controller_dag.py
[2026-08-08T17:28:43.310+0000] {logging_mixin.py:190} INFO - [2026-08-08T17:28:43.310+0000] {dag.py:3211} INFO - Sync 1 DAGs
[2026-08-08T17:28:43.339+0000] {logging_mixin.py:190} INFO - [2026-08-08T17:28:43.339+0000] {dag.py:4138} INFO - Setting next_dagrun for example_trigger_controller_dag to 2021-01-01 00:00:00+00:00, run_after=2021-01-01 00:00:00+00:00
[2026-08-08T17:28:43.359+0000] {processor.py:208} INFO - Processing /home/airflow/.local/lib/python3.12/site-packages/airflow/example_dags/example_trigger_controller_dag.py took 0.088 seconds
[2026-08-08T17:29:13.594+0000] {processor.py:186} INFO - Started process (PID=594) to work on /home/airflow/.local/lib/python3.12/site-packages/airflow/example_dags/example_trigger_controller_dag.py
[2026-08-08T17:29:13.595+0000] {processor.py:914} INFO - Processing file /home/airflow/.local/lib/python3.12/site-packages/airflow/example_dags/example_trigger_controller_dag.py for tasks to queue
[2026-08-08T17:29:13.598+0000] {logging_mixin.py:190} INFO - [2026-08-08T17:29:13.598+0000] {dagbag.py:587} INFO - Filling up the DagBag from /home/airflow/.local/lib/python3.12/site-packages/airflow/example_dags/example_trigger_controller_dag.py
[2026-08-08T17:29:13.606+0000] {processor.py:925} INFO - DAG(s) 'example_trigger_controller_dag' retrieved from /home/airflow/.local/lib/python3.12/site-packages/airflow/example_dags/example_trigger_controller_dag.py
[2026-08-08T17:29:13.627+0000] {logging_mixin.py:190} INFO - [2026-08-08T17:29:13.626+0000] {dag.py:3211} INFO - Sync 1 DAGs
[2026-08-08T17:29:13.651+0000] {logging_mixin.py:190} INFO - [2026-08-08T17:29:13.651+0000] {dag.py:4138} INFO - Setting next_dagrun for example_trigger_controller_dag to 2021-01-01 00:00:00+00:00, run_after=2021-01-01 00:00:00+00:00
[2026-08-08T17:29:13.671+0000] {processor.py:208} INFO - Processing /home/airflow/.local/lib/python3.12/site-packages/airflow/example_dags/example_trigger_controller_dag.py took 0.081 seconds
[2026-08-08T17:29:43.883+0000] {processor.py:186} INFO - Started process (PID=657) to work on /home/airflow/.local/lib/python3.12/site-packages/airflow/example_dags/example_trigger_controller_dag.py
[2026-08-08T17:29:43.884+0000] {processor.py:914} INFO - Processing file /home/airflow/.local/lib/python3.12/site-packages/airflow/example_dags/example_trigger_controller_dag.py for tasks to queue
[2026-08-08T17:29:43.887+0000] {logging_mixin.py:190} INFO - [2026-08-08T17:29:43.887+0000] {dagbag.py:587} INFO - Filling up the DagBag from /home/airflow/.local/lib/python3.12/site-packages/airflow/example_dags/example_trigger_controller_dag.py
[2026-08-08T17:29:43.896+0000] {processor.py:925} INFO - DAG(s) 'example_trigger_controller_dag' retrieved from /home/airflow/.local/lib/python3.12/site-packages/airflow/example_dags/example_trigger_controller_dag.py
[2026-08-08T17:29:43.924+0000] {logging_mixin.py:190} INFO - [2026-08-08T17:29:43.923+0000] {dag.py:3211} INFO - Sync 1 DAGs
[2026-08-08T17:29:43.943+0000] {logging_mixin.py:190} INFO - [2026-08-08T17:29:43.943+0000] {dag.py:4138} INFO - Setting next_dagrun for example_trigger_controller_dag to 2021-01-01 00:00:00+00:00, run_after=2021-01-01 00:00:00+00:00
[2026-08-08T17:29:43.963+0000] {processor.py:208} INFO - Processing /home/airflow/.local/lib/python3.12/site-packages/airflow/example_dags/example_trigger_controller_dag.py took 0.088 seconds
[2026-08-08T17:30:14.514+0000] {processor.py:186} INFO - Started process (PID=720) to work on /home/airflow/.local/lib/python3.12/site-packages/airflow/example_dags/example_trigger_controller_dag.py
[2026-08-08T17:30:14.515+0000] {processor.py:914} INFO - Processing file /home/airflow/.local/lib/python3.12/site-packages/airflow/example_dags/example_trigger_controller_dag.py for tasks to queue
[2026-08-08T17:30:14.521+0000] {logging_mixin.py:190} INFO - [2026-08-08T17:30:14.520+0000] {dagbag.py:587} INFO - Filling up the DagBag from /home/airflow/.local/lib/python3.12/site-packages/airflow/example_dags/example_trigger_controller_dag.py
[2026-08-08T17:30:14.527+0000] {processor.py:925} INFO - DAG(s) 'example_trigger_controller_dag' retrieved from /home/airflow/.local/lib/python3.12/site-packages/airflow/example_dags/example_trigger_controller_dag.py
[2026-08-08T17:30:14.555+0000] {logging_mixin.py:190} INFO - [2026-08-08T17:30:14.554+0000] {dag.py:3211} INFO - Sync 1 DAGs
[2026-08-08T17:30:14.577+0000] {logging_mixin.py:190} INFO - [2026-08-08T17:30:14.577+0000] {dag.py:4138} INFO - Setting next_dagrun for example_trigger_controller_dag to 2021-01-01 00:00:00+00:00, run_after=2021-01-01 00:00:00+00:00
[2026-08-08T17:30:14.598+0000] {processor.py:208} INFO - Processing /home/airflow/.local/lib/python3.12/site-packages/airflow/example_dags/example_trigger_controller_dag.py took 0.092 seconds
[2026-08-08T17:30:45.112+0000] {processor.py:186} INFO - Started process (PID=783) to work on /home/airflow/.local/lib/python3.12/site-packages/airflow/example_dags/example_trigger_controller_dag.py
[2026-08-08T17:30:45.113+0000] {processor.py:914} INFO - Processing file /home/airflow/.local/lib/python3.12/site-packages/airflow/example_dags/example_trigger_controller_dag.py for tasks to queue
[2026-08-08T17:30:45.116+0000] {logging_mixin.py:190} INFO - [2026-08-08T17:30:45.115+0000] {dagbag.py:587} INFO - Filling up the DagBag from /home/airflow/.local/lib/python3.12/site-packages/airflow/example_dags/example_trigger_controller_dag.py
[2026-08-08T17:30:45.123+0000] {processor.py:925} INFO - DAG(s) 'example_trigger_controller_dag' retrieved from /home/airflow/.local/lib/python3.12/site-packages/airflow/example_dags/example_trigger_controller_dag.py
[2026-08-08T17:30:45.146+0000] {logging_mixin.py:190} INFO - [2026-08-08T17:30:45.146+0000] {dag.py:3211} INFO - Sync 1 DAGs
[2026-08-08T17:30:45.170+0000] {logging_mixin.py:190} INFO - [2026-08-08T17:30:45.170+0000] {dag.py:4138} INFO - Setting next_dagrun for example_trigger_controller_dag to 2021-01-01 00:00:00+00:00, run_after=2021-01-01 00:00:00+00:00
[2026-08-08T17:30:45.193+0000] {processor.py:208} INFO - Processing /home/airflow/.local/lib/python3.12/site-packages/airflow/example_dags/example_trigger_controller_dag.py took 0.087 seconds
[2026-08-08T17:31:15.639+0000] {processor.py:186} INFO - Started process (PID=846) to work on /home/airflow/.local/lib/python3.12/site-packages/airflow/example_dags/example_trigger_controller_dag.py
[2026-08-08T17:31:15.642+0000] {processor.py:914} INFO - Processing file /home/airflow/.local/lib/python3.12/site-packages/airflow/example_dags/example_trigger_controller_dag.py for tasks to queue
[2026-08-08T17:31:15.646+0000] {logging_mixin.py:190} INFO - [2026-08-08T17:31:15.646+0000] {dagbag.py:587} INFO - Filling up the DagBag from /home/airflow/.local/lib/python3.12/site-packages/airflow/example_dags/example_trigger_controller_dag.py
[2026-08-08T17:31:15.654+0000] {processor.py:925} INFO - DAG(s) 'example_trigger_controller_dag' retrieved from /home/airflow/.local/lib/python3.12/site-packages/airflow/example_dags/example_trigger_controller_dag.py
[2026-08-08T17:31:15.683+0000] {logging_mixin.py:190} INFO - [2026-08-08T17:31:15.682+0000] {dag.py:3211} INFO - Sync 1 DAGs
[2026-08-08T17:31:15.714+0000] {logging_mixin.py:190} INFO - [2026-08-08T17:31:15.714+0000] {dag.py:4138} INFO - Setting next_dagrun for example_trigger_controller_dag to 2021-01-01 00:00:00+00:00, run_after=2021-01-01 00:00:00+00:00
[2026-08-08T17:31:15.742+0000] {processor.py:208} INFO - Processing /home/airflow/.local/lib/python3.12/site-packages/airflow/example_dags/example_trigger_controller_dag.py took 0.112 seconds
[2026-08-08T17:31:46.167+0000] {processor.py:186} INFO - Started process (PID=909) to work on /home/airflow/.local/lib/python3.12/site-packages/airflow/example_dags/example_trigger_controller_dag.py
[2026-08-08T17:31:46.168+0000] {processor.py:914} INFO - Processing file /home/airflow/.local/lib/python3.12/site-packages/airflow/example_dags/example_trigger_controller_dag.py for tasks to queue
[2026-08-08T17:31:46.171+0000] {logging_mixin.py:190} INFO - [2026-08-08T17:31:46.171+0000] {dagbag.py:587} INFO - Filling up the DagBag from /home/airflow/.local/lib/python3.12/site-packages/airflow/example_dags/example_trigger_controller_dag.py
[2026-08-08T17:31:46.177+0000] {processor.py:925} INFO - DAG(s) 'example_trigger_controller_dag' retrieved from /home/airflow/.local/lib/python3.12/site-packages/airflow/example_dags/example_trigger_controller_dag.py
[2026-08-08T17:31:46.195+0000] {logging_mixin.py:190} INFO - [2026-08-08T17:31:46.195+0000] {dag.py:3211} INFO - Sync 1 DAGs
[2026-08-08T17:31:46.213+0000] {logging_mixin.py:190} INFO - [2026-08-08T17:31:46.212+0000] {dag.py:4138} INFO - Setting next_dagrun for example_trigger_controller_dag to 2021-01-01 00:00:00+00:00, run_after=2021-01-01 00:00:00+00:00
[2026-08-08T17:31:46.234+0000] {processor.py:208} INFO - Processing /home/airflow/.local/lib/python3.12/site-packages/airflow/example_dags/example_trigger_controller_dag.py took 0.073 seconds
[2026-08-08T17:32:16.733+0000] {processor.py:186} INFO - Started process (PID=972) to work on /home/airflow/.local/lib/python3.12/site-packages/airflow/example_dags/example_trigger_controller_dag.py
[2026-08-08T17:32:16.735+0000] {processor.py:914} INFO - Processing file /home/airflow/.local/lib/python3.12/site-packages/airflow/example_dags/example_trigger_controller_dag.py for tasks to queue
[2026-08-08T17:32:16.738+0000] {logging_mixin.py:190} INFO - [2026-08-08T17:32:16.737+0000] {dagbag.py:587} INFO - Filling up the DagBag from /home/airflow/.local/lib/python3.12/site-packages/airflow/example_dags/example_trigger_controller_dag.py
[2026-08-08T17:32:16.744+0000] {processor.py:925} INFO - DAG(s) 'example_trigger_controller_dag' retrieved from /home/airflow/.local/lib/python3.12/site-packages/airflow/example_dags/example_trigger_controller_dag.py
[2026-08-08T17:32:16.760+0000] {logging_mixin.py:190} INFO - [2026-08-08T17:32:16.760+0000] {dag.py:3211} INFO - Sync 1 DAGs
[2026-08-08T17:32:16.775+0000] {logging_mixin.py:190} INFO - [2026-08-08T17:32:16.775+0000] {dag.py:4138} INFO - Setting next_dagrun for example_trigger_controller_dag to 2021-01-01 00:00:00+00:00, run_after=2021-01-01 00:00:00+00:00
[2026-08-08T17:32:16.794+0000] {processor.py:208} INFO - Processing /home/airflow/.local/lib/python3.12/site-packages/airflow/example_dags/example_trigger_controller_dag.py took 0.065 seconds
[2026-08-08T17:32:47.145+0000] {processor.py:186} INFO - Started process (PID=1035) to work on /home/airflow/.local/lib/python3.12/site-packages/airflow/example_dags/example_trigger_controller_dag.py
[2026-08-08T17:32:47.147+0000] {processor.py:914} INFO - Processing file /home/airflow/.local/lib/python3.12/site-packages/airflow/example_dags/example_trigger_controller_dag.py for tasks to queue
[2026-08-08T17:32:47.150+0000] {logging_mixin.py:190} INFO - [2026-08-08T17:32:47.150+0000] {dagbag.py:587} INFO - Filling up the DagBag from /home/airflow/.local/lib/python3.12/site-packages/airflow/example_dags/example_trigger_controller_dag.py
[2026-08-08T17:32:47.158+0000] {processor.py:925} INFO - DAG(s) 'example_trigger_controller_dag' retrieved from /home/airflow/.local/lib/python3.12/site-packages/airflow/example_dags/example_trigger_controller_dag.py
[2026-08-08T17:32:47.174+0000] {logging_mixin.py:190} INFO - [2026-08-08T17:32:47.174+0000] {dag.py:3211} INFO - Sync 1 DAGs
[2026-08-08T17:32:47.193+0000] {logging_mixin.py:190} INFO - [2026-08-08T17:32:47.193+0000] {dag.py:4138} INFO - Setting next_dagrun for example_trigger_controller_dag to 2021-01-01 00:00:00+00:00, run_after=2021-01-01 00:00:00+00:00
[2026-08-08T17:32:47.215+0000] {processor.py:208} INFO - Processing /home/airflow/.local/lib/python3.12/site-packages/airflow/example_dags/example_trigger_controller_dag.py took 0.076 seconds
[2026-08-08T17:33:17.752+0000] {processor.py:186} INFO - Started process (PID=1098) to work on /home/airflow/.local/lib/python3.12/site-packages/airflow/example_dags/example_trigger_controller_dag.py
[2026-08-08T17:33:17.753+0000] {processor.py:914} INFO - Processing file /home/airflow/.local/lib/python3.12/site-packages/airflow/example_dags/example_trigger_controller_dag.py for tasks to queue
[2026-08-08T17:33:17.757+0000] {logging_mixin.py:190} INFO - [2026-08-08T17:33:17.757+0000] {dagbag.py:587} INFO - Filling up the DagBag from /home/airflow/.local/lib/python3.12/site-packages/airflow/example_dags/example_trigger_controller_dag.py
[2026-08-08T17:33:17.764+0000] {processor.py:925} INFO - DAG(s) 'example_trigger_controller_dag' retrieved from /home/airflow/.local/lib/python3.12/site-packages/airflow/example_dags/example_trigger_controller_dag.py
[2026-08-08T17:33:17.779+0000] {logging_mixin.py:190} INFO - [2026-08-08T17:33:17.779+0000] {dag.py:3211} INFO - Sync 1 DAGs
[2026-08-08T17:33:17.797+0000] {logging_mixin.py:190} INFO - [2026-08-08T17:33:17.796+0000] {dag.py:4138} INFO - Setting next_dagrun for example_trigger_controller_dag to 2021-01-01 00:00:00+00:00, run_after=2021-01-01 00:00:00+00:00
[2026-08-08T17:33:17.815+0000] {processor.py:208} INFO - Processing /home/airflow/.local/lib/python3.12/site-packages/airflow/example_dags/example_trigger_controller_dag.py took 0.069 seconds
[2026-08-08T17:33:48.238+0000] {processor.py:186} INFO - Started process (PID=1161) to work on /home/airflow/.local/lib/python3.12/site-packages/airflow/example_dags/example_trigger_controller_dag.py
[2026-08-08T17:33:48.239+0000] {processor.py:914} INFO - Processing file /home/airflow/.local/lib/python3.12/site-packages/airflow/example_dags/example_trigger_controller_dag.py for tasks to queue
[2026-08-08T17:33:48.242+0000] {logging_mixin.py:190} INFO - [2026-08-08T17:33:48.242+0000] {dagbag.py:587} INFO - Filling up the DagBag from /home/airflow/.local/lib/python3.12/site-packages/airflow/example_dags/example_trigger_controller_dag.py
[2026-08-08T17:33:48.248+0000] {processor.py:925} INFO - DAG(s) 'example_trigger_controller_dag' retrieved from /home/airflow/.local/lib/python3.12/site-packages/airflow/example_dags/example_trigger_controller_dag.py
[2026-08-08T17:33:48.264+0000] {logging_mixin.py:190} INFO - [2026-08-08T17:33:48.263+0000] {dag.py:3211} INFO - Sync 1 DAGs
[2026-08-08T17:33:48.280+0000] {logging_mixin.py:190} INFO - [2026-08-08T17:33:48.280+0000] {dag.py:4138} INFO - Setting next_dagrun for example_trigger_controller_dag to 2021-01-01 00:00:00+00:00, run_after=2021-01-01 00:00:00+00:00
[2026-08-08T17:33:48.297+0000] {processor.py:208} INFO - Processing /home/airflow/.local/lib/python3.12/site-packages/airflow/example_dags/example_trigger_controller_dag.py took 0.063 seconds
[2026-08-08T17:34:18.609+0000] {processor.py:186} INFO - Started process (PID=1224) to work on /home/airflow/.local/lib/python3.12/site-packages/airflow/example_dags/example_trigger_controller_dag.py
[2026-08-08T17:34:18.610+0000] {processor.py:914} INFO - Processing file /home/airflow/.local/lib/python3.12/site-packages/airflow/example_dags/example_trigger_controller_dag.py for tasks to queue
[2026-08-08T17:34:18.613+0000] {logging_mixin.py:190} INFO - [2026-08-08T17:34:18.612+0000] {dagbag.py:587} INFO - Filling up the DagBag from /home/airflow/.local/lib/python3.12/site-packages/airflow/example_dags/example_trigger_controller_dag.py
[2026-08-08T17:34:18.619+0000] {processor.py:925} INFO - DAG(s) 'example_trigger_controller_dag' retrieved from /home/airflow/.local/lib/python3.12/site-packages/airflow/example_dags/example_trigger_controller_dag.py
[2026-08-08T17:34:18.633+0000] {logging_mixin.py:190} INFO - [2026-08-08T17:34:18.633+0000] {dag.py:3211} INFO - Sync 1 DAGs
[2026-08-08T17:34:18.647+0000] {logging_mixin.py:190} INFO - [2026-08-08T17:34:18.647+0000] {dag.py:4138} INFO - Setting next_dagrun for example_trigger_controller_dag to 2021-01-01 00:00:00+00:00, run_after=2021-01-01 00:00:00+00:00
[2026-08-08T17:34:18.664+0000] {processor.py:208} INFO - Processing /home/airflow/.local/lib/python3.12/site-packages/airflow/example_dags/example_trigger_controller_dag.py took 0.059 seconds
[2026-08-08T17:34:49.523+0000] {processor.py:186} INFO - Started process (PID=1287) to work on /home/airflow/.local/lib/python3.12/site-packages/airflow/example_dags/example_trigger_controller_dag.py
[2026-08-08T17:34:49.524+0000] {processor.py:914} INFO - Processing file /home/airflow/.local/lib/python3.12/site-packages/airflow/example_dags/example_trigger_controller_dag.py for tasks to queue
[2026-08-08T17:34:49.527+0000] {logging_mixin.py:190} INFO - [2026-08-08T17:34:49.527+0000] {dagbag.py:587} INFO - Filling up the DagBag from /home/airflow/.local/lib/python3.12/site-packages/airflow/example_dags/example_trigger_controller_dag.py
[2026-08-08T17:34:49.532+0000] {processor.py:925} INFO - DAG(s) 'example_trigger_controller_dag' retrieved from /home/airflow/.local/lib/python3.12/site-packages/airflow/example_dags/example_trigger_controller_dag.py
[2026-08-08T17:34:49.546+0000] {logging_mixin.py:190} INFO - [2026-08-08T17:34:49.546+0000] {dag.py:3211} INFO - Sync 1 DAGs
[2026-08-08T17:34:49.560+0000] {logging_mixin.py:190} INFO - [2026-08-08T17:34:49.560+0000] {dag.py:4138} INFO - Setting next_dagrun for example_trigger_controller_dag to 2021-01-01 00:00:00+00:00, run_after=2021-01-01 00:00:00+00:00
[2026-08-08T17:34:49.577+0000] {processor.py:208} INFO - Processing /home/airflow/.local/lib/python3.12/site-packages/airflow/example_dags/example_trigger_controller_dag.py took 0.057 seconds
[2026-08-08T17:35:20.137+0000] {processor.py:186} INFO - Started process (PID=1350) to work on /home/airflow/.local/lib/python3.12/site-packages/airflow/example_dags/example_trigger_controller_dag.py
[2026-08-08T17:35:20.138+0000] {processor.py:914} INFO - Processing file /home/airflow/.local/lib/python3.12/site-packages/airflow/example_dags/example_trigger_controller_dag.py for tasks to queue
[2026-08-08T17:35:20.141+0000] {logging_mixin.py:190} INFO - [2026-08-08T17:35:20.141+0000] {dagbag.py:587} INFO - Filling up the DagBag from /home/airflow/.local/lib/python3.12/site-packages/airflow/example_dags/example_trigger_controller_dag.py
[2026-08-08T17:35:20.146+0000] {processor.py:925} INFO - DAG(s) 'example_trigger_controller_dag' retrieved from /home/airflow/.local/lib/python3.12/site-packages/airflow/example_dags/example_trigger_controller_dag.py
[2026-08-08T17:35:20.161+0000] {logging_mixin.py:190} INFO - [2026-08-08T17:35:20.161+0000] {dag.py:3211} INFO - Sync 1 DAGs
[2026-08-08T17:35:20.176+0000] {logging_mixin.py:190} INFO - [2026-08-08T17:35:20.176+0000] {dag.py:4138} INFO - Setting next_dagrun for example_trigger_controller_dag to 2021-01-01 00:00:00+00:00, run_after=2021-01-01 00:00:00+00:00
[2026-08-08T17:35:20.194+0000] {processor.py:208} INFO - Processing /home/airflow/.local/lib/python3.12/site-packages/airflow/example_dags/example_trigger_controller_dag.py took 0.061 seconds
[2026-08-08T17:35:51.050+0000] {processor.py:186} INFO - Started process (PID=1413) to work on /home/airflow/.local/lib/python3.12/site-packages/airflow/example_dags/example_trigger_controller_dag.py
[2026-08-08T17:35:51.051+0000] {processor.py:914} INFO - Processing file /home/airflow/.local/lib/python3.12/site-packages/airflow/example_dags/example_trigger_controller_dag.py for tasks to queue
[2026-08-08T17:35:51.054+0000] {logging_mixin.py:190} INFO - [2026-08-08T17:35:51.054+0000] {dagbag.py:587} INFO - Filling up the DagBag from /home/airflow/.local/lib/python3.12/site-packages/airflow/example_dags/example_trigger_controller_dag.py
[2026-08-08T17:35:51.059+0000] {processor.py:925} INFO - DAG(s) 'example_trigger_controller_dag' retrieved from /home/airflow/.local/lib/python3.12/site-packages/airflow/example_dags/example_trigger_controller_dag.py
[2026-08-08T17:35:51.075+0000] {logging_mixin.py:190} INFO - [2026-08-08T17:35:51.074+0000] {dag.py:3211} INFO - Sync 1 DAGs
[2026-08-08T17:35:51.091+0000] {logging_mixin.py:190} INFO - [2026-08-08T17:35:51.090+0000] {dag.py:4138} INFO - Setting next_dagrun for example_trigger_controller_dag to 2021-01-01 00:00:00+00:00, run_after=2021-01-01 00:00:00+00:00
[2026-08-08T17:35:51.109+0000] {processor.py:208} INFO - Processing /home/airflow/.local/lib/python3.12/site-packages/airflow/example_dags/example_trigger_controller_dag.py took 0.064 seconds
[2026-08-08T17:36:21.659+0000] {processor.py:186} INFO - Started process (PID=1476) to work on /home/airflow/.local/lib/python3.12/site-packages/airflow/example_dags/example_trigger_controller_dag.py
[2026-08-08T17:36:21.660+0000] {processor.py:914} INFO - Processing file /home/airflow/.local/lib/python3.12/site-packages/airflow/example_dags/example_trigger_controller_dag.py for tasks to queue
[2026-08-08T17:36:21.663+0000] {logging_mixin.py:190} INFO - [2026-08-08T17:36:21.663+0000] {dagbag.py:587} INFO - Filling up the DagBag from /home/airflow/.local/lib/python3.12/site-packages/airflow/example_dags/example_trigger_controller_dag.py
[2026-08-08T17:36:21.670+0000] {processor.py:925} INFO - DAG(s) 'example_trigger_controller_dag' retrieved from /home/airflow/.local/lib/python3.12/site-packages/airflow/example_dags/example_trigger_controller_dag.py
[2026-08-08T17:36:21.690+0000] {logging_mixin.py:190} INFO - [2026-08-08T17:36:21.690+0000] {dag.py:3211} INFO - Sync 1 DAGs
[2026-08-08T17:36:21.707+0000] {logging_mixin.py:190} INFO - [2026-08-08T17:36:21.707+0000] {dag.py:4138} INFO - Setting next_dagrun for example_trigger_controller_dag to 2021-01-01 00:00:00+00:00, run_after=2021-01-01 00:00:00+00:00
[2026-08-08T17:36:21.726+0000] {processor.py:208} INFO - Processing /home/airflow/.local/lib/python3.12/site-packages/airflow/example_dags/example_trigger_controller_dag.py took 0.072 seconds
[2026-08-08T17:38:15.252+0000] {processor.py:186} INFO - Started process (PID=79) to work on /home/airflow/.local/lib/python3.12/site-packages/airflow/example_dags/example_trigger_controller_dag.py
[2026-08-08T17:38:15.256+0000] {processor.py:914} INFO - Processing file /home/airflow/.local/lib/python3.12/site-packages/airflow/example_dags/example_trigger_controller_dag.py for tasks to queue
[2026-08-08T17:38:15.261+0000] {logging_mixin.py:190} INFO - [2026-08-08T17:38:15.261+0000] {dagbag.py:587} INFO - Filling up the DagBag from /home/airflow/.local/lib/python3.12/site-packages/airflow/example_dags/example_trigger_controller_dag.py
[2026-08-08T17:38:15.274+0000] {processor.py:925} INFO - DAG(s) 'example_trigger_controller_dag' retrieved from /home/airflow/.local/lib/python3.12/site-packages/airflow/example_dags/example_trigger_controller_dag.py
[2026-08-08T17:38:15.301+0000] {logging_mixin.py:190} INFO - [2026-08-08T17:38:15.301+0000] {dag.py:3211} INFO - Sync 1 DAGs
[2026-08-08T17:38:15.323+0000] {logging_mixin.py:190} INFO - [2026-08-08T17:38:15.323+0000] {dag.py:4138} INFO - Setting next_dagrun for example_trigger_controller_dag to 2021-01-01 00:00:00+00:00, run_after=2021-01-01 00:00:00+00:00
[2026-08-08T17:38:15.352+0000] {processor.py:208} INFO - Processing /home/airflow/.local/lib/python3.12/site-packages/airflow/example_dags/example_trigger_controller_dag.py took 0.106 seconds
[2026-08-08T17:38:46.036+0000] {processor.py:186} INFO - Started process (PID=142) to work on /home/airflow/.local/lib/python3.12/site-packages/airflow/example_dags/example_trigger_controller_dag.py
[2026-08-08T17:38:46.038+0000] {processor.py:914} INFO - Processing file /home/airflow/.local/lib/python3.12/site-packages/airflow/example_dags/example_trigger_controller_dag.py for tasks to queue
[2026-08-08T17:38:46.040+0000] {logging_mixin.py:190} INFO - [2026-08-08T17:38:46.040+0000] {dagbag.py:587} INFO - Filling up the DagBag from /home/airflow/.local/lib/python3.12/site-packages/airflow/example_dags/example_trigger_controller_dag.py
[2026-08-08T17:38:46.047+0000] {processor.py:925} INFO - DAG(s) 'example_trigger_controller_dag' retrieved from /home/airflow/.local/lib/python3.12/site-packages/airflow/example_dags/example_trigger_controller_dag.py
[2026-08-08T17:38:46.068+0000] {logging_mixin.py:190} INFO - [2026-08-08T17:38:46.067+0000] {dag.py:3211} INFO - Sync 1 DAGs
[2026-08-08T17:38:46.096+0000] {logging_mixin.py:190} INFO - [2026-08-08T17:38:46.096+0000] {dag.py:4138} INFO - Setting next_dagrun for example_trigger_controller_dag to 2021-01-01 00:00:00+00:00, run_after=2021-01-01 00:00:00+00:00
[2026-08-08T17:38:46.116+0000] {processor.py:208} INFO - Processing /home/airflow/.local/lib/python3.12/site-packages/airflow/example_dags/example_trigger_controller_dag.py took 0.087 seconds
[2026-08-08T17:39:16.383+0000] {processor.py:186} INFO - Started process (PID=205) to work on /home/airflow/.local/lib/python3.12/site-packages/airflow/example_dags/example_trigger_controller_dag.py
[2026-08-08T17:39:16.384+0000] {processor.py:914} INFO - Processing file /home/airflow/.local/lib/python3.12/site-packages/airflow/example_dags/example_trigger_controller_dag.py for tasks to queue
[2026-08-08T17:39:16.386+0000] {logging_mixin.py:190} INFO - [2026-08-08T17:39:16.386+0000] {dagbag.py:587} INFO - Filling up the DagBag from /home/airflow/.local/lib/python3.12/site-packages/airflow/example_dags/example_trigger_controller_dag.py
[2026-08-08T17:39:16.392+0000] {processor.py:925} INFO - DAG(s) 'example_trigger_controller_dag' retrieved from /home/airflow/.local/lib/python3.12/site-packages/airflow/example_dags/example_trigger_controller_dag.py
[2026-08-08T17:39:16.415+0000] {logging_mixin.py:190} INFO - [2026-08-08T17:39:16.415+0000] {dag.py:3211} INFO - Sync 1 DAGs
[2026-08-08T17:39:16.436+0000] {logging_mixin.py:190} INFO - [2026-08-08T17:39:16.436+0000] {dag.py:4138} INFO - Setting next_dagrun for example_trigger_controller_dag to 2021-01-01 00:00:00+00:00, run_after=2021-01-01 00:00:00+00:00
[2026-08-08T17:39:16.452+0000] {processor.py:208} INFO - Processing /home/airflow/.local/lib/python3.12/site-packages/airflow/example_dags/example_trigger_controller_dag.py took 0.075 seconds
[2026-08-08T17:39:47.535+0000] {processor.py:186} INFO - Started process (PID=268) to work on /home/airflow/.local/lib/python3.12/site-packages/airflow/example_dags/example_trigger_controller_dag.py
[2026-08-08T17:39:47.538+0000] {processor.py:914} INFO - Processing file /home/airflow/.local/lib/python3.12/site-packages/airflow/example_dags/example_trigger_controller_dag.py for tasks to queue
[2026-08-08T17:39:47.541+0000] {logging_mixin.py:190} INFO - [2026-08-08T17:39:47.541+0000] {dagbag.py:587} INFO - Filling up the DagBag from /home/airflow/.local/lib/python3.12/site-packages/airflow/example_dags/example_trigger_controller_dag.py
[2026-08-08T17:39:47.549+0000] {processor.py:925} INFO - DAG(s) 'example_trigger_controller_dag' retrieved from /home/airflow/.local/lib/python3.12/site-packages/airflow/example_dags/example_trigger_controller_dag.py
[2026-08-08T17:39:47.573+0000] {logging_mixin.py:190} INFO - [2026-08-08T17:39:47.572+0000] {dag.py:3211} INFO - Sync 1 DAGs
[2026-08-08T17:39:47.595+0000] {logging_mixin.py:190} INFO - [2026-08-08T17:39:47.595+0000] {dag.py:4138} INFO - Setting next_dagrun for example_trigger_controller_dag to 2021-01-01 00:00:00+00:00, run_after=2021-01-01 00:00:00+00:00
[2026-08-08T17:39:47.618+0000] {processor.py:208} INFO - Processing /home/airflow/.local/lib/python3.12/site-packages/airflow/example_dags/example_trigger_controller_dag.py took 0.090 seconds
[2026-08-08T17:42:39.195+0000] {processor.py:186} INFO - Started process (PID=91) to work on /home/airflow/.local/lib/python3.12/site-packages/airflow/example_dags/example_trigger_controller_dag.py
[2026-08-08T17:42:39.196+0000] {processor.py:914} INFO - Processing file /home/airflow/.local/lib/python3.12/site-packages/airflow/example_dags/example_trigger_controller_dag.py for tasks to queue
[2026-08-08T17:42:39.201+0000] {logging_mixin.py:190} INFO - [2026-08-08T17:42:39.200+0000] {dagbag.py:587} INFO - Filling up the DagBag from /home/airflow/.local/lib/python3.12/site-packages/airflow/example_dags/example_trigger_controller_dag.py
[2026-08-08T17:42:39.208+0000] {processor.py:925} INFO - DAG(s) 'example_trigger_controller_dag' retrieved from /home/airflow/.local/lib/python3.12/site-packages/airflow/example_dags/example_trigger_controller_dag.py
[2026-08-08T17:42:39.239+0000] {logging_mixin.py:190} INFO - [2026-08-08T17:42:39.239+0000] {dag.py:3211} INFO - Sync 1 DAGs
[2026-08-08T17:42:39.263+0000] {logging_mixin.py:190} INFO - [2026-08-08T17:42:39.263+0000] {dag.py:4138} INFO - Setting next_dagrun for example_trigger_controller_dag to 2021-01-01 00:00:00+00:00, run_after=2021-01-01 00:00:00+00:00
[2026-08-08T17:42:39.290+0000] {processor.py:208} INFO - Processing /home/airflow/.local/lib/python3.12/site-packages/airflow/example_dags/example_trigger_controller_dag.py took 0.102 seconds
[2026-08-08T17:43:09.840+0000] {processor.py:186} INFO - Started process (PID=154) to work on /home/airflow/.local/lib/python3.12/site-packages/airflow/example_dags/example_trigger_controller_dag.py
[2026-08-08T17:43:09.841+0000] {processor.py:914} INFO - Processing file /home/airflow/.local/lib/python3.12/site-packages/airflow/example_dags/example_trigger_controller_dag.py for tasks to queue
[2026-08-08T17:43:09.844+0000] {logging_mixin.py:190} INFO - [2026-08-08T17:43:09.844+0000] {dagbag.py:587} INFO - Filling up the DagBag from /home/airflow/.local/lib/python3.12/site-packages/airflow/example_dags/example_trigger_controller_dag.py
[2026-08-08T17:43:09.853+0000] {processor.py:925} INFO - DAG(s) 'example_trigger_controller_dag' retrieved from /home/airflow/.local/lib/python3.12/site-packages/airflow/example_dags/example_trigger_controller_dag.py
[2026-08-08T17:43:09.878+0000] {logging_mixin.py:190} INFO - [2026-08-08T17:43:09.878+0000] {dag.py:3211} INFO - Sync 1 DAGs
[2026-08-08T17:43:09.905+0000] {logging_mixin.py:190} INFO - [2026-08-08T17:43:09.905+0000] {dag.py:4138} INFO - Setting next_dagrun for example_trigger_controller_dag to 2021-01-01 00:00:00+00:00, run_after=2021-01-01 00:00:00+00:00
[2026-08-08T17:43:09.928+0000] {processor.py:208} INFO - Processing /home/airflow/.local/lib/python3.12/site-packages/airflow/example_dags/example_trigger_controller_dag.py took 0.096 seconds
[2026-08-08T17:43:40.524+0000] {processor.py:186} INFO - Started process (PID=216) to work on /home/airflow/.local/lib/python3.12/site-packages/airflow/example_dags/example_trigger_controller_dag.py
[2026-08-08T17:43:40.526+0000] {processor.py:914} INFO - Processing file /home/airflow/.local/lib/python3.12/site-packages/airflow/example_dags/example_trigger_controller_dag.py for tasks to queue
[2026-08-08T17:43:40.530+0000] {logging_mixin.py:190} INFO - [2026-08-08T17:43:40.529+0000] {dagbag.py:587} INFO - Filling up the DagBag from /home/airflow/.local/lib/python3.12/site-packages/airflow/example_dags/example_trigger_controller_dag.py
[2026-08-08T17:43:40.542+0000] {processor.py:925} INFO - DAG(s) 'example_trigger_controller_dag' retrieved from /home/airflow/.local/lib/python3.12/site-packages/airflow/example_dags/example_trigger_controller_dag.py
[2026-08-08T17:43:40.575+0000] {logging_mixin.py:190} INFO - [2026-08-08T17:43:40.574+0000] {dag.py:3211} INFO - Sync 1 DAGs
[2026-08-08T17:43:40.608+0000] {logging_mixin.py:190} INFO - [2026-08-08T17:43:40.607+0000] {dag.py:4138} INFO - Setting next_dagrun for example_trigger_controller_dag to 2021-01-01 00:00:00+00:00, run_after=2021-01-01 00:00:00+00:00
[2026-08-08T17:43:40.640+0000] {processor.py:208} INFO - Processing /home/airflow/.local/lib/python3.12/site-packages/airflow/example_dags/example_trigger_controller_dag.py took 0.125 seconds
[2026-08-08T17:44:10.795+0000] {processor.py:186} INFO - Started process (PID=279) to work on /home/airflow/.local/lib/python3.12/site-packages/airflow/example_dags/example_trigger_controller_dag.py
[2026-08-08T17:44:10.796+0000] {processor.py:914} INFO - Processing file /home/airflow/.local/lib/python3.12/site-packages/airflow/example_dags/example_trigger_controller_dag.py for tasks to queue
[2026-08-08T17:44:10.798+0000] {logging_mixin.py:190} INFO - [2026-08-08T17:44:10.798+0000] {dagbag.py:587} INFO - Filling up the DagBag from /home/airflow/.local/lib/python3.12/site-packages/airflow/example_dags/example_trigger_controller_dag.py
[2026-08-08T17:44:10.804+0000] {processor.py:925} INFO - DAG(s) 'example_trigger_controller_dag' retrieved from /home/airflow/.local/lib/python3.12/site-packages/airflow/example_dags/example_trigger_controller_dag.py
[2026-08-08T17:44:10.820+0000] {logging_mixin.py:190} INFO - [2026-08-08T17:44:10.820+0000] {dag.py:3211} INFO - Sync 1 DAGs
[2026-08-08T17:44:10.835+0000] {logging_mixin.py:190} INFO - [2026-08-08T17:44:10.835+0000] {dag.py:4138} INFO - Setting next_dagrun for example_trigger_controller_dag to 2021-01-01 00:00:00+00:00, run_after=2021-01-01 00:00:00+00:00
[2026-08-08T17:44:10.852+0000] {processor.py:208} INFO - Processing /home/airflow/.local/lib/python3.12/site-packages/airflow/example_dags/example_trigger_controller_dag.py took 0.063 seconds
[2026-08-08T17:44:41.072+0000] {processor.py:186} INFO - Started process (PID=342) to work on /home/airflow/.local/lib/python3.12/site-packages/airflow/example_dags/example_trigger_controller_dag.py
[2026-08-08T17:44:41.073+0000] {processor.py:914} INFO - Processing file /home/airflow/.local/lib/python3.12/site-packages/airflow/example_dags/example_trigger_controller_dag.py for tasks to queue
[2026-08-08T17:44:41.075+0000] {logging_mixin.py:190} INFO - [2026-08-08T17:44:41.075+0000] {dagbag.py:587} INFO - Filling up the DagBag from /home/airflow/.local/lib/python3.12/site-packages/airflow/example_dags/example_trigger_controller_dag.py
[2026-08-08T17:44:41.080+0000] {processor.py:925} INFO - DAG(s) 'example_trigger_controller_dag' retrieved from /home/airflow/.local/lib/python3.12/site-packages/airflow/example_dags/example_trigger_controller_dag.py
[2026-08-08T17:44:41.096+0000] {logging_mixin.py:190} INFO - [2026-08-08T17:44:41.096+0000] {dag.py:3211} INFO - Sync 1 DAGs
[2026-08-08T17:44:41.111+0000] {logging_mixin.py:190} INFO - [2026-08-08T17:44:41.111+0000] {dag.py:4138} INFO - Setting next_dagrun for example_trigger_controller_dag to 2021-01-01 00:00:00+00:00, run_after=2021-01-01 00:00:00+00:00
[2026-08-08T17:44:41.130+0000] {processor.py:208} INFO - Processing /home/airflow/.local/lib/python3.12/site-packages/airflow/example_dags/example_trigger_controller_dag.py took 0.063 seconds
[2026-08-08T17:45:11.315+0000] {processor.py:186} INFO - Started process (PID=405) to work on /home/airflow/.local/lib/python3.12/site-packages/airflow/example_dags/example_trigger_controller_dag.py
[2026-08-08T17:45:11.316+0000] {processor.py:914} INFO - Processing file /home/airflow/.local/lib/python3.12/site-packages/airflow/example_dags/example_trigger_controller_dag.py for tasks to queue
[2026-08-08T17:45:11.319+0000] {logging_mixin.py:190} INFO - [2026-08-08T17:45:11.319+0000] {dagbag.py:587} INFO - Filling up the DagBag from /home/airflow/.local/lib/python3.12/site-packages/airflow/example_dags/example_trigger_controller_dag.py
[2026-08-08T17:45:11.327+0000] {processor.py:925} INFO - DAG(s) 'example_trigger_controller_dag' retrieved from /home/airflow/.local/lib/python3.12/site-packages/airflow/example_dags/example_trigger_controller_dag.py
[2026-08-08T17:45:11.343+0000] {logging_mixin.py:190} INFO - [2026-08-08T17:45:11.343+0000] {dag.py:3211} INFO - Sync 1 DAGs
[2026-08-08T17:45:11.359+0000] {logging_mixin.py:190} INFO - [2026-08-08T17:45:11.359+0000] {dag.py:4138} INFO - Setting next_dagrun for example_trigger_controller_dag to 2021-01-01 00:00:00+00:00, run_after=2021-01-01 00:00:00+00:00
[2026-08-08T17:45:11.373+0000] {processor.py:208} INFO - Processing /home/airflow/.local/lib/python3.12/site-packages/airflow/example_dags/example_trigger_controller_dag.py took 0.064 seconds
[2026-08-08T17:45:41.580+0000] {processor.py:186} INFO - Started process (PID=468) to work on /home/airflow/.local/lib/python3.12/site-packages/airflow/example_dags/example_trigger_controller_dag.py
[2026-08-08T17:45:41.581+0000] {processor.py:914} INFO - Processing file /home/airflow/.local/lib/python3.12/site-packages/airflow/example_dags/example_trigger_controller_dag.py for tasks to queue
[2026-08-08T17:45:41.584+0000] {logging_mixin.py:190} INFO - [2026-08-08T17:45:41.584+0000] {dagbag.py:587} INFO - Filling up the DagBag from /home/airflow/.local/lib/python3.12/site-packages/airflow/example_dags/example_trigger_controller_dag.py
[2026-08-08T17:45:41.591+0000] {processor.py:925} INFO - DAG(s) 'example_trigger_controller_dag' retrieved from /home/airflow/.local/lib/python3.12/site-packages/airflow/example_dags/example_trigger_controller_dag.py
[2026-08-08T17:45:41.612+0000] {logging_mixin.py:190} INFO - [2026-08-08T17:45:41.612+0000] {dag.py:3211} INFO - Sync 1 DAGs
[2026-08-08T17:45:41.633+0000] {logging_mixin.py:190} INFO - [2026-08-08T17:45:41.633+0000] {dag.py:4138} INFO - Setting next_dagrun for example_trigger_controller_dag to 2021-01-01 00:00:00+00:00, run_after=2021-01-01 00:00:00+00:00
[2026-08-08T17:45:41.655+0000] {processor.py:208} INFO - Processing /home/airflow/.local/lib/python3.12/site-packages/airflow/example_dags/example_trigger_controller_dag.py took 0.083 seconds
[2026-08-08T17:47:12.836+0000] {processor.py:186} INFO - Started process (PID=86) to work on /home/airflow/.local/lib/python3.12/site-packages/airflow/example_dags/example_trigger_controller_dag.py
[2026-08-08T17:47:12.838+0000] {processor.py:914} INFO - Processing file /home/airflow/.local/lib/python3.12/site-packages/airflow/example_dags/example_trigger_controller_dag.py for tasks to queue
[2026-08-08T17:47:12.843+0000] {logging_mixin.py:190} INFO - [2026-08-08T17:47:12.843+0000] {dagbag.py:587} INFO - Filling up the DagBag from /home/airflow/.local/lib/python3.12/site-packages/airflow/example_dags/example_trigger_controller_dag.py
[2026-08-08T17:47:12.860+0000] {processor.py:925} INFO - DAG(s) 'example_trigger_controller_dag' retrieved from /home/airflow/.local/lib/python3.12/site-packages/airflow/example_dags/example_trigger_controller_dag.py
[2026-08-08T17:47:12.906+0000] {logging_mixin.py:190} INFO - [2026-08-08T17:47:12.905+0000] {dag.py:3211} INFO - Sync 1 DAGs
[2026-08-08T17:47:12.949+0000] {logging_mixin.py:190} INFO - [2026-08-08T17:47:12.948+0000] {dag.py:4138} INFO - Setting next_dagrun for example_trigger_controller_dag to 2021-01-01 00:00:00+00:00, run_after=2021-01-01 00:00:00+00:00
[2026-08-08T17:47:13.015+0000] {processor.py:208} INFO - Processing /home/airflow/.local/lib/python3.12/site-packages/airflow/example_dags/example_trigger_controller_dag.py took 0.192 seconds
[2026-08-08T17:47:43.977+0000] {processor.py:186} INFO - Started process (PID=155) to work on /home/airflow/.local/lib/python3.12/site-packages/airflow/example_dags/example_trigger_controller_dag.py
[2026-08-08T17:47:43.979+0000] {processor.py:914} INFO - Processing file /home/airflow/.local/lib/python3.12/site-packages/airflow/example_dags/example_trigger_controller_dag.py for tasks to queue
[2026-08-08T17:47:43.982+0000] {logging_mixin.py:190} INFO - [2026-08-08T17:47:43.982+0000] {dagbag.py:587} INFO - Filling up the DagBag from /home/airflow/.local/lib/python3.12/site-packages/airflow/example_dags/example_trigger_controller_dag.py
[2026-08-08T17:47:43.991+0000] {processor.py:925} INFO - DAG(s) 'example_trigger_controller_dag' retrieved from /home/airflow/.local/lib/python3.12/site-packages/airflow/example_dags/example_trigger_controller_dag.py
[2026-08-08T17:47:44.018+0000] {logging_mixin.py:190} INFO - [2026-08-08T17:47:44.018+0000] {dag.py:3211} INFO - Sync 1 DAGs
[2026-08-08T17:47:44.043+0000] {logging_mixin.py:190} INFO - [2026-08-08T17:47:44.043+0000] {dag.py:4138} INFO - Setting next_dagrun for example_trigger_controller_dag to 2021-01-01 00:00:00+00:00, run_after=2021-01-01 00:00:00+00:00
[2026-08-08T17:47:44.063+0000] {processor.py:208} INFO - Processing /home/airflow/.local/lib/python3.12/site-packages/airflow/example_dags/example_trigger_controller_dag.py took 0.094 seconds
[2026-08-08T17:48:14.147+0000] {processor.py:186} INFO - Started process (PID=224) to work on /home/airflow/.local/lib/python3.12/site-packages/airflow/example_dags/example_trigger_controller_dag.py
[2026-08-08T17:48:14.149+0000] {processor.py:914} INFO - Processing file /home/airflow/.local/lib/python3.12/site-packages/airflow/example_dags/example_trigger_controller_dag.py for tasks to queue
[2026-08-08T17:48:14.152+0000] {logging_mixin.py:190} INFO - [2026-08-08T17:48:14.152+0000] {dagbag.py:587} INFO - Filling up the DagBag from /home/airflow/.local/lib/python3.12/site-packages/airflow/example_dags/example_trigger_controller_dag.py
[2026-08-08T17:48:14.160+0000] {processor.py:925} INFO - DAG(s) 'example_trigger_controller_dag' retrieved from /home/airflow/.local/lib/python3.12/site-packages/airflow/example_dags/example_trigger_controller_dag.py
[2026-08-08T17:48:14.182+0000] {logging_mixin.py:190} INFO - [2026-08-08T17:48:14.181+0000] {dag.py:3211} INFO - Sync 1 DAGs
[2026-08-08T17:48:14.205+0000] {logging_mixin.py:190} INFO - [2026-08-08T17:48:14.204+0000] {dag.py:4138} INFO - Setting next_dagrun for example_trigger_controller_dag to 2021-01-01 00:00:00+00:00, run_after=2021-01-01 00:00:00+00:00
[2026-08-08T17:48:14.226+0000] {processor.py:208} INFO - Processing /home/airflow/.local/lib/python3.12/site-packages/airflow/example_dags/example_trigger_controller_dag.py took 0.087 seconds
[2026-08-08T17:48:44.841+0000] {processor.py:186} INFO - Started process (PID=287) to work on /home/airflow/.local/lib/python3.12/site-packages/airflow/example_dags/example_trigger_controller_dag.py
[2026-08-08T17:48:44.842+0000] {processor.py:914} INFO - Processing file /home/airflow/.local/lib/python3.12/site-packages/airflow/example_dags/example_trigger_controller_dag.py for tasks to queue
[2026-08-08T17:48:44.846+0000] {logging_mixin.py:190} INFO - [2026-08-08T17:48:44.845+0000] {dagbag.py:587} INFO - Filling up the DagBag from /home/airflow/.local/lib/python3.12/site-packages/airflow/example_dags/example_trigger_controller_dag.py
[2026-08-08T17:48:44.853+0000] {processor.py:925} INFO - DAG(s) 'example_trigger_controller_dag' retrieved from /home/airflow/.local/lib/python3.12/site-packages/airflow/example_dags/example_trigger_controller_dag.py
[2026-08-08T17:48:44.874+0000] {logging_mixin.py:190} INFO - [2026-08-08T17:48:44.874+0000] {dag.py:3211} INFO - Sync 1 DAGs
[2026-08-08T17:48:44.894+0000] {logging_mixin.py:190} INFO - [2026-08-08T17:48:44.894+0000] {dag.py:4138} INFO - Setting next_dagrun for example_trigger_controller_dag to 2021-01-01 00:00:00+00:00, run_after=2021-01-01 00:00:00+00:00
[2026-08-08T17:48:44.914+0000] {processor.py:208} INFO - Processing /home/airflow/.local/lib/python3.12/site-packages/airflow/example_dags/example_trigger_controller_dag.py took 0.078 seconds
[2026-08-08T17:52:36.602+0000] {processor.py:186} INFO - Started process (PID=91) to work on /home/airflow/.local/lib/python3.12/site-packages/airflow/example_dags/example_trigger_controller_dag.py
[2026-08-08T17:52:36.603+0000] {processor.py:914} INFO - Processing file /home/airflow/.local/lib/python3.12/site-packages/airflow/example_dags/example_trigger_controller_dag.py for tasks to queue
[2026-08-08T17:52:36.606+0000] {logging_mixin.py:190} INFO - [2026-08-08T17:52:36.606+0000] {dagbag.py:587} INFO - Filling up the DagBag from /home/airflow/.local/lib/python3.12/site-packages/airflow/example_dags/example_trigger_controller_dag.py
[2026-08-08T17:52:36.615+0000] {processor.py:925} INFO - DAG(s) 'example_trigger_controller_dag' retrieved from /home/airflow/.local/lib/python3.12/site-packages/airflow/example_dags/example_trigger_controller_dag.py
[2026-08-08T17:52:36.641+0000] {logging_mixin.py:190} INFO - [2026-08-08T17:52:36.641+0000] {dag.py:3211} INFO - Sync 1 DAGs
[2026-08-08T17:52:36.668+0000] {logging_mixin.py:190} INFO - [2026-08-08T17:52:36.668+0000] {dag.py:4138} INFO - Setting next_dagrun for example_trigger_controller_dag to 2021-01-01 00:00:00+00:00, run_after=2021-01-01 00:00:00+00:00
[2026-08-08T17:52:36.697+0000] {processor.py:208} INFO - Processing /home/airflow/.local/lib/python3.12/site-packages/airflow/example_dags/example_trigger_controller_dag.py took 0.102 seconds
[2026-08-08T17:53:06.945+0000] {processor.py:186} INFO - Started process (PID=154) to work on /home/airflow/.local/lib/python3.12/site-packages/airflow/example_dags/example_trigger_controller_dag.py
[2026-08-08T17:53:06.947+0000] {processor.py:914} INFO - Processing file /home/airflow/.local/lib/python3.12/site-packages/airflow/example_dags/example_trigger_controller_dag.py for tasks to queue
[2026-08-08T17:53:06.950+0000] {logging_mixin.py:190} INFO - [2026-08-08T17:53:06.950+0000] {dagbag.py:587} INFO - Filling up the DagBag from /home/airflow/.local/lib/python3.12/site-packages/airflow/example_dags/example_trigger_controller_dag.py
[2026-08-08T17:53:06.958+0000] {processor.py:925} INFO - DAG(s) 'example_trigger_controller_dag' retrieved from /home/airflow/.local/lib/python3.12/site-packages/airflow/example_dags/example_trigger_controller_dag.py
[2026-08-08T17:53:06.978+0000] {logging_mixin.py:190} INFO - [2026-08-08T17:53:06.978+0000] {dag.py:3211} INFO - Sync 1 DAGs
[2026-08-08T17:53:06.997+0000] {logging_mixin.py:190} INFO - [2026-08-08T17:53:06.997+0000] {dag.py:4138} INFO - Setting next_dagrun for example_trigger_controller_dag to 2021-01-01 00:00:00+00:00, run_after=2021-01-01 00:00:00+00:00
[2026-08-08T17:53:07.013+0000] {processor.py:208} INFO - Processing /home/airflow/.local/lib/python3.12/site-packages/airflow/example_dags/example_trigger_controller_dag.py took 0.076 seconds
[2026-08-08T17:53:37.937+0000] {processor.py:186} INFO - Started process (PID=217) to work on /home/airflow/.local/lib/python3.12/site-packages/airflow/example_dags/example_trigger_controller_dag.py
[2026-08-08T17:53:37.939+0000] {processor.py:914} INFO - Processing file /home/airflow/.local/lib/python3.12/site-packages/airflow/example_dags/example_trigger_controller_dag.py for tasks to queue
[2026-08-08T17:53:37.943+0000] {logging_mixin.py:190} INFO - [2026-08-08T17:53:37.943+0000] {dagbag.py:587} INFO - Filling up the DagBag from /home/airflow/.local/lib/python3.12/site-packages/airflow/example_dags/example_trigger_controller_dag.py
[2026-08-08T17:53:37.954+0000] {processor.py:925} INFO - DAG(s) 'example_trigger_controller_dag' retrieved from /home/airflow/.local/lib/python3.12/site-packages/airflow/example_dags/example_trigger_controller_dag.py
[2026-08-08T17:53:37.984+0000] {logging_mixin.py:190} INFO - [2026-08-08T17:53:37.984+0000] {dag.py:3211} INFO - Sync 1 DAGs
[2026-08-08T17:53:38.016+0000] {logging_mixin.py:190} INFO - [2026-08-08T17:53:38.016+0000] {dag.py:4138} INFO - Setting next_dagrun for example_trigger_controller_dag to 2021-01-01 00:00:00+00:00, run_after=2021-01-01 00:00:00+00:00
[2026-08-08T17:53:38.051+0000] {processor.py:208} INFO - Processing /home/airflow/.local/lib/python3.12/site-packages/airflow/example_dags/example_trigger_controller_dag.py took 0.123 seconds
[2026-08-08T17:54:08.633+0000] {processor.py:186} INFO - Started process (PID=280) to work on /home/airflow/.local/lib/python3.12/site-packages/airflow/example_dags/example_trigger_controller_dag.py
[2026-08-08T17:54:08.635+0000] {processor.py:914} INFO - Processing file /home/airflow/.local/lib/python3.12/site-packages/airflow/example_dags/example_trigger_controller_dag.py for tasks to queue
[2026-08-08T17:54:08.641+0000] {logging_mixin.py:190} INFO - [2026-08-08T17:54:08.641+0000] {dagbag.py:587} INFO - Filling up the DagBag from /home/airflow/.local/lib/python3.12/site-packages/airflow/example_dags/example_trigger_controller_dag.py
[2026-08-08T17:54:08.657+0000] {processor.py:925} INFO - DAG(s) 'example_trigger_controller_dag' retrieved from /home/airflow/.local/lib/python3.12/site-packages/airflow/example_dags/example_trigger_controller_dag.py
[2026-08-08T17:54:08.683+0000] {logging_mixin.py:190} INFO - [2026-08-08T17:54:08.683+0000] {dag.py:3211} INFO - Sync 1 DAGs
[2026-08-08T17:54:08.708+0000] {logging_mixin.py:190} INFO - [2026-08-08T17:54:08.708+0000] {dag.py:4138} INFO - Setting next_dagrun for example_trigger_controller_dag to 2021-01-01 00:00:00+00:00, run_after=2021-01-01 00:00:00+00:00
[2026-08-08T17:54:08.734+0000] {processor.py:208} INFO - Processing /home/airflow/.local/lib/python3.12/site-packages/airflow/example_dags/example_trigger_controller_dag.py took 0.111 seconds
[2026-08-08T17:54:39.276+0000] {processor.py:186} INFO - Started process (PID=343) to work on /home/airflow/.local/lib/python3.12/site-packages/airflow/example_dags/example_trigger_controller_dag.py
[2026-08-08T17:54:39.278+0000] {processor.py:914} INFO - Processing file /home/airflow/.local/lib/python3.12/site-packages/airflow/example_dags/example_trigger_controller_dag.py for tasks to queue
[2026-08-08T17:54:39.280+0000] {logging_mixin.py:190} INFO - [2026-08-08T17:54:39.280+0000] {dagbag.py:587} INFO - Filling up the DagBag from /home/airflow/.local/lib/python3.12/site-packages/airflow/example_dags/example_trigger_controller_dag.py
[2026-08-08T17:54:39.286+0000] {processor.py:925} INFO - DAG(s) 'example_trigger_controller_dag' retrieved from /home/airflow/.local/lib/python3.12/site-packages/airflow/example_dags/example_trigger_controller_dag.py
[2026-08-08T17:54:39.304+0000] {logging_mixin.py:190} INFO - [2026-08-08T17:54:39.304+0000] {dag.py:3211} INFO - Sync 1 DAGs
[2026-08-08T17:54:39.327+0000] {logging_mixin.py:190} INFO - [2026-08-08T17:54:39.327+0000] {dag.py:4138} INFO - Setting next_dagrun for example_trigger_controller_dag to 2021-01-01 00:00:00+00:00, run_after=2021-01-01 00:00:00+00:00
[2026-08-08T17:54:39.345+0000] {processor.py:208} INFO - Processing /home/airflow/.local/lib/python3.12/site-packages/airflow/example_dags/example_trigger_controller_dag.py took 0.074 seconds
[2026-08-08T17:55:09.641+0000] {processor.py:186} INFO - Started process (PID=406) to work on /home/airflow/.local/lib/python3.12/site-packages/airflow/example_dags/example_trigger_controller_dag.py
[2026-08-08T17:55:09.642+0000] {processor.py:914} INFO - Processing file /home/airflow/.local/lib/python3.12/site-packages/airflow/example_dags/example_trigger_controller_dag.py for tasks to queue
[2026-08-08T17:55:09.644+0000] {logging_mixin.py:190} INFO - [2026-08-08T17:55:09.644+0000] {dagbag.py:587} INFO - Filling up the DagBag from /home/airflow/.local/lib/python3.12/site-packages/airflow/example_dags/example_trigger_controller_dag.py
[2026-08-08T17:55:09.650+0000] {processor.py:925} INFO - DAG(s) 'example_trigger_controller_dag' retrieved from /home/airflow/.local/lib/python3.12/site-packages/airflow/example_dags/example_trigger_controller_dag.py
[2026-08-08T17:55:09.670+0000] {logging_mixin.py:190} INFO - [2026-08-08T17:55:09.669+0000] {dag.py:3211} INFO - Sync 1 DAGs
[2026-08-08T17:55:09.692+0000] {logging_mixin.py:190} INFO - [2026-08-08T17:55:09.692+0000] {dag.py:4138} INFO - Setting next_dagrun for example_trigger_controller_dag to 2021-01-01 00:00:00+00:00, run_after=2021-01-01 00:00:00+00:00
[2026-08-08T17:55:09.709+0000] {processor.py:208} INFO - Processing /home/airflow/.local/lib/python3.12/site-packages/airflow/example_dags/example_trigger_controller_dag.py took 0.073 seconds
[2026-08-08T17:55:39.998+0000] {processor.py:186} INFO - Started process (PID=469) to work on /home/airflow/.local/lib/python3.12/site-packages/airflow/example_dags/example_trigger_controller_dag.py
[2026-08-08T17:55:40.000+0000] {processor.py:914} INFO - Processing file /home/airflow/.local/lib/python3.12/site-packages/airflow/example_dags/example_trigger_controller_dag.py for tasks to queue
[2026-08-08T17:55:40.003+0000] {logging_mixin.py:190} INFO - [2026-08-08T17:55:40.002+0000] {dagbag.py:587} INFO - Filling up the DagBag from /home/airflow/.local/lib/python3.12/site-packages/airflow/example_dags/example_trigger_controller_dag.py
[2026-08-08T17:55:40.010+0000] {processor.py:925} INFO - DAG(s) 'example_trigger_controller_dag' retrieved from /home/airflow/.local/lib/python3.12/site-packages/airflow/example_dags/example_trigger_controller_dag.py
[2026-08-08T17:55:40.030+0000] {logging_mixin.py:190} INFO - [2026-08-08T17:55:40.030+0000] {dag.py:3211} INFO - Sync 1 DAGs
[2026-08-08T17:55:40.051+0000] {logging_mixin.py:190} INFO - [2026-08-08T17:55:40.051+0000] {dag.py:4138} INFO - Setting next_dagrun for example_trigger_controller_dag to 2021-01-01 00:00:00+00:00, run_after=2021-01-01 00:00:00+00:00
[2026-08-08T17:55:40.070+0000] {processor.py:208} INFO - Processing /home/airflow/.local/lib/python3.12/site-packages/airflow/example_dags/example_trigger_controller_dag.py took 0.078 seconds
[2026-08-08T17:56:10.312+0000] {processor.py:186} INFO - Started process (PID=532) to work on /home/airflow/.local/lib/python3.12/site-packages/airflow/example_dags/example_trigger_controller_dag.py
[2026-08-08T17:56:10.314+0000] {processor.py:914} INFO - Processing file /home/airflow/.local/lib/python3.12/site-packages/airflow/example_dags/example_trigger_controller_dag.py for tasks to queue
[2026-08-08T17:56:10.316+0000] {logging_mixin.py:190} INFO - [2026-08-08T17:56:10.316+0000] {dagbag.py:587} INFO - Filling up the DagBag from /home/airflow/.local/lib/python3.12/site-packages/airflow/example_dags/example_trigger_controller_dag.py
[2026-08-08T17:56:10.323+0000] {processor.py:925} INFO - DAG(s) 'example_trigger_controller_dag' retrieved from /home/airflow/.local/lib/python3.12/site-packages/airflow/example_dags/example_trigger_controller_dag.py
[2026-08-08T17:56:10.343+0000] {logging_mixin.py:190} INFO - [2026-08-08T17:56:10.343+0000] {dag.py:3211} INFO - Sync 1 DAGs
[2026-08-08T17:56:10.363+0000] {logging_mixin.py:190} INFO - [2026-08-08T17:56:10.362+0000] {dag.py:4138} INFO - Setting next_dagrun for example_trigger_controller_dag to 2021-01-01 00:00:00+00:00, run_after=2021-01-01 00:00:00+00:00
[2026-08-08T17:56:10.382+0000] {processor.py:208} INFO - Processing /home/airflow/.local/lib/python3.12/site-packages/airflow/example_dags/example_trigger_controller_dag.py took 0.076 seconds
[2026-08-08T17:56:40.922+0000] {processor.py:186} INFO - Started process (PID=595) to work on /home/airflow/.local/lib/python3.12/site-packages/airflow/example_dags/example_trigger_controller_dag.py
[2026-08-08T17:56:40.923+0000] {processor.py:914} INFO - Processing file /home/airflow/.local/lib/python3.12/site-packages/airflow/example_dags/example_trigger_controller_dag.py for tasks to queue
[2026-08-08T17:56:40.926+0000] {logging_mixin.py:190} INFO - [2026-08-08T17:56:40.926+0000] {dagbag.py:587} INFO - Filling up the DagBag from /home/airflow/.local/lib/python3.12/site-packages/airflow/example_dags/example_trigger_controller_dag.py
[2026-08-08T17:56:40.934+0000] {processor.py:925} INFO - DAG(s) 'example_trigger_controller_dag' retrieved from /home/airflow/.local/lib/python3.12/site-packages/airflow/example_dags/example_trigger_controller_dag.py
[2026-08-08T17:56:40.954+0000] {logging_mixin.py:190} INFO - [2026-08-08T17:56:40.953+0000] {dag.py:3211} INFO - Sync 1 DAGs
[2026-08-08T17:56:40.974+0000] {logging_mixin.py:190} INFO - [2026-08-08T17:56:40.974+0000] {dag.py:4138} INFO - Setting next_dagrun for example_trigger_controller_dag to 2021-01-01 00:00:00+00:00, run_after=2021-01-01 00:00:00+00:00
[2026-08-08T17:56:40.992+0000] {processor.py:208} INFO - Processing /home/airflow/.local/lib/python3.12/site-packages/airflow/example_dags/example_trigger_controller_dag.py took 0.077 seconds
[2026-08-08T17:57:11.425+0000] {processor.py:186} INFO - Started process (PID=658) to work on /home/airflow/.local/lib/python3.12/site-packages/airflow/example_dags/example_trigger_controller_dag.py
[2026-08-08T17:57:11.426+0000] {processor.py:914} INFO - Processing file /home/airflow/.local/lib/python3.12/site-packages/airflow/example_dags/example_trigger_controller_dag.py for tasks to queue
[2026-08-08T17:57:11.429+0000] {logging_mixin.py:190} INFO - [2026-08-08T17:57:11.429+0000] {dagbag.py:587} INFO - Filling up the DagBag from /home/airflow/.local/lib/python3.12/site-packages/airflow/example_dags/example_trigger_controller_dag.py
[2026-08-08T17:57:11.437+0000] {processor.py:925} INFO - DAG(s) 'example_trigger_controller_dag' retrieved from /home/airflow/.local/lib/python3.12/site-packages/airflow/example_dags/example_trigger_controller_dag.py
[2026-08-08T17:57:11.458+0000] {logging_mixin.py:190} INFO - [2026-08-08T17:57:11.458+0000] {dag.py:3211} INFO - Sync 1 DAGs
[2026-08-08T17:57:11.483+0000] {logging_mixin.py:190} INFO - [2026-08-08T17:57:11.482+0000] {dag.py:4138} INFO - Setting next_dagrun for example_trigger_controller_dag to 2021-01-01 00:00:00+00:00, run_after=2021-01-01 00:00:00+00:00
[2026-08-08T17:57:11.506+0000] {processor.py:208} INFO - Processing /home/airflow/.local/lib/python3.12/site-packages/airflow/example_dags/example_trigger_controller_dag.py took 0.088 seconds
[2026-08-08T18:08:17.660+0000] {processor.py:186} INFO - Started process (PID=721) to work on /home/airflow/.local/lib/python3.12/site-packages/airflow/example_dags/example_trigger_controller_dag.py
[2026-08-08T18:08:17.665+0000] {processor.py:914} INFO - Processing file /home/airflow/.local/lib/python3.12/site-packages/airflow/example_dags/example_trigger_controller_dag.py for tasks to queue
[2026-08-08T18:08:17.674+0000] {logging_mixin.py:190} INFO - [2026-08-08T18:08:17.673+0000] {dagbag.py:587} INFO - Filling up the DagBag from /home/airflow/.local/lib/python3.12/site-packages/airflow/example_dags/example_trigger_controller_dag.py
[2026-08-08T18:08:17.693+0000] {processor.py:925} INFO - DAG(s) 'example_trigger_controller_dag' retrieved from /home/airflow/.local/lib/python3.12/site-packages/airflow/example_dags/example_trigger_controller_dag.py
[2026-08-08T18:08:17.737+0000] {logging_mixin.py:190} INFO - [2026-08-08T18:08:17.736+0000] {dag.py:3211} INFO - Sync 1 DAGs
[2026-08-08T18:08:17.786+0000] {logging_mixin.py:190} INFO - [2026-08-08T18:08:17.786+0000] {dag.py:4138} INFO - Setting next_dagrun for example_trigger_controller_dag to 2021-01-01 00:00:00+00:00, run_after=2021-01-01 00:00:00+00:00
[2026-08-08T18:08:17.824+0000] {processor.py:208} INFO - Processing /home/airflow/.local/lib/python3.12/site-packages/airflow/example_dags/example_trigger_controller_dag.py took 0.178 seconds
[2026-08-08T18:08:47.925+0000] {processor.py:186} INFO - Started process (PID=784) to work on /home/airflow/.local/lib/python3.12/site-packages/airflow/example_dags/example_trigger_controller_dag.py
[2026-08-08T18:08:47.932+0000] {processor.py:914} INFO - Processing file /home/airflow/.local/lib/python3.12/site-packages/airflow/example_dags/example_trigger_controller_dag.py for tasks to queue
[2026-08-08T18:08:47.937+0000] {logging_mixin.py:190} INFO - [2026-08-08T18:08:47.936+0000] {dagbag.py:587} INFO - Filling up the DagBag from /home/airflow/.local/lib/python3.12/site-packages/airflow/example_dags/example_trigger_controller_dag.py
[2026-08-08T18:08:47.953+0000] {processor.py:925} INFO - DAG(s) 'example_trigger_controller_dag' retrieved from /home/airflow/.local/lib/python3.12/site-packages/airflow/example_dags/example_trigger_controller_dag.py
[2026-08-08T18:08:47.990+0000] {logging_mixin.py:190} INFO - [2026-08-08T18:08:47.990+0000] {dag.py:3211} INFO - Sync 1 DAGs
[2026-08-08T18:08:48.027+0000] {logging_mixin.py:190} INFO - [2026-08-08T18:08:48.027+0000] {dag.py:4138} INFO - Setting next_dagrun for example_trigger_controller_dag to 2021-01-01 00:00:00+00:00, run_after=2021-01-01 00:00:00+00:00
[2026-08-08T18:08:48.059+0000] {processor.py:208} INFO - Processing /home/airflow/.local/lib/python3.12/site-packages/airflow/example_dags/example_trigger_controller_dag.py took 0.145 seconds
[2026-08-08T18:09:18.541+0000] {processor.py:186} INFO - Started process (PID=847) to work on /home/airflow/.local/lib/python3.12/site-packages/airflow/example_dags/example_trigger_controller_dag.py
[2026-08-08T18:09:18.543+0000] {processor.py:914} INFO - Processing file /home/airflow/.local/lib/python3.12/site-packages/airflow/example_dags/example_trigger_controller_dag.py for tasks to queue
[2026-08-08T18:09:18.547+0000] {logging_mixin.py:190} INFO - [2026-08-08T18:09:18.547+0000] {dagbag.py:587} INFO - Filling up the DagBag from /home/airflow/.local/lib/python3.12/site-packages/airflow/example_dags/example_trigger_controller_dag.py
[2026-08-08T18:09:18.563+0000] {processor.py:925} INFO - DAG(s) 'example_trigger_controller_dag' retrieved from /home/airflow/.local/lib/python3.12/site-packages/airflow/example_dags/example_trigger_controller_dag.py
[2026-08-08T18:09:18.595+0000] {logging_mixin.py:190} INFO - [2026-08-08T18:09:18.595+0000] {dag.py:3211} INFO - Sync 1 DAGs
[2026-08-08T18:09:18.630+0000] {logging_mixin.py:190} INFO - [2026-08-08T18:09:18.629+0000] {dag.py:4138} INFO - Setting next_dagrun for example_trigger_controller_dag to 2021-01-01 00:00:00+00:00, run_after=2021-01-01 00:00:00+00:00
[2026-08-08T18:09:18.658+0000] {processor.py:208} INFO - Processing /home/airflow/.local/lib/python3.12/site-packages/airflow/example_dags/example_trigger_controller_dag.py took 0.126 seconds
[2026-08-08T18:09:49.053+0000] {processor.py:186} INFO - Started process (PID=910) to work on /home/airflow/.local/lib/python3.12/site-packages/airflow/example_dags/example_trigger_controller_dag.py
[2026-08-08T18:09:49.056+0000] {processor.py:914} INFO - Processing file /home/airflow/.local/lib/python3.12/site-packages/airflow/example_dags/example_trigger_controller_dag.py for tasks to queue
[2026-08-08T18:09:49.059+0000] {logging_mixin.py:190} INFO - [2026-08-08T18:09:49.059+0000] {dagbag.py:587} INFO - Filling up the DagBag from /home/airflow/.local/lib/python3.12/site-packages/airflow/example_dags/example_trigger_controller_dag.py
[2026-08-08T18:09:49.069+0000] {processor.py:925} INFO - DAG(s) 'example_trigger_controller_dag' retrieved from /home/airflow/.local/lib/python3.12/site-packages/airflow/example_dags/example_trigger_controller_dag.py
[2026-08-08T18:09:49.098+0000] {logging_mixin.py:190} INFO - [2026-08-08T18:09:49.097+0000] {dag.py:3211} INFO - Sync 1 DAGs
[2026-08-08T18:09:49.127+0000] {logging_mixin.py:190} INFO - [2026-08-08T18:09:49.127+0000] {dag.py:4138} INFO - Setting next_dagrun for example_trigger_controller_dag to 2021-01-01 00:00:00+00:00, run_after=2021-01-01 00:00:00+00:00
[2026-08-08T18:09:49.152+0000] {processor.py:208} INFO - Processing /home/airflow/.local/lib/python3.12/site-packages/airflow/example_dags/example_trigger_controller_dag.py took 0.108 seconds
[2026-08-08T18:10:19.414+0000] {processor.py:186} INFO - Started process (PID=973) to work on /home/airflow/.local/lib/python3.12/site-packages/airflow/example_dags/example_trigger_controller_dag.py
[2026-08-08T18:10:19.416+0000] {processor.py:914} INFO - Processing file /home/airflow/.local/lib/python3.12/site-packages/airflow/example_dags/example_trigger_controller_dag.py for tasks to queue
[2026-08-08T18:10:19.424+0000] {logging_mixin.py:190} INFO - [2026-08-08T18:10:19.424+0000] {dagbag.py:587} INFO - Filling up the DagBag from /home/airflow/.local/lib/python3.12/site-packages/airflow/example_dags/example_trigger_controller_dag.py
[2026-08-08T18:10:19.442+0000] {processor.py:925} INFO - DAG(s) 'example_trigger_controller_dag' retrieved from /home/airflow/.local/lib/python3.12/site-packages/airflow/example_dags/example_trigger_controller_dag.py
[2026-08-08T18:10:19.482+0000] {logging_mixin.py:190} INFO - [2026-08-08T18:10:19.481+0000] {dag.py:3211} INFO - Sync 1 DAGs
[2026-08-08T18:10:19.533+0000] {logging_mixin.py:190} INFO - [2026-08-08T18:10:19.532+0000] {dag.py:4138} INFO - Setting next_dagrun for example_trigger_controller_dag to 2021-01-01 00:00:00+00:00, run_after=2021-01-01 00:00:00+00:00
[2026-08-08T18:10:19.573+0000] {processor.py:208} INFO - Processing /home/airflow/.local/lib/python3.12/site-packages/airflow/example_dags/example_trigger_controller_dag.py took 0.174 seconds
[2026-08-08T18:10:49.749+0000] {processor.py:186} INFO - Started process (PID=1036) to work on /home/airflow/.local/lib/python3.12/site-packages/airflow/example_dags/example_trigger_controller_dag.py
[2026-08-08T18:10:49.750+0000] {processor.py:914} INFO - Processing file /home/airflow/.local/lib/python3.12/site-packages/airflow/example_dags/example_trigger_controller_dag.py for tasks to queue
[2026-08-08T18:10:49.753+0000] {logging_mixin.py:190} INFO - [2026-08-08T18:10:49.753+0000] {dagbag.py:587} INFO - Filling up the DagBag from /home/airflow/.local/lib/python3.12/site-packages/airflow/example_dags/example_trigger_controller_dag.py
[2026-08-08T18:10:49.763+0000] {processor.py:925} INFO - DAG(s) 'example_trigger_controller_dag' retrieved from /home/airflow/.local/lib/python3.12/site-packages/airflow/example_dags/example_trigger_controller_dag.py
[2026-08-08T18:10:49.792+0000] {logging_mixin.py:190} INFO - [2026-08-08T18:10:49.791+0000] {dag.py:3211} INFO - Sync 1 DAGs
[2026-08-08T18:10:49.821+0000] {logging_mixin.py:190} INFO - [2026-08-08T18:10:49.820+0000] {dag.py:4138} INFO - Setting next_dagrun for example_trigger_controller_dag to 2021-01-01 00:00:00+00:00, run_after=2021-01-01 00:00:00+00:00
[2026-08-08T18:10:49.850+0000] {processor.py:208} INFO - Processing /home/airflow/.local/lib/python3.12/site-packages/airflow/example_dags/example_trigger_controller_dag.py took 0.112 seconds
[2026-08-08T18:11:20.159+0000] {processor.py:186} INFO - Started process (PID=1099) to work on /home/airflow/.local/lib/python3.12/site-packages/airflow/example_dags/example_trigger_controller_dag.py
[2026-08-08T18:11:20.160+0000] {processor.py:914} INFO - Processing file /home/airflow/.local/lib/python3.12/site-packages/airflow/example_dags/example_trigger_controller_dag.py for tasks to queue
[2026-08-08T18:11:20.163+0000] {logging_mixin.py:190} INFO - [2026-08-08T18:11:20.162+0000] {dagbag.py:587} INFO - Filling up the DagBag from /home/airflow/.local/lib/python3.12/site-packages/airflow/example_dags/example_trigger_controller_dag.py
[2026-08-08T18:11:20.169+0000] {processor.py:925} INFO - DAG(s) 'example_trigger_controller_dag' retrieved from /home/airflow/.local/lib/python3.12/site-packages/airflow/example_dags/example_trigger_controller_dag.py
[2026-08-08T18:11:20.192+0000] {logging_mixin.py:190} INFO - [2026-08-08T18:11:20.192+0000] {dag.py:3211} INFO - Sync 1 DAGs
[2026-08-08T18:11:20.217+0000] {logging_mixin.py:190} INFO - [2026-08-08T18:11:20.216+0000] {dag.py:4138} INFO - Setting next_dagrun for example_trigger_controller_dag to 2021-01-01 00:00:00+00:00, run_after=2021-01-01 00:00:00+00:00
[2026-08-08T18:11:20.235+0000] {processor.py:208} INFO - Processing /home/airflow/.local/lib/python3.12/site-packages/airflow/example_dags/example_trigger_controller_dag.py took 0.082 seconds
[2026-08-08T18:11:50.924+0000] {processor.py:186} INFO - Started process (PID=1161) to work on /home/airflow/.local/lib/python3.12/site-packages/airflow/example_dags/example_trigger_controller_dag.py
[2026-08-08T18:11:50.926+0000] {processor.py:914} INFO - Processing file /home/airflow/.local/lib/python3.12/site-packages/airflow/example_dags/example_trigger_controller_dag.py for tasks to queue
[2026-08-08T18:11:50.931+0000] {logging_mixin.py:190} INFO - [2026-08-08T18:11:50.930+0000] {dagbag.py:587} INFO - Filling up the DagBag from /home/airflow/.local/lib/python3.12/site-packages/airflow/example_dags/example_trigger_controller_dag.py
[2026-08-08T18:11:50.939+0000] {processor.py:925} INFO - DAG(s) 'example_trigger_controller_dag' retrieved from /home/airflow/.local/lib/python3.12/site-packages/airflow/example_dags/example_trigger_controller_dag.py
[2026-08-08T18:11:50.958+0000] {logging_mixin.py:190} INFO - [2026-08-08T18:11:50.957+0000] {dag.py:3211} INFO - Sync 1 DAGs
[2026-08-08T18:11:50.977+0000] {logging_mixin.py:190} INFO - [2026-08-08T18:11:50.977+0000] {dag.py:4138} INFO - Setting next_dagrun for example_trigger_controller_dag to 2021-01-01 00:00:00+00:00, run_after=2021-01-01 00:00:00+00:00
[2026-08-08T18:11:51.000+0000] {processor.py:208} INFO - Processing /home/airflow/.local/lib/python3.12/site-packages/airflow/example_dags/example_trigger_controller_dag.py took 0.082 seconds
[2026-08-08T18:13:06.641+0000] {processor.py:186} INFO - Started process (PID=91) to work on /home/airflow/.local/lib/python3.12/site-packages/airflow/example_dags/example_trigger_controller_dag.py
[2026-08-08T18:13:06.644+0000] {processor.py:914} INFO - Processing file /home/airflow/.local/lib/python3.12/site-packages/airflow/example_dags/example_trigger_controller_dag.py for tasks to queue
[2026-08-08T18:13:06.648+0000] {logging_mixin.py:190} INFO - [2026-08-08T18:13:06.647+0000] {dagbag.py:587} INFO - Filling up the DagBag from /home/airflow/.local/lib/python3.12/site-packages/airflow/example_dags/example_trigger_controller_dag.py
[2026-08-08T18:13:06.661+0000] {processor.py:925} INFO - DAG(s) 'example_trigger_controller_dag' retrieved from /home/airflow/.local/lib/python3.12/site-packages/airflow/example_dags/example_trigger_controller_dag.py
[2026-08-08T18:13:06.717+0000] {logging_mixin.py:190} INFO - [2026-08-08T18:13:06.717+0000] {dag.py:3211} INFO - Sync 1 DAGs
[2026-08-08T18:13:06.789+0000] {logging_mixin.py:190} INFO - [2026-08-08T18:13:06.789+0000] {dag.py:4138} INFO - Setting next_dagrun for example_trigger_controller_dag to 2021-01-01 00:00:00+00:00, run_after=2021-01-01 00:00:00+00:00
[2026-08-08T18:13:06.856+0000] {processor.py:208} INFO - Processing /home/airflow/.local/lib/python3.12/site-packages/airflow/example_dags/example_trigger_controller_dag.py took 0.222 seconds
[2026-08-08T18:13:37.596+0000] {processor.py:186} INFO - Started process (PID=160) to work on /home/airflow/.local/lib/python3.12/site-packages/airflow/example_dags/example_trigger_controller_dag.py
[2026-08-08T18:13:37.598+0000] {processor.py:914} INFO - Processing file /home/airflow/.local/lib/python3.12/site-packages/airflow/example_dags/example_trigger_controller_dag.py for tasks to queue
[2026-08-08T18:13:37.601+0000] {logging_mixin.py:190} INFO - [2026-08-08T18:13:37.601+0000] {dagbag.py:587} INFO - Filling up the DagBag from /home/airflow/.local/lib/python3.12/site-packages/airflow/example_dags/example_trigger_controller_dag.py
[2026-08-08T18:13:37.612+0000] {processor.py:925} INFO - DAG(s) 'example_trigger_controller_dag' retrieved from /home/airflow/.local/lib/python3.12/site-packages/airflow/example_dags/example_trigger_controller_dag.py
[2026-08-08T18:13:37.632+0000] {logging_mixin.py:190} INFO - [2026-08-08T18:13:37.632+0000] {dag.py:3211} INFO - Sync 1 DAGs
[2026-08-08T18:13:37.658+0000] {logging_mixin.py:190} INFO - [2026-08-08T18:13:37.658+0000] {dag.py:4138} INFO - Setting next_dagrun for example_trigger_controller_dag to 2021-01-01 00:00:00+00:00, run_after=2021-01-01 00:00:00+00:00
[2026-08-08T18:13:37.686+0000] {processor.py:208} INFO - Processing /home/airflow/.local/lib/python3.12/site-packages/airflow/example_dags/example_trigger_controller_dag.py took 0.098 seconds
[2026-08-08T18:14:08.255+0000] {processor.py:186} INFO - Started process (PID=223) to work on /home/airflow/.local/lib/python3.12/site-packages/airflow/example_dags/example_trigger_controller_dag.py
[2026-08-08T18:14:08.256+0000] {processor.py:914} INFO - Processing file /home/airflow/.local/lib/python3.12/site-packages/airflow/example_dags/example_trigger_controller_dag.py for tasks to queue
[2026-08-08T18:14:08.258+0000] {logging_mixin.py:190} INFO - [2026-08-08T18:14:08.258+0000] {dagbag.py:587} INFO - Filling up the DagBag from /home/airflow/.local/lib/python3.12/site-packages/airflow/example_dags/example_trigger_controller_dag.py
[2026-08-08T18:14:08.264+0000] {processor.py:925} INFO - DAG(s) 'example_trigger_controller_dag' retrieved from /home/airflow/.local/lib/python3.12/site-packages/airflow/example_dags/example_trigger_controller_dag.py
[2026-08-08T18:14:08.284+0000] {logging_mixin.py:190} INFO - [2026-08-08T18:14:08.283+0000] {dag.py:3211} INFO - Sync 1 DAGs
[2026-08-08T18:14:08.305+0000] {logging_mixin.py:190} INFO - [2026-08-08T18:14:08.305+0000] {dag.py:4138} INFO - Setting next_dagrun for example_trigger_controller_dag to 2021-01-01 00:00:00+00:00, run_after=2021-01-01 00:00:00+00:00
[2026-08-08T18:14:08.325+0000] {processor.py:208} INFO - Processing /home/airflow/.local/lib/python3.12/site-packages/airflow/example_dags/example_trigger_controller_dag.py took 0.076 seconds
[2026-08-08T18:14:38.601+0000] {processor.py:186} INFO - Started process (PID=286) to work on /home/airflow/.local/lib/python3.12/site-packages/airflow/example_dags/example_trigger_controller_dag.py
[2026-08-08T18:14:38.602+0000] {processor.py:914} INFO - Processing file /home/airflow/.local/lib/python3.12/site-packages/airflow/example_dags/example_trigger_controller_dag.py for tasks to queue
[2026-08-08T18:14:38.605+0000] {logging_mixin.py:190} INFO - [2026-08-08T18:14:38.605+0000] {dagbag.py:587} INFO - Filling up the DagBag from /home/airflow/.local/lib/python3.12/site-packages/airflow/example_dags/example_trigger_controller_dag.py
[2026-08-08T18:14:38.615+0000] {processor.py:925} INFO - DAG(s) 'example_trigger_controller_dag' retrieved from /home/airflow/.local/lib/python3.12/site-packages/airflow/example_dags/example_trigger_controller_dag.py
[2026-08-08T18:14:38.634+0000] {logging_mixin.py:190} INFO - [2026-08-08T18:14:38.634+0000] {dag.py:3211} INFO - Sync 1 DAGs
[2026-08-08T18:14:38.658+0000] {logging_mixin.py:190} INFO - [2026-08-08T18:14:38.657+0000] {dag.py:4138} INFO - Setting next_dagrun for example_trigger_controller_dag to 2021-01-01 00:00:00+00:00, run_after=2021-01-01 00:00:00+00:00
[2026-08-08T18:14:38.682+0000] {processor.py:208} INFO - Processing /home/airflow/.local/lib/python3.12/site-packages/airflow/example_dags/example_trigger_controller_dag.py took 0.089 seconds
[2026-08-08T18:15:09.697+0000] {processor.py:186} INFO - Started process (PID=349) to work on /home/airflow/.local/lib/python3.12/site-packages/airflow/example_dags/example_trigger_controller_dag.py
[2026-08-08T18:15:09.700+0000] {processor.py:914} INFO - Processing file /home/airflow/.local/lib/python3.12/site-packages/airflow/example_dags/example_trigger_controller_dag.py for tasks to queue
[2026-08-08T18:15:09.706+0000] {logging_mixin.py:190} INFO - [2026-08-08T18:15:09.705+0000] {dagbag.py:587} INFO - Filling up the DagBag from /home/airflow/.local/lib/python3.12/site-packages/airflow/example_dags/example_trigger_controller_dag.py
[2026-08-08T18:15:09.718+0000] {processor.py:925} INFO - DAG(s) 'example_trigger_controller_dag' retrieved from /home/airflow/.local/lib/python3.12/site-packages/airflow/example_dags/example_trigger_controller_dag.py
[2026-08-08T18:15:09.753+0000] {logging_mixin.py:190} INFO - [2026-08-08T18:15:09.753+0000] {dag.py:3211} INFO - Sync 1 DAGs
[2026-08-08T18:15:09.787+0000] {logging_mixin.py:190} INFO - [2026-08-08T18:15:09.787+0000] {dag.py:4138} INFO - Setting next_dagrun for example_trigger_controller_dag to 2021-01-01 00:00:00+00:00, run_after=2021-01-01 00:00:00+00:00
[2026-08-08T18:15:09.822+0000] {processor.py:208} INFO - Processing /home/airflow/.local/lib/python3.12/site-packages/airflow/example_dags/example_trigger_controller_dag.py took 0.134 seconds
[2026-08-08T18:15:40.426+0000] {processor.py:186} INFO - Started process (PID=412) to work on /home/airflow/.local/lib/python3.12/site-packages/airflow/example_dags/example_trigger_controller_dag.py
[2026-08-08T18:15:40.427+0000] {processor.py:914} INFO - Processing file /home/airflow/.local/lib/python3.12/site-packages/airflow/example_dags/example_trigger_controller_dag.py for tasks to queue
[2026-08-08T18:15:40.429+0000] {logging_mixin.py:190} INFO - [2026-08-08T18:15:40.429+0000] {dagbag.py:587} INFO - Filling up the DagBag from /home/airflow/.local/lib/python3.12/site-packages/airflow/example_dags/example_trigger_controller_dag.py
[2026-08-08T18:15:40.436+0000] {processor.py:925} INFO - DAG(s) 'example_trigger_controller_dag' retrieved from /home/airflow/.local/lib/python3.12/site-packages/airflow/example_dags/example_trigger_controller_dag.py
[2026-08-08T18:15:40.455+0000] {logging_mixin.py:190} INFO - [2026-08-08T18:15:40.455+0000] {dag.py:3211} INFO - Sync 1 DAGs
[2026-08-08T18:15:40.480+0000] {logging_mixin.py:190} INFO - [2026-08-08T18:15:40.480+0000] {dag.py:4138} INFO - Setting next_dagrun for example_trigger_controller_dag to 2021-01-01 00:00:00+00:00, run_after=2021-01-01 00:00:00+00:00
[2026-08-08T18:15:40.502+0000] {processor.py:208} INFO - Processing /home/airflow/.local/lib/python3.12/site-packages/airflow/example_dags/example_trigger_controller_dag.py took 0.082 seconds
[2026-08-08T18:17:11.968+0000] {processor.py:186} INFO - Started process (PID=110) to work on /home/airflow/.local/lib/python3.12/site-packages/airflow/example_dags/example_trigger_controller_dag.py
[2026-08-08T18:17:11.970+0000] {processor.py:914} INFO - Processing file /home/airflow/.local/lib/python3.12/site-packages/airflow/example_dags/example_trigger_controller_dag.py for tasks to queue
[2026-08-08T18:17:11.973+0000] {logging_mixin.py:190} INFO - [2026-08-08T18:17:11.973+0000] {dagbag.py:587} INFO - Filling up the DagBag from /home/airflow/.local/lib/python3.12/site-packages/airflow/example_dags/example_trigger_controller_dag.py
[2026-08-08T18:17:11.982+0000] {processor.py:925} INFO - DAG(s) 'example_trigger_controller_dag' retrieved from /home/airflow/.local/lib/python3.12/site-packages/airflow/example_dags/example_trigger_controller_dag.py
[2026-08-08T18:17:12.008+0000] {logging_mixin.py:190} INFO - [2026-08-08T18:17:12.007+0000] {dag.py:3211} INFO - Sync 1 DAGs
[2026-08-08T18:17:12.043+0000] {logging_mixin.py:190} INFO - [2026-08-08T18:17:12.043+0000] {dag.py:4138} INFO - Setting next_dagrun for example_trigger_controller_dag to 2021-01-01 00:00:00+00:00, run_after=2021-01-01 00:00:00+00:00
[2026-08-08T18:17:12.069+0000] {processor.py:208} INFO - Processing /home/airflow/.local/lib/python3.12/site-packages/airflow/example_dags/example_trigger_controller_dag.py took 0.107 seconds
[2026-08-08T18:17:42.795+0000] {processor.py:186} INFO - Started process (PID=173) to work on /home/airflow/.local/lib/python3.12/site-packages/airflow/example_dags/example_trigger_controller_dag.py
[2026-08-08T18:17:42.796+0000] {processor.py:914} INFO - Processing file /home/airflow/.local/lib/python3.12/site-packages/airflow/example_dags/example_trigger_controller_dag.py for tasks to queue
[2026-08-08T18:17:42.802+0000] {logging_mixin.py:190} INFO - [2026-08-08T18:17:42.802+0000] {dagbag.py:587} INFO - Filling up the DagBag from /home/airflow/.local/lib/python3.12/site-packages/airflow/example_dags/example_trigger_controller_dag.py
[2026-08-08T18:17:42.809+0000] {processor.py:925} INFO - DAG(s) 'example_trigger_controller_dag' retrieved from /home/airflow/.local/lib/python3.12/site-packages/airflow/example_dags/example_trigger_controller_dag.py
[2026-08-08T18:17:42.830+0000] {logging_mixin.py:190} INFO - [2026-08-08T18:17:42.830+0000] {dag.py:3211} INFO - Sync 1 DAGs
[2026-08-08T18:17:42.852+0000] {logging_mixin.py:190} INFO - [2026-08-08T18:17:42.852+0000] {dag.py:4138} INFO - Setting next_dagrun for example_trigger_controller_dag to 2021-01-01 00:00:00+00:00, run_after=2021-01-01 00:00:00+00:00
[2026-08-08T18:17:42.873+0000] {processor.py:208} INFO - Processing /home/airflow/.local/lib/python3.12/site-packages/airflow/example_dags/example_trigger_controller_dag.py took 0.086 seconds
[2026-08-08T18:18:13.614+0000] {processor.py:186} INFO - Started process (PID=236) to work on /home/airflow/.local/lib/python3.12/site-packages/airflow/example_dags/example_trigger_controller_dag.py
[2026-08-08T18:18:13.615+0000] {processor.py:914} INFO - Processing file /home/airflow/.local/lib/python3.12/site-packages/airflow/example_dags/example_trigger_controller_dag.py for tasks to queue
[2026-08-08T18:18:13.618+0000] {logging_mixin.py:190} INFO - [2026-08-08T18:18:13.618+0000] {dagbag.py:587} INFO - Filling up the DagBag from /home/airflow/.local/lib/python3.12/site-packages/airflow/example_dags/example_trigger_controller_dag.py
[2026-08-08T18:18:13.626+0000] {processor.py:925} INFO - DAG(s) 'example_trigger_controller_dag' retrieved from /home/airflow/.local/lib/python3.12/site-packages/airflow/example_dags/example_trigger_controller_dag.py
[2026-08-08T18:18:13.647+0000] {logging_mixin.py:190} INFO - [2026-08-08T18:18:13.647+0000] {dag.py:3211} INFO - Sync 1 DAGs
[2026-08-08T18:18:13.668+0000] {logging_mixin.py:190} INFO - [2026-08-08T18:18:13.668+0000] {dag.py:4138} INFO - Setting next_dagrun for example_trigger_controller_dag to 2021-01-01 00:00:00+00:00, run_after=2021-01-01 00:00:00+00:00
[2026-08-08T18:18:13.690+0000] {processor.py:208} INFO - Processing /home/airflow/.local/lib/python3.12/site-packages/airflow/example_dags/example_trigger_controller_dag.py took 0.084 seconds
[2026-08-08T18:18:44.176+0000] {processor.py:186} INFO - Started process (PID=300) to work on /home/airflow/.local/lib/python3.12/site-packages/airflow/example_dags/example_trigger_controller_dag.py
[2026-08-08T18:18:44.178+0000] {processor.py:914} INFO - Processing file /home/airflow/.local/lib/python3.12/site-packages/airflow/example_dags/example_trigger_controller_dag.py for tasks to queue
[2026-08-08T18:18:44.180+0000] {logging_mixin.py:190} INFO - [2026-08-08T18:18:44.180+0000] {dagbag.py:587} INFO - Filling up the DagBag from /home/airflow/.local/lib/python3.12/site-packages/airflow/example_dags/example_trigger_controller_dag.py
[2026-08-08T18:18:44.189+0000] {processor.py:925} INFO - DAG(s) 'example_trigger_controller_dag' retrieved from /home/airflow/.local/lib/python3.12/site-packages/airflow/example_dags/example_trigger_controller_dag.py
[2026-08-08T18:18:44.213+0000] {logging_mixin.py:190} INFO - [2026-08-08T18:18:44.213+0000] {dag.py:3211} INFO - Sync 1 DAGs
[2026-08-08T18:18:44.235+0000] {logging_mixin.py:190} INFO - [2026-08-08T18:18:44.235+0000] {dag.py:4138} INFO - Setting next_dagrun for example_trigger_controller_dag to 2021-01-01 00:00:00+00:00, run_after=2021-01-01 00:00:00+00:00
[2026-08-08T18:18:44.253+0000] {processor.py:208} INFO - Processing /home/airflow/.local/lib/python3.12/site-packages/airflow/example_dags/example_trigger_controller_dag.py took 0.083 seconds
[2026-08-08T18:19:14.865+0000] {processor.py:186} INFO - Started process (PID=363) to work on /home/airflow/.local/lib/python3.12/site-packages/airflow/example_dags/example_trigger_controller_dag.py
[2026-08-08T18:19:14.867+0000] {processor.py:914} INFO - Processing file /home/airflow/.local/lib/python3.12/site-packages/airflow/example_dags/example_trigger_controller_dag.py for tasks to queue
[2026-08-08T18:19:14.870+0000] {logging_mixin.py:190} INFO - [2026-08-08T18:19:14.869+0000] {dagbag.py:587} INFO - Filling up the DagBag from /home/airflow/.local/lib/python3.12/site-packages/airflow/example_dags/example_trigger_controller_dag.py
[2026-08-08T18:19:14.879+0000] {processor.py:925} INFO - DAG(s) 'example_trigger_controller_dag' retrieved from /home/airflow/.local/lib/python3.12/site-packages/airflow/example_dags/example_trigger_controller_dag.py
[2026-08-08T18:19:14.903+0000] {logging_mixin.py:190} INFO - [2026-08-08T18:19:14.903+0000] {dag.py:3211} INFO - Sync 1 DAGs
[2026-08-08T18:19:14.929+0000] {logging_mixin.py:190} INFO - [2026-08-08T18:19:14.929+0000] {dag.py:4138} INFO - Setting next_dagrun for example_trigger_controller_dag to 2021-01-01 00:00:00+00:00, run_after=2021-01-01 00:00:00+00:00
[2026-08-08T18:19:14.952+0000] {processor.py:208} INFO - Processing /home/airflow/.local/lib/python3.12/site-packages/airflow/example_dags/example_trigger_controller_dag.py took 0.095 seconds
[2026-08-08T18:24:01.146+0000] {processor.py:186} INFO - Started process (PID=425) to work on /home/airflow/.local/lib/python3.12/site-packages/airflow/example_dags/example_trigger_controller_dag.py
[2026-08-08T18:24:01.152+0000] {processor.py:914} INFO - Processing file /home/airflow/.local/lib/python3.12/site-packages/airflow/example_dags/example_trigger_controller_dag.py for tasks to queue
[2026-08-08T18:24:01.157+0000] {logging_mixin.py:190} INFO - [2026-08-08T18:24:01.157+0000] {dagbag.py:587} INFO - Filling up the DagBag from /home/airflow/.local/lib/python3.12/site-packages/airflow/example_dags/example_trigger_controller_dag.py
[2026-08-08T18:24:01.172+0000] {processor.py:925} INFO - DAG(s) 'example_trigger_controller_dag' retrieved from /home/airflow/.local/lib/python3.12/site-packages/airflow/example_dags/example_trigger_controller_dag.py
[2026-08-08T18:24:01.200+0000] {logging_mixin.py:190} INFO - [2026-08-08T18:24:01.199+0000] {dag.py:3211} INFO - Sync 1 DAGs
[2026-08-08T18:24:01.224+0000] {logging_mixin.py:190} INFO - [2026-08-08T18:24:01.223+0000] {dag.py:4138} INFO - Setting next_dagrun for example_trigger_controller_dag to 2021-01-01 00:00:00+00:00, run_after=2021-01-01 00:00:00+00:00
[2026-08-08T18:24:01.271+0000] {processor.py:208} INFO - Processing /home/airflow/.local/lib/python3.12/site-packages/airflow/example_dags/example_trigger_controller_dag.py took 0.133 seconds
[2026-08-08T18:24:31.658+0000] {processor.py:186} INFO - Started process (PID=488) to work on /home/airflow/.local/lib/python3.12/site-packages/airflow/example_dags/example_trigger_controller_dag.py
[2026-08-08T18:24:31.660+0000] {processor.py:914} INFO - Processing file /home/airflow/.local/lib/python3.12/site-packages/airflow/example_dags/example_trigger_controller_dag.py for tasks to queue
[2026-08-08T18:24:31.666+0000] {logging_mixin.py:190} INFO - [2026-08-08T18:24:31.665+0000] {dagbag.py:587} INFO - Filling up the DagBag from /home/airflow/.local/lib/python3.12/site-packages/airflow/example_dags/example_trigger_controller_dag.py
[2026-08-08T18:24:31.679+0000] {processor.py:925} INFO - DAG(s) 'example_trigger_controller_dag' retrieved from /home/airflow/.local/lib/python3.12/site-packages/airflow/example_dags/example_trigger_controller_dag.py
[2026-08-08T18:24:31.709+0000] {logging_mixin.py:190} INFO - [2026-08-08T18:24:31.709+0000] {dag.py:3211} INFO - Sync 1 DAGs
[2026-08-08T18:24:31.739+0000] {logging_mixin.py:190} INFO - [2026-08-08T18:24:31.739+0000] {dag.py:4138} INFO - Setting next_dagrun for example_trigger_controller_dag to 2021-01-01 00:00:00+00:00, run_after=2021-01-01 00:00:00+00:00
[2026-08-08T18:24:31.764+0000] {processor.py:208} INFO - Processing /home/airflow/.local/lib/python3.12/site-packages/airflow/example_dags/example_trigger_controller_dag.py took 0.117 seconds
[2026-08-08T18:25:02.182+0000] {processor.py:186} INFO - Started process (PID=551) to work on /home/airflow/.local/lib/python3.12/site-packages/airflow/example_dags/example_trigger_controller_dag.py
[2026-08-08T18:25:02.183+0000] {processor.py:914} INFO - Processing file /home/airflow/.local/lib/python3.12/site-packages/airflow/example_dags/example_trigger_controller_dag.py for tasks to queue
[2026-08-08T18:25:02.186+0000] {logging_mixin.py:190} INFO - [2026-08-08T18:25:02.186+0000] {dagbag.py:587} INFO - Filling up the DagBag from /home/airflow/.local/lib/python3.12/site-packages/airflow/example_dags/example_trigger_controller_dag.py
[2026-08-08T18:25:02.194+0000] {processor.py:925} INFO - DAG(s) 'example_trigger_controller_dag' retrieved from /home/airflow/.local/lib/python3.12/site-packages/airflow/example_dags/example_trigger_controller_dag.py
[2026-08-08T18:25:02.216+0000] {logging_mixin.py:190} INFO - [2026-08-08T18:25:02.216+0000] {dag.py:3211} INFO - Sync 1 DAGs
[2026-08-08T18:25:02.239+0000] {logging_mixin.py:190} INFO - [2026-08-08T18:25:02.239+0000] {dag.py:4138} INFO - Setting next_dagrun for example_trigger_controller_dag to 2021-01-01 00:00:00+00:00, run_after=2021-01-01 00:00:00+00:00
[2026-08-08T18:25:02.260+0000] {processor.py:208} INFO - Processing /home/airflow/.local/lib/python3.12/site-packages/airflow/example_dags/example_trigger_controller_dag.py took 0.085 seconds
[2026-08-08T18:25:32.722+0000] {processor.py:186} INFO - Started process (PID=614) to work on /home/airflow/.local/lib/python3.12/site-packages/airflow/example_dags/example_trigger_controller_dag.py
[2026-08-08T18:25:32.724+0000] {processor.py:914} INFO - Processing file /home/airflow/.local/lib/python3.12/site-packages/airflow/example_dags/example_trigger_controller_dag.py for tasks to queue
[2026-08-08T18:25:32.727+0000] {logging_mixin.py:190} INFO - [2026-08-08T18:25:32.726+0000] {dagbag.py:587} INFO - Filling up the DagBag from /home/airflow/.local/lib/python3.12/site-packages/airflow/example_dags/example_trigger_controller_dag.py
[2026-08-08T18:25:32.736+0000] {processor.py:925} INFO - DAG(s) 'example_trigger_controller_dag' retrieved from /home/airflow/.local/lib/python3.12/site-packages/airflow/example_dags/example_trigger_controller_dag.py
[2026-08-08T18:25:32.763+0000] {logging_mixin.py:190} INFO - [2026-08-08T18:25:32.763+0000] {dag.py:3211} INFO - Sync 1 DAGs
[2026-08-08T18:25:32.793+0000] {logging_mixin.py:190} INFO - [2026-08-08T18:25:32.793+0000] {dag.py:4138} INFO - Setting next_dagrun for example_trigger_controller_dag to 2021-01-01 00:00:00+00:00, run_after=2021-01-01 00:00:00+00:00
[2026-08-08T18:25:32.818+0000] {processor.py:208} INFO - Processing /home/airflow/.local/lib/python3.12/site-packages/airflow/example_dags/example_trigger_controller_dag.py took 0.103 seconds
[2026-08-08T18:26:03.222+0000] {processor.py:186} INFO - Started process (PID=678) to work on /home/airflow/.local/lib/python3.12/site-packages/airflow/example_dags/example_trigger_controller_dag.py
[2026-08-08T18:26:03.223+0000] {processor.py:914} INFO - Processing file /home/airflow/.local/lib/python3.12/site-packages/airflow/example_dags/example_trigger_controller_dag.py for tasks to queue
[2026-08-08T18:26:03.226+0000] {logging_mixin.py:190} INFO - [2026-08-08T18:26:03.225+0000] {dagbag.py:587} INFO - Filling up the DagBag from /home/airflow/.local/lib/python3.12/site-packages/airflow/example_dags/example_trigger_controller_dag.py
[2026-08-08T18:26:03.232+0000] {processor.py:925} INFO - DAG(s) 'example_trigger_controller_dag' retrieved from /home/airflow/.local/lib/python3.12/site-packages/airflow/example_dags/example_trigger_controller_dag.py
[2026-08-08T18:26:03.249+0000] {logging_mixin.py:190} INFO - [2026-08-08T18:26:03.249+0000] {dag.py:3211} INFO - Sync 1 DAGs
[2026-08-08T18:26:03.267+0000] {logging_mixin.py:190} INFO - [2026-08-08T18:26:03.266+0000] {dag.py:4138} INFO - Setting next_dagrun for example_trigger_controller_dag to 2021-01-01 00:00:00+00:00, run_after=2021-01-01 00:00:00+00:00
[2026-08-08T18:26:03.284+0000] {processor.py:208} INFO - Processing /home/airflow/.local/lib/python3.12/site-packages/airflow/example_dags/example_trigger_controller_dag.py took 0.068 seconds
[2026-08-08T18:26:34.036+0000] {processor.py:186} INFO - Started process (PID=741) to work on /home/airflow/.local/lib/python3.12/site-packages/airflow/example_dags/example_trigger_controller_dag.py
[2026-08-08T18:26:34.038+0000] {processor.py:914} INFO - Processing file /home/airflow/.local/lib/python3.12/site-packages/airflow/example_dags/example_trigger_controller_dag.py for tasks to queue
[2026-08-08T18:26:34.041+0000] {logging_mixin.py:190} INFO - [2026-08-08T18:26:34.040+0000] {dagbag.py:587} INFO - Filling up the DagBag from /home/airflow/.local/lib/python3.12/site-packages/airflow/example_dags/example_trigger_controller_dag.py
[2026-08-08T18:26:34.048+0000] {processor.py:925} INFO - DAG(s) 'example_trigger_controller_dag' retrieved from /home/airflow/.local/lib/python3.12/site-packages/airflow/example_dags/example_trigger_controller_dag.py
[2026-08-08T18:26:34.073+0000] {logging_mixin.py:190} INFO - [2026-08-08T18:26:34.071+0000] {dag.py:3211} INFO - Sync 1 DAGs
[2026-08-08T18:26:34.123+0000] {logging_mixin.py:190} INFO - [2026-08-08T18:26:34.123+0000] {dag.py:4138} INFO - Setting next_dagrun for example_trigger_controller_dag to 2021-01-01 00:00:00+00:00, run_after=2021-01-01 00:00:00+00:00
[2026-08-08T18:26:34.152+0000] {processor.py:208} INFO - Processing /home/airflow/.local/lib/python3.12/site-packages/airflow/example_dags/example_trigger_controller_dag.py took 0.121 seconds
