[2026-08-08T17:25:15.541+0000] {processor.py:186} INFO - Started process (PID=121) to work on /home/airflow/.local/lib/python3.12/site-packages/airflow/example_dags/example_external_task_marker_dag.py
[2026-08-08T17:25:15.542+0000] {processor.py:914} INFO - Processing file /home/airflow/.local/lib/python3.12/site-packages/airflow/example_dags/example_external_task_marker_dag.py for tasks to queue
[2026-08-08T17:25:15.545+0000] {logging_mixin.py:190} INFO - [2026-08-08T17:25:15.545+0000] {dagbag.py:587} INFO - Filling up the DagBag from /home/airflow/.local/lib/python3.12/site-packages/airflow/example_dags/example_external_task_marker_dag.py
[2026-08-08T17:25:15.554+0000] {processor.py:925} INFO - DAG(s) 'example_external_task_marker_child', 'example_external_task_marker_parent' retrieved from /home/airflow/.local/lib/python3.12/site-packages/airflow/example_dags/example_external_task_marker_dag.py
[2026-08-08T17:25:15.644+0000] {logging_mixin.py:190} INFO - [2026-08-08T17:25:15.644+0000] {override.py:1858} INFO - Created Permission View: can delete on DAG:example_external_task_marker_child
[2026-08-08T17:25:15.657+0000] {logging_mixin.py:190} INFO - [2026-08-08T17:25:15.657+0000] {override.py:1858} INFO - Created Permission View: can edit on DAG:example_external_task_marker_child
[2026-08-08T17:25:15.665+0000] {logging_mixin.py:190} INFO - [2026-08-08T17:25:15.665+0000] {override.py:1858} INFO - Created Permission View: can read on DAG:example_external_task_marker_child
[2026-08-08T17:25:15.687+0000] {logging_mixin.py:190} INFO - [2026-08-08T17:25:15.687+0000] {override.py:1858} INFO - Created Permission View: can delete on DAG:example_external_task_marker_parent
[2026-08-08T17:25:15.694+0000] {logging_mixin.py:190} INFO - [2026-08-08T17:25:15.694+0000] {override.py:1858} INFO - Created Permission View: can edit on DAG:example_external_task_marker_parent
[2026-08-08T17:25:15.722+0000] {logging_mixin.py:190} INFO - [2026-08-08T17:25:15.721+0000] {override.py:1858} INFO - Created Permission View: can read on DAG:example_external_task_marker_parent
[2026-08-08T17:25:15.722+0000] {logging_mixin.py:190} INFO - [2026-08-08T17:25:15.722+0000] {dag.py:3211} INFO - Sync 2 DAGs
[2026-08-08T17:25:15.731+0000] {logging_mixin.py:190} INFO - [2026-08-08T17:25:15.731+0000] {dag.py:3234} INFO - Creating ORM DAG for example_external_task_marker_parent
[2026-08-08T17:25:15.732+0000] {logging_mixin.py:190} INFO - [2026-08-08T17:25:15.732+0000] {dag.py:3234} INFO - Creating ORM DAG for example_external_task_marker_child
[2026-08-08T17:25:15.733+0000] {logging_mixin.py:190} INFO - [2026-08-08T17:25:15.733+0000] {dag.py:4138} INFO - Setting next_dagrun for example_external_task_marker_child to None, run_after=None
[2026-08-08T17:25:15.734+0000] {logging_mixin.py:190} INFO - [2026-08-08T17:25:15.734+0000] {dag.py:4138} INFO - Setting next_dagrun for example_external_task_marker_parent to None, run_after=None
[2026-08-08T17:25:15.756+0000] {processor.py:208} INFO - Processing /home/airflow/.local/lib/python3.12/site-packages/airflow/example_dags/example_external_task_marker_dag.py took 0.223 seconds
[2026-08-08T17:25:46.677+0000] {processor.py:186} INFO - Started process (PID=184) to work on /home/airflow/.local/lib/python3.12/site-packages/airflow/example_dags/example_external_task_marker_dag.py
[2026-08-08T17:25:46.679+0000] {processor.py:914} INFO - Processing file /home/airflow/.local/lib/python3.12/site-packages/airflow/example_dags/example_external_task_marker_dag.py for tasks to queue
[2026-08-08T17:25:46.682+0000] {logging_mixin.py:190} INFO - [2026-08-08T17:25:46.681+0000] {dagbag.py:587} INFO - Filling up the DagBag from /home/airflow/.local/lib/python3.12/site-packages/airflow/example_dags/example_external_task_marker_dag.py
[2026-08-08T17:25:46.689+0000] {processor.py:925} INFO - DAG(s) 'example_external_task_marker_parent', 'example_external_task_marker_child' retrieved from /home/airflow/.local/lib/python3.12/site-packages/airflow/example_dags/example_external_task_marker_dag.py
[2026-08-08T17:25:46.711+0000] {logging_mixin.py:190} INFO - [2026-08-08T17:25:46.710+0000] {dag.py:3211} INFO - Sync 2 DAGs
[2026-08-08T17:25:46.722+0000] {logging_mixin.py:190} INFO - [2026-08-08T17:25:46.722+0000] {dag.py:4138} INFO - Setting next_dagrun for example_external_task_marker_child to None, run_after=None
[2026-08-08T17:25:46.725+0000] {logging_mixin.py:190} INFO - [2026-08-08T17:25:46.725+0000] {dag.py:4138} INFO - Setting next_dagrun for example_external_task_marker_parent to None, run_after=None
[2026-08-08T17:25:46.744+0000] {processor.py:208} INFO - Processing /home/airflow/.local/lib/python3.12/site-packages/airflow/example_dags/example_external_task_marker_dag.py took 0.072 seconds
[2026-08-08T17:26:17.436+0000] {processor.py:186} INFO - Started process (PID=247) to work on /home/airflow/.local/lib/python3.12/site-packages/airflow/example_dags/example_external_task_marker_dag.py
[2026-08-08T17:26:17.438+0000] {processor.py:914} INFO - Processing file /home/airflow/.local/lib/python3.12/site-packages/airflow/example_dags/example_external_task_marker_dag.py for tasks to queue
[2026-08-08T17:26:17.441+0000] {logging_mixin.py:190} INFO - [2026-08-08T17:26:17.441+0000] {dagbag.py:587} INFO - Filling up the DagBag from /home/airflow/.local/lib/python3.12/site-packages/airflow/example_dags/example_external_task_marker_dag.py
[2026-08-08T17:26:17.450+0000] {processor.py:925} INFO - DAG(s) 'example_external_task_marker_parent', 'example_external_task_marker_child' retrieved from /home/airflow/.local/lib/python3.12/site-packages/airflow/example_dags/example_external_task_marker_dag.py
[2026-08-08T17:26:17.478+0000] {logging_mixin.py:190} INFO - [2026-08-08T17:26:17.478+0000] {dag.py:3211} INFO - Sync 2 DAGs
[2026-08-08T17:26:17.490+0000] {logging_mixin.py:190} INFO - [2026-08-08T17:26:17.489+0000] {dag.py:4138} INFO - Setting next_dagrun for example_external_task_marker_child to None, run_after=None
[2026-08-08T17:26:17.494+0000] {logging_mixin.py:190} INFO - [2026-08-08T17:26:17.493+0000] {dag.py:4138} INFO - Setting next_dagrun for example_external_task_marker_parent to None, run_after=None
[2026-08-08T17:26:17.514+0000] {processor.py:208} INFO - Processing /home/airflow/.local/lib/python3.12/site-packages/airflow/example_dags/example_external_task_marker_dag.py took 0.087 seconds
[2026-08-08T17:26:47.594+0000] {processor.py:186} INFO - Started process (PID=310) to work on /home/airflow/.local/lib/python3.12/site-packages/airflow/example_dags/example_external_task_marker_dag.py
[2026-08-08T17:26:47.596+0000] {processor.py:914} INFO - Processing file /home/airflow/.local/lib/python3.12/site-packages/airflow/example_dags/example_external_task_marker_dag.py for tasks to queue
[2026-08-08T17:26:47.603+0000] {logging_mixin.py:190} INFO - [2026-08-08T17:26:47.602+0000] {dagbag.py:587} INFO - Filling up the DagBag from /home/airflow/.local/lib/python3.12/site-packages/airflow/example_dags/example_external_task_marker_dag.py
[2026-08-08T17:26:47.612+0000] {processor.py:925} INFO - DAG(s) 'example_external_task_marker_child', 'example_external_task_marker_parent' retrieved from /home/airflow/.local/lib/python3.12/site-packages/airflow/example_dags/example_external_task_marker_dag.py
[2026-08-08T17:26:47.645+0000] {logging_mixin.py:190} INFO - [2026-08-08T17:26:47.645+0000] {dag.py:3211} INFO - Sync 2 DAGs
[2026-08-08T17:26:47.663+0000] {logging_mixin.py:190} INFO - [2026-08-08T17:26:47.662+0000] {dag.py:4138} INFO - Setting next_dagrun for example_external_task_marker_child to None, run_after=None
[2026-08-08T17:26:47.668+0000] {logging_mixin.py:190} INFO - [2026-08-08T17:26:47.668+0000] {dag.py:4138} INFO - Setting next_dagrun for example_external_task_marker_parent to None, run_after=None
[2026-08-08T17:26:47.699+0000] {processor.py:208} INFO - Processing /home/airflow/.local/lib/python3.12/site-packages/airflow/example_dags/example_external_task_marker_dag.py took 0.112 seconds
[2026-08-08T17:27:17.799+0000] {processor.py:186} INFO - Started process (PID=373) to work on /home/airflow/.local/lib/python3.12/site-packages/airflow/example_dags/example_external_task_marker_dag.py
[2026-08-08T17:27:17.800+0000] {processor.py:914} INFO - Processing file /home/airflow/.local/lib/python3.12/site-packages/airflow/example_dags/example_external_task_marker_dag.py for tasks to queue
[2026-08-08T17:27:17.804+0000] {logging_mixin.py:190} INFO - [2026-08-08T17:27:17.803+0000] {dagbag.py:587} INFO - Filling up the DagBag from /home/airflow/.local/lib/python3.12/site-packages/airflow/example_dags/example_external_task_marker_dag.py
[2026-08-08T17:27:17.810+0000] {processor.py:925} INFO - DAG(s) 'example_external_task_marker_parent', 'example_external_task_marker_child' retrieved from /home/airflow/.local/lib/python3.12/site-packages/airflow/example_dags/example_external_task_marker_dag.py
[2026-08-08T17:27:17.834+0000] {logging_mixin.py:190} INFO - [2026-08-08T17:27:17.834+0000] {dag.py:3211} INFO - Sync 2 DAGs
[2026-08-08T17:27:17.846+0000] {logging_mixin.py:190} INFO - [2026-08-08T17:27:17.846+0000] {dag.py:4138} INFO - Setting next_dagrun for example_external_task_marker_child to None, run_after=None
[2026-08-08T17:27:17.850+0000] {logging_mixin.py:190} INFO - [2026-08-08T17:27:17.850+0000] {dag.py:4138} INFO - Setting next_dagrun for example_external_task_marker_parent to None, run_after=None
[2026-08-08T17:27:17.871+0000] {processor.py:208} INFO - Processing /home/airflow/.local/lib/python3.12/site-packages/airflow/example_dags/example_external_task_marker_dag.py took 0.079 seconds
[2026-08-08T17:27:48.333+0000] {processor.py:186} INFO - Started process (PID=436) to work on /home/airflow/.local/lib/python3.12/site-packages/airflow/example_dags/example_external_task_marker_dag.py
[2026-08-08T17:27:48.334+0000] {processor.py:914} INFO - Processing file /home/airflow/.local/lib/python3.12/site-packages/airflow/example_dags/example_external_task_marker_dag.py for tasks to queue
[2026-08-08T17:27:48.339+0000] {logging_mixin.py:190} INFO - [2026-08-08T17:27:48.338+0000] {dagbag.py:587} INFO - Filling up the DagBag from /home/airflow/.local/lib/python3.12/site-packages/airflow/example_dags/example_external_task_marker_dag.py
[2026-08-08T17:27:48.347+0000] {processor.py:925} INFO - DAG(s) 'example_external_task_marker_parent', 'example_external_task_marker_child' retrieved from /home/airflow/.local/lib/python3.12/site-packages/airflow/example_dags/example_external_task_marker_dag.py
[2026-08-08T17:27:48.378+0000] {logging_mixin.py:190} INFO - [2026-08-08T17:27:48.377+0000] {dag.py:3211} INFO - Sync 2 DAGs
[2026-08-08T17:27:48.395+0000] {logging_mixin.py:190} INFO - [2026-08-08T17:27:48.395+0000] {dag.py:4138} INFO - Setting next_dagrun for example_external_task_marker_child to None, run_after=None
[2026-08-08T17:27:48.399+0000] {logging_mixin.py:190} INFO - [2026-08-08T17:27:48.399+0000] {dag.py:4138} INFO - Setting next_dagrun for example_external_task_marker_parent to None, run_after=None
[2026-08-08T17:27:48.420+0000] {processor.py:208} INFO - Processing /home/airflow/.local/lib/python3.12/site-packages/airflow/example_dags/example_external_task_marker_dag.py took 0.095 seconds
[2026-08-08T17:28:18.863+0000] {processor.py:186} INFO - Started process (PID=499) to work on /home/airflow/.local/lib/python3.12/site-packages/airflow/example_dags/example_external_task_marker_dag.py
[2026-08-08T17:28:18.865+0000] {processor.py:914} INFO - Processing file /home/airflow/.local/lib/python3.12/site-packages/airflow/example_dags/example_external_task_marker_dag.py for tasks to queue
[2026-08-08T17:28:18.870+0000] {logging_mixin.py:190} INFO - [2026-08-08T17:28:18.869+0000] {dagbag.py:587} INFO - Filling up the DagBag from /home/airflow/.local/lib/python3.12/site-packages/airflow/example_dags/example_external_task_marker_dag.py
[2026-08-08T17:28:18.878+0000] {processor.py:925} INFO - DAG(s) 'example_external_task_marker_child', 'example_external_task_marker_parent' retrieved from /home/airflow/.local/lib/python3.12/site-packages/airflow/example_dags/example_external_task_marker_dag.py
[2026-08-08T17:28:18.911+0000] {logging_mixin.py:190} INFO - [2026-08-08T17:28:18.911+0000] {dag.py:3211} INFO - Sync 2 DAGs
[2026-08-08T17:28:18.935+0000] {logging_mixin.py:190} INFO - [2026-08-08T17:28:18.934+0000] {dag.py:4138} INFO - Setting next_dagrun for example_external_task_marker_child to None, run_after=None
[2026-08-08T17:28:18.941+0000] {logging_mixin.py:190} INFO - [2026-08-08T17:28:18.941+0000] {dag.py:4138} INFO - Setting next_dagrun for example_external_task_marker_parent to None, run_after=None
[2026-08-08T17:28:18.964+0000] {processor.py:208} INFO - Processing /home/airflow/.local/lib/python3.12/site-packages/airflow/example_dags/example_external_task_marker_dag.py took 0.108 seconds
[2026-08-08T17:28:49.182+0000] {processor.py:186} INFO - Started process (PID=562) to work on /home/airflow/.local/lib/python3.12/site-packages/airflow/example_dags/example_external_task_marker_dag.py
[2026-08-08T17:28:49.184+0000] {processor.py:914} INFO - Processing file /home/airflow/.local/lib/python3.12/site-packages/airflow/example_dags/example_external_task_marker_dag.py for tasks to queue
[2026-08-08T17:28:49.187+0000] {logging_mixin.py:190} INFO - [2026-08-08T17:28:49.187+0000] {dagbag.py:587} INFO - Filling up the DagBag from /home/airflow/.local/lib/python3.12/site-packages/airflow/example_dags/example_external_task_marker_dag.py
[2026-08-08T17:28:49.198+0000] {processor.py:925} INFO - DAG(s) 'example_external_task_marker_child', 'example_external_task_marker_parent' retrieved from /home/airflow/.local/lib/python3.12/site-packages/airflow/example_dags/example_external_task_marker_dag.py
[2026-08-08T17:28:49.229+0000] {logging_mixin.py:190} INFO - [2026-08-08T17:28:49.229+0000] {dag.py:3211} INFO - Sync 2 DAGs
[2026-08-08T17:28:49.249+0000] {logging_mixin.py:190} INFO - [2026-08-08T17:28:49.248+0000] {dag.py:4138} INFO - Setting next_dagrun for example_external_task_marker_child to None, run_after=None
[2026-08-08T17:28:49.256+0000] {logging_mixin.py:190} INFO - [2026-08-08T17:28:49.256+0000] {dag.py:4138} INFO - Setting next_dagrun for example_external_task_marker_parent to None, run_after=None
[2026-08-08T17:28:49.280+0000] {processor.py:208} INFO - Processing /home/airflow/.local/lib/python3.12/site-packages/airflow/example_dags/example_external_task_marker_dag.py took 0.108 seconds
[2026-08-08T17:29:19.410+0000] {processor.py:186} INFO - Started process (PID=625) to work on /home/airflow/.local/lib/python3.12/site-packages/airflow/example_dags/example_external_task_marker_dag.py
[2026-08-08T17:29:19.412+0000] {processor.py:914} INFO - Processing file /home/airflow/.local/lib/python3.12/site-packages/airflow/example_dags/example_external_task_marker_dag.py for tasks to queue
[2026-08-08T17:29:19.415+0000] {logging_mixin.py:190} INFO - [2026-08-08T17:29:19.415+0000] {dagbag.py:587} INFO - Filling up the DagBag from /home/airflow/.local/lib/python3.12/site-packages/airflow/example_dags/example_external_task_marker_dag.py
[2026-08-08T17:29:19.423+0000] {processor.py:925} INFO - DAG(s) 'example_external_task_marker_parent', 'example_external_task_marker_child' retrieved from /home/airflow/.local/lib/python3.12/site-packages/airflow/example_dags/example_external_task_marker_dag.py
[2026-08-08T17:29:19.447+0000] {logging_mixin.py:190} INFO - [2026-08-08T17:29:19.446+0000] {dag.py:3211} INFO - Sync 2 DAGs
[2026-08-08T17:29:19.459+0000] {logging_mixin.py:190} INFO - [2026-08-08T17:29:19.459+0000] {dag.py:4138} INFO - Setting next_dagrun for example_external_task_marker_child to None, run_after=None
[2026-08-08T17:29:19.462+0000] {logging_mixin.py:190} INFO - [2026-08-08T17:29:19.462+0000] {dag.py:4138} INFO - Setting next_dagrun for example_external_task_marker_parent to None, run_after=None
[2026-08-08T17:29:19.480+0000] {processor.py:208} INFO - Processing /home/airflow/.local/lib/python3.12/site-packages/airflow/example_dags/example_external_task_marker_dag.py took 0.077 seconds
[2026-08-08T17:29:50.293+0000] {processor.py:186} INFO - Started process (PID=688) to work on /home/airflow/.local/lib/python3.12/site-packages/airflow/example_dags/example_external_task_marker_dag.py
[2026-08-08T17:29:50.295+0000] {processor.py:914} INFO - Processing file /home/airflow/.local/lib/python3.12/site-packages/airflow/example_dags/example_external_task_marker_dag.py for tasks to queue
[2026-08-08T17:29:50.301+0000] {logging_mixin.py:190} INFO - [2026-08-08T17:29:50.301+0000] {dagbag.py:587} INFO - Filling up the DagBag from /home/airflow/.local/lib/python3.12/site-packages/airflow/example_dags/example_external_task_marker_dag.py
[2026-08-08T17:29:50.314+0000] {processor.py:925} INFO - DAG(s) 'example_external_task_marker_child', 'example_external_task_marker_parent' retrieved from /home/airflow/.local/lib/python3.12/site-packages/airflow/example_dags/example_external_task_marker_dag.py
[2026-08-08T17:29:50.345+0000] {logging_mixin.py:190} INFO - [2026-08-08T17:29:50.345+0000] {dag.py:3211} INFO - Sync 2 DAGs
[2026-08-08T17:29:50.361+0000] {logging_mixin.py:190} INFO - [2026-08-08T17:29:50.361+0000] {dag.py:4138} INFO - Setting next_dagrun for example_external_task_marker_child to None, run_after=None
[2026-08-08T17:29:50.366+0000] {logging_mixin.py:190} INFO - [2026-08-08T17:29:50.365+0000] {dag.py:4138} INFO - Setting next_dagrun for example_external_task_marker_parent to None, run_after=None
[2026-08-08T17:29:50.389+0000] {processor.py:208} INFO - Processing /home/airflow/.local/lib/python3.12/site-packages/airflow/example_dags/example_external_task_marker_dag.py took 0.104 seconds
[2026-08-08T17:30:21.139+0000] {processor.py:186} INFO - Started process (PID=751) to work on /home/airflow/.local/lib/python3.12/site-packages/airflow/example_dags/example_external_task_marker_dag.py
[2026-08-08T17:30:21.142+0000] {processor.py:914} INFO - Processing file /home/airflow/.local/lib/python3.12/site-packages/airflow/example_dags/example_external_task_marker_dag.py for tasks to queue
[2026-08-08T17:30:21.148+0000] {logging_mixin.py:190} INFO - [2026-08-08T17:30:21.148+0000] {dagbag.py:587} INFO - Filling up the DagBag from /home/airflow/.local/lib/python3.12/site-packages/airflow/example_dags/example_external_task_marker_dag.py
[2026-08-08T17:30:21.162+0000] {processor.py:925} INFO - DAG(s) 'example_external_task_marker_parent', 'example_external_task_marker_child' retrieved from /home/airflow/.local/lib/python3.12/site-packages/airflow/example_dags/example_external_task_marker_dag.py
[2026-08-08T17:30:21.202+0000] {logging_mixin.py:190} INFO - [2026-08-08T17:30:21.202+0000] {dag.py:3211} INFO - Sync 2 DAGs
[2026-08-08T17:30:21.230+0000] {logging_mixin.py:190} INFO - [2026-08-08T17:30:21.230+0000] {dag.py:4138} INFO - Setting next_dagrun for example_external_task_marker_child to None, run_after=None
[2026-08-08T17:30:21.239+0000] {logging_mixin.py:190} INFO - [2026-08-08T17:30:21.239+0000] {dag.py:4138} INFO - Setting next_dagrun for example_external_task_marker_parent to None, run_after=None
[2026-08-08T17:30:21.270+0000] {processor.py:208} INFO - Processing /home/airflow/.local/lib/python3.12/site-packages/airflow/example_dags/example_external_task_marker_dag.py took 0.140 seconds
[2026-08-08T17:30:51.366+0000] {processor.py:186} INFO - Started process (PID=814) to work on /home/airflow/.local/lib/python3.12/site-packages/airflow/example_dags/example_external_task_marker_dag.py
[2026-08-08T17:30:51.367+0000] {processor.py:914} INFO - Processing file /home/airflow/.local/lib/python3.12/site-packages/airflow/example_dags/example_external_task_marker_dag.py for tasks to queue
[2026-08-08T17:30:51.369+0000] {logging_mixin.py:190} INFO - [2026-08-08T17:30:51.369+0000] {dagbag.py:587} INFO - Filling up the DagBag from /home/airflow/.local/lib/python3.12/site-packages/airflow/example_dags/example_external_task_marker_dag.py
[2026-08-08T17:30:51.378+0000] {processor.py:925} INFO - DAG(s) 'example_external_task_marker_parent', 'example_external_task_marker_child' retrieved from /home/airflow/.local/lib/python3.12/site-packages/airflow/example_dags/example_external_task_marker_dag.py
[2026-08-08T17:30:51.401+0000] {logging_mixin.py:190} INFO - [2026-08-08T17:30:51.401+0000] {dag.py:3211} INFO - Sync 2 DAGs
[2026-08-08T17:30:51.412+0000] {logging_mixin.py:190} INFO - [2026-08-08T17:30:51.411+0000] {dag.py:4138} INFO - Setting next_dagrun for example_external_task_marker_child to None, run_after=None
[2026-08-08T17:30:51.417+0000] {logging_mixin.py:190} INFO - [2026-08-08T17:30:51.416+0000] {dag.py:4138} INFO - Setting next_dagrun for example_external_task_marker_parent to None, run_after=None
[2026-08-08T17:30:51.436+0000] {processor.py:208} INFO - Processing /home/airflow/.local/lib/python3.12/site-packages/airflow/example_dags/example_external_task_marker_dag.py took 0.076 seconds
[2026-08-08T17:31:22.129+0000] {processor.py:186} INFO - Started process (PID=877) to work on /home/airflow/.local/lib/python3.12/site-packages/airflow/example_dags/example_external_task_marker_dag.py
[2026-08-08T17:31:22.131+0000] {processor.py:914} INFO - Processing file /home/airflow/.local/lib/python3.12/site-packages/airflow/example_dags/example_external_task_marker_dag.py for tasks to queue
[2026-08-08T17:31:22.135+0000] {logging_mixin.py:190} INFO - [2026-08-08T17:31:22.134+0000] {dagbag.py:587} INFO - Filling up the DagBag from /home/airflow/.local/lib/python3.12/site-packages/airflow/example_dags/example_external_task_marker_dag.py
[2026-08-08T17:31:22.153+0000] {processor.py:925} INFO - DAG(s) 'example_external_task_marker_parent', 'example_external_task_marker_child' retrieved from /home/airflow/.local/lib/python3.12/site-packages/airflow/example_dags/example_external_task_marker_dag.py
[2026-08-08T17:31:22.198+0000] {logging_mixin.py:190} INFO - [2026-08-08T17:31:22.198+0000] {dag.py:3211} INFO - Sync 2 DAGs
[2026-08-08T17:31:22.216+0000] {logging_mixin.py:190} INFO - [2026-08-08T17:31:22.216+0000] {dag.py:4138} INFO - Setting next_dagrun for example_external_task_marker_child to None, run_after=None
[2026-08-08T17:31:22.223+0000] {logging_mixin.py:190} INFO - [2026-08-08T17:31:22.223+0000] {dag.py:4138} INFO - Setting next_dagrun for example_external_task_marker_parent to None, run_after=None
[2026-08-08T17:31:22.249+0000] {processor.py:208} INFO - Processing /home/airflow/.local/lib/python3.12/site-packages/airflow/example_dags/example_external_task_marker_dag.py took 0.133 seconds
[2026-08-08T17:31:52.968+0000] {processor.py:186} INFO - Started process (PID=940) to work on /home/airflow/.local/lib/python3.12/site-packages/airflow/example_dags/example_external_task_marker_dag.py
[2026-08-08T17:31:52.969+0000] {processor.py:914} INFO - Processing file /home/airflow/.local/lib/python3.12/site-packages/airflow/example_dags/example_external_task_marker_dag.py for tasks to queue
[2026-08-08T17:31:52.972+0000] {logging_mixin.py:190} INFO - [2026-08-08T17:31:52.972+0000] {dagbag.py:587} INFO - Filling up the DagBag from /home/airflow/.local/lib/python3.12/site-packages/airflow/example_dags/example_external_task_marker_dag.py
[2026-08-08T17:31:52.980+0000] {processor.py:925} INFO - DAG(s) 'example_external_task_marker_parent', 'example_external_task_marker_child' retrieved from /home/airflow/.local/lib/python3.12/site-packages/airflow/example_dags/example_external_task_marker_dag.py
[2026-08-08T17:31:53.002+0000] {logging_mixin.py:190} INFO - [2026-08-08T17:31:53.001+0000] {dag.py:3211} INFO - Sync 2 DAGs
[2026-08-08T17:31:53.014+0000] {logging_mixin.py:190} INFO - [2026-08-08T17:31:53.014+0000] {dag.py:4138} INFO - Setting next_dagrun for example_external_task_marker_child to None, run_after=None
[2026-08-08T17:31:53.017+0000] {logging_mixin.py:190} INFO - [2026-08-08T17:31:53.017+0000] {dag.py:4138} INFO - Setting next_dagrun for example_external_task_marker_parent to None, run_after=None
[2026-08-08T17:31:53.035+0000] {processor.py:208} INFO - Processing /home/airflow/.local/lib/python3.12/site-packages/airflow/example_dags/example_external_task_marker_dag.py took 0.073 seconds
[2026-08-08T17:32:23.211+0000] {processor.py:186} INFO - Started process (PID=1003) to work on /home/airflow/.local/lib/python3.12/site-packages/airflow/example_dags/example_external_task_marker_dag.py
[2026-08-08T17:32:23.212+0000] {processor.py:914} INFO - Processing file /home/airflow/.local/lib/python3.12/site-packages/airflow/example_dags/example_external_task_marker_dag.py for tasks to queue
[2026-08-08T17:32:23.220+0000] {logging_mixin.py:190} INFO - [2026-08-08T17:32:23.220+0000] {dagbag.py:587} INFO - Filling up the DagBag from /home/airflow/.local/lib/python3.12/site-packages/airflow/example_dags/example_external_task_marker_dag.py
[2026-08-08T17:32:23.236+0000] {processor.py:925} INFO - DAG(s) 'example_external_task_marker_parent', 'example_external_task_marker_child' retrieved from /home/airflow/.local/lib/python3.12/site-packages/airflow/example_dags/example_external_task_marker_dag.py
[2026-08-08T17:32:23.268+0000] {logging_mixin.py:190} INFO - [2026-08-08T17:32:23.268+0000] {dag.py:3211} INFO - Sync 2 DAGs
[2026-08-08T17:32:23.284+0000] {logging_mixin.py:190} INFO - [2026-08-08T17:32:23.284+0000] {dag.py:4138} INFO - Setting next_dagrun for example_external_task_marker_child to None, run_after=None
[2026-08-08T17:32:23.289+0000] {logging_mixin.py:190} INFO - [2026-08-08T17:32:23.289+0000] {dag.py:4138} INFO - Setting next_dagrun for example_external_task_marker_parent to None, run_after=None
[2026-08-08T17:32:23.309+0000] {processor.py:208} INFO - Processing /home/airflow/.local/lib/python3.12/site-packages/airflow/example_dags/example_external_task_marker_dag.py took 0.104 seconds
[2026-08-08T17:32:53.581+0000] {processor.py:186} INFO - Started process (PID=1067) to work on /home/airflow/.local/lib/python3.12/site-packages/airflow/example_dags/example_external_task_marker_dag.py
[2026-08-08T17:32:53.583+0000] {processor.py:914} INFO - Processing file /home/airflow/.local/lib/python3.12/site-packages/airflow/example_dags/example_external_task_marker_dag.py for tasks to queue
[2026-08-08T17:32:53.586+0000] {logging_mixin.py:190} INFO - [2026-08-08T17:32:53.586+0000] {dagbag.py:587} INFO - Filling up the DagBag from /home/airflow/.local/lib/python3.12/site-packages/airflow/example_dags/example_external_task_marker_dag.py
[2026-08-08T17:32:53.598+0000] {processor.py:925} INFO - DAG(s) 'example_external_task_marker_parent', 'example_external_task_marker_child' retrieved from /home/airflow/.local/lib/python3.12/site-packages/airflow/example_dags/example_external_task_marker_dag.py
[2026-08-08T17:32:53.625+0000] {logging_mixin.py:190} INFO - [2026-08-08T17:32:53.625+0000] {dag.py:3211} INFO - Sync 2 DAGs
[2026-08-08T17:32:53.638+0000] {logging_mixin.py:190} INFO - [2026-08-08T17:32:53.637+0000] {dag.py:4138} INFO - Setting next_dagrun for example_external_task_marker_child to None, run_after=None
[2026-08-08T17:32:53.641+0000] {logging_mixin.py:190} INFO - [2026-08-08T17:32:53.641+0000] {dag.py:4138} INFO - Setting next_dagrun for example_external_task_marker_parent to None, run_after=None
[2026-08-08T17:32:53.711+0000] {processor.py:208} INFO - Processing /home/airflow/.local/lib/python3.12/site-packages/airflow/example_dags/example_external_task_marker_dag.py took 0.136 seconds
[2026-08-08T17:33:24.183+0000] {processor.py:186} INFO - Started process (PID=1130) to work on /home/airflow/.local/lib/python3.12/site-packages/airflow/example_dags/example_external_task_marker_dag.py
[2026-08-08T17:33:24.185+0000] {processor.py:914} INFO - Processing file /home/airflow/.local/lib/python3.12/site-packages/airflow/example_dags/example_external_task_marker_dag.py for tasks to queue
[2026-08-08T17:33:24.189+0000] {logging_mixin.py:190} INFO - [2026-08-08T17:33:24.188+0000] {dagbag.py:587} INFO - Filling up the DagBag from /home/airflow/.local/lib/python3.12/site-packages/airflow/example_dags/example_external_task_marker_dag.py
[2026-08-08T17:33:24.199+0000] {processor.py:925} INFO - DAG(s) 'example_external_task_marker_parent', 'example_external_task_marker_child' retrieved from /home/airflow/.local/lib/python3.12/site-packages/airflow/example_dags/example_external_task_marker_dag.py
[2026-08-08T17:33:24.226+0000] {logging_mixin.py:190} INFO - [2026-08-08T17:33:24.226+0000] {dag.py:3211} INFO - Sync 2 DAGs
[2026-08-08T17:33:24.244+0000] {logging_mixin.py:190} INFO - [2026-08-08T17:33:24.244+0000] {dag.py:4138} INFO - Setting next_dagrun for example_external_task_marker_child to None, run_after=None
[2026-08-08T17:33:24.250+0000] {logging_mixin.py:190} INFO - [2026-08-08T17:33:24.250+0000] {dag.py:4138} INFO - Setting next_dagrun for example_external_task_marker_parent to None, run_after=None
[2026-08-08T17:33:24.274+0000] {processor.py:208} INFO - Processing /home/airflow/.local/lib/python3.12/site-packages/airflow/example_dags/example_external_task_marker_dag.py took 0.098 seconds
[2026-08-08T17:33:54.633+0000] {processor.py:186} INFO - Started process (PID=1193) to work on /home/airflow/.local/lib/python3.12/site-packages/airflow/example_dags/example_external_task_marker_dag.py
[2026-08-08T17:33:54.634+0000] {processor.py:914} INFO - Processing file /home/airflow/.local/lib/python3.12/site-packages/airflow/example_dags/example_external_task_marker_dag.py for tasks to queue
[2026-08-08T17:33:54.637+0000] {logging_mixin.py:190} INFO - [2026-08-08T17:33:54.636+0000] {dagbag.py:587} INFO - Filling up the DagBag from /home/airflow/.local/lib/python3.12/site-packages/airflow/example_dags/example_external_task_marker_dag.py
[2026-08-08T17:33:54.644+0000] {processor.py:925} INFO - DAG(s) 'example_external_task_marker_parent', 'example_external_task_marker_child' retrieved from /home/airflow/.local/lib/python3.12/site-packages/airflow/example_dags/example_external_task_marker_dag.py
[2026-08-08T17:33:54.665+0000] {logging_mixin.py:190} INFO - [2026-08-08T17:33:54.664+0000] {dag.py:3211} INFO - Sync 2 DAGs
[2026-08-08T17:33:54.675+0000] {logging_mixin.py:190} INFO - [2026-08-08T17:33:54.674+0000] {dag.py:4138} INFO - Setting next_dagrun for example_external_task_marker_child to None, run_after=None
[2026-08-08T17:33:54.677+0000] {logging_mixin.py:190} INFO - [2026-08-08T17:33:54.677+0000] {dag.py:4138} INFO - Setting next_dagrun for example_external_task_marker_parent to None, run_after=None
[2026-08-08T17:33:54.694+0000] {processor.py:208} INFO - Processing /home/airflow/.local/lib/python3.12/site-packages/airflow/example_dags/example_external_task_marker_dag.py took 0.066 seconds
[2026-08-08T17:34:24.885+0000] {processor.py:186} INFO - Started process (PID=1256) to work on /home/airflow/.local/lib/python3.12/site-packages/airflow/example_dags/example_external_task_marker_dag.py
[2026-08-08T17:34:24.886+0000] {processor.py:914} INFO - Processing file /home/airflow/.local/lib/python3.12/site-packages/airflow/example_dags/example_external_task_marker_dag.py for tasks to queue
[2026-08-08T17:34:24.889+0000] {logging_mixin.py:190} INFO - [2026-08-08T17:34:24.888+0000] {dagbag.py:587} INFO - Filling up the DagBag from /home/airflow/.local/lib/python3.12/site-packages/airflow/example_dags/example_external_task_marker_dag.py
[2026-08-08T17:34:24.897+0000] {processor.py:925} INFO - DAG(s) 'example_external_task_marker_parent', 'example_external_task_marker_child' retrieved from /home/airflow/.local/lib/python3.12/site-packages/airflow/example_dags/example_external_task_marker_dag.py
[2026-08-08T17:34:24.919+0000] {logging_mixin.py:190} INFO - [2026-08-08T17:34:24.919+0000] {dag.py:3211} INFO - Sync 2 DAGs
[2026-08-08T17:34:24.931+0000] {logging_mixin.py:190} INFO - [2026-08-08T17:34:24.930+0000] {dag.py:4138} INFO - Setting next_dagrun for example_external_task_marker_child to None, run_after=None
[2026-08-08T17:34:24.934+0000] {logging_mixin.py:190} INFO - [2026-08-08T17:34:24.934+0000] {dag.py:4138} INFO - Setting next_dagrun for example_external_task_marker_parent to None, run_after=None
[2026-08-08T17:34:24.951+0000] {processor.py:208} INFO - Processing /home/airflow/.local/lib/python3.12/site-packages/airflow/example_dags/example_external_task_marker_dag.py took 0.071 seconds
[2026-08-08T17:34:55.445+0000] {processor.py:186} INFO - Started process (PID=1319) to work on /home/airflow/.local/lib/python3.12/site-packages/airflow/example_dags/example_external_task_marker_dag.py
[2026-08-08T17:34:55.446+0000] {processor.py:914} INFO - Processing file /home/airflow/.local/lib/python3.12/site-packages/airflow/example_dags/example_external_task_marker_dag.py for tasks to queue
[2026-08-08T17:34:55.449+0000] {logging_mixin.py:190} INFO - [2026-08-08T17:34:55.448+0000] {dagbag.py:587} INFO - Filling up the DagBag from /home/airflow/.local/lib/python3.12/site-packages/airflow/example_dags/example_external_task_marker_dag.py
[2026-08-08T17:34:55.456+0000] {processor.py:925} INFO - DAG(s) 'example_external_task_marker_parent', 'example_external_task_marker_child' retrieved from /home/airflow/.local/lib/python3.12/site-packages/airflow/example_dags/example_external_task_marker_dag.py
[2026-08-08T17:34:55.480+0000] {logging_mixin.py:190} INFO - [2026-08-08T17:34:55.479+0000] {dag.py:3211} INFO - Sync 2 DAGs
[2026-08-08T17:34:55.497+0000] {logging_mixin.py:190} INFO - [2026-08-08T17:34:55.496+0000] {dag.py:4138} INFO - Setting next_dagrun for example_external_task_marker_child to None, run_after=None
[2026-08-08T17:34:55.500+0000] {logging_mixin.py:190} INFO - [2026-08-08T17:34:55.500+0000] {dag.py:4138} INFO - Setting next_dagrun for example_external_task_marker_parent to None, run_after=None
[2026-08-08T17:34:55.515+0000] {processor.py:208} INFO - Processing /home/airflow/.local/lib/python3.12/site-packages/airflow/example_dags/example_external_task_marker_dag.py took 0.075 seconds
[2026-08-08T17:35:26.094+0000] {processor.py:186} INFO - Started process (PID=1382) to work on /home/airflow/.local/lib/python3.12/site-packages/airflow/example_dags/example_external_task_marker_dag.py
[2026-08-08T17:35:26.095+0000] {processor.py:914} INFO - Processing file /home/airflow/.local/lib/python3.12/site-packages/airflow/example_dags/example_external_task_marker_dag.py for tasks to queue
[2026-08-08T17:35:26.098+0000] {logging_mixin.py:190} INFO - [2026-08-08T17:35:26.097+0000] {dagbag.py:587} INFO - Filling up the DagBag from /home/airflow/.local/lib/python3.12/site-packages/airflow/example_dags/example_external_task_marker_dag.py
[2026-08-08T17:35:26.105+0000] {processor.py:925} INFO - DAG(s) 'example_external_task_marker_child', 'example_external_task_marker_parent' retrieved from /home/airflow/.local/lib/python3.12/site-packages/airflow/example_dags/example_external_task_marker_dag.py
[2026-08-08T17:35:26.127+0000] {logging_mixin.py:190} INFO - [2026-08-08T17:35:26.127+0000] {dag.py:3211} INFO - Sync 2 DAGs
[2026-08-08T17:35:26.139+0000] {logging_mixin.py:190} INFO - [2026-08-08T17:35:26.139+0000] {dag.py:4138} INFO - Setting next_dagrun for example_external_task_marker_child to None, run_after=None
[2026-08-08T17:35:26.143+0000] {logging_mixin.py:190} INFO - [2026-08-08T17:35:26.143+0000] {dag.py:4138} INFO - Setting next_dagrun for example_external_task_marker_parent to None, run_after=None
[2026-08-08T17:35:26.162+0000] {processor.py:208} INFO - Processing /home/airflow/.local/lib/python3.12/site-packages/airflow/example_dags/example_external_task_marker_dag.py took 0.074 seconds
[2026-08-08T17:35:56.540+0000] {processor.py:186} INFO - Started process (PID=1445) to work on /home/airflow/.local/lib/python3.12/site-packages/airflow/example_dags/example_external_task_marker_dag.py
[2026-08-08T17:35:56.541+0000] {processor.py:914} INFO - Processing file /home/airflow/.local/lib/python3.12/site-packages/airflow/example_dags/example_external_task_marker_dag.py for tasks to queue
[2026-08-08T17:35:56.544+0000] {logging_mixin.py:190} INFO - [2026-08-08T17:35:56.544+0000] {dagbag.py:587} INFO - Filling up the DagBag from /home/airflow/.local/lib/python3.12/site-packages/airflow/example_dags/example_external_task_marker_dag.py
[2026-08-08T17:35:56.551+0000] {processor.py:925} INFO - DAG(s) 'example_external_task_marker_child', 'example_external_task_marker_parent' retrieved from /home/airflow/.local/lib/python3.12/site-packages/airflow/example_dags/example_external_task_marker_dag.py
[2026-08-08T17:35:56.572+0000] {logging_mixin.py:190} INFO - [2026-08-08T17:35:56.571+0000] {dag.py:3211} INFO - Sync 2 DAGs
[2026-08-08T17:35:56.582+0000] {logging_mixin.py:190} INFO - [2026-08-08T17:35:56.582+0000] {dag.py:4138} INFO - Setting next_dagrun for example_external_task_marker_child to None, run_after=None
[2026-08-08T17:35:56.585+0000] {logging_mixin.py:190} INFO - [2026-08-08T17:35:56.585+0000] {dag.py:4138} INFO - Setting next_dagrun for example_external_task_marker_parent to None, run_after=None
[2026-08-08T17:35:56.603+0000] {processor.py:208} INFO - Processing /home/airflow/.local/lib/python3.12/site-packages/airflow/example_dags/example_external_task_marker_dag.py took 0.068 seconds
[2026-08-08T17:36:26.923+0000] {processor.py:186} INFO - Started process (PID=1508) to work on /home/airflow/.local/lib/python3.12/site-packages/airflow/example_dags/example_external_task_marker_dag.py
[2026-08-08T17:36:26.925+0000] {processor.py:914} INFO - Processing file /home/airflow/.local/lib/python3.12/site-packages/airflow/example_dags/example_external_task_marker_dag.py for tasks to queue
[2026-08-08T17:36:26.927+0000] {logging_mixin.py:190} INFO - [2026-08-08T17:36:26.927+0000] {dagbag.py:587} INFO - Filling up the DagBag from /home/airflow/.local/lib/python3.12/site-packages/airflow/example_dags/example_external_task_marker_dag.py
[2026-08-08T17:36:26.936+0000] {processor.py:925} INFO - DAG(s) 'example_external_task_marker_parent', 'example_external_task_marker_child' retrieved from /home/airflow/.local/lib/python3.12/site-packages/airflow/example_dags/example_external_task_marker_dag.py
[2026-08-08T17:36:26.958+0000] {logging_mixin.py:190} INFO - [2026-08-08T17:36:26.958+0000] {dag.py:3211} INFO - Sync 2 DAGs
[2026-08-08T17:36:26.971+0000] {logging_mixin.py:190} INFO - [2026-08-08T17:36:26.971+0000] {dag.py:4138} INFO - Setting next_dagrun for example_external_task_marker_child to None, run_after=None
[2026-08-08T17:36:26.974+0000] {logging_mixin.py:190} INFO - [2026-08-08T17:36:26.974+0000] {dag.py:4138} INFO - Setting next_dagrun for example_external_task_marker_parent to None, run_after=None
[2026-08-08T17:36:26.992+0000] {processor.py:208} INFO - Processing /home/airflow/.local/lib/python3.12/site-packages/airflow/example_dags/example_external_task_marker_dag.py took 0.074 seconds
[2026-08-08T17:38:17.954+0000] {processor.py:186} INFO - Started process (PID=109) to work on /home/airflow/.local/lib/python3.12/site-packages/airflow/example_dags/example_external_task_marker_dag.py
[2026-08-08T17:38:17.955+0000] {processor.py:914} INFO - Processing file /home/airflow/.local/lib/python3.12/site-packages/airflow/example_dags/example_external_task_marker_dag.py for tasks to queue
[2026-08-08T17:38:17.970+0000] {logging_mixin.py:190} INFO - [2026-08-08T17:38:17.970+0000] {dagbag.py:587} INFO - Filling up the DagBag from /home/airflow/.local/lib/python3.12/site-packages/airflow/example_dags/example_external_task_marker_dag.py
[2026-08-08T17:38:17.980+0000] {processor.py:925} INFO - DAG(s) 'example_external_task_marker_parent', 'example_external_task_marker_child' retrieved from /home/airflow/.local/lib/python3.12/site-packages/airflow/example_dags/example_external_task_marker_dag.py
[2026-08-08T17:38:18.001+0000] {logging_mixin.py:190} INFO - [2026-08-08T17:38:18.001+0000] {dag.py:3211} INFO - Sync 2 DAGs
[2026-08-08T17:38:18.014+0000] {logging_mixin.py:190} INFO - [2026-08-08T17:38:18.014+0000] {dag.py:4138} INFO - Setting next_dagrun for example_external_task_marker_child to None, run_after=None
[2026-08-08T17:38:18.017+0000] {logging_mixin.py:190} INFO - [2026-08-08T17:38:18.017+0000] {dag.py:4138} INFO - Setting next_dagrun for example_external_task_marker_parent to None, run_after=None
[2026-08-08T17:38:18.036+0000] {processor.py:208} INFO - Processing /home/airflow/.local/lib/python3.12/site-packages/airflow/example_dags/example_external_task_marker_dag.py took 0.087 seconds
[2026-08-08T17:38:49.121+0000] {processor.py:186} INFO - Started process (PID=172) to work on /home/airflow/.local/lib/python3.12/site-packages/airflow/example_dags/example_external_task_marker_dag.py
[2026-08-08T17:38:49.123+0000] {processor.py:914} INFO - Processing file /home/airflow/.local/lib/python3.12/site-packages/airflow/example_dags/example_external_task_marker_dag.py for tasks to queue
[2026-08-08T17:38:49.126+0000] {logging_mixin.py:190} INFO - [2026-08-08T17:38:49.125+0000] {dagbag.py:587} INFO - Filling up the DagBag from /home/airflow/.local/lib/python3.12/site-packages/airflow/example_dags/example_external_task_marker_dag.py
[2026-08-08T17:38:49.134+0000] {processor.py:925} INFO - DAG(s) 'example_external_task_marker_child', 'example_external_task_marker_parent' retrieved from /home/airflow/.local/lib/python3.12/site-packages/airflow/example_dags/example_external_task_marker_dag.py
[2026-08-08T17:38:49.159+0000] {logging_mixin.py:190} INFO - [2026-08-08T17:38:49.159+0000] {dag.py:3211} INFO - Sync 2 DAGs
[2026-08-08T17:38:49.177+0000] {logging_mixin.py:190} INFO - [2026-08-08T17:38:49.176+0000] {dag.py:4138} INFO - Setting next_dagrun for example_external_task_marker_child to None, run_after=None
[2026-08-08T17:38:49.182+0000] {logging_mixin.py:190} INFO - [2026-08-08T17:38:49.182+0000] {dag.py:4138} INFO - Setting next_dagrun for example_external_task_marker_parent to None, run_after=None
[2026-08-08T17:38:49.204+0000] {processor.py:208} INFO - Processing /home/airflow/.local/lib/python3.12/site-packages/airflow/example_dags/example_external_task_marker_dag.py took 0.089 seconds
[2026-08-08T17:39:19.994+0000] {processor.py:186} INFO - Started process (PID=235) to work on /home/airflow/.local/lib/python3.12/site-packages/airflow/example_dags/example_external_task_marker_dag.py
[2026-08-08T17:39:19.995+0000] {processor.py:914} INFO - Processing file /home/airflow/.local/lib/python3.12/site-packages/airflow/example_dags/example_external_task_marker_dag.py for tasks to queue
[2026-08-08T17:39:19.999+0000] {logging_mixin.py:190} INFO - [2026-08-08T17:39:19.998+0000] {dagbag.py:587} INFO - Filling up the DagBag from /home/airflow/.local/lib/python3.12/site-packages/airflow/example_dags/example_external_task_marker_dag.py
[2026-08-08T17:39:20.009+0000] {processor.py:925} INFO - DAG(s) 'example_external_task_marker_child', 'example_external_task_marker_parent' retrieved from /home/airflow/.local/lib/python3.12/site-packages/airflow/example_dags/example_external_task_marker_dag.py
[2026-08-08T17:39:20.037+0000] {logging_mixin.py:190} INFO - [2026-08-08T17:39:20.037+0000] {dag.py:3211} INFO - Sync 2 DAGs
[2026-08-08T17:39:20.057+0000] {logging_mixin.py:190} INFO - [2026-08-08T17:39:20.057+0000] {dag.py:4138} INFO - Setting next_dagrun for example_external_task_marker_child to None, run_after=None
[2026-08-08T17:39:20.062+0000] {logging_mixin.py:190} INFO - [2026-08-08T17:39:20.062+0000] {dag.py:4138} INFO - Setting next_dagrun for example_external_task_marker_parent to None, run_after=None
[2026-08-08T17:39:20.085+0000] {processor.py:208} INFO - Processing /home/airflow/.local/lib/python3.12/site-packages/airflow/example_dags/example_external_task_marker_dag.py took 0.097 seconds
[2026-08-08T17:39:50.516+0000] {processor.py:186} INFO - Started process (PID=298) to work on /home/airflow/.local/lib/python3.12/site-packages/airflow/example_dags/example_external_task_marker_dag.py
[2026-08-08T17:39:50.517+0000] {processor.py:914} INFO - Processing file /home/airflow/.local/lib/python3.12/site-packages/airflow/example_dags/example_external_task_marker_dag.py for tasks to queue
[2026-08-08T17:39:50.519+0000] {logging_mixin.py:190} INFO - [2026-08-08T17:39:50.519+0000] {dagbag.py:587} INFO - Filling up the DagBag from /home/airflow/.local/lib/python3.12/site-packages/airflow/example_dags/example_external_task_marker_dag.py
[2026-08-08T17:39:50.526+0000] {processor.py:925} INFO - DAG(s) 'example_external_task_marker_parent', 'example_external_task_marker_child' retrieved from /home/airflow/.local/lib/python3.12/site-packages/airflow/example_dags/example_external_task_marker_dag.py
[2026-08-08T17:39:50.548+0000] {logging_mixin.py:190} INFO - [2026-08-08T17:39:50.547+0000] {dag.py:3211} INFO - Sync 2 DAGs
[2026-08-08T17:39:50.559+0000] {logging_mixin.py:190} INFO - [2026-08-08T17:39:50.558+0000] {dag.py:4138} INFO - Setting next_dagrun for example_external_task_marker_child to None, run_after=None
[2026-08-08T17:39:50.562+0000] {logging_mixin.py:190} INFO - [2026-08-08T17:39:50.562+0000] {dag.py:4138} INFO - Setting next_dagrun for example_external_task_marker_parent to None, run_after=None
[2026-08-08T17:39:50.581+0000] {processor.py:208} INFO - Processing /home/airflow/.local/lib/python3.12/site-packages/airflow/example_dags/example_external_task_marker_dag.py took 0.070 seconds
[2026-08-08T17:42:42.317+0000] {processor.py:186} INFO - Started process (PID=121) to work on /home/airflow/.local/lib/python3.12/site-packages/airflow/example_dags/example_external_task_marker_dag.py
[2026-08-08T17:42:42.319+0000] {processor.py:914} INFO - Processing file /home/airflow/.local/lib/python3.12/site-packages/airflow/example_dags/example_external_task_marker_dag.py for tasks to queue
[2026-08-08T17:42:42.324+0000] {logging_mixin.py:190} INFO - [2026-08-08T17:42:42.323+0000] {dagbag.py:587} INFO - Filling up the DagBag from /home/airflow/.local/lib/python3.12/site-packages/airflow/example_dags/example_external_task_marker_dag.py
[2026-08-08T17:42:42.339+0000] {processor.py:925} INFO - DAG(s) 'example_external_task_marker_parent', 'example_external_task_marker_child' retrieved from /home/airflow/.local/lib/python3.12/site-packages/airflow/example_dags/example_external_task_marker_dag.py
[2026-08-08T17:42:42.409+0000] {logging_mixin.py:190} INFO - [2026-08-08T17:42:42.408+0000] {dag.py:3211} INFO - Sync 2 DAGs
[2026-08-08T17:42:42.448+0000] {logging_mixin.py:190} INFO - [2026-08-08T17:42:42.447+0000] {dag.py:4138} INFO - Setting next_dagrun for example_external_task_marker_child to None, run_after=None
[2026-08-08T17:42:42.454+0000] {logging_mixin.py:190} INFO - [2026-08-08T17:42:42.454+0000] {dag.py:4138} INFO - Setting next_dagrun for example_external_task_marker_parent to None, run_after=None
[2026-08-08T17:42:42.490+0000] {processor.py:208} INFO - Processing /home/airflow/.local/lib/python3.12/site-packages/airflow/example_dags/example_external_task_marker_dag.py took 0.184 seconds
[2026-08-08T17:43:12.839+0000] {processor.py:186} INFO - Started process (PID=184) to work on /home/airflow/.local/lib/python3.12/site-packages/airflow/example_dags/example_external_task_marker_dag.py
[2026-08-08T17:43:12.841+0000] {processor.py:914} INFO - Processing file /home/airflow/.local/lib/python3.12/site-packages/airflow/example_dags/example_external_task_marker_dag.py for tasks to queue
[2026-08-08T17:43:12.844+0000] {logging_mixin.py:190} INFO - [2026-08-08T17:43:12.843+0000] {dagbag.py:587} INFO - Filling up the DagBag from /home/airflow/.local/lib/python3.12/site-packages/airflow/example_dags/example_external_task_marker_dag.py
[2026-08-08T17:43:12.854+0000] {processor.py:925} INFO - DAG(s) 'example_external_task_marker_child', 'example_external_task_marker_parent' retrieved from /home/airflow/.local/lib/python3.12/site-packages/airflow/example_dags/example_external_task_marker_dag.py
[2026-08-08T17:43:12.893+0000] {logging_mixin.py:190} INFO - [2026-08-08T17:43:12.893+0000] {dag.py:3211} INFO - Sync 2 DAGs
[2026-08-08T17:43:12.928+0000] {logging_mixin.py:190} INFO - [2026-08-08T17:43:12.927+0000] {dag.py:4138} INFO - Setting next_dagrun for example_external_task_marker_child to None, run_after=None
[2026-08-08T17:43:12.934+0000] {logging_mixin.py:190} INFO - [2026-08-08T17:43:12.933+0000] {dag.py:4138} INFO - Setting next_dagrun for example_external_task_marker_parent to None, run_after=None
[2026-08-08T17:43:12.968+0000] {processor.py:208} INFO - Processing /home/airflow/.local/lib/python3.12/site-packages/airflow/example_dags/example_external_task_marker_dag.py took 0.139 seconds
[2026-08-08T17:43:44.211+0000] {processor.py:186} INFO - Started process (PID=246) to work on /home/airflow/.local/lib/python3.12/site-packages/airflow/example_dags/example_external_task_marker_dag.py
[2026-08-08T17:43:44.212+0000] {processor.py:914} INFO - Processing file /home/airflow/.local/lib/python3.12/site-packages/airflow/example_dags/example_external_task_marker_dag.py for tasks to queue
[2026-08-08T17:43:44.219+0000] {logging_mixin.py:190} INFO - [2026-08-08T17:43:44.218+0000] {dagbag.py:587} INFO - Filling up the DagBag from /home/airflow/.local/lib/python3.12/site-packages/airflow/example_dags/example_external_task_marker_dag.py
[2026-08-08T17:43:44.232+0000] {processor.py:925} INFO - DAG(s) 'example_external_task_marker_parent', 'example_external_task_marker_child' retrieved from /home/airflow/.local/lib/python3.12/site-packages/airflow/example_dags/example_external_task_marker_dag.py
[2026-08-08T17:43:44.268+0000] {logging_mixin.py:190} INFO - [2026-08-08T17:43:44.268+0000] {dag.py:3211} INFO - Sync 2 DAGs
[2026-08-08T17:43:44.280+0000] {logging_mixin.py:190} INFO - [2026-08-08T17:43:44.280+0000] {dag.py:4138} INFO - Setting next_dagrun for example_external_task_marker_child to None, run_after=None
[2026-08-08T17:43:44.285+0000] {logging_mixin.py:190} INFO - [2026-08-08T17:43:44.285+0000] {dag.py:4138} INFO - Setting next_dagrun for example_external_task_marker_parent to None, run_after=None
[2026-08-08T17:43:44.308+0000] {processor.py:208} INFO - Processing /home/airflow/.local/lib/python3.12/site-packages/airflow/example_dags/example_external_task_marker_dag.py took 0.107 seconds
[2026-08-08T17:44:14.910+0000] {processor.py:186} INFO - Started process (PID=310) to work on /home/airflow/.local/lib/python3.12/site-packages/airflow/example_dags/example_external_task_marker_dag.py
[2026-08-08T17:44:14.911+0000] {processor.py:914} INFO - Processing file /home/airflow/.local/lib/python3.12/site-packages/airflow/example_dags/example_external_task_marker_dag.py for tasks to queue
[2026-08-08T17:44:14.915+0000] {logging_mixin.py:190} INFO - [2026-08-08T17:44:14.914+0000] {dagbag.py:587} INFO - Filling up the DagBag from /home/airflow/.local/lib/python3.12/site-packages/airflow/example_dags/example_external_task_marker_dag.py
[2026-08-08T17:44:14.924+0000] {processor.py:925} INFO - DAG(s) 'example_external_task_marker_parent', 'example_external_task_marker_child' retrieved from /home/airflow/.local/lib/python3.12/site-packages/airflow/example_dags/example_external_task_marker_dag.py
[2026-08-08T17:44:14.959+0000] {logging_mixin.py:190} INFO - [2026-08-08T17:44:14.958+0000] {dag.py:3211} INFO - Sync 2 DAGs
[2026-08-08T17:44:14.976+0000] {logging_mixin.py:190} INFO - [2026-08-08T17:44:14.975+0000] {dag.py:4138} INFO - Setting next_dagrun for example_external_task_marker_child to None, run_after=None
[2026-08-08T17:44:14.982+0000] {logging_mixin.py:190} INFO - [2026-08-08T17:44:14.981+0000] {dag.py:4138} INFO - Setting next_dagrun for example_external_task_marker_parent to None, run_after=None
[2026-08-08T17:44:15.006+0000] {processor.py:208} INFO - Processing /home/airflow/.local/lib/python3.12/site-packages/airflow/example_dags/example_external_task_marker_dag.py took 0.103 seconds
[2026-08-08T17:44:45.390+0000] {processor.py:186} INFO - Started process (PID=373) to work on /home/airflow/.local/lib/python3.12/site-packages/airflow/example_dags/example_external_task_marker_dag.py
[2026-08-08T17:44:45.391+0000] {processor.py:914} INFO - Processing file /home/airflow/.local/lib/python3.12/site-packages/airflow/example_dags/example_external_task_marker_dag.py for tasks to queue
[2026-08-08T17:44:45.394+0000] {logging_mixin.py:190} INFO - [2026-08-08T17:44:45.393+0000] {dagbag.py:587} INFO - Filling up the DagBag from /home/airflow/.local/lib/python3.12/site-packages/airflow/example_dags/example_external_task_marker_dag.py
[2026-08-08T17:44:45.404+0000] {processor.py:925} INFO - DAG(s) 'example_external_task_marker_child', 'example_external_task_marker_parent' retrieved from /home/airflow/.local/lib/python3.12/site-packages/airflow/example_dags/example_external_task_marker_dag.py
[2026-08-08T17:44:45.427+0000] {logging_mixin.py:190} INFO - [2026-08-08T17:44:45.426+0000] {dag.py:3211} INFO - Sync 2 DAGs
[2026-08-08T17:44:45.440+0000] {logging_mixin.py:190} INFO - [2026-08-08T17:44:45.440+0000] {dag.py:4138} INFO - Setting next_dagrun for example_external_task_marker_child to None, run_after=None
[2026-08-08T17:44:45.445+0000] {logging_mixin.py:190} INFO - [2026-08-08T17:44:45.445+0000] {dag.py:4138} INFO - Setting next_dagrun for example_external_task_marker_parent to None, run_after=None
[2026-08-08T17:44:45.463+0000] {processor.py:208} INFO - Processing /home/airflow/.local/lib/python3.12/site-packages/airflow/example_dags/example_external_task_marker_dag.py took 0.080 seconds
[2026-08-08T17:45:15.637+0000] {processor.py:186} INFO - Started process (PID=436) to work on /home/airflow/.local/lib/python3.12/site-packages/airflow/example_dags/example_external_task_marker_dag.py
[2026-08-08T17:45:15.638+0000] {processor.py:914} INFO - Processing file /home/airflow/.local/lib/python3.12/site-packages/airflow/example_dags/example_external_task_marker_dag.py for tasks to queue
[2026-08-08T17:45:15.641+0000] {logging_mixin.py:190} INFO - [2026-08-08T17:45:15.640+0000] {dagbag.py:587} INFO - Filling up the DagBag from /home/airflow/.local/lib/python3.12/site-packages/airflow/example_dags/example_external_task_marker_dag.py
[2026-08-08T17:45:15.649+0000] {processor.py:925} INFO - DAG(s) 'example_external_task_marker_parent', 'example_external_task_marker_child' retrieved from /home/airflow/.local/lib/python3.12/site-packages/airflow/example_dags/example_external_task_marker_dag.py
[2026-08-08T17:45:15.672+0000] {logging_mixin.py:190} INFO - [2026-08-08T17:45:15.672+0000] {dag.py:3211} INFO - Sync 2 DAGs
[2026-08-08T17:45:15.685+0000] {logging_mixin.py:190} INFO - [2026-08-08T17:45:15.685+0000] {dag.py:4138} INFO - Setting next_dagrun for example_external_task_marker_child to None, run_after=None
[2026-08-08T17:45:15.690+0000] {logging_mixin.py:190} INFO - [2026-08-08T17:45:15.690+0000] {dag.py:4138} INFO - Setting next_dagrun for example_external_task_marker_parent to None, run_after=None
[2026-08-08T17:45:15.708+0000] {processor.py:208} INFO - Processing /home/airflow/.local/lib/python3.12/site-packages/airflow/example_dags/example_external_task_marker_dag.py took 0.078 seconds
[2026-08-08T17:45:45.947+0000] {processor.py:186} INFO - Started process (PID=499) to work on /home/airflow/.local/lib/python3.12/site-packages/airflow/example_dags/example_external_task_marker_dag.py
[2026-08-08T17:45:45.949+0000] {processor.py:914} INFO - Processing file /home/airflow/.local/lib/python3.12/site-packages/airflow/example_dags/example_external_task_marker_dag.py for tasks to queue
[2026-08-08T17:45:45.951+0000] {logging_mixin.py:190} INFO - [2026-08-08T17:45:45.951+0000] {dagbag.py:587} INFO - Filling up the DagBag from /home/airflow/.local/lib/python3.12/site-packages/airflow/example_dags/example_external_task_marker_dag.py
[2026-08-08T17:45:45.960+0000] {processor.py:925} INFO - DAG(s) 'example_external_task_marker_child', 'example_external_task_marker_parent' retrieved from /home/airflow/.local/lib/python3.12/site-packages/airflow/example_dags/example_external_task_marker_dag.py
[2026-08-08T17:45:45.983+0000] {logging_mixin.py:190} INFO - [2026-08-08T17:45:45.983+0000] {dag.py:3211} INFO - Sync 2 DAGs
[2026-08-08T17:45:45.995+0000] {logging_mixin.py:190} INFO - [2026-08-08T17:45:45.994+0000] {dag.py:4138} INFO - Setting next_dagrun for example_external_task_marker_child to None, run_after=None
[2026-08-08T17:45:45.999+0000] {logging_mixin.py:190} INFO - [2026-08-08T17:45:45.999+0000] {dag.py:4138} INFO - Setting next_dagrun for example_external_task_marker_parent to None, run_after=None
[2026-08-08T17:45:46.014+0000] {processor.py:208} INFO - Processing /home/airflow/.local/lib/python3.12/site-packages/airflow/example_dags/example_external_task_marker_dag.py took 0.074 seconds
[2026-08-08T17:47:16.611+0000] {processor.py:186} INFO - Started process (PID=122) to work on /home/airflow/.local/lib/python3.12/site-packages/airflow/example_dags/example_external_task_marker_dag.py
[2026-08-08T17:47:16.613+0000] {processor.py:914} INFO - Processing file /home/airflow/.local/lib/python3.12/site-packages/airflow/example_dags/example_external_task_marker_dag.py for tasks to queue
[2026-08-08T17:47:16.618+0000] {logging_mixin.py:190} INFO - [2026-08-08T17:47:16.618+0000] {dagbag.py:587} INFO - Filling up the DagBag from /home/airflow/.local/lib/python3.12/site-packages/airflow/example_dags/example_external_task_marker_dag.py
[2026-08-08T17:47:16.629+0000] {processor.py:925} INFO - DAG(s) 'example_external_task_marker_parent', 'example_external_task_marker_child' retrieved from /home/airflow/.local/lib/python3.12/site-packages/airflow/example_dags/example_external_task_marker_dag.py
[2026-08-08T17:47:16.665+0000] {logging_mixin.py:190} INFO - [2026-08-08T17:47:16.665+0000] {dag.py:3211} INFO - Sync 2 DAGs
[2026-08-08T17:47:16.687+0000] {logging_mixin.py:190} INFO - [2026-08-08T17:47:16.686+0000] {dag.py:4138} INFO - Setting next_dagrun for example_external_task_marker_child to None, run_after=None
[2026-08-08T17:47:16.692+0000] {logging_mixin.py:190} INFO - [2026-08-08T17:47:16.692+0000] {dag.py:4138} INFO - Setting next_dagrun for example_external_task_marker_parent to None, run_after=None
[2026-08-08T17:47:16.717+0000] {processor.py:208} INFO - Processing /home/airflow/.local/lib/python3.12/site-packages/airflow/example_dags/example_external_task_marker_dag.py took 0.114 seconds
[2026-08-08T17:47:47.178+0000] {processor.py:186} INFO - Started process (PID=185) to work on /home/airflow/.local/lib/python3.12/site-packages/airflow/example_dags/example_external_task_marker_dag.py
[2026-08-08T17:47:47.179+0000] {processor.py:914} INFO - Processing file /home/airflow/.local/lib/python3.12/site-packages/airflow/example_dags/example_external_task_marker_dag.py for tasks to queue
[2026-08-08T17:47:47.184+0000] {logging_mixin.py:190} INFO - [2026-08-08T17:47:47.183+0000] {dagbag.py:587} INFO - Filling up the DagBag from /home/airflow/.local/lib/python3.12/site-packages/airflow/example_dags/example_external_task_marker_dag.py
[2026-08-08T17:47:47.192+0000] {processor.py:925} INFO - DAG(s) 'example_external_task_marker_parent', 'example_external_task_marker_child' retrieved from /home/airflow/.local/lib/python3.12/site-packages/airflow/example_dags/example_external_task_marker_dag.py
[2026-08-08T17:47:47.215+0000] {logging_mixin.py:190} INFO - [2026-08-08T17:47:47.215+0000] {dag.py:3211} INFO - Sync 2 DAGs
[2026-08-08T17:47:47.229+0000] {logging_mixin.py:190} INFO - [2026-08-08T17:47:47.228+0000] {dag.py:4138} INFO - Setting next_dagrun for example_external_task_marker_child to None, run_after=None
[2026-08-08T17:47:47.234+0000] {logging_mixin.py:190} INFO - [2026-08-08T17:47:47.234+0000] {dag.py:4138} INFO - Setting next_dagrun for example_external_task_marker_parent to None, run_after=None
[2026-08-08T17:47:47.261+0000] {processor.py:208} INFO - Processing /home/airflow/.local/lib/python3.12/site-packages/airflow/example_dags/example_external_task_marker_dag.py took 0.088 seconds
[2026-08-08T17:48:18.292+0000] {processor.py:186} INFO - Started process (PID=254) to work on /home/airflow/.local/lib/python3.12/site-packages/airflow/example_dags/example_external_task_marker_dag.py
[2026-08-08T17:48:18.293+0000] {processor.py:914} INFO - Processing file /home/airflow/.local/lib/python3.12/site-packages/airflow/example_dags/example_external_task_marker_dag.py for tasks to queue
[2026-08-08T17:48:18.300+0000] {logging_mixin.py:190} INFO - [2026-08-08T17:48:18.300+0000] {dagbag.py:587} INFO - Filling up the DagBag from /home/airflow/.local/lib/python3.12/site-packages/airflow/example_dags/example_external_task_marker_dag.py
[2026-08-08T17:48:18.312+0000] {processor.py:925} INFO - DAG(s) 'example_external_task_marker_parent', 'example_external_task_marker_child' retrieved from /home/airflow/.local/lib/python3.12/site-packages/airflow/example_dags/example_external_task_marker_dag.py
[2026-08-08T17:48:18.342+0000] {logging_mixin.py:190} INFO - [2026-08-08T17:48:18.342+0000] {dag.py:3211} INFO - Sync 2 DAGs
[2026-08-08T17:48:18.356+0000] {logging_mixin.py:190} INFO - [2026-08-08T17:48:18.356+0000] {dag.py:4138} INFO - Setting next_dagrun for example_external_task_marker_child to None, run_after=None
[2026-08-08T17:48:18.360+0000] {logging_mixin.py:190} INFO - [2026-08-08T17:48:18.360+0000] {dag.py:4138} INFO - Setting next_dagrun for example_external_task_marker_parent to None, run_after=None
[2026-08-08T17:48:18.378+0000] {processor.py:208} INFO - Processing /home/airflow/.local/lib/python3.12/site-packages/airflow/example_dags/example_external_task_marker_dag.py took 0.093 seconds
[2026-08-08T17:48:49.063+0000] {processor.py:186} INFO - Started process (PID=317) to work on /home/airflow/.local/lib/python3.12/site-packages/airflow/example_dags/example_external_task_marker_dag.py
[2026-08-08T17:48:49.065+0000] {processor.py:914} INFO - Processing file /home/airflow/.local/lib/python3.12/site-packages/airflow/example_dags/example_external_task_marker_dag.py for tasks to queue
[2026-08-08T17:48:49.068+0000] {logging_mixin.py:190} INFO - [2026-08-08T17:48:49.067+0000] {dagbag.py:587} INFO - Filling up the DagBag from /home/airflow/.local/lib/python3.12/site-packages/airflow/example_dags/example_external_task_marker_dag.py
[2026-08-08T17:48:49.077+0000] {processor.py:925} INFO - DAG(s) 'example_external_task_marker_parent', 'example_external_task_marker_child' retrieved from /home/airflow/.local/lib/python3.12/site-packages/airflow/example_dags/example_external_task_marker_dag.py
[2026-08-08T17:48:49.112+0000] {logging_mixin.py:190} INFO - [2026-08-08T17:48:49.112+0000] {dag.py:3211} INFO - Sync 2 DAGs
[2026-08-08T17:48:49.136+0000] {logging_mixin.py:190} INFO - [2026-08-08T17:48:49.135+0000] {dag.py:4138} INFO - Setting next_dagrun for example_external_task_marker_child to None, run_after=None
[2026-08-08T17:48:49.142+0000] {logging_mixin.py:190} INFO - [2026-08-08T17:48:49.142+0000] {dag.py:4138} INFO - Setting next_dagrun for example_external_task_marker_parent to None, run_after=None
[2026-08-08T17:48:49.183+0000] {processor.py:208} INFO - Processing /home/airflow/.local/lib/python3.12/site-packages/airflow/example_dags/example_external_task_marker_dag.py took 0.127 seconds
[2026-08-08T17:52:40.694+0000] {processor.py:186} INFO - Started process (PID=121) to work on /home/airflow/.local/lib/python3.12/site-packages/airflow/example_dags/example_external_task_marker_dag.py
[2026-08-08T17:52:40.698+0000] {processor.py:914} INFO - Processing file /home/airflow/.local/lib/python3.12/site-packages/airflow/example_dags/example_external_task_marker_dag.py for tasks to queue
[2026-08-08T17:52:40.707+0000] {logging_mixin.py:190} INFO - [2026-08-08T17:52:40.707+0000] {dagbag.py:587} INFO - Filling up the DagBag from /home/airflow/.local/lib/python3.12/site-packages/airflow/example_dags/example_external_task_marker_dag.py
[2026-08-08T17:52:40.737+0000] {processor.py:925} INFO - DAG(s) 'example_external_task_marker_child', 'example_external_task_marker_parent' retrieved from /home/airflow/.local/lib/python3.12/site-packages/airflow/example_dags/example_external_task_marker_dag.py
[2026-08-08T17:52:40.797+0000] {logging_mixin.py:190} INFO - [2026-08-08T17:52:40.797+0000] {dag.py:3211} INFO - Sync 2 DAGs
[2026-08-08T17:52:40.830+0000] {logging_mixin.py:190} INFO - [2026-08-08T17:52:40.829+0000] {dag.py:4138} INFO - Setting next_dagrun for example_external_task_marker_child to None, run_after=None
[2026-08-08T17:52:40.840+0000] {logging_mixin.py:190} INFO - [2026-08-08T17:52:40.840+0000] {dag.py:4138} INFO - Setting next_dagrun for example_external_task_marker_parent to None, run_after=None
[2026-08-08T17:52:40.883+0000] {processor.py:208} INFO - Processing /home/airflow/.local/lib/python3.12/site-packages/airflow/example_dags/example_external_task_marker_dag.py took 0.202 seconds
[2026-08-08T17:53:11.118+0000] {processor.py:186} INFO - Started process (PID=184) to work on /home/airflow/.local/lib/python3.12/site-packages/airflow/example_dags/example_external_task_marker_dag.py
[2026-08-08T17:53:11.120+0000] {processor.py:914} INFO - Processing file /home/airflow/.local/lib/python3.12/site-packages/airflow/example_dags/example_external_task_marker_dag.py for tasks to queue
[2026-08-08T17:53:11.123+0000] {logging_mixin.py:190} INFO - [2026-08-08T17:53:11.123+0000] {dagbag.py:587} INFO - Filling up the DagBag from /home/airflow/.local/lib/python3.12/site-packages/airflow/example_dags/example_external_task_marker_dag.py
[2026-08-08T17:53:11.134+0000] {processor.py:925} INFO - DAG(s) 'example_external_task_marker_child', 'example_external_task_marker_parent' retrieved from /home/airflow/.local/lib/python3.12/site-packages/airflow/example_dags/example_external_task_marker_dag.py
[2026-08-08T17:53:11.162+0000] {logging_mixin.py:190} INFO - [2026-08-08T17:53:11.162+0000] {dag.py:3211} INFO - Sync 2 DAGs
[2026-08-08T17:53:11.176+0000] {logging_mixin.py:190} INFO - [2026-08-08T17:53:11.176+0000] {dag.py:4138} INFO - Setting next_dagrun for example_external_task_marker_child to None, run_after=None
[2026-08-08T17:53:11.182+0000] {logging_mixin.py:190} INFO - [2026-08-08T17:53:11.182+0000] {dag.py:4138} INFO - Setting next_dagrun for example_external_task_marker_parent to None, run_after=None
[2026-08-08T17:53:11.205+0000] {processor.py:208} INFO - Processing /home/airflow/.local/lib/python3.12/site-packages/airflow/example_dags/example_external_task_marker_dag.py took 0.093 seconds
[2026-08-08T17:53:41.724+0000] {processor.py:186} INFO - Started process (PID=247) to work on /home/airflow/.local/lib/python3.12/site-packages/airflow/example_dags/example_external_task_marker_dag.py
[2026-08-08T17:53:41.725+0000] {processor.py:914} INFO - Processing file /home/airflow/.local/lib/python3.12/site-packages/airflow/example_dags/example_external_task_marker_dag.py for tasks to queue
[2026-08-08T17:53:41.728+0000] {logging_mixin.py:190} INFO - [2026-08-08T17:53:41.727+0000] {dagbag.py:587} INFO - Filling up the DagBag from /home/airflow/.local/lib/python3.12/site-packages/airflow/example_dags/example_external_task_marker_dag.py
[2026-08-08T17:53:41.734+0000] {processor.py:925} INFO - DAG(s) 'example_external_task_marker_child', 'example_external_task_marker_parent' retrieved from /home/airflow/.local/lib/python3.12/site-packages/airflow/example_dags/example_external_task_marker_dag.py
[2026-08-08T17:53:41.755+0000] {logging_mixin.py:190} INFO - [2026-08-08T17:53:41.755+0000] {dag.py:3211} INFO - Sync 2 DAGs
[2026-08-08T17:53:41.766+0000] {logging_mixin.py:190} INFO - [2026-08-08T17:53:41.766+0000] {dag.py:4138} INFO - Setting next_dagrun for example_external_task_marker_child to None, run_after=None
[2026-08-08T17:53:41.769+0000] {logging_mixin.py:190} INFO - [2026-08-08T17:53:41.769+0000] {dag.py:4138} INFO - Setting next_dagrun for example_external_task_marker_parent to None, run_after=None
[2026-08-08T17:53:41.787+0000] {processor.py:208} INFO - Processing /home/airflow/.local/lib/python3.12/site-packages/airflow/example_dags/example_external_task_marker_dag.py took 0.069 seconds
[2026-08-08T17:54:12.303+0000] {processor.py:186} INFO - Started process (PID=310) to work on /home/airflow/.local/lib/python3.12/site-packages/airflow/example_dags/example_external_task_marker_dag.py
[2026-08-08T17:54:12.304+0000] {processor.py:914} INFO - Processing file /home/airflow/.local/lib/python3.12/site-packages/airflow/example_dags/example_external_task_marker_dag.py for tasks to queue
[2026-08-08T17:54:12.307+0000] {logging_mixin.py:190} INFO - [2026-08-08T17:54:12.307+0000] {dagbag.py:587} INFO - Filling up the DagBag from /home/airflow/.local/lib/python3.12/site-packages/airflow/example_dags/example_external_task_marker_dag.py
[2026-08-08T17:54:12.314+0000] {processor.py:925} INFO - DAG(s) 'example_external_task_marker_parent', 'example_external_task_marker_child' retrieved from /home/airflow/.local/lib/python3.12/site-packages/airflow/example_dags/example_external_task_marker_dag.py
[2026-08-08T17:54:12.341+0000] {logging_mixin.py:190} INFO - [2026-08-08T17:54:12.340+0000] {dag.py:3211} INFO - Sync 2 DAGs
[2026-08-08T17:54:12.352+0000] {logging_mixin.py:190} INFO - [2026-08-08T17:54:12.352+0000] {dag.py:4138} INFO - Setting next_dagrun for example_external_task_marker_child to None, run_after=None
[2026-08-08T17:54:12.355+0000] {logging_mixin.py:190} INFO - [2026-08-08T17:54:12.355+0000] {dag.py:4138} INFO - Setting next_dagrun for example_external_task_marker_parent to None, run_after=None
[2026-08-08T17:54:12.378+0000] {processor.py:208} INFO - Processing /home/airflow/.local/lib/python3.12/site-packages/airflow/example_dags/example_external_task_marker_dag.py took 0.080 seconds
[2026-08-08T17:54:42.467+0000] {processor.py:186} INFO - Started process (PID=373) to work on /home/airflow/.local/lib/python3.12/site-packages/airflow/example_dags/example_external_task_marker_dag.py
[2026-08-08T17:54:42.473+0000] {processor.py:914} INFO - Processing file /home/airflow/.local/lib/python3.12/site-packages/airflow/example_dags/example_external_task_marker_dag.py for tasks to queue
[2026-08-08T17:54:42.476+0000] {logging_mixin.py:190} INFO - [2026-08-08T17:54:42.476+0000] {dagbag.py:587} INFO - Filling up the DagBag from /home/airflow/.local/lib/python3.12/site-packages/airflow/example_dags/example_external_task_marker_dag.py
[2026-08-08T17:54:42.484+0000] {processor.py:925} INFO - DAG(s) 'example_external_task_marker_parent', 'example_external_task_marker_child' retrieved from /home/airflow/.local/lib/python3.12/site-packages/airflow/example_dags/example_external_task_marker_dag.py
[2026-08-08T17:54:42.507+0000] {logging_mixin.py:190} INFO - [2026-08-08T17:54:42.506+0000] {dag.py:3211} INFO - Sync 2 DAGs
[2026-08-08T17:54:42.517+0000] {logging_mixin.py:190} INFO - [2026-08-08T17:54:42.517+0000] {dag.py:4138} INFO - Setting next_dagrun for example_external_task_marker_child to None, run_after=None
[2026-08-08T17:54:42.521+0000] {logging_mixin.py:190} INFO - [2026-08-08T17:54:42.520+0000] {dag.py:4138} INFO - Setting next_dagrun for example_external_task_marker_parent to None, run_after=None
[2026-08-08T17:54:42.540+0000] {processor.py:208} INFO - Processing /home/airflow/.local/lib/python3.12/site-packages/airflow/example_dags/example_external_task_marker_dag.py took 0.078 seconds
[2026-08-08T17:55:13.563+0000] {processor.py:186} INFO - Started process (PID=436) to work on /home/airflow/.local/lib/python3.12/site-packages/airflow/example_dags/example_external_task_marker_dag.py
[2026-08-08T17:55:13.565+0000] {processor.py:914} INFO - Processing file /home/airflow/.local/lib/python3.12/site-packages/airflow/example_dags/example_external_task_marker_dag.py for tasks to queue
[2026-08-08T17:55:13.568+0000] {logging_mixin.py:190} INFO - [2026-08-08T17:55:13.568+0000] {dagbag.py:587} INFO - Filling up the DagBag from /home/airflow/.local/lib/python3.12/site-packages/airflow/example_dags/example_external_task_marker_dag.py
[2026-08-08T17:55:13.580+0000] {processor.py:925} INFO - DAG(s) 'example_external_task_marker_child', 'example_external_task_marker_parent' retrieved from /home/airflow/.local/lib/python3.12/site-packages/airflow/example_dags/example_external_task_marker_dag.py
[2026-08-08T17:55:13.622+0000] {logging_mixin.py:190} INFO - [2026-08-08T17:55:13.621+0000] {dag.py:3211} INFO - Sync 2 DAGs
[2026-08-08T17:55:13.638+0000] {logging_mixin.py:190} INFO - [2026-08-08T17:55:13.638+0000] {dag.py:4138} INFO - Setting next_dagrun for example_external_task_marker_child to None, run_after=None
[2026-08-08T17:55:13.643+0000] {logging_mixin.py:190} INFO - [2026-08-08T17:55:13.643+0000] {dag.py:4138} INFO - Setting next_dagrun for example_external_task_marker_parent to None, run_after=None
[2026-08-08T17:55:13.667+0000] {processor.py:208} INFO - Processing /home/airflow/.local/lib/python3.12/site-packages/airflow/example_dags/example_external_task_marker_dag.py took 0.112 seconds
[2026-08-08T17:55:44.093+0000] {processor.py:186} INFO - Started process (PID=499) to work on /home/airflow/.local/lib/python3.12/site-packages/airflow/example_dags/example_external_task_marker_dag.py
[2026-08-08T17:55:44.095+0000] {processor.py:914} INFO - Processing file /home/airflow/.local/lib/python3.12/site-packages/airflow/example_dags/example_external_task_marker_dag.py for tasks to queue
[2026-08-08T17:55:44.098+0000] {logging_mixin.py:190} INFO - [2026-08-08T17:55:44.098+0000] {dagbag.py:587} INFO - Filling up the DagBag from /home/airflow/.local/lib/python3.12/site-packages/airflow/example_dags/example_external_task_marker_dag.py
[2026-08-08T17:55:44.107+0000] {processor.py:925} INFO - DAG(s) 'example_external_task_marker_parent', 'example_external_task_marker_child' retrieved from /home/airflow/.local/lib/python3.12/site-packages/airflow/example_dags/example_external_task_marker_dag.py
[2026-08-08T17:55:44.130+0000] {logging_mixin.py:190} INFO - [2026-08-08T17:55:44.130+0000] {dag.py:3211} INFO - Sync 2 DAGs
[2026-08-08T17:55:44.142+0000] {logging_mixin.py:190} INFO - [2026-08-08T17:55:44.142+0000] {dag.py:4138} INFO - Setting next_dagrun for example_external_task_marker_child to None, run_after=None
[2026-08-08T17:55:44.145+0000] {logging_mixin.py:190} INFO - [2026-08-08T17:55:44.145+0000] {dag.py:4138} INFO - Setting next_dagrun for example_external_task_marker_parent to None, run_after=None
[2026-08-08T17:55:44.165+0000] {processor.py:208} INFO - Processing /home/airflow/.local/lib/python3.12/site-packages/airflow/example_dags/example_external_task_marker_dag.py took 0.077 seconds
[2026-08-08T17:56:14.680+0000] {processor.py:186} INFO - Started process (PID=562) to work on /home/airflow/.local/lib/python3.12/site-packages/airflow/example_dags/example_external_task_marker_dag.py
[2026-08-08T17:56:14.681+0000] {processor.py:914} INFO - Processing file /home/airflow/.local/lib/python3.12/site-packages/airflow/example_dags/example_external_task_marker_dag.py for tasks to queue
[2026-08-08T17:56:14.684+0000] {logging_mixin.py:190} INFO - [2026-08-08T17:56:14.684+0000] {dagbag.py:587} INFO - Filling up the DagBag from /home/airflow/.local/lib/python3.12/site-packages/airflow/example_dags/example_external_task_marker_dag.py
[2026-08-08T17:56:14.692+0000] {processor.py:925} INFO - DAG(s) 'example_external_task_marker_parent', 'example_external_task_marker_child' retrieved from /home/airflow/.local/lib/python3.12/site-packages/airflow/example_dags/example_external_task_marker_dag.py
[2026-08-08T17:56:14.714+0000] {logging_mixin.py:190} INFO - [2026-08-08T17:56:14.714+0000] {dag.py:3211} INFO - Sync 2 DAGs
[2026-08-08T17:56:14.727+0000] {logging_mixin.py:190} INFO - [2026-08-08T17:56:14.727+0000] {dag.py:4138} INFO - Setting next_dagrun for example_external_task_marker_child to None, run_after=None
[2026-08-08T17:56:14.731+0000] {logging_mixin.py:190} INFO - [2026-08-08T17:56:14.731+0000] {dag.py:4138} INFO - Setting next_dagrun for example_external_task_marker_parent to None, run_after=None
[2026-08-08T17:56:14.748+0000] {processor.py:208} INFO - Processing /home/airflow/.local/lib/python3.12/site-packages/airflow/example_dags/example_external_task_marker_dag.py took 0.075 seconds
[2026-08-08T17:56:45.178+0000] {processor.py:186} INFO - Started process (PID=625) to work on /home/airflow/.local/lib/python3.12/site-packages/airflow/example_dags/example_external_task_marker_dag.py
[2026-08-08T17:56:45.179+0000] {processor.py:914} INFO - Processing file /home/airflow/.local/lib/python3.12/site-packages/airflow/example_dags/example_external_task_marker_dag.py for tasks to queue
[2026-08-08T17:56:45.182+0000] {logging_mixin.py:190} INFO - [2026-08-08T17:56:45.181+0000] {dagbag.py:587} INFO - Filling up the DagBag from /home/airflow/.local/lib/python3.12/site-packages/airflow/example_dags/example_external_task_marker_dag.py
[2026-08-08T17:56:45.190+0000] {processor.py:925} INFO - DAG(s) 'example_external_task_marker_parent', 'example_external_task_marker_child' retrieved from /home/airflow/.local/lib/python3.12/site-packages/airflow/example_dags/example_external_task_marker_dag.py
[2026-08-08T17:56:45.215+0000] {logging_mixin.py:190} INFO - [2026-08-08T17:56:45.214+0000] {dag.py:3211} INFO - Sync 2 DAGs
[2026-08-08T17:56:45.226+0000] {logging_mixin.py:190} INFO - [2026-08-08T17:56:45.226+0000] {dag.py:4138} INFO - Setting next_dagrun for example_external_task_marker_child to None, run_after=None
[2026-08-08T17:56:45.230+0000] {logging_mixin.py:190} INFO - [2026-08-08T17:56:45.230+0000] {dag.py:4138} INFO - Setting next_dagrun for example_external_task_marker_parent to None, run_after=None
[2026-08-08T17:56:45.248+0000] {processor.py:208} INFO - Processing /home/airflow/.local/lib/python3.12/site-packages/airflow/example_dags/example_external_task_marker_dag.py took 0.074 seconds
[2026-08-08T17:57:15.920+0000] {processor.py:186} INFO - Started process (PID=688) to work on /home/airflow/.local/lib/python3.12/site-packages/airflow/example_dags/example_external_task_marker_dag.py
[2026-08-08T17:57:15.922+0000] {processor.py:914} INFO - Processing file /home/airflow/.local/lib/python3.12/site-packages/airflow/example_dags/example_external_task_marker_dag.py for tasks to queue
[2026-08-08T17:57:15.926+0000] {logging_mixin.py:190} INFO - [2026-08-08T17:57:15.925+0000] {dagbag.py:587} INFO - Filling up the DagBag from /home/airflow/.local/lib/python3.12/site-packages/airflow/example_dags/example_external_task_marker_dag.py
[2026-08-08T17:57:15.938+0000] {processor.py:925} INFO - DAG(s) 'example_external_task_marker_parent', 'example_external_task_marker_child' retrieved from /home/airflow/.local/lib/python3.12/site-packages/airflow/example_dags/example_external_task_marker_dag.py
[2026-08-08T17:57:15.971+0000] {logging_mixin.py:190} INFO - [2026-08-08T17:57:15.971+0000] {dag.py:3211} INFO - Sync 2 DAGs
[2026-08-08T17:57:15.992+0000] {logging_mixin.py:190} INFO - [2026-08-08T17:57:15.992+0000] {dag.py:4138} INFO - Setting next_dagrun for example_external_task_marker_child to None, run_after=None
[2026-08-08T17:57:15.999+0000] {logging_mixin.py:190} INFO - [2026-08-08T17:57:15.998+0000] {dag.py:4138} INFO - Setting next_dagrun for example_external_task_marker_parent to None, run_after=None
[2026-08-08T17:57:16.021+0000] {processor.py:208} INFO - Processing /home/airflow/.local/lib/python3.12/site-packages/airflow/example_dags/example_external_task_marker_dag.py took 0.111 seconds
[2026-08-08T18:08:22.401+0000] {processor.py:186} INFO - Started process (PID=751) to work on /home/airflow/.local/lib/python3.12/site-packages/airflow/example_dags/example_external_task_marker_dag.py
[2026-08-08T18:08:22.403+0000] {processor.py:914} INFO - Processing file /home/airflow/.local/lib/python3.12/site-packages/airflow/example_dags/example_external_task_marker_dag.py for tasks to queue
[2026-08-08T18:08:22.409+0000] {logging_mixin.py:190} INFO - [2026-08-08T18:08:22.408+0000] {dagbag.py:587} INFO - Filling up the DagBag from /home/airflow/.local/lib/python3.12/site-packages/airflow/example_dags/example_external_task_marker_dag.py
[2026-08-08T18:08:22.422+0000] {processor.py:925} INFO - DAG(s) 'example_external_task_marker_parent', 'example_external_task_marker_child' retrieved from /home/airflow/.local/lib/python3.12/site-packages/airflow/example_dags/example_external_task_marker_dag.py
[2026-08-08T18:08:22.462+0000] {logging_mixin.py:190} INFO - [2026-08-08T18:08:22.462+0000] {dag.py:3211} INFO - Sync 2 DAGs
[2026-08-08T18:08:22.486+0000] {logging_mixin.py:190} INFO - [2026-08-08T18:08:22.486+0000] {dag.py:4138} INFO - Setting next_dagrun for example_external_task_marker_child to None, run_after=None
[2026-08-08T18:08:22.493+0000] {logging_mixin.py:190} INFO - [2026-08-08T18:08:22.493+0000] {dag.py:4138} INFO - Setting next_dagrun for example_external_task_marker_parent to None, run_after=None
[2026-08-08T18:08:22.522+0000] {processor.py:208} INFO - Processing /home/airflow/.local/lib/python3.12/site-packages/airflow/example_dags/example_external_task_marker_dag.py took 0.132 seconds
[2026-08-08T18:08:53.016+0000] {processor.py:186} INFO - Started process (PID=814) to work on /home/airflow/.local/lib/python3.12/site-packages/airflow/example_dags/example_external_task_marker_dag.py
[2026-08-08T18:08:53.018+0000] {processor.py:914} INFO - Processing file /home/airflow/.local/lib/python3.12/site-packages/airflow/example_dags/example_external_task_marker_dag.py for tasks to queue
[2026-08-08T18:08:53.023+0000] {logging_mixin.py:190} INFO - [2026-08-08T18:08:53.022+0000] {dagbag.py:587} INFO - Filling up the DagBag from /home/airflow/.local/lib/python3.12/site-packages/airflow/example_dags/example_external_task_marker_dag.py
[2026-08-08T18:08:53.039+0000] {processor.py:925} INFO - DAG(s) 'example_external_task_marker_child', 'example_external_task_marker_parent' retrieved from /home/airflow/.local/lib/python3.12/site-packages/airflow/example_dags/example_external_task_marker_dag.py
[2026-08-08T18:08:53.083+0000] {logging_mixin.py:190} INFO - [2026-08-08T18:08:53.082+0000] {dag.py:3211} INFO - Sync 2 DAGs
[2026-08-08T18:08:53.107+0000] {logging_mixin.py:190} INFO - [2026-08-08T18:08:53.107+0000] {dag.py:4138} INFO - Setting next_dagrun for example_external_task_marker_child to None, run_after=None
[2026-08-08T18:08:53.113+0000] {logging_mixin.py:190} INFO - [2026-08-08T18:08:53.113+0000] {dag.py:4138} INFO - Setting next_dagrun for example_external_task_marker_parent to None, run_after=None
[2026-08-08T18:08:53.141+0000] {processor.py:208} INFO - Processing /home/airflow/.local/lib/python3.12/site-packages/airflow/example_dags/example_external_task_marker_dag.py took 0.136 seconds
[2026-08-08T18:09:23.413+0000] {processor.py:186} INFO - Started process (PID=877) to work on /home/airflow/.local/lib/python3.12/site-packages/airflow/example_dags/example_external_task_marker_dag.py
[2026-08-08T18:09:23.414+0000] {processor.py:914} INFO - Processing file /home/airflow/.local/lib/python3.12/site-packages/airflow/example_dags/example_external_task_marker_dag.py for tasks to queue
[2026-08-08T18:09:23.419+0000] {logging_mixin.py:190} INFO - [2026-08-08T18:09:23.417+0000] {dagbag.py:587} INFO - Filling up the DagBag from /home/airflow/.local/lib/python3.12/site-packages/airflow/example_dags/example_external_task_marker_dag.py
[2026-08-08T18:09:23.434+0000] {processor.py:925} INFO - DAG(s) 'example_external_task_marker_parent', 'example_external_task_marker_child' retrieved from /home/airflow/.local/lib/python3.12/site-packages/airflow/example_dags/example_external_task_marker_dag.py
[2026-08-08T18:09:23.473+0000] {logging_mixin.py:190} INFO - [2026-08-08T18:09:23.472+0000] {dag.py:3211} INFO - Sync 2 DAGs
[2026-08-08T18:09:23.496+0000] {logging_mixin.py:190} INFO - [2026-08-08T18:09:23.496+0000] {dag.py:4138} INFO - Setting next_dagrun for example_external_task_marker_child to None, run_after=None
[2026-08-08T18:09:23.504+0000] {logging_mixin.py:190} INFO - [2026-08-08T18:09:23.503+0000] {dag.py:4138} INFO - Setting next_dagrun for example_external_task_marker_parent to None, run_after=None
[2026-08-08T18:09:23.534+0000] {processor.py:208} INFO - Processing /home/airflow/.local/lib/python3.12/site-packages/airflow/example_dags/example_external_task_marker_dag.py took 0.130 seconds
[2026-08-08T18:09:53.657+0000] {processor.py:186} INFO - Started process (PID=940) to work on /home/airflow/.local/lib/python3.12/site-packages/airflow/example_dags/example_external_task_marker_dag.py
[2026-08-08T18:09:53.659+0000] {processor.py:914} INFO - Processing file /home/airflow/.local/lib/python3.12/site-packages/airflow/example_dags/example_external_task_marker_dag.py for tasks to queue
[2026-08-08T18:09:53.663+0000] {logging_mixin.py:190} INFO - [2026-08-08T18:09:53.662+0000] {dagbag.py:587} INFO - Filling up the DagBag from /home/airflow/.local/lib/python3.12/site-packages/airflow/example_dags/example_external_task_marker_dag.py
[2026-08-08T18:09:53.674+0000] {processor.py:925} INFO - DAG(s) 'example_external_task_marker_child', 'example_external_task_marker_parent' retrieved from /home/airflow/.local/lib/python3.12/site-packages/airflow/example_dags/example_external_task_marker_dag.py
[2026-08-08T18:09:53.704+0000] {logging_mixin.py:190} INFO - [2026-08-08T18:09:53.703+0000] {dag.py:3211} INFO - Sync 2 DAGs
[2026-08-08T18:09:53.723+0000] {logging_mixin.py:190} INFO - [2026-08-08T18:09:53.723+0000] {dag.py:4138} INFO - Setting next_dagrun for example_external_task_marker_child to None, run_after=None
[2026-08-08T18:09:53.728+0000] {logging_mixin.py:190} INFO - [2026-08-08T18:09:53.728+0000] {dag.py:4138} INFO - Setting next_dagrun for example_external_task_marker_parent to None, run_after=None
[2026-08-08T18:09:53.752+0000] {processor.py:208} INFO - Processing /home/airflow/.local/lib/python3.12/site-packages/airflow/example_dags/example_external_task_marker_dag.py took 0.102 seconds
[2026-08-08T18:10:24.725+0000] {processor.py:186} INFO - Started process (PID=1003) to work on /home/airflow/.local/lib/python3.12/site-packages/airflow/example_dags/example_external_task_marker_dag.py
[2026-08-08T18:10:24.727+0000] {processor.py:914} INFO - Processing file /home/airflow/.local/lib/python3.12/site-packages/airflow/example_dags/example_external_task_marker_dag.py for tasks to queue
[2026-08-08T18:10:24.729+0000] {logging_mixin.py:190} INFO - [2026-08-08T18:10:24.729+0000] {dagbag.py:587} INFO - Filling up the DagBag from /home/airflow/.local/lib/python3.12/site-packages/airflow/example_dags/example_external_task_marker_dag.py
[2026-08-08T18:10:24.738+0000] {processor.py:925} INFO - DAG(s) 'example_external_task_marker_child', 'example_external_task_marker_parent' retrieved from /home/airflow/.local/lib/python3.12/site-packages/airflow/example_dags/example_external_task_marker_dag.py
[2026-08-08T18:10:24.763+0000] {logging_mixin.py:190} INFO - [2026-08-08T18:10:24.763+0000] {dag.py:3211} INFO - Sync 2 DAGs
[2026-08-08T18:10:24.779+0000] {logging_mixin.py:190} INFO - [2026-08-08T18:10:24.778+0000] {dag.py:4138} INFO - Setting next_dagrun for example_external_task_marker_child to None, run_after=None
[2026-08-08T18:10:24.784+0000] {logging_mixin.py:190} INFO - [2026-08-08T18:10:24.784+0000] {dag.py:4138} INFO - Setting next_dagrun for example_external_task_marker_parent to None, run_after=None
[2026-08-08T18:10:24.809+0000] {processor.py:208} INFO - Processing /home/airflow/.local/lib/python3.12/site-packages/airflow/example_dags/example_external_task_marker_dag.py took 0.090 seconds
[2026-08-08T18:10:55.129+0000] {processor.py:186} INFO - Started process (PID=1066) to work on /home/airflow/.local/lib/python3.12/site-packages/airflow/example_dags/example_external_task_marker_dag.py
[2026-08-08T18:10:55.131+0000] {processor.py:914} INFO - Processing file /home/airflow/.local/lib/python3.12/site-packages/airflow/example_dags/example_external_task_marker_dag.py for tasks to queue
[2026-08-08T18:10:55.134+0000] {logging_mixin.py:190} INFO - [2026-08-08T18:10:55.134+0000] {dagbag.py:587} INFO - Filling up the DagBag from /home/airflow/.local/lib/python3.12/site-packages/airflow/example_dags/example_external_task_marker_dag.py
[2026-08-08T18:10:55.143+0000] {processor.py:925} INFO - DAG(s) 'example_external_task_marker_parent', 'example_external_task_marker_child' retrieved from /home/airflow/.local/lib/python3.12/site-packages/airflow/example_dags/example_external_task_marker_dag.py
[2026-08-08T18:10:55.168+0000] {logging_mixin.py:190} INFO - [2026-08-08T18:10:55.168+0000] {dag.py:3211} INFO - Sync 2 DAGs
[2026-08-08T18:10:55.188+0000] {logging_mixin.py:190} INFO - [2026-08-08T18:10:55.187+0000] {dag.py:4138} INFO - Setting next_dagrun for example_external_task_marker_child to None, run_after=None
[2026-08-08T18:10:55.198+0000] {logging_mixin.py:190} INFO - [2026-08-08T18:10:55.197+0000] {dag.py:4138} INFO - Setting next_dagrun for example_external_task_marker_parent to None, run_after=None
[2026-08-08T18:10:55.235+0000] {processor.py:208} INFO - Processing /home/airflow/.local/lib/python3.12/site-packages/airflow/example_dags/example_external_task_marker_dag.py took 0.114 seconds
[2026-08-08T18:11:25.685+0000] {processor.py:186} INFO - Started process (PID=1129) to work on /home/airflow/.local/lib/python3.12/site-packages/airflow/example_dags/example_external_task_marker_dag.py
[2026-08-08T18:11:25.687+0000] {processor.py:914} INFO - Processing file /home/airflow/.local/lib/python3.12/site-packages/airflow/example_dags/example_external_task_marker_dag.py for tasks to queue
[2026-08-08T18:11:25.691+0000] {logging_mixin.py:190} INFO - [2026-08-08T18:11:25.690+0000] {dagbag.py:587} INFO - Filling up the DagBag from /home/airflow/.local/lib/python3.12/site-packages/airflow/example_dags/example_external_task_marker_dag.py
[2026-08-08T18:11:25.701+0000] {processor.py:925} INFO - DAG(s) 'example_external_task_marker_parent', 'example_external_task_marker_child' retrieved from /home/airflow/.local/lib/python3.12/site-packages/airflow/example_dags/example_external_task_marker_dag.py
[2026-08-08T18:11:25.727+0000] {logging_mixin.py:190} INFO - [2026-08-08T18:11:25.727+0000] {dag.py:3211} INFO - Sync 2 DAGs
[2026-08-08T18:11:25.746+0000] {logging_mixin.py:190} INFO - [2026-08-08T18:11:25.746+0000] {dag.py:4138} INFO - Setting next_dagrun for example_external_task_marker_child to None, run_after=None
[2026-08-08T18:11:25.752+0000] {logging_mixin.py:190} INFO - [2026-08-08T18:11:25.752+0000] {dag.py:4138} INFO - Setting next_dagrun for example_external_task_marker_parent to None, run_after=None
[2026-08-08T18:11:25.773+0000] {processor.py:208} INFO - Processing /home/airflow/.local/lib/python3.12/site-packages/airflow/example_dags/example_external_task_marker_dag.py took 0.098 seconds
[2026-08-08T18:11:56.092+0000] {processor.py:186} INFO - Started process (PID=1192) to work on /home/airflow/.local/lib/python3.12/site-packages/airflow/example_dags/example_external_task_marker_dag.py
[2026-08-08T18:11:56.100+0000] {processor.py:914} INFO - Processing file /home/airflow/.local/lib/python3.12/site-packages/airflow/example_dags/example_external_task_marker_dag.py for tasks to queue
[2026-08-08T18:11:56.108+0000] {logging_mixin.py:190} INFO - [2026-08-08T18:11:56.107+0000] {dagbag.py:587} INFO - Filling up the DagBag from /home/airflow/.local/lib/python3.12/site-packages/airflow/example_dags/example_external_task_marker_dag.py
[2026-08-08T18:11:56.121+0000] {processor.py:925} INFO - DAG(s) 'example_external_task_marker_parent', 'example_external_task_marker_child' retrieved from /home/airflow/.local/lib/python3.12/site-packages/airflow/example_dags/example_external_task_marker_dag.py
[2026-08-08T18:11:56.153+0000] {logging_mixin.py:190} INFO - [2026-08-08T18:11:56.153+0000] {dag.py:3211} INFO - Sync 2 DAGs
[2026-08-08T18:11:56.173+0000] {logging_mixin.py:190} INFO - [2026-08-08T18:11:56.172+0000] {dag.py:4138} INFO - Setting next_dagrun for example_external_task_marker_child to None, run_after=None
[2026-08-08T18:11:56.178+0000] {logging_mixin.py:190} INFO - [2026-08-08T18:11:56.178+0000] {dag.py:4138} INFO - Setting next_dagrun for example_external_task_marker_parent to None, run_after=None
[2026-08-08T18:11:56.200+0000] {processor.py:208} INFO - Processing /home/airflow/.local/lib/python3.12/site-packages/airflow/example_dags/example_external_task_marker_dag.py took 0.116 seconds
[2026-08-08T18:13:10.860+0000] {processor.py:186} INFO - Started process (PID=127) to work on /home/airflow/.local/lib/python3.12/site-packages/airflow/example_dags/example_external_task_marker_dag.py
[2026-08-08T18:13:10.862+0000] {processor.py:914} INFO - Processing file /home/airflow/.local/lib/python3.12/site-packages/airflow/example_dags/example_external_task_marker_dag.py for tasks to queue
[2026-08-08T18:13:10.867+0000] {logging_mixin.py:190} INFO - [2026-08-08T18:13:10.867+0000] {dagbag.py:587} INFO - Filling up the DagBag from /home/airflow/.local/lib/python3.12/site-packages/airflow/example_dags/example_external_task_marker_dag.py
[2026-08-08T18:13:10.881+0000] {processor.py:925} INFO - DAG(s) 'example_external_task_marker_parent', 'example_external_task_marker_child' retrieved from /home/airflow/.local/lib/python3.12/site-packages/airflow/example_dags/example_external_task_marker_dag.py
[2026-08-08T18:13:10.957+0000] {logging_mixin.py:190} INFO - [2026-08-08T18:13:10.957+0000] {dag.py:3211} INFO - Sync 2 DAGs
[2026-08-08T18:13:10.998+0000] {logging_mixin.py:190} INFO - [2026-08-08T18:13:10.997+0000] {dag.py:4138} INFO - Setting next_dagrun for example_external_task_marker_child to None, run_after=None
[2026-08-08T18:13:11.006+0000] {logging_mixin.py:190} INFO - [2026-08-08T18:13:11.006+0000] {dag.py:4138} INFO - Setting next_dagrun for example_external_task_marker_parent to None, run_after=None
[2026-08-08T18:13:11.057+0000] {processor.py:208} INFO - Processing /home/airflow/.local/lib/python3.12/site-packages/airflow/example_dags/example_external_task_marker_dag.py took 0.208 seconds
[2026-08-08T18:13:41.975+0000] {processor.py:186} INFO - Started process (PID=190) to work on /home/airflow/.local/lib/python3.12/site-packages/airflow/example_dags/example_external_task_marker_dag.py
[2026-08-08T18:13:41.976+0000] {processor.py:914} INFO - Processing file /home/airflow/.local/lib/python3.12/site-packages/airflow/example_dags/example_external_task_marker_dag.py for tasks to queue
[2026-08-08T18:13:41.980+0000] {logging_mixin.py:190} INFO - [2026-08-08T18:13:41.979+0000] {dagbag.py:587} INFO - Filling up the DagBag from /home/airflow/.local/lib/python3.12/site-packages/airflow/example_dags/example_external_task_marker_dag.py
[2026-08-08T18:13:41.990+0000] {processor.py:925} INFO - DAG(s) 'example_external_task_marker_parent', 'example_external_task_marker_child' retrieved from /home/airflow/.local/lib/python3.12/site-packages/airflow/example_dags/example_external_task_marker_dag.py
[2026-08-08T18:13:42.030+0000] {logging_mixin.py:190} INFO - [2026-08-08T18:13:42.030+0000] {dag.py:3211} INFO - Sync 2 DAGs
[2026-08-08T18:13:42.055+0000] {logging_mixin.py:190} INFO - [2026-08-08T18:13:42.054+0000] {dag.py:4138} INFO - Setting next_dagrun for example_external_task_marker_child to None, run_after=None
[2026-08-08T18:13:42.062+0000] {logging_mixin.py:190} INFO - [2026-08-08T18:13:42.062+0000] {dag.py:4138} INFO - Setting next_dagrun for example_external_task_marker_parent to None, run_after=None
[2026-08-08T18:13:42.092+0000] {processor.py:208} INFO - Processing /home/airflow/.local/lib/python3.12/site-packages/airflow/example_dags/example_external_task_marker_dag.py took 0.123 seconds
[2026-08-08T18:14:12.477+0000] {processor.py:186} INFO - Started process (PID=253) to work on /home/airflow/.local/lib/python3.12/site-packages/airflow/example_dags/example_external_task_marker_dag.py
[2026-08-08T18:14:12.479+0000] {processor.py:914} INFO - Processing file /home/airflow/.local/lib/python3.12/site-packages/airflow/example_dags/example_external_task_marker_dag.py for tasks to queue
[2026-08-08T18:14:12.482+0000] {logging_mixin.py:190} INFO - [2026-08-08T18:14:12.481+0000] {dagbag.py:587} INFO - Filling up the DagBag from /home/airflow/.local/lib/python3.12/site-packages/airflow/example_dags/example_external_task_marker_dag.py
[2026-08-08T18:14:12.488+0000] {processor.py:925} INFO - DAG(s) 'example_external_task_marker_child', 'example_external_task_marker_parent' retrieved from /home/airflow/.local/lib/python3.12/site-packages/airflow/example_dags/example_external_task_marker_dag.py
[2026-08-08T18:14:12.511+0000] {logging_mixin.py:190} INFO - [2026-08-08T18:14:12.511+0000] {dag.py:3211} INFO - Sync 2 DAGs
[2026-08-08T18:14:12.525+0000] {logging_mixin.py:190} INFO - [2026-08-08T18:14:12.525+0000] {dag.py:4138} INFO - Setting next_dagrun for example_external_task_marker_child to None, run_after=None
[2026-08-08T18:14:12.530+0000] {logging_mixin.py:190} INFO - [2026-08-08T18:14:12.530+0000] {dag.py:4138} INFO - Setting next_dagrun for example_external_task_marker_parent to None, run_after=None
[2026-08-08T18:14:12.553+0000] {processor.py:208} INFO - Processing /home/airflow/.local/lib/python3.12/site-packages/airflow/example_dags/example_external_task_marker_dag.py took 0.082 seconds
[2026-08-08T18:14:42.624+0000] {processor.py:186} INFO - Started process (PID=316) to work on /home/airflow/.local/lib/python3.12/site-packages/airflow/example_dags/example_external_task_marker_dag.py
[2026-08-08T18:14:42.625+0000] {processor.py:914} INFO - Processing file /home/airflow/.local/lib/python3.12/site-packages/airflow/example_dags/example_external_task_marker_dag.py for tasks to queue
[2026-08-08T18:14:42.628+0000] {logging_mixin.py:190} INFO - [2026-08-08T18:14:42.628+0000] {dagbag.py:587} INFO - Filling up the DagBag from /home/airflow/.local/lib/python3.12/site-packages/airflow/example_dags/example_external_task_marker_dag.py
[2026-08-08T18:14:42.642+0000] {processor.py:925} INFO - DAG(s) 'example_external_task_marker_child', 'example_external_task_marker_parent' retrieved from /home/airflow/.local/lib/python3.12/site-packages/airflow/example_dags/example_external_task_marker_dag.py
[2026-08-08T18:14:42.678+0000] {logging_mixin.py:190} INFO - [2026-08-08T18:14:42.677+0000] {dag.py:3211} INFO - Sync 2 DAGs
[2026-08-08T18:14:42.698+0000] {logging_mixin.py:190} INFO - [2026-08-08T18:14:42.697+0000] {dag.py:4138} INFO - Setting next_dagrun for example_external_task_marker_child to None, run_after=None
[2026-08-08T18:14:42.703+0000] {logging_mixin.py:190} INFO - [2026-08-08T18:14:42.702+0000] {dag.py:4138} INFO - Setting next_dagrun for example_external_task_marker_parent to None, run_after=None
[2026-08-08T18:14:42.729+0000] {processor.py:208} INFO - Processing /home/airflow/.local/lib/python3.12/site-packages/airflow/example_dags/example_external_task_marker_dag.py took 0.113 seconds
[2026-08-08T18:15:13.599+0000] {processor.py:186} INFO - Started process (PID=379) to work on /home/airflow/.local/lib/python3.12/site-packages/airflow/example_dags/example_external_task_marker_dag.py
[2026-08-08T18:15:13.601+0000] {processor.py:914} INFO - Processing file /home/airflow/.local/lib/python3.12/site-packages/airflow/example_dags/example_external_task_marker_dag.py for tasks to queue
[2026-08-08T18:15:13.605+0000] {logging_mixin.py:190} INFO - [2026-08-08T18:15:13.604+0000] {dagbag.py:587} INFO - Filling up the DagBag from /home/airflow/.local/lib/python3.12/site-packages/airflow/example_dags/example_external_task_marker_dag.py
[2026-08-08T18:15:13.617+0000] {processor.py:925} INFO - DAG(s) 'example_external_task_marker_parent', 'example_external_task_marker_child' retrieved from /home/airflow/.local/lib/python3.12/site-packages/airflow/example_dags/example_external_task_marker_dag.py
[2026-08-08T18:15:13.654+0000] {logging_mixin.py:190} INFO - [2026-08-08T18:15:13.653+0000] {dag.py:3211} INFO - Sync 2 DAGs
[2026-08-08T18:15:13.676+0000] {logging_mixin.py:190} INFO - [2026-08-08T18:15:13.675+0000] {dag.py:4138} INFO - Setting next_dagrun for example_external_task_marker_child to None, run_after=None
[2026-08-08T18:15:13.683+0000] {logging_mixin.py:190} INFO - [2026-08-08T18:15:13.683+0000] {dag.py:4138} INFO - Setting next_dagrun for example_external_task_marker_parent to None, run_after=None
[2026-08-08T18:15:13.714+0000] {processor.py:208} INFO - Processing /home/airflow/.local/lib/python3.12/site-packages/airflow/example_dags/example_external_task_marker_dag.py took 0.126 seconds
[2026-08-08T18:15:44.480+0000] {processor.py:186} INFO - Started process (PID=442) to work on /home/airflow/.local/lib/python3.12/site-packages/airflow/example_dags/example_external_task_marker_dag.py
[2026-08-08T18:15:44.481+0000] {processor.py:914} INFO - Processing file /home/airflow/.local/lib/python3.12/site-packages/airflow/example_dags/example_external_task_marker_dag.py for tasks to queue
[2026-08-08T18:15:44.485+0000] {logging_mixin.py:190} INFO - [2026-08-08T18:15:44.485+0000] {dagbag.py:587} INFO - Filling up the DagBag from /home/airflow/.local/lib/python3.12/site-packages/airflow/example_dags/example_external_task_marker_dag.py
[2026-08-08T18:15:44.493+0000] {processor.py:925} INFO - DAG(s) 'example_external_task_marker_parent', 'example_external_task_marker_child' retrieved from /home/airflow/.local/lib/python3.12/site-packages/airflow/example_dags/example_external_task_marker_dag.py
[2026-08-08T18:15:44.519+0000] {logging_mixin.py:190} INFO - [2026-08-08T18:15:44.519+0000] {dag.py:3211} INFO - Sync 2 DAGs
[2026-08-08T18:15:44.533+0000] {logging_mixin.py:190} INFO - [2026-08-08T18:15:44.533+0000] {dag.py:4138} INFO - Setting next_dagrun for example_external_task_marker_child to None, run_after=None
[2026-08-08T18:15:44.539+0000] {logging_mixin.py:190} INFO - [2026-08-08T18:15:44.539+0000] {dag.py:4138} INFO - Setting next_dagrun for example_external_task_marker_parent to None, run_after=None
[2026-08-08T18:15:44.558+0000] {processor.py:208} INFO - Processing /home/airflow/.local/lib/python3.12/site-packages/airflow/example_dags/example_external_task_marker_dag.py took 0.085 seconds
[2026-08-08T18:17:15.081+0000] {processor.py:186} INFO - Started process (PID=140) to work on /home/airflow/.local/lib/python3.12/site-packages/airflow/example_dags/example_external_task_marker_dag.py
[2026-08-08T18:17:15.083+0000] {processor.py:914} INFO - Processing file /home/airflow/.local/lib/python3.12/site-packages/airflow/example_dags/example_external_task_marker_dag.py for tasks to queue
[2026-08-08T18:17:15.089+0000] {logging_mixin.py:190} INFO - [2026-08-08T18:17:15.088+0000] {dagbag.py:587} INFO - Filling up the DagBag from /home/airflow/.local/lib/python3.12/site-packages/airflow/example_dags/example_external_task_marker_dag.py
[2026-08-08T18:17:15.099+0000] {processor.py:925} INFO - DAG(s) 'example_external_task_marker_child', 'example_external_task_marker_parent' retrieved from /home/airflow/.local/lib/python3.12/site-packages/airflow/example_dags/example_external_task_marker_dag.py
[2026-08-08T18:17:15.130+0000] {logging_mixin.py:190} INFO - [2026-08-08T18:17:15.129+0000] {dag.py:3211} INFO - Sync 2 DAGs
[2026-08-08T18:17:15.149+0000] {logging_mixin.py:190} INFO - [2026-08-08T18:17:15.149+0000] {dag.py:4138} INFO - Setting next_dagrun for example_external_task_marker_child to None, run_after=None
[2026-08-08T18:17:15.156+0000] {logging_mixin.py:190} INFO - [2026-08-08T18:17:15.156+0000] {dag.py:4138} INFO - Setting next_dagrun for example_external_task_marker_parent to None, run_after=None
[2026-08-08T18:17:15.184+0000] {processor.py:208} INFO - Processing /home/airflow/.local/lib/python3.12/site-packages/airflow/example_dags/example_external_task_marker_dag.py took 0.113 seconds
[2026-08-08T18:17:45.464+0000] {processor.py:186} INFO - Started process (PID=203) to work on /home/airflow/.local/lib/python3.12/site-packages/airflow/example_dags/example_external_task_marker_dag.py
[2026-08-08T18:17:45.465+0000] {processor.py:914} INFO - Processing file /home/airflow/.local/lib/python3.12/site-packages/airflow/example_dags/example_external_task_marker_dag.py for tasks to queue
[2026-08-08T18:17:45.469+0000] {logging_mixin.py:190} INFO - [2026-08-08T18:17:45.468+0000] {dagbag.py:587} INFO - Filling up the DagBag from /home/airflow/.local/lib/python3.12/site-packages/airflow/example_dags/example_external_task_marker_dag.py
[2026-08-08T18:17:45.475+0000] {processor.py:925} INFO - DAG(s) 'example_external_task_marker_parent', 'example_external_task_marker_child' retrieved from /home/airflow/.local/lib/python3.12/site-packages/airflow/example_dags/example_external_task_marker_dag.py
[2026-08-08T18:17:45.500+0000] {logging_mixin.py:190} INFO - [2026-08-08T18:17:45.500+0000] {dag.py:3211} INFO - Sync 2 DAGs
[2026-08-08T18:17:45.513+0000] {logging_mixin.py:190} INFO - [2026-08-08T18:17:45.513+0000] {dag.py:4138} INFO - Setting next_dagrun for example_external_task_marker_child to None, run_after=None
[2026-08-08T18:17:45.517+0000] {logging_mixin.py:190} INFO - [2026-08-08T18:17:45.517+0000] {dag.py:4138} INFO - Setting next_dagrun for example_external_task_marker_parent to None, run_after=None
[2026-08-08T18:17:45.540+0000] {processor.py:208} INFO - Processing /home/airflow/.local/lib/python3.12/site-packages/airflow/example_dags/example_external_task_marker_dag.py took 0.084 seconds
[2026-08-08T18:18:16.279+0000] {processor.py:186} INFO - Started process (PID=266) to work on /home/airflow/.local/lib/python3.12/site-packages/airflow/example_dags/example_external_task_marker_dag.py
[2026-08-08T18:18:16.281+0000] {processor.py:914} INFO - Processing file /home/airflow/.local/lib/python3.12/site-packages/airflow/example_dags/example_external_task_marker_dag.py for tasks to queue
[2026-08-08T18:18:16.284+0000] {logging_mixin.py:190} INFO - [2026-08-08T18:18:16.284+0000] {dagbag.py:587} INFO - Filling up the DagBag from /home/airflow/.local/lib/python3.12/site-packages/airflow/example_dags/example_external_task_marker_dag.py
[2026-08-08T18:18:16.292+0000] {processor.py:925} INFO - DAG(s) 'example_external_task_marker_child', 'example_external_task_marker_parent' retrieved from /home/airflow/.local/lib/python3.12/site-packages/airflow/example_dags/example_external_task_marker_dag.py
[2026-08-08T18:18:16.320+0000] {logging_mixin.py:190} INFO - [2026-08-08T18:18:16.320+0000] {dag.py:3211} INFO - Sync 2 DAGs
[2026-08-08T18:18:16.336+0000] {logging_mixin.py:190} INFO - [2026-08-08T18:18:16.336+0000] {dag.py:4138} INFO - Setting next_dagrun for example_external_task_marker_child to None, run_after=None
[2026-08-08T18:18:16.341+0000] {logging_mixin.py:190} INFO - [2026-08-08T18:18:16.341+0000] {dag.py:4138} INFO - Setting next_dagrun for example_external_task_marker_parent to None, run_after=None
[2026-08-08T18:18:16.363+0000] {processor.py:208} INFO - Processing /home/airflow/.local/lib/python3.12/site-packages/airflow/example_dags/example_external_task_marker_dag.py took 0.092 seconds
[2026-08-08T18:18:46.716+0000] {processor.py:186} INFO - Started process (PID=329) to work on /home/airflow/.local/lib/python3.12/site-packages/airflow/example_dags/example_external_task_marker_dag.py
[2026-08-08T18:18:46.718+0000] {processor.py:914} INFO - Processing file /home/airflow/.local/lib/python3.12/site-packages/airflow/example_dags/example_external_task_marker_dag.py for tasks to queue
[2026-08-08T18:18:46.721+0000] {logging_mixin.py:190} INFO - [2026-08-08T18:18:46.721+0000] {dagbag.py:587} INFO - Filling up the DagBag from /home/airflow/.local/lib/python3.12/site-packages/airflow/example_dags/example_external_task_marker_dag.py
[2026-08-08T18:18:46.731+0000] {processor.py:925} INFO - DAG(s) 'example_external_task_marker_child', 'example_external_task_marker_parent' retrieved from /home/airflow/.local/lib/python3.12/site-packages/airflow/example_dags/example_external_task_marker_dag.py
[2026-08-08T18:18:46.764+0000] {logging_mixin.py:190} INFO - [2026-08-08T18:18:46.764+0000] {dag.py:3211} INFO - Sync 2 DAGs
[2026-08-08T18:18:46.783+0000] {logging_mixin.py:190} INFO - [2026-08-08T18:18:46.782+0000] {dag.py:4138} INFO - Setting next_dagrun for example_external_task_marker_child to None, run_after=None
[2026-08-08T18:18:46.788+0000] {logging_mixin.py:190} INFO - [2026-08-08T18:18:46.788+0000] {dag.py:4138} INFO - Setting next_dagrun for example_external_task_marker_parent to None, run_after=None
[2026-08-08T18:18:46.813+0000] {processor.py:208} INFO - Processing /home/airflow/.local/lib/python3.12/site-packages/airflow/example_dags/example_external_task_marker_dag.py took 0.103 seconds
[2026-08-08T18:19:17.118+0000] {processor.py:186} INFO - Started process (PID=392) to work on /home/airflow/.local/lib/python3.12/site-packages/airflow/example_dags/example_external_task_marker_dag.py
[2026-08-08T18:19:17.120+0000] {processor.py:914} INFO - Processing file /home/airflow/.local/lib/python3.12/site-packages/airflow/example_dags/example_external_task_marker_dag.py for tasks to queue
[2026-08-08T18:19:17.124+0000] {logging_mixin.py:190} INFO - [2026-08-08T18:19:17.124+0000] {dagbag.py:587} INFO - Filling up the DagBag from /home/airflow/.local/lib/python3.12/site-packages/airflow/example_dags/example_external_task_marker_dag.py
[2026-08-08T18:19:17.134+0000] {processor.py:925} INFO - DAG(s) 'example_external_task_marker_child', 'example_external_task_marker_parent' retrieved from /home/airflow/.local/lib/python3.12/site-packages/airflow/example_dags/example_external_task_marker_dag.py
[2026-08-08T18:19:17.166+0000] {logging_mixin.py:190} INFO - [2026-08-08T18:19:17.166+0000] {dag.py:3211} INFO - Sync 2 DAGs
[2026-08-08T18:19:17.195+0000] {logging_mixin.py:190} INFO - [2026-08-08T18:19:17.195+0000] {dag.py:4138} INFO - Setting next_dagrun for example_external_task_marker_child to None, run_after=None
[2026-08-08T18:19:17.204+0000] {logging_mixin.py:190} INFO - [2026-08-08T18:19:17.203+0000] {dag.py:4138} INFO - Setting next_dagrun for example_external_task_marker_parent to None, run_after=None
[2026-08-08T18:19:17.235+0000] {processor.py:208} INFO - Processing /home/airflow/.local/lib/python3.12/site-packages/airflow/example_dags/example_external_task_marker_dag.py took 0.127 seconds
[2026-08-08T18:24:04.578+0000] {processor.py:186} INFO - Started process (PID=455) to work on /home/airflow/.local/lib/python3.12/site-packages/airflow/example_dags/example_external_task_marker_dag.py
[2026-08-08T18:24:04.579+0000] {processor.py:914} INFO - Processing file /home/airflow/.local/lib/python3.12/site-packages/airflow/example_dags/example_external_task_marker_dag.py for tasks to queue
[2026-08-08T18:24:04.582+0000] {logging_mixin.py:190} INFO - [2026-08-08T18:24:04.581+0000] {dagbag.py:587} INFO - Filling up the DagBag from /home/airflow/.local/lib/python3.12/site-packages/airflow/example_dags/example_external_task_marker_dag.py
[2026-08-08T18:24:04.588+0000] {processor.py:925} INFO - DAG(s) 'example_external_task_marker_child', 'example_external_task_marker_parent' retrieved from /home/airflow/.local/lib/python3.12/site-packages/airflow/example_dags/example_external_task_marker_dag.py
[2026-08-08T18:24:04.607+0000] {logging_mixin.py:190} INFO - [2026-08-08T18:24:04.607+0000] {dag.py:3211} INFO - Sync 2 DAGs
[2026-08-08T18:24:04.617+0000] {logging_mixin.py:190} INFO - [2026-08-08T18:24:04.617+0000] {dag.py:4138} INFO - Setting next_dagrun for example_external_task_marker_child to None, run_after=None
[2026-08-08T18:24:04.620+0000] {logging_mixin.py:190} INFO - [2026-08-08T18:24:04.620+0000] {dag.py:4138} INFO - Setting next_dagrun for example_external_task_marker_parent to None, run_after=None
[2026-08-08T18:24:04.633+0000] {processor.py:208} INFO - Processing /home/airflow/.local/lib/python3.12/site-packages/airflow/example_dags/example_external_task_marker_dag.py took 0.059 seconds
[2026-08-08T18:24:35.626+0000] {processor.py:186} INFO - Started process (PID=518) to work on /home/airflow/.local/lib/python3.12/site-packages/airflow/example_dags/example_external_task_marker_dag.py
[2026-08-08T18:24:35.628+0000] {processor.py:914} INFO - Processing file /home/airflow/.local/lib/python3.12/site-packages/airflow/example_dags/example_external_task_marker_dag.py for tasks to queue
[2026-08-08T18:24:35.632+0000] {logging_mixin.py:190} INFO - [2026-08-08T18:24:35.631+0000] {dagbag.py:587} INFO - Filling up the DagBag from /home/airflow/.local/lib/python3.12/site-packages/airflow/example_dags/example_external_task_marker_dag.py
[2026-08-08T18:24:35.644+0000] {processor.py:925} INFO - DAG(s) 'example_external_task_marker_child', 'example_external_task_marker_parent' retrieved from /home/airflow/.local/lib/python3.12/site-packages/airflow/example_dags/example_external_task_marker_dag.py
[2026-08-08T18:24:35.674+0000] {logging_mixin.py:190} INFO - [2026-08-08T18:24:35.674+0000] {dag.py:3211} INFO - Sync 2 DAGs
[2026-08-08T18:24:35.693+0000] {logging_mixin.py:190} INFO - [2026-08-08T18:24:35.693+0000] {dag.py:4138} INFO - Setting next_dagrun for example_external_task_marker_child to None, run_after=None
[2026-08-08T18:24:35.698+0000] {logging_mixin.py:190} INFO - [2026-08-08T18:24:35.698+0000] {dag.py:4138} INFO - Setting next_dagrun for example_external_task_marker_parent to None, run_after=None
[2026-08-08T18:24:35.717+0000] {processor.py:208} INFO - Processing /home/airflow/.local/lib/python3.12/site-packages/airflow/example_dags/example_external_task_marker_dag.py took 0.100 seconds
[2026-08-08T18:25:05.880+0000] {processor.py:186} INFO - Started process (PID=581) to work on /home/airflow/.local/lib/python3.12/site-packages/airflow/example_dags/example_external_task_marker_dag.py
[2026-08-08T18:25:05.882+0000] {processor.py:914} INFO - Processing file /home/airflow/.local/lib/python3.12/site-packages/airflow/example_dags/example_external_task_marker_dag.py for tasks to queue
[2026-08-08T18:25:05.885+0000] {logging_mixin.py:190} INFO - [2026-08-08T18:25:05.885+0000] {dagbag.py:587} INFO - Filling up the DagBag from /home/airflow/.local/lib/python3.12/site-packages/airflow/example_dags/example_external_task_marker_dag.py
[2026-08-08T18:25:05.898+0000] {processor.py:925} INFO - DAG(s) 'example_external_task_marker_parent', 'example_external_task_marker_child' retrieved from /home/airflow/.local/lib/python3.12/site-packages/airflow/example_dags/example_external_task_marker_dag.py
[2026-08-08T18:25:05.924+0000] {logging_mixin.py:190} INFO - [2026-08-08T18:25:05.923+0000] {dag.py:3211} INFO - Sync 2 DAGs
[2026-08-08T18:25:05.940+0000] {logging_mixin.py:190} INFO - [2026-08-08T18:25:05.940+0000] {dag.py:4138} INFO - Setting next_dagrun for example_external_task_marker_child to None, run_after=None
[2026-08-08T18:25:05.946+0000] {logging_mixin.py:190} INFO - [2026-08-08T18:25:05.946+0000] {dag.py:4138} INFO - Setting next_dagrun for example_external_task_marker_parent to None, run_after=None
[2026-08-08T18:25:05.970+0000] {processor.py:208} INFO - Processing /home/airflow/.local/lib/python3.12/site-packages/airflow/example_dags/example_external_task_marker_dag.py took 0.097 seconds
[2026-08-08T18:25:36.221+0000] {processor.py:186} INFO - Started process (PID=644) to work on /home/airflow/.local/lib/python3.12/site-packages/airflow/example_dags/example_external_task_marker_dag.py
[2026-08-08T18:25:36.224+0000] {processor.py:914} INFO - Processing file /home/airflow/.local/lib/python3.12/site-packages/airflow/example_dags/example_external_task_marker_dag.py for tasks to queue
[2026-08-08T18:25:36.227+0000] {logging_mixin.py:190} INFO - [2026-08-08T18:25:36.227+0000] {dagbag.py:587} INFO - Filling up the DagBag from /home/airflow/.local/lib/python3.12/site-packages/airflow/example_dags/example_external_task_marker_dag.py
[2026-08-08T18:25:36.238+0000] {processor.py:925} INFO - DAG(s) 'example_external_task_marker_parent', 'example_external_task_marker_child' retrieved from /home/airflow/.local/lib/python3.12/site-packages/airflow/example_dags/example_external_task_marker_dag.py
[2026-08-08T18:25:36.269+0000] {logging_mixin.py:190} INFO - [2026-08-08T18:25:36.268+0000] {dag.py:3211} INFO - Sync 2 DAGs
[2026-08-08T18:25:36.286+0000] {logging_mixin.py:190} INFO - [2026-08-08T18:25:36.285+0000] {dag.py:4138} INFO - Setting next_dagrun for example_external_task_marker_child to None, run_after=None
[2026-08-08T18:25:36.291+0000] {logging_mixin.py:190} INFO - [2026-08-08T18:25:36.290+0000] {dag.py:4138} INFO - Setting next_dagrun for example_external_task_marker_parent to None, run_after=None
[2026-08-08T18:25:36.315+0000] {processor.py:208} INFO - Processing /home/airflow/.local/lib/python3.12/site-packages/airflow/example_dags/example_external_task_marker_dag.py took 0.101 seconds
[2026-08-08T18:26:06.825+0000] {processor.py:186} INFO - Started process (PID=708) to work on /home/airflow/.local/lib/python3.12/site-packages/airflow/example_dags/example_external_task_marker_dag.py
[2026-08-08T18:26:06.826+0000] {processor.py:914} INFO - Processing file /home/airflow/.local/lib/python3.12/site-packages/airflow/example_dags/example_external_task_marker_dag.py for tasks to queue
[2026-08-08T18:26:06.830+0000] {logging_mixin.py:190} INFO - [2026-08-08T18:26:06.829+0000] {dagbag.py:587} INFO - Filling up the DagBag from /home/airflow/.local/lib/python3.12/site-packages/airflow/example_dags/example_external_task_marker_dag.py
[2026-08-08T18:26:06.839+0000] {processor.py:925} INFO - DAG(s) 'example_external_task_marker_child', 'example_external_task_marker_parent' retrieved from /home/airflow/.local/lib/python3.12/site-packages/airflow/example_dags/example_external_task_marker_dag.py
[2026-08-08T18:26:06.866+0000] {logging_mixin.py:190} INFO - [2026-08-08T18:26:06.866+0000] {dag.py:3211} INFO - Sync 2 DAGs
[2026-08-08T18:26:06.882+0000] {logging_mixin.py:190} INFO - [2026-08-08T18:26:06.882+0000] {dag.py:4138} INFO - Setting next_dagrun for example_external_task_marker_child to None, run_after=None
[2026-08-08T18:26:06.886+0000] {logging_mixin.py:190} INFO - [2026-08-08T18:26:06.886+0000] {dag.py:4138} INFO - Setting next_dagrun for example_external_task_marker_parent to None, run_after=None
[2026-08-08T18:26:06.907+0000] {processor.py:208} INFO - Processing /home/airflow/.local/lib/python3.12/site-packages/airflow/example_dags/example_external_task_marker_dag.py took 0.089 seconds
[2026-08-08T18:26:37.471+0000] {processor.py:186} INFO - Started process (PID=771) to work on /home/airflow/.local/lib/python3.12/site-packages/airflow/example_dags/example_external_task_marker_dag.py
[2026-08-08T18:26:37.473+0000] {processor.py:914} INFO - Processing file /home/airflow/.local/lib/python3.12/site-packages/airflow/example_dags/example_external_task_marker_dag.py for tasks to queue
[2026-08-08T18:26:37.476+0000] {logging_mixin.py:190} INFO - [2026-08-08T18:26:37.476+0000] {dagbag.py:587} INFO - Filling up the DagBag from /home/airflow/.local/lib/python3.12/site-packages/airflow/example_dags/example_external_task_marker_dag.py
[2026-08-08T18:26:37.485+0000] {processor.py:925} INFO - DAG(s) 'example_external_task_marker_child', 'example_external_task_marker_parent' retrieved from /home/airflow/.local/lib/python3.12/site-packages/airflow/example_dags/example_external_task_marker_dag.py
[2026-08-08T18:26:37.509+0000] {logging_mixin.py:190} INFO - [2026-08-08T18:26:37.509+0000] {dag.py:3211} INFO - Sync 2 DAGs
[2026-08-08T18:26:37.522+0000] {logging_mixin.py:190} INFO - [2026-08-08T18:26:37.522+0000] {dag.py:4138} INFO - Setting next_dagrun for example_external_task_marker_child to None, run_after=None
[2026-08-08T18:26:37.526+0000] {logging_mixin.py:190} INFO - [2026-08-08T18:26:37.526+0000] {dag.py:4138} INFO - Setting next_dagrun for example_external_task_marker_parent to None, run_after=None
[2026-08-08T18:26:37.542+0000] {processor.py:208} INFO - Processing /home/airflow/.local/lib/python3.12/site-packages/airflow/example_dags/example_external_task_marker_dag.py took 0.078 seconds
