[2026-08-08T17:25:11.630+0000] {processor.py:186} INFO - Started process (PID=100) to work on /home/airflow/.local/lib/python3.12/site-packages/airflow/example_dags/example_short_circuit_operator.py
[2026-08-08T17:25:11.632+0000] {processor.py:914} INFO - Processing file /home/airflow/.local/lib/python3.12/site-packages/airflow/example_dags/example_short_circuit_operator.py for tasks to queue
[2026-08-08T17:25:11.638+0000] {logging_mixin.py:190} INFO - [2026-08-08T17:25:11.637+0000] {dagbag.py:587} INFO - Filling up the DagBag from /home/airflow/.local/lib/python3.12/site-packages/airflow/example_dags/example_short_circuit_operator.py
[2026-08-08T17:25:11.656+0000] {processor.py:925} INFO - DAG(s) 'example_short_circuit_operator' retrieved from /home/airflow/.local/lib/python3.12/site-packages/airflow/example_dags/example_short_circuit_operator.py
[2026-08-08T17:25:11.826+0000] {logging_mixin.py:190} INFO - [2026-08-08T17:25:11.825+0000] {override.py:1858} INFO - Created Permission View: can delete on DAG:example_short_circuit_operator
[2026-08-08T17:25:11.850+0000] {logging_mixin.py:190} INFO - [2026-08-08T17:25:11.849+0000] {override.py:1858} INFO - Created Permission View: can edit on DAG:example_short_circuit_operator
[2026-08-08T17:25:11.868+0000] {logging_mixin.py:190} INFO - [2026-08-08T17:25:11.868+0000] {override.py:1858} INFO - Created Permission View: can read on DAG:example_short_circuit_operator
[2026-08-08T17:25:11.870+0000] {logging_mixin.py:190} INFO - [2026-08-08T17:25:11.869+0000] {dag.py:3211} INFO - Sync 1 DAGs
[2026-08-08T17:25:11.898+0000] {logging_mixin.py:190} INFO - [2026-08-08T17:25:11.897+0000] {dag.py:3234} INFO - Creating ORM DAG for example_short_circuit_operator
[2026-08-08T17:25:11.919+0000] {logging_mixin.py:190} INFO - [2026-08-08T17:25:11.918+0000] {dag.py:4138} INFO - Setting next_dagrun for example_short_circuit_operator to 2026-08-07 00:00:00+00:00, run_after=2026-08-08 00:00:00+00:00
[2026-08-08T17:25:11.950+0000] {processor.py:208} INFO - Processing /home/airflow/.local/lib/python3.12/site-packages/airflow/example_dags/example_short_circuit_operator.py took 0.329 seconds
[2026-08-08T17:25:42.048+0000] {processor.py:186} INFO - Started process (PID=163) to work on /home/airflow/.local/lib/python3.12/site-packages/airflow/example_dags/example_short_circuit_operator.py
[2026-08-08T17:25:42.049+0000] {processor.py:914} INFO - Processing file /home/airflow/.local/lib/python3.12/site-packages/airflow/example_dags/example_short_circuit_operator.py for tasks to queue
[2026-08-08T17:25:42.051+0000] {logging_mixin.py:190} INFO - [2026-08-08T17:25:42.051+0000] {dagbag.py:587} INFO - Filling up the DagBag from /home/airflow/.local/lib/python3.12/site-packages/airflow/example_dags/example_short_circuit_operator.py
[2026-08-08T17:25:42.060+0000] {processor.py:925} INFO - DAG(s) 'example_short_circuit_operator' retrieved from /home/airflow/.local/lib/python3.12/site-packages/airflow/example_dags/example_short_circuit_operator.py
[2026-08-08T17:25:42.080+0000] {logging_mixin.py:190} INFO - [2026-08-08T17:25:42.080+0000] {dag.py:3211} INFO - Sync 1 DAGs
[2026-08-08T17:25:42.106+0000] {logging_mixin.py:190} INFO - [2026-08-08T17:25:42.105+0000] {dag.py:4138} INFO - Setting next_dagrun for example_short_circuit_operator to 2026-08-07 00:00:00+00:00, run_after=2026-08-08 00:00:00+00:00
[2026-08-08T17:25:42.130+0000] {processor.py:208} INFO - Processing /home/airflow/.local/lib/python3.12/site-packages/airflow/example_dags/example_short_circuit_operator.py took 0.087 seconds
[2026-08-08T17:26:12.665+0000] {processor.py:186} INFO - Started process (PID=226) to work on /home/airflow/.local/lib/python3.12/site-packages/airflow/example_dags/example_short_circuit_operator.py
[2026-08-08T17:26:12.666+0000] {processor.py:914} INFO - Processing file /home/airflow/.local/lib/python3.12/site-packages/airflow/example_dags/example_short_circuit_operator.py for tasks to queue
[2026-08-08T17:26:12.669+0000] {logging_mixin.py:190} INFO - [2026-08-08T17:26:12.669+0000] {dagbag.py:587} INFO - Filling up the DagBag from /home/airflow/.local/lib/python3.12/site-packages/airflow/example_dags/example_short_circuit_operator.py
[2026-08-08T17:26:12.680+0000] {processor.py:925} INFO - DAG(s) 'example_short_circuit_operator' retrieved from /home/airflow/.local/lib/python3.12/site-packages/airflow/example_dags/example_short_circuit_operator.py
[2026-08-08T17:26:12.721+0000] {logging_mixin.py:190} INFO - [2026-08-08T17:26:12.720+0000] {dag.py:3211} INFO - Sync 1 DAGs
[2026-08-08T17:26:12.760+0000] {logging_mixin.py:190} INFO - [2026-08-08T17:26:12.759+0000] {dag.py:4138} INFO - Setting next_dagrun for example_short_circuit_operator to 2026-08-07 00:00:00+00:00, run_after=2026-08-08 00:00:00+00:00
[2026-08-08T17:26:12.784+0000] {processor.py:208} INFO - Processing /home/airflow/.local/lib/python3.12/site-packages/airflow/example_dags/example_short_circuit_operator.py took 0.129 seconds
[2026-08-08T17:26:42.865+0000] {processor.py:186} INFO - Started process (PID=289) to work on /home/airflow/.local/lib/python3.12/site-packages/airflow/example_dags/example_short_circuit_operator.py
[2026-08-08T17:26:42.867+0000] {processor.py:914} INFO - Processing file /home/airflow/.local/lib/python3.12/site-packages/airflow/example_dags/example_short_circuit_operator.py for tasks to queue
[2026-08-08T17:26:42.869+0000] {logging_mixin.py:190} INFO - [2026-08-08T17:26:42.869+0000] {dagbag.py:587} INFO - Filling up the DagBag from /home/airflow/.local/lib/python3.12/site-packages/airflow/example_dags/example_short_circuit_operator.py
[2026-08-08T17:26:42.878+0000] {processor.py:925} INFO - DAG(s) 'example_short_circuit_operator' retrieved from /home/airflow/.local/lib/python3.12/site-packages/airflow/example_dags/example_short_circuit_operator.py
[2026-08-08T17:26:42.901+0000] {logging_mixin.py:190} INFO - [2026-08-08T17:26:42.901+0000] {dag.py:3211} INFO - Sync 1 DAGs
[2026-08-08T17:26:42.930+0000] {logging_mixin.py:190} INFO - [2026-08-08T17:26:42.930+0000] {dag.py:4138} INFO - Setting next_dagrun for example_short_circuit_operator to 2026-08-07 00:00:00+00:00, run_after=2026-08-08 00:00:00+00:00
[2026-08-08T17:26:42.954+0000] {processor.py:208} INFO - Processing /home/airflow/.local/lib/python3.12/site-packages/airflow/example_dags/example_short_circuit_operator.py took 0.095 seconds
[2026-08-08T17:27:13.105+0000] {processor.py:186} INFO - Started process (PID=351) to work on /home/airflow/.local/lib/python3.12/site-packages/airflow/example_dags/example_short_circuit_operator.py
[2026-08-08T17:27:13.106+0000] {processor.py:914} INFO - Processing file /home/airflow/.local/lib/python3.12/site-packages/airflow/example_dags/example_short_circuit_operator.py for tasks to queue
[2026-08-08T17:27:13.108+0000] {logging_mixin.py:190} INFO - [2026-08-08T17:27:13.108+0000] {dagbag.py:587} INFO - Filling up the DagBag from /home/airflow/.local/lib/python3.12/site-packages/airflow/example_dags/example_short_circuit_operator.py
[2026-08-08T17:27:13.116+0000] {processor.py:925} INFO - DAG(s) 'example_short_circuit_operator' retrieved from /home/airflow/.local/lib/python3.12/site-packages/airflow/example_dags/example_short_circuit_operator.py
[2026-08-08T17:27:13.139+0000] {logging_mixin.py:190} INFO - [2026-08-08T17:27:13.139+0000] {dag.py:3211} INFO - Sync 1 DAGs
[2026-08-08T17:27:13.160+0000] {logging_mixin.py:190} INFO - [2026-08-08T17:27:13.160+0000] {dag.py:4138} INFO - Setting next_dagrun for example_short_circuit_operator to 2026-08-07 00:00:00+00:00, run_after=2026-08-08 00:00:00+00:00
[2026-08-08T17:27:13.180+0000] {processor.py:208} INFO - Processing /home/airflow/.local/lib/python3.12/site-packages/airflow/example_dags/example_short_circuit_operator.py took 0.080 seconds
[2026-08-08T17:27:43.801+0000] {processor.py:186} INFO - Started process (PID=415) to work on /home/airflow/.local/lib/python3.12/site-packages/airflow/example_dags/example_short_circuit_operator.py
[2026-08-08T17:27:43.803+0000] {processor.py:914} INFO - Processing file /home/airflow/.local/lib/python3.12/site-packages/airflow/example_dags/example_short_circuit_operator.py for tasks to queue
[2026-08-08T17:27:43.805+0000] {logging_mixin.py:190} INFO - [2026-08-08T17:27:43.805+0000] {dagbag.py:587} INFO - Filling up the DagBag from /home/airflow/.local/lib/python3.12/site-packages/airflow/example_dags/example_short_circuit_operator.py
[2026-08-08T17:27:43.816+0000] {processor.py:925} INFO - DAG(s) 'example_short_circuit_operator' retrieved from /home/airflow/.local/lib/python3.12/site-packages/airflow/example_dags/example_short_circuit_operator.py
[2026-08-08T17:27:43.843+0000] {logging_mixin.py:190} INFO - [2026-08-08T17:27:43.843+0000] {dag.py:3211} INFO - Sync 1 DAGs
[2026-08-08T17:27:43.868+0000] {logging_mixin.py:190} INFO - [2026-08-08T17:27:43.868+0000] {dag.py:4138} INFO - Setting next_dagrun for example_short_circuit_operator to 2026-08-07 00:00:00+00:00, run_after=2026-08-08 00:00:00+00:00
[2026-08-08T17:27:43.888+0000] {processor.py:208} INFO - Processing /home/airflow/.local/lib/python3.12/site-packages/airflow/example_dags/example_short_circuit_operator.py took 0.092 seconds
[2026-08-08T17:28:14.323+0000] {processor.py:186} INFO - Started process (PID=478) to work on /home/airflow/.local/lib/python3.12/site-packages/airflow/example_dags/example_short_circuit_operator.py
[2026-08-08T17:28:14.325+0000] {processor.py:914} INFO - Processing file /home/airflow/.local/lib/python3.12/site-packages/airflow/example_dags/example_short_circuit_operator.py for tasks to queue
[2026-08-08T17:28:14.328+0000] {logging_mixin.py:190} INFO - [2026-08-08T17:28:14.327+0000] {dagbag.py:587} INFO - Filling up the DagBag from /home/airflow/.local/lib/python3.12/site-packages/airflow/example_dags/example_short_circuit_operator.py
[2026-08-08T17:28:14.342+0000] {processor.py:925} INFO - DAG(s) 'example_short_circuit_operator' retrieved from /home/airflow/.local/lib/python3.12/site-packages/airflow/example_dags/example_short_circuit_operator.py
[2026-08-08T17:28:14.382+0000] {logging_mixin.py:190} INFO - [2026-08-08T17:28:14.382+0000] {dag.py:3211} INFO - Sync 1 DAGs
[2026-08-08T17:28:14.410+0000] {logging_mixin.py:190} INFO - [2026-08-08T17:28:14.410+0000] {dag.py:4138} INFO - Setting next_dagrun for example_short_circuit_operator to 2026-08-07 00:00:00+00:00, run_after=2026-08-08 00:00:00+00:00
[2026-08-08T17:28:14.435+0000] {processor.py:208} INFO - Processing /home/airflow/.local/lib/python3.12/site-packages/airflow/example_dags/example_short_circuit_operator.py took 0.120 seconds
[2026-08-08T17:28:45.203+0000] {processor.py:186} INFO - Started process (PID=541) to work on /home/airflow/.local/lib/python3.12/site-packages/airflow/example_dags/example_short_circuit_operator.py
[2026-08-08T17:28:45.205+0000] {processor.py:914} INFO - Processing file /home/airflow/.local/lib/python3.12/site-packages/airflow/example_dags/example_short_circuit_operator.py for tasks to queue
[2026-08-08T17:28:45.208+0000] {logging_mixin.py:190} INFO - [2026-08-08T17:28:45.208+0000] {dagbag.py:587} INFO - Filling up the DagBag from /home/airflow/.local/lib/python3.12/site-packages/airflow/example_dags/example_short_circuit_operator.py
[2026-08-08T17:28:45.219+0000] {processor.py:925} INFO - DAG(s) 'example_short_circuit_operator' retrieved from /home/airflow/.local/lib/python3.12/site-packages/airflow/example_dags/example_short_circuit_operator.py
[2026-08-08T17:28:45.244+0000] {logging_mixin.py:190} INFO - [2026-08-08T17:28:45.244+0000] {dag.py:3211} INFO - Sync 1 DAGs
[2026-08-08T17:28:45.287+0000] {logging_mixin.py:190} INFO - [2026-08-08T17:28:45.287+0000] {dag.py:4138} INFO - Setting next_dagrun for example_short_circuit_operator to 2026-08-07 00:00:00+00:00, run_after=2026-08-08 00:00:00+00:00
[2026-08-08T17:28:45.331+0000] {processor.py:208} INFO - Processing /home/airflow/.local/lib/python3.12/site-packages/airflow/example_dags/example_short_circuit_operator.py took 0.135 seconds
[2026-08-08T17:29:15.427+0000] {processor.py:186} INFO - Started process (PID=603) to work on /home/airflow/.local/lib/python3.12/site-packages/airflow/example_dags/example_short_circuit_operator.py
[2026-08-08T17:29:15.428+0000] {processor.py:914} INFO - Processing file /home/airflow/.local/lib/python3.12/site-packages/airflow/example_dags/example_short_circuit_operator.py for tasks to queue
[2026-08-08T17:29:15.431+0000] {logging_mixin.py:190} INFO - [2026-08-08T17:29:15.431+0000] {dagbag.py:587} INFO - Filling up the DagBag from /home/airflow/.local/lib/python3.12/site-packages/airflow/example_dags/example_short_circuit_operator.py
[2026-08-08T17:29:15.440+0000] {processor.py:925} INFO - DAG(s) 'example_short_circuit_operator' retrieved from /home/airflow/.local/lib/python3.12/site-packages/airflow/example_dags/example_short_circuit_operator.py
[2026-08-08T17:29:15.465+0000] {logging_mixin.py:190} INFO - [2026-08-08T17:29:15.465+0000] {dag.py:3211} INFO - Sync 1 DAGs
[2026-08-08T17:29:15.489+0000] {logging_mixin.py:190} INFO - [2026-08-08T17:29:15.489+0000] {dag.py:4138} INFO - Setting next_dagrun for example_short_circuit_operator to 2026-08-07 00:00:00+00:00, run_after=2026-08-08 00:00:00+00:00
[2026-08-08T17:29:15.508+0000] {processor.py:208} INFO - Processing /home/airflow/.local/lib/python3.12/site-packages/airflow/example_dags/example_short_circuit_operator.py took 0.087 seconds
[2026-08-08T17:29:45.565+0000] {processor.py:186} INFO - Started process (PID=666) to work on /home/airflow/.local/lib/python3.12/site-packages/airflow/example_dags/example_short_circuit_operator.py
[2026-08-08T17:29:45.566+0000] {processor.py:914} INFO - Processing file /home/airflow/.local/lib/python3.12/site-packages/airflow/example_dags/example_short_circuit_operator.py for tasks to queue
[2026-08-08T17:29:45.568+0000] {logging_mixin.py:190} INFO - [2026-08-08T17:29:45.568+0000] {dagbag.py:587} INFO - Filling up the DagBag from /home/airflow/.local/lib/python3.12/site-packages/airflow/example_dags/example_short_circuit_operator.py
[2026-08-08T17:29:45.575+0000] {processor.py:925} INFO - DAG(s) 'example_short_circuit_operator' retrieved from /home/airflow/.local/lib/python3.12/site-packages/airflow/example_dags/example_short_circuit_operator.py
[2026-08-08T17:29:45.594+0000] {logging_mixin.py:190} INFO - [2026-08-08T17:29:45.594+0000] {dag.py:3211} INFO - Sync 1 DAGs
[2026-08-08T17:29:45.612+0000] {logging_mixin.py:190} INFO - [2026-08-08T17:29:45.612+0000] {dag.py:4138} INFO - Setting next_dagrun for example_short_circuit_operator to 2026-08-07 00:00:00+00:00, run_after=2026-08-08 00:00:00+00:00
[2026-08-08T17:29:45.630+0000] {processor.py:208} INFO - Processing /home/airflow/.local/lib/python3.12/site-packages/airflow/example_dags/example_short_circuit_operator.py took 0.070 seconds
[2026-08-08T17:30:16.508+0000] {processor.py:186} INFO - Started process (PID=729) to work on /home/airflow/.local/lib/python3.12/site-packages/airflow/example_dags/example_short_circuit_operator.py
[2026-08-08T17:30:16.509+0000] {processor.py:914} INFO - Processing file /home/airflow/.local/lib/python3.12/site-packages/airflow/example_dags/example_short_circuit_operator.py for tasks to queue
[2026-08-08T17:30:16.512+0000] {logging_mixin.py:190} INFO - [2026-08-08T17:30:16.511+0000] {dagbag.py:587} INFO - Filling up the DagBag from /home/airflow/.local/lib/python3.12/site-packages/airflow/example_dags/example_short_circuit_operator.py
[2026-08-08T17:30:16.523+0000] {processor.py:925} INFO - DAG(s) 'example_short_circuit_operator' retrieved from /home/airflow/.local/lib/python3.12/site-packages/airflow/example_dags/example_short_circuit_operator.py
[2026-08-08T17:30:16.548+0000] {logging_mixin.py:190} INFO - [2026-08-08T17:30:16.547+0000] {dag.py:3211} INFO - Sync 1 DAGs
[2026-08-08T17:30:16.570+0000] {logging_mixin.py:190} INFO - [2026-08-08T17:30:16.570+0000] {dag.py:4138} INFO - Setting next_dagrun for example_short_circuit_operator to 2026-08-07 00:00:00+00:00, run_after=2026-08-08 00:00:00+00:00
[2026-08-08T17:30:16.591+0000] {processor.py:208} INFO - Processing /home/airflow/.local/lib/python3.12/site-packages/airflow/example_dags/example_short_circuit_operator.py took 0.089 seconds
[2026-08-08T17:30:46.942+0000] {processor.py:186} INFO - Started process (PID=792) to work on /home/airflow/.local/lib/python3.12/site-packages/airflow/example_dags/example_short_circuit_operator.py
[2026-08-08T17:30:46.944+0000] {processor.py:914} INFO - Processing file /home/airflow/.local/lib/python3.12/site-packages/airflow/example_dags/example_short_circuit_operator.py for tasks to queue
[2026-08-08T17:30:46.946+0000] {logging_mixin.py:190} INFO - [2026-08-08T17:30:46.946+0000] {dagbag.py:587} INFO - Filling up the DagBag from /home/airflow/.local/lib/python3.12/site-packages/airflow/example_dags/example_short_circuit_operator.py
[2026-08-08T17:30:46.957+0000] {processor.py:925} INFO - DAG(s) 'example_short_circuit_operator' retrieved from /home/airflow/.local/lib/python3.12/site-packages/airflow/example_dags/example_short_circuit_operator.py
[2026-08-08T17:30:46.977+0000] {logging_mixin.py:190} INFO - [2026-08-08T17:30:46.977+0000] {dag.py:3211} INFO - Sync 1 DAGs
[2026-08-08T17:30:46.997+0000] {logging_mixin.py:190} INFO - [2026-08-08T17:30:46.997+0000] {dag.py:4138} INFO - Setting next_dagrun for example_short_circuit_operator to 2026-08-07 00:00:00+00:00, run_after=2026-08-08 00:00:00+00:00
[2026-08-08T17:30:47.017+0000] {processor.py:208} INFO - Processing /home/airflow/.local/lib/python3.12/site-packages/airflow/example_dags/example_short_circuit_operator.py took 0.080 seconds
[2026-08-08T17:31:17.840+0000] {processor.py:186} INFO - Started process (PID=855) to work on /home/airflow/.local/lib/python3.12/site-packages/airflow/example_dags/example_short_circuit_operator.py
[2026-08-08T17:31:17.844+0000] {processor.py:914} INFO - Processing file /home/airflow/.local/lib/python3.12/site-packages/airflow/example_dags/example_short_circuit_operator.py for tasks to queue
[2026-08-08T17:31:17.850+0000] {logging_mixin.py:190} INFO - [2026-08-08T17:31:17.849+0000] {dagbag.py:587} INFO - Filling up the DagBag from /home/airflow/.local/lib/python3.12/site-packages/airflow/example_dags/example_short_circuit_operator.py
[2026-08-08T17:31:17.877+0000] {processor.py:925} INFO - DAG(s) 'example_short_circuit_operator' retrieved from /home/airflow/.local/lib/python3.12/site-packages/airflow/example_dags/example_short_circuit_operator.py
[2026-08-08T17:31:17.922+0000] {logging_mixin.py:190} INFO - [2026-08-08T17:31:17.922+0000] {dag.py:3211} INFO - Sync 1 DAGs
[2026-08-08T17:31:17.950+0000] {logging_mixin.py:190} INFO - [2026-08-08T17:31:17.950+0000] {dag.py:4138} INFO - Setting next_dagrun for example_short_circuit_operator to 2026-08-07 00:00:00+00:00, run_after=2026-08-08 00:00:00+00:00
[2026-08-08T17:31:17.972+0000] {processor.py:208} INFO - Processing /home/airflow/.local/lib/python3.12/site-packages/airflow/example_dags/example_short_circuit_operator.py took 0.140 seconds
[2026-08-08T17:31:48.084+0000] {processor.py:186} INFO - Started process (PID=918) to work on /home/airflow/.local/lib/python3.12/site-packages/airflow/example_dags/example_short_circuit_operator.py
[2026-08-08T17:31:48.085+0000] {processor.py:914} INFO - Processing file /home/airflow/.local/lib/python3.12/site-packages/airflow/example_dags/example_short_circuit_operator.py for tasks to queue
[2026-08-08T17:31:48.089+0000] {logging_mixin.py:190} INFO - [2026-08-08T17:31:48.088+0000] {dagbag.py:587} INFO - Filling up the DagBag from /home/airflow/.local/lib/python3.12/site-packages/airflow/example_dags/example_short_circuit_operator.py
[2026-08-08T17:31:48.096+0000] {processor.py:925} INFO - DAG(s) 'example_short_circuit_operator' retrieved from /home/airflow/.local/lib/python3.12/site-packages/airflow/example_dags/example_short_circuit_operator.py
[2026-08-08T17:31:48.114+0000] {logging_mixin.py:190} INFO - [2026-08-08T17:31:48.114+0000] {dag.py:3211} INFO - Sync 1 DAGs
[2026-08-08T17:31:48.131+0000] {logging_mixin.py:190} INFO - [2026-08-08T17:31:48.131+0000] {dag.py:4138} INFO - Setting next_dagrun for example_short_circuit_operator to 2026-08-07 00:00:00+00:00, run_after=2026-08-08 00:00:00+00:00
[2026-08-08T17:31:48.154+0000] {processor.py:208} INFO - Processing /home/airflow/.local/lib/python3.12/site-packages/airflow/example_dags/example_short_circuit_operator.py took 0.076 seconds
[2026-08-08T17:32:18.363+0000] {processor.py:186} INFO - Started process (PID=981) to work on /home/airflow/.local/lib/python3.12/site-packages/airflow/example_dags/example_short_circuit_operator.py
[2026-08-08T17:32:18.365+0000] {processor.py:914} INFO - Processing file /home/airflow/.local/lib/python3.12/site-packages/airflow/example_dags/example_short_circuit_operator.py for tasks to queue
[2026-08-08T17:32:18.367+0000] {logging_mixin.py:190} INFO - [2026-08-08T17:32:18.367+0000] {dagbag.py:587} INFO - Filling up the DagBag from /home/airflow/.local/lib/python3.12/site-packages/airflow/example_dags/example_short_circuit_operator.py
[2026-08-08T17:32:18.375+0000] {processor.py:925} INFO - DAG(s) 'example_short_circuit_operator' retrieved from /home/airflow/.local/lib/python3.12/site-packages/airflow/example_dags/example_short_circuit_operator.py
[2026-08-08T17:32:18.400+0000] {logging_mixin.py:190} INFO - [2026-08-08T17:32:18.399+0000] {dag.py:3211} INFO - Sync 1 DAGs
[2026-08-08T17:32:18.419+0000] {logging_mixin.py:190} INFO - [2026-08-08T17:32:18.419+0000] {dag.py:4138} INFO - Setting next_dagrun for example_short_circuit_operator to 2026-08-07 00:00:00+00:00, run_after=2026-08-08 00:00:00+00:00
[2026-08-08T17:32:18.437+0000] {processor.py:208} INFO - Processing /home/airflow/.local/lib/python3.12/site-packages/airflow/example_dags/example_short_circuit_operator.py took 0.080 seconds
[2026-08-08T17:32:48.774+0000] {processor.py:186} INFO - Started process (PID=1044) to work on /home/airflow/.local/lib/python3.12/site-packages/airflow/example_dags/example_short_circuit_operator.py
[2026-08-08T17:32:48.776+0000] {processor.py:914} INFO - Processing file /home/airflow/.local/lib/python3.12/site-packages/airflow/example_dags/example_short_circuit_operator.py for tasks to queue
[2026-08-08T17:32:48.779+0000] {logging_mixin.py:190} INFO - [2026-08-08T17:32:48.778+0000] {dagbag.py:587} INFO - Filling up the DagBag from /home/airflow/.local/lib/python3.12/site-packages/airflow/example_dags/example_short_circuit_operator.py
[2026-08-08T17:32:48.789+0000] {processor.py:925} INFO - DAG(s) 'example_short_circuit_operator' retrieved from /home/airflow/.local/lib/python3.12/site-packages/airflow/example_dags/example_short_circuit_operator.py
[2026-08-08T17:32:48.816+0000] {logging_mixin.py:190} INFO - [2026-08-08T17:32:48.816+0000] {dag.py:3211} INFO - Sync 1 DAGs
[2026-08-08T17:32:48.841+0000] {logging_mixin.py:190} INFO - [2026-08-08T17:32:48.841+0000] {dag.py:4138} INFO - Setting next_dagrun for example_short_circuit_operator to 2026-08-07 00:00:00+00:00, run_after=2026-08-08 00:00:00+00:00
[2026-08-08T17:32:48.867+0000] {processor.py:208} INFO - Processing /home/airflow/.local/lib/python3.12/site-packages/airflow/example_dags/example_short_circuit_operator.py took 0.099 seconds
[2026-08-08T17:33:19.525+0000] {processor.py:186} INFO - Started process (PID=1107) to work on /home/airflow/.local/lib/python3.12/site-packages/airflow/example_dags/example_short_circuit_operator.py
[2026-08-08T17:33:19.527+0000] {processor.py:914} INFO - Processing file /home/airflow/.local/lib/python3.12/site-packages/airflow/example_dags/example_short_circuit_operator.py for tasks to queue
[2026-08-08T17:33:19.531+0000] {logging_mixin.py:190} INFO - [2026-08-08T17:33:19.530+0000] {dagbag.py:587} INFO - Filling up the DagBag from /home/airflow/.local/lib/python3.12/site-packages/airflow/example_dags/example_short_circuit_operator.py
[2026-08-08T17:33:19.541+0000] {processor.py:925} INFO - DAG(s) 'example_short_circuit_operator' retrieved from /home/airflow/.local/lib/python3.12/site-packages/airflow/example_dags/example_short_circuit_operator.py
[2026-08-08T17:33:19.563+0000] {logging_mixin.py:190} INFO - [2026-08-08T17:33:19.563+0000] {dag.py:3211} INFO - Sync 1 DAGs
[2026-08-08T17:33:19.581+0000] {logging_mixin.py:190} INFO - [2026-08-08T17:33:19.581+0000] {dag.py:4138} INFO - Setting next_dagrun for example_short_circuit_operator to 2026-08-07 00:00:00+00:00, run_after=2026-08-08 00:00:00+00:00
[2026-08-08T17:33:19.598+0000] {processor.py:208} INFO - Processing /home/airflow/.local/lib/python3.12/site-packages/airflow/example_dags/example_short_circuit_operator.py took 0.080 seconds
[2026-08-08T17:33:49.798+0000] {processor.py:186} INFO - Started process (PID=1170) to work on /home/airflow/.local/lib/python3.12/site-packages/airflow/example_dags/example_short_circuit_operator.py
[2026-08-08T17:33:49.799+0000] {processor.py:914} INFO - Processing file /home/airflow/.local/lib/python3.12/site-packages/airflow/example_dags/example_short_circuit_operator.py for tasks to queue
[2026-08-08T17:33:49.802+0000] {logging_mixin.py:190} INFO - [2026-08-08T17:33:49.801+0000] {dagbag.py:587} INFO - Filling up the DagBag from /home/airflow/.local/lib/python3.12/site-packages/airflow/example_dags/example_short_circuit_operator.py
[2026-08-08T17:33:49.809+0000] {processor.py:925} INFO - DAG(s) 'example_short_circuit_operator' retrieved from /home/airflow/.local/lib/python3.12/site-packages/airflow/example_dags/example_short_circuit_operator.py
[2026-08-08T17:33:49.830+0000] {logging_mixin.py:190} INFO - [2026-08-08T17:33:49.830+0000] {dag.py:3211} INFO - Sync 1 DAGs
[2026-08-08T17:33:49.851+0000] {logging_mixin.py:190} INFO - [2026-08-08T17:33:49.851+0000] {dag.py:4138} INFO - Setting next_dagrun for example_short_circuit_operator to 2026-08-07 00:00:00+00:00, run_after=2026-08-08 00:00:00+00:00
[2026-08-08T17:33:49.868+0000] {processor.py:208} INFO - Processing /home/airflow/.local/lib/python3.12/site-packages/airflow/example_dags/example_short_circuit_operator.py took 0.075 seconds
[2026-08-08T17:34:20.136+0000] {processor.py:186} INFO - Started process (PID=1233) to work on /home/airflow/.local/lib/python3.12/site-packages/airflow/example_dags/example_short_circuit_operator.py
[2026-08-08T17:34:20.137+0000] {processor.py:914} INFO - Processing file /home/airflow/.local/lib/python3.12/site-packages/airflow/example_dags/example_short_circuit_operator.py for tasks to queue
[2026-08-08T17:34:20.139+0000] {logging_mixin.py:190} INFO - [2026-08-08T17:34:20.139+0000] {dagbag.py:587} INFO - Filling up the DagBag from /home/airflow/.local/lib/python3.12/site-packages/airflow/example_dags/example_short_circuit_operator.py
[2026-08-08T17:34:20.147+0000] {processor.py:925} INFO - DAG(s) 'example_short_circuit_operator' retrieved from /home/airflow/.local/lib/python3.12/site-packages/airflow/example_dags/example_short_circuit_operator.py
[2026-08-08T17:34:20.166+0000] {logging_mixin.py:190} INFO - [2026-08-08T17:34:20.166+0000] {dag.py:3211} INFO - Sync 1 DAGs
[2026-08-08T17:34:20.183+0000] {logging_mixin.py:190} INFO - [2026-08-08T17:34:20.183+0000] {dag.py:4138} INFO - Setting next_dagrun for example_short_circuit_operator to 2026-08-07 00:00:00+00:00, run_after=2026-08-08 00:00:00+00:00
[2026-08-08T17:34:20.200+0000] {processor.py:208} INFO - Processing /home/airflow/.local/lib/python3.12/site-packages/airflow/example_dags/example_short_circuit_operator.py took 0.070 seconds
[2026-08-08T17:34:51.044+0000] {processor.py:186} INFO - Started process (PID=1296) to work on /home/airflow/.local/lib/python3.12/site-packages/airflow/example_dags/example_short_circuit_operator.py
[2026-08-08T17:34:51.045+0000] {processor.py:914} INFO - Processing file /home/airflow/.local/lib/python3.12/site-packages/airflow/example_dags/example_short_circuit_operator.py for tasks to queue
[2026-08-08T17:34:51.047+0000] {logging_mixin.py:190} INFO - [2026-08-08T17:34:51.047+0000] {dagbag.py:587} INFO - Filling up the DagBag from /home/airflow/.local/lib/python3.12/site-packages/airflow/example_dags/example_short_circuit_operator.py
[2026-08-08T17:34:51.055+0000] {processor.py:925} INFO - DAG(s) 'example_short_circuit_operator' retrieved from /home/airflow/.local/lib/python3.12/site-packages/airflow/example_dags/example_short_circuit_operator.py
[2026-08-08T17:34:51.075+0000] {logging_mixin.py:190} INFO - [2026-08-08T17:34:51.074+0000] {dag.py:3211} INFO - Sync 1 DAGs
[2026-08-08T17:34:51.094+0000] {logging_mixin.py:190} INFO - [2026-08-08T17:34:51.094+0000] {dag.py:4138} INFO - Setting next_dagrun for example_short_circuit_operator to 2026-08-07 00:00:00+00:00, run_after=2026-08-08 00:00:00+00:00
[2026-08-08T17:34:51.110+0000] {processor.py:208} INFO - Processing /home/airflow/.local/lib/python3.12/site-packages/airflow/example_dags/example_short_circuit_operator.py took 0.071 seconds
[2026-08-08T17:35:21.671+0000] {processor.py:186} INFO - Started process (PID=1359) to work on /home/airflow/.local/lib/python3.12/site-packages/airflow/example_dags/example_short_circuit_operator.py
[2026-08-08T17:35:21.672+0000] {processor.py:914} INFO - Processing file /home/airflow/.local/lib/python3.12/site-packages/airflow/example_dags/example_short_circuit_operator.py for tasks to queue
[2026-08-08T17:35:21.675+0000] {logging_mixin.py:190} INFO - [2026-08-08T17:35:21.674+0000] {dagbag.py:587} INFO - Filling up the DagBag from /home/airflow/.local/lib/python3.12/site-packages/airflow/example_dags/example_short_circuit_operator.py
[2026-08-08T17:35:21.684+0000] {processor.py:925} INFO - DAG(s) 'example_short_circuit_operator' retrieved from /home/airflow/.local/lib/python3.12/site-packages/airflow/example_dags/example_short_circuit_operator.py
[2026-08-08T17:35:21.703+0000] {logging_mixin.py:190} INFO - [2026-08-08T17:35:21.703+0000] {dag.py:3211} INFO - Sync 1 DAGs
[2026-08-08T17:35:21.722+0000] {logging_mixin.py:190} INFO - [2026-08-08T17:35:21.722+0000] {dag.py:4138} INFO - Setting next_dagrun for example_short_circuit_operator to 2026-08-07 00:00:00+00:00, run_after=2026-08-08 00:00:00+00:00
[2026-08-08T17:35:21.739+0000] {processor.py:208} INFO - Processing /home/airflow/.local/lib/python3.12/site-packages/airflow/example_dags/example_short_circuit_operator.py took 0.073 seconds
[2026-08-08T17:35:52.765+0000] {processor.py:186} INFO - Started process (PID=1422) to work on /home/airflow/.local/lib/python3.12/site-packages/airflow/example_dags/example_short_circuit_operator.py
[2026-08-08T17:35:52.766+0000] {processor.py:914} INFO - Processing file /home/airflow/.local/lib/python3.12/site-packages/airflow/example_dags/example_short_circuit_operator.py for tasks to queue
[2026-08-08T17:35:52.769+0000] {logging_mixin.py:190} INFO - [2026-08-08T17:35:52.768+0000] {dagbag.py:587} INFO - Filling up the DagBag from /home/airflow/.local/lib/python3.12/site-packages/airflow/example_dags/example_short_circuit_operator.py
[2026-08-08T17:35:52.778+0000] {processor.py:925} INFO - DAG(s) 'example_short_circuit_operator' retrieved from /home/airflow/.local/lib/python3.12/site-packages/airflow/example_dags/example_short_circuit_operator.py
[2026-08-08T17:35:52.798+0000] {logging_mixin.py:190} INFO - [2026-08-08T17:35:52.798+0000] {dag.py:3211} INFO - Sync 1 DAGs
[2026-08-08T17:35:52.815+0000] {logging_mixin.py:190} INFO - [2026-08-08T17:35:52.815+0000] {dag.py:4138} INFO - Setting next_dagrun for example_short_circuit_operator to 2026-08-07 00:00:00+00:00, run_after=2026-08-08 00:00:00+00:00
[2026-08-08T17:35:52.834+0000] {processor.py:208} INFO - Processing /home/airflow/.local/lib/python3.12/site-packages/airflow/example_dags/example_short_circuit_operator.py took 0.075 seconds
[2026-08-08T17:36:23.429+0000] {processor.py:186} INFO - Started process (PID=1485) to work on /home/airflow/.local/lib/python3.12/site-packages/airflow/example_dags/example_short_circuit_operator.py
[2026-08-08T17:36:23.431+0000] {processor.py:914} INFO - Processing file /home/airflow/.local/lib/python3.12/site-packages/airflow/example_dags/example_short_circuit_operator.py for tasks to queue
[2026-08-08T17:36:23.433+0000] {logging_mixin.py:190} INFO - [2026-08-08T17:36:23.433+0000] {dagbag.py:587} INFO - Filling up the DagBag from /home/airflow/.local/lib/python3.12/site-packages/airflow/example_dags/example_short_circuit_operator.py
[2026-08-08T17:36:23.443+0000] {processor.py:925} INFO - DAG(s) 'example_short_circuit_operator' retrieved from /home/airflow/.local/lib/python3.12/site-packages/airflow/example_dags/example_short_circuit_operator.py
[2026-08-08T17:36:23.465+0000] {logging_mixin.py:190} INFO - [2026-08-08T17:36:23.465+0000] {dag.py:3211} INFO - Sync 1 DAGs
[2026-08-08T17:36:23.482+0000] {logging_mixin.py:190} INFO - [2026-08-08T17:36:23.482+0000] {dag.py:4138} INFO - Setting next_dagrun for example_short_circuit_operator to 2026-08-07 00:00:00+00:00, run_after=2026-08-08 00:00:00+00:00
[2026-08-08T17:36:23.497+0000] {processor.py:208} INFO - Processing /home/airflow/.local/lib/python3.12/site-packages/airflow/example_dags/example_short_circuit_operator.py took 0.074 seconds
[2026-08-08T17:38:16.134+0000] {processor.py:186} INFO - Started process (PID=88) to work on /home/airflow/.local/lib/python3.12/site-packages/airflow/example_dags/example_short_circuit_operator.py
[2026-08-08T17:38:16.136+0000] {processor.py:914} INFO - Processing file /home/airflow/.local/lib/python3.12/site-packages/airflow/example_dags/example_short_circuit_operator.py for tasks to queue
[2026-08-08T17:38:16.138+0000] {logging_mixin.py:190} INFO - [2026-08-08T17:38:16.138+0000] {dagbag.py:587} INFO - Filling up the DagBag from /home/airflow/.local/lib/python3.12/site-packages/airflow/example_dags/example_short_circuit_operator.py
[2026-08-08T17:38:16.147+0000] {processor.py:925} INFO - DAG(s) 'example_short_circuit_operator' retrieved from /home/airflow/.local/lib/python3.12/site-packages/airflow/example_dags/example_short_circuit_operator.py
[2026-08-08T17:38:16.170+0000] {logging_mixin.py:190} INFO - [2026-08-08T17:38:16.170+0000] {dag.py:3211} INFO - Sync 1 DAGs
[2026-08-08T17:38:16.191+0000] {logging_mixin.py:190} INFO - [2026-08-08T17:38:16.191+0000] {dag.py:4138} INFO - Setting next_dagrun for example_short_circuit_operator to 2026-08-07 00:00:00+00:00, run_after=2026-08-08 00:00:00+00:00
[2026-08-08T17:38:16.212+0000] {processor.py:208} INFO - Processing /home/airflow/.local/lib/python3.12/site-packages/airflow/example_dags/example_short_circuit_operator.py took 0.083 seconds
[2026-08-08T17:38:47.043+0000] {processor.py:186} INFO - Started process (PID=151) to work on /home/airflow/.local/lib/python3.12/site-packages/airflow/example_dags/example_short_circuit_operator.py
[2026-08-08T17:38:47.045+0000] {processor.py:914} INFO - Processing file /home/airflow/.local/lib/python3.12/site-packages/airflow/example_dags/example_short_circuit_operator.py for tasks to queue
[2026-08-08T17:38:47.049+0000] {logging_mixin.py:190} INFO - [2026-08-08T17:38:47.048+0000] {dagbag.py:587} INFO - Filling up the DagBag from /home/airflow/.local/lib/python3.12/site-packages/airflow/example_dags/example_short_circuit_operator.py
[2026-08-08T17:38:47.058+0000] {processor.py:925} INFO - DAG(s) 'example_short_circuit_operator' retrieved from /home/airflow/.local/lib/python3.12/site-packages/airflow/example_dags/example_short_circuit_operator.py
[2026-08-08T17:38:47.085+0000] {logging_mixin.py:190} INFO - [2026-08-08T17:38:47.085+0000] {dag.py:3211} INFO - Sync 1 DAGs
[2026-08-08T17:38:47.112+0000] {logging_mixin.py:190} INFO - [2026-08-08T17:38:47.112+0000] {dag.py:4138} INFO - Setting next_dagrun for example_short_circuit_operator to 2026-08-07 00:00:00+00:00, run_after=2026-08-08 00:00:00+00:00
[2026-08-08T17:38:47.137+0000] {processor.py:208} INFO - Processing /home/airflow/.local/lib/python3.12/site-packages/airflow/example_dags/example_short_circuit_operator.py took 0.101 seconds
[2026-08-08T17:39:18.035+0000] {processor.py:186} INFO - Started process (PID=214) to work on /home/airflow/.local/lib/python3.12/site-packages/airflow/example_dags/example_short_circuit_operator.py
[2026-08-08T17:39:18.037+0000] {processor.py:914} INFO - Processing file /home/airflow/.local/lib/python3.12/site-packages/airflow/example_dags/example_short_circuit_operator.py for tasks to queue
[2026-08-08T17:39:18.040+0000] {logging_mixin.py:190} INFO - [2026-08-08T17:39:18.039+0000] {dagbag.py:587} INFO - Filling up the DagBag from /home/airflow/.local/lib/python3.12/site-packages/airflow/example_dags/example_short_circuit_operator.py
[2026-08-08T17:39:18.049+0000] {processor.py:925} INFO - DAG(s) 'example_short_circuit_operator' retrieved from /home/airflow/.local/lib/python3.12/site-packages/airflow/example_dags/example_short_circuit_operator.py
[2026-08-08T17:39:18.075+0000] {logging_mixin.py:190} INFO - [2026-08-08T17:39:18.075+0000] {dag.py:3211} INFO - Sync 1 DAGs
[2026-08-08T17:39:18.098+0000] {logging_mixin.py:190} INFO - [2026-08-08T17:39:18.098+0000] {dag.py:4138} INFO - Setting next_dagrun for example_short_circuit_operator to 2026-08-07 00:00:00+00:00, run_after=2026-08-08 00:00:00+00:00
[2026-08-08T17:39:18.122+0000] {processor.py:208} INFO - Processing /home/airflow/.local/lib/python3.12/site-packages/airflow/example_dags/example_short_circuit_operator.py took 0.093 seconds
[2026-08-08T17:39:48.213+0000] {processor.py:186} INFO - Started process (PID=277) to work on /home/airflow/.local/lib/python3.12/site-packages/airflow/example_dags/example_short_circuit_operator.py
[2026-08-08T17:39:48.215+0000] {processor.py:914} INFO - Processing file /home/airflow/.local/lib/python3.12/site-packages/airflow/example_dags/example_short_circuit_operator.py for tasks to queue
[2026-08-08T17:39:48.217+0000] {logging_mixin.py:190} INFO - [2026-08-08T17:39:48.217+0000] {dagbag.py:587} INFO - Filling up the DagBag from /home/airflow/.local/lib/python3.12/site-packages/airflow/example_dags/example_short_circuit_operator.py
[2026-08-08T17:39:48.226+0000] {processor.py:925} INFO - DAG(s) 'example_short_circuit_operator' retrieved from /home/airflow/.local/lib/python3.12/site-packages/airflow/example_dags/example_short_circuit_operator.py
[2026-08-08T17:39:48.247+0000] {logging_mixin.py:190} INFO - [2026-08-08T17:39:48.247+0000] {dag.py:3211} INFO - Sync 1 DAGs
[2026-08-08T17:39:48.266+0000] {logging_mixin.py:190} INFO - [2026-08-08T17:39:48.266+0000] {dag.py:4138} INFO - Setting next_dagrun for example_short_circuit_operator to 2026-08-07 00:00:00+00:00, run_after=2026-08-08 00:00:00+00:00
[2026-08-08T17:39:48.291+0000] {processor.py:208} INFO - Processing /home/airflow/.local/lib/python3.12/site-packages/airflow/example_dags/example_short_circuit_operator.py took 0.082 seconds
[2026-08-08T17:42:40.336+0000] {processor.py:186} INFO - Started process (PID=100) to work on /home/airflow/.local/lib/python3.12/site-packages/airflow/example_dags/example_short_circuit_operator.py
[2026-08-08T17:42:40.337+0000] {processor.py:914} INFO - Processing file /home/airflow/.local/lib/python3.12/site-packages/airflow/example_dags/example_short_circuit_operator.py for tasks to queue
[2026-08-08T17:42:40.340+0000] {logging_mixin.py:190} INFO - [2026-08-08T17:42:40.340+0000] {dagbag.py:587} INFO - Filling up the DagBag from /home/airflow/.local/lib/python3.12/site-packages/airflow/example_dags/example_short_circuit_operator.py
[2026-08-08T17:42:40.352+0000] {processor.py:925} INFO - DAG(s) 'example_short_circuit_operator' retrieved from /home/airflow/.local/lib/python3.12/site-packages/airflow/example_dags/example_short_circuit_operator.py
[2026-08-08T17:42:40.378+0000] {logging_mixin.py:190} INFO - [2026-08-08T17:42:40.378+0000] {dag.py:3211} INFO - Sync 1 DAGs
[2026-08-08T17:42:40.406+0000] {logging_mixin.py:190} INFO - [2026-08-08T17:42:40.406+0000] {dag.py:4138} INFO - Setting next_dagrun for example_short_circuit_operator to 2026-08-07 00:00:00+00:00, run_after=2026-08-08 00:00:00+00:00
[2026-08-08T17:42:40.431+0000] {processor.py:208} INFO - Processing /home/airflow/.local/lib/python3.12/site-packages/airflow/example_dags/example_short_circuit_operator.py took 0.102 seconds
[2026-08-08T17:43:10.807+0000] {processor.py:186} INFO - Started process (PID=163) to work on /home/airflow/.local/lib/python3.12/site-packages/airflow/example_dags/example_short_circuit_operator.py
[2026-08-08T17:43:10.808+0000] {processor.py:914} INFO - Processing file /home/airflow/.local/lib/python3.12/site-packages/airflow/example_dags/example_short_circuit_operator.py for tasks to queue
[2026-08-08T17:43:10.812+0000] {logging_mixin.py:190} INFO - [2026-08-08T17:43:10.812+0000] {dagbag.py:587} INFO - Filling up the DagBag from /home/airflow/.local/lib/python3.12/site-packages/airflow/example_dags/example_short_circuit_operator.py
[2026-08-08T17:43:10.826+0000] {processor.py:925} INFO - DAG(s) 'example_short_circuit_operator' retrieved from /home/airflow/.local/lib/python3.12/site-packages/airflow/example_dags/example_short_circuit_operator.py
[2026-08-08T17:43:10.861+0000] {logging_mixin.py:190} INFO - [2026-08-08T17:43:10.860+0000] {dag.py:3211} INFO - Sync 1 DAGs
[2026-08-08T17:43:10.891+0000] {logging_mixin.py:190} INFO - [2026-08-08T17:43:10.891+0000] {dag.py:4138} INFO - Setting next_dagrun for example_short_circuit_operator to 2026-08-07 00:00:00+00:00, run_after=2026-08-08 00:00:00+00:00
[2026-08-08T17:43:10.920+0000] {processor.py:208} INFO - Processing /home/airflow/.local/lib/python3.12/site-packages/airflow/example_dags/example_short_circuit_operator.py took 0.124 seconds
[2026-08-08T17:43:41.845+0000] {processor.py:186} INFO - Started process (PID=226) to work on /home/airflow/.local/lib/python3.12/site-packages/airflow/example_dags/example_short_circuit_operator.py
[2026-08-08T17:43:41.847+0000] {processor.py:914} INFO - Processing file /home/airflow/.local/lib/python3.12/site-packages/airflow/example_dags/example_short_circuit_operator.py for tasks to queue
[2026-08-08T17:43:41.850+0000] {logging_mixin.py:190} INFO - [2026-08-08T17:43:41.850+0000] {dagbag.py:587} INFO - Filling up the DagBag from /home/airflow/.local/lib/python3.12/site-packages/airflow/example_dags/example_short_circuit_operator.py
[2026-08-08T17:43:41.861+0000] {processor.py:925} INFO - DAG(s) 'example_short_circuit_operator' retrieved from /home/airflow/.local/lib/python3.12/site-packages/airflow/example_dags/example_short_circuit_operator.py
[2026-08-08T17:43:41.891+0000] {logging_mixin.py:190} INFO - [2026-08-08T17:43:41.891+0000] {dag.py:3211} INFO - Sync 1 DAGs
[2026-08-08T17:43:41.918+0000] {logging_mixin.py:190} INFO - [2026-08-08T17:43:41.917+0000] {dag.py:4138} INFO - Setting next_dagrun for example_short_circuit_operator to 2026-08-07 00:00:00+00:00, run_after=2026-08-08 00:00:00+00:00
[2026-08-08T17:43:41.942+0000] {processor.py:208} INFO - Processing /home/airflow/.local/lib/python3.12/site-packages/airflow/example_dags/example_short_circuit_operator.py took 0.105 seconds
[2026-08-08T17:44:12.966+0000] {processor.py:186} INFO - Started process (PID=289) to work on /home/airflow/.local/lib/python3.12/site-packages/airflow/example_dags/example_short_circuit_operator.py
[2026-08-08T17:44:12.967+0000] {processor.py:914} INFO - Processing file /home/airflow/.local/lib/python3.12/site-packages/airflow/example_dags/example_short_circuit_operator.py for tasks to queue
[2026-08-08T17:44:12.970+0000] {logging_mixin.py:190} INFO - [2026-08-08T17:44:12.970+0000] {dagbag.py:587} INFO - Filling up the DagBag from /home/airflow/.local/lib/python3.12/site-packages/airflow/example_dags/example_short_circuit_operator.py
[2026-08-08T17:44:12.979+0000] {processor.py:925} INFO - DAG(s) 'example_short_circuit_operator' retrieved from /home/airflow/.local/lib/python3.12/site-packages/airflow/example_dags/example_short_circuit_operator.py
[2026-08-08T17:44:13.004+0000] {logging_mixin.py:190} INFO - [2026-08-08T17:44:13.004+0000] {dag.py:3211} INFO - Sync 1 DAGs
[2026-08-08T17:44:13.028+0000] {logging_mixin.py:190} INFO - [2026-08-08T17:44:13.028+0000] {dag.py:4138} INFO - Setting next_dagrun for example_short_circuit_operator to 2026-08-07 00:00:00+00:00, run_after=2026-08-08 00:00:00+00:00
[2026-08-08T17:44:13.051+0000] {processor.py:208} INFO - Processing /home/airflow/.local/lib/python3.12/site-packages/airflow/example_dags/example_short_circuit_operator.py took 0.092 seconds
[2026-08-08T17:44:43.711+0000] {processor.py:186} INFO - Started process (PID=352) to work on /home/airflow/.local/lib/python3.12/site-packages/airflow/example_dags/example_short_circuit_operator.py
[2026-08-08T17:44:43.712+0000] {processor.py:914} INFO - Processing file /home/airflow/.local/lib/python3.12/site-packages/airflow/example_dags/example_short_circuit_operator.py for tasks to queue
[2026-08-08T17:44:43.715+0000] {logging_mixin.py:190} INFO - [2026-08-08T17:44:43.715+0000] {dagbag.py:587} INFO - Filling up the DagBag from /home/airflow/.local/lib/python3.12/site-packages/airflow/example_dags/example_short_circuit_operator.py
[2026-08-08T17:44:43.722+0000] {processor.py:925} INFO - DAG(s) 'example_short_circuit_operator' retrieved from /home/airflow/.local/lib/python3.12/site-packages/airflow/example_dags/example_short_circuit_operator.py
[2026-08-08T17:44:43.746+0000] {logging_mixin.py:190} INFO - [2026-08-08T17:44:43.746+0000] {dag.py:3211} INFO - Sync 1 DAGs
[2026-08-08T17:44:43.762+0000] {logging_mixin.py:190} INFO - [2026-08-08T17:44:43.762+0000] {dag.py:4138} INFO - Setting next_dagrun for example_short_circuit_operator to 2026-08-07 00:00:00+00:00, run_after=2026-08-08 00:00:00+00:00
[2026-08-08T17:44:43.779+0000] {processor.py:208} INFO - Processing /home/airflow/.local/lib/python3.12/site-packages/airflow/example_dags/example_short_circuit_operator.py took 0.072 seconds
[2026-08-08T17:45:14.089+0000] {processor.py:186} INFO - Started process (PID=415) to work on /home/airflow/.local/lib/python3.12/site-packages/airflow/example_dags/example_short_circuit_operator.py
[2026-08-08T17:45:14.091+0000] {processor.py:914} INFO - Processing file /home/airflow/.local/lib/python3.12/site-packages/airflow/example_dags/example_short_circuit_operator.py for tasks to queue
[2026-08-08T17:45:14.093+0000] {logging_mixin.py:190} INFO - [2026-08-08T17:45:14.093+0000] {dagbag.py:587} INFO - Filling up the DagBag from /home/airflow/.local/lib/python3.12/site-packages/airflow/example_dags/example_short_circuit_operator.py
[2026-08-08T17:45:14.102+0000] {processor.py:925} INFO - DAG(s) 'example_short_circuit_operator' retrieved from /home/airflow/.local/lib/python3.12/site-packages/airflow/example_dags/example_short_circuit_operator.py
[2026-08-08T17:45:14.123+0000] {logging_mixin.py:190} INFO - [2026-08-08T17:45:14.123+0000] {dag.py:3211} INFO - Sync 1 DAGs
[2026-08-08T17:45:14.143+0000] {logging_mixin.py:190} INFO - [2026-08-08T17:45:14.142+0000] {dag.py:4138} INFO - Setting next_dagrun for example_short_circuit_operator to 2026-08-07 00:00:00+00:00, run_after=2026-08-08 00:00:00+00:00
[2026-08-08T17:45:14.162+0000] {processor.py:208} INFO - Processing /home/airflow/.local/lib/python3.12/site-packages/airflow/example_dags/example_short_circuit_operator.py took 0.079 seconds
[2026-08-08T17:45:44.487+0000] {processor.py:186} INFO - Started process (PID=478) to work on /home/airflow/.local/lib/python3.12/site-packages/airflow/example_dags/example_short_circuit_operator.py
[2026-08-08T17:45:44.488+0000] {processor.py:914} INFO - Processing file /home/airflow/.local/lib/python3.12/site-packages/airflow/example_dags/example_short_circuit_operator.py for tasks to queue
[2026-08-08T17:45:44.492+0000] {logging_mixin.py:190} INFO - [2026-08-08T17:45:44.491+0000] {dagbag.py:587} INFO - Filling up the DagBag from /home/airflow/.local/lib/python3.12/site-packages/airflow/example_dags/example_short_circuit_operator.py
[2026-08-08T17:45:44.502+0000] {processor.py:925} INFO - DAG(s) 'example_short_circuit_operator' retrieved from /home/airflow/.local/lib/python3.12/site-packages/airflow/example_dags/example_short_circuit_operator.py
[2026-08-08T17:45:44.523+0000] {logging_mixin.py:190} INFO - [2026-08-08T17:45:44.522+0000] {dag.py:3211} INFO - Sync 1 DAGs
[2026-08-08T17:45:44.541+0000] {logging_mixin.py:190} INFO - [2026-08-08T17:45:44.540+0000] {dag.py:4138} INFO - Setting next_dagrun for example_short_circuit_operator to 2026-08-07 00:00:00+00:00, run_after=2026-08-08 00:00:00+00:00
[2026-08-08T17:45:44.561+0000] {processor.py:208} INFO - Processing /home/airflow/.local/lib/python3.12/site-packages/airflow/example_dags/example_short_circuit_operator.py took 0.079 seconds
[2026-08-08T17:47:14.104+0000] {processor.py:186} INFO - Started process (PID=101) to work on /home/airflow/.local/lib/python3.12/site-packages/airflow/example_dags/example_short_circuit_operator.py
[2026-08-08T17:47:14.106+0000] {processor.py:914} INFO - Processing file /home/airflow/.local/lib/python3.12/site-packages/airflow/example_dags/example_short_circuit_operator.py for tasks to queue
[2026-08-08T17:47:14.109+0000] {logging_mixin.py:190} INFO - [2026-08-08T17:47:14.109+0000] {dagbag.py:587} INFO - Filling up the DagBag from /home/airflow/.local/lib/python3.12/site-packages/airflow/example_dags/example_short_circuit_operator.py
[2026-08-08T17:47:14.119+0000] {processor.py:925} INFO - DAG(s) 'example_short_circuit_operator' retrieved from /home/airflow/.local/lib/python3.12/site-packages/airflow/example_dags/example_short_circuit_operator.py
[2026-08-08T17:47:14.148+0000] {logging_mixin.py:190} INFO - [2026-08-08T17:47:14.148+0000] {dag.py:3211} INFO - Sync 1 DAGs
[2026-08-08T17:47:14.172+0000] {logging_mixin.py:190} INFO - [2026-08-08T17:47:14.172+0000] {dag.py:4138} INFO - Setting next_dagrun for example_short_circuit_operator to 2026-08-07 00:00:00+00:00, run_after=2026-08-08 00:00:00+00:00
[2026-08-08T17:47:14.194+0000] {processor.py:208} INFO - Processing /home/airflow/.local/lib/python3.12/site-packages/airflow/example_dags/example_short_circuit_operator.py took 0.098 seconds
[2026-08-08T17:47:44.835+0000] {processor.py:186} INFO - Started process (PID=164) to work on /home/airflow/.local/lib/python3.12/site-packages/airflow/example_dags/example_short_circuit_operator.py
[2026-08-08T17:47:44.837+0000] {processor.py:914} INFO - Processing file /home/airflow/.local/lib/python3.12/site-packages/airflow/example_dags/example_short_circuit_operator.py for tasks to queue
[2026-08-08T17:47:44.840+0000] {logging_mixin.py:190} INFO - [2026-08-08T17:47:44.839+0000] {dagbag.py:587} INFO - Filling up the DagBag from /home/airflow/.local/lib/python3.12/site-packages/airflow/example_dags/example_short_circuit_operator.py
[2026-08-08T17:47:44.852+0000] {processor.py:925} INFO - DAG(s) 'example_short_circuit_operator' retrieved from /home/airflow/.local/lib/python3.12/site-packages/airflow/example_dags/example_short_circuit_operator.py
[2026-08-08T17:47:44.876+0000] {logging_mixin.py:190} INFO - [2026-08-08T17:47:44.875+0000] {dag.py:3211} INFO - Sync 1 DAGs
[2026-08-08T17:47:44.899+0000] {logging_mixin.py:190} INFO - [2026-08-08T17:47:44.899+0000] {dag.py:4138} INFO - Setting next_dagrun for example_short_circuit_operator to 2026-08-07 00:00:00+00:00, run_after=2026-08-08 00:00:00+00:00
[2026-08-08T17:47:44.922+0000] {processor.py:208} INFO - Processing /home/airflow/.local/lib/python3.12/site-packages/airflow/example_dags/example_short_circuit_operator.py took 0.095 seconds
[2026-08-08T17:48:16.176+0000] {processor.py:186} INFO - Started process (PID=233) to work on /home/airflow/.local/lib/python3.12/site-packages/airflow/example_dags/example_short_circuit_operator.py
[2026-08-08T17:48:16.178+0000] {processor.py:914} INFO - Processing file /home/airflow/.local/lib/python3.12/site-packages/airflow/example_dags/example_short_circuit_operator.py for tasks to queue
[2026-08-08T17:48:16.180+0000] {logging_mixin.py:190} INFO - [2026-08-08T17:48:16.180+0000] {dagbag.py:587} INFO - Filling up the DagBag from /home/airflow/.local/lib/python3.12/site-packages/airflow/example_dags/example_short_circuit_operator.py
[2026-08-08T17:48:16.190+0000] {processor.py:925} INFO - DAG(s) 'example_short_circuit_operator' retrieved from /home/airflow/.local/lib/python3.12/site-packages/airflow/example_dags/example_short_circuit_operator.py
[2026-08-08T17:48:16.216+0000] {logging_mixin.py:190} INFO - [2026-08-08T17:48:16.215+0000] {dag.py:3211} INFO - Sync 1 DAGs
[2026-08-08T17:48:16.240+0000] {logging_mixin.py:190} INFO - [2026-08-08T17:48:16.240+0000] {dag.py:4138} INFO - Setting next_dagrun for example_short_circuit_operator to 2026-08-07 00:00:00+00:00, run_after=2026-08-08 00:00:00+00:00
[2026-08-08T17:48:16.264+0000] {processor.py:208} INFO - Processing /home/airflow/.local/lib/python3.12/site-packages/airflow/example_dags/example_short_circuit_operator.py took 0.094 seconds
[2026-08-08T17:48:46.703+0000] {processor.py:186} INFO - Started process (PID=296) to work on /home/airflow/.local/lib/python3.12/site-packages/airflow/example_dags/example_short_circuit_operator.py
[2026-08-08T17:48:46.705+0000] {processor.py:914} INFO - Processing file /home/airflow/.local/lib/python3.12/site-packages/airflow/example_dags/example_short_circuit_operator.py for tasks to queue
[2026-08-08T17:48:46.708+0000] {logging_mixin.py:190} INFO - [2026-08-08T17:48:46.708+0000] {dagbag.py:587} INFO - Filling up the DagBag from /home/airflow/.local/lib/python3.12/site-packages/airflow/example_dags/example_short_circuit_operator.py
[2026-08-08T17:48:46.718+0000] {processor.py:925} INFO - DAG(s) 'example_short_circuit_operator' retrieved from /home/airflow/.local/lib/python3.12/site-packages/airflow/example_dags/example_short_circuit_operator.py
[2026-08-08T17:48:46.747+0000] {logging_mixin.py:190} INFO - [2026-08-08T17:48:46.746+0000] {dag.py:3211} INFO - Sync 1 DAGs
[2026-08-08T17:48:46.774+0000] {logging_mixin.py:190} INFO - [2026-08-08T17:48:46.774+0000] {dag.py:4138} INFO - Setting next_dagrun for example_short_circuit_operator to 2026-08-07 00:00:00+00:00, run_after=2026-08-08 00:00:00+00:00
[2026-08-08T17:48:46.807+0000] {processor.py:208} INFO - Processing /home/airflow/.local/lib/python3.12/site-packages/airflow/example_dags/example_short_circuit_operator.py took 0.111 seconds
[2026-08-08T17:52:37.955+0000] {processor.py:186} INFO - Started process (PID=100) to work on /home/airflow/.local/lib/python3.12/site-packages/airflow/example_dags/example_short_circuit_operator.py
[2026-08-08T17:52:37.957+0000] {processor.py:914} INFO - Processing file /home/airflow/.local/lib/python3.12/site-packages/airflow/example_dags/example_short_circuit_operator.py for tasks to queue
[2026-08-08T17:52:37.961+0000] {logging_mixin.py:190} INFO - [2026-08-08T17:52:37.961+0000] {dagbag.py:587} INFO - Filling up the DagBag from /home/airflow/.local/lib/python3.12/site-packages/airflow/example_dags/example_short_circuit_operator.py
[2026-08-08T17:52:37.973+0000] {processor.py:925} INFO - DAG(s) 'example_short_circuit_operator' retrieved from /home/airflow/.local/lib/python3.12/site-packages/airflow/example_dags/example_short_circuit_operator.py
[2026-08-08T17:52:38.006+0000] {logging_mixin.py:190} INFO - [2026-08-08T17:52:38.006+0000] {dag.py:3211} INFO - Sync 1 DAGs
[2026-08-08T17:52:38.041+0000] {logging_mixin.py:190} INFO - [2026-08-08T17:52:38.040+0000] {dag.py:4138} INFO - Setting next_dagrun for example_short_circuit_operator to 2026-08-07 00:00:00+00:00, run_after=2026-08-08 00:00:00+00:00
[2026-08-08T17:52:38.079+0000] {processor.py:208} INFO - Processing /home/airflow/.local/lib/python3.12/site-packages/airflow/example_dags/example_short_circuit_operator.py took 0.131 seconds
[2026-08-08T17:53:08.558+0000] {processor.py:186} INFO - Started process (PID=163) to work on /home/airflow/.local/lib/python3.12/site-packages/airflow/example_dags/example_short_circuit_operator.py
[2026-08-08T17:53:08.559+0000] {processor.py:914} INFO - Processing file /home/airflow/.local/lib/python3.12/site-packages/airflow/example_dags/example_short_circuit_operator.py for tasks to queue
[2026-08-08T17:53:08.562+0000] {logging_mixin.py:190} INFO - [2026-08-08T17:53:08.562+0000] {dagbag.py:587} INFO - Filling up the DagBag from /home/airflow/.local/lib/python3.12/site-packages/airflow/example_dags/example_short_circuit_operator.py
[2026-08-08T17:53:08.570+0000] {processor.py:925} INFO - DAG(s) 'example_short_circuit_operator' retrieved from /home/airflow/.local/lib/python3.12/site-packages/airflow/example_dags/example_short_circuit_operator.py
[2026-08-08T17:53:08.590+0000] {logging_mixin.py:190} INFO - [2026-08-08T17:53:08.590+0000] {dag.py:3211} INFO - Sync 1 DAGs
[2026-08-08T17:53:08.611+0000] {logging_mixin.py:190} INFO - [2026-08-08T17:53:08.611+0000] {dag.py:4138} INFO - Setting next_dagrun for example_short_circuit_operator to 2026-08-07 00:00:00+00:00, run_after=2026-08-08 00:00:00+00:00
[2026-08-08T17:53:08.628+0000] {processor.py:208} INFO - Processing /home/airflow/.local/lib/python3.12/site-packages/airflow/example_dags/example_short_circuit_operator.py took 0.076 seconds
[2026-08-08T17:53:38.861+0000] {processor.py:186} INFO - Started process (PID=226) to work on /home/airflow/.local/lib/python3.12/site-packages/airflow/example_dags/example_short_circuit_operator.py
[2026-08-08T17:53:38.863+0000] {processor.py:914} INFO - Processing file /home/airflow/.local/lib/python3.12/site-packages/airflow/example_dags/example_short_circuit_operator.py for tasks to queue
[2026-08-08T17:53:38.866+0000] {logging_mixin.py:190} INFO - [2026-08-08T17:53:38.866+0000] {dagbag.py:587} INFO - Filling up the DagBag from /home/airflow/.local/lib/python3.12/site-packages/airflow/example_dags/example_short_circuit_operator.py
[2026-08-08T17:53:38.876+0000] {processor.py:925} INFO - DAG(s) 'example_short_circuit_operator' retrieved from /home/airflow/.local/lib/python3.12/site-packages/airflow/example_dags/example_short_circuit_operator.py
[2026-08-08T17:53:38.902+0000] {logging_mixin.py:190} INFO - [2026-08-08T17:53:38.901+0000] {dag.py:3211} INFO - Sync 1 DAGs
[2026-08-08T17:53:38.923+0000] {logging_mixin.py:190} INFO - [2026-08-08T17:53:38.923+0000] {dag.py:4138} INFO - Setting next_dagrun for example_short_circuit_operator to 2026-08-07 00:00:00+00:00, run_after=2026-08-08 00:00:00+00:00
[2026-08-08T17:53:38.946+0000] {processor.py:208} INFO - Processing /home/airflow/.local/lib/python3.12/site-packages/airflow/example_dags/example_short_circuit_operator.py took 0.091 seconds
[2026-08-08T17:54:09.695+0000] {processor.py:186} INFO - Started process (PID=289) to work on /home/airflow/.local/lib/python3.12/site-packages/airflow/example_dags/example_short_circuit_operator.py
[2026-08-08T17:54:09.697+0000] {processor.py:914} INFO - Processing file /home/airflow/.local/lib/python3.12/site-packages/airflow/example_dags/example_short_circuit_operator.py for tasks to queue
[2026-08-08T17:54:09.704+0000] {logging_mixin.py:190} INFO - [2026-08-08T17:54:09.703+0000] {dagbag.py:587} INFO - Filling up the DagBag from /home/airflow/.local/lib/python3.12/site-packages/airflow/example_dags/example_short_circuit_operator.py
[2026-08-08T17:54:09.719+0000] {processor.py:925} INFO - DAG(s) 'example_short_circuit_operator' retrieved from /home/airflow/.local/lib/python3.12/site-packages/airflow/example_dags/example_short_circuit_operator.py
[2026-08-08T17:54:09.758+0000] {logging_mixin.py:190} INFO - [2026-08-08T17:54:09.758+0000] {dag.py:3211} INFO - Sync 1 DAGs
[2026-08-08T17:54:09.796+0000] {logging_mixin.py:190} INFO - [2026-08-08T17:54:09.795+0000] {dag.py:4138} INFO - Setting next_dagrun for example_short_circuit_operator to 2026-08-07 00:00:00+00:00, run_after=2026-08-08 00:00:00+00:00
[2026-08-08T17:54:09.828+0000] {processor.py:208} INFO - Processing /home/airflow/.local/lib/python3.12/site-packages/airflow/example_dags/example_short_circuit_operator.py took 0.142 seconds
[2026-08-08T17:54:40.744+0000] {processor.py:186} INFO - Started process (PID=352) to work on /home/airflow/.local/lib/python3.12/site-packages/airflow/example_dags/example_short_circuit_operator.py
[2026-08-08T17:54:40.745+0000] {processor.py:914} INFO - Processing file /home/airflow/.local/lib/python3.12/site-packages/airflow/example_dags/example_short_circuit_operator.py for tasks to queue
[2026-08-08T17:54:40.749+0000] {logging_mixin.py:190} INFO - [2026-08-08T17:54:40.748+0000] {dagbag.py:587} INFO - Filling up the DagBag from /home/airflow/.local/lib/python3.12/site-packages/airflow/example_dags/example_short_circuit_operator.py
[2026-08-08T17:54:40.761+0000] {processor.py:925} INFO - DAG(s) 'example_short_circuit_operator' retrieved from /home/airflow/.local/lib/python3.12/site-packages/airflow/example_dags/example_short_circuit_operator.py
[2026-08-08T17:54:40.791+0000] {logging_mixin.py:190} INFO - [2026-08-08T17:54:40.791+0000] {dag.py:3211} INFO - Sync 1 DAGs
[2026-08-08T17:54:40.813+0000] {logging_mixin.py:190} INFO - [2026-08-08T17:54:40.813+0000] {dag.py:4138} INFO - Setting next_dagrun for example_short_circuit_operator to 2026-08-07 00:00:00+00:00, run_after=2026-08-08 00:00:00+00:00
[2026-08-08T17:54:40.840+0000] {processor.py:208} INFO - Processing /home/airflow/.local/lib/python3.12/site-packages/airflow/example_dags/example_short_circuit_operator.py took 0.104 seconds
[2026-08-08T17:55:11.093+0000] {processor.py:186} INFO - Started process (PID=415) to work on /home/airflow/.local/lib/python3.12/site-packages/airflow/example_dags/example_short_circuit_operator.py
[2026-08-08T17:55:11.095+0000] {processor.py:914} INFO - Processing file /home/airflow/.local/lib/python3.12/site-packages/airflow/example_dags/example_short_circuit_operator.py for tasks to queue
[2026-08-08T17:55:11.097+0000] {logging_mixin.py:190} INFO - [2026-08-08T17:55:11.097+0000] {dagbag.py:587} INFO - Filling up the DagBag from /home/airflow/.local/lib/python3.12/site-packages/airflow/example_dags/example_short_circuit_operator.py
[2026-08-08T17:55:11.106+0000] {processor.py:925} INFO - DAG(s) 'example_short_circuit_operator' retrieved from /home/airflow/.local/lib/python3.12/site-packages/airflow/example_dags/example_short_circuit_operator.py
[2026-08-08T17:55:11.126+0000] {logging_mixin.py:190} INFO - [2026-08-08T17:55:11.126+0000] {dag.py:3211} INFO - Sync 1 DAGs
[2026-08-08T17:55:11.145+0000] {logging_mixin.py:190} INFO - [2026-08-08T17:55:11.145+0000] {dag.py:4138} INFO - Setting next_dagrun for example_short_circuit_operator to 2026-08-07 00:00:00+00:00, run_after=2026-08-08 00:00:00+00:00
[2026-08-08T17:55:11.162+0000] {processor.py:208} INFO - Processing /home/airflow/.local/lib/python3.12/site-packages/airflow/example_dags/example_short_circuit_operator.py took 0.076 seconds
[2026-08-08T17:55:41.586+0000] {processor.py:186} INFO - Started process (PID=478) to work on /home/airflow/.local/lib/python3.12/site-packages/airflow/example_dags/example_short_circuit_operator.py
[2026-08-08T17:55:41.588+0000] {processor.py:914} INFO - Processing file /home/airflow/.local/lib/python3.12/site-packages/airflow/example_dags/example_short_circuit_operator.py for tasks to queue
[2026-08-08T17:55:41.590+0000] {logging_mixin.py:190} INFO - [2026-08-08T17:55:41.590+0000] {dagbag.py:587} INFO - Filling up the DagBag from /home/airflow/.local/lib/python3.12/site-packages/airflow/example_dags/example_short_circuit_operator.py
[2026-08-08T17:55:41.599+0000] {processor.py:925} INFO - DAG(s) 'example_short_circuit_operator' retrieved from /home/airflow/.local/lib/python3.12/site-packages/airflow/example_dags/example_short_circuit_operator.py
[2026-08-08T17:55:41.619+0000] {logging_mixin.py:190} INFO - [2026-08-08T17:55:41.619+0000] {dag.py:3211} INFO - Sync 1 DAGs
[2026-08-08T17:55:41.637+0000] {logging_mixin.py:190} INFO - [2026-08-08T17:55:41.636+0000] {dag.py:4138} INFO - Setting next_dagrun for example_short_circuit_operator to 2026-08-07 00:00:00+00:00, run_after=2026-08-08 00:00:00+00:00
[2026-08-08T17:55:41.656+0000] {processor.py:208} INFO - Processing /home/airflow/.local/lib/python3.12/site-packages/airflow/example_dags/example_short_circuit_operator.py took 0.074 seconds
[2026-08-08T17:56:11.899+0000] {processor.py:186} INFO - Started process (PID=541) to work on /home/airflow/.local/lib/python3.12/site-packages/airflow/example_dags/example_short_circuit_operator.py
[2026-08-08T17:56:11.901+0000] {processor.py:914} INFO - Processing file /home/airflow/.local/lib/python3.12/site-packages/airflow/example_dags/example_short_circuit_operator.py for tasks to queue
[2026-08-08T17:56:11.903+0000] {logging_mixin.py:190} INFO - [2026-08-08T17:56:11.903+0000] {dagbag.py:587} INFO - Filling up the DagBag from /home/airflow/.local/lib/python3.12/site-packages/airflow/example_dags/example_short_circuit_operator.py
[2026-08-08T17:56:11.912+0000] {processor.py:925} INFO - DAG(s) 'example_short_circuit_operator' retrieved from /home/airflow/.local/lib/python3.12/site-packages/airflow/example_dags/example_short_circuit_operator.py
[2026-08-08T17:56:11.931+0000] {logging_mixin.py:190} INFO - [2026-08-08T17:56:11.931+0000] {dag.py:3211} INFO - Sync 1 DAGs
[2026-08-08T17:56:11.952+0000] {logging_mixin.py:190} INFO - [2026-08-08T17:56:11.951+0000] {dag.py:4138} INFO - Setting next_dagrun for example_short_circuit_operator to 2026-08-07 00:00:00+00:00, run_after=2026-08-08 00:00:00+00:00
[2026-08-08T17:56:11.971+0000] {processor.py:208} INFO - Processing /home/airflow/.local/lib/python3.12/site-packages/airflow/example_dags/example_short_circuit_operator.py took 0.077 seconds
[2026-08-08T17:56:42.436+0000] {processor.py:186} INFO - Started process (PID=604) to work on /home/airflow/.local/lib/python3.12/site-packages/airflow/example_dags/example_short_circuit_operator.py
[2026-08-08T17:56:42.438+0000] {processor.py:914} INFO - Processing file /home/airflow/.local/lib/python3.12/site-packages/airflow/example_dags/example_short_circuit_operator.py for tasks to queue
[2026-08-08T17:56:42.440+0000] {logging_mixin.py:190} INFO - [2026-08-08T17:56:42.440+0000] {dagbag.py:587} INFO - Filling up the DagBag from /home/airflow/.local/lib/python3.12/site-packages/airflow/example_dags/example_short_circuit_operator.py
[2026-08-08T17:56:42.450+0000] {processor.py:925} INFO - DAG(s) 'example_short_circuit_operator' retrieved from /home/airflow/.local/lib/python3.12/site-packages/airflow/example_dags/example_short_circuit_operator.py
[2026-08-08T17:56:42.470+0000] {logging_mixin.py:190} INFO - [2026-08-08T17:56:42.470+0000] {dag.py:3211} INFO - Sync 1 DAGs
[2026-08-08T17:56:42.491+0000] {logging_mixin.py:190} INFO - [2026-08-08T17:56:42.491+0000] {dag.py:4138} INFO - Setting next_dagrun for example_short_circuit_operator to 2026-08-07 00:00:00+00:00, run_after=2026-08-08 00:00:00+00:00
[2026-08-08T17:56:42.514+0000] {processor.py:208} INFO - Processing /home/airflow/.local/lib/python3.12/site-packages/airflow/example_dags/example_short_circuit_operator.py took 0.084 seconds
[2026-08-08T17:57:12.988+0000] {processor.py:186} INFO - Started process (PID=667) to work on /home/airflow/.local/lib/python3.12/site-packages/airflow/example_dags/example_short_circuit_operator.py
[2026-08-08T17:57:12.989+0000] {processor.py:914} INFO - Processing file /home/airflow/.local/lib/python3.12/site-packages/airflow/example_dags/example_short_circuit_operator.py for tasks to queue
[2026-08-08T17:57:12.994+0000] {logging_mixin.py:190} INFO - [2026-08-08T17:57:12.993+0000] {dagbag.py:587} INFO - Filling up the DagBag from /home/airflow/.local/lib/python3.12/site-packages/airflow/example_dags/example_short_circuit_operator.py
[2026-08-08T17:57:13.005+0000] {processor.py:925} INFO - DAG(s) 'example_short_circuit_operator' retrieved from /home/airflow/.local/lib/python3.12/site-packages/airflow/example_dags/example_short_circuit_operator.py
[2026-08-08T17:57:13.038+0000] {logging_mixin.py:190} INFO - [2026-08-08T17:57:13.037+0000] {dag.py:3211} INFO - Sync 1 DAGs
[2026-08-08T17:57:13.073+0000] {logging_mixin.py:190} INFO - [2026-08-08T17:57:13.072+0000] {dag.py:4138} INFO - Setting next_dagrun for example_short_circuit_operator to 2026-08-07 00:00:00+00:00, run_after=2026-08-08 00:00:00+00:00
[2026-08-08T17:57:13.101+0000] {processor.py:208} INFO - Processing /home/airflow/.local/lib/python3.12/site-packages/airflow/example_dags/example_short_circuit_operator.py took 0.122 seconds
[2026-08-08T18:08:19.082+0000] {processor.py:186} INFO - Started process (PID=730) to work on /home/airflow/.local/lib/python3.12/site-packages/airflow/example_dags/example_short_circuit_operator.py
[2026-08-08T18:08:19.085+0000] {processor.py:914} INFO - Processing file /home/airflow/.local/lib/python3.12/site-packages/airflow/example_dags/example_short_circuit_operator.py for tasks to queue
[2026-08-08T18:08:19.091+0000] {logging_mixin.py:190} INFO - [2026-08-08T18:08:19.090+0000] {dagbag.py:587} INFO - Filling up the DagBag from /home/airflow/.local/lib/python3.12/site-packages/airflow/example_dags/example_short_circuit_operator.py
[2026-08-08T18:08:19.109+0000] {processor.py:925} INFO - DAG(s) 'example_short_circuit_operator' retrieved from /home/airflow/.local/lib/python3.12/site-packages/airflow/example_dags/example_short_circuit_operator.py
[2026-08-08T18:08:19.150+0000] {logging_mixin.py:190} INFO - [2026-08-08T18:08:19.150+0000] {dag.py:3211} INFO - Sync 1 DAGs
[2026-08-08T18:08:19.190+0000] {logging_mixin.py:190} INFO - [2026-08-08T18:08:19.189+0000] {dag.py:4138} INFO - Setting next_dagrun for example_short_circuit_operator to 2026-08-07 00:00:00+00:00, run_after=2026-08-08 00:00:00+00:00
[2026-08-08T18:08:19.243+0000] {processor.py:208} INFO - Processing /home/airflow/.local/lib/python3.12/site-packages/airflow/example_dags/example_short_circuit_operator.py took 0.175 seconds
[2026-08-08T18:08:49.388+0000] {processor.py:186} INFO - Started process (PID=793) to work on /home/airflow/.local/lib/python3.12/site-packages/airflow/example_dags/example_short_circuit_operator.py
[2026-08-08T18:08:49.391+0000] {processor.py:914} INFO - Processing file /home/airflow/.local/lib/python3.12/site-packages/airflow/example_dags/example_short_circuit_operator.py for tasks to queue
[2026-08-08T18:08:49.394+0000] {logging_mixin.py:190} INFO - [2026-08-08T18:08:49.394+0000] {dagbag.py:587} INFO - Filling up the DagBag from /home/airflow/.local/lib/python3.12/site-packages/airflow/example_dags/example_short_circuit_operator.py
[2026-08-08T18:08:49.409+0000] {processor.py:925} INFO - DAG(s) 'example_short_circuit_operator' retrieved from /home/airflow/.local/lib/python3.12/site-packages/airflow/example_dags/example_short_circuit_operator.py
[2026-08-08T18:08:49.447+0000] {logging_mixin.py:190} INFO - [2026-08-08T18:08:49.447+0000] {dag.py:3211} INFO - Sync 1 DAGs
[2026-08-08T18:08:49.479+0000] {logging_mixin.py:190} INFO - [2026-08-08T18:08:49.479+0000] {dag.py:4138} INFO - Setting next_dagrun for example_short_circuit_operator to 2026-08-07 00:00:00+00:00, run_after=2026-08-08 00:00:00+00:00
[2026-08-08T18:08:49.512+0000] {processor.py:208} INFO - Processing /home/airflow/.local/lib/python3.12/site-packages/airflow/example_dags/example_short_circuit_operator.py took 0.133 seconds
[2026-08-08T18:09:20.558+0000] {processor.py:186} INFO - Started process (PID=856) to work on /home/airflow/.local/lib/python3.12/site-packages/airflow/example_dags/example_short_circuit_operator.py
[2026-08-08T18:09:20.560+0000] {processor.py:914} INFO - Processing file /home/airflow/.local/lib/python3.12/site-packages/airflow/example_dags/example_short_circuit_operator.py for tasks to queue
[2026-08-08T18:09:20.564+0000] {logging_mixin.py:190} INFO - [2026-08-08T18:09:20.563+0000] {dagbag.py:587} INFO - Filling up the DagBag from /home/airflow/.local/lib/python3.12/site-packages/airflow/example_dags/example_short_circuit_operator.py
[2026-08-08T18:09:20.577+0000] {processor.py:925} INFO - DAG(s) 'example_short_circuit_operator' retrieved from /home/airflow/.local/lib/python3.12/site-packages/airflow/example_dags/example_short_circuit_operator.py
[2026-08-08T18:09:20.611+0000] {logging_mixin.py:190} INFO - [2026-08-08T18:09:20.611+0000] {dag.py:3211} INFO - Sync 1 DAGs
[2026-08-08T18:09:20.642+0000] {logging_mixin.py:190} INFO - [2026-08-08T18:09:20.642+0000] {dag.py:4138} INFO - Setting next_dagrun for example_short_circuit_operator to 2026-08-07 00:00:00+00:00, run_after=2026-08-08 00:00:00+00:00
[2026-08-08T18:09:20.669+0000] {processor.py:208} INFO - Processing /home/airflow/.local/lib/python3.12/site-packages/airflow/example_dags/example_short_circuit_operator.py took 0.121 seconds
[2026-08-08T18:09:51.167+0000] {processor.py:186} INFO - Started process (PID=919) to work on /home/airflow/.local/lib/python3.12/site-packages/airflow/example_dags/example_short_circuit_operator.py
[2026-08-08T18:09:51.168+0000] {processor.py:914} INFO - Processing file /home/airflow/.local/lib/python3.12/site-packages/airflow/example_dags/example_short_circuit_operator.py for tasks to queue
[2026-08-08T18:09:51.171+0000] {logging_mixin.py:190} INFO - [2026-08-08T18:09:51.171+0000] {dagbag.py:587} INFO - Filling up the DagBag from /home/airflow/.local/lib/python3.12/site-packages/airflow/example_dags/example_short_circuit_operator.py
[2026-08-08T18:09:51.182+0000] {processor.py:925} INFO - DAG(s) 'example_short_circuit_operator' retrieved from /home/airflow/.local/lib/python3.12/site-packages/airflow/example_dags/example_short_circuit_operator.py
[2026-08-08T18:09:51.214+0000] {logging_mixin.py:190} INFO - [2026-08-08T18:09:51.214+0000] {dag.py:3211} INFO - Sync 1 DAGs
[2026-08-08T18:09:51.244+0000] {logging_mixin.py:190} INFO - [2026-08-08T18:09:51.243+0000] {dag.py:4138} INFO - Setting next_dagrun for example_short_circuit_operator to 2026-08-07 00:00:00+00:00, run_after=2026-08-08 00:00:00+00:00
[2026-08-08T18:09:51.279+0000] {processor.py:208} INFO - Processing /home/airflow/.local/lib/python3.12/site-packages/airflow/example_dags/example_short_circuit_operator.py took 0.120 seconds
[2026-08-08T18:10:21.422+0000] {processor.py:186} INFO - Started process (PID=982) to work on /home/airflow/.local/lib/python3.12/site-packages/airflow/example_dags/example_short_circuit_operator.py
[2026-08-08T18:10:21.423+0000] {processor.py:914} INFO - Processing file /home/airflow/.local/lib/python3.12/site-packages/airflow/example_dags/example_short_circuit_operator.py for tasks to queue
[2026-08-08T18:10:21.427+0000] {logging_mixin.py:190} INFO - [2026-08-08T18:10:21.427+0000] {dagbag.py:587} INFO - Filling up the DagBag from /home/airflow/.local/lib/python3.12/site-packages/airflow/example_dags/example_short_circuit_operator.py
[2026-08-08T18:10:21.442+0000] {processor.py:925} INFO - DAG(s) 'example_short_circuit_operator' retrieved from /home/airflow/.local/lib/python3.12/site-packages/airflow/example_dags/example_short_circuit_operator.py
[2026-08-08T18:10:21.476+0000] {logging_mixin.py:190} INFO - [2026-08-08T18:10:21.476+0000] {dag.py:3211} INFO - Sync 1 DAGs
[2026-08-08T18:10:21.510+0000] {logging_mixin.py:190} INFO - [2026-08-08T18:10:21.510+0000] {dag.py:4138} INFO - Setting next_dagrun for example_short_circuit_operator to 2026-08-07 00:00:00+00:00, run_after=2026-08-08 00:00:00+00:00
[2026-08-08T18:10:21.553+0000] {processor.py:208} INFO - Processing /home/airflow/.local/lib/python3.12/site-packages/airflow/example_dags/example_short_circuit_operator.py took 0.139 seconds
[2026-08-08T18:10:51.631+0000] {processor.py:186} INFO - Started process (PID=1044) to work on /home/airflow/.local/lib/python3.12/site-packages/airflow/example_dags/example_short_circuit_operator.py
[2026-08-08T18:10:51.633+0000] {processor.py:914} INFO - Processing file /home/airflow/.local/lib/python3.12/site-packages/airflow/example_dags/example_short_circuit_operator.py for tasks to queue
[2026-08-08T18:10:51.636+0000] {logging_mixin.py:190} INFO - [2026-08-08T18:10:51.635+0000] {dagbag.py:587} INFO - Filling up the DagBag from /home/airflow/.local/lib/python3.12/site-packages/airflow/example_dags/example_short_circuit_operator.py
[2026-08-08T18:10:51.646+0000] {processor.py:925} INFO - DAG(s) 'example_short_circuit_operator' retrieved from /home/airflow/.local/lib/python3.12/site-packages/airflow/example_dags/example_short_circuit_operator.py
[2026-08-08T18:10:51.670+0000] {logging_mixin.py:190} INFO - [2026-08-08T18:10:51.670+0000] {dag.py:3211} INFO - Sync 1 DAGs
[2026-08-08T18:10:51.693+0000] {logging_mixin.py:190} INFO - [2026-08-08T18:10:51.692+0000] {dag.py:4138} INFO - Setting next_dagrun for example_short_circuit_operator to 2026-08-07 00:00:00+00:00, run_after=2026-08-08 00:00:00+00:00
[2026-08-08T18:10:51.717+0000] {processor.py:208} INFO - Processing /home/airflow/.local/lib/python3.12/site-packages/airflow/example_dags/example_short_circuit_operator.py took 0.092 seconds
[2026-08-08T18:11:21.865+0000] {processor.py:186} INFO - Started process (PID=1107) to work on /home/airflow/.local/lib/python3.12/site-packages/airflow/example_dags/example_short_circuit_operator.py
[2026-08-08T18:11:21.868+0000] {processor.py:914} INFO - Processing file /home/airflow/.local/lib/python3.12/site-packages/airflow/example_dags/example_short_circuit_operator.py for tasks to queue
[2026-08-08T18:11:21.873+0000] {logging_mixin.py:190} INFO - [2026-08-08T18:11:21.872+0000] {dagbag.py:587} INFO - Filling up the DagBag from /home/airflow/.local/lib/python3.12/site-packages/airflow/example_dags/example_short_circuit_operator.py
[2026-08-08T18:11:21.888+0000] {processor.py:925} INFO - DAG(s) 'example_short_circuit_operator' retrieved from /home/airflow/.local/lib/python3.12/site-packages/airflow/example_dags/example_short_circuit_operator.py
[2026-08-08T18:11:21.930+0000] {logging_mixin.py:190} INFO - [2026-08-08T18:11:21.930+0000] {dag.py:3211} INFO - Sync 1 DAGs
[2026-08-08T18:11:21.972+0000] {logging_mixin.py:190} INFO - [2026-08-08T18:11:21.972+0000] {dag.py:4138} INFO - Setting next_dagrun for example_short_circuit_operator to 2026-08-07 00:00:00+00:00, run_after=2026-08-08 00:00:00+00:00
[2026-08-08T18:11:22.000+0000] {processor.py:208} INFO - Processing /home/airflow/.local/lib/python3.12/site-packages/airflow/example_dags/example_short_circuit_operator.py took 0.143 seconds
[2026-08-08T18:11:52.106+0000] {processor.py:186} INFO - Started process (PID=1170) to work on /home/airflow/.local/lib/python3.12/site-packages/airflow/example_dags/example_short_circuit_operator.py
[2026-08-08T18:11:52.108+0000] {processor.py:914} INFO - Processing file /home/airflow/.local/lib/python3.12/site-packages/airflow/example_dags/example_short_circuit_operator.py for tasks to queue
[2026-08-08T18:11:52.111+0000] {logging_mixin.py:190} INFO - [2026-08-08T18:11:52.111+0000] {dagbag.py:587} INFO - Filling up the DagBag from /home/airflow/.local/lib/python3.12/site-packages/airflow/example_dags/example_short_circuit_operator.py
[2026-08-08T18:11:52.120+0000] {processor.py:925} INFO - DAG(s) 'example_short_circuit_operator' retrieved from /home/airflow/.local/lib/python3.12/site-packages/airflow/example_dags/example_short_circuit_operator.py
[2026-08-08T18:11:52.145+0000] {logging_mixin.py:190} INFO - [2026-08-08T18:11:52.145+0000] {dag.py:3211} INFO - Sync 1 DAGs
[2026-08-08T18:11:52.165+0000] {logging_mixin.py:190} INFO - [2026-08-08T18:11:52.165+0000] {dag.py:4138} INFO - Setting next_dagrun for example_short_circuit_operator to 2026-08-07 00:00:00+00:00, run_after=2026-08-08 00:00:00+00:00
[2026-08-08T18:11:52.186+0000] {processor.py:208} INFO - Processing /home/airflow/.local/lib/python3.12/site-packages/airflow/example_dags/example_short_circuit_operator.py took 0.086 seconds
[2026-08-08T18:13:08.142+0000] {processor.py:186} INFO - Started process (PID=106) to work on /home/airflow/.local/lib/python3.12/site-packages/airflow/example_dags/example_short_circuit_operator.py
[2026-08-08T18:13:08.144+0000] {processor.py:914} INFO - Processing file /home/airflow/.local/lib/python3.12/site-packages/airflow/example_dags/example_short_circuit_operator.py for tasks to queue
[2026-08-08T18:13:08.148+0000] {logging_mixin.py:190} INFO - [2026-08-08T18:13:08.148+0000] {dagbag.py:587} INFO - Filling up the DagBag from /home/airflow/.local/lib/python3.12/site-packages/airflow/example_dags/example_short_circuit_operator.py
[2026-08-08T18:13:08.165+0000] {processor.py:925} INFO - DAG(s) 'example_short_circuit_operator' retrieved from /home/airflow/.local/lib/python3.12/site-packages/airflow/example_dags/example_short_circuit_operator.py
[2026-08-08T18:13:08.200+0000] {logging_mixin.py:190} INFO - [2026-08-08T18:13:08.200+0000] {dag.py:3211} INFO - Sync 1 DAGs
[2026-08-08T18:13:08.232+0000] {logging_mixin.py:190} INFO - [2026-08-08T18:13:08.232+0000] {dag.py:4138} INFO - Setting next_dagrun for example_short_circuit_operator to 2026-08-07 00:00:00+00:00, run_after=2026-08-08 00:00:00+00:00
[2026-08-08T18:13:08.259+0000] {processor.py:208} INFO - Processing /home/airflow/.local/lib/python3.12/site-packages/airflow/example_dags/example_short_circuit_operator.py took 0.124 seconds
[2026-08-08T18:13:38.382+0000] {processor.py:186} INFO - Started process (PID=169) to work on /home/airflow/.local/lib/python3.12/site-packages/airflow/example_dags/example_short_circuit_operator.py
[2026-08-08T18:13:38.384+0000] {processor.py:914} INFO - Processing file /home/airflow/.local/lib/python3.12/site-packages/airflow/example_dags/example_short_circuit_operator.py for tasks to queue
[2026-08-08T18:13:38.386+0000] {logging_mixin.py:190} INFO - [2026-08-08T18:13:38.386+0000] {dagbag.py:587} INFO - Filling up the DagBag from /home/airflow/.local/lib/python3.12/site-packages/airflow/example_dags/example_short_circuit_operator.py
[2026-08-08T18:13:38.394+0000] {processor.py:925} INFO - DAG(s) 'example_short_circuit_operator' retrieved from /home/airflow/.local/lib/python3.12/site-packages/airflow/example_dags/example_short_circuit_operator.py
[2026-08-08T18:13:38.423+0000] {logging_mixin.py:190} INFO - [2026-08-08T18:13:38.422+0000] {dag.py:3211} INFO - Sync 1 DAGs
[2026-08-08T18:13:38.449+0000] {logging_mixin.py:190} INFO - [2026-08-08T18:13:38.449+0000] {dag.py:4138} INFO - Setting next_dagrun for example_short_circuit_operator to 2026-08-07 00:00:00+00:00, run_after=2026-08-08 00:00:00+00:00
[2026-08-08T18:13:38.474+0000] {processor.py:208} INFO - Processing /home/airflow/.local/lib/python3.12/site-packages/airflow/example_dags/example_short_circuit_operator.py took 0.097 seconds
[2026-08-08T18:14:08.921+0000] {processor.py:186} INFO - Started process (PID=232) to work on /home/airflow/.local/lib/python3.12/site-packages/airflow/example_dags/example_short_circuit_operator.py
[2026-08-08T18:14:08.923+0000] {processor.py:914} INFO - Processing file /home/airflow/.local/lib/python3.12/site-packages/airflow/example_dags/example_short_circuit_operator.py for tasks to queue
[2026-08-08T18:14:08.926+0000] {logging_mixin.py:190} INFO - [2026-08-08T18:14:08.925+0000] {dagbag.py:587} INFO - Filling up the DagBag from /home/airflow/.local/lib/python3.12/site-packages/airflow/example_dags/example_short_circuit_operator.py
[2026-08-08T18:14:08.936+0000] {processor.py:925} INFO - DAG(s) 'example_short_circuit_operator' retrieved from /home/airflow/.local/lib/python3.12/site-packages/airflow/example_dags/example_short_circuit_operator.py
[2026-08-08T18:14:08.964+0000] {logging_mixin.py:190} INFO - [2026-08-08T18:14:08.963+0000] {dag.py:3211} INFO - Sync 1 DAGs
[2026-08-08T18:14:08.989+0000] {logging_mixin.py:190} INFO - [2026-08-08T18:14:08.989+0000] {dag.py:4138} INFO - Setting next_dagrun for example_short_circuit_operator to 2026-08-07 00:00:00+00:00, run_after=2026-08-08 00:00:00+00:00
[2026-08-08T18:14:09.018+0000] {processor.py:208} INFO - Processing /home/airflow/.local/lib/python3.12/site-packages/airflow/example_dags/example_short_circuit_operator.py took 0.105 seconds
[2026-08-08T18:14:39.193+0000] {processor.py:186} INFO - Started process (PID=295) to work on /home/airflow/.local/lib/python3.12/site-packages/airflow/example_dags/example_short_circuit_operator.py
[2026-08-08T18:14:39.195+0000] {processor.py:914} INFO - Processing file /home/airflow/.local/lib/python3.12/site-packages/airflow/example_dags/example_short_circuit_operator.py for tasks to queue
[2026-08-08T18:14:39.198+0000] {logging_mixin.py:190} INFO - [2026-08-08T18:14:39.198+0000] {dagbag.py:587} INFO - Filling up the DagBag from /home/airflow/.local/lib/python3.12/site-packages/airflow/example_dags/example_short_circuit_operator.py
[2026-08-08T18:14:39.208+0000] {processor.py:925} INFO - DAG(s) 'example_short_circuit_operator' retrieved from /home/airflow/.local/lib/python3.12/site-packages/airflow/example_dags/example_short_circuit_operator.py
[2026-08-08T18:14:39.234+0000] {logging_mixin.py:190} INFO - [2026-08-08T18:14:39.234+0000] {dag.py:3211} INFO - Sync 1 DAGs
[2026-08-08T18:14:39.257+0000] {logging_mixin.py:190} INFO - [2026-08-08T18:14:39.257+0000] {dag.py:4138} INFO - Setting next_dagrun for example_short_circuit_operator to 2026-08-07 00:00:00+00:00, run_after=2026-08-08 00:00:00+00:00
[2026-08-08T18:14:39.278+0000] {processor.py:208} INFO - Processing /home/airflow/.local/lib/python3.12/site-packages/airflow/example_dags/example_short_circuit_operator.py took 0.096 seconds
[2026-08-08T18:15:11.006+0000] {processor.py:186} INFO - Started process (PID=358) to work on /home/airflow/.local/lib/python3.12/site-packages/airflow/example_dags/example_short_circuit_operator.py
[2026-08-08T18:15:11.008+0000] {processor.py:914} INFO - Processing file /home/airflow/.local/lib/python3.12/site-packages/airflow/example_dags/example_short_circuit_operator.py for tasks to queue
[2026-08-08T18:15:11.012+0000] {logging_mixin.py:190} INFO - [2026-08-08T18:15:11.012+0000] {dagbag.py:587} INFO - Filling up the DagBag from /home/airflow/.local/lib/python3.12/site-packages/airflow/example_dags/example_short_circuit_operator.py
[2026-08-08T18:15:11.023+0000] {processor.py:925} INFO - DAG(s) 'example_short_circuit_operator' retrieved from /home/airflow/.local/lib/python3.12/site-packages/airflow/example_dags/example_short_circuit_operator.py
[2026-08-08T18:15:11.054+0000] {logging_mixin.py:190} INFO - [2026-08-08T18:15:11.054+0000] {dag.py:3211} INFO - Sync 1 DAGs
[2026-08-08T18:15:11.085+0000] {logging_mixin.py:190} INFO - [2026-08-08T18:15:11.085+0000] {dag.py:4138} INFO - Setting next_dagrun for example_short_circuit_operator to 2026-08-07 00:00:00+00:00, run_after=2026-08-08 00:00:00+00:00
[2026-08-08T18:15:11.111+0000] {processor.py:208} INFO - Processing /home/airflow/.local/lib/python3.12/site-packages/airflow/example_dags/example_short_circuit_operator.py took 0.112 seconds
[2026-08-08T18:15:42.095+0000] {processor.py:186} INFO - Started process (PID=421) to work on /home/airflow/.local/lib/python3.12/site-packages/airflow/example_dags/example_short_circuit_operator.py
[2026-08-08T18:15:42.097+0000] {processor.py:914} INFO - Processing file /home/airflow/.local/lib/python3.12/site-packages/airflow/example_dags/example_short_circuit_operator.py for tasks to queue
[2026-08-08T18:15:42.103+0000] {logging_mixin.py:190} INFO - [2026-08-08T18:15:42.102+0000] {dagbag.py:587} INFO - Filling up the DagBag from /home/airflow/.local/lib/python3.12/site-packages/airflow/example_dags/example_short_circuit_operator.py
[2026-08-08T18:15:42.120+0000] {processor.py:925} INFO - DAG(s) 'example_short_circuit_operator' retrieved from /home/airflow/.local/lib/python3.12/site-packages/airflow/example_dags/example_short_circuit_operator.py
[2026-08-08T18:15:42.168+0000] {logging_mixin.py:190} INFO - [2026-08-08T18:15:42.168+0000] {dag.py:3211} INFO - Sync 1 DAGs
[2026-08-08T18:15:42.218+0000] {logging_mixin.py:190} INFO - [2026-08-08T18:15:42.217+0000] {dag.py:4138} INFO - Setting next_dagrun for example_short_circuit_operator to 2026-08-07 00:00:00+00:00, run_after=2026-08-08 00:00:00+00:00
[2026-08-08T18:15:42.261+0000] {processor.py:208} INFO - Processing /home/airflow/.local/lib/python3.12/site-packages/airflow/example_dags/example_short_circuit_operator.py took 0.175 seconds
[2026-08-08T18:17:13.129+0000] {processor.py:186} INFO - Started process (PID=119) to work on /home/airflow/.local/lib/python3.12/site-packages/airflow/example_dags/example_short_circuit_operator.py
[2026-08-08T18:17:13.131+0000] {processor.py:914} INFO - Processing file /home/airflow/.local/lib/python3.12/site-packages/airflow/example_dags/example_short_circuit_operator.py for tasks to queue
[2026-08-08T18:17:13.134+0000] {logging_mixin.py:190} INFO - [2026-08-08T18:17:13.133+0000] {dagbag.py:587} INFO - Filling up the DagBag from /home/airflow/.local/lib/python3.12/site-packages/airflow/example_dags/example_short_circuit_operator.py
[2026-08-08T18:17:13.146+0000] {processor.py:925} INFO - DAG(s) 'example_short_circuit_operator' retrieved from /home/airflow/.local/lib/python3.12/site-packages/airflow/example_dags/example_short_circuit_operator.py
[2026-08-08T18:17:13.178+0000] {logging_mixin.py:190} INFO - [2026-08-08T18:17:13.178+0000] {dag.py:3211} INFO - Sync 1 DAGs
[2026-08-08T18:17:13.210+0000] {logging_mixin.py:190} INFO - [2026-08-08T18:17:13.209+0000] {dag.py:4138} INFO - Setting next_dagrun for example_short_circuit_operator to 2026-08-07 00:00:00+00:00, run_after=2026-08-08 00:00:00+00:00
[2026-08-08T18:17:13.234+0000] {processor.py:208} INFO - Processing /home/airflow/.local/lib/python3.12/site-packages/airflow/example_dags/example_short_circuit_operator.py took 0.112 seconds
[2026-08-08T18:17:43.418+0000] {processor.py:186} INFO - Started process (PID=182) to work on /home/airflow/.local/lib/python3.12/site-packages/airflow/example_dags/example_short_circuit_operator.py
[2026-08-08T18:17:43.419+0000] {processor.py:914} INFO - Processing file /home/airflow/.local/lib/python3.12/site-packages/airflow/example_dags/example_short_circuit_operator.py for tasks to queue
[2026-08-08T18:17:43.422+0000] {logging_mixin.py:190} INFO - [2026-08-08T18:17:43.422+0000] {dagbag.py:587} INFO - Filling up the DagBag from /home/airflow/.local/lib/python3.12/site-packages/airflow/example_dags/example_short_circuit_operator.py
[2026-08-08T18:17:43.433+0000] {processor.py:925} INFO - DAG(s) 'example_short_circuit_operator' retrieved from /home/airflow/.local/lib/python3.12/site-packages/airflow/example_dags/example_short_circuit_operator.py
[2026-08-08T18:17:43.461+0000] {logging_mixin.py:190} INFO - [2026-08-08T18:17:43.461+0000] {dag.py:3211} INFO - Sync 1 DAGs
[2026-08-08T18:17:43.492+0000] {logging_mixin.py:190} INFO - [2026-08-08T18:17:43.492+0000] {dag.py:4138} INFO - Setting next_dagrun for example_short_circuit_operator to 2026-08-07 00:00:00+00:00, run_after=2026-08-08 00:00:00+00:00
[2026-08-08T18:17:43.519+0000] {processor.py:208} INFO - Processing /home/airflow/.local/lib/python3.12/site-packages/airflow/example_dags/example_short_circuit_operator.py took 0.108 seconds
[2026-08-08T18:18:14.256+0000] {processor.py:186} INFO - Started process (PID=245) to work on /home/airflow/.local/lib/python3.12/site-packages/airflow/example_dags/example_short_circuit_operator.py
[2026-08-08T18:18:14.257+0000] {processor.py:914} INFO - Processing file /home/airflow/.local/lib/python3.12/site-packages/airflow/example_dags/example_short_circuit_operator.py for tasks to queue
[2026-08-08T18:18:14.260+0000] {logging_mixin.py:190} INFO - [2026-08-08T18:18:14.260+0000] {dagbag.py:587} INFO - Filling up the DagBag from /home/airflow/.local/lib/python3.12/site-packages/airflow/example_dags/example_short_circuit_operator.py
[2026-08-08T18:18:14.270+0000] {processor.py:925} INFO - DAG(s) 'example_short_circuit_operator' retrieved from /home/airflow/.local/lib/python3.12/site-packages/airflow/example_dags/example_short_circuit_operator.py
[2026-08-08T18:18:14.299+0000] {logging_mixin.py:190} INFO - [2026-08-08T18:18:14.298+0000] {dag.py:3211} INFO - Sync 1 DAGs
[2026-08-08T18:18:14.326+0000] {logging_mixin.py:190} INFO - [2026-08-08T18:18:14.326+0000] {dag.py:4138} INFO - Setting next_dagrun for example_short_circuit_operator to 2026-08-07 00:00:00+00:00, run_after=2026-08-08 00:00:00+00:00
[2026-08-08T18:18:14.353+0000] {processor.py:208} INFO - Processing /home/airflow/.local/lib/python3.12/site-packages/airflow/example_dags/example_short_circuit_operator.py took 0.105 seconds
[2026-08-08T18:18:44.700+0000] {processor.py:186} INFO - Started process (PID=308) to work on /home/airflow/.local/lib/python3.12/site-packages/airflow/example_dags/example_short_circuit_operator.py
[2026-08-08T18:18:44.701+0000] {processor.py:914} INFO - Processing file /home/airflow/.local/lib/python3.12/site-packages/airflow/example_dags/example_short_circuit_operator.py for tasks to queue
[2026-08-08T18:18:44.704+0000] {logging_mixin.py:190} INFO - [2026-08-08T18:18:44.704+0000] {dagbag.py:587} INFO - Filling up the DagBag from /home/airflow/.local/lib/python3.12/site-packages/airflow/example_dags/example_short_circuit_operator.py
[2026-08-08T18:18:44.715+0000] {processor.py:925} INFO - DAG(s) 'example_short_circuit_operator' retrieved from /home/airflow/.local/lib/python3.12/site-packages/airflow/example_dags/example_short_circuit_operator.py
[2026-08-08T18:18:44.740+0000] {logging_mixin.py:190} INFO - [2026-08-08T18:18:44.740+0000] {dag.py:3211} INFO - Sync 1 DAGs
[2026-08-08T18:18:44.765+0000] {logging_mixin.py:190} INFO - [2026-08-08T18:18:44.765+0000] {dag.py:4138} INFO - Setting next_dagrun for example_short_circuit_operator to 2026-08-07 00:00:00+00:00, run_after=2026-08-08 00:00:00+00:00
[2026-08-08T18:18:44.796+0000] {processor.py:208} INFO - Processing /home/airflow/.local/lib/python3.12/site-packages/airflow/example_dags/example_short_circuit_operator.py took 0.103 seconds
[2026-08-08T18:19:15.630+0000] {processor.py:186} INFO - Started process (PID=371) to work on /home/airflow/.local/lib/python3.12/site-packages/airflow/example_dags/example_short_circuit_operator.py
[2026-08-08T18:19:15.632+0000] {processor.py:914} INFO - Processing file /home/airflow/.local/lib/python3.12/site-packages/airflow/example_dags/example_short_circuit_operator.py for tasks to queue
[2026-08-08T18:19:15.636+0000] {logging_mixin.py:190} INFO - [2026-08-08T18:19:15.635+0000] {dagbag.py:587} INFO - Filling up the DagBag from /home/airflow/.local/lib/python3.12/site-packages/airflow/example_dags/example_short_circuit_operator.py
[2026-08-08T18:19:15.649+0000] {processor.py:925} INFO - DAG(s) 'example_short_circuit_operator' retrieved from /home/airflow/.local/lib/python3.12/site-packages/airflow/example_dags/example_short_circuit_operator.py
[2026-08-08T18:19:15.679+0000] {logging_mixin.py:190} INFO - [2026-08-08T18:19:15.678+0000] {dag.py:3211} INFO - Sync 1 DAGs
[2026-08-08T18:19:15.708+0000] {logging_mixin.py:190} INFO - [2026-08-08T18:19:15.708+0000] {dag.py:4138} INFO - Setting next_dagrun for example_short_circuit_operator to 2026-08-07 00:00:00+00:00, run_after=2026-08-08 00:00:00+00:00
[2026-08-08T18:19:15.733+0000] {processor.py:208} INFO - Processing /home/airflow/.local/lib/python3.12/site-packages/airflow/example_dags/example_short_circuit_operator.py took 0.113 seconds
[2026-08-08T18:24:02.478+0000] {processor.py:186} INFO - Started process (PID=434) to work on /home/airflow/.local/lib/python3.12/site-packages/airflow/example_dags/example_short_circuit_operator.py
[2026-08-08T18:24:02.483+0000] {processor.py:914} INFO - Processing file /home/airflow/.local/lib/python3.12/site-packages/airflow/example_dags/example_short_circuit_operator.py for tasks to queue
[2026-08-08T18:24:02.487+0000] {logging_mixin.py:190} INFO - [2026-08-08T18:24:02.487+0000] {dagbag.py:587} INFO - Filling up the DagBag from /home/airflow/.local/lib/python3.12/site-packages/airflow/example_dags/example_short_circuit_operator.py
[2026-08-08T18:24:02.501+0000] {processor.py:925} INFO - DAG(s) 'example_short_circuit_operator' retrieved from /home/airflow/.local/lib/python3.12/site-packages/airflow/example_dags/example_short_circuit_operator.py
[2026-08-08T18:24:02.539+0000] {logging_mixin.py:190} INFO - [2026-08-08T18:24:02.538+0000] {dag.py:3211} INFO - Sync 1 DAGs
[2026-08-08T18:24:02.643+0000] {logging_mixin.py:190} INFO - [2026-08-08T18:24:02.643+0000] {dag.py:4138} INFO - Setting next_dagrun for example_short_circuit_operator to 2026-08-07 00:00:00+00:00, run_after=2026-08-08 00:00:00+00:00
[2026-08-08T18:24:03.105+0000] {processor.py:208} INFO - Processing /home/airflow/.local/lib/python3.12/site-packages/airflow/example_dags/example_short_circuit_operator.py took 0.636 seconds
[2026-08-08T18:24:33.483+0000] {processor.py:186} INFO - Started process (PID=498) to work on /home/airflow/.local/lib/python3.12/site-packages/airflow/example_dags/example_short_circuit_operator.py
[2026-08-08T18:24:33.485+0000] {processor.py:914} INFO - Processing file /home/airflow/.local/lib/python3.12/site-packages/airflow/example_dags/example_short_circuit_operator.py for tasks to queue
[2026-08-08T18:24:33.488+0000] {logging_mixin.py:190} INFO - [2026-08-08T18:24:33.487+0000] {dagbag.py:587} INFO - Filling up the DagBag from /home/airflow/.local/lib/python3.12/site-packages/airflow/example_dags/example_short_circuit_operator.py
[2026-08-08T18:24:33.498+0000] {processor.py:925} INFO - DAG(s) 'example_short_circuit_operator' retrieved from /home/airflow/.local/lib/python3.12/site-packages/airflow/example_dags/example_short_circuit_operator.py
[2026-08-08T18:24:33.525+0000] {logging_mixin.py:190} INFO - [2026-08-08T18:24:33.524+0000] {dag.py:3211} INFO - Sync 1 DAGs
[2026-08-08T18:24:33.546+0000] {logging_mixin.py:190} INFO - [2026-08-08T18:24:33.546+0000] {dag.py:4138} INFO - Setting next_dagrun for example_short_circuit_operator to 2026-08-07 00:00:00+00:00, run_after=2026-08-08 00:00:00+00:00
[2026-08-08T18:24:33.570+0000] {processor.py:208} INFO - Processing /home/airflow/.local/lib/python3.12/site-packages/airflow/example_dags/example_short_circuit_operator.py took 0.094 seconds
[2026-08-08T18:25:03.909+0000] {processor.py:186} INFO - Started process (PID=560) to work on /home/airflow/.local/lib/python3.12/site-packages/airflow/example_dags/example_short_circuit_operator.py
[2026-08-08T18:25:03.911+0000] {processor.py:914} INFO - Processing file /home/airflow/.local/lib/python3.12/site-packages/airflow/example_dags/example_short_circuit_operator.py for tasks to queue
[2026-08-08T18:25:03.914+0000] {logging_mixin.py:190} INFO - [2026-08-08T18:25:03.913+0000] {dagbag.py:587} INFO - Filling up the DagBag from /home/airflow/.local/lib/python3.12/site-packages/airflow/example_dags/example_short_circuit_operator.py
[2026-08-08T18:25:03.923+0000] {processor.py:925} INFO - DAG(s) 'example_short_circuit_operator' retrieved from /home/airflow/.local/lib/python3.12/site-packages/airflow/example_dags/example_short_circuit_operator.py
[2026-08-08T18:25:03.957+0000] {logging_mixin.py:190} INFO - [2026-08-08T18:25:03.956+0000] {dag.py:3211} INFO - Sync 1 DAGs
[2026-08-08T18:25:03.983+0000] {logging_mixin.py:190} INFO - [2026-08-08T18:25:03.983+0000] {dag.py:4138} INFO - Setting next_dagrun for example_short_circuit_operator to 2026-08-07 00:00:00+00:00, run_after=2026-08-08 00:00:00+00:00
[2026-08-08T18:25:04.012+0000] {processor.py:208} INFO - Processing /home/airflow/.local/lib/python3.12/site-packages/airflow/example_dags/example_short_circuit_operator.py took 0.110 seconds
[2026-08-08T18:25:34.506+0000] {processor.py:186} INFO - Started process (PID=623) to work on /home/airflow/.local/lib/python3.12/site-packages/airflow/example_dags/example_short_circuit_operator.py
[2026-08-08T18:25:34.508+0000] {processor.py:914} INFO - Processing file /home/airflow/.local/lib/python3.12/site-packages/airflow/example_dags/example_short_circuit_operator.py for tasks to queue
[2026-08-08T18:25:34.511+0000] {logging_mixin.py:190} INFO - [2026-08-08T18:25:34.511+0000] {dagbag.py:587} INFO - Filling up the DagBag from /home/airflow/.local/lib/python3.12/site-packages/airflow/example_dags/example_short_circuit_operator.py
[2026-08-08T18:25:34.522+0000] {processor.py:925} INFO - DAG(s) 'example_short_circuit_operator' retrieved from /home/airflow/.local/lib/python3.12/site-packages/airflow/example_dags/example_short_circuit_operator.py
[2026-08-08T18:25:34.549+0000] {logging_mixin.py:190} INFO - [2026-08-08T18:25:34.548+0000] {dag.py:3211} INFO - Sync 1 DAGs
[2026-08-08T18:25:34.570+0000] {logging_mixin.py:190} INFO - [2026-08-08T18:25:34.570+0000] {dag.py:4138} INFO - Setting next_dagrun for example_short_circuit_operator to 2026-08-07 00:00:00+00:00, run_after=2026-08-08 00:00:00+00:00
[2026-08-08T18:25:34.586+0000] {processor.py:208} INFO - Processing /home/airflow/.local/lib/python3.12/site-packages/airflow/example_dags/example_short_circuit_operator.py took 0.086 seconds
[2026-08-08T18:26:05.020+0000] {processor.py:186} INFO - Started process (PID=687) to work on /home/airflow/.local/lib/python3.12/site-packages/airflow/example_dags/example_short_circuit_operator.py
[2026-08-08T18:26:05.022+0000] {processor.py:914} INFO - Processing file /home/airflow/.local/lib/python3.12/site-packages/airflow/example_dags/example_short_circuit_operator.py for tasks to queue
[2026-08-08T18:26:05.026+0000] {logging_mixin.py:190} INFO - [2026-08-08T18:26:05.025+0000] {dagbag.py:587} INFO - Filling up the DagBag from /home/airflow/.local/lib/python3.12/site-packages/airflow/example_dags/example_short_circuit_operator.py
[2026-08-08T18:26:05.036+0000] {processor.py:925} INFO - DAG(s) 'example_short_circuit_operator' retrieved from /home/airflow/.local/lib/python3.12/site-packages/airflow/example_dags/example_short_circuit_operator.py
[2026-08-08T18:26:05.060+0000] {logging_mixin.py:190} INFO - [2026-08-08T18:26:05.060+0000] {dag.py:3211} INFO - Sync 1 DAGs
[2026-08-08T18:26:05.083+0000] {logging_mixin.py:190} INFO - [2026-08-08T18:26:05.082+0000] {dag.py:4138} INFO - Setting next_dagrun for example_short_circuit_operator to 2026-08-07 00:00:00+00:00, run_after=2026-08-08 00:00:00+00:00
[2026-08-08T18:26:05.101+0000] {processor.py:208} INFO - Processing /home/airflow/.local/lib/python3.12/site-packages/airflow/example_dags/example_short_circuit_operator.py took 0.087 seconds
[2026-08-08T18:26:35.829+0000] {processor.py:186} INFO - Started process (PID=750) to work on /home/airflow/.local/lib/python3.12/site-packages/airflow/example_dags/example_short_circuit_operator.py
[2026-08-08T18:26:35.831+0000] {processor.py:914} INFO - Processing file /home/airflow/.local/lib/python3.12/site-packages/airflow/example_dags/example_short_circuit_operator.py for tasks to queue
[2026-08-08T18:26:35.834+0000] {logging_mixin.py:190} INFO - [2026-08-08T18:26:35.834+0000] {dagbag.py:587} INFO - Filling up the DagBag from /home/airflow/.local/lib/python3.12/site-packages/airflow/example_dags/example_short_circuit_operator.py
[2026-08-08T18:26:35.844+0000] {processor.py:925} INFO - DAG(s) 'example_short_circuit_operator' retrieved from /home/airflow/.local/lib/python3.12/site-packages/airflow/example_dags/example_short_circuit_operator.py
[2026-08-08T18:26:35.868+0000] {logging_mixin.py:190} INFO - [2026-08-08T18:26:35.867+0000] {dag.py:3211} INFO - Sync 1 DAGs
[2026-08-08T18:26:35.894+0000] {logging_mixin.py:190} INFO - [2026-08-08T18:26:35.894+0000] {dag.py:4138} INFO - Setting next_dagrun for example_short_circuit_operator to 2026-08-07 00:00:00+00:00, run_after=2026-08-08 00:00:00+00:00
[2026-08-08T18:26:35.915+0000] {processor.py:208} INFO - Processing /home/airflow/.local/lib/python3.12/site-packages/airflow/example_dags/example_short_circuit_operator.py took 0.092 seconds
