[2026-08-08T17:25:11.137+0000] {processor.py:186} INFO - Started process (PID=98) to work on /home/airflow/.local/lib/python3.12/site-packages/airflow/example_dags/example_inlet_event_extra.py
[2026-08-08T17:25:11.139+0000] {processor.py:914} INFO - Processing file /home/airflow/.local/lib/python3.12/site-packages/airflow/example_dags/example_inlet_event_extra.py for tasks to queue
[2026-08-08T17:25:11.141+0000] {logging_mixin.py:190} INFO - [2026-08-08T17:25:11.141+0000] {dagbag.py:587} INFO - Filling up the DagBag from /home/airflow/.local/lib/python3.12/site-packages/airflow/example_dags/example_inlet_event_extra.py
[2026-08-08T17:25:11.272+0000] {processor.py:925} INFO - DAG(s) 'read_dataset_event', 'read_dataset_event_from_classic' retrieved from /home/airflow/.local/lib/python3.12/site-packages/airflow/example_dags/example_inlet_event_extra.py
[2026-08-08T17:25:11.409+0000] {logging_mixin.py:190} INFO - [2026-08-08T17:25:11.408+0000] {override.py:1858} INFO - Created Permission View: can delete on DAG:read_dataset_event
[2026-08-08T17:25:11.445+0000] {logging_mixin.py:190} INFO - [2026-08-08T17:25:11.444+0000] {override.py:1858} INFO - Created Permission View: can edit on DAG:read_dataset_event
[2026-08-08T17:25:11.465+0000] {logging_mixin.py:190} INFO - [2026-08-08T17:25:11.464+0000] {override.py:1858} INFO - Created Permission View: can read on DAG:read_dataset_event
[2026-08-08T17:25:11.487+0000] {logging_mixin.py:190} INFO - [2026-08-08T17:25:11.487+0000] {override.py:1858} INFO - Created Permission View: can delete on DAG:read_dataset_event_from_classic
[2026-08-08T17:25:11.495+0000] {logging_mixin.py:190} INFO - [2026-08-08T17:25:11.495+0000] {override.py:1858} INFO - Created Permission View: can edit on DAG:read_dataset_event_from_classic
[2026-08-08T17:25:11.505+0000] {logging_mixin.py:190} INFO - [2026-08-08T17:25:11.505+0000] {override.py:1858} INFO - Created Permission View: can read on DAG:read_dataset_event_from_classic
[2026-08-08T17:25:11.506+0000] {logging_mixin.py:190} INFO - [2026-08-08T17:25:11.506+0000] {dag.py:3211} INFO - Sync 2 DAGs
[2026-08-08T17:25:11.523+0000] {logging_mixin.py:190} INFO - [2026-08-08T17:25:11.523+0000] {dag.py:3234} INFO - Creating ORM DAG for read_dataset_event
[2026-08-08T17:25:11.525+0000] {logging_mixin.py:190} INFO - [2026-08-08T17:25:11.524+0000] {dag.py:3234} INFO - Creating ORM DAG for read_dataset_event_from_classic
[2026-08-08T17:25:11.540+0000] {logging_mixin.py:190} INFO - [2026-08-08T17:25:11.540+0000] {dag.py:4138} INFO - Setting next_dagrun for read_dataset_event to 2026-08-07 00:00:00+00:00, run_after=2026-08-08 00:00:00+00:00
[2026-08-08T17:25:11.545+0000] {logging_mixin.py:190} INFO - [2026-08-08T17:25:11.544+0000] {dag.py:4138} INFO - Setting next_dagrun for read_dataset_event_from_classic to 2026-08-07 00:00:00+00:00, run_after=2026-08-08 00:00:00+00:00
[2026-08-08T17:25:11.574+0000] {processor.py:208} INFO - Processing /home/airflow/.local/lib/python3.12/site-packages/airflow/example_dags/example_inlet_event_extra.py took 0.442 seconds
[2026-08-08T17:25:41.864+0000] {processor.py:186} INFO - Started process (PID=161) to work on /home/airflow/.local/lib/python3.12/site-packages/airflow/example_dags/example_inlet_event_extra.py
[2026-08-08T17:25:41.866+0000] {processor.py:914} INFO - Processing file /home/airflow/.local/lib/python3.12/site-packages/airflow/example_dags/example_inlet_event_extra.py for tasks to queue
[2026-08-08T17:25:41.871+0000] {logging_mixin.py:190} INFO - [2026-08-08T17:25:41.870+0000] {dagbag.py:587} INFO - Filling up the DagBag from /home/airflow/.local/lib/python3.12/site-packages/airflow/example_dags/example_inlet_event_extra.py
[2026-08-08T17:25:42.048+0000] {processor.py:925} INFO - DAG(s) 'read_dataset_event', 'read_dataset_event_from_classic' retrieved from /home/airflow/.local/lib/python3.12/site-packages/airflow/example_dags/example_inlet_event_extra.py
[2026-08-08T17:25:42.069+0000] {logging_mixin.py:190} INFO - [2026-08-08T17:25:42.069+0000] {dag.py:3211} INFO - Sync 2 DAGs
[2026-08-08T17:25:42.091+0000] {logging_mixin.py:190} INFO - [2026-08-08T17:25:42.091+0000] {dag.py:4138} INFO - Setting next_dagrun for read_dataset_event to 2026-08-07 00:00:00+00:00, run_after=2026-08-08 00:00:00+00:00
[2026-08-08T17:25:42.097+0000] {logging_mixin.py:190} INFO - [2026-08-08T17:25:42.097+0000] {dag.py:4138} INFO - Setting next_dagrun for read_dataset_event_from_classic to 2026-08-07 00:00:00+00:00, run_after=2026-08-08 00:00:00+00:00
[2026-08-08T17:25:42.122+0000] {processor.py:208} INFO - Processing /home/airflow/.local/lib/python3.12/site-packages/airflow/example_dags/example_inlet_event_extra.py took 0.268 seconds
[2026-08-08T17:26:12.456+0000] {processor.py:186} INFO - Started process (PID=224) to work on /home/airflow/.local/lib/python3.12/site-packages/airflow/example_dags/example_inlet_event_extra.py
[2026-08-08T17:26:12.458+0000] {processor.py:914} INFO - Processing file /home/airflow/.local/lib/python3.12/site-packages/airflow/example_dags/example_inlet_event_extra.py for tasks to queue
[2026-08-08T17:26:12.461+0000] {logging_mixin.py:190} INFO - [2026-08-08T17:26:12.461+0000] {dagbag.py:587} INFO - Filling up the DagBag from /home/airflow/.local/lib/python3.12/site-packages/airflow/example_dags/example_inlet_event_extra.py
[2026-08-08T17:26:12.676+0000] {processor.py:925} INFO - DAG(s) 'read_dataset_event_from_classic', 'read_dataset_event' retrieved from /home/airflow/.local/lib/python3.12/site-packages/airflow/example_dags/example_inlet_event_extra.py
[2026-08-08T17:26:12.714+0000] {logging_mixin.py:190} INFO - [2026-08-08T17:26:12.714+0000] {dag.py:3211} INFO - Sync 2 DAGs
[2026-08-08T17:26:12.756+0000] {logging_mixin.py:190} INFO - [2026-08-08T17:26:12.756+0000] {dag.py:4138} INFO - Setting next_dagrun for read_dataset_event to 2026-08-07 00:00:00+00:00, run_after=2026-08-08 00:00:00+00:00
[2026-08-08T17:26:12.761+0000] {logging_mixin.py:190} INFO - [2026-08-08T17:26:12.761+0000] {dag.py:4138} INFO - Setting next_dagrun for read_dataset_event_from_classic to 2026-08-07 00:00:00+00:00, run_after=2026-08-08 00:00:00+00:00
[2026-08-08T17:26:12.781+0000] {processor.py:208} INFO - Processing /home/airflow/.local/lib/python3.12/site-packages/airflow/example_dags/example_inlet_event_extra.py took 0.331 seconds
[2026-08-08T17:26:42.865+0000] {processor.py:186} INFO - Started process (PID=288) to work on /home/airflow/.local/lib/python3.12/site-packages/airflow/example_dags/example_inlet_event_extra.py
[2026-08-08T17:26:42.867+0000] {processor.py:914} INFO - Processing file /home/airflow/.local/lib/python3.12/site-packages/airflow/example_dags/example_inlet_event_extra.py for tasks to queue
[2026-08-08T17:26:42.869+0000] {logging_mixin.py:190} INFO - [2026-08-08T17:26:42.869+0000] {dagbag.py:587} INFO - Filling up the DagBag from /home/airflow/.local/lib/python3.12/site-packages/airflow/example_dags/example_inlet_event_extra.py
[2026-08-08T17:26:43.038+0000] {processor.py:925} INFO - DAG(s) 'read_dataset_event_from_classic', 'read_dataset_event' retrieved from /home/airflow/.local/lib/python3.12/site-packages/airflow/example_dags/example_inlet_event_extra.py
[2026-08-08T17:26:43.063+0000] {logging_mixin.py:190} INFO - [2026-08-08T17:26:43.063+0000] {dag.py:3211} INFO - Sync 2 DAGs
[2026-08-08T17:26:43.096+0000] {logging_mixin.py:190} INFO - [2026-08-08T17:26:43.095+0000] {dag.py:4138} INFO - Setting next_dagrun for read_dataset_event to 2026-08-07 00:00:00+00:00, run_after=2026-08-08 00:00:00+00:00
[2026-08-08T17:26:43.101+0000] {logging_mixin.py:190} INFO - [2026-08-08T17:26:43.101+0000] {dag.py:4138} INFO - Setting next_dagrun for read_dataset_event_from_classic to 2026-08-07 00:00:00+00:00, run_after=2026-08-08 00:00:00+00:00
[2026-08-08T17:26:43.121+0000] {processor.py:208} INFO - Processing /home/airflow/.local/lib/python3.12/site-packages/airflow/example_dags/example_inlet_event_extra.py took 0.261 seconds
[2026-08-08T17:27:13.227+0000] {processor.py:186} INFO - Started process (PID=352) to work on /home/airflow/.local/lib/python3.12/site-packages/airflow/example_dags/example_inlet_event_extra.py
[2026-08-08T17:27:13.228+0000] {processor.py:914} INFO - Processing file /home/airflow/.local/lib/python3.12/site-packages/airflow/example_dags/example_inlet_event_extra.py for tasks to queue
[2026-08-08T17:27:13.231+0000] {logging_mixin.py:190} INFO - [2026-08-08T17:27:13.231+0000] {dagbag.py:587} INFO - Filling up the DagBag from /home/airflow/.local/lib/python3.12/site-packages/airflow/example_dags/example_inlet_event_extra.py
[2026-08-08T17:27:13.343+0000] {processor.py:925} INFO - DAG(s) 'read_dataset_event', 'read_dataset_event_from_classic' retrieved from /home/airflow/.local/lib/python3.12/site-packages/airflow/example_dags/example_inlet_event_extra.py
[2026-08-08T17:27:13.361+0000] {logging_mixin.py:190} INFO - [2026-08-08T17:27:13.361+0000] {dag.py:3211} INFO - Sync 2 DAGs
[2026-08-08T17:27:13.378+0000] {logging_mixin.py:190} INFO - [2026-08-08T17:27:13.378+0000] {dag.py:4138} INFO - Setting next_dagrun for read_dataset_event to 2026-08-07 00:00:00+00:00, run_after=2026-08-08 00:00:00+00:00
[2026-08-08T17:27:13.381+0000] {logging_mixin.py:190} INFO - [2026-08-08T17:27:13.381+0000] {dag.py:4138} INFO - Setting next_dagrun for read_dataset_event_from_classic to 2026-08-07 00:00:00+00:00, run_after=2026-08-08 00:00:00+00:00
[2026-08-08T17:27:13.396+0000] {processor.py:208} INFO - Processing /home/airflow/.local/lib/python3.12/site-packages/airflow/example_dags/example_inlet_event_extra.py took 0.174 seconds
[2026-08-08T17:27:43.665+0000] {processor.py:186} INFO - Started process (PID=413) to work on /home/airflow/.local/lib/python3.12/site-packages/airflow/example_dags/example_inlet_event_extra.py
[2026-08-08T17:27:43.667+0000] {processor.py:914} INFO - Processing file /home/airflow/.local/lib/python3.12/site-packages/airflow/example_dags/example_inlet_event_extra.py for tasks to queue
[2026-08-08T17:27:43.669+0000] {logging_mixin.py:190} INFO - [2026-08-08T17:27:43.669+0000] {dagbag.py:587} INFO - Filling up the DagBag from /home/airflow/.local/lib/python3.12/site-packages/airflow/example_dags/example_inlet_event_extra.py
[2026-08-08T17:27:43.804+0000] {processor.py:925} INFO - DAG(s) 'read_dataset_event_from_classic', 'read_dataset_event' retrieved from /home/airflow/.local/lib/python3.12/site-packages/airflow/example_dags/example_inlet_event_extra.py
[2026-08-08T17:27:43.828+0000] {logging_mixin.py:190} INFO - [2026-08-08T17:27:43.827+0000] {dag.py:3211} INFO - Sync 2 DAGs
[2026-08-08T17:27:43.855+0000] {logging_mixin.py:190} INFO - [2026-08-08T17:27:43.855+0000] {dag.py:4138} INFO - Setting next_dagrun for read_dataset_event to 2026-08-07 00:00:00+00:00, run_after=2026-08-08 00:00:00+00:00
[2026-08-08T17:27:43.860+0000] {logging_mixin.py:190} INFO - [2026-08-08T17:27:43.860+0000] {dag.py:4138} INFO - Setting next_dagrun for read_dataset_event_from_classic to 2026-08-07 00:00:00+00:00, run_after=2026-08-08 00:00:00+00:00
[2026-08-08T17:27:43.881+0000] {processor.py:208} INFO - Processing /home/airflow/.local/lib/python3.12/site-packages/airflow/example_dags/example_inlet_event_extra.py took 0.222 seconds
[2026-08-08T17:28:14.171+0000] {processor.py:186} INFO - Started process (PID=476) to work on /home/airflow/.local/lib/python3.12/site-packages/airflow/example_dags/example_inlet_event_extra.py
[2026-08-08T17:28:14.173+0000] {processor.py:914} INFO - Processing file /home/airflow/.local/lib/python3.12/site-packages/airflow/example_dags/example_inlet_event_extra.py for tasks to queue
[2026-08-08T17:28:14.176+0000] {logging_mixin.py:190} INFO - [2026-08-08T17:28:14.175+0000] {dagbag.py:587} INFO - Filling up the DagBag from /home/airflow/.local/lib/python3.12/site-packages/airflow/example_dags/example_inlet_event_extra.py
[2026-08-08T17:28:14.326+0000] {processor.py:925} INFO - DAG(s) 'read_dataset_event', 'read_dataset_event_from_classic' retrieved from /home/airflow/.local/lib/python3.12/site-packages/airflow/example_dags/example_inlet_event_extra.py
[2026-08-08T17:28:14.362+0000] {logging_mixin.py:190} INFO - [2026-08-08T17:28:14.361+0000] {dag.py:3211} INFO - Sync 2 DAGs
[2026-08-08T17:28:14.398+0000] {logging_mixin.py:190} INFO - [2026-08-08T17:28:14.398+0000] {dag.py:4138} INFO - Setting next_dagrun for read_dataset_event to 2026-08-07 00:00:00+00:00, run_after=2026-08-08 00:00:00+00:00
[2026-08-08T17:28:14.405+0000] {logging_mixin.py:190} INFO - [2026-08-08T17:28:14.405+0000] {dag.py:4138} INFO - Setting next_dagrun for read_dataset_event_from_classic to 2026-08-07 00:00:00+00:00, run_after=2026-08-08 00:00:00+00:00
[2026-08-08T17:28:14.426+0000] {processor.py:208} INFO - Processing /home/airflow/.local/lib/python3.12/site-packages/airflow/example_dags/example_inlet_event_extra.py took 0.261 seconds
[2026-08-08T17:28:45.205+0000] {processor.py:186} INFO - Started process (PID=540) to work on /home/airflow/.local/lib/python3.12/site-packages/airflow/example_dags/example_inlet_event_extra.py
[2026-08-08T17:28:45.207+0000] {processor.py:914} INFO - Processing file /home/airflow/.local/lib/python3.12/site-packages/airflow/example_dags/example_inlet_event_extra.py for tasks to queue
[2026-08-08T17:28:45.211+0000] {logging_mixin.py:190} INFO - [2026-08-08T17:28:45.211+0000] {dagbag.py:587} INFO - Filling up the DagBag from /home/airflow/.local/lib/python3.12/site-packages/airflow/example_dags/example_inlet_event_extra.py
[2026-08-08T17:28:45.501+0000] {processor.py:925} INFO - DAG(s) 'read_dataset_event_from_classic', 'read_dataset_event' retrieved from /home/airflow/.local/lib/python3.12/site-packages/airflow/example_dags/example_inlet_event_extra.py
[2026-08-08T17:28:45.583+0000] {logging_mixin.py:190} INFO - [2026-08-08T17:28:45.582+0000] {dag.py:3211} INFO - Sync 2 DAGs
[2026-08-08T17:28:45.657+0000] {logging_mixin.py:190} INFO - [2026-08-08T17:28:45.656+0000] {dag.py:4138} INFO - Setting next_dagrun for read_dataset_event to 2026-08-07 00:00:00+00:00, run_after=2026-08-08 00:00:00+00:00
[2026-08-08T17:28:45.668+0000] {logging_mixin.py:190} INFO - [2026-08-08T17:28:45.668+0000] {dag.py:4138} INFO - Setting next_dagrun for read_dataset_event_from_classic to 2026-08-07 00:00:00+00:00, run_after=2026-08-08 00:00:00+00:00
[2026-08-08T17:28:45.703+0000] {processor.py:208} INFO - Processing /home/airflow/.local/lib/python3.12/site-packages/airflow/example_dags/example_inlet_event_extra.py took 0.508 seconds
[2026-08-08T17:29:16.430+0000] {processor.py:186} INFO - Started process (PID=604) to work on /home/airflow/.local/lib/python3.12/site-packages/airflow/example_dags/example_inlet_event_extra.py
[2026-08-08T17:29:16.432+0000] {processor.py:914} INFO - Processing file /home/airflow/.local/lib/python3.12/site-packages/airflow/example_dags/example_inlet_event_extra.py for tasks to queue
[2026-08-08T17:29:16.435+0000] {logging_mixin.py:190} INFO - [2026-08-08T17:29:16.435+0000] {dagbag.py:587} INFO - Filling up the DagBag from /home/airflow/.local/lib/python3.12/site-packages/airflow/example_dags/example_inlet_event_extra.py
[2026-08-08T17:29:16.583+0000] {processor.py:925} INFO - DAG(s) 'read_dataset_event_from_classic', 'read_dataset_event' retrieved from /home/airflow/.local/lib/python3.12/site-packages/airflow/example_dags/example_inlet_event_extra.py
[2026-08-08T17:29:16.602+0000] {logging_mixin.py:190} INFO - [2026-08-08T17:29:16.602+0000] {dag.py:3211} INFO - Sync 2 DAGs
[2026-08-08T17:29:16.626+0000] {logging_mixin.py:190} INFO - [2026-08-08T17:29:16.626+0000] {dag.py:4138} INFO - Setting next_dagrun for read_dataset_event to 2026-08-07 00:00:00+00:00, run_after=2026-08-08 00:00:00+00:00
[2026-08-08T17:29:16.630+0000] {logging_mixin.py:190} INFO - [2026-08-08T17:29:16.630+0000] {dag.py:4138} INFO - Setting next_dagrun for read_dataset_event_from_classic to 2026-08-07 00:00:00+00:00, run_after=2026-08-08 00:00:00+00:00
[2026-08-08T17:29:16.645+0000] {processor.py:208} INFO - Processing /home/airflow/.local/lib/python3.12/site-packages/airflow/example_dags/example_inlet_event_extra.py took 0.221 seconds
[2026-08-08T17:29:46.730+0000] {processor.py:186} INFO - Started process (PID=668) to work on /home/airflow/.local/lib/python3.12/site-packages/airflow/example_dags/example_inlet_event_extra.py
[2026-08-08T17:29:46.732+0000] {processor.py:914} INFO - Processing file /home/airflow/.local/lib/python3.12/site-packages/airflow/example_dags/example_inlet_event_extra.py for tasks to queue
[2026-08-08T17:29:46.735+0000] {logging_mixin.py:190} INFO - [2026-08-08T17:29:46.735+0000] {dagbag.py:587} INFO - Filling up the DagBag from /home/airflow/.local/lib/python3.12/site-packages/airflow/example_dags/example_inlet_event_extra.py
[2026-08-08T17:29:46.840+0000] {processor.py:925} INFO - DAG(s) 'read_dataset_event_from_classic', 'read_dataset_event' retrieved from /home/airflow/.local/lib/python3.12/site-packages/airflow/example_dags/example_inlet_event_extra.py
[2026-08-08T17:29:46.857+0000] {logging_mixin.py:190} INFO - [2026-08-08T17:29:46.857+0000] {dag.py:3211} INFO - Sync 2 DAGs
[2026-08-08T17:29:46.874+0000] {logging_mixin.py:190} INFO - [2026-08-08T17:29:46.874+0000] {dag.py:4138} INFO - Setting next_dagrun for read_dataset_event to 2026-08-07 00:00:00+00:00, run_after=2026-08-08 00:00:00+00:00
[2026-08-08T17:29:46.877+0000] {logging_mixin.py:190} INFO - [2026-08-08T17:29:46.877+0000] {dag.py:4138} INFO - Setting next_dagrun for read_dataset_event_from_classic to 2026-08-07 00:00:00+00:00, run_after=2026-08-08 00:00:00+00:00
[2026-08-08T17:29:46.892+0000] {processor.py:208} INFO - Processing /home/airflow/.local/lib/python3.12/site-packages/airflow/example_dags/example_inlet_event_extra.py took 0.168 seconds
[2026-08-08T17:30:17.585+0000] {processor.py:186} INFO - Started process (PID=730) to work on /home/airflow/.local/lib/python3.12/site-packages/airflow/example_dags/example_inlet_event_extra.py
[2026-08-08T17:30:17.587+0000] {processor.py:914} INFO - Processing file /home/airflow/.local/lib/python3.12/site-packages/airflow/example_dags/example_inlet_event_extra.py for tasks to queue
[2026-08-08T17:30:17.589+0000] {logging_mixin.py:190} INFO - [2026-08-08T17:30:17.589+0000] {dagbag.py:587} INFO - Filling up the DagBag from /home/airflow/.local/lib/python3.12/site-packages/airflow/example_dags/example_inlet_event_extra.py
[2026-08-08T17:30:17.724+0000] {processor.py:925} INFO - DAG(s) 'read_dataset_event_from_classic', 'read_dataset_event' retrieved from /home/airflow/.local/lib/python3.12/site-packages/airflow/example_dags/example_inlet_event_extra.py
[2026-08-08T17:30:17.743+0000] {logging_mixin.py:190} INFO - [2026-08-08T17:30:17.743+0000] {dag.py:3211} INFO - Sync 2 DAGs
[2026-08-08T17:30:17.762+0000] {logging_mixin.py:190} INFO - [2026-08-08T17:30:17.762+0000] {dag.py:4138} INFO - Setting next_dagrun for read_dataset_event to 2026-08-07 00:00:00+00:00, run_after=2026-08-08 00:00:00+00:00
[2026-08-08T17:30:17.772+0000] {logging_mixin.py:190} INFO - [2026-08-08T17:30:17.772+0000] {dag.py:4138} INFO - Setting next_dagrun for read_dataset_event_from_classic to 2026-08-07 00:00:00+00:00, run_after=2026-08-08 00:00:00+00:00
[2026-08-08T17:30:17.791+0000] {processor.py:208} INFO - Processing /home/airflow/.local/lib/python3.12/site-packages/airflow/example_dags/example_inlet_event_extra.py took 0.212 seconds
[2026-08-08T17:30:47.977+0000] {processor.py:186} INFO - Started process (PID=793) to work on /home/airflow/.local/lib/python3.12/site-packages/airflow/example_dags/example_inlet_event_extra.py
[2026-08-08T17:30:47.978+0000] {processor.py:914} INFO - Processing file /home/airflow/.local/lib/python3.12/site-packages/airflow/example_dags/example_inlet_event_extra.py for tasks to queue
[2026-08-08T17:30:47.981+0000] {logging_mixin.py:190} INFO - [2026-08-08T17:30:47.981+0000] {dagbag.py:587} INFO - Filling up the DagBag from /home/airflow/.local/lib/python3.12/site-packages/airflow/example_dags/example_inlet_event_extra.py
[2026-08-08T17:30:48.102+0000] {processor.py:925} INFO - DAG(s) 'read_dataset_event_from_classic', 'read_dataset_event' retrieved from /home/airflow/.local/lib/python3.12/site-packages/airflow/example_dags/example_inlet_event_extra.py
[2026-08-08T17:30:48.121+0000] {logging_mixin.py:190} INFO - [2026-08-08T17:30:48.121+0000] {dag.py:3211} INFO - Sync 2 DAGs
[2026-08-08T17:30:48.145+0000] {logging_mixin.py:190} INFO - [2026-08-08T17:30:48.145+0000] {dag.py:4138} INFO - Setting next_dagrun for read_dataset_event to 2026-08-07 00:00:00+00:00, run_after=2026-08-08 00:00:00+00:00
[2026-08-08T17:30:48.150+0000] {logging_mixin.py:190} INFO - [2026-08-08T17:30:48.149+0000] {dag.py:4138} INFO - Setting next_dagrun for read_dataset_event_from_classic to 2026-08-07 00:00:00+00:00, run_after=2026-08-08 00:00:00+00:00
[2026-08-08T17:30:48.169+0000] {processor.py:208} INFO - Processing /home/airflow/.local/lib/python3.12/site-packages/airflow/example_dags/example_inlet_event_extra.py took 0.198 seconds
[2026-08-08T17:31:18.994+0000] {processor.py:186} INFO - Started process (PID=856) to work on /home/airflow/.local/lib/python3.12/site-packages/airflow/example_dags/example_inlet_event_extra.py
[2026-08-08T17:31:18.997+0000] {processor.py:914} INFO - Processing file /home/airflow/.local/lib/python3.12/site-packages/airflow/example_dags/example_inlet_event_extra.py for tasks to queue
[2026-08-08T17:31:19.001+0000] {logging_mixin.py:190} INFO - [2026-08-08T17:31:19.001+0000] {dagbag.py:587} INFO - Filling up the DagBag from /home/airflow/.local/lib/python3.12/site-packages/airflow/example_dags/example_inlet_event_extra.py
[2026-08-08T17:31:19.179+0000] {processor.py:925} INFO - DAG(s) 'read_dataset_event_from_classic', 'read_dataset_event' retrieved from /home/airflow/.local/lib/python3.12/site-packages/airflow/example_dags/example_inlet_event_extra.py
[2026-08-08T17:31:19.210+0000] {logging_mixin.py:190} INFO - [2026-08-08T17:31:19.209+0000] {dag.py:3211} INFO - Sync 2 DAGs
[2026-08-08T17:31:19.243+0000] {logging_mixin.py:190} INFO - [2026-08-08T17:31:19.243+0000] {dag.py:4138} INFO - Setting next_dagrun for read_dataset_event to 2026-08-07 00:00:00+00:00, run_after=2026-08-08 00:00:00+00:00
[2026-08-08T17:31:19.248+0000] {logging_mixin.py:190} INFO - [2026-08-08T17:31:19.248+0000] {dag.py:4138} INFO - Setting next_dagrun for read_dataset_event_from_classic to 2026-08-07 00:00:00+00:00, run_after=2026-08-08 00:00:00+00:00
[2026-08-08T17:31:19.279+0000] {processor.py:208} INFO - Processing /home/airflow/.local/lib/python3.12/site-packages/airflow/example_dags/example_inlet_event_extra.py took 0.292 seconds
[2026-08-08T17:31:49.372+0000] {processor.py:186} INFO - Started process (PID=920) to work on /home/airflow/.local/lib/python3.12/site-packages/airflow/example_dags/example_inlet_event_extra.py
[2026-08-08T17:31:49.373+0000] {processor.py:914} INFO - Processing file /home/airflow/.local/lib/python3.12/site-packages/airflow/example_dags/example_inlet_event_extra.py for tasks to queue
[2026-08-08T17:31:49.376+0000] {logging_mixin.py:190} INFO - [2026-08-08T17:31:49.376+0000] {dagbag.py:587} INFO - Filling up the DagBag from /home/airflow/.local/lib/python3.12/site-packages/airflow/example_dags/example_inlet_event_extra.py
[2026-08-08T17:31:49.510+0000] {processor.py:925} INFO - DAG(s) 'read_dataset_event', 'read_dataset_event_from_classic' retrieved from /home/airflow/.local/lib/python3.12/site-packages/airflow/example_dags/example_inlet_event_extra.py
[2026-08-08T17:31:49.532+0000] {logging_mixin.py:190} INFO - [2026-08-08T17:31:49.532+0000] {dag.py:3211} INFO - Sync 2 DAGs
[2026-08-08T17:31:49.554+0000] {logging_mixin.py:190} INFO - [2026-08-08T17:31:49.554+0000] {dag.py:4138} INFO - Setting next_dagrun for read_dataset_event to 2026-08-07 00:00:00+00:00, run_after=2026-08-08 00:00:00+00:00
[2026-08-08T17:31:49.559+0000] {logging_mixin.py:190} INFO - [2026-08-08T17:31:49.559+0000] {dag.py:4138} INFO - Setting next_dagrun for read_dataset_event_from_classic to 2026-08-07 00:00:00+00:00, run_after=2026-08-08 00:00:00+00:00
[2026-08-08T17:31:49.576+0000] {processor.py:208} INFO - Processing /home/airflow/.local/lib/python3.12/site-packages/airflow/example_dags/example_inlet_event_extra.py took 0.209 seconds
[2026-08-08T17:32:20.608+0000] {processor.py:186} INFO - Started process (PID=984) to work on /home/airflow/.local/lib/python3.12/site-packages/airflow/example_dags/example_inlet_event_extra.py
[2026-08-08T17:32:20.611+0000] {processor.py:914} INFO - Processing file /home/airflow/.local/lib/python3.12/site-packages/airflow/example_dags/example_inlet_event_extra.py for tasks to queue
[2026-08-08T17:32:20.614+0000] {logging_mixin.py:190} INFO - [2026-08-08T17:32:20.613+0000] {dagbag.py:587} INFO - Filling up the DagBag from /home/airflow/.local/lib/python3.12/site-packages/airflow/example_dags/example_inlet_event_extra.py
[2026-08-08T17:32:20.791+0000] {processor.py:925} INFO - DAG(s) 'read_dataset_event_from_classic', 'read_dataset_event' retrieved from /home/airflow/.local/lib/python3.12/site-packages/airflow/example_dags/example_inlet_event_extra.py
[2026-08-08T17:32:20.815+0000] {logging_mixin.py:190} INFO - [2026-08-08T17:32:20.815+0000] {dag.py:3211} INFO - Sync 2 DAGs
[2026-08-08T17:32:20.837+0000] {logging_mixin.py:190} INFO - [2026-08-08T17:32:20.837+0000] {dag.py:4138} INFO - Setting next_dagrun for read_dataset_event to 2026-08-07 00:00:00+00:00, run_after=2026-08-08 00:00:00+00:00
[2026-08-08T17:32:20.842+0000] {logging_mixin.py:190} INFO - [2026-08-08T17:32:20.841+0000] {dag.py:4138} INFO - Setting next_dagrun for read_dataset_event_from_classic to 2026-08-07 00:00:00+00:00, run_after=2026-08-08 00:00:00+00:00
[2026-08-08T17:32:20.859+0000] {processor.py:208} INFO - Processing /home/airflow/.local/lib/python3.12/site-packages/airflow/example_dags/example_inlet_event_extra.py took 0.260 seconds
[2026-08-08T17:32:51.091+0000] {processor.py:186} INFO - Started process (PID=1048) to work on /home/airflow/.local/lib/python3.12/site-packages/airflow/example_dags/example_inlet_event_extra.py
[2026-08-08T17:32:51.092+0000] {processor.py:914} INFO - Processing file /home/airflow/.local/lib/python3.12/site-packages/airflow/example_dags/example_inlet_event_extra.py for tasks to queue
[2026-08-08T17:32:51.096+0000] {logging_mixin.py:190} INFO - [2026-08-08T17:32:51.095+0000] {dagbag.py:587} INFO - Filling up the DagBag from /home/airflow/.local/lib/python3.12/site-packages/airflow/example_dags/example_inlet_event_extra.py
[2026-08-08T17:32:51.287+0000] {processor.py:925} INFO - DAG(s) 'read_dataset_event', 'read_dataset_event_from_classic' retrieved from /home/airflow/.local/lib/python3.12/site-packages/airflow/example_dags/example_inlet_event_extra.py
[2026-08-08T17:32:51.317+0000] {logging_mixin.py:190} INFO - [2026-08-08T17:32:51.316+0000] {dag.py:3211} INFO - Sync 2 DAGs
[2026-08-08T17:32:51.346+0000] {logging_mixin.py:190} INFO - [2026-08-08T17:32:51.346+0000] {dag.py:4138} INFO - Setting next_dagrun for read_dataset_event to 2026-08-07 00:00:00+00:00, run_after=2026-08-08 00:00:00+00:00
[2026-08-08T17:32:51.352+0000] {logging_mixin.py:190} INFO - [2026-08-08T17:32:51.352+0000] {dag.py:4138} INFO - Setting next_dagrun for read_dataset_event_from_classic to 2026-08-07 00:00:00+00:00, run_after=2026-08-08 00:00:00+00:00
[2026-08-08T17:32:51.373+0000] {processor.py:208} INFO - Processing /home/airflow/.local/lib/python3.12/site-packages/airflow/example_dags/example_inlet_event_extra.py took 0.291 seconds
[2026-08-08T17:33:21.762+0000] {processor.py:186} INFO - Started process (PID=1111) to work on /home/airflow/.local/lib/python3.12/site-packages/airflow/example_dags/example_inlet_event_extra.py
[2026-08-08T17:33:21.764+0000] {processor.py:914} INFO - Processing file /home/airflow/.local/lib/python3.12/site-packages/airflow/example_dags/example_inlet_event_extra.py for tasks to queue
[2026-08-08T17:33:21.768+0000] {logging_mixin.py:190} INFO - [2026-08-08T17:33:21.767+0000] {dagbag.py:587} INFO - Filling up the DagBag from /home/airflow/.local/lib/python3.12/site-packages/airflow/example_dags/example_inlet_event_extra.py
[2026-08-08T17:33:21.930+0000] {processor.py:925} INFO - DAG(s) 'read_dataset_event_from_classic', 'read_dataset_event' retrieved from /home/airflow/.local/lib/python3.12/site-packages/airflow/example_dags/example_inlet_event_extra.py
[2026-08-08T17:33:21.957+0000] {logging_mixin.py:190} INFO - [2026-08-08T17:33:21.956+0000] {dag.py:3211} INFO - Sync 2 DAGs
[2026-08-08T17:33:21.982+0000] {logging_mixin.py:190} INFO - [2026-08-08T17:33:21.982+0000] {dag.py:4138} INFO - Setting next_dagrun for read_dataset_event to 2026-08-07 00:00:00+00:00, run_after=2026-08-08 00:00:00+00:00
[2026-08-08T17:33:21.988+0000] {logging_mixin.py:190} INFO - [2026-08-08T17:33:21.987+0000] {dag.py:4138} INFO - Setting next_dagrun for read_dataset_event_from_classic to 2026-08-07 00:00:00+00:00, run_after=2026-08-08 00:00:00+00:00
[2026-08-08T17:33:22.016+0000] {processor.py:208} INFO - Processing /home/airflow/.local/lib/python3.12/site-packages/airflow/example_dags/example_inlet_event_extra.py took 0.264 seconds
[2026-08-08T17:33:52.225+0000] {processor.py:186} INFO - Started process (PID=1176) to work on /home/airflow/.local/lib/python3.12/site-packages/airflow/example_dags/example_inlet_event_extra.py
[2026-08-08T17:33:52.227+0000] {processor.py:914} INFO - Processing file /home/airflow/.local/lib/python3.12/site-packages/airflow/example_dags/example_inlet_event_extra.py for tasks to queue
[2026-08-08T17:33:52.231+0000] {logging_mixin.py:190} INFO - [2026-08-08T17:33:52.230+0000] {dagbag.py:587} INFO - Filling up the DagBag from /home/airflow/.local/lib/python3.12/site-packages/airflow/example_dags/example_inlet_event_extra.py
[2026-08-08T17:33:52.417+0000] {processor.py:925} INFO - DAG(s) 'read_dataset_event', 'read_dataset_event_from_classic' retrieved from /home/airflow/.local/lib/python3.12/site-packages/airflow/example_dags/example_inlet_event_extra.py
[2026-08-08T17:33:52.439+0000] {logging_mixin.py:190} INFO - [2026-08-08T17:33:52.439+0000] {dag.py:3211} INFO - Sync 2 DAGs
[2026-08-08T17:33:52.464+0000] {logging_mixin.py:190} INFO - [2026-08-08T17:33:52.464+0000] {dag.py:4138} INFO - Setting next_dagrun for read_dataset_event to 2026-08-07 00:00:00+00:00, run_after=2026-08-08 00:00:00+00:00
[2026-08-08T17:33:52.469+0000] {logging_mixin.py:190} INFO - [2026-08-08T17:33:52.468+0000] {dag.py:4138} INFO - Setting next_dagrun for read_dataset_event_from_classic to 2026-08-07 00:00:00+00:00, run_after=2026-08-08 00:00:00+00:00
[2026-08-08T17:33:52.488+0000] {processor.py:208} INFO - Processing /home/airflow/.local/lib/python3.12/site-packages/airflow/example_dags/example_inlet_event_extra.py took 0.274 seconds
[2026-08-08T17:34:22.571+0000] {processor.py:186} INFO - Started process (PID=1240) to work on /home/airflow/.local/lib/python3.12/site-packages/airflow/example_dags/example_inlet_event_extra.py
[2026-08-08T17:34:22.572+0000] {processor.py:914} INFO - Processing file /home/airflow/.local/lib/python3.12/site-packages/airflow/example_dags/example_inlet_event_extra.py for tasks to queue
[2026-08-08T17:34:22.575+0000] {logging_mixin.py:190} INFO - [2026-08-08T17:34:22.574+0000] {dagbag.py:587} INFO - Filling up the DagBag from /home/airflow/.local/lib/python3.12/site-packages/airflow/example_dags/example_inlet_event_extra.py
[2026-08-08T17:34:22.691+0000] {processor.py:925} INFO - DAG(s) 'read_dataset_event', 'read_dataset_event_from_classic' retrieved from /home/airflow/.local/lib/python3.12/site-packages/airflow/example_dags/example_inlet_event_extra.py
[2026-08-08T17:34:22.708+0000] {logging_mixin.py:190} INFO - [2026-08-08T17:34:22.708+0000] {dag.py:3211} INFO - Sync 2 DAGs
[2026-08-08T17:34:22.725+0000] {logging_mixin.py:190} INFO - [2026-08-08T17:34:22.724+0000] {dag.py:4138} INFO - Setting next_dagrun for read_dataset_event to 2026-08-07 00:00:00+00:00, run_after=2026-08-08 00:00:00+00:00
[2026-08-08T17:34:22.728+0000] {logging_mixin.py:190} INFO - [2026-08-08T17:34:22.728+0000] {dag.py:4138} INFO - Setting next_dagrun for read_dataset_event_from_classic to 2026-08-07 00:00:00+00:00, run_after=2026-08-08 00:00:00+00:00
[2026-08-08T17:34:22.744+0000] {processor.py:208} INFO - Processing /home/airflow/.local/lib/python3.12/site-packages/airflow/example_dags/example_inlet_event_extra.py took 0.179 seconds
[2026-08-08T17:34:53.354+0000] {processor.py:186} INFO - Started process (PID=1300) to work on /home/airflow/.local/lib/python3.12/site-packages/airflow/example_dags/example_inlet_event_extra.py
[2026-08-08T17:34:53.356+0000] {processor.py:914} INFO - Processing file /home/airflow/.local/lib/python3.12/site-packages/airflow/example_dags/example_inlet_event_extra.py for tasks to queue
[2026-08-08T17:34:53.358+0000] {logging_mixin.py:190} INFO - [2026-08-08T17:34:53.358+0000] {dagbag.py:587} INFO - Filling up the DagBag from /home/airflow/.local/lib/python3.12/site-packages/airflow/example_dags/example_inlet_event_extra.py
[2026-08-08T17:34:53.484+0000] {processor.py:925} INFO - DAG(s) 'read_dataset_event', 'read_dataset_event_from_classic' retrieved from /home/airflow/.local/lib/python3.12/site-packages/airflow/example_dags/example_inlet_event_extra.py
[2026-08-08T17:34:53.506+0000] {logging_mixin.py:190} INFO - [2026-08-08T17:34:53.505+0000] {dag.py:3211} INFO - Sync 2 DAGs
[2026-08-08T17:34:53.528+0000] {logging_mixin.py:190} INFO - [2026-08-08T17:34:53.528+0000] {dag.py:4138} INFO - Setting next_dagrun for read_dataset_event to 2026-08-07 00:00:00+00:00, run_after=2026-08-08 00:00:00+00:00
[2026-08-08T17:34:53.533+0000] {logging_mixin.py:190} INFO - [2026-08-08T17:34:53.533+0000] {dag.py:4138} INFO - Setting next_dagrun for read_dataset_event_from_classic to 2026-08-07 00:00:00+00:00, run_after=2026-08-08 00:00:00+00:00
[2026-08-08T17:34:53.552+0000] {processor.py:208} INFO - Processing /home/airflow/.local/lib/python3.12/site-packages/airflow/example_dags/example_inlet_event_extra.py took 0.204 seconds
[2026-08-08T17:35:23.935+0000] {processor.py:186} INFO - Started process (PID=1363) to work on /home/airflow/.local/lib/python3.12/site-packages/airflow/example_dags/example_inlet_event_extra.py
[2026-08-08T17:35:23.937+0000] {processor.py:914} INFO - Processing file /home/airflow/.local/lib/python3.12/site-packages/airflow/example_dags/example_inlet_event_extra.py for tasks to queue
[2026-08-08T17:35:23.939+0000] {logging_mixin.py:190} INFO - [2026-08-08T17:35:23.939+0000] {dagbag.py:587} INFO - Filling up the DagBag from /home/airflow/.local/lib/python3.12/site-packages/airflow/example_dags/example_inlet_event_extra.py
[2026-08-08T17:35:24.071+0000] {processor.py:925} INFO - DAG(s) 'read_dataset_event', 'read_dataset_event_from_classic' retrieved from /home/airflow/.local/lib/python3.12/site-packages/airflow/example_dags/example_inlet_event_extra.py
[2026-08-08T17:35:24.099+0000] {logging_mixin.py:190} INFO - [2026-08-08T17:35:24.099+0000] {dag.py:3211} INFO - Sync 2 DAGs
[2026-08-08T17:35:24.121+0000] {logging_mixin.py:190} INFO - [2026-08-08T17:35:24.121+0000] {dag.py:4138} INFO - Setting next_dagrun for read_dataset_event to 2026-08-07 00:00:00+00:00, run_after=2026-08-08 00:00:00+00:00
[2026-08-08T17:35:24.125+0000] {logging_mixin.py:190} INFO - [2026-08-08T17:35:24.125+0000] {dag.py:4138} INFO - Setting next_dagrun for read_dataset_event_from_classic to 2026-08-07 00:00:00+00:00, run_after=2026-08-08 00:00:00+00:00
[2026-08-08T17:35:24.144+0000] {processor.py:208} INFO - Processing /home/airflow/.local/lib/python3.12/site-packages/airflow/example_dags/example_inlet_event_extra.py took 0.213 seconds
[2026-08-08T17:35:54.310+0000] {processor.py:186} INFO - Started process (PID=1428) to work on /home/airflow/.local/lib/python3.12/site-packages/airflow/example_dags/example_inlet_event_extra.py
[2026-08-08T17:35:54.311+0000] {processor.py:914} INFO - Processing file /home/airflow/.local/lib/python3.12/site-packages/airflow/example_dags/example_inlet_event_extra.py for tasks to queue
[2026-08-08T17:35:54.314+0000] {logging_mixin.py:190} INFO - [2026-08-08T17:35:54.314+0000] {dagbag.py:587} INFO - Filling up the DagBag from /home/airflow/.local/lib/python3.12/site-packages/airflow/example_dags/example_inlet_event_extra.py
[2026-08-08T17:35:54.522+0000] {processor.py:925} INFO - DAG(s) 'read_dataset_event', 'read_dataset_event_from_classic' retrieved from /home/airflow/.local/lib/python3.12/site-packages/airflow/example_dags/example_inlet_event_extra.py
[2026-08-08T17:35:54.563+0000] {logging_mixin.py:190} INFO - [2026-08-08T17:35:54.563+0000] {dag.py:3211} INFO - Sync 2 DAGs
[2026-08-08T17:35:54.608+0000] {logging_mixin.py:190} INFO - [2026-08-08T17:35:54.607+0000] {dag.py:4138} INFO - Setting next_dagrun for read_dataset_event to 2026-08-07 00:00:00+00:00, run_after=2026-08-08 00:00:00+00:00
[2026-08-08T17:35:54.616+0000] {logging_mixin.py:190} INFO - [2026-08-08T17:35:54.616+0000] {dag.py:4138} INFO - Setting next_dagrun for read_dataset_event_from_classic to 2026-08-07 00:00:00+00:00, run_after=2026-08-08 00:00:00+00:00
[2026-08-08T17:35:54.652+0000] {processor.py:208} INFO - Processing /home/airflow/.local/lib/python3.12/site-packages/airflow/example_dags/example_inlet_event_extra.py took 0.347 seconds
[2026-08-08T17:36:24.726+0000] {processor.py:186} INFO - Started process (PID=1491) to work on /home/airflow/.local/lib/python3.12/site-packages/airflow/example_dags/example_inlet_event_extra.py
[2026-08-08T17:36:24.728+0000] {processor.py:914} INFO - Processing file /home/airflow/.local/lib/python3.12/site-packages/airflow/example_dags/example_inlet_event_extra.py for tasks to queue
[2026-08-08T17:36:24.730+0000] {logging_mixin.py:190} INFO - [2026-08-08T17:36:24.730+0000] {dagbag.py:587} INFO - Filling up the DagBag from /home/airflow/.local/lib/python3.12/site-packages/airflow/example_dags/example_inlet_event_extra.py
[2026-08-08T17:36:24.872+0000] {processor.py:925} INFO - DAG(s) 'read_dataset_event_from_classic', 'read_dataset_event' retrieved from /home/airflow/.local/lib/python3.12/site-packages/airflow/example_dags/example_inlet_event_extra.py
[2026-08-08T17:36:24.895+0000] {logging_mixin.py:190} INFO - [2026-08-08T17:36:24.895+0000] {dag.py:3211} INFO - Sync 2 DAGs
[2026-08-08T17:36:24.928+0000] {logging_mixin.py:190} INFO - [2026-08-08T17:36:24.927+0000] {dag.py:4138} INFO - Setting next_dagrun for read_dataset_event to 2026-08-07 00:00:00+00:00, run_after=2026-08-08 00:00:00+00:00
[2026-08-08T17:36:24.935+0000] {logging_mixin.py:190} INFO - [2026-08-08T17:36:24.935+0000] {dag.py:4138} INFO - Setting next_dagrun for read_dataset_event_from_classic to 2026-08-07 00:00:00+00:00, run_after=2026-08-08 00:00:00+00:00
[2026-08-08T17:36:24.958+0000] {processor.py:208} INFO - Processing /home/airflow/.local/lib/python3.12/site-packages/airflow/example_dags/example_inlet_event_extra.py took 0.238 seconds
[2026-08-08T17:38:15.904+0000] {processor.py:186} INFO - Started process (PID=86) to work on /home/airflow/.local/lib/python3.12/site-packages/airflow/example_dags/example_inlet_event_extra.py
[2026-08-08T17:38:15.905+0000] {processor.py:914} INFO - Processing file /home/airflow/.local/lib/python3.12/site-packages/airflow/example_dags/example_inlet_event_extra.py for tasks to queue
[2026-08-08T17:38:15.907+0000] {logging_mixin.py:190} INFO - [2026-08-08T17:38:15.907+0000] {dagbag.py:587} INFO - Filling up the DagBag from /home/airflow/.local/lib/python3.12/site-packages/airflow/example_dags/example_inlet_event_extra.py
[2026-08-08T17:38:16.025+0000] {processor.py:925} INFO - DAG(s) 'read_dataset_event_from_classic', 'read_dataset_event' retrieved from /home/airflow/.local/lib/python3.12/site-packages/airflow/example_dags/example_inlet_event_extra.py
[2026-08-08T17:38:16.048+0000] {logging_mixin.py:190} INFO - [2026-08-08T17:38:16.048+0000] {dag.py:3211} INFO - Sync 2 DAGs
[2026-08-08T17:38:16.066+0000] {logging_mixin.py:190} INFO - [2026-08-08T17:38:16.066+0000] {dag.py:4138} INFO - Setting next_dagrun for read_dataset_event to 2026-08-07 00:00:00+00:00, run_after=2026-08-08 00:00:00+00:00
[2026-08-08T17:38:16.070+0000] {logging_mixin.py:190} INFO - [2026-08-08T17:38:16.070+0000] {dag.py:4138} INFO - Setting next_dagrun for read_dataset_event_from_classic to 2026-08-07 00:00:00+00:00, run_after=2026-08-08 00:00:00+00:00
[2026-08-08T17:38:16.088+0000] {processor.py:208} INFO - Processing /home/airflow/.local/lib/python3.12/site-packages/airflow/example_dags/example_inlet_event_extra.py took 0.191 seconds
[2026-08-08T17:38:46.720+0000] {processor.py:186} INFO - Started process (PID=149) to work on /home/airflow/.local/lib/python3.12/site-packages/airflow/example_dags/example_inlet_event_extra.py
[2026-08-08T17:38:46.722+0000] {processor.py:914} INFO - Processing file /home/airflow/.local/lib/python3.12/site-packages/airflow/example_dags/example_inlet_event_extra.py for tasks to queue
[2026-08-08T17:38:46.726+0000] {logging_mixin.py:190} INFO - [2026-08-08T17:38:46.725+0000] {dagbag.py:587} INFO - Filling up the DagBag from /home/airflow/.local/lib/python3.12/site-packages/airflow/example_dags/example_inlet_event_extra.py
[2026-08-08T17:38:46.944+0000] {processor.py:925} INFO - DAG(s) 'read_dataset_event_from_classic', 'read_dataset_event' retrieved from /home/airflow/.local/lib/python3.12/site-packages/airflow/example_dags/example_inlet_event_extra.py
[2026-08-08T17:38:46.976+0000] {logging_mixin.py:190} INFO - [2026-08-08T17:38:46.976+0000] {dag.py:3211} INFO - Sync 2 DAGs
[2026-08-08T17:38:47.007+0000] {logging_mixin.py:190} INFO - [2026-08-08T17:38:47.007+0000] {dag.py:4138} INFO - Setting next_dagrun for read_dataset_event to 2026-08-07 00:00:00+00:00, run_after=2026-08-08 00:00:00+00:00
[2026-08-08T17:38:47.013+0000] {logging_mixin.py:190} INFO - [2026-08-08T17:38:47.013+0000] {dag.py:4138} INFO - Setting next_dagrun for read_dataset_event_from_classic to 2026-08-07 00:00:00+00:00, run_after=2026-08-08 00:00:00+00:00
[2026-08-08T17:38:47.036+0000] {processor.py:208} INFO - Processing /home/airflow/.local/lib/python3.12/site-packages/airflow/example_dags/example_inlet_event_extra.py took 0.325 seconds
[2026-08-08T17:39:17.886+0000] {processor.py:186} INFO - Started process (PID=212) to work on /home/airflow/.local/lib/python3.12/site-packages/airflow/example_dags/example_inlet_event_extra.py
[2026-08-08T17:39:17.887+0000] {processor.py:914} INFO - Processing file /home/airflow/.local/lib/python3.12/site-packages/airflow/example_dags/example_inlet_event_extra.py for tasks to queue
[2026-08-08T17:39:17.891+0000] {logging_mixin.py:190} INFO - [2026-08-08T17:39:17.891+0000] {dagbag.py:587} INFO - Filling up the DagBag from /home/airflow/.local/lib/python3.12/site-packages/airflow/example_dags/example_inlet_event_extra.py
[2026-08-08T17:39:18.050+0000] {processor.py:925} INFO - DAG(s) 'read_dataset_event', 'read_dataset_event_from_classic' retrieved from /home/airflow/.local/lib/python3.12/site-packages/airflow/example_dags/example_inlet_event_extra.py
[2026-08-08T17:39:18.075+0000] {logging_mixin.py:190} INFO - [2026-08-08T17:39:18.075+0000] {dag.py:3211} INFO - Sync 2 DAGs
[2026-08-08T17:39:18.098+0000] {logging_mixin.py:190} INFO - [2026-08-08T17:39:18.098+0000] {dag.py:4138} INFO - Setting next_dagrun for read_dataset_event to 2026-08-07 00:00:00+00:00, run_after=2026-08-08 00:00:00+00:00
[2026-08-08T17:39:18.104+0000] {logging_mixin.py:190} INFO - [2026-08-08T17:39:18.103+0000] {dag.py:4138} INFO - Setting next_dagrun for read_dataset_event_from_classic to 2026-08-07 00:00:00+00:00, run_after=2026-08-08 00:00:00+00:00
[2026-08-08T17:39:18.125+0000] {processor.py:208} INFO - Processing /home/airflow/.local/lib/python3.12/site-packages/airflow/example_dags/example_inlet_event_extra.py took 0.245 seconds
[2026-08-08T17:39:48.213+0000] {processor.py:186} INFO - Started process (PID=276) to work on /home/airflow/.local/lib/python3.12/site-packages/airflow/example_dags/example_inlet_event_extra.py
[2026-08-08T17:39:48.214+0000] {processor.py:914} INFO - Processing file /home/airflow/.local/lib/python3.12/site-packages/airflow/example_dags/example_inlet_event_extra.py for tasks to queue
[2026-08-08T17:39:48.217+0000] {logging_mixin.py:190} INFO - [2026-08-08T17:39:48.216+0000] {dagbag.py:587} INFO - Filling up the DagBag from /home/airflow/.local/lib/python3.12/site-packages/airflow/example_dags/example_inlet_event_extra.py
[2026-08-08T17:39:48.343+0000] {processor.py:925} INFO - DAG(s) 'read_dataset_event_from_classic', 'read_dataset_event' retrieved from /home/airflow/.local/lib/python3.12/site-packages/airflow/example_dags/example_inlet_event_extra.py
[2026-08-08T17:39:48.370+0000] {logging_mixin.py:190} INFO - [2026-08-08T17:39:48.370+0000] {dag.py:3211} INFO - Sync 2 DAGs
[2026-08-08T17:39:48.398+0000] {logging_mixin.py:190} INFO - [2026-08-08T17:39:48.398+0000] {dag.py:4138} INFO - Setting next_dagrun for read_dataset_event to 2026-08-07 00:00:00+00:00, run_after=2026-08-08 00:00:00+00:00
[2026-08-08T17:39:48.403+0000] {logging_mixin.py:190} INFO - [2026-08-08T17:39:48.402+0000] {dag.py:4138} INFO - Setting next_dagrun for read_dataset_event_from_classic to 2026-08-07 00:00:00+00:00, run_after=2026-08-08 00:00:00+00:00
[2026-08-08T17:39:48.420+0000] {processor.py:208} INFO - Processing /home/airflow/.local/lib/python3.12/site-packages/airflow/example_dags/example_inlet_event_extra.py took 0.212 seconds
[2026-08-08T17:42:40.044+0000] {processor.py:186} INFO - Started process (PID=98) to work on /home/airflow/.local/lib/python3.12/site-packages/airflow/example_dags/example_inlet_event_extra.py
[2026-08-08T17:42:40.045+0000] {processor.py:914} INFO - Processing file /home/airflow/.local/lib/python3.12/site-packages/airflow/example_dags/example_inlet_event_extra.py for tasks to queue
[2026-08-08T17:42:40.048+0000] {logging_mixin.py:190} INFO - [2026-08-08T17:42:40.048+0000] {dagbag.py:587} INFO - Filling up the DagBag from /home/airflow/.local/lib/python3.12/site-packages/airflow/example_dags/example_inlet_event_extra.py
[2026-08-08T17:42:40.229+0000] {processor.py:925} INFO - DAG(s) 'read_dataset_event_from_classic', 'read_dataset_event' retrieved from /home/airflow/.local/lib/python3.12/site-packages/airflow/example_dags/example_inlet_event_extra.py
[2026-08-08T17:42:40.264+0000] {logging_mixin.py:190} INFO - [2026-08-08T17:42:40.264+0000] {dag.py:3211} INFO - Sync 2 DAGs
[2026-08-08T17:42:40.294+0000] {logging_mixin.py:190} INFO - [2026-08-08T17:42:40.293+0000] {dag.py:4138} INFO - Setting next_dagrun for read_dataset_event to 2026-08-07 00:00:00+00:00, run_after=2026-08-08 00:00:00+00:00
[2026-08-08T17:42:40.299+0000] {logging_mixin.py:190} INFO - [2026-08-08T17:42:40.299+0000] {dag.py:4138} INFO - Setting next_dagrun for read_dataset_event_from_classic to 2026-08-07 00:00:00+00:00, run_after=2026-08-08 00:00:00+00:00
[2026-08-08T17:42:40.343+0000] {processor.py:208} INFO - Processing /home/airflow/.local/lib/python3.12/site-packages/airflow/example_dags/example_inlet_event_extra.py took 0.306 seconds
[2026-08-08T17:43:10.486+0000] {processor.py:186} INFO - Started process (PID=161) to work on /home/airflow/.local/lib/python3.12/site-packages/airflow/example_dags/example_inlet_event_extra.py
[2026-08-08T17:43:10.487+0000] {processor.py:914} INFO - Processing file /home/airflow/.local/lib/python3.12/site-packages/airflow/example_dags/example_inlet_event_extra.py for tasks to queue
[2026-08-08T17:43:10.490+0000] {logging_mixin.py:190} INFO - [2026-08-08T17:43:10.490+0000] {dagbag.py:587} INFO - Filling up the DagBag from /home/airflow/.local/lib/python3.12/site-packages/airflow/example_dags/example_inlet_event_extra.py
[2026-08-08T17:43:10.691+0000] {processor.py:925} INFO - DAG(s) 'read_dataset_event_from_classic', 'read_dataset_event' retrieved from /home/airflow/.local/lib/python3.12/site-packages/airflow/example_dags/example_inlet_event_extra.py
[2026-08-08T17:43:10.723+0000] {logging_mixin.py:190} INFO - [2026-08-08T17:43:10.723+0000] {dag.py:3211} INFO - Sync 2 DAGs
[2026-08-08T17:43:10.761+0000] {logging_mixin.py:190} INFO - [2026-08-08T17:43:10.761+0000] {dag.py:4138} INFO - Setting next_dagrun for read_dataset_event to 2026-08-07 00:00:00+00:00, run_after=2026-08-08 00:00:00+00:00
[2026-08-08T17:43:10.769+0000] {logging_mixin.py:190} INFO - [2026-08-08T17:43:10.768+0000] {dag.py:4138} INFO - Setting next_dagrun for read_dataset_event_from_classic to 2026-08-07 00:00:00+00:00, run_after=2026-08-08 00:00:00+00:00
[2026-08-08T17:43:10.796+0000] {processor.py:208} INFO - Processing /home/airflow/.local/lib/python3.12/site-packages/airflow/example_dags/example_inlet_event_extra.py took 0.319 seconds
[2026-08-08T17:43:41.569+0000] {processor.py:186} INFO - Started process (PID=224) to work on /home/airflow/.local/lib/python3.12/site-packages/airflow/example_dags/example_inlet_event_extra.py
[2026-08-08T17:43:41.571+0000] {processor.py:914} INFO - Processing file /home/airflow/.local/lib/python3.12/site-packages/airflow/example_dags/example_inlet_event_extra.py for tasks to queue
[2026-08-08T17:43:41.574+0000] {logging_mixin.py:190} INFO - [2026-08-08T17:43:41.574+0000] {dagbag.py:587} INFO - Filling up the DagBag from /home/airflow/.local/lib/python3.12/site-packages/airflow/example_dags/example_inlet_event_extra.py
[2026-08-08T17:43:41.704+0000] {processor.py:925} INFO - DAG(s) 'read_dataset_event', 'read_dataset_event_from_classic' retrieved from /home/airflow/.local/lib/python3.12/site-packages/airflow/example_dags/example_inlet_event_extra.py
[2026-08-08T17:43:41.735+0000] {logging_mixin.py:190} INFO - [2026-08-08T17:43:41.735+0000] {dag.py:3211} INFO - Sync 2 DAGs
[2026-08-08T17:43:41.760+0000] {logging_mixin.py:190} INFO - [2026-08-08T17:43:41.760+0000] {dag.py:4138} INFO - Setting next_dagrun for read_dataset_event to 2026-08-07 00:00:00+00:00, run_after=2026-08-08 00:00:00+00:00
[2026-08-08T17:43:41.769+0000] {logging_mixin.py:190} INFO - [2026-08-08T17:43:41.769+0000] {dag.py:4138} INFO - Setting next_dagrun for read_dataset_event_from_classic to 2026-08-07 00:00:00+00:00, run_after=2026-08-08 00:00:00+00:00
[2026-08-08T17:43:41.789+0000] {processor.py:208} INFO - Processing /home/airflow/.local/lib/python3.12/site-packages/airflow/example_dags/example_inlet_event_extra.py took 0.227 seconds
[2026-08-08T17:44:12.567+0000] {processor.py:186} INFO - Started process (PID=287) to work on /home/airflow/.local/lib/python3.12/site-packages/airflow/example_dags/example_inlet_event_extra.py
[2026-08-08T17:44:12.569+0000] {processor.py:914} INFO - Processing file /home/airflow/.local/lib/python3.12/site-packages/airflow/example_dags/example_inlet_event_extra.py for tasks to queue
[2026-08-08T17:44:12.573+0000] {logging_mixin.py:190} INFO - [2026-08-08T17:44:12.573+0000] {dagbag.py:587} INFO - Filling up the DagBag from /home/airflow/.local/lib/python3.12/site-packages/airflow/example_dags/example_inlet_event_extra.py
[2026-08-08T17:44:12.828+0000] {processor.py:925} INFO - DAG(s) 'read_dataset_event', 'read_dataset_event_from_classic' retrieved from /home/airflow/.local/lib/python3.12/site-packages/airflow/example_dags/example_inlet_event_extra.py
[2026-08-08T17:44:12.857+0000] {logging_mixin.py:190} INFO - [2026-08-08T17:44:12.857+0000] {dag.py:3211} INFO - Sync 2 DAGs
[2026-08-08T17:44:12.884+0000] {logging_mixin.py:190} INFO - [2026-08-08T17:44:12.883+0000] {dag.py:4138} INFO - Setting next_dagrun for read_dataset_event to 2026-08-07 00:00:00+00:00, run_after=2026-08-08 00:00:00+00:00
[2026-08-08T17:44:12.887+0000] {logging_mixin.py:190} INFO - [2026-08-08T17:44:12.887+0000] {dag.py:4138} INFO - Setting next_dagrun for read_dataset_event_from_classic to 2026-08-07 00:00:00+00:00, run_after=2026-08-08 00:00:00+00:00
[2026-08-08T17:44:12.910+0000] {processor.py:208} INFO - Processing /home/airflow/.local/lib/python3.12/site-packages/airflow/example_dags/example_inlet_event_extra.py took 0.352 seconds
[2026-08-08T17:44:43.473+0000] {processor.py:186} INFO - Started process (PID=350) to work on /home/airflow/.local/lib/python3.12/site-packages/airflow/example_dags/example_inlet_event_extra.py
[2026-08-08T17:44:43.475+0000] {processor.py:914} INFO - Processing file /home/airflow/.local/lib/python3.12/site-packages/airflow/example_dags/example_inlet_event_extra.py for tasks to queue
[2026-08-08T17:44:43.477+0000] {logging_mixin.py:190} INFO - [2026-08-08T17:44:43.477+0000] {dagbag.py:587} INFO - Filling up the DagBag from /home/airflow/.local/lib/python3.12/site-packages/airflow/example_dags/example_inlet_event_extra.py
[2026-08-08T17:44:43.597+0000] {processor.py:925} INFO - DAG(s) 'read_dataset_event', 'read_dataset_event_from_classic' retrieved from /home/airflow/.local/lib/python3.12/site-packages/airflow/example_dags/example_inlet_event_extra.py
[2026-08-08T17:44:43.619+0000] {logging_mixin.py:190} INFO - [2026-08-08T17:44:43.618+0000] {dag.py:3211} INFO - Sync 2 DAGs
[2026-08-08T17:44:43.639+0000] {logging_mixin.py:190} INFO - [2026-08-08T17:44:43.639+0000] {dag.py:4138} INFO - Setting next_dagrun for read_dataset_event to 2026-08-07 00:00:00+00:00, run_after=2026-08-08 00:00:00+00:00
[2026-08-08T17:44:43.643+0000] {logging_mixin.py:190} INFO - [2026-08-08T17:44:43.643+0000] {dag.py:4138} INFO - Setting next_dagrun for read_dataset_event_from_classic to 2026-08-07 00:00:00+00:00, run_after=2026-08-08 00:00:00+00:00
[2026-08-08T17:44:43.661+0000] {processor.py:208} INFO - Processing /home/airflow/.local/lib/python3.12/site-packages/airflow/example_dags/example_inlet_event_extra.py took 0.193 seconds
[2026-08-08T17:45:13.744+0000] {processor.py:186} INFO - Started process (PID=413) to work on /home/airflow/.local/lib/python3.12/site-packages/airflow/example_dags/example_inlet_event_extra.py
[2026-08-08T17:45:13.745+0000] {processor.py:914} INFO - Processing file /home/airflow/.local/lib/python3.12/site-packages/airflow/example_dags/example_inlet_event_extra.py for tasks to queue
[2026-08-08T17:45:13.747+0000] {logging_mixin.py:190} INFO - [2026-08-08T17:45:13.747+0000] {dagbag.py:587} INFO - Filling up the DagBag from /home/airflow/.local/lib/python3.12/site-packages/airflow/example_dags/example_inlet_event_extra.py
[2026-08-08T17:45:13.847+0000] {processor.py:925} INFO - DAG(s) 'read_dataset_event_from_classic', 'read_dataset_event' retrieved from /home/airflow/.local/lib/python3.12/site-packages/airflow/example_dags/example_inlet_event_extra.py
[2026-08-08T17:45:13.865+0000] {logging_mixin.py:190} INFO - [2026-08-08T17:45:13.864+0000] {dag.py:3211} INFO - Sync 2 DAGs
[2026-08-08T17:45:13.881+0000] {logging_mixin.py:190} INFO - [2026-08-08T17:45:13.881+0000] {dag.py:4138} INFO - Setting next_dagrun for read_dataset_event to 2026-08-07 00:00:00+00:00, run_after=2026-08-08 00:00:00+00:00
[2026-08-08T17:45:13.884+0000] {logging_mixin.py:190} INFO - [2026-08-08T17:45:13.884+0000] {dag.py:4138} INFO - Setting next_dagrun for read_dataset_event_from_classic to 2026-08-07 00:00:00+00:00, run_after=2026-08-08 00:00:00+00:00
[2026-08-08T17:45:13.900+0000] {processor.py:208} INFO - Processing /home/airflow/.local/lib/python3.12/site-packages/airflow/example_dags/example_inlet_event_extra.py took 0.161 seconds
[2026-08-08T17:45:44.183+0000] {processor.py:186} INFO - Started process (PID=476) to work on /home/airflow/.local/lib/python3.12/site-packages/airflow/example_dags/example_inlet_event_extra.py
[2026-08-08T17:45:44.184+0000] {processor.py:914} INFO - Processing file /home/airflow/.local/lib/python3.12/site-packages/airflow/example_dags/example_inlet_event_extra.py for tasks to queue
[2026-08-08T17:45:44.187+0000] {logging_mixin.py:190} INFO - [2026-08-08T17:45:44.187+0000] {dagbag.py:587} INFO - Filling up the DagBag from /home/airflow/.local/lib/python3.12/site-packages/airflow/example_dags/example_inlet_event_extra.py
[2026-08-08T17:45:44.275+0000] {processor.py:925} INFO - DAG(s) 'read_dataset_event', 'read_dataset_event_from_classic' retrieved from /home/airflow/.local/lib/python3.12/site-packages/airflow/example_dags/example_inlet_event_extra.py
[2026-08-08T17:45:44.291+0000] {logging_mixin.py:190} INFO - [2026-08-08T17:45:44.291+0000] {dag.py:3211} INFO - Sync 2 DAGs
[2026-08-08T17:45:44.308+0000] {logging_mixin.py:190} INFO - [2026-08-08T17:45:44.308+0000] {dag.py:4138} INFO - Setting next_dagrun for read_dataset_event to 2026-08-07 00:00:00+00:00, run_after=2026-08-08 00:00:00+00:00
[2026-08-08T17:45:44.311+0000] {logging_mixin.py:190} INFO - [2026-08-08T17:45:44.311+0000] {dag.py:4138} INFO - Setting next_dagrun for read_dataset_event_from_classic to 2026-08-07 00:00:00+00:00, run_after=2026-08-08 00:00:00+00:00
[2026-08-08T17:45:44.329+0000] {processor.py:208} INFO - Processing /home/airflow/.local/lib/python3.12/site-packages/airflow/example_dags/example_inlet_event_extra.py took 0.151 seconds
[2026-08-08T17:47:13.799+0000] {processor.py:186} INFO - Started process (PID=99) to work on /home/airflow/.local/lib/python3.12/site-packages/airflow/example_dags/example_inlet_event_extra.py
[2026-08-08T17:47:13.801+0000] {processor.py:914} INFO - Processing file /home/airflow/.local/lib/python3.12/site-packages/airflow/example_dags/example_inlet_event_extra.py for tasks to queue
[2026-08-08T17:47:13.806+0000] {logging_mixin.py:190} INFO - [2026-08-08T17:47:13.805+0000] {dagbag.py:587} INFO - Filling up the DagBag from /home/airflow/.local/lib/python3.12/site-packages/airflow/example_dags/example_inlet_event_extra.py
[2026-08-08T17:47:13.962+0000] {processor.py:925} INFO - DAG(s) 'read_dataset_event', 'read_dataset_event_from_classic' retrieved from /home/airflow/.local/lib/python3.12/site-packages/airflow/example_dags/example_inlet_event_extra.py
[2026-08-08T17:47:13.991+0000] {logging_mixin.py:190} INFO - [2026-08-08T17:47:13.990+0000] {dag.py:3211} INFO - Sync 2 DAGs
[2026-08-08T17:47:14.014+0000] {logging_mixin.py:190} INFO - [2026-08-08T17:47:14.014+0000] {dag.py:4138} INFO - Setting next_dagrun for read_dataset_event to 2026-08-07 00:00:00+00:00, run_after=2026-08-08 00:00:00+00:00
[2026-08-08T17:47:14.020+0000] {logging_mixin.py:190} INFO - [2026-08-08T17:47:14.020+0000] {dag.py:4138} INFO - Setting next_dagrun for read_dataset_event_from_classic to 2026-08-07 00:00:00+00:00, run_after=2026-08-08 00:00:00+00:00
[2026-08-08T17:47:14.048+0000] {processor.py:208} INFO - Processing /home/airflow/.local/lib/python3.12/site-packages/airflow/example_dags/example_inlet_event_extra.py took 0.256 seconds
[2026-08-08T17:47:44.576+0000] {processor.py:186} INFO - Started process (PID=162) to work on /home/airflow/.local/lib/python3.12/site-packages/airflow/example_dags/example_inlet_event_extra.py
[2026-08-08T17:47:44.577+0000] {processor.py:914} INFO - Processing file /home/airflow/.local/lib/python3.12/site-packages/airflow/example_dags/example_inlet_event_extra.py for tasks to queue
[2026-08-08T17:47:44.580+0000] {logging_mixin.py:190} INFO - [2026-08-08T17:47:44.580+0000] {dagbag.py:587} INFO - Filling up the DagBag from /home/airflow/.local/lib/python3.12/site-packages/airflow/example_dags/example_inlet_event_extra.py
[2026-08-08T17:47:44.706+0000] {processor.py:925} INFO - DAG(s) 'read_dataset_event', 'read_dataset_event_from_classic' retrieved from /home/airflow/.local/lib/python3.12/site-packages/airflow/example_dags/example_inlet_event_extra.py
[2026-08-08T17:47:44.729+0000] {logging_mixin.py:190} INFO - [2026-08-08T17:47:44.728+0000] {dag.py:3211} INFO - Sync 2 DAGs
[2026-08-08T17:47:44.750+0000] {logging_mixin.py:190} INFO - [2026-08-08T17:47:44.750+0000] {dag.py:4138} INFO - Setting next_dagrun for read_dataset_event to 2026-08-07 00:00:00+00:00, run_after=2026-08-08 00:00:00+00:00
[2026-08-08T17:47:44.756+0000] {logging_mixin.py:190} INFO - [2026-08-08T17:47:44.756+0000] {dag.py:4138} INFO - Setting next_dagrun for read_dataset_event_from_classic to 2026-08-07 00:00:00+00:00, run_after=2026-08-08 00:00:00+00:00
[2026-08-08T17:47:44.773+0000] {processor.py:208} INFO - Processing /home/airflow/.local/lib/python3.12/site-packages/airflow/example_dags/example_inlet_event_extra.py took 0.203 seconds
[2026-08-08T17:48:15.769+0000] {processor.py:186} INFO - Started process (PID=231) to work on /home/airflow/.local/lib/python3.12/site-packages/airflow/example_dags/example_inlet_event_extra.py
[2026-08-08T17:48:15.770+0000] {processor.py:914} INFO - Processing file /home/airflow/.local/lib/python3.12/site-packages/airflow/example_dags/example_inlet_event_extra.py for tasks to queue
[2026-08-08T17:48:15.776+0000] {logging_mixin.py:190} INFO - [2026-08-08T17:48:15.775+0000] {dagbag.py:587} INFO - Filling up the DagBag from /home/airflow/.local/lib/python3.12/site-packages/airflow/example_dags/example_inlet_event_extra.py
[2026-08-08T17:48:15.970+0000] {processor.py:925} INFO - DAG(s) 'read_dataset_event', 'read_dataset_event_from_classic' retrieved from /home/airflow/.local/lib/python3.12/site-packages/airflow/example_dags/example_inlet_event_extra.py
[2026-08-08T17:48:16.006+0000] {logging_mixin.py:190} INFO - [2026-08-08T17:48:16.006+0000] {dag.py:3211} INFO - Sync 2 DAGs
[2026-08-08T17:48:16.037+0000] {logging_mixin.py:190} INFO - [2026-08-08T17:48:16.036+0000] {dag.py:4138} INFO - Setting next_dagrun for read_dataset_event to 2026-08-07 00:00:00+00:00, run_after=2026-08-08 00:00:00+00:00
[2026-08-08T17:48:16.043+0000] {logging_mixin.py:190} INFO - [2026-08-08T17:48:16.043+0000] {dag.py:4138} INFO - Setting next_dagrun for read_dataset_event_from_classic to 2026-08-07 00:00:00+00:00, run_after=2026-08-08 00:00:00+00:00
[2026-08-08T17:48:16.074+0000] {processor.py:208} INFO - Processing /home/airflow/.local/lib/python3.12/site-packages/airflow/example_dags/example_inlet_event_extra.py took 0.314 seconds
[2026-08-08T17:48:46.390+0000] {processor.py:186} INFO - Started process (PID=294) to work on /home/airflow/.local/lib/python3.12/site-packages/airflow/example_dags/example_inlet_event_extra.py
[2026-08-08T17:48:46.391+0000] {processor.py:914} INFO - Processing file /home/airflow/.local/lib/python3.12/site-packages/airflow/example_dags/example_inlet_event_extra.py for tasks to queue
[2026-08-08T17:48:46.393+0000] {logging_mixin.py:190} INFO - [2026-08-08T17:48:46.393+0000] {dagbag.py:587} INFO - Filling up the DagBag from /home/airflow/.local/lib/python3.12/site-packages/airflow/example_dags/example_inlet_event_extra.py
[2026-08-08T17:48:46.555+0000] {processor.py:925} INFO - DAG(s) 'read_dataset_event_from_classic', 'read_dataset_event' retrieved from /home/airflow/.local/lib/python3.12/site-packages/airflow/example_dags/example_inlet_event_extra.py
[2026-08-08T17:48:46.588+0000] {logging_mixin.py:190} INFO - [2026-08-08T17:48:46.587+0000] {dag.py:3211} INFO - Sync 2 DAGs
[2026-08-08T17:48:46.622+0000] {logging_mixin.py:190} INFO - [2026-08-08T17:48:46.622+0000] {dag.py:4138} INFO - Setting next_dagrun for read_dataset_event to 2026-08-07 00:00:00+00:00, run_after=2026-08-08 00:00:00+00:00
[2026-08-08T17:48:46.630+0000] {logging_mixin.py:190} INFO - [2026-08-08T17:48:46.630+0000] {dag.py:4138} INFO - Setting next_dagrun for read_dataset_event_from_classic to 2026-08-07 00:00:00+00:00, run_after=2026-08-08 00:00:00+00:00
[2026-08-08T17:48:46.650+0000] {processor.py:208} INFO - Processing /home/airflow/.local/lib/python3.12/site-packages/airflow/example_dags/example_inlet_event_extra.py took 0.266 seconds
[2026-08-08T17:52:37.691+0000] {processor.py:186} INFO - Started process (PID=98) to work on /home/airflow/.local/lib/python3.12/site-packages/airflow/example_dags/example_inlet_event_extra.py
[2026-08-08T17:52:37.693+0000] {processor.py:914} INFO - Processing file /home/airflow/.local/lib/python3.12/site-packages/airflow/example_dags/example_inlet_event_extra.py for tasks to queue
[2026-08-08T17:52:37.698+0000] {logging_mixin.py:190} INFO - [2026-08-08T17:52:37.698+0000] {dagbag.py:587} INFO - Filling up the DagBag from /home/airflow/.local/lib/python3.12/site-packages/airflow/example_dags/example_inlet_event_extra.py
[2026-08-08T17:52:37.890+0000] {processor.py:925} INFO - DAG(s) 'read_dataset_event', 'read_dataset_event_from_classic' retrieved from /home/airflow/.local/lib/python3.12/site-packages/airflow/example_dags/example_inlet_event_extra.py
[2026-08-08T17:52:37.926+0000] {logging_mixin.py:190} INFO - [2026-08-08T17:52:37.926+0000] {dag.py:3211} INFO - Sync 2 DAGs
[2026-08-08T17:52:37.959+0000] {logging_mixin.py:190} INFO - [2026-08-08T17:52:37.959+0000] {dag.py:4138} INFO - Setting next_dagrun for read_dataset_event to 2026-08-07 00:00:00+00:00, run_after=2026-08-08 00:00:00+00:00
[2026-08-08T17:52:37.966+0000] {logging_mixin.py:190} INFO - [2026-08-08T17:52:37.966+0000] {dag.py:4138} INFO - Setting next_dagrun for read_dataset_event_from_classic to 2026-08-07 00:00:00+00:00, run_after=2026-08-08 00:00:00+00:00
[2026-08-08T17:52:37.990+0000] {processor.py:208} INFO - Processing /home/airflow/.local/lib/python3.12/site-packages/airflow/example_dags/example_inlet_event_extra.py took 0.307 seconds
[2026-08-08T17:53:08.435+0000] {processor.py:186} INFO - Started process (PID=161) to work on /home/airflow/.local/lib/python3.12/site-packages/airflow/example_dags/example_inlet_event_extra.py
[2026-08-08T17:53:08.436+0000] {processor.py:914} INFO - Processing file /home/airflow/.local/lib/python3.12/site-packages/airflow/example_dags/example_inlet_event_extra.py for tasks to queue
[2026-08-08T17:53:08.439+0000] {logging_mixin.py:190} INFO - [2026-08-08T17:53:08.439+0000] {dagbag.py:587} INFO - Filling up the DagBag from /home/airflow/.local/lib/python3.12/site-packages/airflow/example_dags/example_inlet_event_extra.py
[2026-08-08T17:53:08.561+0000] {processor.py:925} INFO - DAG(s) 'read_dataset_event', 'read_dataset_event_from_classic' retrieved from /home/airflow/.local/lib/python3.12/site-packages/airflow/example_dags/example_inlet_event_extra.py
[2026-08-08T17:53:08.580+0000] {logging_mixin.py:190} INFO - [2026-08-08T17:53:08.580+0000] {dag.py:3211} INFO - Sync 2 DAGs
[2026-08-08T17:53:08.600+0000] {logging_mixin.py:190} INFO - [2026-08-08T17:53:08.600+0000] {dag.py:4138} INFO - Setting next_dagrun for read_dataset_event to 2026-08-07 00:00:00+00:00, run_after=2026-08-08 00:00:00+00:00
[2026-08-08T17:53:08.604+0000] {logging_mixin.py:190} INFO - [2026-08-08T17:53:08.604+0000] {dag.py:4138} INFO - Setting next_dagrun for read_dataset_event_from_classic to 2026-08-07 00:00:00+00:00, run_after=2026-08-08 00:00:00+00:00
[2026-08-08T17:53:08.623+0000] {processor.py:208} INFO - Processing /home/airflow/.local/lib/python3.12/site-packages/airflow/example_dags/example_inlet_event_extra.py took 0.193 seconds
[2026-08-08T17:53:38.710+0000] {processor.py:186} INFO - Started process (PID=224) to work on /home/airflow/.local/lib/python3.12/site-packages/airflow/example_dags/example_inlet_event_extra.py
[2026-08-08T17:53:38.712+0000] {processor.py:914} INFO - Processing file /home/airflow/.local/lib/python3.12/site-packages/airflow/example_dags/example_inlet_event_extra.py for tasks to queue
[2026-08-08T17:53:38.714+0000] {logging_mixin.py:190} INFO - [2026-08-08T17:53:38.714+0000] {dagbag.py:587} INFO - Filling up the DagBag from /home/airflow/.local/lib/python3.12/site-packages/airflow/example_dags/example_inlet_event_extra.py
[2026-08-08T17:53:38.858+0000] {processor.py:925} INFO - DAG(s) 'read_dataset_event', 'read_dataset_event_from_classic' retrieved from /home/airflow/.local/lib/python3.12/site-packages/airflow/example_dags/example_inlet_event_extra.py
[2026-08-08T17:53:38.887+0000] {logging_mixin.py:190} INFO - [2026-08-08T17:53:38.887+0000] {dag.py:3211} INFO - Sync 2 DAGs
[2026-08-08T17:53:38.913+0000] {logging_mixin.py:190} INFO - [2026-08-08T17:53:38.912+0000] {dag.py:4138} INFO - Setting next_dagrun for read_dataset_event to 2026-08-07 00:00:00+00:00, run_after=2026-08-08 00:00:00+00:00
[2026-08-08T17:53:38.917+0000] {logging_mixin.py:190} INFO - [2026-08-08T17:53:38.917+0000] {dag.py:4138} INFO - Setting next_dagrun for read_dataset_event_from_classic to 2026-08-07 00:00:00+00:00, run_after=2026-08-08 00:00:00+00:00
[2026-08-08T17:53:38.937+0000] {processor.py:208} INFO - Processing /home/airflow/.local/lib/python3.12/site-packages/airflow/example_dags/example_inlet_event_extra.py took 0.232 seconds
[2026-08-08T17:54:09.479+0000] {processor.py:186} INFO - Started process (PID=287) to work on /home/airflow/.local/lib/python3.12/site-packages/airflow/example_dags/example_inlet_event_extra.py
[2026-08-08T17:54:09.481+0000] {processor.py:914} INFO - Processing file /home/airflow/.local/lib/python3.12/site-packages/airflow/example_dags/example_inlet_event_extra.py for tasks to queue
[2026-08-08T17:54:09.484+0000] {logging_mixin.py:190} INFO - [2026-08-08T17:54:09.484+0000] {dagbag.py:587} INFO - Filling up the DagBag from /home/airflow/.local/lib/python3.12/site-packages/airflow/example_dags/example_inlet_event_extra.py
[2026-08-08T17:54:09.693+0000] {processor.py:925} INFO - DAG(s) 'read_dataset_event_from_classic', 'read_dataset_event' retrieved from /home/airflow/.local/lib/python3.12/site-packages/airflow/example_dags/example_inlet_event_extra.py
[2026-08-08T17:54:09.735+0000] {logging_mixin.py:190} INFO - [2026-08-08T17:54:09.734+0000] {dag.py:3211} INFO - Sync 2 DAGs
[2026-08-08T17:54:09.772+0000] {logging_mixin.py:190} INFO - [2026-08-08T17:54:09.771+0000] {dag.py:4138} INFO - Setting next_dagrun for read_dataset_event to 2026-08-07 00:00:00+00:00, run_after=2026-08-08 00:00:00+00:00
[2026-08-08T17:54:09.782+0000] {logging_mixin.py:190} INFO - [2026-08-08T17:54:09.782+0000] {dag.py:4138} INFO - Setting next_dagrun for read_dataset_event_from_classic to 2026-08-07 00:00:00+00:00, run_after=2026-08-08 00:00:00+00:00
[2026-08-08T17:54:09.810+0000] {processor.py:208} INFO - Processing /home/airflow/.local/lib/python3.12/site-packages/airflow/example_dags/example_inlet_event_extra.py took 0.337 seconds
[2026-08-08T17:54:40.743+0000] {processor.py:186} INFO - Started process (PID=351) to work on /home/airflow/.local/lib/python3.12/site-packages/airflow/example_dags/example_inlet_event_extra.py
[2026-08-08T17:54:40.745+0000] {processor.py:914} INFO - Processing file /home/airflow/.local/lib/python3.12/site-packages/airflow/example_dags/example_inlet_event_extra.py for tasks to queue
[2026-08-08T17:54:40.748+0000] {logging_mixin.py:190} INFO - [2026-08-08T17:54:40.748+0000] {dagbag.py:587} INFO - Filling up the DagBag from /home/airflow/.local/lib/python3.12/site-packages/airflow/example_dags/example_inlet_event_extra.py
[2026-08-08T17:54:40.912+0000] {processor.py:925} INFO - DAG(s) 'read_dataset_event', 'read_dataset_event_from_classic' retrieved from /home/airflow/.local/lib/python3.12/site-packages/airflow/example_dags/example_inlet_event_extra.py
[2026-08-08T17:54:40.944+0000] {logging_mixin.py:190} INFO - [2026-08-08T17:54:40.944+0000] {dag.py:3211} INFO - Sync 2 DAGs
[2026-08-08T17:54:40.973+0000] {logging_mixin.py:190} INFO - [2026-08-08T17:54:40.973+0000] {dag.py:4138} INFO - Setting next_dagrun for read_dataset_event to 2026-08-07 00:00:00+00:00, run_after=2026-08-08 00:00:00+00:00
[2026-08-08T17:54:40.978+0000] {logging_mixin.py:190} INFO - [2026-08-08T17:54:40.978+0000] {dag.py:4138} INFO - Setting next_dagrun for read_dataset_event_from_classic to 2026-08-07 00:00:00+00:00, run_after=2026-08-08 00:00:00+00:00
[2026-08-08T17:54:40.999+0000] {processor.py:208} INFO - Processing /home/airflow/.local/lib/python3.12/site-packages/airflow/example_dags/example_inlet_event_extra.py took 0.263 seconds
[2026-08-08T17:55:11.093+0000] {processor.py:186} INFO - Started process (PID=414) to work on /home/airflow/.local/lib/python3.12/site-packages/airflow/example_dags/example_inlet_event_extra.py
[2026-08-08T17:55:11.095+0000] {processor.py:914} INFO - Processing file /home/airflow/.local/lib/python3.12/site-packages/airflow/example_dags/example_inlet_event_extra.py for tasks to queue
[2026-08-08T17:55:11.097+0000] {logging_mixin.py:190} INFO - [2026-08-08T17:55:11.097+0000] {dagbag.py:587} INFO - Filling up the DagBag from /home/airflow/.local/lib/python3.12/site-packages/airflow/example_dags/example_inlet_event_extra.py
[2026-08-08T17:55:11.222+0000] {processor.py:925} INFO - DAG(s) 'read_dataset_event', 'read_dataset_event_from_classic' retrieved from /home/airflow/.local/lib/python3.12/site-packages/airflow/example_dags/example_inlet_event_extra.py
[2026-08-08T17:55:11.243+0000] {logging_mixin.py:190} INFO - [2026-08-08T17:55:11.243+0000] {dag.py:3211} INFO - Sync 2 DAGs
[2026-08-08T17:55:11.269+0000] {logging_mixin.py:190} INFO - [2026-08-08T17:55:11.268+0000] {dag.py:4138} INFO - Setting next_dagrun for read_dataset_event to 2026-08-07 00:00:00+00:00, run_after=2026-08-08 00:00:00+00:00
[2026-08-08T17:55:11.273+0000] {logging_mixin.py:190} INFO - [2026-08-08T17:55:11.273+0000] {dag.py:4138} INFO - Setting next_dagrun for read_dataset_event_from_classic to 2026-08-07 00:00:00+00:00, run_after=2026-08-08 00:00:00+00:00
[2026-08-08T17:55:11.288+0000] {processor.py:208} INFO - Processing /home/airflow/.local/lib/python3.12/site-packages/airflow/example_dags/example_inlet_event_extra.py took 0.202 seconds
[2026-08-08T17:55:41.586+0000] {processor.py:186} INFO - Started process (PID=477) to work on /home/airflow/.local/lib/python3.12/site-packages/airflow/example_dags/example_inlet_event_extra.py
[2026-08-08T17:55:41.587+0000] {processor.py:914} INFO - Processing file /home/airflow/.local/lib/python3.12/site-packages/airflow/example_dags/example_inlet_event_extra.py for tasks to queue
[2026-08-08T17:55:41.589+0000] {logging_mixin.py:190} INFO - [2026-08-08T17:55:41.589+0000] {dagbag.py:587} INFO - Filling up the DagBag from /home/airflow/.local/lib/python3.12/site-packages/airflow/example_dags/example_inlet_event_extra.py
[2026-08-08T17:55:41.708+0000] {processor.py:925} INFO - DAG(s) 'read_dataset_event_from_classic', 'read_dataset_event' retrieved from /home/airflow/.local/lib/python3.12/site-packages/airflow/example_dags/example_inlet_event_extra.py
[2026-08-08T17:55:41.728+0000] {logging_mixin.py:190} INFO - [2026-08-08T17:55:41.728+0000] {dag.py:3211} INFO - Sync 2 DAGs
[2026-08-08T17:55:41.747+0000] {logging_mixin.py:190} INFO - [2026-08-08T17:55:41.747+0000] {dag.py:4138} INFO - Setting next_dagrun for read_dataset_event to 2026-08-07 00:00:00+00:00, run_after=2026-08-08 00:00:00+00:00
[2026-08-08T17:55:41.751+0000] {logging_mixin.py:190} INFO - [2026-08-08T17:55:41.751+0000] {dag.py:4138} INFO - Setting next_dagrun for read_dataset_event_from_classic to 2026-08-07 00:00:00+00:00, run_after=2026-08-08 00:00:00+00:00
[2026-08-08T17:55:41.771+0000] {processor.py:208} INFO - Processing /home/airflow/.local/lib/python3.12/site-packages/airflow/example_dags/example_inlet_event_extra.py took 0.190 seconds
[2026-08-08T17:56:11.899+0000] {processor.py:186} INFO - Started process (PID=540) to work on /home/airflow/.local/lib/python3.12/site-packages/airflow/example_dags/example_inlet_event_extra.py
[2026-08-08T17:56:11.900+0000] {processor.py:914} INFO - Processing file /home/airflow/.local/lib/python3.12/site-packages/airflow/example_dags/example_inlet_event_extra.py for tasks to queue
[2026-08-08T17:56:11.903+0000] {logging_mixin.py:190} INFO - [2026-08-08T17:56:11.903+0000] {dagbag.py:587} INFO - Filling up the DagBag from /home/airflow/.local/lib/python3.12/site-packages/airflow/example_dags/example_inlet_event_extra.py
[2026-08-08T17:56:12.025+0000] {processor.py:925} INFO - DAG(s) 'read_dataset_event', 'read_dataset_event_from_classic' retrieved from /home/airflow/.local/lib/python3.12/site-packages/airflow/example_dags/example_inlet_event_extra.py
[2026-08-08T17:56:12.044+0000] {logging_mixin.py:190} INFO - [2026-08-08T17:56:12.044+0000] {dag.py:3211} INFO - Sync 2 DAGs
[2026-08-08T17:56:12.064+0000] {logging_mixin.py:190} INFO - [2026-08-08T17:56:12.064+0000] {dag.py:4138} INFO - Setting next_dagrun for read_dataset_event to 2026-08-07 00:00:00+00:00, run_after=2026-08-08 00:00:00+00:00
[2026-08-08T17:56:12.070+0000] {logging_mixin.py:190} INFO - [2026-08-08T17:56:12.070+0000] {dag.py:4138} INFO - Setting next_dagrun for read_dataset_event_from_classic to 2026-08-07 00:00:00+00:00, run_after=2026-08-08 00:00:00+00:00
[2026-08-08T17:56:12.088+0000] {processor.py:208} INFO - Processing /home/airflow/.local/lib/python3.12/site-packages/airflow/example_dags/example_inlet_event_extra.py took 0.195 seconds
[2026-08-08T17:56:42.436+0000] {processor.py:186} INFO - Started process (PID=603) to work on /home/airflow/.local/lib/python3.12/site-packages/airflow/example_dags/example_inlet_event_extra.py
[2026-08-08T17:56:42.438+0000] {processor.py:914} INFO - Processing file /home/airflow/.local/lib/python3.12/site-packages/airflow/example_dags/example_inlet_event_extra.py for tasks to queue
[2026-08-08T17:56:42.440+0000] {logging_mixin.py:190} INFO - [2026-08-08T17:56:42.440+0000] {dagbag.py:587} INFO - Filling up the DagBag from /home/airflow/.local/lib/python3.12/site-packages/airflow/example_dags/example_inlet_event_extra.py
[2026-08-08T17:56:42.559+0000] {processor.py:925} INFO - DAG(s) 'read_dataset_event_from_classic', 'read_dataset_event' retrieved from /home/airflow/.local/lib/python3.12/site-packages/airflow/example_dags/example_inlet_event_extra.py
[2026-08-08T17:56:42.581+0000] {logging_mixin.py:190} INFO - [2026-08-08T17:56:42.580+0000] {dag.py:3211} INFO - Sync 2 DAGs
[2026-08-08T17:56:42.599+0000] {logging_mixin.py:190} INFO - [2026-08-08T17:56:42.599+0000] {dag.py:4138} INFO - Setting next_dagrun for read_dataset_event to 2026-08-07 00:00:00+00:00, run_after=2026-08-08 00:00:00+00:00
[2026-08-08T17:56:42.603+0000] {logging_mixin.py:190} INFO - [2026-08-08T17:56:42.603+0000] {dag.py:4138} INFO - Setting next_dagrun for read_dataset_event_from_classic to 2026-08-07 00:00:00+00:00, run_after=2026-08-08 00:00:00+00:00
[2026-08-08T17:56:42.619+0000] {processor.py:208} INFO - Processing /home/airflow/.local/lib/python3.12/site-packages/airflow/example_dags/example_inlet_event_extra.py took 0.188 seconds
[2026-08-08T17:57:12.988+0000] {processor.py:186} INFO - Started process (PID=666) to work on /home/airflow/.local/lib/python3.12/site-packages/airflow/example_dags/example_inlet_event_extra.py
[2026-08-08T17:57:12.989+0000] {processor.py:914} INFO - Processing file /home/airflow/.local/lib/python3.12/site-packages/airflow/example_dags/example_inlet_event_extra.py for tasks to queue
[2026-08-08T17:57:12.994+0000] {logging_mixin.py:190} INFO - [2026-08-08T17:57:12.993+0000] {dagbag.py:587} INFO - Filling up the DagBag from /home/airflow/.local/lib/python3.12/site-packages/airflow/example_dags/example_inlet_event_extra.py
[2026-08-08T17:57:13.182+0000] {processor.py:925} INFO - DAG(s) 'read_dataset_event_from_classic', 'read_dataset_event' retrieved from /home/airflow/.local/lib/python3.12/site-packages/airflow/example_dags/example_inlet_event_extra.py
[2026-08-08T17:57:13.212+0000] {logging_mixin.py:190} INFO - [2026-08-08T17:57:13.212+0000] {dag.py:3211} INFO - Sync 2 DAGs
[2026-08-08T17:57:13.260+0000] {logging_mixin.py:190} INFO - [2026-08-08T17:57:13.260+0000] {dag.py:4138} INFO - Setting next_dagrun for read_dataset_event to 2026-08-07 00:00:00+00:00, run_after=2026-08-08 00:00:00+00:00
[2026-08-08T17:57:13.268+0000] {logging_mixin.py:190} INFO - [2026-08-08T17:57:13.268+0000] {dag.py:4138} INFO - Setting next_dagrun for read_dataset_event_from_classic to 2026-08-07 00:00:00+00:00, run_after=2026-08-08 00:00:00+00:00
[2026-08-08T17:57:13.299+0000] {processor.py:208} INFO - Processing /home/airflow/.local/lib/python3.12/site-packages/airflow/example_dags/example_inlet_event_extra.py took 0.319 seconds
[2026-08-08T18:08:18.523+0000] {processor.py:186} INFO - Started process (PID=728) to work on /home/airflow/.local/lib/python3.12/site-packages/airflow/example_dags/example_inlet_event_extra.py
[2026-08-08T18:08:18.527+0000] {processor.py:914} INFO - Processing file /home/airflow/.local/lib/python3.12/site-packages/airflow/example_dags/example_inlet_event_extra.py for tasks to queue
[2026-08-08T18:08:18.533+0000] {logging_mixin.py:190} INFO - [2026-08-08T18:08:18.532+0000] {dagbag.py:587} INFO - Filling up the DagBag from /home/airflow/.local/lib/python3.12/site-packages/airflow/example_dags/example_inlet_event_extra.py
[2026-08-08T18:08:18.929+0000] {processor.py:925} INFO - DAG(s) 'read_dataset_event', 'read_dataset_event_from_classic' retrieved from /home/airflow/.local/lib/python3.12/site-packages/airflow/example_dags/example_inlet_event_extra.py
[2026-08-08T18:08:18.997+0000] {logging_mixin.py:190} INFO - [2026-08-08T18:08:18.997+0000] {dag.py:3211} INFO - Sync 2 DAGs
[2026-08-08T18:08:19.058+0000] {logging_mixin.py:190} INFO - [2026-08-08T18:08:19.058+0000] {dag.py:4138} INFO - Setting next_dagrun for read_dataset_event to 2026-08-07 00:00:00+00:00, run_after=2026-08-08 00:00:00+00:00
[2026-08-08T18:08:19.070+0000] {logging_mixin.py:190} INFO - [2026-08-08T18:08:19.070+0000] {dag.py:4138} INFO - Setting next_dagrun for read_dataset_event_from_classic to 2026-08-07 00:00:00+00:00, run_after=2026-08-08 00:00:00+00:00
[2026-08-08T18:08:19.107+0000] {processor.py:208} INFO - Processing /home/airflow/.local/lib/python3.12/site-packages/airflow/example_dags/example_inlet_event_extra.py took 0.601 seconds
[2026-08-08T18:08:49.388+0000] {processor.py:186} INFO - Started process (PID=792) to work on /home/airflow/.local/lib/python3.12/site-packages/airflow/example_dags/example_inlet_event_extra.py
[2026-08-08T18:08:49.391+0000] {processor.py:914} INFO - Processing file /home/airflow/.local/lib/python3.12/site-packages/airflow/example_dags/example_inlet_event_extra.py for tasks to queue
[2026-08-08T18:08:49.394+0000] {logging_mixin.py:190} INFO - [2026-08-08T18:08:49.394+0000] {dagbag.py:587} INFO - Filling up the DagBag from /home/airflow/.local/lib/python3.12/site-packages/airflow/example_dags/example_inlet_event_extra.py
[2026-08-08T18:08:49.601+0000] {processor.py:925} INFO - DAG(s) 'read_dataset_event_from_classic', 'read_dataset_event' retrieved from /home/airflow/.local/lib/python3.12/site-packages/airflow/example_dags/example_inlet_event_extra.py
[2026-08-08T18:08:49.639+0000] {logging_mixin.py:190} INFO - [2026-08-08T18:08:49.639+0000] {dag.py:3211} INFO - Sync 2 DAGs
[2026-08-08T18:08:49.679+0000] {logging_mixin.py:190} INFO - [2026-08-08T18:08:49.679+0000] {dag.py:4138} INFO - Setting next_dagrun for read_dataset_event to 2026-08-07 00:00:00+00:00, run_after=2026-08-08 00:00:00+00:00
[2026-08-08T18:08:49.687+0000] {logging_mixin.py:190} INFO - [2026-08-08T18:08:49.686+0000] {dag.py:4138} INFO - Setting next_dagrun for read_dataset_event_from_classic to 2026-08-07 00:00:00+00:00, run_after=2026-08-08 00:00:00+00:00
[2026-08-08T18:08:49.719+0000] {processor.py:208} INFO - Processing /home/airflow/.local/lib/python3.12/site-packages/airflow/example_dags/example_inlet_event_extra.py took 0.342 seconds
[2026-08-08T18:09:20.336+0000] {processor.py:186} INFO - Started process (PID=854) to work on /home/airflow/.local/lib/python3.12/site-packages/airflow/example_dags/example_inlet_event_extra.py
[2026-08-08T18:09:20.338+0000] {processor.py:914} INFO - Processing file /home/airflow/.local/lib/python3.12/site-packages/airflow/example_dags/example_inlet_event_extra.py for tasks to queue
[2026-08-08T18:09:20.341+0000] {logging_mixin.py:190} INFO - [2026-08-08T18:09:20.341+0000] {dagbag.py:587} INFO - Filling up the DagBag from /home/airflow/.local/lib/python3.12/site-packages/airflow/example_dags/example_inlet_event_extra.py
[2026-08-08T18:09:20.528+0000] {processor.py:925} INFO - DAG(s) 'read_dataset_event', 'read_dataset_event_from_classic' retrieved from /home/airflow/.local/lib/python3.12/site-packages/airflow/example_dags/example_inlet_event_extra.py
[2026-08-08T18:09:20.565+0000] {logging_mixin.py:190} INFO - [2026-08-08T18:09:20.565+0000] {dag.py:3211} INFO - Sync 2 DAGs
[2026-08-08T18:09:20.597+0000] {logging_mixin.py:190} INFO - [2026-08-08T18:09:20.596+0000] {dag.py:4138} INFO - Setting next_dagrun for read_dataset_event to 2026-08-07 00:00:00+00:00, run_after=2026-08-08 00:00:00+00:00
[2026-08-08T18:09:20.605+0000] {logging_mixin.py:190} INFO - [2026-08-08T18:09:20.604+0000] {dag.py:4138} INFO - Setting next_dagrun for read_dataset_event_from_classic to 2026-08-07 00:00:00+00:00, run_after=2026-08-08 00:00:00+00:00
[2026-08-08T18:09:20.628+0000] {processor.py:208} INFO - Processing /home/airflow/.local/lib/python3.12/site-packages/airflow/example_dags/example_inlet_event_extra.py took 0.299 seconds
[2026-08-08T18:09:50.956+0000] {processor.py:186} INFO - Started process (PID=917) to work on /home/airflow/.local/lib/python3.12/site-packages/airflow/example_dags/example_inlet_event_extra.py
[2026-08-08T18:09:50.957+0000] {processor.py:914} INFO - Processing file /home/airflow/.local/lib/python3.12/site-packages/airflow/example_dags/example_inlet_event_extra.py for tasks to queue
[2026-08-08T18:09:50.960+0000] {logging_mixin.py:190} INFO - [2026-08-08T18:09:50.960+0000] {dagbag.py:587} INFO - Filling up the DagBag from /home/airflow/.local/lib/python3.12/site-packages/airflow/example_dags/example_inlet_event_extra.py
[2026-08-08T18:09:51.137+0000] {processor.py:925} INFO - DAG(s) 'read_dataset_event_from_classic', 'read_dataset_event' retrieved from /home/airflow/.local/lib/python3.12/site-packages/airflow/example_dags/example_inlet_event_extra.py
[2026-08-08T18:09:51.165+0000] {logging_mixin.py:190} INFO - [2026-08-08T18:09:51.164+0000] {dag.py:3211} INFO - Sync 2 DAGs
[2026-08-08T18:09:51.194+0000] {logging_mixin.py:190} INFO - [2026-08-08T18:09:51.193+0000] {dag.py:4138} INFO - Setting next_dagrun for read_dataset_event to 2026-08-07 00:00:00+00:00, run_after=2026-08-08 00:00:00+00:00
[2026-08-08T18:09:51.201+0000] {logging_mixin.py:190} INFO - [2026-08-08T18:09:51.201+0000] {dag.py:4138} INFO - Setting next_dagrun for read_dataset_event_from_classic to 2026-08-07 00:00:00+00:00, run_after=2026-08-08 00:00:00+00:00
[2026-08-08T18:09:51.230+0000] {processor.py:208} INFO - Processing /home/airflow/.local/lib/python3.12/site-packages/airflow/example_dags/example_inlet_event_extra.py took 0.281 seconds
[2026-08-08T18:10:21.421+0000] {processor.py:186} INFO - Started process (PID=981) to work on /home/airflow/.local/lib/python3.12/site-packages/airflow/example_dags/example_inlet_event_extra.py
[2026-08-08T18:10:21.423+0000] {processor.py:914} INFO - Processing file /home/airflow/.local/lib/python3.12/site-packages/airflow/example_dags/example_inlet_event_extra.py for tasks to queue
[2026-08-08T18:10:21.427+0000] {logging_mixin.py:190} INFO - [2026-08-08T18:10:21.427+0000] {dagbag.py:587} INFO - Filling up the DagBag from /home/airflow/.local/lib/python3.12/site-packages/airflow/example_dags/example_inlet_event_extra.py
[2026-08-08T18:10:21.656+0000] {processor.py:925} INFO - DAG(s) 'read_dataset_event_from_classic', 'read_dataset_event' retrieved from /home/airflow/.local/lib/python3.12/site-packages/airflow/example_dags/example_inlet_event_extra.py
[2026-08-08T18:10:21.696+0000] {logging_mixin.py:190} INFO - [2026-08-08T18:10:21.696+0000] {dag.py:3211} INFO - Sync 2 DAGs
[2026-08-08T18:10:21.747+0000] {logging_mixin.py:190} INFO - [2026-08-08T18:10:21.747+0000] {dag.py:4138} INFO - Setting next_dagrun for read_dataset_event to 2026-08-07 00:00:00+00:00, run_after=2026-08-08 00:00:00+00:00
[2026-08-08T18:10:21.759+0000] {logging_mixin.py:190} INFO - [2026-08-08T18:10:21.759+0000] {dag.py:4138} INFO - Setting next_dagrun for read_dataset_event_from_classic to 2026-08-07 00:00:00+00:00, run_after=2026-08-08 00:00:00+00:00
[2026-08-08T18:10:21.796+0000] {processor.py:208} INFO - Processing /home/airflow/.local/lib/python3.12/site-packages/airflow/example_dags/example_inlet_event_extra.py took 0.383 seconds
[2026-08-08T18:10:52.772+0000] {processor.py:186} INFO - Started process (PID=1045) to work on /home/airflow/.local/lib/python3.12/site-packages/airflow/example_dags/example_inlet_event_extra.py
[2026-08-08T18:10:52.774+0000] {processor.py:914} INFO - Processing file /home/airflow/.local/lib/python3.12/site-packages/airflow/example_dags/example_inlet_event_extra.py for tasks to queue
[2026-08-08T18:10:52.777+0000] {logging_mixin.py:190} INFO - [2026-08-08T18:10:52.777+0000] {dagbag.py:587} INFO - Filling up the DagBag from /home/airflow/.local/lib/python3.12/site-packages/airflow/example_dags/example_inlet_event_extra.py
[2026-08-08T18:10:52.909+0000] {processor.py:925} INFO - DAG(s) 'read_dataset_event_from_classic', 'read_dataset_event' retrieved from /home/airflow/.local/lib/python3.12/site-packages/airflow/example_dags/example_inlet_event_extra.py
[2026-08-08T18:10:52.927+0000] {logging_mixin.py:190} INFO - [2026-08-08T18:10:52.927+0000] {dag.py:3211} INFO - Sync 2 DAGs
[2026-08-08T18:10:52.954+0000] {logging_mixin.py:190} INFO - [2026-08-08T18:10:52.953+0000] {dag.py:4138} INFO - Setting next_dagrun for read_dataset_event to 2026-08-07 00:00:00+00:00, run_after=2026-08-08 00:00:00+00:00
[2026-08-08T18:10:52.959+0000] {logging_mixin.py:190} INFO - [2026-08-08T18:10:52.959+0000] {dag.py:4138} INFO - Setting next_dagrun for read_dataset_event_from_classic to 2026-08-07 00:00:00+00:00, run_after=2026-08-08 00:00:00+00:00
[2026-08-08T18:10:52.980+0000] {processor.py:208} INFO - Processing /home/airflow/.local/lib/python3.12/site-packages/airflow/example_dags/example_inlet_event_extra.py took 0.213 seconds
[2026-08-08T18:11:23.064+0000] {processor.py:186} INFO - Started process (PID=1108) to work on /home/airflow/.local/lib/python3.12/site-packages/airflow/example_dags/example_inlet_event_extra.py
[2026-08-08T18:11:23.067+0000] {processor.py:914} INFO - Processing file /home/airflow/.local/lib/python3.12/site-packages/airflow/example_dags/example_inlet_event_extra.py for tasks to queue
[2026-08-08T18:11:23.070+0000] {logging_mixin.py:190} INFO - [2026-08-08T18:11:23.069+0000] {dagbag.py:587} INFO - Filling up the DagBag from /home/airflow/.local/lib/python3.12/site-packages/airflow/example_dags/example_inlet_event_extra.py
[2026-08-08T18:11:23.236+0000] {processor.py:925} INFO - DAG(s) 'read_dataset_event', 'read_dataset_event_from_classic' retrieved from /home/airflow/.local/lib/python3.12/site-packages/airflow/example_dags/example_inlet_event_extra.py
[2026-08-08T18:11:23.263+0000] {logging_mixin.py:190} INFO - [2026-08-08T18:11:23.263+0000] {dag.py:3211} INFO - Sync 2 DAGs
[2026-08-08T18:11:23.294+0000] {logging_mixin.py:190} INFO - [2026-08-08T18:11:23.294+0000] {dag.py:4138} INFO - Setting next_dagrun for read_dataset_event to 2026-08-07 00:00:00+00:00, run_after=2026-08-08 00:00:00+00:00
[2026-08-08T18:11:23.301+0000] {logging_mixin.py:190} INFO - [2026-08-08T18:11:23.300+0000] {dag.py:4138} INFO - Setting next_dagrun for read_dataset_event_from_classic to 2026-08-07 00:00:00+00:00, run_after=2026-08-08 00:00:00+00:00
[2026-08-08T18:11:23.325+0000] {processor.py:208} INFO - Processing /home/airflow/.local/lib/python3.12/site-packages/airflow/example_dags/example_inlet_event_extra.py took 0.268 seconds
[2026-08-08T18:11:53.382+0000] {processor.py:186} INFO - Started process (PID=1172) to work on /home/airflow/.local/lib/python3.12/site-packages/airflow/example_dags/example_inlet_event_extra.py
[2026-08-08T18:11:53.384+0000] {processor.py:914} INFO - Processing file /home/airflow/.local/lib/python3.12/site-packages/airflow/example_dags/example_inlet_event_extra.py for tasks to queue
[2026-08-08T18:11:53.386+0000] {logging_mixin.py:190} INFO - [2026-08-08T18:11:53.386+0000] {dagbag.py:587} INFO - Filling up the DagBag from /home/airflow/.local/lib/python3.12/site-packages/airflow/example_dags/example_inlet_event_extra.py
[2026-08-08T18:11:53.523+0000] {processor.py:925} INFO - DAG(s) 'read_dataset_event_from_classic', 'read_dataset_event' retrieved from /home/airflow/.local/lib/python3.12/site-packages/airflow/example_dags/example_inlet_event_extra.py
[2026-08-08T18:11:53.548+0000] {logging_mixin.py:190} INFO - [2026-08-08T18:11:53.548+0000] {dag.py:3211} INFO - Sync 2 DAGs
[2026-08-08T18:11:53.570+0000] {logging_mixin.py:190} INFO - [2026-08-08T18:11:53.569+0000] {dag.py:4138} INFO - Setting next_dagrun for read_dataset_event to 2026-08-07 00:00:00+00:00, run_after=2026-08-08 00:00:00+00:00
[2026-08-08T18:11:53.574+0000] {logging_mixin.py:190} INFO - [2026-08-08T18:11:53.574+0000] {dag.py:4138} INFO - Setting next_dagrun for read_dataset_event_from_classic to 2026-08-07 00:00:00+00:00, run_after=2026-08-08 00:00:00+00:00
[2026-08-08T18:11:53.593+0000] {processor.py:208} INFO - Processing /home/airflow/.local/lib/python3.12/site-packages/airflow/example_dags/example_inlet_event_extra.py took 0.216 seconds
[2026-08-08T18:13:07.772+0000] {processor.py:186} INFO - Started process (PID=104) to work on /home/airflow/.local/lib/python3.12/site-packages/airflow/example_dags/example_inlet_event_extra.py
[2026-08-08T18:13:07.774+0000] {processor.py:914} INFO - Processing file /home/airflow/.local/lib/python3.12/site-packages/airflow/example_dags/example_inlet_event_extra.py for tasks to queue
[2026-08-08T18:13:07.778+0000] {logging_mixin.py:190} INFO - [2026-08-08T18:13:07.777+0000] {dagbag.py:587} INFO - Filling up the DagBag from /home/airflow/.local/lib/python3.12/site-packages/airflow/example_dags/example_inlet_event_extra.py
[2026-08-08T18:13:07.962+0000] {processor.py:925} INFO - DAG(s) 'read_dataset_event', 'read_dataset_event_from_classic' retrieved from /home/airflow/.local/lib/python3.12/site-packages/airflow/example_dags/example_inlet_event_extra.py
[2026-08-08T18:13:07.992+0000] {logging_mixin.py:190} INFO - [2026-08-08T18:13:07.992+0000] {dag.py:3211} INFO - Sync 2 DAGs
[2026-08-08T18:13:08.022+0000] {logging_mixin.py:190} INFO - [2026-08-08T18:13:08.021+0000] {dag.py:4138} INFO - Setting next_dagrun for read_dataset_event to 2026-08-07 00:00:00+00:00, run_after=2026-08-08 00:00:00+00:00
[2026-08-08T18:13:08.030+0000] {logging_mixin.py:190} INFO - [2026-08-08T18:13:08.030+0000] {dag.py:4138} INFO - Setting next_dagrun for read_dataset_event_from_classic to 2026-08-07 00:00:00+00:00, run_after=2026-08-08 00:00:00+00:00
[2026-08-08T18:13:08.075+0000] {processor.py:208} INFO - Processing /home/airflow/.local/lib/python3.12/site-packages/airflow/example_dags/example_inlet_event_extra.py took 0.314 seconds
[2026-08-08T18:13:38.150+0000] {processor.py:186} INFO - Started process (PID=167) to work on /home/airflow/.local/lib/python3.12/site-packages/airflow/example_dags/example_inlet_event_extra.py
[2026-08-08T18:13:38.152+0000] {processor.py:914} INFO - Processing file /home/airflow/.local/lib/python3.12/site-packages/airflow/example_dags/example_inlet_event_extra.py for tasks to queue
[2026-08-08T18:13:38.154+0000] {logging_mixin.py:190} INFO - [2026-08-08T18:13:38.154+0000] {dagbag.py:587} INFO - Filling up the DagBag from /home/airflow/.local/lib/python3.12/site-packages/airflow/example_dags/example_inlet_event_extra.py
[2026-08-08T18:13:38.268+0000] {processor.py:925} INFO - DAG(s) 'read_dataset_event_from_classic', 'read_dataset_event' retrieved from /home/airflow/.local/lib/python3.12/site-packages/airflow/example_dags/example_inlet_event_extra.py
[2026-08-08T18:13:38.292+0000] {logging_mixin.py:190} INFO - [2026-08-08T18:13:38.291+0000] {dag.py:3211} INFO - Sync 2 DAGs
[2026-08-08T18:13:38.313+0000] {logging_mixin.py:190} INFO - [2026-08-08T18:13:38.312+0000] {dag.py:4138} INFO - Setting next_dagrun for read_dataset_event to 2026-08-07 00:00:00+00:00, run_after=2026-08-08 00:00:00+00:00
[2026-08-08T18:13:38.316+0000] {logging_mixin.py:190} INFO - [2026-08-08T18:13:38.316+0000] {dag.py:4138} INFO - Setting next_dagrun for read_dataset_event_from_classic to 2026-08-07 00:00:00+00:00, run_after=2026-08-08 00:00:00+00:00
[2026-08-08T18:13:38.334+0000] {processor.py:208} INFO - Processing /home/airflow/.local/lib/python3.12/site-packages/airflow/example_dags/example_inlet_event_extra.py took 0.190 seconds
[2026-08-08T18:14:08.722+0000] {processor.py:186} INFO - Started process (PID=230) to work on /home/airflow/.local/lib/python3.12/site-packages/airflow/example_dags/example_inlet_event_extra.py
[2026-08-08T18:14:08.724+0000] {processor.py:914} INFO - Processing file /home/airflow/.local/lib/python3.12/site-packages/airflow/example_dags/example_inlet_event_extra.py for tasks to queue
[2026-08-08T18:14:08.728+0000] {logging_mixin.py:190} INFO - [2026-08-08T18:14:08.727+0000] {dagbag.py:587} INFO - Filling up the DagBag from /home/airflow/.local/lib/python3.12/site-packages/airflow/example_dags/example_inlet_event_extra.py
[2026-08-08T18:14:08.896+0000] {processor.py:925} INFO - DAG(s) 'read_dataset_event', 'read_dataset_event_from_classic' retrieved from /home/airflow/.local/lib/python3.12/site-packages/airflow/example_dags/example_inlet_event_extra.py
[2026-08-08T18:14:08.923+0000] {logging_mixin.py:190} INFO - [2026-08-08T18:14:08.923+0000] {dag.py:3211} INFO - Sync 2 DAGs
[2026-08-08T18:14:08.952+0000] {logging_mixin.py:190} INFO - [2026-08-08T18:14:08.952+0000] {dag.py:4138} INFO - Setting next_dagrun for read_dataset_event to 2026-08-07 00:00:00+00:00, run_after=2026-08-08 00:00:00+00:00
[2026-08-08T18:14:08.958+0000] {logging_mixin.py:190} INFO - [2026-08-08T18:14:08.958+0000] {dag.py:4138} INFO - Setting next_dagrun for read_dataset_event_from_classic to 2026-08-07 00:00:00+00:00, run_after=2026-08-08 00:00:00+00:00
[2026-08-08T18:14:08.980+0000] {processor.py:208} INFO - Processing /home/airflow/.local/lib/python3.12/site-packages/airflow/example_dags/example_inlet_event_extra.py took 0.267 seconds
[2026-08-08T18:14:39.128+0000] {processor.py:186} INFO - Started process (PID=294) to work on /home/airflow/.local/lib/python3.12/site-packages/airflow/example_dags/example_inlet_event_extra.py
[2026-08-08T18:14:39.129+0000] {processor.py:914} INFO - Processing file /home/airflow/.local/lib/python3.12/site-packages/airflow/example_dags/example_inlet_event_extra.py for tasks to queue
[2026-08-08T18:14:39.132+0000] {logging_mixin.py:190} INFO - [2026-08-08T18:14:39.132+0000] {dagbag.py:587} INFO - Filling up the DagBag from /home/airflow/.local/lib/python3.12/site-packages/airflow/example_dags/example_inlet_event_extra.py
[2026-08-08T18:14:39.292+0000] {processor.py:925} INFO - DAG(s) 'read_dataset_event', 'read_dataset_event_from_classic' retrieved from /home/airflow/.local/lib/python3.12/site-packages/airflow/example_dags/example_inlet_event_extra.py
[2026-08-08T18:14:39.313+0000] {logging_mixin.py:190} INFO - [2026-08-08T18:14:39.313+0000] {dag.py:3211} INFO - Sync 2 DAGs
[2026-08-08T18:14:39.336+0000] {logging_mixin.py:190} INFO - [2026-08-08T18:14:39.335+0000] {dag.py:4138} INFO - Setting next_dagrun for read_dataset_event to 2026-08-07 00:00:00+00:00, run_after=2026-08-08 00:00:00+00:00
[2026-08-08T18:14:39.340+0000] {logging_mixin.py:190} INFO - [2026-08-08T18:14:39.340+0000] {dag.py:4138} INFO - Setting next_dagrun for read_dataset_event_from_classic to 2026-08-07 00:00:00+00:00, run_after=2026-08-08 00:00:00+00:00
[2026-08-08T18:14:39.360+0000] {processor.py:208} INFO - Processing /home/airflow/.local/lib/python3.12/site-packages/airflow/example_dags/example_inlet_event_extra.py took 0.239 seconds
[2026-08-08T18:15:10.559+0000] {processor.py:186} INFO - Started process (PID=356) to work on /home/airflow/.local/lib/python3.12/site-packages/airflow/example_dags/example_inlet_event_extra.py
[2026-08-08T18:15:10.561+0000] {processor.py:914} INFO - Processing file /home/airflow/.local/lib/python3.12/site-packages/airflow/example_dags/example_inlet_event_extra.py for tasks to queue
[2026-08-08T18:15:10.566+0000] {logging_mixin.py:190} INFO - [2026-08-08T18:15:10.565+0000] {dagbag.py:587} INFO - Filling up the DagBag from /home/airflow/.local/lib/python3.12/site-packages/airflow/example_dags/example_inlet_event_extra.py
[2026-08-08T18:15:10.781+0000] {processor.py:925} INFO - DAG(s) 'read_dataset_event', 'read_dataset_event_from_classic' retrieved from /home/airflow/.local/lib/python3.12/site-packages/airflow/example_dags/example_inlet_event_extra.py
[2026-08-08T18:15:10.822+0000] {logging_mixin.py:190} INFO - [2026-08-08T18:15:10.822+0000] {dag.py:3211} INFO - Sync 2 DAGs
[2026-08-08T18:15:10.870+0000] {logging_mixin.py:190} INFO - [2026-08-08T18:15:10.869+0000] {dag.py:4138} INFO - Setting next_dagrun for read_dataset_event to 2026-08-07 00:00:00+00:00, run_after=2026-08-08 00:00:00+00:00
[2026-08-08T18:15:10.877+0000] {logging_mixin.py:190} INFO - [2026-08-08T18:15:10.877+0000] {dag.py:4138} INFO - Setting next_dagrun for read_dataset_event_from_classic to 2026-08-07 00:00:00+00:00, run_after=2026-08-08 00:00:00+00:00
[2026-08-08T18:15:10.903+0000] {processor.py:208} INFO - Processing /home/airflow/.local/lib/python3.12/site-packages/airflow/example_dags/example_inlet_event_extra.py took 0.352 seconds
[2026-08-08T18:15:41.920+0000] {processor.py:186} INFO - Started process (PID=419) to work on /home/airflow/.local/lib/python3.12/site-packages/airflow/example_dags/example_inlet_event_extra.py
[2026-08-08T18:15:41.922+0000] {processor.py:914} INFO - Processing file /home/airflow/.local/lib/python3.12/site-packages/airflow/example_dags/example_inlet_event_extra.py for tasks to queue
[2026-08-08T18:15:41.925+0000] {logging_mixin.py:190} INFO - [2026-08-08T18:15:41.925+0000] {dagbag.py:587} INFO - Filling up the DagBag from /home/airflow/.local/lib/python3.12/site-packages/airflow/example_dags/example_inlet_event_extra.py
[2026-08-08T18:15:42.108+0000] {processor.py:925} INFO - DAG(s) 'read_dataset_event_from_classic', 'read_dataset_event' retrieved from /home/airflow/.local/lib/python3.12/site-packages/airflow/example_dags/example_inlet_event_extra.py
[2026-08-08T18:15:42.154+0000] {logging_mixin.py:190} INFO - [2026-08-08T18:15:42.153+0000] {dag.py:3211} INFO - Sync 2 DAGs
[2026-08-08T18:15:42.206+0000] {logging_mixin.py:190} INFO - [2026-08-08T18:15:42.205+0000] {dag.py:4138} INFO - Setting next_dagrun for read_dataset_event to 2026-08-07 00:00:00+00:00, run_after=2026-08-08 00:00:00+00:00
[2026-08-08T18:15:42.219+0000] {logging_mixin.py:190} INFO - [2026-08-08T18:15:42.218+0000] {dag.py:4138} INFO - Setting next_dagrun for read_dataset_event_from_classic to 2026-08-07 00:00:00+00:00, run_after=2026-08-08 00:00:00+00:00
[2026-08-08T18:15:42.255+0000] {processor.py:208} INFO - Processing /home/airflow/.local/lib/python3.12/site-packages/airflow/example_dags/example_inlet_event_extra.py took 0.342 seconds
[2026-08-08T18:17:12.816+0000] {processor.py:186} INFO - Started process (PID=117) to work on /home/airflow/.local/lib/python3.12/site-packages/airflow/example_dags/example_inlet_event_extra.py
[2026-08-08T18:17:12.818+0000] {processor.py:914} INFO - Processing file /home/airflow/.local/lib/python3.12/site-packages/airflow/example_dags/example_inlet_event_extra.py for tasks to queue
[2026-08-08T18:17:12.821+0000] {logging_mixin.py:190} INFO - [2026-08-08T18:17:12.821+0000] {dagbag.py:587} INFO - Filling up the DagBag from /home/airflow/.local/lib/python3.12/site-packages/airflow/example_dags/example_inlet_event_extra.py
[2026-08-08T18:17:12.984+0000] {processor.py:925} INFO - DAG(s) 'read_dataset_event', 'read_dataset_event_from_classic' retrieved from /home/airflow/.local/lib/python3.12/site-packages/airflow/example_dags/example_inlet_event_extra.py
[2026-08-08T18:17:13.012+0000] {logging_mixin.py:190} INFO - [2026-08-08T18:17:13.012+0000] {dag.py:3211} INFO - Sync 2 DAGs
[2026-08-08T18:17:13.044+0000] {logging_mixin.py:190} INFO - [2026-08-08T18:17:13.044+0000] {dag.py:4138} INFO - Setting next_dagrun for read_dataset_event to 2026-08-07 00:00:00+00:00, run_after=2026-08-08 00:00:00+00:00
[2026-08-08T18:17:13.051+0000] {logging_mixin.py:190} INFO - [2026-08-08T18:17:13.051+0000] {dag.py:4138} INFO - Setting next_dagrun for read_dataset_event_from_classic to 2026-08-07 00:00:00+00:00, run_after=2026-08-08 00:00:00+00:00
[2026-08-08T18:17:13.077+0000] {processor.py:208} INFO - Processing /home/airflow/.local/lib/python3.12/site-packages/airflow/example_dags/example_inlet_event_extra.py took 0.268 seconds
[2026-08-08T18:17:43.223+0000] {processor.py:186} INFO - Started process (PID=180) to work on /home/airflow/.local/lib/python3.12/site-packages/airflow/example_dags/example_inlet_event_extra.py
[2026-08-08T18:17:43.224+0000] {processor.py:914} INFO - Processing file /home/airflow/.local/lib/python3.12/site-packages/airflow/example_dags/example_inlet_event_extra.py for tasks to queue
[2026-08-08T18:17:43.228+0000] {logging_mixin.py:190} INFO - [2026-08-08T18:17:43.227+0000] {dagbag.py:587} INFO - Filling up the DagBag from /home/airflow/.local/lib/python3.12/site-packages/airflow/example_dags/example_inlet_event_extra.py
[2026-08-08T18:17:43.365+0000] {processor.py:925} INFO - DAG(s) 'read_dataset_event_from_classic', 'read_dataset_event' retrieved from /home/airflow/.local/lib/python3.12/site-packages/airflow/example_dags/example_inlet_event_extra.py
[2026-08-08T18:17:43.388+0000] {logging_mixin.py:190} INFO - [2026-08-08T18:17:43.388+0000] {dag.py:3211} INFO - Sync 2 DAGs
[2026-08-08T18:17:43.414+0000] {logging_mixin.py:190} INFO - [2026-08-08T18:17:43.414+0000] {dag.py:4138} INFO - Setting next_dagrun for read_dataset_event to 2026-08-07 00:00:00+00:00, run_after=2026-08-08 00:00:00+00:00
[2026-08-08T18:17:43.419+0000] {logging_mixin.py:190} INFO - [2026-08-08T18:17:43.419+0000] {dag.py:4138} INFO - Setting next_dagrun for read_dataset_event_from_classic to 2026-08-07 00:00:00+00:00, run_after=2026-08-08 00:00:00+00:00
[2026-08-08T18:17:43.438+0000] {processor.py:208} INFO - Processing /home/airflow/.local/lib/python3.12/site-packages/airflow/example_dags/example_inlet_event_extra.py took 0.221 seconds
[2026-08-08T18:18:14.136+0000] {processor.py:186} INFO - Started process (PID=244) to work on /home/airflow/.local/lib/python3.12/site-packages/airflow/example_dags/example_inlet_event_extra.py
[2026-08-08T18:18:14.137+0000] {processor.py:914} INFO - Processing file /home/airflow/.local/lib/python3.12/site-packages/airflow/example_dags/example_inlet_event_extra.py for tasks to queue
[2026-08-08T18:18:14.140+0000] {logging_mixin.py:190} INFO - [2026-08-08T18:18:14.140+0000] {dagbag.py:587} INFO - Filling up the DagBag from /home/airflow/.local/lib/python3.12/site-packages/airflow/example_dags/example_inlet_event_extra.py
[2026-08-08T18:18:14.292+0000] {processor.py:925} INFO - DAG(s) 'read_dataset_event_from_classic', 'read_dataset_event' retrieved from /home/airflow/.local/lib/python3.12/site-packages/airflow/example_dags/example_inlet_event_extra.py
[2026-08-08T18:18:14.316+0000] {logging_mixin.py:190} INFO - [2026-08-08T18:18:14.316+0000] {dag.py:3211} INFO - Sync 2 DAGs
[2026-08-08T18:18:14.342+0000] {logging_mixin.py:190} INFO - [2026-08-08T18:18:14.341+0000] {dag.py:4138} INFO - Setting next_dagrun for read_dataset_event to 2026-08-07 00:00:00+00:00, run_after=2026-08-08 00:00:00+00:00
[2026-08-08T18:18:14.347+0000] {logging_mixin.py:190} INFO - [2026-08-08T18:18:14.347+0000] {dag.py:4138} INFO - Setting next_dagrun for read_dataset_event_from_classic to 2026-08-07 00:00:00+00:00, run_after=2026-08-08 00:00:00+00:00
[2026-08-08T18:18:14.374+0000] {processor.py:208} INFO - Processing /home/airflow/.local/lib/python3.12/site-packages/airflow/example_dags/example_inlet_event_extra.py took 0.244 seconds
[2026-08-08T18:18:28.834+0000] {processor.py:186} INFO - Started process (PID=283) to work on /home/airflow/.local/lib/python3.12/site-packages/airflow/example_dags/example_inlet_event_extra.py
[2026-08-08T18:18:28.836+0000] {processor.py:914} INFO - Processing file /home/airflow/.local/lib/python3.12/site-packages/airflow/example_dags/example_inlet_event_extra.py for tasks to queue
[2026-08-08T18:18:28.840+0000] {logging_mixin.py:190} INFO - [2026-08-08T18:18:28.840+0000] {dagbag.py:587} INFO - Filling up the DagBag from /home/airflow/.local/lib/python3.12/site-packages/airflow/example_dags/example_inlet_event_extra.py
[2026-08-08T18:18:28.966+0000] {processor.py:925} INFO - DAG(s) 'read_dataset_event_from_classic', 'read_dataset_event' retrieved from /home/airflow/.local/lib/python3.12/site-packages/airflow/example_dags/example_inlet_event_extra.py
[2026-08-08T18:18:28.986+0000] {logging_mixin.py:190} INFO - [2026-08-08T18:18:28.985+0000] {taskinstance.py:3303} ERROR - {'DAG Id': 'read_dataset_event', 'Task Id': 'read_dataset_event', 'Run Id': 'scheduled__2026-08-07T00:00:00+00:00', 'Hostname': '6ac6c9293cd6', 'External Executor Id': '18b043c9-91e3-4b81-b091-3ebec4fea896'}
[2026-08-08T18:18:29.004+0000] {logging_mixin.py:190} INFO - Task instance in failure state
[2026-08-08T18:18:29.005+0000] {logging_mixin.py:190} INFO - Task start:2026-08-08 18:18:20.578214+00:00 end:2026-08-08 18:18:28.991037+00:00 duration:8.412823
[2026-08-08T18:18:29.006+0000] {logging_mixin.py:190} INFO - Task:<Task(_PythonDecoratedOperator): read_dataset_event> dag:<DAG: read_dataset_event> dagrun:<DagRun read_dataset_event @ 2026-08-07 00:00:00+00:00: scheduled__2026-08-07T00:00:00+00:00, state:running, queued_at: 2026-08-08 18:18:17.232346+00:00. externally triggered: False>
[2026-08-08T18:18:29.006+0000] {logging_mixin.py:190} INFO - Failure caused by {'DAG Id': 'read_dataset_event', 'Task Id': 'read_dataset_event', 'Run Id': 'scheduled__2026-08-07T00:00:00+00:00', 'Hostname': '6ac6c9293cd6', 'External Executor Id': '18b043c9-91e3-4b81-b091-3ebec4fea896'}
[2026-08-08T18:18:29.007+0000] {logging_mixin.py:190} INFO - [2026-08-08T18:18:29.006+0000] {taskinstance.py:1225} INFO - Marking task as FAILED. dag_id=read_dataset_event, task_id=read_dataset_event, run_id=scheduled__2026-08-07T00:00:00+00:00, execution_date=20260807T000000, start_date=20260808T181820, end_date=20260808T181828
[2026-08-08T18:18:29.022+0000] {logging_mixin.py:190} INFO - [2026-08-08T18:18:29.022+0000] {processor.py:876} INFO - Executed callback for <TaskInstance: read_dataset_event.read_dataset_event scheduled__2026-08-07T00:00:00+00:00 [failed]> in state failed
[2026-08-08T18:18:29.034+0000] {logging_mixin.py:190} INFO - [2026-08-08T18:18:29.034+0000] {dag.py:3211} INFO - Sync 2 DAGs
[2026-08-08T18:18:29.059+0000] {logging_mixin.py:190} INFO - [2026-08-08T18:18:29.059+0000] {dag.py:4138} INFO - Setting next_dagrun for read_dataset_event to 2026-08-08 00:00:00+00:00, run_after=2026-08-09 00:00:00+00:00
[2026-08-08T18:18:29.062+0000] {logging_mixin.py:190} INFO - [2026-08-08T18:18:29.062+0000] {dag.py:4138} INFO - Setting next_dagrun for read_dataset_event_from_classic to 2026-08-07 00:00:00+00:00, run_after=2026-08-08 00:00:00+00:00
[2026-08-08T18:18:29.077+0000] {processor.py:208} INFO - Processing /home/airflow/.local/lib/python3.12/site-packages/airflow/example_dags/example_inlet_event_extra.py took 0.251 seconds
[2026-08-08T18:18:59.751+0000] {processor.py:186} INFO - Started process (PID=346) to work on /home/airflow/.local/lib/python3.12/site-packages/airflow/example_dags/example_inlet_event_extra.py
[2026-08-08T18:18:59.752+0000] {processor.py:914} INFO - Processing file /home/airflow/.local/lib/python3.12/site-packages/airflow/example_dags/example_inlet_event_extra.py for tasks to queue
[2026-08-08T18:18:59.756+0000] {logging_mixin.py:190} INFO - [2026-08-08T18:18:59.755+0000] {dagbag.py:587} INFO - Filling up the DagBag from /home/airflow/.local/lib/python3.12/site-packages/airflow/example_dags/example_inlet_event_extra.py
[2026-08-08T18:18:59.966+0000] {processor.py:925} INFO - DAG(s) 'read_dataset_event_from_classic', 'read_dataset_event' retrieved from /home/airflow/.local/lib/python3.12/site-packages/airflow/example_dags/example_inlet_event_extra.py
[2026-08-08T18:19:00.000+0000] {logging_mixin.py:190} INFO - [2026-08-08T18:19:00.000+0000] {dag.py:3211} INFO - Sync 2 DAGs
[2026-08-08T18:19:00.044+0000] {logging_mixin.py:190} INFO - [2026-08-08T18:19:00.042+0000] {dag.py:4138} INFO - Setting next_dagrun for read_dataset_event to 2026-08-08 00:00:00+00:00, run_after=2026-08-09 00:00:00+00:00
[2026-08-08T18:19:00.054+0000] {logging_mixin.py:190} INFO - [2026-08-08T18:19:00.053+0000] {dag.py:4138} INFO - Setting next_dagrun for read_dataset_event_from_classic to 2026-08-07 00:00:00+00:00, run_after=2026-08-08 00:00:00+00:00
[2026-08-08T18:19:00.076+0000] {processor.py:208} INFO - Processing /home/airflow/.local/lib/python3.12/site-packages/airflow/example_dags/example_inlet_event_extra.py took 0.335 seconds
[2026-08-08T18:24:01.982+0000] {processor.py:186} INFO - Started process (PID=432) to work on /home/airflow/.local/lib/python3.12/site-packages/airflow/example_dags/example_inlet_event_extra.py
[2026-08-08T18:24:02.060+0000] {processor.py:914} INFO - Processing file /home/airflow/.local/lib/python3.12/site-packages/airflow/example_dags/example_inlet_event_extra.py for tasks to queue
[2026-08-08T18:24:02.063+0000] {logging_mixin.py:190} INFO - [2026-08-08T18:24:02.063+0000] {dagbag.py:587} INFO - Filling up the DagBag from /home/airflow/.local/lib/python3.12/site-packages/airflow/example_dags/example_inlet_event_extra.py
[2026-08-08T18:24:02.369+0000] {processor.py:925} INFO - DAG(s) 'read_dataset_event', 'read_dataset_event_from_classic' retrieved from /home/airflow/.local/lib/python3.12/site-packages/airflow/example_dags/example_inlet_event_extra.py
[2026-08-08T18:24:02.415+0000] {logging_mixin.py:190} INFO - [2026-08-08T18:24:02.415+0000] {dag.py:3211} INFO - Sync 2 DAGs
[2026-08-08T18:24:02.452+0000] {logging_mixin.py:190} INFO - [2026-08-08T18:24:02.451+0000] {dag.py:4138} INFO - Setting next_dagrun for read_dataset_event to 2026-08-08 00:00:00+00:00, run_after=2026-08-09 00:00:00+00:00
[2026-08-08T18:24:02.465+0000] {logging_mixin.py:190} INFO - [2026-08-08T18:24:02.465+0000] {dag.py:4138} INFO - Setting next_dagrun for read_dataset_event_from_classic to 2026-08-07 00:00:00+00:00, run_after=2026-08-08 00:00:00+00:00
[2026-08-08T18:24:02.506+0000] {processor.py:208} INFO - Processing /home/airflow/.local/lib/python3.12/site-packages/airflow/example_dags/example_inlet_event_extra.py took 0.531 seconds
[2026-08-08T18:24:33.162+0000] {processor.py:186} INFO - Started process (PID=495) to work on /home/airflow/.local/lib/python3.12/site-packages/airflow/example_dags/example_inlet_event_extra.py
[2026-08-08T18:24:33.164+0000] {processor.py:914} INFO - Processing file /home/airflow/.local/lib/python3.12/site-packages/airflow/example_dags/example_inlet_event_extra.py for tasks to queue
[2026-08-08T18:24:33.168+0000] {logging_mixin.py:190} INFO - [2026-08-08T18:24:33.167+0000] {dagbag.py:587} INFO - Filling up the DagBag from /home/airflow/.local/lib/python3.12/site-packages/airflow/example_dags/example_inlet_event_extra.py
[2026-08-08T18:24:33.325+0000] {processor.py:925} INFO - DAG(s) 'read_dataset_event_from_classic', 'read_dataset_event' retrieved from /home/airflow/.local/lib/python3.12/site-packages/airflow/example_dags/example_inlet_event_extra.py
[2026-08-08T18:24:33.367+0000] {logging_mixin.py:190} INFO - [2026-08-08T18:24:33.366+0000] {dag.py:3211} INFO - Sync 2 DAGs
[2026-08-08T18:24:33.412+0000] {logging_mixin.py:190} INFO - [2026-08-08T18:24:33.412+0000] {dag.py:4138} INFO - Setting next_dagrun for read_dataset_event to 2026-08-08 00:00:00+00:00, run_after=2026-08-09 00:00:00+00:00
[2026-08-08T18:24:33.420+0000] {logging_mixin.py:190} INFO - [2026-08-08T18:24:33.420+0000] {dag.py:4138} INFO - Setting next_dagrun for read_dataset_event_from_classic to 2026-08-07 00:00:00+00:00, run_after=2026-08-08 00:00:00+00:00
[2026-08-08T18:24:33.442+0000] {processor.py:208} INFO - Processing /home/airflow/.local/lib/python3.12/site-packages/airflow/example_dags/example_inlet_event_extra.py took 0.286 seconds
[2026-08-08T18:25:03.747+0000] {processor.py:186} INFO - Started process (PID=558) to work on /home/airflow/.local/lib/python3.12/site-packages/airflow/example_dags/example_inlet_event_extra.py
[2026-08-08T18:25:03.748+0000] {processor.py:914} INFO - Processing file /home/airflow/.local/lib/python3.12/site-packages/airflow/example_dags/example_inlet_event_extra.py for tasks to queue
[2026-08-08T18:25:03.752+0000] {logging_mixin.py:190} INFO - [2026-08-08T18:25:03.751+0000] {dagbag.py:587} INFO - Filling up the DagBag from /home/airflow/.local/lib/python3.12/site-packages/airflow/example_dags/example_inlet_event_extra.py
[2026-08-08T18:25:03.922+0000] {processor.py:925} INFO - DAG(s) 'read_dataset_event_from_classic', 'read_dataset_event' retrieved from /home/airflow/.local/lib/python3.12/site-packages/airflow/example_dags/example_inlet_event_extra.py
[2026-08-08T18:25:03.954+0000] {logging_mixin.py:190} INFO - [2026-08-08T18:25:03.953+0000] {dag.py:3211} INFO - Sync 2 DAGs
[2026-08-08T18:25:03.987+0000] {logging_mixin.py:190} INFO - [2026-08-08T18:25:03.986+0000] {dag.py:4138} INFO - Setting next_dagrun for read_dataset_event to 2026-08-08 00:00:00+00:00, run_after=2026-08-09 00:00:00+00:00
[2026-08-08T18:25:03.992+0000] {logging_mixin.py:190} INFO - [2026-08-08T18:25:03.992+0000] {dag.py:4138} INFO - Setting next_dagrun for read_dataset_event_from_classic to 2026-08-07 00:00:00+00:00, run_after=2026-08-08 00:00:00+00:00
[2026-08-08T18:25:04.014+0000] {processor.py:208} INFO - Processing /home/airflow/.local/lib/python3.12/site-packages/airflow/example_dags/example_inlet_event_extra.py took 0.276 seconds
[2026-08-08T18:25:34.306+0000] {processor.py:186} INFO - Started process (PID=621) to work on /home/airflow/.local/lib/python3.12/site-packages/airflow/example_dags/example_inlet_event_extra.py
[2026-08-08T18:25:34.308+0000] {processor.py:914} INFO - Processing file /home/airflow/.local/lib/python3.12/site-packages/airflow/example_dags/example_inlet_event_extra.py for tasks to queue
[2026-08-08T18:25:34.311+0000] {logging_mixin.py:190} INFO - [2026-08-08T18:25:34.311+0000] {dagbag.py:587} INFO - Filling up the DagBag from /home/airflow/.local/lib/python3.12/site-packages/airflow/example_dags/example_inlet_event_extra.py
[2026-08-08T18:25:34.468+0000] {processor.py:925} INFO - DAG(s) 'read_dataset_event_from_classic', 'read_dataset_event' retrieved from /home/airflow/.local/lib/python3.12/site-packages/airflow/example_dags/example_inlet_event_extra.py
[2026-08-08T18:25:34.493+0000] {logging_mixin.py:190} INFO - [2026-08-08T18:25:34.493+0000] {dag.py:3211} INFO - Sync 2 DAGs
[2026-08-08T18:25:34.517+0000] {logging_mixin.py:190} INFO - [2026-08-08T18:25:34.517+0000] {dag.py:4138} INFO - Setting next_dagrun for read_dataset_event to 2026-08-08 00:00:00+00:00, run_after=2026-08-09 00:00:00+00:00
[2026-08-08T18:25:34.523+0000] {logging_mixin.py:190} INFO - [2026-08-08T18:25:34.523+0000] {dag.py:4138} INFO - Setting next_dagrun for read_dataset_event_from_classic to 2026-08-07 00:00:00+00:00, run_after=2026-08-08 00:00:00+00:00
[2026-08-08T18:25:34.541+0000] {processor.py:208} INFO - Processing /home/airflow/.local/lib/python3.12/site-packages/airflow/example_dags/example_inlet_event_extra.py took 0.241 seconds
[2026-08-08T18:26:04.861+0000] {processor.py:186} INFO - Started process (PID=685) to work on /home/airflow/.local/lib/python3.12/site-packages/airflow/example_dags/example_inlet_event_extra.py
[2026-08-08T18:26:04.864+0000] {processor.py:914} INFO - Processing file /home/airflow/.local/lib/python3.12/site-packages/airflow/example_dags/example_inlet_event_extra.py for tasks to queue
[2026-08-08T18:26:04.867+0000] {logging_mixin.py:190} INFO - [2026-08-08T18:26:04.867+0000] {dagbag.py:587} INFO - Filling up the DagBag from /home/airflow/.local/lib/python3.12/site-packages/airflow/example_dags/example_inlet_event_extra.py
[2026-08-08T18:26:05.016+0000] {processor.py:925} INFO - DAG(s) 'read_dataset_event_from_classic', 'read_dataset_event' retrieved from /home/airflow/.local/lib/python3.12/site-packages/airflow/example_dags/example_inlet_event_extra.py
[2026-08-08T18:26:05.041+0000] {logging_mixin.py:190} INFO - [2026-08-08T18:26:05.041+0000] {dag.py:3211} INFO - Sync 2 DAGs
[2026-08-08T18:26:05.066+0000] {logging_mixin.py:190} INFO - [2026-08-08T18:26:05.066+0000] {dag.py:4138} INFO - Setting next_dagrun for read_dataset_event to 2026-08-08 00:00:00+00:00, run_after=2026-08-09 00:00:00+00:00
[2026-08-08T18:26:05.071+0000] {logging_mixin.py:190} INFO - [2026-08-08T18:26:05.071+0000] {dag.py:4138} INFO - Setting next_dagrun for read_dataset_event_from_classic to 2026-08-07 00:00:00+00:00, run_after=2026-08-08 00:00:00+00:00
[2026-08-08T18:26:05.090+0000] {processor.py:208} INFO - Processing /home/airflow/.local/lib/python3.12/site-packages/airflow/example_dags/example_inlet_event_extra.py took 0.234 seconds
[2026-08-08T18:26:35.689+0000] {processor.py:186} INFO - Started process (PID=748) to work on /home/airflow/.local/lib/python3.12/site-packages/airflow/example_dags/example_inlet_event_extra.py
[2026-08-08T18:26:35.690+0000] {processor.py:914} INFO - Processing file /home/airflow/.local/lib/python3.12/site-packages/airflow/example_dags/example_inlet_event_extra.py for tasks to queue
[2026-08-08T18:26:35.693+0000] {logging_mixin.py:190} INFO - [2026-08-08T18:26:35.692+0000] {dagbag.py:587} INFO - Filling up the DagBag from /home/airflow/.local/lib/python3.12/site-packages/airflow/example_dags/example_inlet_event_extra.py
[2026-08-08T18:26:35.822+0000] {processor.py:925} INFO - DAG(s) 'read_dataset_event', 'read_dataset_event_from_classic' retrieved from /home/airflow/.local/lib/python3.12/site-packages/airflow/example_dags/example_inlet_event_extra.py
[2026-08-08T18:26:35.848+0000] {logging_mixin.py:190} INFO - [2026-08-08T18:26:35.848+0000] {dag.py:3211} INFO - Sync 2 DAGs
[2026-08-08T18:26:35.873+0000] {logging_mixin.py:190} INFO - [2026-08-08T18:26:35.873+0000] {dag.py:4138} INFO - Setting next_dagrun for read_dataset_event to 2026-08-08 00:00:00+00:00, run_after=2026-08-09 00:00:00+00:00
[2026-08-08T18:26:35.877+0000] {logging_mixin.py:190} INFO - [2026-08-08T18:26:35.877+0000] {dag.py:4138} INFO - Setting next_dagrun for read_dataset_event_from_classic to 2026-08-07 00:00:00+00:00, run_after=2026-08-08 00:00:00+00:00
[2026-08-08T18:26:35.895+0000] {processor.py:208} INFO - Processing /home/airflow/.local/lib/python3.12/site-packages/airflow/example_dags/example_inlet_event_extra.py took 0.212 seconds
