[2026-08-08T17:25:03.743+0000] {processor.py:186} INFO - Started process (PID=86) to work on /home/airflow/.local/lib/python3.12/site-packages/airflow/example_dags/example_outlet_event_extra.py
[2026-08-08T17:25:03.744+0000] {processor.py:914} INFO - Processing file /home/airflow/.local/lib/python3.12/site-packages/airflow/example_dags/example_outlet_event_extra.py for tasks to queue
[2026-08-08T17:25:03.746+0000] {logging_mixin.py:190} INFO - [2026-08-08T17:25:03.746+0000] {dagbag.py:587} INFO - Filling up the DagBag from /home/airflow/.local/lib/python3.12/site-packages/airflow/example_dags/example_outlet_event_extra.py
[2026-08-08T17:25:03.924+0000] {processor.py:925} INFO - DAG(s) 'dataset_with_extra_from_classic_operator', 'dataset_with_extra_by_context', 'dataset_with_extra_by_yield' retrieved from /home/airflow/.local/lib/python3.12/site-packages/airflow/example_dags/example_outlet_event_extra.py
[2026-08-08T17:25:04.344+0000] {logging_mixin.py:190} INFO - [2026-08-08T17:25:04.343+0000] {override.py:1858} INFO - Created Permission View: can delete on DAG:dataset_with_extra_from_classic_operator
[2026-08-08T17:25:04.426+0000] {logging_mixin.py:190} INFO - [2026-08-08T17:25:04.425+0000] {override.py:1858} INFO - Created Permission View: can edit on DAG:dataset_with_extra_from_classic_operator
[2026-08-08T17:25:04.515+0000] {logging_mixin.py:190} INFO - [2026-08-08T17:25:04.514+0000] {override.py:1858} INFO - Created Permission View: can read on DAG:dataset_with_extra_from_classic_operator
[2026-08-08T17:25:04.643+0000] {logging_mixin.py:190} INFO - [2026-08-08T17:25:04.643+0000] {override.py:1858} INFO - Created Permission View: can delete on DAG:dataset_with_extra_by_context
[2026-08-08T17:25:04.728+0000] {logging_mixin.py:190} INFO - [2026-08-08T17:25:04.728+0000] {override.py:1858} INFO - Created Permission View: can edit on DAG:dataset_with_extra_by_context
[2026-08-08T17:25:04.815+0000] {logging_mixin.py:190} INFO - [2026-08-08T17:25:04.815+0000] {override.py:1858} INFO - Created Permission View: can read on DAG:dataset_with_extra_by_context
[2026-08-08T17:25:05.004+0000] {logging_mixin.py:190} INFO - [2026-08-08T17:25:05.004+0000] {override.py:1858} INFO - Created Permission View: can delete on DAG:dataset_with_extra_by_yield
[2026-08-08T17:25:05.125+0000] {logging_mixin.py:190} INFO - [2026-08-08T17:25:05.125+0000] {override.py:1858} INFO - Created Permission View: can edit on DAG:dataset_with_extra_by_yield
[2026-08-08T17:25:05.257+0000] {logging_mixin.py:190} INFO - [2026-08-08T17:25:05.257+0000] {override.py:1858} INFO - Created Permission View: can read on DAG:dataset_with_extra_by_yield
[2026-08-08T17:25:05.270+0000] {logging_mixin.py:190} INFO - [2026-08-08T17:25:05.270+0000] {dag.py:3211} INFO - Sync 3 DAGs
[2026-08-08T17:25:05.281+0000] {logging_mixin.py:190} INFO - [2026-08-08T17:25:05.281+0000] {dag.py:3234} INFO - Creating ORM DAG for dataset_with_extra_by_yield
[2026-08-08T17:25:05.282+0000] {logging_mixin.py:190} INFO - [2026-08-08T17:25:05.282+0000] {dag.py:3234} INFO - Creating ORM DAG for dataset_with_extra_by_context
[2026-08-08T17:25:05.284+0000] {logging_mixin.py:190} INFO - [2026-08-08T17:25:05.284+0000] {dag.py:3234} INFO - Creating ORM DAG for dataset_with_extra_from_classic_operator
[2026-08-08T17:25:05.297+0000] {logging_mixin.py:190} INFO - [2026-08-08T17:25:05.296+0000] {dag.py:4138} INFO - Setting next_dagrun for dataset_with_extra_by_context to 2026-08-07 00:00:00+00:00, run_after=2026-08-08 00:00:00+00:00
[2026-08-08T17:25:05.300+0000] {logging_mixin.py:190} INFO - [2026-08-08T17:25:05.300+0000] {dag.py:4138} INFO - Setting next_dagrun for dataset_with_extra_by_yield to 2026-08-07 00:00:00+00:00, run_after=2026-08-08 00:00:00+00:00
[2026-08-08T17:25:05.302+0000] {logging_mixin.py:190} INFO - [2026-08-08T17:25:05.302+0000] {dag.py:4138} INFO - Setting next_dagrun for dataset_with_extra_from_classic_operator to 2026-08-07 00:00:00+00:00, run_after=2026-08-08 00:00:00+00:00
[2026-08-08T17:25:05.402+0000] {processor.py:208} INFO - Processing /home/airflow/.local/lib/python3.12/site-packages/airflow/example_dags/example_outlet_event_extra.py took 1.665 seconds
[2026-08-08T17:25:35.735+0000] {processor.py:186} INFO - Started process (PID=149) to work on /home/airflow/.local/lib/python3.12/site-packages/airflow/example_dags/example_outlet_event_extra.py
[2026-08-08T17:25:35.736+0000] {processor.py:914} INFO - Processing file /home/airflow/.local/lib/python3.12/site-packages/airflow/example_dags/example_outlet_event_extra.py for tasks to queue
[2026-08-08T17:25:35.738+0000] {logging_mixin.py:190} INFO - [2026-08-08T17:25:35.738+0000] {dagbag.py:587} INFO - Filling up the DagBag from /home/airflow/.local/lib/python3.12/site-packages/airflow/example_dags/example_outlet_event_extra.py
[2026-08-08T17:25:35.841+0000] {processor.py:925} INFO - DAG(s) 'dataset_with_extra_from_classic_operator', 'dataset_with_extra_by_yield', 'dataset_with_extra_by_context' retrieved from /home/airflow/.local/lib/python3.12/site-packages/airflow/example_dags/example_outlet_event_extra.py
[2026-08-08T17:25:35.862+0000] {logging_mixin.py:190} INFO - [2026-08-08T17:25:35.862+0000] {dag.py:3211} INFO - Sync 3 DAGs
[2026-08-08T17:25:35.881+0000] {logging_mixin.py:190} INFO - [2026-08-08T17:25:35.881+0000] {dag.py:4138} INFO - Setting next_dagrun for dataset_with_extra_by_context to 2026-08-07 00:00:00+00:00, run_after=2026-08-08 00:00:00+00:00
[2026-08-08T17:25:35.884+0000] {logging_mixin.py:190} INFO - [2026-08-08T17:25:35.884+0000] {dag.py:4138} INFO - Setting next_dagrun for dataset_with_extra_by_yield to 2026-08-07 00:00:00+00:00, run_after=2026-08-08 00:00:00+00:00
[2026-08-08T17:25:35.886+0000] {logging_mixin.py:190} INFO - [2026-08-08T17:25:35.886+0000] {dag.py:4138} INFO - Setting next_dagrun for dataset_with_extra_from_classic_operator to 2026-08-07 00:00:00+00:00, run_after=2026-08-08 00:00:00+00:00
[2026-08-08T17:25:35.905+0000] {processor.py:208} INFO - Processing /home/airflow/.local/lib/python3.12/site-packages/airflow/example_dags/example_outlet_event_extra.py took 0.175 seconds
[2026-08-08T17:26:06.201+0000] {processor.py:186} INFO - Started process (PID=212) to work on /home/airflow/.local/lib/python3.12/site-packages/airflow/example_dags/example_outlet_event_extra.py
[2026-08-08T17:26:06.202+0000] {processor.py:914} INFO - Processing file /home/airflow/.local/lib/python3.12/site-packages/airflow/example_dags/example_outlet_event_extra.py for tasks to queue
[2026-08-08T17:26:06.204+0000] {logging_mixin.py:190} INFO - [2026-08-08T17:26:06.204+0000] {dagbag.py:587} INFO - Filling up the DagBag from /home/airflow/.local/lib/python3.12/site-packages/airflow/example_dags/example_outlet_event_extra.py
[2026-08-08T17:26:06.302+0000] {processor.py:925} INFO - DAG(s) 'dataset_with_extra_by_yield', 'dataset_with_extra_from_classic_operator', 'dataset_with_extra_by_context' retrieved from /home/airflow/.local/lib/python3.12/site-packages/airflow/example_dags/example_outlet_event_extra.py
[2026-08-08T17:26:06.320+0000] {logging_mixin.py:190} INFO - [2026-08-08T17:26:06.320+0000] {dag.py:3211} INFO - Sync 3 DAGs
[2026-08-08T17:26:06.336+0000] {logging_mixin.py:190} INFO - [2026-08-08T17:26:06.335+0000] {dag.py:4138} INFO - Setting next_dagrun for dataset_with_extra_by_context to 2026-08-07 00:00:00+00:00, run_after=2026-08-08 00:00:00+00:00
[2026-08-08T17:26:06.339+0000] {logging_mixin.py:190} INFO - [2026-08-08T17:26:06.339+0000] {dag.py:4138} INFO - Setting next_dagrun for dataset_with_extra_by_yield to 2026-08-07 00:00:00+00:00, run_after=2026-08-08 00:00:00+00:00
[2026-08-08T17:26:06.342+0000] {logging_mixin.py:190} INFO - [2026-08-08T17:26:06.342+0000] {dag.py:4138} INFO - Setting next_dagrun for dataset_with_extra_from_classic_operator to 2026-08-07 00:00:00+00:00, run_after=2026-08-08 00:00:00+00:00
[2026-08-08T17:26:06.361+0000] {processor.py:208} INFO - Processing /home/airflow/.local/lib/python3.12/site-packages/airflow/example_dags/example_outlet_event_extra.py took 0.164 seconds
[2026-08-08T17:26:36.557+0000] {processor.py:186} INFO - Started process (PID=275) to work on /home/airflow/.local/lib/python3.12/site-packages/airflow/example_dags/example_outlet_event_extra.py
[2026-08-08T17:26:36.559+0000] {processor.py:914} INFO - Processing file /home/airflow/.local/lib/python3.12/site-packages/airflow/example_dags/example_outlet_event_extra.py for tasks to queue
[2026-08-08T17:26:36.564+0000] {logging_mixin.py:190} INFO - [2026-08-08T17:26:36.564+0000] {dagbag.py:587} INFO - Filling up the DagBag from /home/airflow/.local/lib/python3.12/site-packages/airflow/example_dags/example_outlet_event_extra.py
[2026-08-08T17:26:36.756+0000] {processor.py:925} INFO - DAG(s) 'dataset_with_extra_from_classic_operator', 'dataset_with_extra_by_context', 'dataset_with_extra_by_yield' retrieved from /home/airflow/.local/lib/python3.12/site-packages/airflow/example_dags/example_outlet_event_extra.py
[2026-08-08T17:26:36.787+0000] {logging_mixin.py:190} INFO - [2026-08-08T17:26:36.787+0000] {dag.py:3211} INFO - Sync 3 DAGs
[2026-08-08T17:26:36.814+0000] {logging_mixin.py:190} INFO - [2026-08-08T17:26:36.814+0000] {dag.py:4138} INFO - Setting next_dagrun for dataset_with_extra_by_context to 2026-08-07 00:00:00+00:00, run_after=2026-08-08 00:00:00+00:00
[2026-08-08T17:26:36.820+0000] {logging_mixin.py:190} INFO - [2026-08-08T17:26:36.820+0000] {dag.py:4138} INFO - Setting next_dagrun for dataset_with_extra_by_yield to 2026-08-07 00:00:00+00:00, run_after=2026-08-08 00:00:00+00:00
[2026-08-08T17:26:36.824+0000] {logging_mixin.py:190} INFO - [2026-08-08T17:26:36.823+0000] {dag.py:4138} INFO - Setting next_dagrun for dataset_with_extra_from_classic_operator to 2026-08-07 00:00:00+00:00, run_after=2026-08-08 00:00:00+00:00
[2026-08-08T17:26:36.857+0000] {processor.py:208} INFO - Processing /home/airflow/.local/lib/python3.12/site-packages/airflow/example_dags/example_outlet_event_extra.py took 0.311 seconds
[2026-08-08T17:27:07.334+0000] {processor.py:186} INFO - Started process (PID=338) to work on /home/airflow/.local/lib/python3.12/site-packages/airflow/example_dags/example_outlet_event_extra.py
[2026-08-08T17:27:07.335+0000] {processor.py:914} INFO - Processing file /home/airflow/.local/lib/python3.12/site-packages/airflow/example_dags/example_outlet_event_extra.py for tasks to queue
[2026-08-08T17:27:07.339+0000] {logging_mixin.py:190} INFO - [2026-08-08T17:27:07.339+0000] {dagbag.py:587} INFO - Filling up the DagBag from /home/airflow/.local/lib/python3.12/site-packages/airflow/example_dags/example_outlet_event_extra.py
[2026-08-08T17:27:07.501+0000] {processor.py:925} INFO - DAG(s) 'dataset_with_extra_by_context', 'dataset_with_extra_from_classic_operator', 'dataset_with_extra_by_yield' retrieved from /home/airflow/.local/lib/python3.12/site-packages/airflow/example_dags/example_outlet_event_extra.py
[2026-08-08T17:27:07.536+0000] {logging_mixin.py:190} INFO - [2026-08-08T17:27:07.536+0000] {dag.py:3211} INFO - Sync 3 DAGs
[2026-08-08T17:27:07.574+0000] {logging_mixin.py:190} INFO - [2026-08-08T17:27:07.573+0000] {dag.py:4138} INFO - Setting next_dagrun for dataset_with_extra_by_context to 2026-08-07 00:00:00+00:00, run_after=2026-08-08 00:00:00+00:00
[2026-08-08T17:27:07.582+0000] {logging_mixin.py:190} INFO - [2026-08-08T17:27:07.582+0000] {dag.py:4138} INFO - Setting next_dagrun for dataset_with_extra_by_yield to 2026-08-07 00:00:00+00:00, run_after=2026-08-08 00:00:00+00:00
[2026-08-08T17:27:07.585+0000] {logging_mixin.py:190} INFO - [2026-08-08T17:27:07.584+0000] {dag.py:4138} INFO - Setting next_dagrun for dataset_with_extra_from_classic_operator to 2026-08-07 00:00:00+00:00, run_after=2026-08-08 00:00:00+00:00
[2026-08-08T17:27:07.617+0000] {processor.py:208} INFO - Processing /home/airflow/.local/lib/python3.12/site-packages/airflow/example_dags/example_outlet_event_extra.py took 0.291 seconds
[2026-08-08T17:27:38.579+0000] {processor.py:186} INFO - Started process (PID=401) to work on /home/airflow/.local/lib/python3.12/site-packages/airflow/example_dags/example_outlet_event_extra.py
[2026-08-08T17:27:38.580+0000] {processor.py:914} INFO - Processing file /home/airflow/.local/lib/python3.12/site-packages/airflow/example_dags/example_outlet_event_extra.py for tasks to queue
[2026-08-08T17:27:38.583+0000] {logging_mixin.py:190} INFO - [2026-08-08T17:27:38.583+0000] {dagbag.py:587} INFO - Filling up the DagBag from /home/airflow/.local/lib/python3.12/site-packages/airflow/example_dags/example_outlet_event_extra.py
[2026-08-08T17:27:38.699+0000] {processor.py:925} INFO - DAG(s) 'dataset_with_extra_from_classic_operator', 'dataset_with_extra_by_yield', 'dataset_with_extra_by_context' retrieved from /home/airflow/.local/lib/python3.12/site-packages/airflow/example_dags/example_outlet_event_extra.py
[2026-08-08T17:27:38.724+0000] {logging_mixin.py:190} INFO - [2026-08-08T17:27:38.724+0000] {dag.py:3211} INFO - Sync 3 DAGs
[2026-08-08T17:27:38.745+0000] {logging_mixin.py:190} INFO - [2026-08-08T17:27:38.745+0000] {dag.py:4138} INFO - Setting next_dagrun for dataset_with_extra_by_context to 2026-08-07 00:00:00+00:00, run_after=2026-08-08 00:00:00+00:00
[2026-08-08T17:27:38.749+0000] {logging_mixin.py:190} INFO - [2026-08-08T17:27:38.749+0000] {dag.py:4138} INFO - Setting next_dagrun for dataset_with_extra_by_yield to 2026-08-07 00:00:00+00:00, run_after=2026-08-08 00:00:00+00:00
[2026-08-08T17:27:38.751+0000] {logging_mixin.py:190} INFO - [2026-08-08T17:27:38.751+0000] {dag.py:4138} INFO - Setting next_dagrun for dataset_with_extra_from_classic_operator to 2026-08-07 00:00:00+00:00, run_after=2026-08-08 00:00:00+00:00
[2026-08-08T17:27:38.774+0000] {processor.py:208} INFO - Processing /home/airflow/.local/lib/python3.12/site-packages/airflow/example_dags/example_outlet_event_extra.py took 0.201 seconds
[2026-08-08T17:28:08.893+0000] {processor.py:186} INFO - Started process (PID=464) to work on /home/airflow/.local/lib/python3.12/site-packages/airflow/example_dags/example_outlet_event_extra.py
[2026-08-08T17:28:08.895+0000] {processor.py:914} INFO - Processing file /home/airflow/.local/lib/python3.12/site-packages/airflow/example_dags/example_outlet_event_extra.py for tasks to queue
[2026-08-08T17:28:08.898+0000] {logging_mixin.py:190} INFO - [2026-08-08T17:28:08.898+0000] {dagbag.py:587} INFO - Filling up the DagBag from /home/airflow/.local/lib/python3.12/site-packages/airflow/example_dags/example_outlet_event_extra.py
[2026-08-08T17:28:09.063+0000] {processor.py:925} INFO - DAG(s) 'dataset_with_extra_by_context', 'dataset_with_extra_by_yield', 'dataset_with_extra_from_classic_operator' retrieved from /home/airflow/.local/lib/python3.12/site-packages/airflow/example_dags/example_outlet_event_extra.py
[2026-08-08T17:28:09.110+0000] {logging_mixin.py:190} INFO - [2026-08-08T17:28:09.110+0000] {dag.py:3211} INFO - Sync 3 DAGs
[2026-08-08T17:28:09.149+0000] {logging_mixin.py:190} INFO - [2026-08-08T17:28:09.149+0000] {dag.py:4138} INFO - Setting next_dagrun for dataset_with_extra_by_context to 2026-08-07 00:00:00+00:00, run_after=2026-08-08 00:00:00+00:00
[2026-08-08T17:28:09.154+0000] {logging_mixin.py:190} INFO - [2026-08-08T17:28:09.154+0000] {dag.py:4138} INFO - Setting next_dagrun for dataset_with_extra_by_yield to 2026-08-07 00:00:00+00:00, run_after=2026-08-08 00:00:00+00:00
[2026-08-08T17:28:09.157+0000] {logging_mixin.py:190} INFO - [2026-08-08T17:28:09.157+0000] {dag.py:4138} INFO - Setting next_dagrun for dataset_with_extra_from_classic_operator to 2026-08-07 00:00:00+00:00, run_after=2026-08-08 00:00:00+00:00
[2026-08-08T17:28:09.182+0000] {processor.py:208} INFO - Processing /home/airflow/.local/lib/python3.12/site-packages/airflow/example_dags/example_outlet_event_extra.py took 0.296 seconds
[2026-08-08T17:28:39.801+0000] {processor.py:186} INFO - Started process (PID=527) to work on /home/airflow/.local/lib/python3.12/site-packages/airflow/example_dags/example_outlet_event_extra.py
[2026-08-08T17:28:39.803+0000] {processor.py:914} INFO - Processing file /home/airflow/.local/lib/python3.12/site-packages/airflow/example_dags/example_outlet_event_extra.py for tasks to queue
[2026-08-08T17:28:39.807+0000] {logging_mixin.py:190} INFO - [2026-08-08T17:28:39.806+0000] {dagbag.py:587} INFO - Filling up the DagBag from /home/airflow/.local/lib/python3.12/site-packages/airflow/example_dags/example_outlet_event_extra.py
[2026-08-08T17:28:39.945+0000] {processor.py:925} INFO - DAG(s) 'dataset_with_extra_by_yield', 'dataset_with_extra_from_classic_operator', 'dataset_with_extra_by_context' retrieved from /home/airflow/.local/lib/python3.12/site-packages/airflow/example_dags/example_outlet_event_extra.py
[2026-08-08T17:28:39.976+0000] {logging_mixin.py:190} INFO - [2026-08-08T17:28:39.976+0000] {dag.py:3211} INFO - Sync 3 DAGs
[2026-08-08T17:28:40.006+0000] {logging_mixin.py:190} INFO - [2026-08-08T17:28:40.006+0000] {dag.py:4138} INFO - Setting next_dagrun for dataset_with_extra_by_context to 2026-08-07 00:00:00+00:00, run_after=2026-08-08 00:00:00+00:00
[2026-08-08T17:28:40.010+0000] {logging_mixin.py:190} INFO - [2026-08-08T17:28:40.010+0000] {dag.py:4138} INFO - Setting next_dagrun for dataset_with_extra_by_yield to 2026-08-07 00:00:00+00:00, run_after=2026-08-08 00:00:00+00:00
[2026-08-08T17:28:40.014+0000] {logging_mixin.py:190} INFO - [2026-08-08T17:28:40.013+0000] {dag.py:4138} INFO - Setting next_dagrun for dataset_with_extra_from_classic_operator to 2026-08-07 00:00:00+00:00, run_after=2026-08-08 00:00:00+00:00
[2026-08-08T17:28:40.044+0000] {processor.py:208} INFO - Processing /home/airflow/.local/lib/python3.12/site-packages/airflow/example_dags/example_outlet_event_extra.py took 0.248 seconds
[2026-08-08T17:29:11.000+0000] {processor.py:186} INFO - Started process (PID=590) to work on /home/airflow/.local/lib/python3.12/site-packages/airflow/example_dags/example_outlet_event_extra.py
[2026-08-08T17:29:11.002+0000] {processor.py:914} INFO - Processing file /home/airflow/.local/lib/python3.12/site-packages/airflow/example_dags/example_outlet_event_extra.py for tasks to queue
[2026-08-08T17:29:11.006+0000] {logging_mixin.py:190} INFO - [2026-08-08T17:29:11.005+0000] {dagbag.py:587} INFO - Filling up the DagBag from /home/airflow/.local/lib/python3.12/site-packages/airflow/example_dags/example_outlet_event_extra.py
[2026-08-08T17:29:11.144+0000] {processor.py:925} INFO - DAG(s) 'dataset_with_extra_from_classic_operator', 'dataset_with_extra_by_context', 'dataset_with_extra_by_yield' retrieved from /home/airflow/.local/lib/python3.12/site-packages/airflow/example_dags/example_outlet_event_extra.py
[2026-08-08T17:29:11.176+0000] {logging_mixin.py:190} INFO - [2026-08-08T17:29:11.176+0000] {dag.py:3211} INFO - Sync 3 DAGs
[2026-08-08T17:29:11.200+0000] {logging_mixin.py:190} INFO - [2026-08-08T17:29:11.199+0000] {dag.py:4138} INFO - Setting next_dagrun for dataset_with_extra_by_context to 2026-08-07 00:00:00+00:00, run_after=2026-08-08 00:00:00+00:00
[2026-08-08T17:29:11.203+0000] {logging_mixin.py:190} INFO - [2026-08-08T17:29:11.203+0000] {dag.py:4138} INFO - Setting next_dagrun for dataset_with_extra_by_yield to 2026-08-07 00:00:00+00:00, run_after=2026-08-08 00:00:00+00:00
[2026-08-08T17:29:11.205+0000] {logging_mixin.py:190} INFO - [2026-08-08T17:29:11.205+0000] {dag.py:4138} INFO - Setting next_dagrun for dataset_with_extra_from_classic_operator to 2026-08-07 00:00:00+00:00, run_after=2026-08-08 00:00:00+00:00
[2026-08-08T17:29:11.229+0000] {processor.py:208} INFO - Processing /home/airflow/.local/lib/python3.12/site-packages/airflow/example_dags/example_outlet_event_extra.py took 0.236 seconds
[2026-08-08T17:29:41.924+0000] {processor.py:186} INFO - Started process (PID=653) to work on /home/airflow/.local/lib/python3.12/site-packages/airflow/example_dags/example_outlet_event_extra.py
[2026-08-08T17:29:41.937+0000] {processor.py:914} INFO - Processing file /home/airflow/.local/lib/python3.12/site-packages/airflow/example_dags/example_outlet_event_extra.py for tasks to queue
[2026-08-08T17:29:41.944+0000] {logging_mixin.py:190} INFO - [2026-08-08T17:29:41.943+0000] {dagbag.py:587} INFO - Filling up the DagBag from /home/airflow/.local/lib/python3.12/site-packages/airflow/example_dags/example_outlet_event_extra.py
[2026-08-08T17:29:42.208+0000] {processor.py:925} INFO - DAG(s) 'dataset_with_extra_from_classic_operator', 'dataset_with_extra_by_context', 'dataset_with_extra_by_yield' retrieved from /home/airflow/.local/lib/python3.12/site-packages/airflow/example_dags/example_outlet_event_extra.py
[2026-08-08T17:29:42.239+0000] {logging_mixin.py:190} INFO - [2026-08-08T17:29:42.239+0000] {dag.py:3211} INFO - Sync 3 DAGs
[2026-08-08T17:29:42.264+0000] {logging_mixin.py:190} INFO - [2026-08-08T17:29:42.264+0000] {dag.py:4138} INFO - Setting next_dagrun for dataset_with_extra_by_context to 2026-08-07 00:00:00+00:00, run_after=2026-08-08 00:00:00+00:00
[2026-08-08T17:29:42.269+0000] {logging_mixin.py:190} INFO - [2026-08-08T17:29:42.269+0000] {dag.py:4138} INFO - Setting next_dagrun for dataset_with_extra_by_yield to 2026-08-07 00:00:00+00:00, run_after=2026-08-08 00:00:00+00:00
[2026-08-08T17:29:42.272+0000] {logging_mixin.py:190} INFO - [2026-08-08T17:29:42.271+0000] {dag.py:4138} INFO - Setting next_dagrun for dataset_with_extra_from_classic_operator to 2026-08-07 00:00:00+00:00, run_after=2026-08-08 00:00:00+00:00
[2026-08-08T17:29:42.300+0000] {processor.py:208} INFO - Processing /home/airflow/.local/lib/python3.12/site-packages/airflow/example_dags/example_outlet_event_extra.py took 0.392 seconds
[2026-08-08T17:30:12.786+0000] {processor.py:186} INFO - Started process (PID=716) to work on /home/airflow/.local/lib/python3.12/site-packages/airflow/example_dags/example_outlet_event_extra.py
[2026-08-08T17:30:12.788+0000] {processor.py:914} INFO - Processing file /home/airflow/.local/lib/python3.12/site-packages/airflow/example_dags/example_outlet_event_extra.py for tasks to queue
[2026-08-08T17:30:12.794+0000] {logging_mixin.py:190} INFO - [2026-08-08T17:30:12.794+0000] {dagbag.py:587} INFO - Filling up the DagBag from /home/airflow/.local/lib/python3.12/site-packages/airflow/example_dags/example_outlet_event_extra.py
[2026-08-08T17:30:13.016+0000] {processor.py:925} INFO - DAG(s) 'dataset_with_extra_by_context', 'dataset_with_extra_by_yield', 'dataset_with_extra_from_classic_operator' retrieved from /home/airflow/.local/lib/python3.12/site-packages/airflow/example_dags/example_outlet_event_extra.py
[2026-08-08T17:30:13.049+0000] {logging_mixin.py:190} INFO - [2026-08-08T17:30:13.048+0000] {dag.py:3211} INFO - Sync 3 DAGs
[2026-08-08T17:30:13.081+0000] {logging_mixin.py:190} INFO - [2026-08-08T17:30:13.081+0000] {dag.py:4138} INFO - Setting next_dagrun for dataset_with_extra_by_context to 2026-08-07 00:00:00+00:00, run_after=2026-08-08 00:00:00+00:00
[2026-08-08T17:30:13.090+0000] {logging_mixin.py:190} INFO - [2026-08-08T17:30:13.090+0000] {dag.py:4138} INFO - Setting next_dagrun for dataset_with_extra_by_yield to 2026-08-07 00:00:00+00:00, run_after=2026-08-08 00:00:00+00:00
[2026-08-08T17:30:13.093+0000] {logging_mixin.py:190} INFO - [2026-08-08T17:30:13.093+0000] {dag.py:4138} INFO - Setting next_dagrun for dataset_with_extra_from_classic_operator to 2026-08-07 00:00:00+00:00, run_after=2026-08-08 00:00:00+00:00
[2026-08-08T17:30:13.120+0000] {processor.py:208} INFO - Processing /home/airflow/.local/lib/python3.12/site-packages/airflow/example_dags/example_outlet_event_extra.py took 0.346 seconds
[2026-08-08T17:30:43.658+0000] {processor.py:186} INFO - Started process (PID=779) to work on /home/airflow/.local/lib/python3.12/site-packages/airflow/example_dags/example_outlet_event_extra.py
[2026-08-08T17:30:43.660+0000] {processor.py:914} INFO - Processing file /home/airflow/.local/lib/python3.12/site-packages/airflow/example_dags/example_outlet_event_extra.py for tasks to queue
[2026-08-08T17:30:43.663+0000] {logging_mixin.py:190} INFO - [2026-08-08T17:30:43.662+0000] {dagbag.py:587} INFO - Filling up the DagBag from /home/airflow/.local/lib/python3.12/site-packages/airflow/example_dags/example_outlet_event_extra.py
[2026-08-08T17:30:43.812+0000] {processor.py:925} INFO - DAG(s) 'dataset_with_extra_by_yield', 'dataset_with_extra_from_classic_operator', 'dataset_with_extra_by_context' retrieved from /home/airflow/.local/lib/python3.12/site-packages/airflow/example_dags/example_outlet_event_extra.py
[2026-08-08T17:30:43.839+0000] {logging_mixin.py:190} INFO - [2026-08-08T17:30:43.839+0000] {dag.py:3211} INFO - Sync 3 DAGs
[2026-08-08T17:30:43.867+0000] {logging_mixin.py:190} INFO - [2026-08-08T17:30:43.866+0000] {dag.py:4138} INFO - Setting next_dagrun for dataset_with_extra_by_context to 2026-08-07 00:00:00+00:00, run_after=2026-08-08 00:00:00+00:00
[2026-08-08T17:30:43.871+0000] {logging_mixin.py:190} INFO - [2026-08-08T17:30:43.871+0000] {dag.py:4138} INFO - Setting next_dagrun for dataset_with_extra_by_yield to 2026-08-07 00:00:00+00:00, run_after=2026-08-08 00:00:00+00:00
[2026-08-08T17:30:43.873+0000] {logging_mixin.py:190} INFO - [2026-08-08T17:30:43.873+0000] {dag.py:4138} INFO - Setting next_dagrun for dataset_with_extra_from_classic_operator to 2026-08-07 00:00:00+00:00, run_after=2026-08-08 00:00:00+00:00
[2026-08-08T17:30:43.898+0000] {processor.py:208} INFO - Processing /home/airflow/.local/lib/python3.12/site-packages/airflow/example_dags/example_outlet_event_extra.py took 0.248 seconds
[2026-08-08T17:31:14.026+0000] {processor.py:186} INFO - Started process (PID=842) to work on /home/airflow/.local/lib/python3.12/site-packages/airflow/example_dags/example_outlet_event_extra.py
[2026-08-08T17:31:14.027+0000] {processor.py:914} INFO - Processing file /home/airflow/.local/lib/python3.12/site-packages/airflow/example_dags/example_outlet_event_extra.py for tasks to queue
[2026-08-08T17:31:14.029+0000] {logging_mixin.py:190} INFO - [2026-08-08T17:31:14.029+0000] {dagbag.py:587} INFO - Filling up the DagBag from /home/airflow/.local/lib/python3.12/site-packages/airflow/example_dags/example_outlet_event_extra.py
[2026-08-08T17:31:14.212+0000] {processor.py:925} INFO - DAG(s) 'dataset_with_extra_by_context', 'dataset_with_extra_from_classic_operator', 'dataset_with_extra_by_yield' retrieved from /home/airflow/.local/lib/python3.12/site-packages/airflow/example_dags/example_outlet_event_extra.py
[2026-08-08T17:31:14.247+0000] {logging_mixin.py:190} INFO - [2026-08-08T17:31:14.246+0000] {dag.py:3211} INFO - Sync 3 DAGs
[2026-08-08T17:31:14.279+0000] {logging_mixin.py:190} INFO - [2026-08-08T17:31:14.279+0000] {dag.py:4138} INFO - Setting next_dagrun for dataset_with_extra_by_context to 2026-08-07 00:00:00+00:00, run_after=2026-08-08 00:00:00+00:00
[2026-08-08T17:31:14.284+0000] {logging_mixin.py:190} INFO - [2026-08-08T17:31:14.284+0000] {dag.py:4138} INFO - Setting next_dagrun for dataset_with_extra_by_yield to 2026-08-07 00:00:00+00:00, run_after=2026-08-08 00:00:00+00:00
[2026-08-08T17:31:14.289+0000] {logging_mixin.py:190} INFO - [2026-08-08T17:31:14.288+0000] {dag.py:4138} INFO - Setting next_dagrun for dataset_with_extra_from_classic_operator to 2026-08-07 00:00:00+00:00, run_after=2026-08-08 00:00:00+00:00
[2026-08-08T17:31:14.324+0000] {processor.py:208} INFO - Processing /home/airflow/.local/lib/python3.12/site-packages/airflow/example_dags/example_outlet_event_extra.py took 0.305 seconds
[2026-08-08T17:31:44.674+0000] {processor.py:186} INFO - Started process (PID=905) to work on /home/airflow/.local/lib/python3.12/site-packages/airflow/example_dags/example_outlet_event_extra.py
[2026-08-08T17:31:44.676+0000] {processor.py:914} INFO - Processing file /home/airflow/.local/lib/python3.12/site-packages/airflow/example_dags/example_outlet_event_extra.py for tasks to queue
[2026-08-08T17:31:44.680+0000] {logging_mixin.py:190} INFO - [2026-08-08T17:31:44.680+0000] {dagbag.py:587} INFO - Filling up the DagBag from /home/airflow/.local/lib/python3.12/site-packages/airflow/example_dags/example_outlet_event_extra.py
[2026-08-08T17:31:44.836+0000] {processor.py:925} INFO - DAG(s) 'dataset_with_extra_from_classic_operator', 'dataset_with_extra_by_context', 'dataset_with_extra_by_yield' retrieved from /home/airflow/.local/lib/python3.12/site-packages/airflow/example_dags/example_outlet_event_extra.py
[2026-08-08T17:31:44.868+0000] {logging_mixin.py:190} INFO - [2026-08-08T17:31:44.868+0000] {dag.py:3211} INFO - Sync 3 DAGs
[2026-08-08T17:31:44.895+0000] {logging_mixin.py:190} INFO - [2026-08-08T17:31:44.895+0000] {dag.py:4138} INFO - Setting next_dagrun for dataset_with_extra_by_context to 2026-08-07 00:00:00+00:00, run_after=2026-08-08 00:00:00+00:00
[2026-08-08T17:31:44.901+0000] {logging_mixin.py:190} INFO - [2026-08-08T17:31:44.901+0000] {dag.py:4138} INFO - Setting next_dagrun for dataset_with_extra_by_yield to 2026-08-07 00:00:00+00:00, run_after=2026-08-08 00:00:00+00:00
[2026-08-08T17:31:44.903+0000] {logging_mixin.py:190} INFO - [2026-08-08T17:31:44.903+0000] {dag.py:4138} INFO - Setting next_dagrun for dataset_with_extra_from_classic_operator to 2026-08-07 00:00:00+00:00, run_after=2026-08-08 00:00:00+00:00
[2026-08-08T17:31:44.925+0000] {processor.py:208} INFO - Processing /home/airflow/.local/lib/python3.12/site-packages/airflow/example_dags/example_outlet_event_extra.py took 0.260 seconds
[2026-08-08T17:32:15.178+0000] {processor.py:186} INFO - Started process (PID=968) to work on /home/airflow/.local/lib/python3.12/site-packages/airflow/example_dags/example_outlet_event_extra.py
[2026-08-08T17:32:15.179+0000] {processor.py:914} INFO - Processing file /home/airflow/.local/lib/python3.12/site-packages/airflow/example_dags/example_outlet_event_extra.py for tasks to queue
[2026-08-08T17:32:15.182+0000] {logging_mixin.py:190} INFO - [2026-08-08T17:32:15.182+0000] {dagbag.py:587} INFO - Filling up the DagBag from /home/airflow/.local/lib/python3.12/site-packages/airflow/example_dags/example_outlet_event_extra.py
[2026-08-08T17:32:15.320+0000] {processor.py:925} INFO - DAG(s) 'dataset_with_extra_by_context', 'dataset_with_extra_from_classic_operator', 'dataset_with_extra_by_yield' retrieved from /home/airflow/.local/lib/python3.12/site-packages/airflow/example_dags/example_outlet_event_extra.py
[2026-08-08T17:32:15.344+0000] {logging_mixin.py:190} INFO - [2026-08-08T17:32:15.344+0000] {dag.py:3211} INFO - Sync 3 DAGs
[2026-08-08T17:32:15.366+0000] {logging_mixin.py:190} INFO - [2026-08-08T17:32:15.366+0000] {dag.py:4138} INFO - Setting next_dagrun for dataset_with_extra_by_context to 2026-08-07 00:00:00+00:00, run_after=2026-08-08 00:00:00+00:00
[2026-08-08T17:32:15.370+0000] {logging_mixin.py:190} INFO - [2026-08-08T17:32:15.370+0000] {dag.py:4138} INFO - Setting next_dagrun for dataset_with_extra_by_yield to 2026-08-07 00:00:00+00:00, run_after=2026-08-08 00:00:00+00:00
[2026-08-08T17:32:15.372+0000] {logging_mixin.py:190} INFO - [2026-08-08T17:32:15.372+0000] {dag.py:4138} INFO - Setting next_dagrun for dataset_with_extra_from_classic_operator to 2026-08-07 00:00:00+00:00, run_after=2026-08-08 00:00:00+00:00
[2026-08-08T17:32:15.395+0000] {processor.py:208} INFO - Processing /home/airflow/.local/lib/python3.12/site-packages/airflow/example_dags/example_outlet_event_extra.py took 0.222 seconds
[2026-08-08T17:32:45.522+0000] {processor.py:186} INFO - Started process (PID=1031) to work on /home/airflow/.local/lib/python3.12/site-packages/airflow/example_dags/example_outlet_event_extra.py
[2026-08-08T17:32:45.523+0000] {processor.py:914} INFO - Processing file /home/airflow/.local/lib/python3.12/site-packages/airflow/example_dags/example_outlet_event_extra.py for tasks to queue
[2026-08-08T17:32:45.526+0000] {logging_mixin.py:190} INFO - [2026-08-08T17:32:45.525+0000] {dagbag.py:587} INFO - Filling up the DagBag from /home/airflow/.local/lib/python3.12/site-packages/airflow/example_dags/example_outlet_event_extra.py
[2026-08-08T17:32:45.709+0000] {processor.py:925} INFO - DAG(s) 'dataset_with_extra_from_classic_operator', 'dataset_with_extra_by_yield', 'dataset_with_extra_by_context' retrieved from /home/airflow/.local/lib/python3.12/site-packages/airflow/example_dags/example_outlet_event_extra.py
[2026-08-08T17:32:45.736+0000] {logging_mixin.py:190} INFO - [2026-08-08T17:32:45.736+0000] {dag.py:3211} INFO - Sync 3 DAGs
[2026-08-08T17:32:45.760+0000] {logging_mixin.py:190} INFO - [2026-08-08T17:32:45.760+0000] {dag.py:4138} INFO - Setting next_dagrun for dataset_with_extra_by_context to 2026-08-07 00:00:00+00:00, run_after=2026-08-08 00:00:00+00:00
[2026-08-08T17:32:45.764+0000] {logging_mixin.py:190} INFO - [2026-08-08T17:32:45.764+0000] {dag.py:4138} INFO - Setting next_dagrun for dataset_with_extra_by_yield to 2026-08-07 00:00:00+00:00, run_after=2026-08-08 00:00:00+00:00
[2026-08-08T17:32:45.766+0000] {logging_mixin.py:190} INFO - [2026-08-08T17:32:45.766+0000] {dag.py:4138} INFO - Setting next_dagrun for dataset_with_extra_from_classic_operator to 2026-08-07 00:00:00+00:00, run_after=2026-08-08 00:00:00+00:00
[2026-08-08T17:32:45.789+0000] {processor.py:208} INFO - Processing /home/airflow/.local/lib/python3.12/site-packages/airflow/example_dags/example_outlet_event_extra.py took 0.274 seconds
[2026-08-08T17:33:16.151+0000] {processor.py:186} INFO - Started process (PID=1094) to work on /home/airflow/.local/lib/python3.12/site-packages/airflow/example_dags/example_outlet_event_extra.py
[2026-08-08T17:33:16.153+0000] {processor.py:914} INFO - Processing file /home/airflow/.local/lib/python3.12/site-packages/airflow/example_dags/example_outlet_event_extra.py for tasks to queue
[2026-08-08T17:33:16.155+0000] {logging_mixin.py:190} INFO - [2026-08-08T17:33:16.155+0000] {dagbag.py:587} INFO - Filling up the DagBag from /home/airflow/.local/lib/python3.12/site-packages/airflow/example_dags/example_outlet_event_extra.py
[2026-08-08T17:33:16.291+0000] {processor.py:925} INFO - DAG(s) 'dataset_with_extra_by_context', 'dataset_with_extra_by_yield', 'dataset_with_extra_from_classic_operator' retrieved from /home/airflow/.local/lib/python3.12/site-packages/airflow/example_dags/example_outlet_event_extra.py
[2026-08-08T17:33:16.321+0000] {logging_mixin.py:190} INFO - [2026-08-08T17:33:16.321+0000] {dag.py:3211} INFO - Sync 3 DAGs
[2026-08-08T17:33:16.352+0000] {logging_mixin.py:190} INFO - [2026-08-08T17:33:16.352+0000] {dag.py:4138} INFO - Setting next_dagrun for dataset_with_extra_by_context to 2026-08-07 00:00:00+00:00, run_after=2026-08-08 00:00:00+00:00
[2026-08-08T17:33:16.357+0000] {logging_mixin.py:190} INFO - [2026-08-08T17:33:16.357+0000] {dag.py:4138} INFO - Setting next_dagrun for dataset_with_extra_by_yield to 2026-08-07 00:00:00+00:00, run_after=2026-08-08 00:00:00+00:00
[2026-08-08T17:33:16.360+0000] {logging_mixin.py:190} INFO - [2026-08-08T17:33:16.360+0000] {dag.py:4138} INFO - Setting next_dagrun for dataset_with_extra_from_classic_operator to 2026-08-07 00:00:00+00:00, run_after=2026-08-08 00:00:00+00:00
[2026-08-08T17:33:16.393+0000] {processor.py:208} INFO - Processing /home/airflow/.local/lib/python3.12/site-packages/airflow/example_dags/example_outlet_event_extra.py took 0.248 seconds
[2026-08-08T17:33:46.732+0000] {processor.py:186} INFO - Started process (PID=1157) to work on /home/airflow/.local/lib/python3.12/site-packages/airflow/example_dags/example_outlet_event_extra.py
[2026-08-08T17:33:46.734+0000] {processor.py:914} INFO - Processing file /home/airflow/.local/lib/python3.12/site-packages/airflow/example_dags/example_outlet_event_extra.py for tasks to queue
[2026-08-08T17:33:46.737+0000] {logging_mixin.py:190} INFO - [2026-08-08T17:33:46.737+0000] {dagbag.py:587} INFO - Filling up the DagBag from /home/airflow/.local/lib/python3.12/site-packages/airflow/example_dags/example_outlet_event_extra.py
[2026-08-08T17:33:46.865+0000] {processor.py:925} INFO - DAG(s) 'dataset_with_extra_by_yield', 'dataset_with_extra_by_context', 'dataset_with_extra_from_classic_operator' retrieved from /home/airflow/.local/lib/python3.12/site-packages/airflow/example_dags/example_outlet_event_extra.py
[2026-08-08T17:33:46.887+0000] {logging_mixin.py:190} INFO - [2026-08-08T17:33:46.887+0000] {dag.py:3211} INFO - Sync 3 DAGs
[2026-08-08T17:33:46.908+0000] {logging_mixin.py:190} INFO - [2026-08-08T17:33:46.908+0000] {dag.py:4138} INFO - Setting next_dagrun for dataset_with_extra_by_context to 2026-08-07 00:00:00+00:00, run_after=2026-08-08 00:00:00+00:00
[2026-08-08T17:33:46.912+0000] {logging_mixin.py:190} INFO - [2026-08-08T17:33:46.912+0000] {dag.py:4138} INFO - Setting next_dagrun for dataset_with_extra_by_yield to 2026-08-07 00:00:00+00:00, run_after=2026-08-08 00:00:00+00:00
[2026-08-08T17:33:46.914+0000] {logging_mixin.py:190} INFO - [2026-08-08T17:33:46.914+0000] {dag.py:4138} INFO - Setting next_dagrun for dataset_with_extra_from_classic_operator to 2026-08-07 00:00:00+00:00, run_after=2026-08-08 00:00:00+00:00
[2026-08-08T17:33:46.934+0000] {processor.py:208} INFO - Processing /home/airflow/.local/lib/python3.12/site-packages/airflow/example_dags/example_outlet_event_extra.py took 0.208 seconds
[2026-08-08T17:34:17.080+0000] {processor.py:186} INFO - Started process (PID=1220) to work on /home/airflow/.local/lib/python3.12/site-packages/airflow/example_dags/example_outlet_event_extra.py
[2026-08-08T17:34:17.082+0000] {processor.py:914} INFO - Processing file /home/airflow/.local/lib/python3.12/site-packages/airflow/example_dags/example_outlet_event_extra.py for tasks to queue
[2026-08-08T17:34:17.085+0000] {logging_mixin.py:190} INFO - [2026-08-08T17:34:17.084+0000] {dagbag.py:587} INFO - Filling up the DagBag from /home/airflow/.local/lib/python3.12/site-packages/airflow/example_dags/example_outlet_event_extra.py
[2026-08-08T17:34:17.204+0000] {processor.py:925} INFO - DAG(s) 'dataset_with_extra_from_classic_operator', 'dataset_with_extra_by_yield', 'dataset_with_extra_by_context' retrieved from /home/airflow/.local/lib/python3.12/site-packages/airflow/example_dags/example_outlet_event_extra.py
[2026-08-08T17:34:17.227+0000] {logging_mixin.py:190} INFO - [2026-08-08T17:34:17.227+0000] {dag.py:3211} INFO - Sync 3 DAGs
[2026-08-08T17:34:17.250+0000] {logging_mixin.py:190} INFO - [2026-08-08T17:34:17.250+0000] {dag.py:4138} INFO - Setting next_dagrun for dataset_with_extra_by_context to 2026-08-07 00:00:00+00:00, run_after=2026-08-08 00:00:00+00:00
[2026-08-08T17:34:17.254+0000] {logging_mixin.py:190} INFO - [2026-08-08T17:34:17.254+0000] {dag.py:4138} INFO - Setting next_dagrun for dataset_with_extra_by_yield to 2026-08-07 00:00:00+00:00, run_after=2026-08-08 00:00:00+00:00
[2026-08-08T17:34:17.256+0000] {logging_mixin.py:190} INFO - [2026-08-08T17:34:17.256+0000] {dag.py:4138} INFO - Setting next_dagrun for dataset_with_extra_from_classic_operator to 2026-08-07 00:00:00+00:00, run_after=2026-08-08 00:00:00+00:00
[2026-08-08T17:34:17.280+0000] {processor.py:208} INFO - Processing /home/airflow/.local/lib/python3.12/site-packages/airflow/example_dags/example_outlet_event_extra.py took 0.204 seconds
[2026-08-08T17:34:48.054+0000] {processor.py:186} INFO - Started process (PID=1283) to work on /home/airflow/.local/lib/python3.12/site-packages/airflow/example_dags/example_outlet_event_extra.py
[2026-08-08T17:34:48.055+0000] {processor.py:914} INFO - Processing file /home/airflow/.local/lib/python3.12/site-packages/airflow/example_dags/example_outlet_event_extra.py for tasks to queue
[2026-08-08T17:34:48.058+0000] {logging_mixin.py:190} INFO - [2026-08-08T17:34:48.057+0000] {dagbag.py:587} INFO - Filling up the DagBag from /home/airflow/.local/lib/python3.12/site-packages/airflow/example_dags/example_outlet_event_extra.py
[2026-08-08T17:34:48.173+0000] {processor.py:925} INFO - DAG(s) 'dataset_with_extra_by_context', 'dataset_with_extra_from_classic_operator', 'dataset_with_extra_by_yield' retrieved from /home/airflow/.local/lib/python3.12/site-packages/airflow/example_dags/example_outlet_event_extra.py
[2026-08-08T17:34:48.195+0000] {logging_mixin.py:190} INFO - [2026-08-08T17:34:48.195+0000] {dag.py:3211} INFO - Sync 3 DAGs
[2026-08-08T17:34:48.221+0000] {logging_mixin.py:190} INFO - [2026-08-08T17:34:48.220+0000] {dag.py:4138} INFO - Setting next_dagrun for dataset_with_extra_by_context to 2026-08-07 00:00:00+00:00, run_after=2026-08-08 00:00:00+00:00
[2026-08-08T17:34:48.225+0000] {logging_mixin.py:190} INFO - [2026-08-08T17:34:48.224+0000] {dag.py:4138} INFO - Setting next_dagrun for dataset_with_extra_by_yield to 2026-08-07 00:00:00+00:00, run_after=2026-08-08 00:00:00+00:00
[2026-08-08T17:34:48.226+0000] {logging_mixin.py:190} INFO - [2026-08-08T17:34:48.226+0000] {dag.py:4138} INFO - Setting next_dagrun for dataset_with_extra_from_classic_operator to 2026-08-07 00:00:00+00:00, run_after=2026-08-08 00:00:00+00:00
[2026-08-08T17:34:48.246+0000] {processor.py:208} INFO - Processing /home/airflow/.local/lib/python3.12/site-packages/airflow/example_dags/example_outlet_event_extra.py took 0.198 seconds
[2026-08-08T17:35:18.581+0000] {processor.py:186} INFO - Started process (PID=1346) to work on /home/airflow/.local/lib/python3.12/site-packages/airflow/example_dags/example_outlet_event_extra.py
[2026-08-08T17:35:18.582+0000] {processor.py:914} INFO - Processing file /home/airflow/.local/lib/python3.12/site-packages/airflow/example_dags/example_outlet_event_extra.py for tasks to queue
[2026-08-08T17:35:18.585+0000] {logging_mixin.py:190} INFO - [2026-08-08T17:35:18.585+0000] {dagbag.py:587} INFO - Filling up the DagBag from /home/airflow/.local/lib/python3.12/site-packages/airflow/example_dags/example_outlet_event_extra.py
[2026-08-08T17:35:18.717+0000] {processor.py:925} INFO - DAG(s) 'dataset_with_extra_by_context', 'dataset_with_extra_by_yield', 'dataset_with_extra_from_classic_operator' retrieved from /home/airflow/.local/lib/python3.12/site-packages/airflow/example_dags/example_outlet_event_extra.py
[2026-08-08T17:35:18.742+0000] {logging_mixin.py:190} INFO - [2026-08-08T17:35:18.742+0000] {dag.py:3211} INFO - Sync 3 DAGs
[2026-08-08T17:35:18.766+0000] {logging_mixin.py:190} INFO - [2026-08-08T17:35:18.766+0000] {dag.py:4138} INFO - Setting next_dagrun for dataset_with_extra_by_context to 2026-08-07 00:00:00+00:00, run_after=2026-08-08 00:00:00+00:00
[2026-08-08T17:35:18.770+0000] {logging_mixin.py:190} INFO - [2026-08-08T17:35:18.770+0000] {dag.py:4138} INFO - Setting next_dagrun for dataset_with_extra_by_yield to 2026-08-07 00:00:00+00:00, run_after=2026-08-08 00:00:00+00:00
[2026-08-08T17:35:18.772+0000] {logging_mixin.py:190} INFO - [2026-08-08T17:35:18.772+0000] {dag.py:4138} INFO - Setting next_dagrun for dataset_with_extra_from_classic_operator to 2026-08-07 00:00:00+00:00, run_after=2026-08-08 00:00:00+00:00
[2026-08-08T17:35:18.797+0000] {processor.py:208} INFO - Processing /home/airflow/.local/lib/python3.12/site-packages/airflow/example_dags/example_outlet_event_extra.py took 0.223 seconds
[2026-08-08T17:35:49.528+0000] {processor.py:186} INFO - Started process (PID=1409) to work on /home/airflow/.local/lib/python3.12/site-packages/airflow/example_dags/example_outlet_event_extra.py
[2026-08-08T17:35:49.530+0000] {processor.py:914} INFO - Processing file /home/airflow/.local/lib/python3.12/site-packages/airflow/example_dags/example_outlet_event_extra.py for tasks to queue
[2026-08-08T17:35:49.532+0000] {logging_mixin.py:190} INFO - [2026-08-08T17:35:49.532+0000] {dagbag.py:587} INFO - Filling up the DagBag from /home/airflow/.local/lib/python3.12/site-packages/airflow/example_dags/example_outlet_event_extra.py
[2026-08-08T17:35:49.665+0000] {processor.py:925} INFO - DAG(s) 'dataset_with_extra_by_yield', 'dataset_with_extra_from_classic_operator', 'dataset_with_extra_by_context' retrieved from /home/airflow/.local/lib/python3.12/site-packages/airflow/example_dags/example_outlet_event_extra.py
[2026-08-08T17:35:49.691+0000] {logging_mixin.py:190} INFO - [2026-08-08T17:35:49.691+0000] {dag.py:3211} INFO - Sync 3 DAGs
[2026-08-08T17:35:49.714+0000] {logging_mixin.py:190} INFO - [2026-08-08T17:35:49.714+0000] {dag.py:4138} INFO - Setting next_dagrun for dataset_with_extra_by_context to 2026-08-07 00:00:00+00:00, run_after=2026-08-08 00:00:00+00:00
[2026-08-08T17:35:49.718+0000] {logging_mixin.py:190} INFO - [2026-08-08T17:35:49.718+0000] {dag.py:4138} INFO - Setting next_dagrun for dataset_with_extra_by_yield to 2026-08-07 00:00:00+00:00, run_after=2026-08-08 00:00:00+00:00
[2026-08-08T17:35:49.720+0000] {logging_mixin.py:190} INFO - [2026-08-08T17:35:49.719+0000] {dag.py:4138} INFO - Setting next_dagrun for dataset_with_extra_from_classic_operator to 2026-08-07 00:00:00+00:00, run_after=2026-08-08 00:00:00+00:00
[2026-08-08T17:35:49.744+0000] {processor.py:208} INFO - Processing /home/airflow/.local/lib/python3.12/site-packages/airflow/example_dags/example_outlet_event_extra.py took 0.222 seconds
[2026-08-08T17:36:20.011+0000] {processor.py:186} INFO - Started process (PID=1472) to work on /home/airflow/.local/lib/python3.12/site-packages/airflow/example_dags/example_outlet_event_extra.py
[2026-08-08T17:36:20.012+0000] {processor.py:914} INFO - Processing file /home/airflow/.local/lib/python3.12/site-packages/airflow/example_dags/example_outlet_event_extra.py for tasks to queue
[2026-08-08T17:36:20.016+0000] {logging_mixin.py:190} INFO - [2026-08-08T17:36:20.015+0000] {dagbag.py:587} INFO - Filling up the DagBag from /home/airflow/.local/lib/python3.12/site-packages/airflow/example_dags/example_outlet_event_extra.py
[2026-08-08T17:36:20.160+0000] {processor.py:925} INFO - DAG(s) 'dataset_with_extra_from_classic_operator', 'dataset_with_extra_by_context', 'dataset_with_extra_by_yield' retrieved from /home/airflow/.local/lib/python3.12/site-packages/airflow/example_dags/example_outlet_event_extra.py
[2026-08-08T17:36:20.192+0000] {logging_mixin.py:190} INFO - [2026-08-08T17:36:20.192+0000] {dag.py:3211} INFO - Sync 3 DAGs
[2026-08-08T17:36:20.222+0000] {logging_mixin.py:190} INFO - [2026-08-08T17:36:20.221+0000] {dag.py:4138} INFO - Setting next_dagrun for dataset_with_extra_by_context to 2026-08-07 00:00:00+00:00, run_after=2026-08-08 00:00:00+00:00
[2026-08-08T17:36:20.226+0000] {logging_mixin.py:190} INFO - [2026-08-08T17:36:20.226+0000] {dag.py:4138} INFO - Setting next_dagrun for dataset_with_extra_by_yield to 2026-08-07 00:00:00+00:00, run_after=2026-08-08 00:00:00+00:00
[2026-08-08T17:36:20.230+0000] {logging_mixin.py:190} INFO - [2026-08-08T17:36:20.230+0000] {dag.py:4138} INFO - Setting next_dagrun for dataset_with_extra_from_classic_operator to 2026-08-07 00:00:00+00:00, run_after=2026-08-08 00:00:00+00:00
[2026-08-08T17:36:20.252+0000] {processor.py:208} INFO - Processing /home/airflow/.local/lib/python3.12/site-packages/airflow/example_dags/example_outlet_event_extra.py took 0.248 seconds
[2026-08-08T17:38:14.567+0000] {processor.py:186} INFO - Started process (PID=68) to work on /home/airflow/.local/lib/python3.12/site-packages/airflow/example_dags/example_outlet_event_extra.py
[2026-08-08T17:38:14.569+0000] {processor.py:914} INFO - Processing file /home/airflow/.local/lib/python3.12/site-packages/airflow/example_dags/example_outlet_event_extra.py for tasks to queue
[2026-08-08T17:38:14.572+0000] {logging_mixin.py:190} INFO - [2026-08-08T17:38:14.571+0000] {dagbag.py:587} INFO - Filling up the DagBag from /home/airflow/.local/lib/python3.12/site-packages/airflow/example_dags/example_outlet_event_extra.py
[2026-08-08T17:38:14.678+0000] {processor.py:925} INFO - DAG(s) 'dataset_with_extra_from_classic_operator', 'dataset_with_extra_by_context', 'dataset_with_extra_by_yield' retrieved from /home/airflow/.local/lib/python3.12/site-packages/airflow/example_dags/example_outlet_event_extra.py
[2026-08-08T17:38:14.705+0000] {logging_mixin.py:190} INFO - [2026-08-08T17:38:14.705+0000] {dag.py:3211} INFO - Sync 3 DAGs
[2026-08-08T17:38:14.725+0000] {logging_mixin.py:190} INFO - [2026-08-08T17:38:14.725+0000] {dag.py:4138} INFO - Setting next_dagrun for dataset_with_extra_by_context to 2026-08-07 00:00:00+00:00, run_after=2026-08-08 00:00:00+00:00
[2026-08-08T17:38:14.730+0000] {logging_mixin.py:190} INFO - [2026-08-08T17:38:14.730+0000] {dag.py:4138} INFO - Setting next_dagrun for dataset_with_extra_by_yield to 2026-08-07 00:00:00+00:00, run_after=2026-08-08 00:00:00+00:00
[2026-08-08T17:38:14.732+0000] {logging_mixin.py:190} INFO - [2026-08-08T17:38:14.732+0000] {dag.py:4138} INFO - Setting next_dagrun for dataset_with_extra_from_classic_operator to 2026-08-07 00:00:00+00:00, run_after=2026-08-08 00:00:00+00:00
[2026-08-08T17:38:14.750+0000] {processor.py:208} INFO - Processing /home/airflow/.local/lib/python3.12/site-packages/airflow/example_dags/example_outlet_event_extra.py took 0.188 seconds
[2026-08-08T17:38:45.377+0000] {processor.py:186} INFO - Started process (PID=137) to work on /home/airflow/.local/lib/python3.12/site-packages/airflow/example_dags/example_outlet_event_extra.py
[2026-08-08T17:38:45.378+0000] {processor.py:914} INFO - Processing file /home/airflow/.local/lib/python3.12/site-packages/airflow/example_dags/example_outlet_event_extra.py for tasks to queue
[2026-08-08T17:38:45.381+0000] {logging_mixin.py:190} INFO - [2026-08-08T17:38:45.381+0000] {dagbag.py:587} INFO - Filling up the DagBag from /home/airflow/.local/lib/python3.12/site-packages/airflow/example_dags/example_outlet_event_extra.py
[2026-08-08T17:38:45.564+0000] {processor.py:925} INFO - DAG(s) 'dataset_with_extra_by_yield', 'dataset_with_extra_by_context', 'dataset_with_extra_from_classic_operator' retrieved from /home/airflow/.local/lib/python3.12/site-packages/airflow/example_dags/example_outlet_event_extra.py
[2026-08-08T17:38:45.604+0000] {logging_mixin.py:190} INFO - [2026-08-08T17:38:45.603+0000] {dag.py:3211} INFO - Sync 3 DAGs
[2026-08-08T17:38:45.638+0000] {logging_mixin.py:190} INFO - [2026-08-08T17:38:45.638+0000] {dag.py:4138} INFO - Setting next_dagrun for dataset_with_extra_by_context to 2026-08-07 00:00:00+00:00, run_after=2026-08-08 00:00:00+00:00
[2026-08-08T17:38:45.644+0000] {logging_mixin.py:190} INFO - [2026-08-08T17:38:45.644+0000] {dag.py:4138} INFO - Setting next_dagrun for dataset_with_extra_by_yield to 2026-08-07 00:00:00+00:00, run_after=2026-08-08 00:00:00+00:00
[2026-08-08T17:38:45.647+0000] {logging_mixin.py:190} INFO - [2026-08-08T17:38:45.647+0000] {dag.py:4138} INFO - Setting next_dagrun for dataset_with_extra_from_classic_operator to 2026-08-07 00:00:00+00:00, run_after=2026-08-08 00:00:00+00:00
[2026-08-08T17:38:45.674+0000] {processor.py:208} INFO - Processing /home/airflow/.local/lib/python3.12/site-packages/airflow/example_dags/example_outlet_event_extra.py took 0.305 seconds
[2026-08-08T17:39:15.887+0000] {processor.py:186} INFO - Started process (PID=200) to work on /home/airflow/.local/lib/python3.12/site-packages/airflow/example_dags/example_outlet_event_extra.py
[2026-08-08T17:39:15.888+0000] {processor.py:914} INFO - Processing file /home/airflow/.local/lib/python3.12/site-packages/airflow/example_dags/example_outlet_event_extra.py for tasks to queue
[2026-08-08T17:39:15.890+0000] {logging_mixin.py:190} INFO - [2026-08-08T17:39:15.890+0000] {dagbag.py:587} INFO - Filling up the DagBag from /home/airflow/.local/lib/python3.12/site-packages/airflow/example_dags/example_outlet_event_extra.py
[2026-08-08T17:39:16.013+0000] {processor.py:925} INFO - DAG(s) 'dataset_with_extra_from_classic_operator', 'dataset_with_extra_by_yield', 'dataset_with_extra_by_context' retrieved from /home/airflow/.local/lib/python3.12/site-packages/airflow/example_dags/example_outlet_event_extra.py
[2026-08-08T17:39:16.034+0000] {logging_mixin.py:190} INFO - [2026-08-08T17:39:16.033+0000] {dag.py:3211} INFO - Sync 3 DAGs
[2026-08-08T17:39:16.057+0000] {logging_mixin.py:190} INFO - [2026-08-08T17:39:16.057+0000] {dag.py:4138} INFO - Setting next_dagrun for dataset_with_extra_by_context to 2026-08-07 00:00:00+00:00, run_after=2026-08-08 00:00:00+00:00
[2026-08-08T17:39:16.062+0000] {logging_mixin.py:190} INFO - [2026-08-08T17:39:16.062+0000] {dag.py:4138} INFO - Setting next_dagrun for dataset_with_extra_by_yield to 2026-08-07 00:00:00+00:00, run_after=2026-08-08 00:00:00+00:00
[2026-08-08T17:39:16.066+0000] {logging_mixin.py:190} INFO - [2026-08-08T17:39:16.066+0000] {dag.py:4138} INFO - Setting next_dagrun for dataset_with_extra_from_classic_operator to 2026-08-07 00:00:00+00:00, run_after=2026-08-08 00:00:00+00:00
[2026-08-08T17:39:16.087+0000] {processor.py:208} INFO - Processing /home/airflow/.local/lib/python3.12/site-packages/airflow/example_dags/example_outlet_event_extra.py took 0.207 seconds
[2026-08-08T17:39:46.980+0000] {processor.py:186} INFO - Started process (PID=263) to work on /home/airflow/.local/lib/python3.12/site-packages/airflow/example_dags/example_outlet_event_extra.py
[2026-08-08T17:39:46.981+0000] {processor.py:914} INFO - Processing file /home/airflow/.local/lib/python3.12/site-packages/airflow/example_dags/example_outlet_event_extra.py for tasks to queue
[2026-08-08T17:39:46.983+0000] {logging_mixin.py:190} INFO - [2026-08-08T17:39:46.983+0000] {dagbag.py:587} INFO - Filling up the DagBag from /home/airflow/.local/lib/python3.12/site-packages/airflow/example_dags/example_outlet_event_extra.py
[2026-08-08T17:39:47.109+0000] {processor.py:925} INFO - DAG(s) 'dataset_with_extra_by_yield', 'dataset_with_extra_by_context', 'dataset_with_extra_from_classic_operator' retrieved from /home/airflow/.local/lib/python3.12/site-packages/airflow/example_dags/example_outlet_event_extra.py
[2026-08-08T17:39:47.131+0000] {logging_mixin.py:190} INFO - [2026-08-08T17:39:47.130+0000] {dag.py:3211} INFO - Sync 3 DAGs
[2026-08-08T17:39:47.153+0000] {logging_mixin.py:190} INFO - [2026-08-08T17:39:47.153+0000] {dag.py:4138} INFO - Setting next_dagrun for dataset_with_extra_by_context to 2026-08-07 00:00:00+00:00, run_after=2026-08-08 00:00:00+00:00
[2026-08-08T17:39:47.158+0000] {logging_mixin.py:190} INFO - [2026-08-08T17:39:47.158+0000] {dag.py:4138} INFO - Setting next_dagrun for dataset_with_extra_by_yield to 2026-08-07 00:00:00+00:00, run_after=2026-08-08 00:00:00+00:00
[2026-08-08T17:39:47.160+0000] {logging_mixin.py:190} INFO - [2026-08-08T17:39:47.160+0000] {dag.py:4138} INFO - Setting next_dagrun for dataset_with_extra_from_classic_operator to 2026-08-07 00:00:00+00:00, run_after=2026-08-08 00:00:00+00:00
[2026-08-08T17:39:47.184+0000] {processor.py:208} INFO - Processing /home/airflow/.local/lib/python3.12/site-packages/airflow/example_dags/example_outlet_event_extra.py took 0.211 seconds
[2026-08-08T17:42:38.376+0000] {processor.py:186} INFO - Started process (PID=86) to work on /home/airflow/.local/lib/python3.12/site-packages/airflow/example_dags/example_outlet_event_extra.py
[2026-08-08T17:42:38.378+0000] {processor.py:914} INFO - Processing file /home/airflow/.local/lib/python3.12/site-packages/airflow/example_dags/example_outlet_event_extra.py for tasks to queue
[2026-08-08T17:42:38.383+0000] {logging_mixin.py:190} INFO - [2026-08-08T17:42:38.382+0000] {dagbag.py:587} INFO - Filling up the DagBag from /home/airflow/.local/lib/python3.12/site-packages/airflow/example_dags/example_outlet_event_extra.py
[2026-08-08T17:42:38.634+0000] {processor.py:925} INFO - DAG(s) 'dataset_with_extra_by_yield', 'dataset_with_extra_from_classic_operator', 'dataset_with_extra_by_context' retrieved from /home/airflow/.local/lib/python3.12/site-packages/airflow/example_dags/example_outlet_event_extra.py
[2026-08-08T17:42:38.676+0000] {logging_mixin.py:190} INFO - [2026-08-08T17:42:38.675+0000] {dag.py:3211} INFO - Sync 3 DAGs
[2026-08-08T17:42:38.705+0000] {logging_mixin.py:190} INFO - [2026-08-08T17:42:38.705+0000] {dag.py:4138} INFO - Setting next_dagrun for dataset_with_extra_by_context to 2026-08-07 00:00:00+00:00, run_after=2026-08-08 00:00:00+00:00
[2026-08-08T17:42:38.713+0000] {logging_mixin.py:190} INFO - [2026-08-08T17:42:38.712+0000] {dag.py:4138} INFO - Setting next_dagrun for dataset_with_extra_by_yield to 2026-08-07 00:00:00+00:00, run_after=2026-08-08 00:00:00+00:00
[2026-08-08T17:42:38.716+0000] {logging_mixin.py:190} INFO - [2026-08-08T17:42:38.716+0000] {dag.py:4138} INFO - Setting next_dagrun for dataset_with_extra_from_classic_operator to 2026-08-07 00:00:00+00:00, run_after=2026-08-08 00:00:00+00:00
[2026-08-08T17:42:38.748+0000] {processor.py:208} INFO - Processing /home/airflow/.local/lib/python3.12/site-packages/airflow/example_dags/example_outlet_event_extra.py took 0.381 seconds
[2026-08-08T17:43:08.967+0000] {processor.py:186} INFO - Started process (PID=149) to work on /home/airflow/.local/lib/python3.12/site-packages/airflow/example_dags/example_outlet_event_extra.py
[2026-08-08T17:43:08.969+0000] {processor.py:914} INFO - Processing file /home/airflow/.local/lib/python3.12/site-packages/airflow/example_dags/example_outlet_event_extra.py for tasks to queue
[2026-08-08T17:43:08.972+0000] {logging_mixin.py:190} INFO - [2026-08-08T17:43:08.972+0000] {dagbag.py:587} INFO - Filling up the DagBag from /home/airflow/.local/lib/python3.12/site-packages/airflow/example_dags/example_outlet_event_extra.py
[2026-08-08T17:43:09.175+0000] {processor.py:925} INFO - DAG(s) 'dataset_with_extra_by_yield', 'dataset_with_extra_from_classic_operator', 'dataset_with_extra_by_context' retrieved from /home/airflow/.local/lib/python3.12/site-packages/airflow/example_dags/example_outlet_event_extra.py
[2026-08-08T17:43:09.214+0000] {logging_mixin.py:190} INFO - [2026-08-08T17:43:09.214+0000] {dag.py:3211} INFO - Sync 3 DAGs
[2026-08-08T17:43:09.250+0000] {logging_mixin.py:190} INFO - [2026-08-08T17:43:09.249+0000] {dag.py:4138} INFO - Setting next_dagrun for dataset_with_extra_by_context to 2026-08-07 00:00:00+00:00, run_after=2026-08-08 00:00:00+00:00
[2026-08-08T17:43:09.256+0000] {logging_mixin.py:190} INFO - [2026-08-08T17:43:09.256+0000] {dag.py:4138} INFO - Setting next_dagrun for dataset_with_extra_by_yield to 2026-08-07 00:00:00+00:00, run_after=2026-08-08 00:00:00+00:00
[2026-08-08T17:43:09.260+0000] {logging_mixin.py:190} INFO - [2026-08-08T17:43:09.260+0000] {dag.py:4138} INFO - Setting next_dagrun for dataset_with_extra_from_classic_operator to 2026-08-07 00:00:00+00:00, run_after=2026-08-08 00:00:00+00:00
[2026-08-08T17:43:09.290+0000] {processor.py:208} INFO - Processing /home/airflow/.local/lib/python3.12/site-packages/airflow/example_dags/example_outlet_event_extra.py took 0.333 seconds
[2026-08-08T17:43:39.602+0000] {processor.py:186} INFO - Started process (PID=212) to work on /home/airflow/.local/lib/python3.12/site-packages/airflow/example_dags/example_outlet_event_extra.py
[2026-08-08T17:43:39.605+0000] {processor.py:914} INFO - Processing file /home/airflow/.local/lib/python3.12/site-packages/airflow/example_dags/example_outlet_event_extra.py for tasks to queue
[2026-08-08T17:43:39.611+0000] {logging_mixin.py:190} INFO - [2026-08-08T17:43:39.610+0000] {dagbag.py:587} INFO - Filling up the DagBag from /home/airflow/.local/lib/python3.12/site-packages/airflow/example_dags/example_outlet_event_extra.py
[2026-08-08T17:43:39.806+0000] {processor.py:925} INFO - DAG(s) 'dataset_with_extra_from_classic_operator', 'dataset_with_extra_by_yield', 'dataset_with_extra_by_context' retrieved from /home/airflow/.local/lib/python3.12/site-packages/airflow/example_dags/example_outlet_event_extra.py
[2026-08-08T17:43:39.844+0000] {logging_mixin.py:190} INFO - [2026-08-08T17:43:39.843+0000] {dag.py:3211} INFO - Sync 3 DAGs
[2026-08-08T17:43:39.885+0000] {logging_mixin.py:190} INFO - [2026-08-08T17:43:39.884+0000] {dag.py:4138} INFO - Setting next_dagrun for dataset_with_extra_by_context to 2026-08-07 00:00:00+00:00, run_after=2026-08-08 00:00:00+00:00
[2026-08-08T17:43:39.891+0000] {logging_mixin.py:190} INFO - [2026-08-08T17:43:39.891+0000] {dag.py:4138} INFO - Setting next_dagrun for dataset_with_extra_by_yield to 2026-08-07 00:00:00+00:00, run_after=2026-08-08 00:00:00+00:00
[2026-08-08T17:43:39.895+0000] {logging_mixin.py:190} INFO - [2026-08-08T17:43:39.894+0000] {dag.py:4138} INFO - Setting next_dagrun for dataset_with_extra_from_classic_operator to 2026-08-07 00:00:00+00:00, run_after=2026-08-08 00:00:00+00:00
[2026-08-08T17:43:39.928+0000] {processor.py:208} INFO - Processing /home/airflow/.local/lib/python3.12/site-packages/airflow/example_dags/example_outlet_event_extra.py took 0.335 seconds
[2026-08-08T17:44:10.115+0000] {processor.py:186} INFO - Started process (PID=275) to work on /home/airflow/.local/lib/python3.12/site-packages/airflow/example_dags/example_outlet_event_extra.py
[2026-08-08T17:44:10.116+0000] {processor.py:914} INFO - Processing file /home/airflow/.local/lib/python3.12/site-packages/airflow/example_dags/example_outlet_event_extra.py for tasks to queue
[2026-08-08T17:44:10.119+0000] {logging_mixin.py:190} INFO - [2026-08-08T17:44:10.119+0000] {dagbag.py:587} INFO - Filling up the DagBag from /home/airflow/.local/lib/python3.12/site-packages/airflow/example_dags/example_outlet_event_extra.py
[2026-08-08T17:44:10.266+0000] {processor.py:925} INFO - DAG(s) 'dataset_with_extra_by_yield', 'dataset_with_extra_from_classic_operator', 'dataset_with_extra_by_context' retrieved from /home/airflow/.local/lib/python3.12/site-packages/airflow/example_dags/example_outlet_event_extra.py
[2026-08-08T17:44:10.284+0000] {logging_mixin.py:190} INFO - [2026-08-08T17:44:10.284+0000] {dag.py:3211} INFO - Sync 3 DAGs
[2026-08-08T17:44:10.301+0000] {logging_mixin.py:190} INFO - [2026-08-08T17:44:10.301+0000] {dag.py:4138} INFO - Setting next_dagrun for dataset_with_extra_by_context to 2026-08-07 00:00:00+00:00, run_after=2026-08-08 00:00:00+00:00
[2026-08-08T17:44:10.304+0000] {logging_mixin.py:190} INFO - [2026-08-08T17:44:10.304+0000] {dag.py:4138} INFO - Setting next_dagrun for dataset_with_extra_by_yield to 2026-08-07 00:00:00+00:00, run_after=2026-08-08 00:00:00+00:00
[2026-08-08T17:44:10.306+0000] {logging_mixin.py:190} INFO - [2026-08-08T17:44:10.306+0000] {dag.py:4138} INFO - Setting next_dagrun for dataset_with_extra_from_classic_operator to 2026-08-07 00:00:00+00:00, run_after=2026-08-08 00:00:00+00:00
[2026-08-08T17:44:10.327+0000] {processor.py:208} INFO - Processing /home/airflow/.local/lib/python3.12/site-packages/airflow/example_dags/example_outlet_event_extra.py took 0.218 seconds
[2026-08-08T17:44:40.563+0000] {processor.py:186} INFO - Started process (PID=338) to work on /home/airflow/.local/lib/python3.12/site-packages/airflow/example_dags/example_outlet_event_extra.py
[2026-08-08T17:44:40.564+0000] {processor.py:914} INFO - Processing file /home/airflow/.local/lib/python3.12/site-packages/airflow/example_dags/example_outlet_event_extra.py for tasks to queue
[2026-08-08T17:44:40.567+0000] {logging_mixin.py:190} INFO - [2026-08-08T17:44:40.567+0000] {dagbag.py:587} INFO - Filling up the DagBag from /home/airflow/.local/lib/python3.12/site-packages/airflow/example_dags/example_outlet_event_extra.py
[2026-08-08T17:44:40.689+0000] {processor.py:925} INFO - DAG(s) 'dataset_with_extra_by_yield', 'dataset_with_extra_by_context', 'dataset_with_extra_from_classic_operator' retrieved from /home/airflow/.local/lib/python3.12/site-packages/airflow/example_dags/example_outlet_event_extra.py
[2026-08-08T17:44:40.711+0000] {logging_mixin.py:190} INFO - [2026-08-08T17:44:40.711+0000] {dag.py:3211} INFO - Sync 3 DAGs
[2026-08-08T17:44:40.733+0000] {logging_mixin.py:190} INFO - [2026-08-08T17:44:40.732+0000] {dag.py:4138} INFO - Setting next_dagrun for dataset_with_extra_by_context to 2026-08-07 00:00:00+00:00, run_after=2026-08-08 00:00:00+00:00
[2026-08-08T17:44:40.738+0000] {logging_mixin.py:190} INFO - [2026-08-08T17:44:40.738+0000] {dag.py:4138} INFO - Setting next_dagrun for dataset_with_extra_by_yield to 2026-08-07 00:00:00+00:00, run_after=2026-08-08 00:00:00+00:00
[2026-08-08T17:44:40.740+0000] {logging_mixin.py:190} INFO - [2026-08-08T17:44:40.740+0000] {dag.py:4138} INFO - Setting next_dagrun for dataset_with_extra_from_classic_operator to 2026-08-07 00:00:00+00:00, run_after=2026-08-08 00:00:00+00:00
[2026-08-08T17:44:40.759+0000] {processor.py:208} INFO - Processing /home/airflow/.local/lib/python3.12/site-packages/airflow/example_dags/example_outlet_event_extra.py took 0.201 seconds
[2026-08-08T17:45:10.832+0000] {processor.py:186} INFO - Started process (PID=401) to work on /home/airflow/.local/lib/python3.12/site-packages/airflow/example_dags/example_outlet_event_extra.py
[2026-08-08T17:45:10.833+0000] {processor.py:914} INFO - Processing file /home/airflow/.local/lib/python3.12/site-packages/airflow/example_dags/example_outlet_event_extra.py for tasks to queue
[2026-08-08T17:45:10.836+0000] {logging_mixin.py:190} INFO - [2026-08-08T17:45:10.836+0000] {dagbag.py:587} INFO - Filling up the DagBag from /home/airflow/.local/lib/python3.12/site-packages/airflow/example_dags/example_outlet_event_extra.py
[2026-08-08T17:45:10.953+0000] {processor.py:925} INFO - DAG(s) 'dataset_with_extra_from_classic_operator', 'dataset_with_extra_by_yield', 'dataset_with_extra_by_context' retrieved from /home/airflow/.local/lib/python3.12/site-packages/airflow/example_dags/example_outlet_event_extra.py
[2026-08-08T17:45:10.975+0000] {logging_mixin.py:190} INFO - [2026-08-08T17:45:10.975+0000] {dag.py:3211} INFO - Sync 3 DAGs
[2026-08-08T17:45:10.997+0000] {logging_mixin.py:190} INFO - [2026-08-08T17:45:10.997+0000] {dag.py:4138} INFO - Setting next_dagrun for dataset_with_extra_by_context to 2026-08-07 00:00:00+00:00, run_after=2026-08-08 00:00:00+00:00
[2026-08-08T17:45:11.001+0000] {logging_mixin.py:190} INFO - [2026-08-08T17:45:11.001+0000] {dag.py:4138} INFO - Setting next_dagrun for dataset_with_extra_by_yield to 2026-08-07 00:00:00+00:00, run_after=2026-08-08 00:00:00+00:00
[2026-08-08T17:45:11.003+0000] {logging_mixin.py:190} INFO - [2026-08-08T17:45:11.003+0000] {dag.py:4138} INFO - Setting next_dagrun for dataset_with_extra_from_classic_operator to 2026-08-07 00:00:00+00:00, run_after=2026-08-08 00:00:00+00:00
[2026-08-08T17:45:11.025+0000] {processor.py:208} INFO - Processing /home/airflow/.local/lib/python3.12/site-packages/airflow/example_dags/example_outlet_event_extra.py took 0.200 seconds
[2026-08-08T17:45:41.130+0000] {processor.py:186} INFO - Started process (PID=464) to work on /home/airflow/.local/lib/python3.12/site-packages/airflow/example_dags/example_outlet_event_extra.py
[2026-08-08T17:45:41.132+0000] {processor.py:914} INFO - Processing file /home/airflow/.local/lib/python3.12/site-packages/airflow/example_dags/example_outlet_event_extra.py for tasks to queue
[2026-08-08T17:45:41.134+0000] {logging_mixin.py:190} INFO - [2026-08-08T17:45:41.134+0000] {dagbag.py:587} INFO - Filling up the DagBag from /home/airflow/.local/lib/python3.12/site-packages/airflow/example_dags/example_outlet_event_extra.py
[2026-08-08T17:45:41.299+0000] {processor.py:925} INFO - DAG(s) 'dataset_with_extra_from_classic_operator', 'dataset_with_extra_by_yield', 'dataset_with_extra_by_context' retrieved from /home/airflow/.local/lib/python3.12/site-packages/airflow/example_dags/example_outlet_event_extra.py
[2026-08-08T17:45:41.328+0000] {logging_mixin.py:190} INFO - [2026-08-08T17:45:41.327+0000] {dag.py:3211} INFO - Sync 3 DAGs
[2026-08-08T17:45:41.352+0000] {logging_mixin.py:190} INFO - [2026-08-08T17:45:41.352+0000] {dag.py:4138} INFO - Setting next_dagrun for dataset_with_extra_by_context to 2026-08-07 00:00:00+00:00, run_after=2026-08-08 00:00:00+00:00
[2026-08-08T17:45:41.358+0000] {logging_mixin.py:190} INFO - [2026-08-08T17:45:41.358+0000] {dag.py:4138} INFO - Setting next_dagrun for dataset_with_extra_by_yield to 2026-08-07 00:00:00+00:00, run_after=2026-08-08 00:00:00+00:00
[2026-08-08T17:45:41.360+0000] {logging_mixin.py:190} INFO - [2026-08-08T17:45:41.360+0000] {dag.py:4138} INFO - Setting next_dagrun for dataset_with_extra_from_classic_operator to 2026-08-07 00:00:00+00:00, run_after=2026-08-08 00:00:00+00:00
[2026-08-08T17:45:41.382+0000] {processor.py:208} INFO - Processing /home/airflow/.local/lib/python3.12/site-packages/airflow/example_dags/example_outlet_event_extra.py took 0.260 seconds
[2026-08-08T17:47:12.022+0000] {processor.py:186} INFO - Started process (PID=81) to work on /home/airflow/.local/lib/python3.12/site-packages/airflow/example_dags/example_outlet_event_extra.py
[2026-08-08T17:47:12.024+0000] {processor.py:914} INFO - Processing file /home/airflow/.local/lib/python3.12/site-packages/airflow/example_dags/example_outlet_event_extra.py for tasks to queue
[2026-08-08T17:47:12.027+0000] {logging_mixin.py:190} INFO - [2026-08-08T17:47:12.026+0000] {dagbag.py:587} INFO - Filling up the DagBag from /home/airflow/.local/lib/python3.12/site-packages/airflow/example_dags/example_outlet_event_extra.py
[2026-08-08T17:47:12.200+0000] {processor.py:925} INFO - DAG(s) 'dataset_with_extra_by_context', 'dataset_with_extra_by_yield', 'dataset_with_extra_from_classic_operator' retrieved from /home/airflow/.local/lib/python3.12/site-packages/airflow/example_dags/example_outlet_event_extra.py
[2026-08-08T17:47:12.232+0000] {logging_mixin.py:190} INFO - [2026-08-08T17:47:12.232+0000] {dag.py:3211} INFO - Sync 3 DAGs
[2026-08-08T17:47:12.257+0000] {logging_mixin.py:190} INFO - [2026-08-08T17:47:12.257+0000] {dag.py:4138} INFO - Setting next_dagrun for dataset_with_extra_by_context to 2026-08-07 00:00:00+00:00, run_after=2026-08-08 00:00:00+00:00
[2026-08-08T17:47:12.262+0000] {logging_mixin.py:190} INFO - [2026-08-08T17:47:12.261+0000] {dag.py:4138} INFO - Setting next_dagrun for dataset_with_extra_by_yield to 2026-08-07 00:00:00+00:00, run_after=2026-08-08 00:00:00+00:00
[2026-08-08T17:47:12.265+0000] {logging_mixin.py:190} INFO - [2026-08-08T17:47:12.265+0000] {dag.py:4138} INFO - Setting next_dagrun for dataset_with_extra_from_classic_operator to 2026-08-07 00:00:00+00:00, run_after=2026-08-08 00:00:00+00:00
[2026-08-08T17:47:12.288+0000] {processor.py:208} INFO - Processing /home/airflow/.local/lib/python3.12/site-packages/airflow/example_dags/example_outlet_event_extra.py took 0.272 seconds
[2026-08-08T17:47:42.987+0000] {processor.py:186} INFO - Started process (PID=144) to work on /home/airflow/.local/lib/python3.12/site-packages/airflow/example_dags/example_outlet_event_extra.py
[2026-08-08T17:47:42.989+0000] {processor.py:914} INFO - Processing file /home/airflow/.local/lib/python3.12/site-packages/airflow/example_dags/example_outlet_event_extra.py for tasks to queue
[2026-08-08T17:47:42.994+0000] {logging_mixin.py:190} INFO - [2026-08-08T17:47:42.993+0000] {dagbag.py:587} INFO - Filling up the DagBag from /home/airflow/.local/lib/python3.12/site-packages/airflow/example_dags/example_outlet_event_extra.py
[2026-08-08T17:47:43.196+0000] {processor.py:925} INFO - DAG(s) 'dataset_with_extra_by_yield', 'dataset_with_extra_by_context', 'dataset_with_extra_from_classic_operator' retrieved from /home/airflow/.local/lib/python3.12/site-packages/airflow/example_dags/example_outlet_event_extra.py
[2026-08-08T17:47:43.233+0000] {logging_mixin.py:190} INFO - [2026-08-08T17:47:43.232+0000] {dag.py:3211} INFO - Sync 3 DAGs
[2026-08-08T17:47:43.279+0000] {logging_mixin.py:190} INFO - [2026-08-08T17:47:43.279+0000] {dag.py:4138} INFO - Setting next_dagrun for dataset_with_extra_by_context to 2026-08-07 00:00:00+00:00, run_after=2026-08-08 00:00:00+00:00
[2026-08-08T17:47:43.287+0000] {logging_mixin.py:190} INFO - [2026-08-08T17:47:43.287+0000] {dag.py:4138} INFO - Setting next_dagrun for dataset_with_extra_by_yield to 2026-08-07 00:00:00+00:00, run_after=2026-08-08 00:00:00+00:00
[2026-08-08T17:47:43.294+0000] {logging_mixin.py:190} INFO - [2026-08-08T17:47:43.294+0000] {dag.py:4138} INFO - Setting next_dagrun for dataset_with_extra_from_classic_operator to 2026-08-07 00:00:00+00:00, run_after=2026-08-08 00:00:00+00:00
[2026-08-08T17:47:43.322+0000] {processor.py:208} INFO - Processing /home/airflow/.local/lib/python3.12/site-packages/airflow/example_dags/example_outlet_event_extra.py took 0.347 seconds
[2026-08-08T17:48:13.651+0000] {processor.py:186} INFO - Started process (PID=219) to work on /home/airflow/.local/lib/python3.12/site-packages/airflow/example_dags/example_outlet_event_extra.py
[2026-08-08T17:48:13.652+0000] {processor.py:914} INFO - Processing file /home/airflow/.local/lib/python3.12/site-packages/airflow/example_dags/example_outlet_event_extra.py for tasks to queue
[2026-08-08T17:48:13.654+0000] {logging_mixin.py:190} INFO - [2026-08-08T17:48:13.654+0000] {dagbag.py:587} INFO - Filling up the DagBag from /home/airflow/.local/lib/python3.12/site-packages/airflow/example_dags/example_outlet_event_extra.py
[2026-08-08T17:48:13.781+0000] {processor.py:925} INFO - DAG(s) 'dataset_with_extra_from_classic_operator', 'dataset_with_extra_by_context', 'dataset_with_extra_by_yield' retrieved from /home/airflow/.local/lib/python3.12/site-packages/airflow/example_dags/example_outlet_event_extra.py
[2026-08-08T17:48:13.807+0000] {logging_mixin.py:190} INFO - [2026-08-08T17:48:13.806+0000] {dag.py:3211} INFO - Sync 3 DAGs
[2026-08-08T17:48:13.832+0000] {logging_mixin.py:190} INFO - [2026-08-08T17:48:13.831+0000] {dag.py:4138} INFO - Setting next_dagrun for dataset_with_extra_by_context to 2026-08-07 00:00:00+00:00, run_after=2026-08-08 00:00:00+00:00
[2026-08-08T17:48:13.836+0000] {logging_mixin.py:190} INFO - [2026-08-08T17:48:13.835+0000] {dag.py:4138} INFO - Setting next_dagrun for dataset_with_extra_by_yield to 2026-08-07 00:00:00+00:00, run_after=2026-08-08 00:00:00+00:00
[2026-08-08T17:48:13.838+0000] {logging_mixin.py:190} INFO - [2026-08-08T17:48:13.838+0000] {dag.py:4138} INFO - Setting next_dagrun for dataset_with_extra_from_classic_operator to 2026-08-07 00:00:00+00:00, run_after=2026-08-08 00:00:00+00:00
[2026-08-08T17:48:13.865+0000] {processor.py:208} INFO - Processing /home/airflow/.local/lib/python3.12/site-packages/airflow/example_dags/example_outlet_event_extra.py took 0.219 seconds
[2026-08-08T17:48:44.281+0000] {processor.py:186} INFO - Started process (PID=282) to work on /home/airflow/.local/lib/python3.12/site-packages/airflow/example_dags/example_outlet_event_extra.py
[2026-08-08T17:48:44.283+0000] {processor.py:914} INFO - Processing file /home/airflow/.local/lib/python3.12/site-packages/airflow/example_dags/example_outlet_event_extra.py for tasks to queue
[2026-08-08T17:48:44.286+0000] {logging_mixin.py:190} INFO - [2026-08-08T17:48:44.286+0000] {dagbag.py:587} INFO - Filling up the DagBag from /home/airflow/.local/lib/python3.12/site-packages/airflow/example_dags/example_outlet_event_extra.py
[2026-08-08T17:48:44.426+0000] {processor.py:925} INFO - DAG(s) 'dataset_with_extra_from_classic_operator', 'dataset_with_extra_by_yield', 'dataset_with_extra_by_context' retrieved from /home/airflow/.local/lib/python3.12/site-packages/airflow/example_dags/example_outlet_event_extra.py
[2026-08-08T17:48:44.456+0000] {logging_mixin.py:190} INFO - [2026-08-08T17:48:44.456+0000] {dag.py:3211} INFO - Sync 3 DAGs
[2026-08-08T17:48:44.487+0000] {logging_mixin.py:190} INFO - [2026-08-08T17:48:44.487+0000] {dag.py:4138} INFO - Setting next_dagrun for dataset_with_extra_by_context to 2026-08-07 00:00:00+00:00, run_after=2026-08-08 00:00:00+00:00
[2026-08-08T17:48:44.494+0000] {logging_mixin.py:190} INFO - [2026-08-08T17:48:44.494+0000] {dag.py:4138} INFO - Setting next_dagrun for dataset_with_extra_by_yield to 2026-08-07 00:00:00+00:00, run_after=2026-08-08 00:00:00+00:00
[2026-08-08T17:48:44.497+0000] {logging_mixin.py:190} INFO - [2026-08-08T17:48:44.496+0000] {dag.py:4138} INFO - Setting next_dagrun for dataset_with_extra_from_classic_operator to 2026-08-07 00:00:00+00:00, run_after=2026-08-08 00:00:00+00:00
[2026-08-08T17:48:44.517+0000] {processor.py:208} INFO - Processing /home/airflow/.local/lib/python3.12/site-packages/airflow/example_dags/example_outlet_event_extra.py took 0.242 seconds
[2026-08-08T17:52:35.766+0000] {processor.py:186} INFO - Started process (PID=86) to work on /home/airflow/.local/lib/python3.12/site-packages/airflow/example_dags/example_outlet_event_extra.py
[2026-08-08T17:52:35.767+0000] {processor.py:914} INFO - Processing file /home/airflow/.local/lib/python3.12/site-packages/airflow/example_dags/example_outlet_event_extra.py for tasks to queue
[2026-08-08T17:52:35.771+0000] {logging_mixin.py:190} INFO - [2026-08-08T17:52:35.771+0000] {dagbag.py:587} INFO - Filling up the DagBag from /home/airflow/.local/lib/python3.12/site-packages/airflow/example_dags/example_outlet_event_extra.py
[2026-08-08T17:52:35.944+0000] {processor.py:925} INFO - DAG(s) 'dataset_with_extra_by_context', 'dataset_with_extra_by_yield', 'dataset_with_extra_from_classic_operator' retrieved from /home/airflow/.local/lib/python3.12/site-packages/airflow/example_dags/example_outlet_event_extra.py
[2026-08-08T17:52:35.982+0000] {logging_mixin.py:190} INFO - [2026-08-08T17:52:35.982+0000] {dag.py:3211} INFO - Sync 3 DAGs
[2026-08-08T17:52:36.013+0000] {logging_mixin.py:190} INFO - [2026-08-08T17:52:36.013+0000] {dag.py:4138} INFO - Setting next_dagrun for dataset_with_extra_by_context to 2026-08-07 00:00:00+00:00, run_after=2026-08-08 00:00:00+00:00
[2026-08-08T17:52:36.019+0000] {logging_mixin.py:190} INFO - [2026-08-08T17:52:36.018+0000] {dag.py:4138} INFO - Setting next_dagrun for dataset_with_extra_by_yield to 2026-08-07 00:00:00+00:00, run_after=2026-08-08 00:00:00+00:00
[2026-08-08T17:52:36.021+0000] {logging_mixin.py:190} INFO - [2026-08-08T17:52:36.021+0000] {dag.py:4138} INFO - Setting next_dagrun for dataset_with_extra_from_classic_operator to 2026-08-07 00:00:00+00:00, run_after=2026-08-08 00:00:00+00:00
[2026-08-08T17:52:36.066+0000] {processor.py:208} INFO - Processing /home/airflow/.local/lib/python3.12/site-packages/airflow/example_dags/example_outlet_event_extra.py took 0.309 seconds
[2026-08-08T17:53:06.326+0000] {processor.py:186} INFO - Started process (PID=149) to work on /home/airflow/.local/lib/python3.12/site-packages/airflow/example_dags/example_outlet_event_extra.py
[2026-08-08T17:53:06.327+0000] {processor.py:914} INFO - Processing file /home/airflow/.local/lib/python3.12/site-packages/airflow/example_dags/example_outlet_event_extra.py for tasks to queue
[2026-08-08T17:53:06.330+0000] {logging_mixin.py:190} INFO - [2026-08-08T17:53:06.329+0000] {dagbag.py:587} INFO - Filling up the DagBag from /home/airflow/.local/lib/python3.12/site-packages/airflow/example_dags/example_outlet_event_extra.py
[2026-08-08T17:53:06.471+0000] {processor.py:925} INFO - DAG(s) 'dataset_with_extra_by_context', 'dataset_with_extra_by_yield', 'dataset_with_extra_from_classic_operator' retrieved from /home/airflow/.local/lib/python3.12/site-packages/airflow/example_dags/example_outlet_event_extra.py
[2026-08-08T17:53:06.501+0000] {logging_mixin.py:190} INFO - [2026-08-08T17:53:06.501+0000] {dag.py:3211} INFO - Sync 3 DAGs
[2026-08-08T17:53:06.526+0000] {logging_mixin.py:190} INFO - [2026-08-08T17:53:06.526+0000] {dag.py:4138} INFO - Setting next_dagrun for dataset_with_extra_by_context to 2026-08-07 00:00:00+00:00, run_after=2026-08-08 00:00:00+00:00
[2026-08-08T17:53:06.532+0000] {logging_mixin.py:190} INFO - [2026-08-08T17:53:06.532+0000] {dag.py:4138} INFO - Setting next_dagrun for dataset_with_extra_by_yield to 2026-08-07 00:00:00+00:00, run_after=2026-08-08 00:00:00+00:00
[2026-08-08T17:53:06.535+0000] {logging_mixin.py:190} INFO - [2026-08-08T17:53:06.535+0000] {dag.py:4138} INFO - Setting next_dagrun for dataset_with_extra_from_classic_operator to 2026-08-07 00:00:00+00:00, run_after=2026-08-08 00:00:00+00:00
[2026-08-08T17:53:06.560+0000] {processor.py:208} INFO - Processing /home/airflow/.local/lib/python3.12/site-packages/airflow/example_dags/example_outlet_event_extra.py took 0.241 seconds
[2026-08-08T17:53:36.991+0000] {processor.py:186} INFO - Started process (PID=212) to work on /home/airflow/.local/lib/python3.12/site-packages/airflow/example_dags/example_outlet_event_extra.py
[2026-08-08T17:53:36.994+0000] {processor.py:914} INFO - Processing file /home/airflow/.local/lib/python3.12/site-packages/airflow/example_dags/example_outlet_event_extra.py for tasks to queue
[2026-08-08T17:53:36.999+0000] {logging_mixin.py:190} INFO - [2026-08-08T17:53:36.998+0000] {dagbag.py:587} INFO - Filling up the DagBag from /home/airflow/.local/lib/python3.12/site-packages/airflow/example_dags/example_outlet_event_extra.py
[2026-08-08T17:53:37.197+0000] {processor.py:925} INFO - DAG(s) 'dataset_with_extra_from_classic_operator', 'dataset_with_extra_by_yield', 'dataset_with_extra_by_context' retrieved from /home/airflow/.local/lib/python3.12/site-packages/airflow/example_dags/example_outlet_event_extra.py
[2026-08-08T17:53:37.228+0000] {logging_mixin.py:190} INFO - [2026-08-08T17:53:37.228+0000] {dag.py:3211} INFO - Sync 3 DAGs
[2026-08-08T17:53:37.257+0000] {logging_mixin.py:190} INFO - [2026-08-08T17:53:37.257+0000] {dag.py:4138} INFO - Setting next_dagrun for dataset_with_extra_by_context to 2026-08-07 00:00:00+00:00, run_after=2026-08-08 00:00:00+00:00
[2026-08-08T17:53:37.275+0000] {logging_mixin.py:190} INFO - [2026-08-08T17:53:37.274+0000] {dag.py:4138} INFO - Setting next_dagrun for dataset_with_extra_by_yield to 2026-08-07 00:00:00+00:00, run_after=2026-08-08 00:00:00+00:00
[2026-08-08T17:53:37.281+0000] {logging_mixin.py:190} INFO - [2026-08-08T17:53:37.281+0000] {dag.py:4138} INFO - Setting next_dagrun for dataset_with_extra_from_classic_operator to 2026-08-07 00:00:00+00:00, run_after=2026-08-08 00:00:00+00:00
[2026-08-08T17:53:37.322+0000] {processor.py:208} INFO - Processing /home/airflow/.local/lib/python3.12/site-packages/airflow/example_dags/example_outlet_event_extra.py took 0.344 seconds
[2026-08-08T17:54:07.757+0000] {processor.py:186} INFO - Started process (PID=275) to work on /home/airflow/.local/lib/python3.12/site-packages/airflow/example_dags/example_outlet_event_extra.py
[2026-08-08T17:54:07.760+0000] {processor.py:914} INFO - Processing file /home/airflow/.local/lib/python3.12/site-packages/airflow/example_dags/example_outlet_event_extra.py for tasks to queue
[2026-08-08T17:54:07.766+0000] {logging_mixin.py:190} INFO - [2026-08-08T17:54:07.765+0000] {dagbag.py:587} INFO - Filling up the DagBag from /home/airflow/.local/lib/python3.12/site-packages/airflow/example_dags/example_outlet_event_extra.py
[2026-08-08T17:54:08.018+0000] {processor.py:925} INFO - DAG(s) 'dataset_with_extra_by_yield', 'dataset_with_extra_by_context', 'dataset_with_extra_from_classic_operator' retrieved from /home/airflow/.local/lib/python3.12/site-packages/airflow/example_dags/example_outlet_event_extra.py
[2026-08-08T17:54:08.059+0000] {logging_mixin.py:190} INFO - [2026-08-08T17:54:08.059+0000] {dag.py:3211} INFO - Sync 3 DAGs
[2026-08-08T17:54:08.098+0000] {logging_mixin.py:190} INFO - [2026-08-08T17:54:08.098+0000] {dag.py:4138} INFO - Setting next_dagrun for dataset_with_extra_by_context to 2026-08-07 00:00:00+00:00, run_after=2026-08-08 00:00:00+00:00
[2026-08-08T17:54:08.104+0000] {logging_mixin.py:190} INFO - [2026-08-08T17:54:08.104+0000] {dag.py:4138} INFO - Setting next_dagrun for dataset_with_extra_by_yield to 2026-08-07 00:00:00+00:00, run_after=2026-08-08 00:00:00+00:00
[2026-08-08T17:54:08.107+0000] {logging_mixin.py:190} INFO - [2026-08-08T17:54:08.107+0000] {dag.py:4138} INFO - Setting next_dagrun for dataset_with_extra_from_classic_operator to 2026-08-07 00:00:00+00:00, run_after=2026-08-08 00:00:00+00:00
[2026-08-08T17:54:08.140+0000] {processor.py:208} INFO - Processing /home/airflow/.local/lib/python3.12/site-packages/airflow/example_dags/example_outlet_event_extra.py took 0.398 seconds
[2026-08-08T17:54:38.871+0000] {processor.py:186} INFO - Started process (PID=338) to work on /home/airflow/.local/lib/python3.12/site-packages/airflow/example_dags/example_outlet_event_extra.py
[2026-08-08T17:54:38.872+0000] {processor.py:914} INFO - Processing file /home/airflow/.local/lib/python3.12/site-packages/airflow/example_dags/example_outlet_event_extra.py for tasks to queue
[2026-08-08T17:54:38.874+0000] {logging_mixin.py:190} INFO - [2026-08-08T17:54:38.874+0000] {dagbag.py:587} INFO - Filling up the DagBag from /home/airflow/.local/lib/python3.12/site-packages/airflow/example_dags/example_outlet_event_extra.py
[2026-08-08T17:54:38.991+0000] {processor.py:925} INFO - DAG(s) 'dataset_with_extra_by_yield', 'dataset_with_extra_from_classic_operator', 'dataset_with_extra_by_context' retrieved from /home/airflow/.local/lib/python3.12/site-packages/airflow/example_dags/example_outlet_event_extra.py
[2026-08-08T17:54:39.020+0000] {logging_mixin.py:190} INFO - [2026-08-08T17:54:39.020+0000] {dag.py:3211} INFO - Sync 3 DAGs
[2026-08-08T17:54:39.043+0000] {logging_mixin.py:190} INFO - [2026-08-08T17:54:39.043+0000] {dag.py:4138} INFO - Setting next_dagrun for dataset_with_extra_by_context to 2026-08-07 00:00:00+00:00, run_after=2026-08-08 00:00:00+00:00
[2026-08-08T17:54:39.047+0000] {logging_mixin.py:190} INFO - [2026-08-08T17:54:39.047+0000] {dag.py:4138} INFO - Setting next_dagrun for dataset_with_extra_by_yield to 2026-08-07 00:00:00+00:00, run_after=2026-08-08 00:00:00+00:00
[2026-08-08T17:54:39.050+0000] {logging_mixin.py:190} INFO - [2026-08-08T17:54:39.050+0000] {dag.py:4138} INFO - Setting next_dagrun for dataset_with_extra_from_classic_operator to 2026-08-07 00:00:00+00:00, run_after=2026-08-08 00:00:00+00:00
[2026-08-08T17:54:39.074+0000] {processor.py:208} INFO - Processing /home/airflow/.local/lib/python3.12/site-packages/airflow/example_dags/example_outlet_event_extra.py took 0.207 seconds
[2026-08-08T17:55:09.241+0000] {processor.py:186} INFO - Started process (PID=401) to work on /home/airflow/.local/lib/python3.12/site-packages/airflow/example_dags/example_outlet_event_extra.py
[2026-08-08T17:55:09.242+0000] {processor.py:914} INFO - Processing file /home/airflow/.local/lib/python3.12/site-packages/airflow/example_dags/example_outlet_event_extra.py for tasks to queue
[2026-08-08T17:55:09.245+0000] {logging_mixin.py:190} INFO - [2026-08-08T17:55:09.245+0000] {dagbag.py:587} INFO - Filling up the DagBag from /home/airflow/.local/lib/python3.12/site-packages/airflow/example_dags/example_outlet_event_extra.py
[2026-08-08T17:55:09.353+0000] {processor.py:925} INFO - DAG(s) 'dataset_with_extra_by_yield', 'dataset_with_extra_by_context', 'dataset_with_extra_from_classic_operator' retrieved from /home/airflow/.local/lib/python3.12/site-packages/airflow/example_dags/example_outlet_event_extra.py
[2026-08-08T17:55:09.381+0000] {logging_mixin.py:190} INFO - [2026-08-08T17:55:09.381+0000] {dag.py:3211} INFO - Sync 3 DAGs
[2026-08-08T17:55:09.403+0000] {logging_mixin.py:190} INFO - [2026-08-08T17:55:09.403+0000] {dag.py:4138} INFO - Setting next_dagrun for dataset_with_extra_by_context to 2026-08-07 00:00:00+00:00, run_after=2026-08-08 00:00:00+00:00
[2026-08-08T17:55:09.407+0000] {logging_mixin.py:190} INFO - [2026-08-08T17:55:09.407+0000] {dag.py:4138} INFO - Setting next_dagrun for dataset_with_extra_by_yield to 2026-08-07 00:00:00+00:00, run_after=2026-08-08 00:00:00+00:00
[2026-08-08T17:55:09.409+0000] {logging_mixin.py:190} INFO - [2026-08-08T17:55:09.409+0000] {dag.py:4138} INFO - Setting next_dagrun for dataset_with_extra_from_classic_operator to 2026-08-07 00:00:00+00:00, run_after=2026-08-08 00:00:00+00:00
[2026-08-08T17:55:09.431+0000] {processor.py:208} INFO - Processing /home/airflow/.local/lib/python3.12/site-packages/airflow/example_dags/example_outlet_event_extra.py took 0.196 seconds
[2026-08-08T17:55:39.501+0000] {processor.py:186} INFO - Started process (PID=464) to work on /home/airflow/.local/lib/python3.12/site-packages/airflow/example_dags/example_outlet_event_extra.py
[2026-08-08T17:55:39.503+0000] {processor.py:914} INFO - Processing file /home/airflow/.local/lib/python3.12/site-packages/airflow/example_dags/example_outlet_event_extra.py for tasks to queue
[2026-08-08T17:55:39.505+0000] {logging_mixin.py:190} INFO - [2026-08-08T17:55:39.505+0000] {dagbag.py:587} INFO - Filling up the DagBag from /home/airflow/.local/lib/python3.12/site-packages/airflow/example_dags/example_outlet_event_extra.py
[2026-08-08T17:55:39.595+0000] {processor.py:925} INFO - DAG(s) 'dataset_with_extra_by_context', 'dataset_with_extra_from_classic_operator', 'dataset_with_extra_by_yield' retrieved from /home/airflow/.local/lib/python3.12/site-packages/airflow/example_dags/example_outlet_event_extra.py
[2026-08-08T17:55:39.614+0000] {logging_mixin.py:190} INFO - [2026-08-08T17:55:39.613+0000] {dag.py:3211} INFO - Sync 3 DAGs
[2026-08-08T17:55:39.630+0000] {logging_mixin.py:190} INFO - [2026-08-08T17:55:39.630+0000] {dag.py:4138} INFO - Setting next_dagrun for dataset_with_extra_by_context to 2026-08-07 00:00:00+00:00, run_after=2026-08-08 00:00:00+00:00
[2026-08-08T17:55:39.633+0000] {logging_mixin.py:190} INFO - [2026-08-08T17:55:39.633+0000] {dag.py:4138} INFO - Setting next_dagrun for dataset_with_extra_by_yield to 2026-08-07 00:00:00+00:00, run_after=2026-08-08 00:00:00+00:00
[2026-08-08T17:55:39.635+0000] {logging_mixin.py:190} INFO - [2026-08-08T17:55:39.635+0000] {dag.py:4138} INFO - Setting next_dagrun for dataset_with_extra_from_classic_operator to 2026-08-07 00:00:00+00:00, run_after=2026-08-08 00:00:00+00:00
[2026-08-08T17:55:39.650+0000] {processor.py:208} INFO - Processing /home/airflow/.local/lib/python3.12/site-packages/airflow/example_dags/example_outlet_event_extra.py took 0.153 seconds
[2026-08-08T17:56:09.808+0000] {processor.py:186} INFO - Started process (PID=527) to work on /home/airflow/.local/lib/python3.12/site-packages/airflow/example_dags/example_outlet_event_extra.py
[2026-08-08T17:56:09.810+0000] {processor.py:914} INFO - Processing file /home/airflow/.local/lib/python3.12/site-packages/airflow/example_dags/example_outlet_event_extra.py for tasks to queue
[2026-08-08T17:56:09.812+0000] {logging_mixin.py:190} INFO - [2026-08-08T17:56:09.812+0000] {dagbag.py:587} INFO - Filling up the DagBag from /home/airflow/.local/lib/python3.12/site-packages/airflow/example_dags/example_outlet_event_extra.py
[2026-08-08T17:56:09.907+0000] {processor.py:925} INFO - DAG(s) 'dataset_with_extra_by_yield', 'dataset_with_extra_by_context', 'dataset_with_extra_from_classic_operator' retrieved from /home/airflow/.local/lib/python3.12/site-packages/airflow/example_dags/example_outlet_event_extra.py
[2026-08-08T17:56:09.928+0000] {logging_mixin.py:190} INFO - [2026-08-08T17:56:09.928+0000] {dag.py:3211} INFO - Sync 3 DAGs
[2026-08-08T17:56:09.943+0000] {logging_mixin.py:190} INFO - [2026-08-08T17:56:09.943+0000] {dag.py:4138} INFO - Setting next_dagrun for dataset_with_extra_by_context to 2026-08-07 00:00:00+00:00, run_after=2026-08-08 00:00:00+00:00
[2026-08-08T17:56:09.946+0000] {logging_mixin.py:190} INFO - [2026-08-08T17:56:09.946+0000] {dag.py:4138} INFO - Setting next_dagrun for dataset_with_extra_by_yield to 2026-08-07 00:00:00+00:00, run_after=2026-08-08 00:00:00+00:00
[2026-08-08T17:56:09.948+0000] {logging_mixin.py:190} INFO - [2026-08-08T17:56:09.948+0000] {dag.py:4138} INFO - Setting next_dagrun for dataset_with_extra_from_classic_operator to 2026-08-07 00:00:00+00:00, run_after=2026-08-08 00:00:00+00:00
[2026-08-08T17:56:09.966+0000] {processor.py:208} INFO - Processing /home/airflow/.local/lib/python3.12/site-packages/airflow/example_dags/example_outlet_event_extra.py took 0.165 seconds
[2026-08-08T17:56:40.226+0000] {processor.py:186} INFO - Started process (PID=590) to work on /home/airflow/.local/lib/python3.12/site-packages/airflow/example_dags/example_outlet_event_extra.py
[2026-08-08T17:56:40.228+0000] {processor.py:914} INFO - Processing file /home/airflow/.local/lib/python3.12/site-packages/airflow/example_dags/example_outlet_event_extra.py for tasks to queue
[2026-08-08T17:56:40.231+0000] {logging_mixin.py:190} INFO - [2026-08-08T17:56:40.231+0000] {dagbag.py:587} INFO - Filling up the DagBag from /home/airflow/.local/lib/python3.12/site-packages/airflow/example_dags/example_outlet_event_extra.py
[2026-08-08T17:56:40.389+0000] {processor.py:925} INFO - DAG(s) 'dataset_with_extra_from_classic_operator', 'dataset_with_extra_by_context', 'dataset_with_extra_by_yield' retrieved from /home/airflow/.local/lib/python3.12/site-packages/airflow/example_dags/example_outlet_event_extra.py
[2026-08-08T17:56:40.418+0000] {logging_mixin.py:190} INFO - [2026-08-08T17:56:40.417+0000] {dag.py:3211} INFO - Sync 3 DAGs
[2026-08-08T17:56:40.453+0000] {logging_mixin.py:190} INFO - [2026-08-08T17:56:40.453+0000] {dag.py:4138} INFO - Setting next_dagrun for dataset_with_extra_by_context to 2026-08-07 00:00:00+00:00, run_after=2026-08-08 00:00:00+00:00
[2026-08-08T17:56:40.460+0000] {logging_mixin.py:190} INFO - [2026-08-08T17:56:40.460+0000] {dag.py:4138} INFO - Setting next_dagrun for dataset_with_extra_by_yield to 2026-08-07 00:00:00+00:00, run_after=2026-08-08 00:00:00+00:00
[2026-08-08T17:56:40.462+0000] {logging_mixin.py:190} INFO - [2026-08-08T17:56:40.462+0000] {dag.py:4138} INFO - Setting next_dagrun for dataset_with_extra_from_classic_operator to 2026-08-07 00:00:00+00:00, run_after=2026-08-08 00:00:00+00:00
[2026-08-08T17:56:40.487+0000] {processor.py:208} INFO - Processing /home/airflow/.local/lib/python3.12/site-packages/airflow/example_dags/example_outlet_event_extra.py took 0.269 seconds
[2026-08-08T17:57:10.635+0000] {processor.py:186} INFO - Started process (PID=653) to work on /home/airflow/.local/lib/python3.12/site-packages/airflow/example_dags/example_outlet_event_extra.py
[2026-08-08T17:57:10.637+0000] {processor.py:914} INFO - Processing file /home/airflow/.local/lib/python3.12/site-packages/airflow/example_dags/example_outlet_event_extra.py for tasks to queue
[2026-08-08T17:57:10.640+0000] {logging_mixin.py:190} INFO - [2026-08-08T17:57:10.640+0000] {dagbag.py:587} INFO - Filling up the DagBag from /home/airflow/.local/lib/python3.12/site-packages/airflow/example_dags/example_outlet_event_extra.py
[2026-08-08T17:57:10.777+0000] {processor.py:925} INFO - DAG(s) 'dataset_with_extra_from_classic_operator', 'dataset_with_extra_by_yield', 'dataset_with_extra_by_context' retrieved from /home/airflow/.local/lib/python3.12/site-packages/airflow/example_dags/example_outlet_event_extra.py
[2026-08-08T17:57:10.835+0000] {logging_mixin.py:190} INFO - [2026-08-08T17:57:10.835+0000] {dag.py:3211} INFO - Sync 3 DAGs
[2026-08-08T17:57:10.873+0000] {logging_mixin.py:190} INFO - [2026-08-08T17:57:10.872+0000] {dag.py:4138} INFO - Setting next_dagrun for dataset_with_extra_by_context to 2026-08-07 00:00:00+00:00, run_after=2026-08-08 00:00:00+00:00
[2026-08-08T17:57:10.885+0000] {logging_mixin.py:190} INFO - [2026-08-08T17:57:10.885+0000] {dag.py:4138} INFO - Setting next_dagrun for dataset_with_extra_by_yield to 2026-08-07 00:00:00+00:00, run_after=2026-08-08 00:00:00+00:00
[2026-08-08T17:57:10.888+0000] {logging_mixin.py:190} INFO - [2026-08-08T17:57:10.888+0000] {dag.py:4138} INFO - Setting next_dagrun for dataset_with_extra_from_classic_operator to 2026-08-07 00:00:00+00:00, run_after=2026-08-08 00:00:00+00:00
[2026-08-08T17:57:10.952+0000] {processor.py:208} INFO - Processing /home/airflow/.local/lib/python3.12/site-packages/airflow/example_dags/example_outlet_event_extra.py took 0.323 seconds
[2026-08-08T18:08:15.809+0000] {processor.py:186} INFO - Started process (PID=716) to work on /home/airflow/.local/lib/python3.12/site-packages/airflow/example_dags/example_outlet_event_extra.py
[2026-08-08T18:08:15.817+0000] {processor.py:914} INFO - Processing file /home/airflow/.local/lib/python3.12/site-packages/airflow/example_dags/example_outlet_event_extra.py for tasks to queue
[2026-08-08T18:08:15.827+0000] {logging_mixin.py:190} INFO - [2026-08-08T18:08:15.826+0000] {dagbag.py:587} INFO - Filling up the DagBag from /home/airflow/.local/lib/python3.12/site-packages/airflow/example_dags/example_outlet_event_extra.py
[2026-08-08T18:08:16.263+0000] {processor.py:925} INFO - DAG(s) 'dataset_with_extra_by_context', 'dataset_with_extra_by_yield', 'dataset_with_extra_from_classic_operator' retrieved from /home/airflow/.local/lib/python3.12/site-packages/airflow/example_dags/example_outlet_event_extra.py
[2026-08-08T18:08:16.314+0000] {logging_mixin.py:190} INFO - [2026-08-08T18:08:16.313+0000] {dag.py:3211} INFO - Sync 3 DAGs
[2026-08-08T18:08:16.365+0000] {logging_mixin.py:190} INFO - [2026-08-08T18:08:16.365+0000] {dag.py:4138} INFO - Setting next_dagrun for dataset_with_extra_by_context to 2026-08-07 00:00:00+00:00, run_after=2026-08-08 00:00:00+00:00
[2026-08-08T18:08:16.378+0000] {logging_mixin.py:190} INFO - [2026-08-08T18:08:16.377+0000] {dag.py:4138} INFO - Setting next_dagrun for dataset_with_extra_by_yield to 2026-08-07 00:00:00+00:00, run_after=2026-08-08 00:00:00+00:00
[2026-08-08T18:08:16.387+0000] {logging_mixin.py:190} INFO - [2026-08-08T18:08:16.387+0000] {dag.py:4138} INFO - Setting next_dagrun for dataset_with_extra_from_classic_operator to 2026-08-07 00:00:00+00:00, run_after=2026-08-08 00:00:00+00:00
[2026-08-08T18:08:16.439+0000] {processor.py:208} INFO - Processing /home/airflow/.local/lib/python3.12/site-packages/airflow/example_dags/example_outlet_event_extra.py took 0.647 seconds
[2026-08-08T18:08:46.874+0000] {processor.py:186} INFO - Started process (PID=779) to work on /home/airflow/.local/lib/python3.12/site-packages/airflow/example_dags/example_outlet_event_extra.py
[2026-08-08T18:08:46.876+0000] {processor.py:914} INFO - Processing file /home/airflow/.local/lib/python3.12/site-packages/airflow/example_dags/example_outlet_event_extra.py for tasks to queue
[2026-08-08T18:08:46.882+0000] {logging_mixin.py:190} INFO - [2026-08-08T18:08:46.881+0000] {dagbag.py:587} INFO - Filling up the DagBag from /home/airflow/.local/lib/python3.12/site-packages/airflow/example_dags/example_outlet_event_extra.py
[2026-08-08T18:08:47.156+0000] {processor.py:925} INFO - DAG(s) 'dataset_with_extra_from_classic_operator', 'dataset_with_extra_by_context', 'dataset_with_extra_by_yield' retrieved from /home/airflow/.local/lib/python3.12/site-packages/airflow/example_dags/example_outlet_event_extra.py
[2026-08-08T18:08:47.195+0000] {logging_mixin.py:190} INFO - [2026-08-08T18:08:47.195+0000] {dag.py:3211} INFO - Sync 3 DAGs
[2026-08-08T18:08:47.228+0000] {logging_mixin.py:190} INFO - [2026-08-08T18:08:47.228+0000] {dag.py:4138} INFO - Setting next_dagrun for dataset_with_extra_by_context to 2026-08-07 00:00:00+00:00, run_after=2026-08-08 00:00:00+00:00
[2026-08-08T18:08:47.238+0000] {logging_mixin.py:190} INFO - [2026-08-08T18:08:47.237+0000] {dag.py:4138} INFO - Setting next_dagrun for dataset_with_extra_by_yield to 2026-08-07 00:00:00+00:00, run_after=2026-08-08 00:00:00+00:00
[2026-08-08T18:08:47.241+0000] {logging_mixin.py:190} INFO - [2026-08-08T18:08:47.241+0000] {dag.py:4138} INFO - Setting next_dagrun for dataset_with_extra_from_classic_operator to 2026-08-07 00:00:00+00:00, run_after=2026-08-08 00:00:00+00:00
[2026-08-08T18:08:47.279+0000] {processor.py:208} INFO - Processing /home/airflow/.local/lib/python3.12/site-packages/airflow/example_dags/example_outlet_event_extra.py took 0.418 seconds
[2026-08-08T18:09:17.788+0000] {processor.py:186} INFO - Started process (PID=842) to work on /home/airflow/.local/lib/python3.12/site-packages/airflow/example_dags/example_outlet_event_extra.py
[2026-08-08T18:09:17.790+0000] {processor.py:914} INFO - Processing file /home/airflow/.local/lib/python3.12/site-packages/airflow/example_dags/example_outlet_event_extra.py for tasks to queue
[2026-08-08T18:09:17.794+0000] {logging_mixin.py:190} INFO - [2026-08-08T18:09:17.793+0000] {dagbag.py:587} INFO - Filling up the DagBag from /home/airflow/.local/lib/python3.12/site-packages/airflow/example_dags/example_outlet_event_extra.py
[2026-08-08T18:09:17.996+0000] {processor.py:925} INFO - DAG(s) 'dataset_with_extra_by_yield', 'dataset_with_extra_from_classic_operator', 'dataset_with_extra_by_context' retrieved from /home/airflow/.local/lib/python3.12/site-packages/airflow/example_dags/example_outlet_event_extra.py
[2026-08-08T18:09:18.041+0000] {logging_mixin.py:190} INFO - [2026-08-08T18:09:18.040+0000] {dag.py:3211} INFO - Sync 3 DAGs
[2026-08-08T18:09:18.079+0000] {logging_mixin.py:190} INFO - [2026-08-08T18:09:18.079+0000] {dag.py:4138} INFO - Setting next_dagrun for dataset_with_extra_by_context to 2026-08-07 00:00:00+00:00, run_after=2026-08-08 00:00:00+00:00
[2026-08-08T18:09:18.086+0000] {logging_mixin.py:190} INFO - [2026-08-08T18:09:18.086+0000] {dag.py:4138} INFO - Setting next_dagrun for dataset_with_extra_by_yield to 2026-08-07 00:00:00+00:00, run_after=2026-08-08 00:00:00+00:00
[2026-08-08T18:09:18.089+0000] {logging_mixin.py:190} INFO - [2026-08-08T18:09:18.089+0000] {dag.py:4138} INFO - Setting next_dagrun for dataset_with_extra_from_classic_operator to 2026-08-07 00:00:00+00:00, run_after=2026-08-08 00:00:00+00:00
[2026-08-08T18:09:18.121+0000] {processor.py:208} INFO - Processing /home/airflow/.local/lib/python3.12/site-packages/airflow/example_dags/example_outlet_event_extra.py took 0.344 seconds
[2026-08-08T18:09:48.226+0000] {processor.py:186} INFO - Started process (PID=905) to work on /home/airflow/.local/lib/python3.12/site-packages/airflow/example_dags/example_outlet_event_extra.py
[2026-08-08T18:09:48.229+0000] {processor.py:914} INFO - Processing file /home/airflow/.local/lib/python3.12/site-packages/airflow/example_dags/example_outlet_event_extra.py for tasks to queue
[2026-08-08T18:09:48.232+0000] {logging_mixin.py:190} INFO - [2026-08-08T18:09:48.232+0000] {dagbag.py:587} INFO - Filling up the DagBag from /home/airflow/.local/lib/python3.12/site-packages/airflow/example_dags/example_outlet_event_extra.py
[2026-08-08T18:09:48.395+0000] {processor.py:925} INFO - DAG(s) 'dataset_with_extra_by_yield', 'dataset_with_extra_from_classic_operator', 'dataset_with_extra_by_context' retrieved from /home/airflow/.local/lib/python3.12/site-packages/airflow/example_dags/example_outlet_event_extra.py
[2026-08-08T18:09:48.428+0000] {logging_mixin.py:190} INFO - [2026-08-08T18:09:48.428+0000] {dag.py:3211} INFO - Sync 3 DAGs
[2026-08-08T18:09:48.456+0000] {logging_mixin.py:190} INFO - [2026-08-08T18:09:48.456+0000] {dag.py:4138} INFO - Setting next_dagrun for dataset_with_extra_by_context to 2026-08-07 00:00:00+00:00, run_after=2026-08-08 00:00:00+00:00
[2026-08-08T18:09:48.462+0000] {logging_mixin.py:190} INFO - [2026-08-08T18:09:48.462+0000] {dag.py:4138} INFO - Setting next_dagrun for dataset_with_extra_by_yield to 2026-08-07 00:00:00+00:00, run_after=2026-08-08 00:00:00+00:00
[2026-08-08T18:09:48.465+0000] {logging_mixin.py:190} INFO - [2026-08-08T18:09:48.465+0000] {dag.py:4138} INFO - Setting next_dagrun for dataset_with_extra_from_classic_operator to 2026-08-07 00:00:00+00:00, run_after=2026-08-08 00:00:00+00:00
[2026-08-08T18:09:48.496+0000] {processor.py:208} INFO - Processing /home/airflow/.local/lib/python3.12/site-packages/airflow/example_dags/example_outlet_event_extra.py took 0.277 seconds
[2026-08-08T18:10:18.585+0000] {processor.py:186} INFO - Started process (PID=968) to work on /home/airflow/.local/lib/python3.12/site-packages/airflow/example_dags/example_outlet_event_extra.py
[2026-08-08T18:10:18.586+0000] {processor.py:914} INFO - Processing file /home/airflow/.local/lib/python3.12/site-packages/airflow/example_dags/example_outlet_event_extra.py for tasks to queue
[2026-08-08T18:10:18.590+0000] {logging_mixin.py:190} INFO - [2026-08-08T18:10:18.590+0000] {dagbag.py:587} INFO - Filling up the DagBag from /home/airflow/.local/lib/python3.12/site-packages/airflow/example_dags/example_outlet_event_extra.py
[2026-08-08T18:10:18.798+0000] {processor.py:925} INFO - DAG(s) 'dataset_with_extra_by_context', 'dataset_with_extra_from_classic_operator', 'dataset_with_extra_by_yield' retrieved from /home/airflow/.local/lib/python3.12/site-packages/airflow/example_dags/example_outlet_event_extra.py
[2026-08-08T18:10:18.841+0000] {logging_mixin.py:190} INFO - [2026-08-08T18:10:18.841+0000] {dag.py:3211} INFO - Sync 3 DAGs
[2026-08-08T18:10:18.883+0000] {logging_mixin.py:190} INFO - [2026-08-08T18:10:18.883+0000] {dag.py:4138} INFO - Setting next_dagrun for dataset_with_extra_by_context to 2026-08-07 00:00:00+00:00, run_after=2026-08-08 00:00:00+00:00
[2026-08-08T18:10:18.891+0000] {logging_mixin.py:190} INFO - [2026-08-08T18:10:18.891+0000] {dag.py:4138} INFO - Setting next_dagrun for dataset_with_extra_by_yield to 2026-08-07 00:00:00+00:00, run_after=2026-08-08 00:00:00+00:00
[2026-08-08T18:10:18.895+0000] {logging_mixin.py:190} INFO - [2026-08-08T18:10:18.895+0000] {dag.py:4138} INFO - Setting next_dagrun for dataset_with_extra_from_classic_operator to 2026-08-07 00:00:00+00:00, run_after=2026-08-08 00:00:00+00:00
[2026-08-08T18:10:18.935+0000] {processor.py:208} INFO - Processing /home/airflow/.local/lib/python3.12/site-packages/airflow/example_dags/example_outlet_event_extra.py took 0.357 seconds
[2026-08-08T18:10:49.219+0000] {processor.py:186} INFO - Started process (PID=1031) to work on /home/airflow/.local/lib/python3.12/site-packages/airflow/example_dags/example_outlet_event_extra.py
[2026-08-08T18:10:49.220+0000] {processor.py:914} INFO - Processing file /home/airflow/.local/lib/python3.12/site-packages/airflow/example_dags/example_outlet_event_extra.py for tasks to queue
[2026-08-08T18:10:49.223+0000] {logging_mixin.py:190} INFO - [2026-08-08T18:10:49.223+0000] {dagbag.py:587} INFO - Filling up the DagBag from /home/airflow/.local/lib/python3.12/site-packages/airflow/example_dags/example_outlet_event_extra.py
[2026-08-08T18:10:49.439+0000] {processor.py:925} INFO - DAG(s) 'dataset_with_extra_by_context', 'dataset_with_extra_from_classic_operator', 'dataset_with_extra_by_yield' retrieved from /home/airflow/.local/lib/python3.12/site-packages/airflow/example_dags/example_outlet_event_extra.py
[2026-08-08T18:10:49.479+0000] {logging_mixin.py:190} INFO - [2026-08-08T18:10:49.479+0000] {dag.py:3211} INFO - Sync 3 DAGs
[2026-08-08T18:10:49.511+0000] {logging_mixin.py:190} INFO - [2026-08-08T18:10:49.511+0000] {dag.py:4138} INFO - Setting next_dagrun for dataset_with_extra_by_context to 2026-08-07 00:00:00+00:00, run_after=2026-08-08 00:00:00+00:00
[2026-08-08T18:10:49.519+0000] {logging_mixin.py:190} INFO - [2026-08-08T18:10:49.518+0000] {dag.py:4138} INFO - Setting next_dagrun for dataset_with_extra_by_yield to 2026-08-07 00:00:00+00:00, run_after=2026-08-08 00:00:00+00:00
[2026-08-08T18:10:49.521+0000] {logging_mixin.py:190} INFO - [2026-08-08T18:10:49.521+0000] {dag.py:4138} INFO - Setting next_dagrun for dataset_with_extra_from_classic_operator to 2026-08-07 00:00:00+00:00, run_after=2026-08-08 00:00:00+00:00
[2026-08-08T18:10:49.553+0000] {processor.py:208} INFO - Processing /home/airflow/.local/lib/python3.12/site-packages/airflow/example_dags/example_outlet_event_extra.py took 0.344 seconds
[2026-08-08T18:11:19.782+0000] {processor.py:186} INFO - Started process (PID=1095) to work on /home/airflow/.local/lib/python3.12/site-packages/airflow/example_dags/example_outlet_event_extra.py
[2026-08-08T18:11:19.783+0000] {processor.py:914} INFO - Processing file /home/airflow/.local/lib/python3.12/site-packages/airflow/example_dags/example_outlet_event_extra.py for tasks to queue
[2026-08-08T18:11:19.786+0000] {logging_mixin.py:190} INFO - [2026-08-08T18:11:19.785+0000] {dagbag.py:587} INFO - Filling up the DagBag from /home/airflow/.local/lib/python3.12/site-packages/airflow/example_dags/example_outlet_event_extra.py
[2026-08-08T18:11:19.881+0000] {processor.py:925} INFO - DAG(s) 'dataset_with_extra_from_classic_operator', 'dataset_with_extra_by_context', 'dataset_with_extra_by_yield' retrieved from /home/airflow/.local/lib/python3.12/site-packages/airflow/example_dags/example_outlet_event_extra.py
[2026-08-08T18:11:19.900+0000] {logging_mixin.py:190} INFO - [2026-08-08T18:11:19.900+0000] {dag.py:3211} INFO - Sync 3 DAGs
[2026-08-08T18:11:19.916+0000] {logging_mixin.py:190} INFO - [2026-08-08T18:11:19.916+0000] {dag.py:4138} INFO - Setting next_dagrun for dataset_with_extra_by_context to 2026-08-07 00:00:00+00:00, run_after=2026-08-08 00:00:00+00:00
[2026-08-08T18:11:19.919+0000] {logging_mixin.py:190} INFO - [2026-08-08T18:11:19.919+0000] {dag.py:4138} INFO - Setting next_dagrun for dataset_with_extra_by_yield to 2026-08-07 00:00:00+00:00, run_after=2026-08-08 00:00:00+00:00
[2026-08-08T18:11:19.922+0000] {logging_mixin.py:190} INFO - [2026-08-08T18:11:19.922+0000] {dag.py:4138} INFO - Setting next_dagrun for dataset_with_extra_from_classic_operator to 2026-08-07 00:00:00+00:00, run_after=2026-08-08 00:00:00+00:00
[2026-08-08T18:11:19.941+0000] {processor.py:208} INFO - Processing /home/airflow/.local/lib/python3.12/site-packages/airflow/example_dags/example_outlet_event_extra.py took 0.163 seconds
[2026-08-08T18:11:50.497+0000] {processor.py:186} INFO - Started process (PID=1157) to work on /home/airflow/.local/lib/python3.12/site-packages/airflow/example_dags/example_outlet_event_extra.py
[2026-08-08T18:11:50.499+0000] {processor.py:914} INFO - Processing file /home/airflow/.local/lib/python3.12/site-packages/airflow/example_dags/example_outlet_event_extra.py for tasks to queue
[2026-08-08T18:11:50.501+0000] {logging_mixin.py:190} INFO - [2026-08-08T18:11:50.501+0000] {dagbag.py:587} INFO - Filling up the DagBag from /home/airflow/.local/lib/python3.12/site-packages/airflow/example_dags/example_outlet_event_extra.py
[2026-08-08T18:11:50.630+0000] {processor.py:925} INFO - DAG(s) 'dataset_with_extra_from_classic_operator', 'dataset_with_extra_by_yield', 'dataset_with_extra_by_context' retrieved from /home/airflow/.local/lib/python3.12/site-packages/airflow/example_dags/example_outlet_event_extra.py
[2026-08-08T18:11:50.651+0000] {logging_mixin.py:190} INFO - [2026-08-08T18:11:50.651+0000] {dag.py:3211} INFO - Sync 3 DAGs
[2026-08-08T18:11:50.673+0000] {logging_mixin.py:190} INFO - [2026-08-08T18:11:50.673+0000] {dag.py:4138} INFO - Setting next_dagrun for dataset_with_extra_by_context to 2026-08-07 00:00:00+00:00, run_after=2026-08-08 00:00:00+00:00
[2026-08-08T18:11:50.679+0000] {logging_mixin.py:190} INFO - [2026-08-08T18:11:50.678+0000] {dag.py:4138} INFO - Setting next_dagrun for dataset_with_extra_by_yield to 2026-08-07 00:00:00+00:00, run_after=2026-08-08 00:00:00+00:00
[2026-08-08T18:11:50.682+0000] {logging_mixin.py:190} INFO - [2026-08-08T18:11:50.681+0000] {dag.py:4138} INFO - Setting next_dagrun for dataset_with_extra_from_classic_operator to 2026-08-07 00:00:00+00:00, run_after=2026-08-08 00:00:00+00:00
[2026-08-08T18:11:50.705+0000] {processor.py:208} INFO - Processing /home/airflow/.local/lib/python3.12/site-packages/airflow/example_dags/example_outlet_event_extra.py took 0.212 seconds
[2026-08-08T18:13:05.933+0000] {processor.py:186} INFO - Started process (PID=86) to work on /home/airflow/.local/lib/python3.12/site-packages/airflow/example_dags/example_outlet_event_extra.py
[2026-08-08T18:13:05.934+0000] {processor.py:914} INFO - Processing file /home/airflow/.local/lib/python3.12/site-packages/airflow/example_dags/example_outlet_event_extra.py for tasks to queue
[2026-08-08T18:13:05.939+0000] {logging_mixin.py:190} INFO - [2026-08-08T18:13:05.939+0000] {dagbag.py:587} INFO - Filling up the DagBag from /home/airflow/.local/lib/python3.12/site-packages/airflow/example_dags/example_outlet_event_extra.py
[2026-08-08T18:13:06.108+0000] {processor.py:925} INFO - DAG(s) 'dataset_with_extra_from_classic_operator', 'dataset_with_extra_by_yield', 'dataset_with_extra_by_context' retrieved from /home/airflow/.local/lib/python3.12/site-packages/airflow/example_dags/example_outlet_event_extra.py
[2026-08-08T18:13:06.148+0000] {logging_mixin.py:190} INFO - [2026-08-08T18:13:06.148+0000] {dag.py:3211} INFO - Sync 3 DAGs
[2026-08-08T18:13:06.178+0000] {logging_mixin.py:190} INFO - [2026-08-08T18:13:06.177+0000] {dag.py:4138} INFO - Setting next_dagrun for dataset_with_extra_by_context to 2026-08-07 00:00:00+00:00, run_after=2026-08-08 00:00:00+00:00
[2026-08-08T18:13:06.184+0000] {logging_mixin.py:190} INFO - [2026-08-08T18:13:06.183+0000] {dag.py:4138} INFO - Setting next_dagrun for dataset_with_extra_by_yield to 2026-08-07 00:00:00+00:00, run_after=2026-08-08 00:00:00+00:00
[2026-08-08T18:13:06.187+0000] {logging_mixin.py:190} INFO - [2026-08-08T18:13:06.187+0000] {dag.py:4138} INFO - Setting next_dagrun for dataset_with_extra_from_classic_operator to 2026-08-07 00:00:00+00:00, run_after=2026-08-08 00:00:00+00:00
[2026-08-08T18:13:06.217+0000] {processor.py:208} INFO - Processing /home/airflow/.local/lib/python3.12/site-packages/airflow/example_dags/example_outlet_event_extra.py took 0.291 seconds
[2026-08-08T18:13:36.908+0000] {processor.py:186} INFO - Started process (PID=155) to work on /home/airflow/.local/lib/python3.12/site-packages/airflow/example_dags/example_outlet_event_extra.py
[2026-08-08T18:13:36.911+0000] {processor.py:914} INFO - Processing file /home/airflow/.local/lib/python3.12/site-packages/airflow/example_dags/example_outlet_event_extra.py for tasks to queue
[2026-08-08T18:13:36.915+0000] {logging_mixin.py:190} INFO - [2026-08-08T18:13:36.915+0000] {dagbag.py:587} INFO - Filling up the DagBag from /home/airflow/.local/lib/python3.12/site-packages/airflow/example_dags/example_outlet_event_extra.py
[2026-08-08T18:13:37.143+0000] {processor.py:925} INFO - DAG(s) 'dataset_with_extra_by_yield', 'dataset_with_extra_by_context', 'dataset_with_extra_from_classic_operator' retrieved from /home/airflow/.local/lib/python3.12/site-packages/airflow/example_dags/example_outlet_event_extra.py
[2026-08-08T18:13:37.171+0000] {logging_mixin.py:190} INFO - [2026-08-08T18:13:37.171+0000] {dag.py:3211} INFO - Sync 3 DAGs
[2026-08-08T18:13:37.194+0000] {logging_mixin.py:190} INFO - [2026-08-08T18:13:37.194+0000] {dag.py:4138} INFO - Setting next_dagrun for dataset_with_extra_by_context to 2026-08-07 00:00:00+00:00, run_after=2026-08-08 00:00:00+00:00
[2026-08-08T18:13:37.199+0000] {logging_mixin.py:190} INFO - [2026-08-08T18:13:37.198+0000] {dag.py:4138} INFO - Setting next_dagrun for dataset_with_extra_by_yield to 2026-08-07 00:00:00+00:00, run_after=2026-08-08 00:00:00+00:00
[2026-08-08T18:13:37.201+0000] {logging_mixin.py:190} INFO - [2026-08-08T18:13:37.200+0000] {dag.py:4138} INFO - Setting next_dagrun for dataset_with_extra_from_classic_operator to 2026-08-07 00:00:00+00:00, run_after=2026-08-08 00:00:00+00:00
[2026-08-08T18:13:37.220+0000] {processor.py:208} INFO - Processing /home/airflow/.local/lib/python3.12/site-packages/airflow/example_dags/example_outlet_event_extra.py took 0.319 seconds
[2026-08-08T18:14:07.701+0000] {processor.py:186} INFO - Started process (PID=218) to work on /home/airflow/.local/lib/python3.12/site-packages/airflow/example_dags/example_outlet_event_extra.py
[2026-08-08T18:14:07.702+0000] {processor.py:914} INFO - Processing file /home/airflow/.local/lib/python3.12/site-packages/airflow/example_dags/example_outlet_event_extra.py for tasks to queue
[2026-08-08T18:14:07.705+0000] {logging_mixin.py:190} INFO - [2026-08-08T18:14:07.704+0000] {dagbag.py:587} INFO - Filling up the DagBag from /home/airflow/.local/lib/python3.12/site-packages/airflow/example_dags/example_outlet_event_extra.py
[2026-08-08T18:14:07.860+0000] {processor.py:925} INFO - DAG(s) 'dataset_with_extra_by_context', 'dataset_with_extra_by_yield', 'dataset_with_extra_from_classic_operator' retrieved from /home/airflow/.local/lib/python3.12/site-packages/airflow/example_dags/example_outlet_event_extra.py
[2026-08-08T18:14:07.889+0000] {logging_mixin.py:190} INFO - [2026-08-08T18:14:07.889+0000] {dag.py:3211} INFO - Sync 3 DAGs
[2026-08-08T18:14:07.912+0000] {logging_mixin.py:190} INFO - [2026-08-08T18:14:07.912+0000] {dag.py:4138} INFO - Setting next_dagrun for dataset_with_extra_by_context to 2026-08-07 00:00:00+00:00, run_after=2026-08-08 00:00:00+00:00
[2026-08-08T18:14:07.918+0000] {logging_mixin.py:190} INFO - [2026-08-08T18:14:07.918+0000] {dag.py:4138} INFO - Setting next_dagrun for dataset_with_extra_by_yield to 2026-08-07 00:00:00+00:00, run_after=2026-08-08 00:00:00+00:00
[2026-08-08T18:14:07.920+0000] {logging_mixin.py:190} INFO - [2026-08-08T18:14:07.920+0000] {dag.py:4138} INFO - Setting next_dagrun for dataset_with_extra_from_classic_operator to 2026-08-07 00:00:00+00:00, run_after=2026-08-08 00:00:00+00:00
[2026-08-08T18:14:07.940+0000] {processor.py:208} INFO - Processing /home/airflow/.local/lib/python3.12/site-packages/airflow/example_dags/example_outlet_event_extra.py took 0.246 seconds
[2026-08-08T18:14:38.081+0000] {processor.py:186} INFO - Started process (PID=281) to work on /home/airflow/.local/lib/python3.12/site-packages/airflow/example_dags/example_outlet_event_extra.py
[2026-08-08T18:14:38.083+0000] {processor.py:914} INFO - Processing file /home/airflow/.local/lib/python3.12/site-packages/airflow/example_dags/example_outlet_event_extra.py for tasks to queue
[2026-08-08T18:14:38.085+0000] {logging_mixin.py:190} INFO - [2026-08-08T18:14:38.085+0000] {dagbag.py:587} INFO - Filling up the DagBag from /home/airflow/.local/lib/python3.12/site-packages/airflow/example_dags/example_outlet_event_extra.py
[2026-08-08T18:14:38.218+0000] {processor.py:925} INFO - DAG(s) 'dataset_with_extra_from_classic_operator', 'dataset_with_extra_by_yield', 'dataset_with_extra_by_context' retrieved from /home/airflow/.local/lib/python3.12/site-packages/airflow/example_dags/example_outlet_event_extra.py
[2026-08-08T18:14:38.242+0000] {logging_mixin.py:190} INFO - [2026-08-08T18:14:38.242+0000] {dag.py:3211} INFO - Sync 3 DAGs
[2026-08-08T18:14:38.269+0000] {logging_mixin.py:190} INFO - [2026-08-08T18:14:38.269+0000] {dag.py:4138} INFO - Setting next_dagrun for dataset_with_extra_by_context to 2026-08-07 00:00:00+00:00, run_after=2026-08-08 00:00:00+00:00
[2026-08-08T18:14:38.273+0000] {logging_mixin.py:190} INFO - [2026-08-08T18:14:38.273+0000] {dag.py:4138} INFO - Setting next_dagrun for dataset_with_extra_by_yield to 2026-08-07 00:00:00+00:00, run_after=2026-08-08 00:00:00+00:00
[2026-08-08T18:14:38.275+0000] {logging_mixin.py:190} INFO - [2026-08-08T18:14:38.275+0000] {dag.py:4138} INFO - Setting next_dagrun for dataset_with_extra_from_classic_operator to 2026-08-07 00:00:00+00:00, run_after=2026-08-08 00:00:00+00:00
[2026-08-08T18:14:38.298+0000] {processor.py:208} INFO - Processing /home/airflow/.local/lib/python3.12/site-packages/airflow/example_dags/example_outlet_event_extra.py took 0.222 seconds
[2026-08-08T18:15:08.848+0000] {processor.py:186} INFO - Started process (PID=344) to work on /home/airflow/.local/lib/python3.12/site-packages/airflow/example_dags/example_outlet_event_extra.py
[2026-08-08T18:15:08.849+0000] {processor.py:914} INFO - Processing file /home/airflow/.local/lib/python3.12/site-packages/airflow/example_dags/example_outlet_event_extra.py for tasks to queue
[2026-08-08T18:15:08.852+0000] {logging_mixin.py:190} INFO - [2026-08-08T18:15:08.852+0000] {dagbag.py:587} INFO - Filling up the DagBag from /home/airflow/.local/lib/python3.12/site-packages/airflow/example_dags/example_outlet_event_extra.py
[2026-08-08T18:15:09.082+0000] {processor.py:925} INFO - DAG(s) 'dataset_with_extra_by_yield', 'dataset_with_extra_by_context', 'dataset_with_extra_from_classic_operator' retrieved from /home/airflow/.local/lib/python3.12/site-packages/airflow/example_dags/example_outlet_event_extra.py
[2026-08-08T18:15:09.133+0000] {logging_mixin.py:190} INFO - [2026-08-08T18:15:09.133+0000] {dag.py:3211} INFO - Sync 3 DAGs
[2026-08-08T18:15:09.173+0000] {logging_mixin.py:190} INFO - [2026-08-08T18:15:09.173+0000] {dag.py:4138} INFO - Setting next_dagrun for dataset_with_extra_by_context to 2026-08-07 00:00:00+00:00, run_after=2026-08-08 00:00:00+00:00
[2026-08-08T18:15:09.181+0000] {logging_mixin.py:190} INFO - [2026-08-08T18:15:09.181+0000] {dag.py:4138} INFO - Setting next_dagrun for dataset_with_extra_by_yield to 2026-08-07 00:00:00+00:00, run_after=2026-08-08 00:00:00+00:00
[2026-08-08T18:15:09.185+0000] {logging_mixin.py:190} INFO - [2026-08-08T18:15:09.184+0000] {dag.py:4138} INFO - Setting next_dagrun for dataset_with_extra_from_classic_operator to 2026-08-07 00:00:00+00:00, run_after=2026-08-08 00:00:00+00:00
[2026-08-08T18:15:09.219+0000] {processor.py:208} INFO - Processing /home/airflow/.local/lib/python3.12/site-packages/airflow/example_dags/example_outlet_event_extra.py took 0.381 seconds
[2026-08-08T18:15:39.902+0000] {processor.py:186} INFO - Started process (PID=407) to work on /home/airflow/.local/lib/python3.12/site-packages/airflow/example_dags/example_outlet_event_extra.py
[2026-08-08T18:15:39.903+0000] {processor.py:914} INFO - Processing file /home/airflow/.local/lib/python3.12/site-packages/airflow/example_dags/example_outlet_event_extra.py for tasks to queue
[2026-08-08T18:15:39.906+0000] {logging_mixin.py:190} INFO - [2026-08-08T18:15:39.905+0000] {dagbag.py:587} INFO - Filling up the DagBag from /home/airflow/.local/lib/python3.12/site-packages/airflow/example_dags/example_outlet_event_extra.py
[2026-08-08T18:15:40.073+0000] {processor.py:925} INFO - DAG(s) 'dataset_with_extra_from_classic_operator', 'dataset_with_extra_by_yield', 'dataset_with_extra_by_context' retrieved from /home/airflow/.local/lib/python3.12/site-packages/airflow/example_dags/example_outlet_event_extra.py
[2026-08-08T18:15:40.108+0000] {logging_mixin.py:190} INFO - [2026-08-08T18:15:40.108+0000] {dag.py:3211} INFO - Sync 3 DAGs
[2026-08-08T18:15:40.137+0000] {logging_mixin.py:190} INFO - [2026-08-08T18:15:40.136+0000] {dag.py:4138} INFO - Setting next_dagrun for dataset_with_extra_by_context to 2026-08-07 00:00:00+00:00, run_after=2026-08-08 00:00:00+00:00
[2026-08-08T18:15:40.141+0000] {logging_mixin.py:190} INFO - [2026-08-08T18:15:40.141+0000] {dag.py:4138} INFO - Setting next_dagrun for dataset_with_extra_by_yield to 2026-08-07 00:00:00+00:00, run_after=2026-08-08 00:00:00+00:00
[2026-08-08T18:15:40.144+0000] {logging_mixin.py:190} INFO - [2026-08-08T18:15:40.144+0000] {dag.py:4138} INFO - Setting next_dagrun for dataset_with_extra_from_classic_operator to 2026-08-07 00:00:00+00:00, run_after=2026-08-08 00:00:00+00:00
[2026-08-08T18:15:40.174+0000] {processor.py:208} INFO - Processing /home/airflow/.local/lib/python3.12/site-packages/airflow/example_dags/example_outlet_event_extra.py took 0.279 seconds
[2026-08-08T18:17:11.310+0000] {processor.py:186} INFO - Started process (PID=105) to work on /home/airflow/.local/lib/python3.12/site-packages/airflow/example_dags/example_outlet_event_extra.py
[2026-08-08T18:17:11.311+0000] {processor.py:914} INFO - Processing file /home/airflow/.local/lib/python3.12/site-packages/airflow/example_dags/example_outlet_event_extra.py for tasks to queue
[2026-08-08T18:17:11.314+0000] {logging_mixin.py:190} INFO - [2026-08-08T18:17:11.314+0000] {dagbag.py:587} INFO - Filling up the DagBag from /home/airflow/.local/lib/python3.12/site-packages/airflow/example_dags/example_outlet_event_extra.py
[2026-08-08T18:17:11.491+0000] {processor.py:925} INFO - DAG(s) 'dataset_with_extra_from_classic_operator', 'dataset_with_extra_by_yield', 'dataset_with_extra_by_context' retrieved from /home/airflow/.local/lib/python3.12/site-packages/airflow/example_dags/example_outlet_event_extra.py
[2026-08-08T18:17:11.526+0000] {logging_mixin.py:190} INFO - [2026-08-08T18:17:11.526+0000] {dag.py:3211} INFO - Sync 3 DAGs
[2026-08-08T18:17:11.552+0000] {logging_mixin.py:190} INFO - [2026-08-08T18:17:11.552+0000] {dag.py:4138} INFO - Setting next_dagrun for dataset_with_extra_by_context to 2026-08-07 00:00:00+00:00, run_after=2026-08-08 00:00:00+00:00
[2026-08-08T18:17:11.559+0000] {logging_mixin.py:190} INFO - [2026-08-08T18:17:11.558+0000] {dag.py:4138} INFO - Setting next_dagrun for dataset_with_extra_by_yield to 2026-08-07 00:00:00+00:00, run_after=2026-08-08 00:00:00+00:00
[2026-08-08T18:17:11.561+0000] {logging_mixin.py:190} INFO - [2026-08-08T18:17:11.561+0000] {dag.py:4138} INFO - Setting next_dagrun for dataset_with_extra_from_classic_operator to 2026-08-07 00:00:00+00:00, run_after=2026-08-08 00:00:00+00:00
[2026-08-08T18:17:11.591+0000] {processor.py:208} INFO - Processing /home/airflow/.local/lib/python3.12/site-packages/airflow/example_dags/example_outlet_event_extra.py took 0.288 seconds
[2026-08-08T18:17:42.123+0000] {processor.py:186} INFO - Started process (PID=168) to work on /home/airflow/.local/lib/python3.12/site-packages/airflow/example_dags/example_outlet_event_extra.py
[2026-08-08T18:17:42.124+0000] {processor.py:914} INFO - Processing file /home/airflow/.local/lib/python3.12/site-packages/airflow/example_dags/example_outlet_event_extra.py for tasks to queue
[2026-08-08T18:17:42.128+0000] {logging_mixin.py:190} INFO - [2026-08-08T18:17:42.127+0000] {dagbag.py:587} INFO - Filling up the DagBag from /home/airflow/.local/lib/python3.12/site-packages/airflow/example_dags/example_outlet_event_extra.py
[2026-08-08T18:17:42.359+0000] {processor.py:925} INFO - DAG(s) 'dataset_with_extra_from_classic_operator', 'dataset_with_extra_by_context', 'dataset_with_extra_by_yield' retrieved from /home/airflow/.local/lib/python3.12/site-packages/airflow/example_dags/example_outlet_event_extra.py
[2026-08-08T18:17:42.392+0000] {logging_mixin.py:190} INFO - [2026-08-08T18:17:42.392+0000] {dag.py:3211} INFO - Sync 3 DAGs
[2026-08-08T18:17:42.419+0000] {logging_mixin.py:190} INFO - [2026-08-08T18:17:42.419+0000] {dag.py:4138} INFO - Setting next_dagrun for dataset_with_extra_by_context to 2026-08-07 00:00:00+00:00, run_after=2026-08-08 00:00:00+00:00
[2026-08-08T18:17:42.423+0000] {logging_mixin.py:190} INFO - [2026-08-08T18:17:42.423+0000] {dag.py:4138} INFO - Setting next_dagrun for dataset_with_extra_by_yield to 2026-08-07 00:00:00+00:00, run_after=2026-08-08 00:00:00+00:00
[2026-08-08T18:17:42.426+0000] {logging_mixin.py:190} INFO - [2026-08-08T18:17:42.426+0000] {dag.py:4138} INFO - Setting next_dagrun for dataset_with_extra_from_classic_operator to 2026-08-07 00:00:00+00:00, run_after=2026-08-08 00:00:00+00:00
[2026-08-08T18:17:42.450+0000] {processor.py:208} INFO - Processing /home/airflow/.local/lib/python3.12/site-packages/airflow/example_dags/example_outlet_event_extra.py took 0.335 seconds
[2026-08-08T18:18:13.062+0000] {processor.py:186} INFO - Started process (PID=231) to work on /home/airflow/.local/lib/python3.12/site-packages/airflow/example_dags/example_outlet_event_extra.py
[2026-08-08T18:18:13.064+0000] {processor.py:914} INFO - Processing file /home/airflow/.local/lib/python3.12/site-packages/airflow/example_dags/example_outlet_event_extra.py for tasks to queue
[2026-08-08T18:18:13.067+0000] {logging_mixin.py:190} INFO - [2026-08-08T18:18:13.067+0000] {dagbag.py:587} INFO - Filling up the DagBag from /home/airflow/.local/lib/python3.12/site-packages/airflow/example_dags/example_outlet_event_extra.py
[2026-08-08T18:18:13.220+0000] {processor.py:925} INFO - DAG(s) 'dataset_with_extra_from_classic_operator', 'dataset_with_extra_by_yield', 'dataset_with_extra_by_context' retrieved from /home/airflow/.local/lib/python3.12/site-packages/airflow/example_dags/example_outlet_event_extra.py
[2026-08-08T18:18:13.260+0000] {logging_mixin.py:190} INFO - [2026-08-08T18:18:13.260+0000] {dag.py:3211} INFO - Sync 3 DAGs
[2026-08-08T18:18:13.297+0000] {logging_mixin.py:190} INFO - [2026-08-08T18:18:13.297+0000] {dag.py:4138} INFO - Setting next_dagrun for dataset_with_extra_by_context to 2026-08-07 00:00:00+00:00, run_after=2026-08-08 00:00:00+00:00
[2026-08-08T18:18:13.303+0000] {logging_mixin.py:190} INFO - [2026-08-08T18:18:13.302+0000] {dag.py:4138} INFO - Setting next_dagrun for dataset_with_extra_by_yield to 2026-08-07 00:00:00+00:00, run_after=2026-08-08 00:00:00+00:00
[2026-08-08T18:18:13.305+0000] {logging_mixin.py:190} INFO - [2026-08-08T18:18:13.305+0000] {dag.py:4138} INFO - Setting next_dagrun for dataset_with_extra_from_classic_operator to 2026-08-07 00:00:00+00:00, run_after=2026-08-08 00:00:00+00:00
[2026-08-08T18:18:13.339+0000] {processor.py:208} INFO - Processing /home/airflow/.local/lib/python3.12/site-packages/airflow/example_dags/example_outlet_event_extra.py took 0.283 seconds
[2026-08-08T18:18:43.715+0000] {processor.py:186} INFO - Started process (PID=295) to work on /home/airflow/.local/lib/python3.12/site-packages/airflow/example_dags/example_outlet_event_extra.py
[2026-08-08T18:18:43.717+0000] {processor.py:914} INFO - Processing file /home/airflow/.local/lib/python3.12/site-packages/airflow/example_dags/example_outlet_event_extra.py for tasks to queue
[2026-08-08T18:18:43.719+0000] {logging_mixin.py:190} INFO - [2026-08-08T18:18:43.719+0000] {dagbag.py:587} INFO - Filling up the DagBag from /home/airflow/.local/lib/python3.12/site-packages/airflow/example_dags/example_outlet_event_extra.py
[2026-08-08T18:18:43.846+0000] {processor.py:925} INFO - DAG(s) 'dataset_with_extra_from_classic_operator', 'dataset_with_extra_by_context', 'dataset_with_extra_by_yield' retrieved from /home/airflow/.local/lib/python3.12/site-packages/airflow/example_dags/example_outlet_event_extra.py
[2026-08-08T18:18:43.870+0000] {logging_mixin.py:190} INFO - [2026-08-08T18:18:43.870+0000] {dag.py:3211} INFO - Sync 3 DAGs
[2026-08-08T18:18:43.892+0000] {logging_mixin.py:190} INFO - [2026-08-08T18:18:43.892+0000] {dag.py:4138} INFO - Setting next_dagrun for dataset_with_extra_by_context to 2026-08-07 00:00:00+00:00, run_after=2026-08-08 00:00:00+00:00
[2026-08-08T18:18:43.896+0000] {logging_mixin.py:190} INFO - [2026-08-08T18:18:43.896+0000] {dag.py:4138} INFO - Setting next_dagrun for dataset_with_extra_by_yield to 2026-08-07 00:00:00+00:00, run_after=2026-08-08 00:00:00+00:00
[2026-08-08T18:18:43.899+0000] {logging_mixin.py:190} INFO - [2026-08-08T18:18:43.898+0000] {dag.py:4138} INFO - Setting next_dagrun for dataset_with_extra_from_classic_operator to 2026-08-07 00:00:00+00:00, run_after=2026-08-08 00:00:00+00:00
[2026-08-08T18:18:43.923+0000] {processor.py:208} INFO - Processing /home/airflow/.local/lib/python3.12/site-packages/airflow/example_dags/example_outlet_event_extra.py took 0.213 seconds
[2026-08-08T18:19:14.206+0000] {processor.py:186} INFO - Started process (PID=358) to work on /home/airflow/.local/lib/python3.12/site-packages/airflow/example_dags/example_outlet_event_extra.py
[2026-08-08T18:19:14.207+0000] {processor.py:914} INFO - Processing file /home/airflow/.local/lib/python3.12/site-packages/airflow/example_dags/example_outlet_event_extra.py for tasks to queue
[2026-08-08T18:19:14.211+0000] {logging_mixin.py:190} INFO - [2026-08-08T18:19:14.210+0000] {dagbag.py:587} INFO - Filling up the DagBag from /home/airflow/.local/lib/python3.12/site-packages/airflow/example_dags/example_outlet_event_extra.py
[2026-08-08T18:19:14.355+0000] {processor.py:925} INFO - DAG(s) 'dataset_with_extra_by_yield', 'dataset_with_extra_by_context', 'dataset_with_extra_from_classic_operator' retrieved from /home/airflow/.local/lib/python3.12/site-packages/airflow/example_dags/example_outlet_event_extra.py
[2026-08-08T18:19:14.395+0000] {logging_mixin.py:190} INFO - [2026-08-08T18:19:14.394+0000] {dag.py:3211} INFO - Sync 3 DAGs
[2026-08-08T18:19:14.426+0000] {logging_mixin.py:190} INFO - [2026-08-08T18:19:14.426+0000] {dag.py:4138} INFO - Setting next_dagrun for dataset_with_extra_by_context to 2026-08-07 00:00:00+00:00, run_after=2026-08-08 00:00:00+00:00
[2026-08-08T18:19:14.433+0000] {logging_mixin.py:190} INFO - [2026-08-08T18:19:14.433+0000] {dag.py:4138} INFO - Setting next_dagrun for dataset_with_extra_by_yield to 2026-08-07 00:00:00+00:00, run_after=2026-08-08 00:00:00+00:00
[2026-08-08T18:19:14.436+0000] {logging_mixin.py:190} INFO - [2026-08-08T18:19:14.436+0000] {dag.py:4138} INFO - Setting next_dagrun for dataset_with_extra_from_classic_operator to 2026-08-07 00:00:00+00:00, run_after=2026-08-08 00:00:00+00:00
[2026-08-08T18:19:14.466+0000] {processor.py:208} INFO - Processing /home/airflow/.local/lib/python3.12/site-packages/airflow/example_dags/example_outlet_event_extra.py took 0.267 seconds
[2026-08-08T18:24:00.106+0000] {processor.py:186} INFO - Started process (PID=420) to work on /home/airflow/.local/lib/python3.12/site-packages/airflow/example_dags/example_outlet_event_extra.py
[2026-08-08T18:24:00.120+0000] {processor.py:914} INFO - Processing file /home/airflow/.local/lib/python3.12/site-packages/airflow/example_dags/example_outlet_event_extra.py for tasks to queue
[2026-08-08T18:24:00.330+0000] {logging_mixin.py:190} INFO - [2026-08-08T18:24:00.330+0000] {dagbag.py:587} INFO - Filling up the DagBag from /home/airflow/.local/lib/python3.12/site-packages/airflow/example_dags/example_outlet_event_extra.py
[2026-08-08T18:24:00.436+0000] {processor.py:925} INFO - DAG(s) 'dataset_with_extra_by_yield', 'dataset_with_extra_by_context', 'dataset_with_extra_from_classic_operator' retrieved from /home/airflow/.local/lib/python3.12/site-packages/airflow/example_dags/example_outlet_event_extra.py
[2026-08-08T18:24:00.463+0000] {logging_mixin.py:190} INFO - [2026-08-08T18:24:00.462+0000] {dag.py:3211} INFO - Sync 3 DAGs
[2026-08-08T18:24:00.498+0000] {logging_mixin.py:190} INFO - [2026-08-08T18:24:00.497+0000] {dag.py:4138} INFO - Setting next_dagrun for dataset_with_extra_by_context to 2026-08-07 00:00:00+00:00, run_after=2026-08-08 00:00:00+00:00
[2026-08-08T18:24:00.504+0000] {logging_mixin.py:190} INFO - [2026-08-08T18:24:00.504+0000] {dag.py:4138} INFO - Setting next_dagrun for dataset_with_extra_by_yield to 2026-08-07 00:00:00+00:00, run_after=2026-08-08 00:00:00+00:00
[2026-08-08T18:24:00.510+0000] {logging_mixin.py:190} INFO - [2026-08-08T18:24:00.509+0000] {dag.py:4138} INFO - Setting next_dagrun for dataset_with_extra_from_classic_operator to 2026-08-07 00:00:00+00:00, run_after=2026-08-08 00:00:00+00:00
[2026-08-08T18:24:00.556+0000] {processor.py:208} INFO - Processing /home/airflow/.local/lib/python3.12/site-packages/airflow/example_dags/example_outlet_event_extra.py took 0.574 seconds
[2026-08-08T18:24:30.819+0000] {processor.py:186} INFO - Started process (PID=483) to work on /home/airflow/.local/lib/python3.12/site-packages/airflow/example_dags/example_outlet_event_extra.py
[2026-08-08T18:24:30.821+0000] {processor.py:914} INFO - Processing file /home/airflow/.local/lib/python3.12/site-packages/airflow/example_dags/example_outlet_event_extra.py for tasks to queue
[2026-08-08T18:24:30.825+0000] {logging_mixin.py:190} INFO - [2026-08-08T18:24:30.825+0000] {dagbag.py:587} INFO - Filling up the DagBag from /home/airflow/.local/lib/python3.12/site-packages/airflow/example_dags/example_outlet_event_extra.py
[2026-08-08T18:24:31.013+0000] {processor.py:925} INFO - DAG(s) 'dataset_with_extra_by_context', 'dataset_with_extra_by_yield', 'dataset_with_extra_from_classic_operator' retrieved from /home/airflow/.local/lib/python3.12/site-packages/airflow/example_dags/example_outlet_event_extra.py
[2026-08-08T18:24:31.042+0000] {logging_mixin.py:190} INFO - [2026-08-08T18:24:31.041+0000] {dag.py:3211} INFO - Sync 3 DAGs
[2026-08-08T18:24:31.070+0000] {logging_mixin.py:190} INFO - [2026-08-08T18:24:31.069+0000] {dag.py:4138} INFO - Setting next_dagrun for dataset_with_extra_by_context to 2026-08-07 00:00:00+00:00, run_after=2026-08-08 00:00:00+00:00
[2026-08-08T18:24:31.077+0000] {logging_mixin.py:190} INFO - [2026-08-08T18:24:31.077+0000] {dag.py:4138} INFO - Setting next_dagrun for dataset_with_extra_by_yield to 2026-08-07 00:00:00+00:00, run_after=2026-08-08 00:00:00+00:00
[2026-08-08T18:24:31.081+0000] {logging_mixin.py:190} INFO - [2026-08-08T18:24:31.081+0000] {dag.py:4138} INFO - Setting next_dagrun for dataset_with_extra_from_classic_operator to 2026-08-07 00:00:00+00:00, run_after=2026-08-08 00:00:00+00:00
[2026-08-08T18:24:31.108+0000] {processor.py:208} INFO - Processing /home/airflow/.local/lib/python3.12/site-packages/airflow/example_dags/example_outlet_event_extra.py took 0.298 seconds
[2026-08-08T18:25:01.482+0000] {processor.py:186} INFO - Started process (PID=546) to work on /home/airflow/.local/lib/python3.12/site-packages/airflow/example_dags/example_outlet_event_extra.py
[2026-08-08T18:25:01.484+0000] {processor.py:914} INFO - Processing file /home/airflow/.local/lib/python3.12/site-packages/airflow/example_dags/example_outlet_event_extra.py for tasks to queue
[2026-08-08T18:25:01.488+0000] {logging_mixin.py:190} INFO - [2026-08-08T18:25:01.488+0000] {dagbag.py:587} INFO - Filling up the DagBag from /home/airflow/.local/lib/python3.12/site-packages/airflow/example_dags/example_outlet_event_extra.py
[2026-08-08T18:25:01.707+0000] {processor.py:925} INFO - DAG(s) 'dataset_with_extra_by_yield', 'dataset_with_extra_from_classic_operator', 'dataset_with_extra_by_context' retrieved from /home/airflow/.local/lib/python3.12/site-packages/airflow/example_dags/example_outlet_event_extra.py
[2026-08-08T18:25:01.749+0000] {logging_mixin.py:190} INFO - [2026-08-08T18:25:01.748+0000] {dag.py:3211} INFO - Sync 3 DAGs
[2026-08-08T18:25:01.779+0000] {logging_mixin.py:190} INFO - [2026-08-08T18:25:01.778+0000] {dag.py:4138} INFO - Setting next_dagrun for dataset_with_extra_by_context to 2026-08-07 00:00:00+00:00, run_after=2026-08-08 00:00:00+00:00
[2026-08-08T18:25:01.787+0000] {logging_mixin.py:190} INFO - [2026-08-08T18:25:01.786+0000] {dag.py:4138} INFO - Setting next_dagrun for dataset_with_extra_by_yield to 2026-08-07 00:00:00+00:00, run_after=2026-08-08 00:00:00+00:00
[2026-08-08T18:25:01.789+0000] {logging_mixin.py:190} INFO - [2026-08-08T18:25:01.789+0000] {dag.py:4138} INFO - Setting next_dagrun for dataset_with_extra_from_classic_operator to 2026-08-07 00:00:00+00:00, run_after=2026-08-08 00:00:00+00:00
[2026-08-08T18:25:01.813+0000] {processor.py:208} INFO - Processing /home/airflow/.local/lib/python3.12/site-packages/airflow/example_dags/example_outlet_event_extra.py took 0.341 seconds
[2026-08-08T18:25:32.012+0000] {processor.py:186} INFO - Started process (PID=609) to work on /home/airflow/.local/lib/python3.12/site-packages/airflow/example_dags/example_outlet_event_extra.py
[2026-08-08T18:25:32.014+0000] {processor.py:914} INFO - Processing file /home/airflow/.local/lib/python3.12/site-packages/airflow/example_dags/example_outlet_event_extra.py for tasks to queue
[2026-08-08T18:25:32.017+0000] {logging_mixin.py:190} INFO - [2026-08-08T18:25:32.016+0000] {dagbag.py:587} INFO - Filling up the DagBag from /home/airflow/.local/lib/python3.12/site-packages/airflow/example_dags/example_outlet_event_extra.py
[2026-08-08T18:25:32.183+0000] {processor.py:925} INFO - DAG(s) 'dataset_with_extra_from_classic_operator', 'dataset_with_extra_by_context', 'dataset_with_extra_by_yield' retrieved from /home/airflow/.local/lib/python3.12/site-packages/airflow/example_dags/example_outlet_event_extra.py
[2026-08-08T18:25:32.215+0000] {logging_mixin.py:190} INFO - [2026-08-08T18:25:32.215+0000] {dag.py:3211} INFO - Sync 3 DAGs
[2026-08-08T18:25:32.240+0000] {logging_mixin.py:190} INFO - [2026-08-08T18:25:32.240+0000] {dag.py:4138} INFO - Setting next_dagrun for dataset_with_extra_by_context to 2026-08-07 00:00:00+00:00, run_after=2026-08-08 00:00:00+00:00
[2026-08-08T18:25:32.245+0000] {logging_mixin.py:190} INFO - [2026-08-08T18:25:32.245+0000] {dag.py:4138} INFO - Setting next_dagrun for dataset_with_extra_by_yield to 2026-08-07 00:00:00+00:00, run_after=2026-08-08 00:00:00+00:00
[2026-08-08T18:25:32.248+0000] {logging_mixin.py:190} INFO - [2026-08-08T18:25:32.248+0000] {dag.py:4138} INFO - Setting next_dagrun for dataset_with_extra_from_classic_operator to 2026-08-07 00:00:00+00:00, run_after=2026-08-08 00:00:00+00:00
[2026-08-08T18:25:32.269+0000] {processor.py:208} INFO - Processing /home/airflow/.local/lib/python3.12/site-packages/airflow/example_dags/example_outlet_event_extra.py took 0.263 seconds
[2026-08-08T18:26:02.455+0000] {processor.py:186} INFO - Started process (PID=673) to work on /home/airflow/.local/lib/python3.12/site-packages/airflow/example_dags/example_outlet_event_extra.py
[2026-08-08T18:26:02.457+0000] {processor.py:914} INFO - Processing file /home/airflow/.local/lib/python3.12/site-packages/airflow/example_dags/example_outlet_event_extra.py for tasks to queue
[2026-08-08T18:26:02.460+0000] {logging_mixin.py:190} INFO - [2026-08-08T18:26:02.459+0000] {dagbag.py:587} INFO - Filling up the DagBag from /home/airflow/.local/lib/python3.12/site-packages/airflow/example_dags/example_outlet_event_extra.py
[2026-08-08T18:26:02.576+0000] {processor.py:925} INFO - DAG(s) 'dataset_with_extra_by_yield', 'dataset_with_extra_by_context', 'dataset_with_extra_from_classic_operator' retrieved from /home/airflow/.local/lib/python3.12/site-packages/airflow/example_dags/example_outlet_event_extra.py
[2026-08-08T18:26:02.601+0000] {logging_mixin.py:190} INFO - [2026-08-08T18:26:02.601+0000] {dag.py:3211} INFO - Sync 3 DAGs
[2026-08-08T18:26:02.623+0000] {logging_mixin.py:190} INFO - [2026-08-08T18:26:02.623+0000] {dag.py:4138} INFO - Setting next_dagrun for dataset_with_extra_by_context to 2026-08-07 00:00:00+00:00, run_after=2026-08-08 00:00:00+00:00
[2026-08-08T18:26:02.629+0000] {logging_mixin.py:190} INFO - [2026-08-08T18:26:02.629+0000] {dag.py:4138} INFO - Setting next_dagrun for dataset_with_extra_by_yield to 2026-08-07 00:00:00+00:00, run_after=2026-08-08 00:00:00+00:00
[2026-08-08T18:26:02.633+0000] {logging_mixin.py:190} INFO - [2026-08-08T18:26:02.633+0000] {dag.py:4138} INFO - Setting next_dagrun for dataset_with_extra_from_classic_operator to 2026-08-07 00:00:00+00:00, run_after=2026-08-08 00:00:00+00:00
[2026-08-08T18:26:02.652+0000] {processor.py:208} INFO - Processing /home/airflow/.local/lib/python3.12/site-packages/airflow/example_dags/example_outlet_event_extra.py took 0.202 seconds
[2026-08-08T18:26:33.337+0000] {processor.py:186} INFO - Started process (PID=736) to work on /home/airflow/.local/lib/python3.12/site-packages/airflow/example_dags/example_outlet_event_extra.py
[2026-08-08T18:26:33.340+0000] {processor.py:914} INFO - Processing file /home/airflow/.local/lib/python3.12/site-packages/airflow/example_dags/example_outlet_event_extra.py for tasks to queue
[2026-08-08T18:26:33.345+0000] {logging_mixin.py:190} INFO - [2026-08-08T18:26:33.344+0000] {dagbag.py:587} INFO - Filling up the DagBag from /home/airflow/.local/lib/python3.12/site-packages/airflow/example_dags/example_outlet_event_extra.py
[2026-08-08T18:26:33.553+0000] {processor.py:925} INFO - DAG(s) 'dataset_with_extra_from_classic_operator', 'dataset_with_extra_by_yield', 'dataset_with_extra_by_context' retrieved from /home/airflow/.local/lib/python3.12/site-packages/airflow/example_dags/example_outlet_event_extra.py
[2026-08-08T18:26:33.582+0000] {logging_mixin.py:190} INFO - [2026-08-08T18:26:33.582+0000] {dag.py:3211} INFO - Sync 3 DAGs
[2026-08-08T18:26:33.609+0000] {logging_mixin.py:190} INFO - [2026-08-08T18:26:33.608+0000] {dag.py:4138} INFO - Setting next_dagrun for dataset_with_extra_by_context to 2026-08-07 00:00:00+00:00, run_after=2026-08-08 00:00:00+00:00
[2026-08-08T18:26:33.614+0000] {logging_mixin.py:190} INFO - [2026-08-08T18:26:33.614+0000] {dag.py:4138} INFO - Setting next_dagrun for dataset_with_extra_by_yield to 2026-08-07 00:00:00+00:00, run_after=2026-08-08 00:00:00+00:00
[2026-08-08T18:26:33.617+0000] {logging_mixin.py:190} INFO - [2026-08-08T18:26:33.617+0000] {dag.py:4138} INFO - Setting next_dagrun for dataset_with_extra_from_classic_operator to 2026-08-07 00:00:00+00:00, run_after=2026-08-08 00:00:00+00:00
[2026-08-08T18:26:33.640+0000] {processor.py:208} INFO - Processing /home/airflow/.local/lib/python3.12/site-packages/airflow/example_dags/example_outlet_event_extra.py took 0.311 seconds
