[2026-08-08T17:25:15.290+0000] {processor.py:186} INFO - Started process (PID=119) to work on /home/airflow/.local/lib/python3.12/site-packages/airflow/example_dags/example_setup_teardown_taskflow.py
[2026-08-08T17:25:15.292+0000] {processor.py:914} INFO - Processing file /home/airflow/.local/lib/python3.12/site-packages/airflow/example_dags/example_setup_teardown_taskflow.py for tasks to queue
[2026-08-08T17:25:15.294+0000] {logging_mixin.py:190} INFO - [2026-08-08T17:25:15.294+0000] {dagbag.py:587} INFO - Filling up the DagBag from /home/airflow/.local/lib/python3.12/site-packages/airflow/example_dags/example_setup_teardown_taskflow.py
[2026-08-08T17:25:15.307+0000] {processor.py:925} INFO - DAG(s) 'example_setup_teardown_taskflow' retrieved from /home/airflow/.local/lib/python3.12/site-packages/airflow/example_dags/example_setup_teardown_taskflow.py
[2026-08-08T17:25:15.415+0000] {logging_mixin.py:190} INFO - [2026-08-08T17:25:15.414+0000] {override.py:1858} INFO - Created Permission View: can delete on DAG:example_setup_teardown_taskflow
[2026-08-08T17:25:15.428+0000] {logging_mixin.py:190} INFO - [2026-08-08T17:25:15.428+0000] {override.py:1858} INFO - Created Permission View: can edit on DAG:example_setup_teardown_taskflow
[2026-08-08T17:25:15.440+0000] {logging_mixin.py:190} INFO - [2026-08-08T17:25:15.439+0000] {override.py:1858} INFO - Created Permission View: can read on DAG:example_setup_teardown_taskflow
[2026-08-08T17:25:15.441+0000] {logging_mixin.py:190} INFO - [2026-08-08T17:25:15.440+0000] {dag.py:3211} INFO - Sync 1 DAGs
[2026-08-08T17:25:15.455+0000] {logging_mixin.py:190} INFO - [2026-08-08T17:25:15.455+0000] {dag.py:3234} INFO - Creating ORM DAG for example_setup_teardown_taskflow
[2026-08-08T17:25:15.466+0000] {logging_mixin.py:190} INFO - [2026-08-08T17:25:15.466+0000] {dag.py:4138} INFO - Setting next_dagrun for example_setup_teardown_taskflow to 2026-08-07 00:00:00+00:00, run_after=2026-08-08 00:00:00+00:00
[2026-08-08T17:25:15.488+0000] {processor.py:208} INFO - Processing /home/airflow/.local/lib/python3.12/site-packages/airflow/example_dags/example_setup_teardown_taskflow.py took 0.204 seconds
[2026-08-08T17:25:45.653+0000] {processor.py:186} INFO - Started process (PID=182) to work on /home/airflow/.local/lib/python3.12/site-packages/airflow/example_dags/example_setup_teardown_taskflow.py
[2026-08-08T17:25:45.654+0000] {processor.py:914} INFO - Processing file /home/airflow/.local/lib/python3.12/site-packages/airflow/example_dags/example_setup_teardown_taskflow.py for tasks to queue
[2026-08-08T17:25:45.657+0000] {logging_mixin.py:190} INFO - [2026-08-08T17:25:45.656+0000] {dagbag.py:587} INFO - Filling up the DagBag from /home/airflow/.local/lib/python3.12/site-packages/airflow/example_dags/example_setup_teardown_taskflow.py
[2026-08-08T17:25:45.666+0000] {processor.py:925} INFO - DAG(s) 'example_setup_teardown_taskflow' retrieved from /home/airflow/.local/lib/python3.12/site-packages/airflow/example_dags/example_setup_teardown_taskflow.py
[2026-08-08T17:25:45.683+0000] {logging_mixin.py:190} INFO - [2026-08-08T17:25:45.683+0000] {dag.py:3211} INFO - Sync 1 DAGs
[2026-08-08T17:25:45.701+0000] {logging_mixin.py:190} INFO - [2026-08-08T17:25:45.701+0000] {dag.py:4138} INFO - Setting next_dagrun for example_setup_teardown_taskflow to 2026-08-07 00:00:00+00:00, run_after=2026-08-08 00:00:00+00:00
[2026-08-08T17:25:45.722+0000] {processor.py:208} INFO - Processing /home/airflow/.local/lib/python3.12/site-packages/airflow/example_dags/example_setup_teardown_taskflow.py took 0.074 seconds
[2026-08-08T17:26:16.249+0000] {processor.py:186} INFO - Started process (PID=245) to work on /home/airflow/.local/lib/python3.12/site-packages/airflow/example_dags/example_setup_teardown_taskflow.py
[2026-08-08T17:26:16.251+0000] {processor.py:914} INFO - Processing file /home/airflow/.local/lib/python3.12/site-packages/airflow/example_dags/example_setup_teardown_taskflow.py for tasks to queue
[2026-08-08T17:26:16.254+0000] {logging_mixin.py:190} INFO - [2026-08-08T17:26:16.254+0000] {dagbag.py:587} INFO - Filling up the DagBag from /home/airflow/.local/lib/python3.12/site-packages/airflow/example_dags/example_setup_teardown_taskflow.py
[2026-08-08T17:26:16.269+0000] {processor.py:925} INFO - DAG(s) 'example_setup_teardown_taskflow' retrieved from /home/airflow/.local/lib/python3.12/site-packages/airflow/example_dags/example_setup_teardown_taskflow.py
[2026-08-08T17:26:16.298+0000] {logging_mixin.py:190} INFO - [2026-08-08T17:26:16.298+0000] {dag.py:3211} INFO - Sync 1 DAGs
[2026-08-08T17:26:16.329+0000] {logging_mixin.py:190} INFO - [2026-08-08T17:26:16.328+0000] {dag.py:4138} INFO - Setting next_dagrun for example_setup_teardown_taskflow to 2026-08-07 00:00:00+00:00, run_after=2026-08-08 00:00:00+00:00
[2026-08-08T17:26:16.358+0000] {processor.py:208} INFO - Processing /home/airflow/.local/lib/python3.12/site-packages/airflow/example_dags/example_setup_teardown_taskflow.py took 0.115 seconds
[2026-08-08T17:26:46.448+0000] {processor.py:186} INFO - Started process (PID=308) to work on /home/airflow/.local/lib/python3.12/site-packages/airflow/example_dags/example_setup_teardown_taskflow.py
[2026-08-08T17:26:46.449+0000] {processor.py:914} INFO - Processing file /home/airflow/.local/lib/python3.12/site-packages/airflow/example_dags/example_setup_teardown_taskflow.py for tasks to queue
[2026-08-08T17:26:46.452+0000] {logging_mixin.py:190} INFO - [2026-08-08T17:26:46.451+0000] {dagbag.py:587} INFO - Filling up the DagBag from /home/airflow/.local/lib/python3.12/site-packages/airflow/example_dags/example_setup_teardown_taskflow.py
[2026-08-08T17:26:46.464+0000] {processor.py:925} INFO - DAG(s) 'example_setup_teardown_taskflow' retrieved from /home/airflow/.local/lib/python3.12/site-packages/airflow/example_dags/example_setup_teardown_taskflow.py
[2026-08-08T17:26:46.486+0000] {logging_mixin.py:190} INFO - [2026-08-08T17:26:46.486+0000] {dag.py:3211} INFO - Sync 1 DAGs
[2026-08-08T17:26:46.505+0000] {logging_mixin.py:190} INFO - [2026-08-08T17:26:46.505+0000] {dag.py:4138} INFO - Setting next_dagrun for example_setup_teardown_taskflow to 2026-08-07 00:00:00+00:00, run_after=2026-08-08 00:00:00+00:00
[2026-08-08T17:26:46.525+0000] {processor.py:208} INFO - Processing /home/airflow/.local/lib/python3.12/site-packages/airflow/example_dags/example_setup_teardown_taskflow.py took 0.082 seconds
[2026-08-08T17:27:16.579+0000] {processor.py:186} INFO - Started process (PID=370) to work on /home/airflow/.local/lib/python3.12/site-packages/airflow/example_dags/example_setup_teardown_taskflow.py
[2026-08-08T17:27:16.580+0000] {processor.py:914} INFO - Processing file /home/airflow/.local/lib/python3.12/site-packages/airflow/example_dags/example_setup_teardown_taskflow.py for tasks to queue
[2026-08-08T17:27:16.583+0000] {logging_mixin.py:190} INFO - [2026-08-08T17:27:16.582+0000] {dagbag.py:587} INFO - Filling up the DagBag from /home/airflow/.local/lib/python3.12/site-packages/airflow/example_dags/example_setup_teardown_taskflow.py
[2026-08-08T17:27:16.591+0000] {processor.py:925} INFO - DAG(s) 'example_setup_teardown_taskflow' retrieved from /home/airflow/.local/lib/python3.12/site-packages/airflow/example_dags/example_setup_teardown_taskflow.py
[2026-08-08T17:27:16.607+0000] {logging_mixin.py:190} INFO - [2026-08-08T17:27:16.606+0000] {dag.py:3211} INFO - Sync 1 DAGs
[2026-08-08T17:27:16.621+0000] {logging_mixin.py:190} INFO - [2026-08-08T17:27:16.621+0000] {dag.py:4138} INFO - Setting next_dagrun for example_setup_teardown_taskflow to 2026-08-07 00:00:00+00:00, run_after=2026-08-08 00:00:00+00:00
[2026-08-08T17:27:16.635+0000] {processor.py:208} INFO - Processing /home/airflow/.local/lib/python3.12/site-packages/airflow/example_dags/example_setup_teardown_taskflow.py took 0.060 seconds
[2026-08-08T17:27:47.196+0000] {processor.py:186} INFO - Started process (PID=434) to work on /home/airflow/.local/lib/python3.12/site-packages/airflow/example_dags/example_setup_teardown_taskflow.py
[2026-08-08T17:27:47.198+0000] {processor.py:914} INFO - Processing file /home/airflow/.local/lib/python3.12/site-packages/airflow/example_dags/example_setup_teardown_taskflow.py for tasks to queue
[2026-08-08T17:27:47.201+0000] {logging_mixin.py:190} INFO - [2026-08-08T17:27:47.201+0000] {dagbag.py:587} INFO - Filling up the DagBag from /home/airflow/.local/lib/python3.12/site-packages/airflow/example_dags/example_setup_teardown_taskflow.py
[2026-08-08T17:27:47.212+0000] {processor.py:925} INFO - DAG(s) 'example_setup_teardown_taskflow' retrieved from /home/airflow/.local/lib/python3.12/site-packages/airflow/example_dags/example_setup_teardown_taskflow.py
[2026-08-08T17:27:47.231+0000] {logging_mixin.py:190} INFO - [2026-08-08T17:27:47.230+0000] {dag.py:3211} INFO - Sync 1 DAGs
[2026-08-08T17:27:47.250+0000] {logging_mixin.py:190} INFO - [2026-08-08T17:27:47.250+0000] {dag.py:4138} INFO - Setting next_dagrun for example_setup_teardown_taskflow to 2026-08-07 00:00:00+00:00, run_after=2026-08-08 00:00:00+00:00
[2026-08-08T17:27:47.267+0000] {processor.py:208} INFO - Processing /home/airflow/.local/lib/python3.12/site-packages/airflow/example_dags/example_setup_teardown_taskflow.py took 0.077 seconds
[2026-08-08T17:28:17.700+0000] {processor.py:186} INFO - Started process (PID=497) to work on /home/airflow/.local/lib/python3.12/site-packages/airflow/example_dags/example_setup_teardown_taskflow.py
[2026-08-08T17:28:17.702+0000] {processor.py:914} INFO - Processing file /home/airflow/.local/lib/python3.12/site-packages/airflow/example_dags/example_setup_teardown_taskflow.py for tasks to queue
[2026-08-08T17:28:17.705+0000] {logging_mixin.py:190} INFO - [2026-08-08T17:28:17.705+0000] {dagbag.py:587} INFO - Filling up the DagBag from /home/airflow/.local/lib/python3.12/site-packages/airflow/example_dags/example_setup_teardown_taskflow.py
[2026-08-08T17:28:17.717+0000] {processor.py:925} INFO - DAG(s) 'example_setup_teardown_taskflow' retrieved from /home/airflow/.local/lib/python3.12/site-packages/airflow/example_dags/example_setup_teardown_taskflow.py
[2026-08-08T17:28:17.746+0000] {logging_mixin.py:190} INFO - [2026-08-08T17:28:17.746+0000] {dag.py:3211} INFO - Sync 1 DAGs
[2026-08-08T17:28:17.775+0000] {logging_mixin.py:190} INFO - [2026-08-08T17:28:17.775+0000] {dag.py:4138} INFO - Setting next_dagrun for example_setup_teardown_taskflow to 2026-08-07 00:00:00+00:00, run_after=2026-08-08 00:00:00+00:00
[2026-08-08T17:28:17.803+0000] {processor.py:208} INFO - Processing /home/airflow/.local/lib/python3.12/site-packages/airflow/example_dags/example_setup_teardown_taskflow.py took 0.109 seconds
[2026-08-08T17:28:48.011+0000] {processor.py:186} INFO - Started process (PID=560) to work on /home/airflow/.local/lib/python3.12/site-packages/airflow/example_dags/example_setup_teardown_taskflow.py
[2026-08-08T17:28:48.013+0000] {processor.py:914} INFO - Processing file /home/airflow/.local/lib/python3.12/site-packages/airflow/example_dags/example_setup_teardown_taskflow.py for tasks to queue
[2026-08-08T17:28:48.015+0000] {logging_mixin.py:190} INFO - [2026-08-08T17:28:48.015+0000] {dagbag.py:587} INFO - Filling up the DagBag from /home/airflow/.local/lib/python3.12/site-packages/airflow/example_dags/example_setup_teardown_taskflow.py
[2026-08-08T17:28:48.026+0000] {processor.py:925} INFO - DAG(s) 'example_setup_teardown_taskflow' retrieved from /home/airflow/.local/lib/python3.12/site-packages/airflow/example_dags/example_setup_teardown_taskflow.py
[2026-08-08T17:28:48.047+0000] {logging_mixin.py:190} INFO - [2026-08-08T17:28:48.047+0000] {dag.py:3211} INFO - Sync 1 DAGs
[2026-08-08T17:28:48.070+0000] {logging_mixin.py:190} INFO - [2026-08-08T17:28:48.069+0000] {dag.py:4138} INFO - Setting next_dagrun for example_setup_teardown_taskflow to 2026-08-07 00:00:00+00:00, run_after=2026-08-08 00:00:00+00:00
[2026-08-08T17:28:48.093+0000] {processor.py:208} INFO - Processing /home/airflow/.local/lib/python3.12/site-packages/airflow/example_dags/example_setup_teardown_taskflow.py took 0.088 seconds
[2026-08-08T17:29:18.260+0000] {processor.py:186} INFO - Started process (PID=623) to work on /home/airflow/.local/lib/python3.12/site-packages/airflow/example_dags/example_setup_teardown_taskflow.py
[2026-08-08T17:29:18.262+0000] {processor.py:914} INFO - Processing file /home/airflow/.local/lib/python3.12/site-packages/airflow/example_dags/example_setup_teardown_taskflow.py for tasks to queue
[2026-08-08T17:29:18.265+0000] {logging_mixin.py:190} INFO - [2026-08-08T17:29:18.264+0000] {dagbag.py:587} INFO - Filling up the DagBag from /home/airflow/.local/lib/python3.12/site-packages/airflow/example_dags/example_setup_teardown_taskflow.py
[2026-08-08T17:29:18.277+0000] {processor.py:925} INFO - DAG(s) 'example_setup_teardown_taskflow' retrieved from /home/airflow/.local/lib/python3.12/site-packages/airflow/example_dags/example_setup_teardown_taskflow.py
[2026-08-08T17:29:18.301+0000] {logging_mixin.py:190} INFO - [2026-08-08T17:29:18.301+0000] {dag.py:3211} INFO - Sync 1 DAGs
[2026-08-08T17:29:18.324+0000] {logging_mixin.py:190} INFO - [2026-08-08T17:29:18.324+0000] {dag.py:4138} INFO - Setting next_dagrun for example_setup_teardown_taskflow to 2026-08-07 00:00:00+00:00, run_after=2026-08-08 00:00:00+00:00
[2026-08-08T17:29:18.345+0000] {processor.py:208} INFO - Processing /home/airflow/.local/lib/python3.12/site-packages/airflow/example_dags/example_setup_teardown_taskflow.py took 0.091 seconds
[2026-08-08T17:29:49.132+0000] {processor.py:186} INFO - Started process (PID=686) to work on /home/airflow/.local/lib/python3.12/site-packages/airflow/example_dags/example_setup_teardown_taskflow.py
[2026-08-08T17:29:49.133+0000] {processor.py:914} INFO - Processing file /home/airflow/.local/lib/python3.12/site-packages/airflow/example_dags/example_setup_teardown_taskflow.py for tasks to queue
[2026-08-08T17:29:49.136+0000] {logging_mixin.py:190} INFO - [2026-08-08T17:29:49.136+0000] {dagbag.py:587} INFO - Filling up the DagBag from /home/airflow/.local/lib/python3.12/site-packages/airflow/example_dags/example_setup_teardown_taskflow.py
[2026-08-08T17:29:49.151+0000] {processor.py:925} INFO - DAG(s) 'example_setup_teardown_taskflow' retrieved from /home/airflow/.local/lib/python3.12/site-packages/airflow/example_dags/example_setup_teardown_taskflow.py
[2026-08-08T17:29:49.177+0000] {logging_mixin.py:190} INFO - [2026-08-08T17:29:49.177+0000] {dag.py:3211} INFO - Sync 1 DAGs
[2026-08-08T17:29:49.201+0000] {logging_mixin.py:190} INFO - [2026-08-08T17:29:49.201+0000] {dag.py:4138} INFO - Setting next_dagrun for example_setup_teardown_taskflow to 2026-08-07 00:00:00+00:00, run_after=2026-08-08 00:00:00+00:00
[2026-08-08T17:29:49.223+0000] {processor.py:208} INFO - Processing /home/airflow/.local/lib/python3.12/site-packages/airflow/example_dags/example_setup_teardown_taskflow.py took 0.098 seconds
[2026-08-08T17:30:19.974+0000] {processor.py:186} INFO - Started process (PID=749) to work on /home/airflow/.local/lib/python3.12/site-packages/airflow/example_dags/example_setup_teardown_taskflow.py
[2026-08-08T17:30:19.975+0000] {processor.py:914} INFO - Processing file /home/airflow/.local/lib/python3.12/site-packages/airflow/example_dags/example_setup_teardown_taskflow.py for tasks to queue
[2026-08-08T17:30:19.978+0000] {logging_mixin.py:190} INFO - [2026-08-08T17:30:19.977+0000] {dagbag.py:587} INFO - Filling up the DagBag from /home/airflow/.local/lib/python3.12/site-packages/airflow/example_dags/example_setup_teardown_taskflow.py
[2026-08-08T17:30:19.989+0000] {processor.py:925} INFO - DAG(s) 'example_setup_teardown_taskflow' retrieved from /home/airflow/.local/lib/python3.12/site-packages/airflow/example_dags/example_setup_teardown_taskflow.py
[2026-08-08T17:30:20.022+0000] {logging_mixin.py:190} INFO - [2026-08-08T17:30:20.022+0000] {dag.py:3211} INFO - Sync 1 DAGs
[2026-08-08T17:30:20.046+0000] {logging_mixin.py:190} INFO - [2026-08-08T17:30:20.046+0000] {dag.py:4138} INFO - Setting next_dagrun for example_setup_teardown_taskflow to 2026-08-07 00:00:00+00:00, run_after=2026-08-08 00:00:00+00:00
[2026-08-08T17:30:20.065+0000] {processor.py:208} INFO - Processing /home/airflow/.local/lib/python3.12/site-packages/airflow/example_dags/example_setup_teardown_taskflow.py took 0.097 seconds
[2026-08-08T17:30:50.234+0000] {processor.py:186} INFO - Started process (PID=812) to work on /home/airflow/.local/lib/python3.12/site-packages/airflow/example_dags/example_setup_teardown_taskflow.py
[2026-08-08T17:30:50.235+0000] {processor.py:914} INFO - Processing file /home/airflow/.local/lib/python3.12/site-packages/airflow/example_dags/example_setup_teardown_taskflow.py for tasks to queue
[2026-08-08T17:30:50.237+0000] {logging_mixin.py:190} INFO - [2026-08-08T17:30:50.237+0000] {dagbag.py:587} INFO - Filling up the DagBag from /home/airflow/.local/lib/python3.12/site-packages/airflow/example_dags/example_setup_teardown_taskflow.py
[2026-08-08T17:30:50.248+0000] {processor.py:925} INFO - DAG(s) 'example_setup_teardown_taskflow' retrieved from /home/airflow/.local/lib/python3.12/site-packages/airflow/example_dags/example_setup_teardown_taskflow.py
[2026-08-08T17:30:50.266+0000] {logging_mixin.py:190} INFO - [2026-08-08T17:30:50.265+0000] {dag.py:3211} INFO - Sync 1 DAGs
[2026-08-08T17:30:50.282+0000] {logging_mixin.py:190} INFO - [2026-08-08T17:30:50.282+0000] {dag.py:4138} INFO - Setting next_dagrun for example_setup_teardown_taskflow to 2026-08-07 00:00:00+00:00, run_after=2026-08-08 00:00:00+00:00
[2026-08-08T17:30:50.301+0000] {processor.py:208} INFO - Processing /home/airflow/.local/lib/python3.12/site-packages/airflow/example_dags/example_setup_teardown_taskflow.py took 0.072 seconds
[2026-08-08T17:31:20.944+0000] {processor.py:186} INFO - Started process (PID=875) to work on /home/airflow/.local/lib/python3.12/site-packages/airflow/example_dags/example_setup_teardown_taskflow.py
[2026-08-08T17:31:20.948+0000] {processor.py:914} INFO - Processing file /home/airflow/.local/lib/python3.12/site-packages/airflow/example_dags/example_setup_teardown_taskflow.py for tasks to queue
[2026-08-08T17:31:20.951+0000] {logging_mixin.py:190} INFO - [2026-08-08T17:31:20.950+0000] {dagbag.py:587} INFO - Filling up the DagBag from /home/airflow/.local/lib/python3.12/site-packages/airflow/example_dags/example_setup_teardown_taskflow.py
[2026-08-08T17:31:20.964+0000] {processor.py:925} INFO - DAG(s) 'example_setup_teardown_taskflow' retrieved from /home/airflow/.local/lib/python3.12/site-packages/airflow/example_dags/example_setup_teardown_taskflow.py
[2026-08-08T17:31:20.990+0000] {logging_mixin.py:190} INFO - [2026-08-08T17:31:20.990+0000] {dag.py:3211} INFO - Sync 1 DAGs
[2026-08-08T17:31:21.027+0000] {logging_mixin.py:190} INFO - [2026-08-08T17:31:21.026+0000] {dag.py:4138} INFO - Setting next_dagrun for example_setup_teardown_taskflow to 2026-08-07 00:00:00+00:00, run_after=2026-08-08 00:00:00+00:00
[2026-08-08T17:31:21.047+0000] {processor.py:208} INFO - Processing /home/airflow/.local/lib/python3.12/site-packages/airflow/example_dags/example_setup_teardown_taskflow.py took 0.109 seconds
[2026-08-08T17:31:51.987+0000] {processor.py:186} INFO - Started process (PID=938) to work on /home/airflow/.local/lib/python3.12/site-packages/airflow/example_dags/example_setup_teardown_taskflow.py
[2026-08-08T17:31:51.989+0000] {processor.py:914} INFO - Processing file /home/airflow/.local/lib/python3.12/site-packages/airflow/example_dags/example_setup_teardown_taskflow.py for tasks to queue
[2026-08-08T17:31:51.993+0000] {logging_mixin.py:190} INFO - [2026-08-08T17:31:51.992+0000] {dagbag.py:587} INFO - Filling up the DagBag from /home/airflow/.local/lib/python3.12/site-packages/airflow/example_dags/example_setup_teardown_taskflow.py
[2026-08-08T17:31:52.006+0000] {processor.py:925} INFO - DAG(s) 'example_setup_teardown_taskflow' retrieved from /home/airflow/.local/lib/python3.12/site-packages/airflow/example_dags/example_setup_teardown_taskflow.py
[2026-08-08T17:31:52.043+0000] {logging_mixin.py:190} INFO - [2026-08-08T17:31:52.043+0000] {dag.py:3211} INFO - Sync 1 DAGs
[2026-08-08T17:31:52.085+0000] {logging_mixin.py:190} INFO - [2026-08-08T17:31:52.084+0000] {dag.py:4138} INFO - Setting next_dagrun for example_setup_teardown_taskflow to 2026-08-07 00:00:00+00:00, run_after=2026-08-08 00:00:00+00:00
[2026-08-08T17:31:52.122+0000] {processor.py:208} INFO - Processing /home/airflow/.local/lib/python3.12/site-packages/airflow/example_dags/example_setup_teardown_taskflow.py took 0.144 seconds
[2026-08-08T17:32:23.054+0000] {processor.py:186} INFO - Started process (PID=1001) to work on /home/airflow/.local/lib/python3.12/site-packages/airflow/example_dags/example_setup_teardown_taskflow.py
[2026-08-08T17:32:23.056+0000] {processor.py:914} INFO - Processing file /home/airflow/.local/lib/python3.12/site-packages/airflow/example_dags/example_setup_teardown_taskflow.py for tasks to queue
[2026-08-08T17:32:23.059+0000] {logging_mixin.py:190} INFO - [2026-08-08T17:32:23.059+0000] {dagbag.py:587} INFO - Filling up the DagBag from /home/airflow/.local/lib/python3.12/site-packages/airflow/example_dags/example_setup_teardown_taskflow.py
[2026-08-08T17:32:23.072+0000] {processor.py:925} INFO - DAG(s) 'example_setup_teardown_taskflow' retrieved from /home/airflow/.local/lib/python3.12/site-packages/airflow/example_dags/example_setup_teardown_taskflow.py
[2026-08-08T17:32:23.094+0000] {logging_mixin.py:190} INFO - [2026-08-08T17:32:23.094+0000] {dag.py:3211} INFO - Sync 1 DAGs
[2026-08-08T17:32:23.122+0000] {logging_mixin.py:190} INFO - [2026-08-08T17:32:23.122+0000] {dag.py:4138} INFO - Setting next_dagrun for example_setup_teardown_taskflow to 2026-08-07 00:00:00+00:00, run_after=2026-08-08 00:00:00+00:00
[2026-08-08T17:32:23.150+0000] {processor.py:208} INFO - Processing /home/airflow/.local/lib/python3.12/site-packages/airflow/example_dags/example_setup_teardown_taskflow.py took 0.102 seconds
[2026-08-08T17:32:53.432+0000] {processor.py:186} INFO - Started process (PID=1065) to work on /home/airflow/.local/lib/python3.12/site-packages/airflow/example_dags/example_setup_teardown_taskflow.py
[2026-08-08T17:32:53.434+0000] {processor.py:914} INFO - Processing file /home/airflow/.local/lib/python3.12/site-packages/airflow/example_dags/example_setup_teardown_taskflow.py for tasks to queue
[2026-08-08T17:32:53.437+0000] {logging_mixin.py:190} INFO - [2026-08-08T17:32:53.436+0000] {dagbag.py:587} INFO - Filling up the DagBag from /home/airflow/.local/lib/python3.12/site-packages/airflow/example_dags/example_setup_teardown_taskflow.py
[2026-08-08T17:32:53.452+0000] {processor.py:925} INFO - DAG(s) 'example_setup_teardown_taskflow' retrieved from /home/airflow/.local/lib/python3.12/site-packages/airflow/example_dags/example_setup_teardown_taskflow.py
[2026-08-08T17:32:53.476+0000] {logging_mixin.py:190} INFO - [2026-08-08T17:32:53.476+0000] {dag.py:3211} INFO - Sync 1 DAGs
[2026-08-08T17:32:53.496+0000] {logging_mixin.py:190} INFO - [2026-08-08T17:32:53.495+0000] {dag.py:4138} INFO - Setting next_dagrun for example_setup_teardown_taskflow to 2026-08-07 00:00:00+00:00, run_after=2026-08-08 00:00:00+00:00
[2026-08-08T17:32:53.537+0000] {processor.py:208} INFO - Processing /home/airflow/.local/lib/python3.12/site-packages/airflow/example_dags/example_setup_teardown_taskflow.py took 0.115 seconds
[2026-08-08T17:33:24.059+0000] {processor.py:186} INFO - Started process (PID=1128) to work on /home/airflow/.local/lib/python3.12/site-packages/airflow/example_dags/example_setup_teardown_taskflow.py
[2026-08-08T17:33:24.061+0000] {processor.py:914} INFO - Processing file /home/airflow/.local/lib/python3.12/site-packages/airflow/example_dags/example_setup_teardown_taskflow.py for tasks to queue
[2026-08-08T17:33:24.063+0000] {logging_mixin.py:190} INFO - [2026-08-08T17:33:24.063+0000] {dagbag.py:587} INFO - Filling up the DagBag from /home/airflow/.local/lib/python3.12/site-packages/airflow/example_dags/example_setup_teardown_taskflow.py
[2026-08-08T17:33:24.077+0000] {processor.py:925} INFO - DAG(s) 'example_setup_teardown_taskflow' retrieved from /home/airflow/.local/lib/python3.12/site-packages/airflow/example_dags/example_setup_teardown_taskflow.py
[2026-08-08T17:33:24.098+0000] {logging_mixin.py:190} INFO - [2026-08-08T17:33:24.098+0000] {dag.py:3211} INFO - Sync 1 DAGs
[2026-08-08T17:33:24.118+0000] {logging_mixin.py:190} INFO - [2026-08-08T17:33:24.118+0000] {dag.py:4138} INFO - Setting next_dagrun for example_setup_teardown_taskflow to 2026-08-07 00:00:00+00:00, run_after=2026-08-08 00:00:00+00:00
[2026-08-08T17:33:24.142+0000] {processor.py:208} INFO - Processing /home/airflow/.local/lib/python3.12/site-packages/airflow/example_dags/example_setup_teardown_taskflow.py took 0.091 seconds
[2026-08-08T17:33:54.513+0000] {processor.py:186} INFO - Started process (PID=1191) to work on /home/airflow/.local/lib/python3.12/site-packages/airflow/example_dags/example_setup_teardown_taskflow.py
[2026-08-08T17:33:54.515+0000] {processor.py:914} INFO - Processing file /home/airflow/.local/lib/python3.12/site-packages/airflow/example_dags/example_setup_teardown_taskflow.py for tasks to queue
[2026-08-08T17:33:54.518+0000] {logging_mixin.py:190} INFO - [2026-08-08T17:33:54.517+0000] {dagbag.py:587} INFO - Filling up the DagBag from /home/airflow/.local/lib/python3.12/site-packages/airflow/example_dags/example_setup_teardown_taskflow.py
[2026-08-08T17:33:54.531+0000] {processor.py:925} INFO - DAG(s) 'example_setup_teardown_taskflow' retrieved from /home/airflow/.local/lib/python3.12/site-packages/airflow/example_dags/example_setup_teardown_taskflow.py
[2026-08-08T17:33:54.553+0000] {logging_mixin.py:190} INFO - [2026-08-08T17:33:54.553+0000] {dag.py:3211} INFO - Sync 1 DAGs
[2026-08-08T17:33:54.574+0000] {logging_mixin.py:190} INFO - [2026-08-08T17:33:54.573+0000] {dag.py:4138} INFO - Setting next_dagrun for example_setup_teardown_taskflow to 2026-08-07 00:00:00+00:00, run_after=2026-08-08 00:00:00+00:00
[2026-08-08T17:33:54.594+0000] {processor.py:208} INFO - Processing /home/airflow/.local/lib/python3.12/site-packages/airflow/example_dags/example_setup_teardown_taskflow.py took 0.087 seconds
[2026-08-08T17:34:24.650+0000] {processor.py:186} INFO - Started process (PID=1254) to work on /home/airflow/.local/lib/python3.12/site-packages/airflow/example_dags/example_setup_teardown_taskflow.py
[2026-08-08T17:34:24.652+0000] {processor.py:914} INFO - Processing file /home/airflow/.local/lib/python3.12/site-packages/airflow/example_dags/example_setup_teardown_taskflow.py for tasks to queue
[2026-08-08T17:34:24.655+0000] {logging_mixin.py:190} INFO - [2026-08-08T17:34:24.654+0000] {dagbag.py:587} INFO - Filling up the DagBag from /home/airflow/.local/lib/python3.12/site-packages/airflow/example_dags/example_setup_teardown_taskflow.py
[2026-08-08T17:34:24.664+0000] {processor.py:925} INFO - DAG(s) 'example_setup_teardown_taskflow' retrieved from /home/airflow/.local/lib/python3.12/site-packages/airflow/example_dags/example_setup_teardown_taskflow.py
[2026-08-08T17:34:24.685+0000] {logging_mixin.py:190} INFO - [2026-08-08T17:34:24.685+0000] {dag.py:3211} INFO - Sync 1 DAGs
[2026-08-08T17:34:24.704+0000] {logging_mixin.py:190} INFO - [2026-08-08T17:34:24.704+0000] {dag.py:4138} INFO - Setting next_dagrun for example_setup_teardown_taskflow to 2026-08-07 00:00:00+00:00, run_after=2026-08-08 00:00:00+00:00
[2026-08-08T17:34:24.721+0000] {processor.py:208} INFO - Processing /home/airflow/.local/lib/python3.12/site-packages/airflow/example_dags/example_setup_teardown_taskflow.py took 0.077 seconds
[2026-08-08T17:34:55.339+0000] {processor.py:186} INFO - Started process (PID=1317) to work on /home/airflow/.local/lib/python3.12/site-packages/airflow/example_dags/example_setup_teardown_taskflow.py
[2026-08-08T17:34:55.340+0000] {processor.py:914} INFO - Processing file /home/airflow/.local/lib/python3.12/site-packages/airflow/example_dags/example_setup_teardown_taskflow.py for tasks to queue
[2026-08-08T17:34:55.343+0000] {logging_mixin.py:190} INFO - [2026-08-08T17:34:55.342+0000] {dagbag.py:587} INFO - Filling up the DagBag from /home/airflow/.local/lib/python3.12/site-packages/airflow/example_dags/example_setup_teardown_taskflow.py
[2026-08-08T17:34:55.352+0000] {processor.py:925} INFO - DAG(s) 'example_setup_teardown_taskflow' retrieved from /home/airflow/.local/lib/python3.12/site-packages/airflow/example_dags/example_setup_teardown_taskflow.py
[2026-08-08T17:34:55.373+0000] {logging_mixin.py:190} INFO - [2026-08-08T17:34:55.373+0000] {dag.py:3211} INFO - Sync 1 DAGs
[2026-08-08T17:34:55.394+0000] {logging_mixin.py:190} INFO - [2026-08-08T17:34:55.394+0000] {dag.py:4138} INFO - Setting next_dagrun for example_setup_teardown_taskflow to 2026-08-07 00:00:00+00:00, run_after=2026-08-08 00:00:00+00:00
[2026-08-08T17:34:55.410+0000] {processor.py:208} INFO - Processing /home/airflow/.local/lib/python3.12/site-packages/airflow/example_dags/example_setup_teardown_taskflow.py took 0.078 seconds
[2026-08-08T17:35:25.975+0000] {processor.py:186} INFO - Started process (PID=1380) to work on /home/airflow/.local/lib/python3.12/site-packages/airflow/example_dags/example_setup_teardown_taskflow.py
[2026-08-08T17:35:25.977+0000] {processor.py:914} INFO - Processing file /home/airflow/.local/lib/python3.12/site-packages/airflow/example_dags/example_setup_teardown_taskflow.py for tasks to queue
[2026-08-08T17:35:25.979+0000] {logging_mixin.py:190} INFO - [2026-08-08T17:35:25.978+0000] {dagbag.py:587} INFO - Filling up the DagBag from /home/airflow/.local/lib/python3.12/site-packages/airflow/example_dags/example_setup_teardown_taskflow.py
[2026-08-08T17:35:25.987+0000] {processor.py:925} INFO - DAG(s) 'example_setup_teardown_taskflow' retrieved from /home/airflow/.local/lib/python3.12/site-packages/airflow/example_dags/example_setup_teardown_taskflow.py
[2026-08-08T17:35:26.002+0000] {logging_mixin.py:190} INFO - [2026-08-08T17:35:26.001+0000] {dag.py:3211} INFO - Sync 1 DAGs
[2026-08-08T17:35:26.027+0000] {logging_mixin.py:190} INFO - [2026-08-08T17:35:26.026+0000] {dag.py:4138} INFO - Setting next_dagrun for example_setup_teardown_taskflow to 2026-08-07 00:00:00+00:00, run_after=2026-08-08 00:00:00+00:00
[2026-08-08T17:35:26.046+0000] {processor.py:208} INFO - Processing /home/airflow/.local/lib/python3.12/site-packages/airflow/example_dags/example_setup_teardown_taskflow.py took 0.076 seconds
[2026-08-08T17:35:56.439+0000] {processor.py:186} INFO - Started process (PID=1443) to work on /home/airflow/.local/lib/python3.12/site-packages/airflow/example_dags/example_setup_teardown_taskflow.py
[2026-08-08T17:35:56.440+0000] {processor.py:914} INFO - Processing file /home/airflow/.local/lib/python3.12/site-packages/airflow/example_dags/example_setup_teardown_taskflow.py for tasks to queue
[2026-08-08T17:35:56.443+0000] {logging_mixin.py:190} INFO - [2026-08-08T17:35:56.442+0000] {dagbag.py:587} INFO - Filling up the DagBag from /home/airflow/.local/lib/python3.12/site-packages/airflow/example_dags/example_setup_teardown_taskflow.py
[2026-08-08T17:35:56.451+0000] {processor.py:925} INFO - DAG(s) 'example_setup_teardown_taskflow' retrieved from /home/airflow/.local/lib/python3.12/site-packages/airflow/example_dags/example_setup_teardown_taskflow.py
[2026-08-08T17:35:56.468+0000] {logging_mixin.py:190} INFO - [2026-08-08T17:35:56.468+0000] {dag.py:3211} INFO - Sync 1 DAGs
[2026-08-08T17:35:56.484+0000] {logging_mixin.py:190} INFO - [2026-08-08T17:35:56.484+0000] {dag.py:4138} INFO - Setting next_dagrun for example_setup_teardown_taskflow to 2026-08-07 00:00:00+00:00, run_after=2026-08-08 00:00:00+00:00
[2026-08-08T17:35:56.499+0000] {processor.py:208} INFO - Processing /home/airflow/.local/lib/python3.12/site-packages/airflow/example_dags/example_setup_teardown_taskflow.py took 0.065 seconds
[2026-08-08T17:36:26.807+0000] {processor.py:186} INFO - Started process (PID=1506) to work on /home/airflow/.local/lib/python3.12/site-packages/airflow/example_dags/example_setup_teardown_taskflow.py
[2026-08-08T17:36:26.809+0000] {processor.py:914} INFO - Processing file /home/airflow/.local/lib/python3.12/site-packages/airflow/example_dags/example_setup_teardown_taskflow.py for tasks to queue
[2026-08-08T17:36:26.812+0000] {logging_mixin.py:190} INFO - [2026-08-08T17:36:26.811+0000] {dagbag.py:587} INFO - Filling up the DagBag from /home/airflow/.local/lib/python3.12/site-packages/airflow/example_dags/example_setup_teardown_taskflow.py
[2026-08-08T17:36:26.824+0000] {processor.py:925} INFO - DAG(s) 'example_setup_teardown_taskflow' retrieved from /home/airflow/.local/lib/python3.12/site-packages/airflow/example_dags/example_setup_teardown_taskflow.py
[2026-08-08T17:36:26.844+0000] {logging_mixin.py:190} INFO - [2026-08-08T17:36:26.844+0000] {dag.py:3211} INFO - Sync 1 DAGs
[2026-08-08T17:36:26.864+0000] {logging_mixin.py:190} INFO - [2026-08-08T17:36:26.864+0000] {dag.py:4138} INFO - Setting next_dagrun for example_setup_teardown_taskflow to 2026-08-07 00:00:00+00:00, run_after=2026-08-08 00:00:00+00:00
[2026-08-08T17:36:26.884+0000] {processor.py:208} INFO - Processing /home/airflow/.local/lib/python3.12/site-packages/airflow/example_dags/example_setup_teardown_taskflow.py took 0.082 seconds
[2026-08-08T17:38:17.810+0000] {processor.py:186} INFO - Started process (PID=107) to work on /home/airflow/.local/lib/python3.12/site-packages/airflow/example_dags/example_setup_teardown_taskflow.py
[2026-08-08T17:38:17.811+0000] {processor.py:914} INFO - Processing file /home/airflow/.local/lib/python3.12/site-packages/airflow/example_dags/example_setup_teardown_taskflow.py for tasks to queue
[2026-08-08T17:38:17.814+0000] {logging_mixin.py:190} INFO - [2026-08-08T17:38:17.813+0000] {dagbag.py:587} INFO - Filling up the DagBag from /home/airflow/.local/lib/python3.12/site-packages/airflow/example_dags/example_setup_teardown_taskflow.py
[2026-08-08T17:38:17.824+0000] {processor.py:925} INFO - DAG(s) 'example_setup_teardown_taskflow' retrieved from /home/airflow/.local/lib/python3.12/site-packages/airflow/example_dags/example_setup_teardown_taskflow.py
[2026-08-08T17:38:17.854+0000] {logging_mixin.py:190} INFO - [2026-08-08T17:38:17.854+0000] {dag.py:3211} INFO - Sync 1 DAGs
[2026-08-08T17:38:17.874+0000] {logging_mixin.py:190} INFO - [2026-08-08T17:38:17.874+0000] {dag.py:4138} INFO - Setting next_dagrun for example_setup_teardown_taskflow to 2026-08-07 00:00:00+00:00, run_after=2026-08-08 00:00:00+00:00
[2026-08-08T17:38:17.892+0000] {processor.py:208} INFO - Processing /home/airflow/.local/lib/python3.12/site-packages/airflow/example_dags/example_setup_teardown_taskflow.py took 0.087 seconds
[2026-08-08T17:38:48.995+0000] {processor.py:186} INFO - Started process (PID=170) to work on /home/airflow/.local/lib/python3.12/site-packages/airflow/example_dags/example_setup_teardown_taskflow.py
[2026-08-08T17:38:48.996+0000] {processor.py:914} INFO - Processing file /home/airflow/.local/lib/python3.12/site-packages/airflow/example_dags/example_setup_teardown_taskflow.py for tasks to queue
[2026-08-08T17:38:49.001+0000] {logging_mixin.py:190} INFO - [2026-08-08T17:38:49.001+0000] {dagbag.py:587} INFO - Filling up the DagBag from /home/airflow/.local/lib/python3.12/site-packages/airflow/example_dags/example_setup_teardown_taskflow.py
[2026-08-08T17:38:49.013+0000] {processor.py:925} INFO - DAG(s) 'example_setup_teardown_taskflow' retrieved from /home/airflow/.local/lib/python3.12/site-packages/airflow/example_dags/example_setup_teardown_taskflow.py
[2026-08-08T17:38:49.036+0000] {logging_mixin.py:190} INFO - [2026-08-08T17:38:49.036+0000] {dag.py:3211} INFO - Sync 1 DAGs
[2026-08-08T17:38:49.056+0000] {logging_mixin.py:190} INFO - [2026-08-08T17:38:49.056+0000] {dag.py:4138} INFO - Setting next_dagrun for example_setup_teardown_taskflow to 2026-08-07 00:00:00+00:00, run_after=2026-08-08 00:00:00+00:00
[2026-08-08T17:38:49.077+0000] {processor.py:208} INFO - Processing /home/airflow/.local/lib/python3.12/site-packages/airflow/example_dags/example_setup_teardown_taskflow.py took 0.087 seconds
[2026-08-08T17:39:19.843+0000] {processor.py:186} INFO - Started process (PID=233) to work on /home/airflow/.local/lib/python3.12/site-packages/airflow/example_dags/example_setup_teardown_taskflow.py
[2026-08-08T17:39:19.845+0000] {processor.py:914} INFO - Processing file /home/airflow/.local/lib/python3.12/site-packages/airflow/example_dags/example_setup_teardown_taskflow.py for tasks to queue
[2026-08-08T17:39:19.848+0000] {logging_mixin.py:190} INFO - [2026-08-08T17:39:19.848+0000] {dagbag.py:587} INFO - Filling up the DagBag from /home/airflow/.local/lib/python3.12/site-packages/airflow/example_dags/example_setup_teardown_taskflow.py
[2026-08-08T17:39:19.857+0000] {processor.py:925} INFO - DAG(s) 'example_setup_teardown_taskflow' retrieved from /home/airflow/.local/lib/python3.12/site-packages/airflow/example_dags/example_setup_teardown_taskflow.py
[2026-08-08T17:39:19.889+0000] {logging_mixin.py:190} INFO - [2026-08-08T17:39:19.888+0000] {dag.py:3211} INFO - Sync 1 DAGs
[2026-08-08T17:39:19.913+0000] {logging_mixin.py:190} INFO - [2026-08-08T17:39:19.912+0000] {dag.py:4138} INFO - Setting next_dagrun for example_setup_teardown_taskflow to 2026-08-07 00:00:00+00:00, run_after=2026-08-08 00:00:00+00:00
[2026-08-08T17:39:19.935+0000] {processor.py:208} INFO - Processing /home/airflow/.local/lib/python3.12/site-packages/airflow/example_dags/example_setup_teardown_taskflow.py took 0.099 seconds
[2026-08-08T17:39:50.382+0000] {processor.py:186} INFO - Started process (PID=296) to work on /home/airflow/.local/lib/python3.12/site-packages/airflow/example_dags/example_setup_teardown_taskflow.py
[2026-08-08T17:39:50.383+0000] {processor.py:914} INFO - Processing file /home/airflow/.local/lib/python3.12/site-packages/airflow/example_dags/example_setup_teardown_taskflow.py for tasks to queue
[2026-08-08T17:39:50.385+0000] {logging_mixin.py:190} INFO - [2026-08-08T17:39:50.385+0000] {dagbag.py:587} INFO - Filling up the DagBag from /home/airflow/.local/lib/python3.12/site-packages/airflow/example_dags/example_setup_teardown_taskflow.py
[2026-08-08T17:39:50.393+0000] {processor.py:925} INFO - DAG(s) 'example_setup_teardown_taskflow' retrieved from /home/airflow/.local/lib/python3.12/site-packages/airflow/example_dags/example_setup_teardown_taskflow.py
[2026-08-08T17:39:50.411+0000] {logging_mixin.py:190} INFO - [2026-08-08T17:39:50.410+0000] {dag.py:3211} INFO - Sync 1 DAGs
[2026-08-08T17:39:50.427+0000] {logging_mixin.py:190} INFO - [2026-08-08T17:39:50.427+0000] {dag.py:4138} INFO - Setting next_dagrun for example_setup_teardown_taskflow to 2026-08-07 00:00:00+00:00, run_after=2026-08-08 00:00:00+00:00
[2026-08-08T17:39:50.445+0000] {processor.py:208} INFO - Processing /home/airflow/.local/lib/python3.12/site-packages/airflow/example_dags/example_setup_teardown_taskflow.py took 0.067 seconds
[2026-08-08T17:42:42.115+0000] {processor.py:186} INFO - Started process (PID=119) to work on /home/airflow/.local/lib/python3.12/site-packages/airflow/example_dags/example_setup_teardown_taskflow.py
[2026-08-08T17:42:42.117+0000] {processor.py:914} INFO - Processing file /home/airflow/.local/lib/python3.12/site-packages/airflow/example_dags/example_setup_teardown_taskflow.py for tasks to queue
[2026-08-08T17:42:42.121+0000] {logging_mixin.py:190} INFO - [2026-08-08T17:42:42.120+0000] {dagbag.py:587} INFO - Filling up the DagBag from /home/airflow/.local/lib/python3.12/site-packages/airflow/example_dags/example_setup_teardown_taskflow.py
[2026-08-08T17:42:42.139+0000] {processor.py:925} INFO - DAG(s) 'example_setup_teardown_taskflow' retrieved from /home/airflow/.local/lib/python3.12/site-packages/airflow/example_dags/example_setup_teardown_taskflow.py
[2026-08-08T17:42:42.185+0000] {logging_mixin.py:190} INFO - [2026-08-08T17:42:42.184+0000] {dag.py:3211} INFO - Sync 1 DAGs
[2026-08-08T17:42:42.221+0000] {logging_mixin.py:190} INFO - [2026-08-08T17:42:42.221+0000] {dag.py:4138} INFO - Setting next_dagrun for example_setup_teardown_taskflow to 2026-08-07 00:00:00+00:00, run_after=2026-08-08 00:00:00+00:00
[2026-08-08T17:42:42.257+0000] {processor.py:208} INFO - Processing /home/airflow/.local/lib/python3.12/site-packages/airflow/example_dags/example_setup_teardown_taskflow.py took 0.153 seconds
[2026-08-08T17:43:12.603+0000] {processor.py:186} INFO - Started process (PID=182) to work on /home/airflow/.local/lib/python3.12/site-packages/airflow/example_dags/example_setup_teardown_taskflow.py
[2026-08-08T17:43:12.606+0000] {processor.py:914} INFO - Processing file /home/airflow/.local/lib/python3.12/site-packages/airflow/example_dags/example_setup_teardown_taskflow.py for tasks to queue
[2026-08-08T17:43:12.611+0000] {logging_mixin.py:190} INFO - [2026-08-08T17:43:12.610+0000] {dagbag.py:587} INFO - Filling up the DagBag from /home/airflow/.local/lib/python3.12/site-packages/airflow/example_dags/example_setup_teardown_taskflow.py
[2026-08-08T17:43:12.632+0000] {processor.py:925} INFO - DAG(s) 'example_setup_teardown_taskflow' retrieved from /home/airflow/.local/lib/python3.12/site-packages/airflow/example_dags/example_setup_teardown_taskflow.py
[2026-08-08T17:43:12.677+0000] {logging_mixin.py:190} INFO - [2026-08-08T17:43:12.677+0000] {dag.py:3211} INFO - Sync 1 DAGs
[2026-08-08T17:43:12.720+0000] {logging_mixin.py:190} INFO - [2026-08-08T17:43:12.720+0000] {dag.py:4138} INFO - Setting next_dagrun for example_setup_teardown_taskflow to 2026-08-07 00:00:00+00:00, run_after=2026-08-08 00:00:00+00:00
[2026-08-08T17:43:12.761+0000] {processor.py:208} INFO - Processing /home/airflow/.local/lib/python3.12/site-packages/airflow/example_dags/example_setup_teardown_taskflow.py took 0.171 seconds
[2026-08-08T17:43:44.022+0000] {processor.py:186} INFO - Started process (PID=245) to work on /home/airflow/.local/lib/python3.12/site-packages/airflow/example_dags/example_setup_teardown_taskflow.py
[2026-08-08T17:43:44.024+0000] {processor.py:914} INFO - Processing file /home/airflow/.local/lib/python3.12/site-packages/airflow/example_dags/example_setup_teardown_taskflow.py for tasks to queue
[2026-08-08T17:43:44.027+0000] {logging_mixin.py:190} INFO - [2026-08-08T17:43:44.026+0000] {dagbag.py:587} INFO - Filling up the DagBag from /home/airflow/.local/lib/python3.12/site-packages/airflow/example_dags/example_setup_teardown_taskflow.py
[2026-08-08T17:43:44.050+0000] {processor.py:925} INFO - DAG(s) 'example_setup_teardown_taskflow' retrieved from /home/airflow/.local/lib/python3.12/site-packages/airflow/example_dags/example_setup_teardown_taskflow.py
[2026-08-08T17:43:44.078+0000] {logging_mixin.py:190} INFO - [2026-08-08T17:43:44.078+0000] {dag.py:3211} INFO - Sync 1 DAGs
[2026-08-08T17:43:44.105+0000] {logging_mixin.py:190} INFO - [2026-08-08T17:43:44.105+0000] {dag.py:4138} INFO - Setting next_dagrun for example_setup_teardown_taskflow to 2026-08-07 00:00:00+00:00, run_after=2026-08-08 00:00:00+00:00
[2026-08-08T17:43:44.127+0000] {processor.py:208} INFO - Processing /home/airflow/.local/lib/python3.12/site-packages/airflow/example_dags/example_setup_teardown_taskflow.py took 0.113 seconds
[2026-08-08T17:44:14.735+0000] {processor.py:186} INFO - Started process (PID=308) to work on /home/airflow/.local/lib/python3.12/site-packages/airflow/example_dags/example_setup_teardown_taskflow.py
[2026-08-08T17:44:14.738+0000] {processor.py:914} INFO - Processing file /home/airflow/.local/lib/python3.12/site-packages/airflow/example_dags/example_setup_teardown_taskflow.py for tasks to queue
[2026-08-08T17:44:14.744+0000] {logging_mixin.py:190} INFO - [2026-08-08T17:44:14.743+0000] {dagbag.py:587} INFO - Filling up the DagBag from /home/airflow/.local/lib/python3.12/site-packages/airflow/example_dags/example_setup_teardown_taskflow.py
[2026-08-08T17:44:14.762+0000] {processor.py:925} INFO - DAG(s) 'example_setup_teardown_taskflow' retrieved from /home/airflow/.local/lib/python3.12/site-packages/airflow/example_dags/example_setup_teardown_taskflow.py
[2026-08-08T17:44:14.805+0000] {logging_mixin.py:190} INFO - [2026-08-08T17:44:14.805+0000] {dag.py:3211} INFO - Sync 1 DAGs
[2026-08-08T17:44:14.841+0000] {logging_mixin.py:190} INFO - [2026-08-08T17:44:14.841+0000] {dag.py:4138} INFO - Setting next_dagrun for example_setup_teardown_taskflow to 2026-08-07 00:00:00+00:00, run_after=2026-08-08 00:00:00+00:00
[2026-08-08T17:44:14.870+0000] {processor.py:208} INFO - Processing /home/airflow/.local/lib/python3.12/site-packages/airflow/example_dags/example_setup_teardown_taskflow.py took 0.144 seconds
[2026-08-08T17:44:45.257+0000] {processor.py:186} INFO - Started process (PID=371) to work on /home/airflow/.local/lib/python3.12/site-packages/airflow/example_dags/example_setup_teardown_taskflow.py
[2026-08-08T17:44:45.259+0000] {processor.py:914} INFO - Processing file /home/airflow/.local/lib/python3.12/site-packages/airflow/example_dags/example_setup_teardown_taskflow.py for tasks to queue
[2026-08-08T17:44:45.262+0000] {logging_mixin.py:190} INFO - [2026-08-08T17:44:45.261+0000] {dagbag.py:587} INFO - Filling up the DagBag from /home/airflow/.local/lib/python3.12/site-packages/airflow/example_dags/example_setup_teardown_taskflow.py
[2026-08-08T17:44:45.274+0000] {processor.py:925} INFO - DAG(s) 'example_setup_teardown_taskflow' retrieved from /home/airflow/.local/lib/python3.12/site-packages/airflow/example_dags/example_setup_teardown_taskflow.py
[2026-08-08T17:44:45.298+0000] {logging_mixin.py:190} INFO - [2026-08-08T17:44:45.298+0000] {dag.py:3211} INFO - Sync 1 DAGs
[2026-08-08T17:44:45.324+0000] {logging_mixin.py:190} INFO - [2026-08-08T17:44:45.324+0000] {dag.py:4138} INFO - Setting next_dagrun for example_setup_teardown_taskflow to 2026-08-07 00:00:00+00:00, run_after=2026-08-08 00:00:00+00:00
[2026-08-08T17:44:45.348+0000] {processor.py:208} INFO - Processing /home/airflow/.local/lib/python3.12/site-packages/airflow/example_dags/example_setup_teardown_taskflow.py took 0.098 seconds
[2026-08-08T17:45:15.525+0000] {processor.py:186} INFO - Started process (PID=434) to work on /home/airflow/.local/lib/python3.12/site-packages/airflow/example_dags/example_setup_teardown_taskflow.py
[2026-08-08T17:45:15.527+0000] {processor.py:914} INFO - Processing file /home/airflow/.local/lib/python3.12/site-packages/airflow/example_dags/example_setup_teardown_taskflow.py for tasks to queue
[2026-08-08T17:45:15.530+0000] {logging_mixin.py:190} INFO - [2026-08-08T17:45:15.530+0000] {dagbag.py:587} INFO - Filling up the DagBag from /home/airflow/.local/lib/python3.12/site-packages/airflow/example_dags/example_setup_teardown_taskflow.py
[2026-08-08T17:45:15.540+0000] {processor.py:925} INFO - DAG(s) 'example_setup_teardown_taskflow' retrieved from /home/airflow/.local/lib/python3.12/site-packages/airflow/example_dags/example_setup_teardown_taskflow.py
[2026-08-08T17:45:15.560+0000] {logging_mixin.py:190} INFO - [2026-08-08T17:45:15.560+0000] {dag.py:3211} INFO - Sync 1 DAGs
[2026-08-08T17:45:15.579+0000] {logging_mixin.py:190} INFO - [2026-08-08T17:45:15.579+0000] {dag.py:4138} INFO - Setting next_dagrun for example_setup_teardown_taskflow to 2026-08-07 00:00:00+00:00, run_after=2026-08-08 00:00:00+00:00
[2026-08-08T17:45:15.598+0000] {processor.py:208} INFO - Processing /home/airflow/.local/lib/python3.12/site-packages/airflow/example_dags/example_setup_teardown_taskflow.py took 0.078 seconds
[2026-08-08T17:45:45.834+0000] {processor.py:186} INFO - Started process (PID=497) to work on /home/airflow/.local/lib/python3.12/site-packages/airflow/example_dags/example_setup_teardown_taskflow.py
[2026-08-08T17:45:45.835+0000] {processor.py:914} INFO - Processing file /home/airflow/.local/lib/python3.12/site-packages/airflow/example_dags/example_setup_teardown_taskflow.py for tasks to queue
[2026-08-08T17:45:45.838+0000] {logging_mixin.py:190} INFO - [2026-08-08T17:45:45.837+0000] {dagbag.py:587} INFO - Filling up the DagBag from /home/airflow/.local/lib/python3.12/site-packages/airflow/example_dags/example_setup_teardown_taskflow.py
[2026-08-08T17:45:45.851+0000] {processor.py:925} INFO - DAG(s) 'example_setup_teardown_taskflow' retrieved from /home/airflow/.local/lib/python3.12/site-packages/airflow/example_dags/example_setup_teardown_taskflow.py
[2026-08-08T17:45:45.872+0000] {logging_mixin.py:190} INFO - [2026-08-08T17:45:45.872+0000] {dag.py:3211} INFO - Sync 1 DAGs
[2026-08-08T17:45:45.892+0000] {logging_mixin.py:190} INFO - [2026-08-08T17:45:45.892+0000] {dag.py:4138} INFO - Setting next_dagrun for example_setup_teardown_taskflow to 2026-08-07 00:00:00+00:00, run_after=2026-08-08 00:00:00+00:00
[2026-08-08T17:45:45.911+0000] {processor.py:208} INFO - Processing /home/airflow/.local/lib/python3.12/site-packages/airflow/example_dags/example_setup_teardown_taskflow.py took 0.084 seconds
[2026-08-08T17:47:16.378+0000] {processor.py:186} INFO - Started process (PID=120) to work on /home/airflow/.local/lib/python3.12/site-packages/airflow/example_dags/example_setup_teardown_taskflow.py
[2026-08-08T17:47:16.381+0000] {processor.py:914} INFO - Processing file /home/airflow/.local/lib/python3.12/site-packages/airflow/example_dags/example_setup_teardown_taskflow.py for tasks to queue
[2026-08-08T17:47:16.387+0000] {logging_mixin.py:190} INFO - [2026-08-08T17:47:16.386+0000] {dagbag.py:587} INFO - Filling up the DagBag from /home/airflow/.local/lib/python3.12/site-packages/airflow/example_dags/example_setup_teardown_taskflow.py
[2026-08-08T17:47:16.411+0000] {processor.py:925} INFO - DAG(s) 'example_setup_teardown_taskflow' retrieved from /home/airflow/.local/lib/python3.12/site-packages/airflow/example_dags/example_setup_teardown_taskflow.py
[2026-08-08T17:47:16.451+0000] {logging_mixin.py:190} INFO - [2026-08-08T17:47:16.451+0000] {dag.py:3211} INFO - Sync 1 DAGs
[2026-08-08T17:47:16.483+0000] {logging_mixin.py:190} INFO - [2026-08-08T17:47:16.483+0000] {dag.py:4138} INFO - Setting next_dagrun for example_setup_teardown_taskflow to 2026-08-07 00:00:00+00:00, run_after=2026-08-08 00:00:00+00:00
[2026-08-08T17:47:16.526+0000] {processor.py:208} INFO - Processing /home/airflow/.local/lib/python3.12/site-packages/airflow/example_dags/example_setup_teardown_taskflow.py took 0.162 seconds
[2026-08-08T17:47:47.019+0000] {processor.py:186} INFO - Started process (PID=183) to work on /home/airflow/.local/lib/python3.12/site-packages/airflow/example_dags/example_setup_teardown_taskflow.py
[2026-08-08T17:47:47.021+0000] {processor.py:914} INFO - Processing file /home/airflow/.local/lib/python3.12/site-packages/airflow/example_dags/example_setup_teardown_taskflow.py for tasks to queue
[2026-08-08T17:47:47.024+0000] {logging_mixin.py:190} INFO - [2026-08-08T17:47:47.024+0000] {dagbag.py:587} INFO - Filling up the DagBag from /home/airflow/.local/lib/python3.12/site-packages/airflow/example_dags/example_setup_teardown_taskflow.py
[2026-08-08T17:47:47.037+0000] {processor.py:925} INFO - DAG(s) 'example_setup_teardown_taskflow' retrieved from /home/airflow/.local/lib/python3.12/site-packages/airflow/example_dags/example_setup_teardown_taskflow.py
[2026-08-08T17:47:47.061+0000] {logging_mixin.py:190} INFO - [2026-08-08T17:47:47.061+0000] {dag.py:3211} INFO - Sync 1 DAGs
[2026-08-08T17:47:47.086+0000] {logging_mixin.py:190} INFO - [2026-08-08T17:47:47.086+0000] {dag.py:4138} INFO - Setting next_dagrun for example_setup_teardown_taskflow to 2026-08-07 00:00:00+00:00, run_after=2026-08-08 00:00:00+00:00
[2026-08-08T17:47:47.112+0000] {processor.py:208} INFO - Processing /home/airflow/.local/lib/python3.12/site-packages/airflow/example_dags/example_setup_teardown_taskflow.py took 0.100 seconds
[2026-08-08T17:48:18.153+0000] {processor.py:186} INFO - Started process (PID=252) to work on /home/airflow/.local/lib/python3.12/site-packages/airflow/example_dags/example_setup_teardown_taskflow.py
[2026-08-08T17:48:18.154+0000] {processor.py:914} INFO - Processing file /home/airflow/.local/lib/python3.12/site-packages/airflow/example_dags/example_setup_teardown_taskflow.py for tasks to queue
[2026-08-08T17:48:18.157+0000] {logging_mixin.py:190} INFO - [2026-08-08T17:48:18.156+0000] {dagbag.py:587} INFO - Filling up the DagBag from /home/airflow/.local/lib/python3.12/site-packages/airflow/example_dags/example_setup_teardown_taskflow.py
[2026-08-08T17:48:18.167+0000] {processor.py:925} INFO - DAG(s) 'example_setup_teardown_taskflow' retrieved from /home/airflow/.local/lib/python3.12/site-packages/airflow/example_dags/example_setup_teardown_taskflow.py
[2026-08-08T17:48:18.189+0000] {logging_mixin.py:190} INFO - [2026-08-08T17:48:18.188+0000] {dag.py:3211} INFO - Sync 1 DAGs
[2026-08-08T17:48:18.206+0000] {logging_mixin.py:190} INFO - [2026-08-08T17:48:18.206+0000] {dag.py:4138} INFO - Setting next_dagrun for example_setup_teardown_taskflow to 2026-08-07 00:00:00+00:00, run_after=2026-08-08 00:00:00+00:00
[2026-08-08T17:48:18.223+0000] {processor.py:208} INFO - Processing /home/airflow/.local/lib/python3.12/site-packages/airflow/example_dags/example_setup_teardown_taskflow.py took 0.075 seconds
[2026-08-08T17:48:48.892+0000] {processor.py:186} INFO - Started process (PID=315) to work on /home/airflow/.local/lib/python3.12/site-packages/airflow/example_dags/example_setup_teardown_taskflow.py
[2026-08-08T17:48:48.894+0000] {processor.py:914} INFO - Processing file /home/airflow/.local/lib/python3.12/site-packages/airflow/example_dags/example_setup_teardown_taskflow.py for tasks to queue
[2026-08-08T17:48:48.897+0000] {logging_mixin.py:190} INFO - [2026-08-08T17:48:48.896+0000] {dagbag.py:587} INFO - Filling up the DagBag from /home/airflow/.local/lib/python3.12/site-packages/airflow/example_dags/example_setup_teardown_taskflow.py
[2026-08-08T17:48:48.910+0000] {processor.py:925} INFO - DAG(s) 'example_setup_teardown_taskflow' retrieved from /home/airflow/.local/lib/python3.12/site-packages/airflow/example_dags/example_setup_teardown_taskflow.py
[2026-08-08T17:48:48.938+0000] {logging_mixin.py:190} INFO - [2026-08-08T17:48:48.938+0000] {dag.py:3211} INFO - Sync 1 DAGs
[2026-08-08T17:48:48.963+0000] {logging_mixin.py:190} INFO - [2026-08-08T17:48:48.962+0000] {dag.py:4138} INFO - Setting next_dagrun for example_setup_teardown_taskflow to 2026-08-07 00:00:00+00:00, run_after=2026-08-08 00:00:00+00:00
[2026-08-08T17:48:48.987+0000] {processor.py:208} INFO - Processing /home/airflow/.local/lib/python3.12/site-packages/airflow/example_dags/example_setup_teardown_taskflow.py took 0.102 seconds
[2026-08-08T17:52:40.451+0000] {processor.py:186} INFO - Started process (PID=119) to work on /home/airflow/.local/lib/python3.12/site-packages/airflow/example_dags/example_setup_teardown_taskflow.py
[2026-08-08T17:52:40.455+0000] {processor.py:914} INFO - Processing file /home/airflow/.local/lib/python3.12/site-packages/airflow/example_dags/example_setup_teardown_taskflow.py for tasks to queue
[2026-08-08T17:52:40.460+0000] {logging_mixin.py:190} INFO - [2026-08-08T17:52:40.460+0000] {dagbag.py:587} INFO - Filling up the DagBag from /home/airflow/.local/lib/python3.12/site-packages/airflow/example_dags/example_setup_teardown_taskflow.py
[2026-08-08T17:52:40.488+0000] {processor.py:925} INFO - DAG(s) 'example_setup_teardown_taskflow' retrieved from /home/airflow/.local/lib/python3.12/site-packages/airflow/example_dags/example_setup_teardown_taskflow.py
[2026-08-08T17:52:40.538+0000] {logging_mixin.py:190} INFO - [2026-08-08T17:52:40.538+0000] {dag.py:3211} INFO - Sync 1 DAGs
[2026-08-08T17:52:40.578+0000] {logging_mixin.py:190} INFO - [2026-08-08T17:52:40.577+0000] {dag.py:4138} INFO - Setting next_dagrun for example_setup_teardown_taskflow to 2026-08-07 00:00:00+00:00, run_after=2026-08-08 00:00:00+00:00
[2026-08-08T17:52:40.614+0000] {processor.py:208} INFO - Processing /home/airflow/.local/lib/python3.12/site-packages/airflow/example_dags/example_setup_teardown_taskflow.py took 0.176 seconds
[2026-08-08T17:53:10.993+0000] {processor.py:186} INFO - Started process (PID=182) to work on /home/airflow/.local/lib/python3.12/site-packages/airflow/example_dags/example_setup_teardown_taskflow.py
[2026-08-08T17:53:10.995+0000] {processor.py:914} INFO - Processing file /home/airflow/.local/lib/python3.12/site-packages/airflow/example_dags/example_setup_teardown_taskflow.py for tasks to queue
[2026-08-08T17:53:10.997+0000] {logging_mixin.py:190} INFO - [2026-08-08T17:53:10.997+0000] {dagbag.py:587} INFO - Filling up the DagBag from /home/airflow/.local/lib/python3.12/site-packages/airflow/example_dags/example_setup_teardown_taskflow.py
[2026-08-08T17:53:11.007+0000] {processor.py:925} INFO - DAG(s) 'example_setup_teardown_taskflow' retrieved from /home/airflow/.local/lib/python3.12/site-packages/airflow/example_dags/example_setup_teardown_taskflow.py
[2026-08-08T17:53:11.029+0000] {logging_mixin.py:190} INFO - [2026-08-08T17:53:11.029+0000] {dag.py:3211} INFO - Sync 1 DAGs
[2026-08-08T17:53:11.047+0000] {logging_mixin.py:190} INFO - [2026-08-08T17:53:11.047+0000] {dag.py:4138} INFO - Setting next_dagrun for example_setup_teardown_taskflow to 2026-08-07 00:00:00+00:00, run_after=2026-08-08 00:00:00+00:00
[2026-08-08T17:53:11.065+0000] {processor.py:208} INFO - Processing /home/airflow/.local/lib/python3.12/site-packages/airflow/example_dags/example_setup_teardown_taskflow.py took 0.077 seconds
[2026-08-08T17:53:41.617+0000] {processor.py:186} INFO - Started process (PID=245) to work on /home/airflow/.local/lib/python3.12/site-packages/airflow/example_dags/example_setup_teardown_taskflow.py
[2026-08-08T17:53:41.619+0000] {processor.py:914} INFO - Processing file /home/airflow/.local/lib/python3.12/site-packages/airflow/example_dags/example_setup_teardown_taskflow.py for tasks to queue
[2026-08-08T17:53:41.621+0000] {logging_mixin.py:190} INFO - [2026-08-08T17:53:41.620+0000] {dagbag.py:587} INFO - Filling up the DagBag from /home/airflow/.local/lib/python3.12/site-packages/airflow/example_dags/example_setup_teardown_taskflow.py
[2026-08-08T17:53:41.629+0000] {processor.py:925} INFO - DAG(s) 'example_setup_teardown_taskflow' retrieved from /home/airflow/.local/lib/python3.12/site-packages/airflow/example_dags/example_setup_teardown_taskflow.py
[2026-08-08T17:53:41.647+0000] {logging_mixin.py:190} INFO - [2026-08-08T17:53:41.647+0000] {dag.py:3211} INFO - Sync 1 DAGs
[2026-08-08T17:53:41.663+0000] {logging_mixin.py:190} INFO - [2026-08-08T17:53:41.662+0000] {dag.py:4138} INFO - Setting next_dagrun for example_setup_teardown_taskflow to 2026-08-07 00:00:00+00:00, run_after=2026-08-08 00:00:00+00:00
[2026-08-08T17:53:41.678+0000] {processor.py:208} INFO - Processing /home/airflow/.local/lib/python3.12/site-packages/airflow/example_dags/example_setup_teardown_taskflow.py took 0.066 seconds
[2026-08-08T17:54:12.164+0000] {processor.py:186} INFO - Started process (PID=308) to work on /home/airflow/.local/lib/python3.12/site-packages/airflow/example_dags/example_setup_teardown_taskflow.py
[2026-08-08T17:54:12.165+0000] {processor.py:914} INFO - Processing file /home/airflow/.local/lib/python3.12/site-packages/airflow/example_dags/example_setup_teardown_taskflow.py for tasks to queue
[2026-08-08T17:54:12.168+0000] {logging_mixin.py:190} INFO - [2026-08-08T17:54:12.168+0000] {dagbag.py:587} INFO - Filling up the DagBag from /home/airflow/.local/lib/python3.12/site-packages/airflow/example_dags/example_setup_teardown_taskflow.py
[2026-08-08T17:54:12.178+0000] {processor.py:925} INFO - DAG(s) 'example_setup_teardown_taskflow' retrieved from /home/airflow/.local/lib/python3.12/site-packages/airflow/example_dags/example_setup_teardown_taskflow.py
[2026-08-08T17:54:12.196+0000] {logging_mixin.py:190} INFO - [2026-08-08T17:54:12.196+0000] {dag.py:3211} INFO - Sync 1 DAGs
[2026-08-08T17:54:12.211+0000] {logging_mixin.py:190} INFO - [2026-08-08T17:54:12.211+0000] {dag.py:4138} INFO - Setting next_dagrun for example_setup_teardown_taskflow to 2026-08-07 00:00:00+00:00, run_after=2026-08-08 00:00:00+00:00
[2026-08-08T17:54:12.230+0000] {processor.py:208} INFO - Processing /home/airflow/.local/lib/python3.12/site-packages/airflow/example_dags/example_setup_teardown_taskflow.py took 0.072 seconds
[2026-08-08T17:54:42.328+0000] {processor.py:186} INFO - Started process (PID=371) to work on /home/airflow/.local/lib/python3.12/site-packages/airflow/example_dags/example_setup_teardown_taskflow.py
[2026-08-08T17:54:42.329+0000] {processor.py:914} INFO - Processing file /home/airflow/.local/lib/python3.12/site-packages/airflow/example_dags/example_setup_teardown_taskflow.py for tasks to queue
[2026-08-08T17:54:42.332+0000] {logging_mixin.py:190} INFO - [2026-08-08T17:54:42.331+0000] {dagbag.py:587} INFO - Filling up the DagBag from /home/airflow/.local/lib/python3.12/site-packages/airflow/example_dags/example_setup_teardown_taskflow.py
[2026-08-08T17:54:42.340+0000] {processor.py:925} INFO - DAG(s) 'example_setup_teardown_taskflow' retrieved from /home/airflow/.local/lib/python3.12/site-packages/airflow/example_dags/example_setup_teardown_taskflow.py
[2026-08-08T17:54:42.357+0000] {logging_mixin.py:190} INFO - [2026-08-08T17:54:42.356+0000] {dag.py:3211} INFO - Sync 1 DAGs
[2026-08-08T17:54:42.372+0000] {logging_mixin.py:190} INFO - [2026-08-08T17:54:42.372+0000] {dag.py:4138} INFO - Setting next_dagrun for example_setup_teardown_taskflow to 2026-08-07 00:00:00+00:00, run_after=2026-08-08 00:00:00+00:00
[2026-08-08T17:54:42.389+0000] {processor.py:208} INFO - Processing /home/airflow/.local/lib/python3.12/site-packages/airflow/example_dags/example_setup_teardown_taskflow.py took 0.065 seconds
[2026-08-08T17:55:12.444+0000] {processor.py:186} INFO - Started process (PID=434) to work on /home/airflow/.local/lib/python3.12/site-packages/airflow/example_dags/example_setup_teardown_taskflow.py
[2026-08-08T17:55:12.445+0000] {processor.py:914} INFO - Processing file /home/airflow/.local/lib/python3.12/site-packages/airflow/example_dags/example_setup_teardown_taskflow.py for tasks to queue
[2026-08-08T17:55:12.448+0000] {logging_mixin.py:190} INFO - [2026-08-08T17:55:12.448+0000] {dagbag.py:587} INFO - Filling up the DagBag from /home/airflow/.local/lib/python3.12/site-packages/airflow/example_dags/example_setup_teardown_taskflow.py
[2026-08-08T17:55:12.462+0000] {processor.py:925} INFO - DAG(s) 'example_setup_teardown_taskflow' retrieved from /home/airflow/.local/lib/python3.12/site-packages/airflow/example_dags/example_setup_teardown_taskflow.py
[2026-08-08T17:55:12.489+0000] {logging_mixin.py:190} INFO - [2026-08-08T17:55:12.489+0000] {dag.py:3211} INFO - Sync 1 DAGs
[2026-08-08T17:55:12.513+0000] {logging_mixin.py:190} INFO - [2026-08-08T17:55:12.513+0000] {dag.py:4138} INFO - Setting next_dagrun for example_setup_teardown_taskflow to 2026-08-07 00:00:00+00:00, run_after=2026-08-08 00:00:00+00:00
[2026-08-08T17:55:12.533+0000] {processor.py:208} INFO - Processing /home/airflow/.local/lib/python3.12/site-packages/airflow/example_dags/example_setup_teardown_taskflow.py took 0.097 seconds
[2026-08-08T17:55:43.008+0000] {processor.py:186} INFO - Started process (PID=497) to work on /home/airflow/.local/lib/python3.12/site-packages/airflow/example_dags/example_setup_teardown_taskflow.py
[2026-08-08T17:55:43.009+0000] {processor.py:914} INFO - Processing file /home/airflow/.local/lib/python3.12/site-packages/airflow/example_dags/example_setup_teardown_taskflow.py for tasks to queue
[2026-08-08T17:55:43.012+0000] {logging_mixin.py:190} INFO - [2026-08-08T17:55:43.011+0000] {dagbag.py:587} INFO - Filling up the DagBag from /home/airflow/.local/lib/python3.12/site-packages/airflow/example_dags/example_setup_teardown_taskflow.py
[2026-08-08T17:55:43.021+0000] {processor.py:925} INFO - DAG(s) 'example_setup_teardown_taskflow' retrieved from /home/airflow/.local/lib/python3.12/site-packages/airflow/example_dags/example_setup_teardown_taskflow.py
[2026-08-08T17:55:43.042+0000] {logging_mixin.py:190} INFO - [2026-08-08T17:55:43.041+0000] {dag.py:3211} INFO - Sync 1 DAGs
[2026-08-08T17:55:43.064+0000] {logging_mixin.py:190} INFO - [2026-08-08T17:55:43.064+0000] {dag.py:4138} INFO - Setting next_dagrun for example_setup_teardown_taskflow to 2026-08-07 00:00:00+00:00, run_after=2026-08-08 00:00:00+00:00
[2026-08-08T17:55:43.080+0000] {processor.py:208} INFO - Processing /home/airflow/.local/lib/python3.12/site-packages/airflow/example_dags/example_setup_teardown_taskflow.py took 0.077 seconds
[2026-08-08T17:56:13.655+0000] {processor.py:186} INFO - Started process (PID=560) to work on /home/airflow/.local/lib/python3.12/site-packages/airflow/example_dags/example_setup_teardown_taskflow.py
[2026-08-08T17:56:13.657+0000] {processor.py:914} INFO - Processing file /home/airflow/.local/lib/python3.12/site-packages/airflow/example_dags/example_setup_teardown_taskflow.py for tasks to queue
[2026-08-08T17:56:13.659+0000] {logging_mixin.py:190} INFO - [2026-08-08T17:56:13.659+0000] {dagbag.py:587} INFO - Filling up the DagBag from /home/airflow/.local/lib/python3.12/site-packages/airflow/example_dags/example_setup_teardown_taskflow.py
[2026-08-08T17:56:13.669+0000] {processor.py:925} INFO - DAG(s) 'example_setup_teardown_taskflow' retrieved from /home/airflow/.local/lib/python3.12/site-packages/airflow/example_dags/example_setup_teardown_taskflow.py
[2026-08-08T17:56:13.686+0000] {logging_mixin.py:190} INFO - [2026-08-08T17:56:13.686+0000] {dag.py:3211} INFO - Sync 1 DAGs
[2026-08-08T17:56:13.705+0000] {logging_mixin.py:190} INFO - [2026-08-08T17:56:13.705+0000] {dag.py:4138} INFO - Setting next_dagrun for example_setup_teardown_taskflow to 2026-08-07 00:00:00+00:00, run_after=2026-08-08 00:00:00+00:00
[2026-08-08T17:56:13.722+0000] {processor.py:208} INFO - Processing /home/airflow/.local/lib/python3.12/site-packages/airflow/example_dags/example_setup_teardown_taskflow.py took 0.072 seconds
[2026-08-08T17:56:44.168+0000] {processor.py:186} INFO - Started process (PID=623) to work on /home/airflow/.local/lib/python3.12/site-packages/airflow/example_dags/example_setup_teardown_taskflow.py
[2026-08-08T17:56:44.169+0000] {processor.py:914} INFO - Processing file /home/airflow/.local/lib/python3.12/site-packages/airflow/example_dags/example_setup_teardown_taskflow.py for tasks to queue
[2026-08-08T17:56:44.172+0000] {logging_mixin.py:190} INFO - [2026-08-08T17:56:44.172+0000] {dagbag.py:587} INFO - Filling up the DagBag from /home/airflow/.local/lib/python3.12/site-packages/airflow/example_dags/example_setup_teardown_taskflow.py
[2026-08-08T17:56:44.181+0000] {processor.py:925} INFO - DAG(s) 'example_setup_teardown_taskflow' retrieved from /home/airflow/.local/lib/python3.12/site-packages/airflow/example_dags/example_setup_teardown_taskflow.py
[2026-08-08T17:56:44.199+0000] {logging_mixin.py:190} INFO - [2026-08-08T17:56:44.199+0000] {dag.py:3211} INFO - Sync 1 DAGs
[2026-08-08T17:56:44.215+0000] {logging_mixin.py:190} INFO - [2026-08-08T17:56:44.215+0000] {dag.py:4138} INFO - Setting next_dagrun for example_setup_teardown_taskflow to 2026-08-07 00:00:00+00:00, run_after=2026-08-08 00:00:00+00:00
[2026-08-08T17:56:44.234+0000] {processor.py:208} INFO - Processing /home/airflow/.local/lib/python3.12/site-packages/airflow/example_dags/example_setup_teardown_taskflow.py took 0.073 seconds
[2026-08-08T17:57:14.928+0000] {processor.py:186} INFO - Started process (PID=686) to work on /home/airflow/.local/lib/python3.12/site-packages/airflow/example_dags/example_setup_teardown_taskflow.py
[2026-08-08T17:57:14.930+0000] {processor.py:914} INFO - Processing file /home/airflow/.local/lib/python3.12/site-packages/airflow/example_dags/example_setup_teardown_taskflow.py for tasks to queue
[2026-08-08T17:57:14.933+0000] {logging_mixin.py:190} INFO - [2026-08-08T17:57:14.933+0000] {dagbag.py:587} INFO - Filling up the DagBag from /home/airflow/.local/lib/python3.12/site-packages/airflow/example_dags/example_setup_teardown_taskflow.py
[2026-08-08T17:57:14.943+0000] {processor.py:925} INFO - DAG(s) 'example_setup_teardown_taskflow' retrieved from /home/airflow/.local/lib/python3.12/site-packages/airflow/example_dags/example_setup_teardown_taskflow.py
[2026-08-08T17:57:14.970+0000] {logging_mixin.py:190} INFO - [2026-08-08T17:57:14.969+0000] {dag.py:3211} INFO - Sync 1 DAGs
[2026-08-08T17:57:14.987+0000] {logging_mixin.py:190} INFO - [2026-08-08T17:57:14.987+0000] {dag.py:4138} INFO - Setting next_dagrun for example_setup_teardown_taskflow to 2026-08-07 00:00:00+00:00, run_after=2026-08-08 00:00:00+00:00
[2026-08-08T17:57:15.010+0000] {processor.py:208} INFO - Processing /home/airflow/.local/lib/python3.12/site-packages/airflow/example_dags/example_setup_teardown_taskflow.py took 0.089 seconds
[2026-08-08T18:08:22.184+0000] {processor.py:186} INFO - Started process (PID=749) to work on /home/airflow/.local/lib/python3.12/site-packages/airflow/example_dags/example_setup_teardown_taskflow.py
[2026-08-08T18:08:22.188+0000] {processor.py:914} INFO - Processing file /home/airflow/.local/lib/python3.12/site-packages/airflow/example_dags/example_setup_teardown_taskflow.py for tasks to queue
[2026-08-08T18:08:22.193+0000] {logging_mixin.py:190} INFO - [2026-08-08T18:08:22.193+0000] {dagbag.py:587} INFO - Filling up the DagBag from /home/airflow/.local/lib/python3.12/site-packages/airflow/example_dags/example_setup_teardown_taskflow.py
[2026-08-08T18:08:22.217+0000] {processor.py:925} INFO - DAG(s) 'example_setup_teardown_taskflow' retrieved from /home/airflow/.local/lib/python3.12/site-packages/airflow/example_dags/example_setup_teardown_taskflow.py
[2026-08-08T18:08:22.258+0000] {logging_mixin.py:190} INFO - [2026-08-08T18:08:22.258+0000] {dag.py:3211} INFO - Sync 1 DAGs
[2026-08-08T18:08:22.294+0000] {logging_mixin.py:190} INFO - [2026-08-08T18:08:22.294+0000] {dag.py:4138} INFO - Setting next_dagrun for example_setup_teardown_taskflow to 2026-08-07 00:00:00+00:00, run_after=2026-08-08 00:00:00+00:00
[2026-08-08T18:08:22.330+0000] {processor.py:208} INFO - Processing /home/airflow/.local/lib/python3.12/site-packages/airflow/example_dags/example_setup_teardown_taskflow.py took 0.156 seconds
[2026-08-08T18:08:52.825+0000] {processor.py:186} INFO - Started process (PID=812) to work on /home/airflow/.local/lib/python3.12/site-packages/airflow/example_dags/example_setup_teardown_taskflow.py
[2026-08-08T18:08:52.827+0000] {processor.py:914} INFO - Processing file /home/airflow/.local/lib/python3.12/site-packages/airflow/example_dags/example_setup_teardown_taskflow.py for tasks to queue
[2026-08-08T18:08:52.832+0000] {logging_mixin.py:190} INFO - [2026-08-08T18:08:52.831+0000] {dagbag.py:587} INFO - Filling up the DagBag from /home/airflow/.local/lib/python3.12/site-packages/airflow/example_dags/example_setup_teardown_taskflow.py
[2026-08-08T18:08:52.849+0000] {processor.py:925} INFO - DAG(s) 'example_setup_teardown_taskflow' retrieved from /home/airflow/.local/lib/python3.12/site-packages/airflow/example_dags/example_setup_teardown_taskflow.py
[2026-08-08T18:08:52.884+0000] {logging_mixin.py:190} INFO - [2026-08-08T18:08:52.884+0000] {dag.py:3211} INFO - Sync 1 DAGs
[2026-08-08T18:08:52.917+0000] {logging_mixin.py:190} INFO - [2026-08-08T18:08:52.916+0000] {dag.py:4138} INFO - Setting next_dagrun for example_setup_teardown_taskflow to 2026-08-07 00:00:00+00:00, run_after=2026-08-08 00:00:00+00:00
[2026-08-08T18:08:52.946+0000] {processor.py:208} INFO - Processing /home/airflow/.local/lib/python3.12/site-packages/airflow/example_dags/example_setup_teardown_taskflow.py took 0.131 seconds
[2026-08-08T18:09:23.219+0000] {processor.py:186} INFO - Started process (PID=875) to work on /home/airflow/.local/lib/python3.12/site-packages/airflow/example_dags/example_setup_teardown_taskflow.py
[2026-08-08T18:09:23.220+0000] {processor.py:914} INFO - Processing file /home/airflow/.local/lib/python3.12/site-packages/airflow/example_dags/example_setup_teardown_taskflow.py for tasks to queue
[2026-08-08T18:09:23.225+0000] {logging_mixin.py:190} INFO - [2026-08-08T18:09:23.224+0000] {dagbag.py:587} INFO - Filling up the DagBag from /home/airflow/.local/lib/python3.12/site-packages/airflow/example_dags/example_setup_teardown_taskflow.py
[2026-08-08T18:09:23.243+0000] {processor.py:925} INFO - DAG(s) 'example_setup_teardown_taskflow' retrieved from /home/airflow/.local/lib/python3.12/site-packages/airflow/example_dags/example_setup_teardown_taskflow.py
[2026-08-08T18:09:23.278+0000] {logging_mixin.py:190} INFO - [2026-08-08T18:09:23.277+0000] {dag.py:3211} INFO - Sync 1 DAGs
[2026-08-08T18:09:23.313+0000] {logging_mixin.py:190} INFO - [2026-08-08T18:09:23.313+0000] {dag.py:4138} INFO - Setting next_dagrun for example_setup_teardown_taskflow to 2026-08-07 00:00:00+00:00, run_after=2026-08-08 00:00:00+00:00
[2026-08-08T18:09:23.346+0000] {processor.py:208} INFO - Processing /home/airflow/.local/lib/python3.12/site-packages/airflow/example_dags/example_setup_teardown_taskflow.py took 0.136 seconds
[2026-08-08T18:09:53.475+0000] {processor.py:186} INFO - Started process (PID=938) to work on /home/airflow/.local/lib/python3.12/site-packages/airflow/example_dags/example_setup_teardown_taskflow.py
[2026-08-08T18:09:53.477+0000] {processor.py:914} INFO - Processing file /home/airflow/.local/lib/python3.12/site-packages/airflow/example_dags/example_setup_teardown_taskflow.py for tasks to queue
[2026-08-08T18:09:53.482+0000] {logging_mixin.py:190} INFO - [2026-08-08T18:09:53.482+0000] {dagbag.py:587} INFO - Filling up the DagBag from /home/airflow/.local/lib/python3.12/site-packages/airflow/example_dags/example_setup_teardown_taskflow.py
[2026-08-08T18:09:53.499+0000] {processor.py:925} INFO - DAG(s) 'example_setup_teardown_taskflow' retrieved from /home/airflow/.local/lib/python3.12/site-packages/airflow/example_dags/example_setup_teardown_taskflow.py
[2026-08-08T18:09:53.530+0000] {logging_mixin.py:190} INFO - [2026-08-08T18:09:53.529+0000] {dag.py:3211} INFO - Sync 1 DAGs
[2026-08-08T18:09:53.558+0000] {logging_mixin.py:190} INFO - [2026-08-08T18:09:53.557+0000] {dag.py:4138} INFO - Setting next_dagrun for example_setup_teardown_taskflow to 2026-08-07 00:00:00+00:00, run_after=2026-08-08 00:00:00+00:00
[2026-08-08T18:09:53.582+0000] {processor.py:208} INFO - Processing /home/airflow/.local/lib/python3.12/site-packages/airflow/example_dags/example_setup_teardown_taskflow.py took 0.115 seconds
[2026-08-08T18:10:24.560+0000] {processor.py:186} INFO - Started process (PID=1001) to work on /home/airflow/.local/lib/python3.12/site-packages/airflow/example_dags/example_setup_teardown_taskflow.py
[2026-08-08T18:10:24.561+0000] {processor.py:914} INFO - Processing file /home/airflow/.local/lib/python3.12/site-packages/airflow/example_dags/example_setup_teardown_taskflow.py for tasks to queue
[2026-08-08T18:10:24.565+0000] {logging_mixin.py:190} INFO - [2026-08-08T18:10:24.564+0000] {dagbag.py:587} INFO - Filling up the DagBag from /home/airflow/.local/lib/python3.12/site-packages/airflow/example_dags/example_setup_teardown_taskflow.py
[2026-08-08T18:10:24.579+0000] {processor.py:925} INFO - DAG(s) 'example_setup_teardown_taskflow' retrieved from /home/airflow/.local/lib/python3.12/site-packages/airflow/example_dags/example_setup_teardown_taskflow.py
[2026-08-08T18:10:24.611+0000] {logging_mixin.py:190} INFO - [2026-08-08T18:10:24.611+0000] {dag.py:3211} INFO - Sync 1 DAGs
[2026-08-08T18:10:24.641+0000] {logging_mixin.py:190} INFO - [2026-08-08T18:10:24.641+0000] {dag.py:4138} INFO - Setting next_dagrun for example_setup_teardown_taskflow to 2026-08-07 00:00:00+00:00, run_after=2026-08-08 00:00:00+00:00
[2026-08-08T18:10:24.671+0000] {processor.py:208} INFO - Processing /home/airflow/.local/lib/python3.12/site-packages/airflow/example_dags/example_setup_teardown_taskflow.py took 0.119 seconds
[2026-08-08T18:10:54.988+0000] {processor.py:186} INFO - Started process (PID=1064) to work on /home/airflow/.local/lib/python3.12/site-packages/airflow/example_dags/example_setup_teardown_taskflow.py
[2026-08-08T18:10:54.989+0000] {processor.py:914} INFO - Processing file /home/airflow/.local/lib/python3.12/site-packages/airflow/example_dags/example_setup_teardown_taskflow.py for tasks to queue
[2026-08-08T18:10:54.993+0000] {logging_mixin.py:190} INFO - [2026-08-08T18:10:54.992+0000] {dagbag.py:587} INFO - Filling up the DagBag from /home/airflow/.local/lib/python3.12/site-packages/airflow/example_dags/example_setup_teardown_taskflow.py
[2026-08-08T18:10:55.006+0000] {processor.py:925} INFO - DAG(s) 'example_setup_teardown_taskflow' retrieved from /home/airflow/.local/lib/python3.12/site-packages/airflow/example_dags/example_setup_teardown_taskflow.py
[2026-08-08T18:10:55.034+0000] {logging_mixin.py:190} INFO - [2026-08-08T18:10:55.033+0000] {dag.py:3211} INFO - Sync 1 DAGs
[2026-08-08T18:10:55.061+0000] {logging_mixin.py:190} INFO - [2026-08-08T18:10:55.060+0000] {dag.py:4138} INFO - Setting next_dagrun for example_setup_teardown_taskflow to 2026-08-07 00:00:00+00:00, run_after=2026-08-08 00:00:00+00:00
[2026-08-08T18:10:55.082+0000] {processor.py:208} INFO - Processing /home/airflow/.local/lib/python3.12/site-packages/airflow/example_dags/example_setup_teardown_taskflow.py took 0.100 seconds
[2026-08-08T18:11:25.531+0000] {processor.py:186} INFO - Started process (PID=1127) to work on /home/airflow/.local/lib/python3.12/site-packages/airflow/example_dags/example_setup_teardown_taskflow.py
[2026-08-08T18:11:25.532+0000] {processor.py:914} INFO - Processing file /home/airflow/.local/lib/python3.12/site-packages/airflow/example_dags/example_setup_teardown_taskflow.py for tasks to queue
[2026-08-08T18:11:25.535+0000] {logging_mixin.py:190} INFO - [2026-08-08T18:11:25.535+0000] {dagbag.py:587} INFO - Filling up the DagBag from /home/airflow/.local/lib/python3.12/site-packages/airflow/example_dags/example_setup_teardown_taskflow.py
[2026-08-08T18:11:25.551+0000] {processor.py:925} INFO - DAG(s) 'example_setup_teardown_taskflow' retrieved from /home/airflow/.local/lib/python3.12/site-packages/airflow/example_dags/example_setup_teardown_taskflow.py
[2026-08-08T18:11:25.575+0000] {logging_mixin.py:190} INFO - [2026-08-08T18:11:25.575+0000] {dag.py:3211} INFO - Sync 1 DAGs
[2026-08-08T18:11:25.602+0000] {logging_mixin.py:190} INFO - [2026-08-08T18:11:25.602+0000] {dag.py:4138} INFO - Setting next_dagrun for example_setup_teardown_taskflow to 2026-08-07 00:00:00+00:00, run_after=2026-08-08 00:00:00+00:00
[2026-08-08T18:11:25.633+0000] {processor.py:208} INFO - Processing /home/airflow/.local/lib/python3.12/site-packages/airflow/example_dags/example_setup_teardown_taskflow.py took 0.108 seconds
[2026-08-08T18:11:55.906+0000] {processor.py:186} INFO - Started process (PID=1190) to work on /home/airflow/.local/lib/python3.12/site-packages/airflow/example_dags/example_setup_teardown_taskflow.py
[2026-08-08T18:11:55.908+0000] {processor.py:914} INFO - Processing file /home/airflow/.local/lib/python3.12/site-packages/airflow/example_dags/example_setup_teardown_taskflow.py for tasks to queue
[2026-08-08T18:11:55.912+0000] {logging_mixin.py:190} INFO - [2026-08-08T18:11:55.911+0000] {dagbag.py:587} INFO - Filling up the DagBag from /home/airflow/.local/lib/python3.12/site-packages/airflow/example_dags/example_setup_teardown_taskflow.py
[2026-08-08T18:11:55.929+0000] {processor.py:925} INFO - DAG(s) 'example_setup_teardown_taskflow' retrieved from /home/airflow/.local/lib/python3.12/site-packages/airflow/example_dags/example_setup_teardown_taskflow.py
[2026-08-08T18:11:55.956+0000] {logging_mixin.py:190} INFO - [2026-08-08T18:11:55.956+0000] {dag.py:3211} INFO - Sync 1 DAGs
[2026-08-08T18:11:55.994+0000] {logging_mixin.py:190} INFO - [2026-08-08T18:11:55.994+0000] {dag.py:4138} INFO - Setting next_dagrun for example_setup_teardown_taskflow to 2026-08-07 00:00:00+00:00, run_after=2026-08-08 00:00:00+00:00
[2026-08-08T18:11:56.025+0000] {processor.py:208} INFO - Processing /home/airflow/.local/lib/python3.12/site-packages/airflow/example_dags/example_setup_teardown_taskflow.py took 0.128 seconds
[2026-08-08T18:13:10.601+0000] {processor.py:186} INFO - Started process (PID=125) to work on /home/airflow/.local/lib/python3.12/site-packages/airflow/example_dags/example_setup_teardown_taskflow.py
[2026-08-08T18:13:10.604+0000] {processor.py:914} INFO - Processing file /home/airflow/.local/lib/python3.12/site-packages/airflow/example_dags/example_setup_teardown_taskflow.py for tasks to queue
[2026-08-08T18:13:10.610+0000] {logging_mixin.py:190} INFO - [2026-08-08T18:13:10.609+0000] {dagbag.py:587} INFO - Filling up the DagBag from /home/airflow/.local/lib/python3.12/site-packages/airflow/example_dags/example_setup_teardown_taskflow.py
[2026-08-08T18:13:10.642+0000] {processor.py:925} INFO - DAG(s) 'example_setup_teardown_taskflow' retrieved from /home/airflow/.local/lib/python3.12/site-packages/airflow/example_dags/example_setup_teardown_taskflow.py
[2026-08-08T18:13:10.696+0000] {logging_mixin.py:190} INFO - [2026-08-08T18:13:10.696+0000] {dag.py:3211} INFO - Sync 1 DAGs
[2026-08-08T18:13:10.733+0000] {logging_mixin.py:190} INFO - [2026-08-08T18:13:10.733+0000] {dag.py:4138} INFO - Setting next_dagrun for example_setup_teardown_taskflow to 2026-08-07 00:00:00+00:00, run_after=2026-08-08 00:00:00+00:00
[2026-08-08T18:13:10.786+0000] {processor.py:208} INFO - Processing /home/airflow/.local/lib/python3.12/site-packages/airflow/example_dags/example_setup_teardown_taskflow.py took 0.199 seconds
[2026-08-08T18:13:40.832+0000] {processor.py:186} INFO - Started process (PID=188) to work on /home/airflow/.local/lib/python3.12/site-packages/airflow/example_dags/example_setup_teardown_taskflow.py
[2026-08-08T18:13:40.833+0000] {processor.py:914} INFO - Processing file /home/airflow/.local/lib/python3.12/site-packages/airflow/example_dags/example_setup_teardown_taskflow.py for tasks to queue
[2026-08-08T18:13:40.835+0000] {logging_mixin.py:190} INFO - [2026-08-08T18:13:40.835+0000] {dagbag.py:587} INFO - Filling up the DagBag from /home/airflow/.local/lib/python3.12/site-packages/airflow/example_dags/example_setup_teardown_taskflow.py
[2026-08-08T18:13:40.847+0000] {processor.py:925} INFO - DAG(s) 'example_setup_teardown_taskflow' retrieved from /home/airflow/.local/lib/python3.12/site-packages/airflow/example_dags/example_setup_teardown_taskflow.py
[2026-08-08T18:13:40.867+0000] {logging_mixin.py:190} INFO - [2026-08-08T18:13:40.867+0000] {dag.py:3211} INFO - Sync 1 DAGs
[2026-08-08T18:13:40.890+0000] {logging_mixin.py:190} INFO - [2026-08-08T18:13:40.889+0000] {dag.py:4138} INFO - Setting next_dagrun for example_setup_teardown_taskflow to 2026-08-07 00:00:00+00:00, run_after=2026-08-08 00:00:00+00:00
[2026-08-08T18:13:40.914+0000] {processor.py:208} INFO - Processing /home/airflow/.local/lib/python3.12/site-packages/airflow/example_dags/example_setup_teardown_taskflow.py took 0.088 seconds
[2026-08-08T18:14:11.336+0000] {processor.py:186} INFO - Started process (PID=251) to work on /home/airflow/.local/lib/python3.12/site-packages/airflow/example_dags/example_setup_teardown_taskflow.py
[2026-08-08T18:14:11.337+0000] {processor.py:914} INFO - Processing file /home/airflow/.local/lib/python3.12/site-packages/airflow/example_dags/example_setup_teardown_taskflow.py for tasks to queue
[2026-08-08T18:14:11.339+0000] {logging_mixin.py:190} INFO - [2026-08-08T18:14:11.339+0000] {dagbag.py:587} INFO - Filling up the DagBag from /home/airflow/.local/lib/python3.12/site-packages/airflow/example_dags/example_setup_teardown_taskflow.py
[2026-08-08T18:14:11.351+0000] {processor.py:925} INFO - DAG(s) 'example_setup_teardown_taskflow' retrieved from /home/airflow/.local/lib/python3.12/site-packages/airflow/example_dags/example_setup_teardown_taskflow.py
[2026-08-08T18:14:11.372+0000] {logging_mixin.py:190} INFO - [2026-08-08T18:14:11.371+0000] {dag.py:3211} INFO - Sync 1 DAGs
[2026-08-08T18:14:11.394+0000] {logging_mixin.py:190} INFO - [2026-08-08T18:14:11.394+0000] {dag.py:4138} INFO - Setting next_dagrun for example_setup_teardown_taskflow to 2026-08-07 00:00:00+00:00, run_after=2026-08-08 00:00:00+00:00
[2026-08-08T18:14:11.414+0000] {processor.py:208} INFO - Processing /home/airflow/.local/lib/python3.12/site-packages/airflow/example_dags/example_setup_teardown_taskflow.py took 0.084 seconds
[2026-08-08T18:14:41.495+0000] {processor.py:186} INFO - Started process (PID=314) to work on /home/airflow/.local/lib/python3.12/site-packages/airflow/example_dags/example_setup_teardown_taskflow.py
[2026-08-08T18:14:41.496+0000] {processor.py:914} INFO - Processing file /home/airflow/.local/lib/python3.12/site-packages/airflow/example_dags/example_setup_teardown_taskflow.py for tasks to queue
[2026-08-08T18:14:41.499+0000] {logging_mixin.py:190} INFO - [2026-08-08T18:14:41.499+0000] {dagbag.py:587} INFO - Filling up the DagBag from /home/airflow/.local/lib/python3.12/site-packages/airflow/example_dags/example_setup_teardown_taskflow.py
[2026-08-08T18:14:41.510+0000] {processor.py:925} INFO - DAG(s) 'example_setup_teardown_taskflow' retrieved from /home/airflow/.local/lib/python3.12/site-packages/airflow/example_dags/example_setup_teardown_taskflow.py
[2026-08-08T18:14:41.532+0000] {logging_mixin.py:190} INFO - [2026-08-08T18:14:41.532+0000] {dag.py:3211} INFO - Sync 1 DAGs
[2026-08-08T18:14:41.553+0000] {logging_mixin.py:190} INFO - [2026-08-08T18:14:41.553+0000] {dag.py:4138} INFO - Setting next_dagrun for example_setup_teardown_taskflow to 2026-08-07 00:00:00+00:00, run_after=2026-08-08 00:00:00+00:00
[2026-08-08T18:14:41.571+0000] {processor.py:208} INFO - Processing /home/airflow/.local/lib/python3.12/site-packages/airflow/example_dags/example_setup_teardown_taskflow.py took 0.082 seconds
[2026-08-08T18:15:13.356+0000] {processor.py:186} INFO - Started process (PID=377) to work on /home/airflow/.local/lib/python3.12/site-packages/airflow/example_dags/example_setup_teardown_taskflow.py
[2026-08-08T18:15:13.359+0000] {processor.py:914} INFO - Processing file /home/airflow/.local/lib/python3.12/site-packages/airflow/example_dags/example_setup_teardown_taskflow.py for tasks to queue
[2026-08-08T18:15:13.367+0000] {logging_mixin.py:190} INFO - [2026-08-08T18:15:13.367+0000] {dagbag.py:587} INFO - Filling up the DagBag from /home/airflow/.local/lib/python3.12/site-packages/airflow/example_dags/example_setup_teardown_taskflow.py
[2026-08-08T18:15:13.389+0000] {processor.py:925} INFO - DAG(s) 'example_setup_teardown_taskflow' retrieved from /home/airflow/.local/lib/python3.12/site-packages/airflow/example_dags/example_setup_teardown_taskflow.py
[2026-08-08T18:15:13.423+0000] {logging_mixin.py:190} INFO - [2026-08-08T18:15:13.422+0000] {dag.py:3211} INFO - Sync 1 DAGs
[2026-08-08T18:15:13.463+0000] {logging_mixin.py:190} INFO - [2026-08-08T18:15:13.463+0000] {dag.py:4138} INFO - Setting next_dagrun for example_setup_teardown_taskflow to 2026-08-07 00:00:00+00:00, run_after=2026-08-08 00:00:00+00:00
[2026-08-08T18:15:13.500+0000] {processor.py:208} INFO - Processing /home/airflow/.local/lib/python3.12/site-packages/airflow/example_dags/example_setup_teardown_taskflow.py took 0.152 seconds
[2026-08-08T18:15:44.316+0000] {processor.py:186} INFO - Started process (PID=440) to work on /home/airflow/.local/lib/python3.12/site-packages/airflow/example_dags/example_setup_teardown_taskflow.py
[2026-08-08T18:15:44.318+0000] {processor.py:914} INFO - Processing file /home/airflow/.local/lib/python3.12/site-packages/airflow/example_dags/example_setup_teardown_taskflow.py for tasks to queue
[2026-08-08T18:15:44.321+0000] {logging_mixin.py:190} INFO - [2026-08-08T18:15:44.321+0000] {dagbag.py:587} INFO - Filling up the DagBag from /home/airflow/.local/lib/python3.12/site-packages/airflow/example_dags/example_setup_teardown_taskflow.py
[2026-08-08T18:15:44.336+0000] {processor.py:925} INFO - DAG(s) 'example_setup_teardown_taskflow' retrieved from /home/airflow/.local/lib/python3.12/site-packages/airflow/example_dags/example_setup_teardown_taskflow.py
[2026-08-08T18:15:44.360+0000] {logging_mixin.py:190} INFO - [2026-08-08T18:15:44.360+0000] {dag.py:3211} INFO - Sync 1 DAGs
[2026-08-08T18:15:44.384+0000] {logging_mixin.py:190} INFO - [2026-08-08T18:15:44.383+0000] {dag.py:4138} INFO - Setting next_dagrun for example_setup_teardown_taskflow to 2026-08-07 00:00:00+00:00, run_after=2026-08-08 00:00:00+00:00
[2026-08-08T18:15:44.409+0000] {processor.py:208} INFO - Processing /home/airflow/.local/lib/python3.12/site-packages/airflow/example_dags/example_setup_teardown_taskflow.py took 0.102 seconds
[2026-08-08T18:17:14.895+0000] {processor.py:186} INFO - Started process (PID=138) to work on /home/airflow/.local/lib/python3.12/site-packages/airflow/example_dags/example_setup_teardown_taskflow.py
[2026-08-08T18:17:14.897+0000] {processor.py:914} INFO - Processing file /home/airflow/.local/lib/python3.12/site-packages/airflow/example_dags/example_setup_teardown_taskflow.py for tasks to queue
[2026-08-08T18:17:14.900+0000] {logging_mixin.py:190} INFO - [2026-08-08T18:17:14.900+0000] {dagbag.py:587} INFO - Filling up the DagBag from /home/airflow/.local/lib/python3.12/site-packages/airflow/example_dags/example_setup_teardown_taskflow.py
[2026-08-08T18:17:14.919+0000] {processor.py:925} INFO - DAG(s) 'example_setup_teardown_taskflow' retrieved from /home/airflow/.local/lib/python3.12/site-packages/airflow/example_dags/example_setup_teardown_taskflow.py
[2026-08-08T18:17:14.953+0000] {logging_mixin.py:190} INFO - [2026-08-08T18:17:14.952+0000] {dag.py:3211} INFO - Sync 1 DAGs
[2026-08-08T18:17:14.983+0000] {logging_mixin.py:190} INFO - [2026-08-08T18:17:14.983+0000] {dag.py:4138} INFO - Setting next_dagrun for example_setup_teardown_taskflow to 2026-08-07 00:00:00+00:00, run_after=2026-08-08 00:00:00+00:00
[2026-08-08T18:17:15.015+0000] {processor.py:208} INFO - Processing /home/airflow/.local/lib/python3.12/site-packages/airflow/example_dags/example_setup_teardown_taskflow.py took 0.129 seconds
[2026-08-08T18:17:45.265+0000] {processor.py:186} INFO - Started process (PID=201) to work on /home/airflow/.local/lib/python3.12/site-packages/airflow/example_dags/example_setup_teardown_taskflow.py
[2026-08-08T18:17:45.269+0000] {processor.py:914} INFO - Processing file /home/airflow/.local/lib/python3.12/site-packages/airflow/example_dags/example_setup_teardown_taskflow.py for tasks to queue
[2026-08-08T18:17:45.272+0000] {logging_mixin.py:190} INFO - [2026-08-08T18:17:45.271+0000] {dagbag.py:587} INFO - Filling up the DagBag from /home/airflow/.local/lib/python3.12/site-packages/airflow/example_dags/example_setup_teardown_taskflow.py
[2026-08-08T18:17:45.285+0000] {processor.py:925} INFO - DAG(s) 'example_setup_teardown_taskflow' retrieved from /home/airflow/.local/lib/python3.12/site-packages/airflow/example_dags/example_setup_teardown_taskflow.py
[2026-08-08T18:17:45.305+0000] {logging_mixin.py:190} INFO - [2026-08-08T18:17:45.305+0000] {dag.py:3211} INFO - Sync 1 DAGs
[2026-08-08T18:17:45.329+0000] {logging_mixin.py:190} INFO - [2026-08-08T18:17:45.329+0000] {dag.py:4138} INFO - Setting next_dagrun for example_setup_teardown_taskflow to 2026-08-07 00:00:00+00:00, run_after=2026-08-08 00:00:00+00:00
[2026-08-08T18:17:45.353+0000] {processor.py:208} INFO - Processing /home/airflow/.local/lib/python3.12/site-packages/airflow/example_dags/example_setup_teardown_taskflow.py took 0.093 seconds
[2026-08-08T18:18:16.119+0000] {processor.py:186} INFO - Started process (PID=264) to work on /home/airflow/.local/lib/python3.12/site-packages/airflow/example_dags/example_setup_teardown_taskflow.py
[2026-08-08T18:18:16.120+0000] {processor.py:914} INFO - Processing file /home/airflow/.local/lib/python3.12/site-packages/airflow/example_dags/example_setup_teardown_taskflow.py for tasks to queue
[2026-08-08T18:18:16.124+0000] {logging_mixin.py:190} INFO - [2026-08-08T18:18:16.123+0000] {dagbag.py:587} INFO - Filling up the DagBag from /home/airflow/.local/lib/python3.12/site-packages/airflow/example_dags/example_setup_teardown_taskflow.py
[2026-08-08T18:18:16.133+0000] {processor.py:925} INFO - DAG(s) 'example_setup_teardown_taskflow' retrieved from /home/airflow/.local/lib/python3.12/site-packages/airflow/example_dags/example_setup_teardown_taskflow.py
[2026-08-08T18:18:16.160+0000] {logging_mixin.py:190} INFO - [2026-08-08T18:18:16.159+0000] {dag.py:3211} INFO - Sync 1 DAGs
[2026-08-08T18:18:16.182+0000] {logging_mixin.py:190} INFO - [2026-08-08T18:18:16.181+0000] {dag.py:4138} INFO - Setting next_dagrun for example_setup_teardown_taskflow to 2026-08-07 00:00:00+00:00, run_after=2026-08-08 00:00:00+00:00
[2026-08-08T18:18:16.205+0000] {processor.py:208} INFO - Processing /home/airflow/.local/lib/python3.12/site-packages/airflow/example_dags/example_setup_teardown_taskflow.py took 0.092 seconds
[2026-08-08T18:18:46.532+0000] {processor.py:186} INFO - Started process (PID=327) to work on /home/airflow/.local/lib/python3.12/site-packages/airflow/example_dags/example_setup_teardown_taskflow.py
[2026-08-08T18:18:46.536+0000] {processor.py:914} INFO - Processing file /home/airflow/.local/lib/python3.12/site-packages/airflow/example_dags/example_setup_teardown_taskflow.py for tasks to queue
[2026-08-08T18:18:46.544+0000] {logging_mixin.py:190} INFO - [2026-08-08T18:18:46.543+0000] {dagbag.py:587} INFO - Filling up the DagBag from /home/airflow/.local/lib/python3.12/site-packages/airflow/example_dags/example_setup_teardown_taskflow.py
[2026-08-08T18:18:46.560+0000] {processor.py:925} INFO - DAG(s) 'example_setup_teardown_taskflow' retrieved from /home/airflow/.local/lib/python3.12/site-packages/airflow/example_dags/example_setup_teardown_taskflow.py
[2026-08-08T18:18:46.591+0000] {logging_mixin.py:190} INFO - [2026-08-08T18:18:46.591+0000] {dag.py:3211} INFO - Sync 1 DAGs
[2026-08-08T18:18:46.617+0000] {logging_mixin.py:190} INFO - [2026-08-08T18:18:46.616+0000] {dag.py:4138} INFO - Setting next_dagrun for example_setup_teardown_taskflow to 2026-08-07 00:00:00+00:00, run_after=2026-08-08 00:00:00+00:00
[2026-08-08T18:18:46.636+0000] {processor.py:208} INFO - Processing /home/airflow/.local/lib/python3.12/site-packages/airflow/example_dags/example_setup_teardown_taskflow.py took 0.110 seconds
[2026-08-08T18:19:16.961+0000] {processor.py:186} INFO - Started process (PID=390) to work on /home/airflow/.local/lib/python3.12/site-packages/airflow/example_dags/example_setup_teardown_taskflow.py
[2026-08-08T18:19:16.962+0000] {processor.py:914} INFO - Processing file /home/airflow/.local/lib/python3.12/site-packages/airflow/example_dags/example_setup_teardown_taskflow.py for tasks to queue
[2026-08-08T18:19:16.965+0000] {logging_mixin.py:190} INFO - [2026-08-08T18:19:16.965+0000] {dagbag.py:587} INFO - Filling up the DagBag from /home/airflow/.local/lib/python3.12/site-packages/airflow/example_dags/example_setup_teardown_taskflow.py
[2026-08-08T18:19:16.977+0000] {processor.py:925} INFO - DAG(s) 'example_setup_teardown_taskflow' retrieved from /home/airflow/.local/lib/python3.12/site-packages/airflow/example_dags/example_setup_teardown_taskflow.py
[2026-08-08T18:19:16.999+0000] {logging_mixin.py:190} INFO - [2026-08-08T18:19:16.999+0000] {dag.py:3211} INFO - Sync 1 DAGs
[2026-08-08T18:19:17.020+0000] {logging_mixin.py:190} INFO - [2026-08-08T18:19:17.020+0000] {dag.py:4138} INFO - Setting next_dagrun for example_setup_teardown_taskflow to 2026-08-07 00:00:00+00:00, run_after=2026-08-08 00:00:00+00:00
[2026-08-08T18:19:17.041+0000] {processor.py:208} INFO - Processing /home/airflow/.local/lib/python3.12/site-packages/airflow/example_dags/example_setup_teardown_taskflow.py took 0.085 seconds
[2026-08-08T18:24:04.489+0000] {processor.py:186} INFO - Started process (PID=453) to work on /home/airflow/.local/lib/python3.12/site-packages/airflow/example_dags/example_setup_teardown_taskflow.py
[2026-08-08T18:24:04.490+0000] {processor.py:914} INFO - Processing file /home/airflow/.local/lib/python3.12/site-packages/airflow/example_dags/example_setup_teardown_taskflow.py for tasks to queue
[2026-08-08T18:24:04.493+0000] {logging_mixin.py:190} INFO - [2026-08-08T18:24:04.493+0000] {dagbag.py:587} INFO - Filling up the DagBag from /home/airflow/.local/lib/python3.12/site-packages/airflow/example_dags/example_setup_teardown_taskflow.py
[2026-08-08T18:24:04.502+0000] {processor.py:925} INFO - DAG(s) 'example_setup_teardown_taskflow' retrieved from /home/airflow/.local/lib/python3.12/site-packages/airflow/example_dags/example_setup_teardown_taskflow.py
[2026-08-08T18:24:04.521+0000] {logging_mixin.py:190} INFO - [2026-08-08T18:24:04.521+0000] {dag.py:3211} INFO - Sync 1 DAGs
[2026-08-08T18:24:04.538+0000] {logging_mixin.py:190} INFO - [2026-08-08T18:24:04.538+0000] {dag.py:4138} INFO - Setting next_dagrun for example_setup_teardown_taskflow to 2026-08-07 00:00:00+00:00, run_after=2026-08-08 00:00:00+00:00
[2026-08-08T18:24:04.555+0000] {processor.py:208} INFO - Processing /home/airflow/.local/lib/python3.12/site-packages/airflow/example_dags/example_setup_teardown_taskflow.py took 0.072 seconds
[2026-08-08T18:24:35.313+0000] {processor.py:186} INFO - Started process (PID=516) to work on /home/airflow/.local/lib/python3.12/site-packages/airflow/example_dags/example_setup_teardown_taskflow.py
[2026-08-08T18:24:35.315+0000] {processor.py:914} INFO - Processing file /home/airflow/.local/lib/python3.12/site-packages/airflow/example_dags/example_setup_teardown_taskflow.py for tasks to queue
[2026-08-08T18:24:35.317+0000] {logging_mixin.py:190} INFO - [2026-08-08T18:24:35.317+0000] {dagbag.py:587} INFO - Filling up the DagBag from /home/airflow/.local/lib/python3.12/site-packages/airflow/example_dags/example_setup_teardown_taskflow.py
[2026-08-08T18:24:35.330+0000] {processor.py:925} INFO - DAG(s) 'example_setup_teardown_taskflow' retrieved from /home/airflow/.local/lib/python3.12/site-packages/airflow/example_dags/example_setup_teardown_taskflow.py
[2026-08-08T18:24:35.355+0000] {logging_mixin.py:190} INFO - [2026-08-08T18:24:35.355+0000] {dag.py:3211} INFO - Sync 1 DAGs
[2026-08-08T18:24:35.381+0000] {logging_mixin.py:190} INFO - [2026-08-08T18:24:35.381+0000] {dag.py:4138} INFO - Setting next_dagrun for example_setup_teardown_taskflow to 2026-08-07 00:00:00+00:00, run_after=2026-08-08 00:00:00+00:00
[2026-08-08T18:24:35.410+0000] {processor.py:208} INFO - Processing /home/airflow/.local/lib/python3.12/site-packages/airflow/example_dags/example_setup_teardown_taskflow.py took 0.102 seconds
[2026-08-08T18:25:05.736+0000] {processor.py:186} INFO - Started process (PID=579) to work on /home/airflow/.local/lib/python3.12/site-packages/airflow/example_dags/example_setup_teardown_taskflow.py
[2026-08-08T18:25:05.738+0000] {processor.py:914} INFO - Processing file /home/airflow/.local/lib/python3.12/site-packages/airflow/example_dags/example_setup_teardown_taskflow.py for tasks to queue
[2026-08-08T18:25:05.741+0000] {logging_mixin.py:190} INFO - [2026-08-08T18:25:05.740+0000] {dagbag.py:587} INFO - Filling up the DagBag from /home/airflow/.local/lib/python3.12/site-packages/airflow/example_dags/example_setup_teardown_taskflow.py
[2026-08-08T18:25:05.752+0000] {processor.py:925} INFO - DAG(s) 'example_setup_teardown_taskflow' retrieved from /home/airflow/.local/lib/python3.12/site-packages/airflow/example_dags/example_setup_teardown_taskflow.py
[2026-08-08T18:25:05.775+0000] {logging_mixin.py:190} INFO - [2026-08-08T18:25:05.774+0000] {dag.py:3211} INFO - Sync 1 DAGs
[2026-08-08T18:25:05.800+0000] {logging_mixin.py:190} INFO - [2026-08-08T18:25:05.800+0000] {dag.py:4138} INFO - Setting next_dagrun for example_setup_teardown_taskflow to 2026-08-07 00:00:00+00:00, run_after=2026-08-08 00:00:00+00:00
[2026-08-08T18:25:05.824+0000] {processor.py:208} INFO - Processing /home/airflow/.local/lib/python3.12/site-packages/airflow/example_dags/example_setup_teardown_taskflow.py took 0.095 seconds
[2026-08-08T18:25:36.038+0000] {processor.py:186} INFO - Started process (PID=642) to work on /home/airflow/.local/lib/python3.12/site-packages/airflow/example_dags/example_setup_teardown_taskflow.py
[2026-08-08T18:25:36.040+0000] {processor.py:914} INFO - Processing file /home/airflow/.local/lib/python3.12/site-packages/airflow/example_dags/example_setup_teardown_taskflow.py for tasks to queue
[2026-08-08T18:25:36.044+0000] {logging_mixin.py:190} INFO - [2026-08-08T18:25:36.044+0000] {dagbag.py:587} INFO - Filling up the DagBag from /home/airflow/.local/lib/python3.12/site-packages/airflow/example_dags/example_setup_teardown_taskflow.py
[2026-08-08T18:25:36.061+0000] {processor.py:925} INFO - DAG(s) 'example_setup_teardown_taskflow' retrieved from /home/airflow/.local/lib/python3.12/site-packages/airflow/example_dags/example_setup_teardown_taskflow.py
[2026-08-08T18:25:36.092+0000] {logging_mixin.py:190} INFO - [2026-08-08T18:25:36.092+0000] {dag.py:3211} INFO - Sync 1 DAGs
[2026-08-08T18:25:36.120+0000] {logging_mixin.py:190} INFO - [2026-08-08T18:25:36.120+0000] {dag.py:4138} INFO - Setting next_dagrun for example_setup_teardown_taskflow to 2026-08-07 00:00:00+00:00, run_after=2026-08-08 00:00:00+00:00
[2026-08-08T18:25:36.143+0000] {processor.py:208} INFO - Processing /home/airflow/.local/lib/python3.12/site-packages/airflow/example_dags/example_setup_teardown_taskflow.py took 0.113 seconds
[2026-08-08T18:26:06.690+0000] {processor.py:186} INFO - Started process (PID=706) to work on /home/airflow/.local/lib/python3.12/site-packages/airflow/example_dags/example_setup_teardown_taskflow.py
[2026-08-08T18:26:06.691+0000] {processor.py:914} INFO - Processing file /home/airflow/.local/lib/python3.12/site-packages/airflow/example_dags/example_setup_teardown_taskflow.py for tasks to queue
[2026-08-08T18:26:06.695+0000] {logging_mixin.py:190} INFO - [2026-08-08T18:26:06.694+0000] {dagbag.py:587} INFO - Filling up the DagBag from /home/airflow/.local/lib/python3.12/site-packages/airflow/example_dags/example_setup_teardown_taskflow.py
[2026-08-08T18:26:06.707+0000] {processor.py:925} INFO - DAG(s) 'example_setup_teardown_taskflow' retrieved from /home/airflow/.local/lib/python3.12/site-packages/airflow/example_dags/example_setup_teardown_taskflow.py
[2026-08-08T18:26:06.730+0000] {logging_mixin.py:190} INFO - [2026-08-08T18:26:06.730+0000] {dag.py:3211} INFO - Sync 1 DAGs
[2026-08-08T18:26:06.758+0000] {logging_mixin.py:190} INFO - [2026-08-08T18:26:06.758+0000] {dag.py:4138} INFO - Setting next_dagrun for example_setup_teardown_taskflow to 2026-08-07 00:00:00+00:00, run_after=2026-08-08 00:00:00+00:00
[2026-08-08T18:26:06.777+0000] {processor.py:208} INFO - Processing /home/airflow/.local/lib/python3.12/site-packages/airflow/example_dags/example_setup_teardown_taskflow.py took 0.094 seconds
[2026-08-08T18:26:37.338+0000] {processor.py:186} INFO - Started process (PID=769) to work on /home/airflow/.local/lib/python3.12/site-packages/airflow/example_dags/example_setup_teardown_taskflow.py
[2026-08-08T18:26:37.339+0000] {processor.py:914} INFO - Processing file /home/airflow/.local/lib/python3.12/site-packages/airflow/example_dags/example_setup_teardown_taskflow.py for tasks to queue
[2026-08-08T18:26:37.343+0000] {logging_mixin.py:190} INFO - [2026-08-08T18:26:37.342+0000] {dagbag.py:587} INFO - Filling up the DagBag from /home/airflow/.local/lib/python3.12/site-packages/airflow/example_dags/example_setup_teardown_taskflow.py
[2026-08-08T18:26:37.353+0000] {processor.py:925} INFO - DAG(s) 'example_setup_teardown_taskflow' retrieved from /home/airflow/.local/lib/python3.12/site-packages/airflow/example_dags/example_setup_teardown_taskflow.py
[2026-08-08T18:26:37.375+0000] {logging_mixin.py:190} INFO - [2026-08-08T18:26:37.375+0000] {dag.py:3211} INFO - Sync 1 DAGs
[2026-08-08T18:26:37.398+0000] {logging_mixin.py:190} INFO - [2026-08-08T18:26:37.398+0000] {dag.py:4138} INFO - Setting next_dagrun for example_setup_teardown_taskflow to 2026-08-07 00:00:00+00:00, run_after=2026-08-08 00:00:00+00:00
[2026-08-08T18:26:37.424+0000] {processor.py:208} INFO - Processing /home/airflow/.local/lib/python3.12/site-packages/airflow/example_dags/example_setup_teardown_taskflow.py took 0.092 seconds
