[2026-08-08T17:25:01.345+0000] {processor.py:186} INFO - Started process (PID=79) to work on /home/airflow/.local/lib/python3.12/site-packages/airflow/example_dags/example_branch_labels.py
[2026-08-08T17:25:01.347+0000] {processor.py:914} INFO - Processing file /home/airflow/.local/lib/python3.12/site-packages/airflow/example_dags/example_branch_labels.py for tasks to queue
[2026-08-08T17:25:01.353+0000] {logging_mixin.py:190} INFO - [2026-08-08T17:25:01.352+0000] {dagbag.py:587} INFO - Filling up the DagBag from /home/airflow/.local/lib/python3.12/site-packages/airflow/example_dags/example_branch_labels.py
[2026-08-08T17:25:01.377+0000] {processor.py:925} INFO - DAG(s) 'example_branch_labels' retrieved from /home/airflow/.local/lib/python3.12/site-packages/airflow/example_dags/example_branch_labels.py
[2026-08-08T17:25:01.541+0000] {logging_mixin.py:190} INFO - [2026-08-08T17:25:01.540+0000] {override.py:1858} INFO - Created Permission View: can delete on DAG:example_branch_labels
[2026-08-08T17:25:01.554+0000] {logging_mixin.py:190} INFO - [2026-08-08T17:25:01.554+0000] {override.py:1858} INFO - Created Permission View: can edit on DAG:example_branch_labels
[2026-08-08T17:25:01.563+0000] {logging_mixin.py:190} INFO - [2026-08-08T17:25:01.563+0000] {override.py:1858} INFO - Created Permission View: can read on DAG:example_branch_labels
[2026-08-08T17:25:01.564+0000] {logging_mixin.py:190} INFO - [2026-08-08T17:25:01.564+0000] {dag.py:3211} INFO - Sync 1 DAGs
[2026-08-08T17:25:01.574+0000] {logging_mixin.py:190} INFO - [2026-08-08T17:25:01.574+0000] {dag.py:3234} INFO - Creating ORM DAG for example_branch_labels
[2026-08-08T17:25:01.587+0000] {logging_mixin.py:190} INFO - [2026-08-08T17:25:01.587+0000] {dag.py:4138} INFO - Setting next_dagrun for example_branch_labels to 2026-08-07 00:00:00+00:00, run_after=2026-08-08 00:00:00+00:00
[2026-08-08T17:25:01.610+0000] {processor.py:208} INFO - Processing /home/airflow/.local/lib/python3.12/site-packages/airflow/example_dags/example_branch_labels.py took 0.273 seconds
[2026-08-08T17:25:32.144+0000] {processor.py:186} INFO - Started process (PID=142) to work on /home/airflow/.local/lib/python3.12/site-packages/airflow/example_dags/example_branch_labels.py
[2026-08-08T17:25:32.148+0000] {processor.py:914} INFO - Processing file /home/airflow/.local/lib/python3.12/site-packages/airflow/example_dags/example_branch_labels.py for tasks to queue
[2026-08-08T17:25:32.152+0000] {logging_mixin.py:190} INFO - [2026-08-08T17:25:32.151+0000] {dagbag.py:587} INFO - Filling up the DagBag from /home/airflow/.local/lib/python3.12/site-packages/airflow/example_dags/example_branch_labels.py
[2026-08-08T17:25:32.192+0000] {processor.py:925} INFO - DAG(s) 'example_branch_labels' retrieved from /home/airflow/.local/lib/python3.12/site-packages/airflow/example_dags/example_branch_labels.py
[2026-08-08T17:25:32.227+0000] {logging_mixin.py:190} INFO - [2026-08-08T17:25:32.226+0000] {dag.py:3211} INFO - Sync 1 DAGs
[2026-08-08T17:25:32.266+0000] {logging_mixin.py:190} INFO - [2026-08-08T17:25:32.265+0000] {dag.py:4138} INFO - Setting next_dagrun for example_branch_labels to 2026-08-07 00:00:00+00:00, run_after=2026-08-08 00:00:00+00:00
[2026-08-08T17:25:32.295+0000] {processor.py:208} INFO - Processing /home/airflow/.local/lib/python3.12/site-packages/airflow/example_dags/example_branch_labels.py took 0.161 seconds
[2026-08-08T17:26:02.730+0000] {processor.py:186} INFO - Started process (PID=205) to work on /home/airflow/.local/lib/python3.12/site-packages/airflow/example_dags/example_branch_labels.py
[2026-08-08T17:26:02.732+0000] {processor.py:914} INFO - Processing file /home/airflow/.local/lib/python3.12/site-packages/airflow/example_dags/example_branch_labels.py for tasks to queue
[2026-08-08T17:26:02.734+0000] {logging_mixin.py:190} INFO - [2026-08-08T17:26:02.734+0000] {dagbag.py:587} INFO - Filling up the DagBag from /home/airflow/.local/lib/python3.12/site-packages/airflow/example_dags/example_branch_labels.py
[2026-08-08T17:26:02.745+0000] {processor.py:925} INFO - DAG(s) 'example_branch_labels' retrieved from /home/airflow/.local/lib/python3.12/site-packages/airflow/example_dags/example_branch_labels.py
[2026-08-08T17:26:02.768+0000] {logging_mixin.py:190} INFO - [2026-08-08T17:26:02.768+0000] {dag.py:3211} INFO - Sync 1 DAGs
[2026-08-08T17:26:02.790+0000] {logging_mixin.py:190} INFO - [2026-08-08T17:26:02.789+0000] {dag.py:4138} INFO - Setting next_dagrun for example_branch_labels to 2026-08-07 00:00:00+00:00, run_after=2026-08-08 00:00:00+00:00
[2026-08-08T17:26:02.812+0000] {processor.py:208} INFO - Processing /home/airflow/.local/lib/python3.12/site-packages/airflow/example_dags/example_branch_labels.py took 0.089 seconds
[2026-08-08T17:26:33.608+0000] {processor.py:186} INFO - Started process (PID=268) to work on /home/airflow/.local/lib/python3.12/site-packages/airflow/example_dags/example_branch_labels.py
[2026-08-08T17:26:33.609+0000] {processor.py:914} INFO - Processing file /home/airflow/.local/lib/python3.12/site-packages/airflow/example_dags/example_branch_labels.py for tasks to queue
[2026-08-08T17:26:33.612+0000] {logging_mixin.py:190} INFO - [2026-08-08T17:26:33.612+0000] {dagbag.py:587} INFO - Filling up the DagBag from /home/airflow/.local/lib/python3.12/site-packages/airflow/example_dags/example_branch_labels.py
[2026-08-08T17:26:33.625+0000] {processor.py:925} INFO - DAG(s) 'example_branch_labels' retrieved from /home/airflow/.local/lib/python3.12/site-packages/airflow/example_dags/example_branch_labels.py
[2026-08-08T17:26:33.660+0000] {logging_mixin.py:190} INFO - [2026-08-08T17:26:33.660+0000] {dag.py:3211} INFO - Sync 1 DAGs
[2026-08-08T17:26:33.690+0000] {logging_mixin.py:190} INFO - [2026-08-08T17:26:33.690+0000] {dag.py:4138} INFO - Setting next_dagrun for example_branch_labels to 2026-08-07 00:00:00+00:00, run_after=2026-08-08 00:00:00+00:00
[2026-08-08T17:26:33.717+0000] {processor.py:208} INFO - Processing /home/airflow/.local/lib/python3.12/site-packages/airflow/example_dags/example_branch_labels.py took 0.118 seconds
[2026-08-08T17:27:03.787+0000] {processor.py:186} INFO - Started process (PID=331) to work on /home/airflow/.local/lib/python3.12/site-packages/airflow/example_dags/example_branch_labels.py
[2026-08-08T17:27:03.788+0000] {processor.py:914} INFO - Processing file /home/airflow/.local/lib/python3.12/site-packages/airflow/example_dags/example_branch_labels.py for tasks to queue
[2026-08-08T17:27:03.791+0000] {logging_mixin.py:190} INFO - [2026-08-08T17:27:03.791+0000] {dagbag.py:587} INFO - Filling up the DagBag from /home/airflow/.local/lib/python3.12/site-packages/airflow/example_dags/example_branch_labels.py
[2026-08-08T17:27:03.801+0000] {processor.py:925} INFO - DAG(s) 'example_branch_labels' retrieved from /home/airflow/.local/lib/python3.12/site-packages/airflow/example_dags/example_branch_labels.py
[2026-08-08T17:27:03.823+0000] {logging_mixin.py:190} INFO - [2026-08-08T17:27:03.822+0000] {dag.py:3211} INFO - Sync 1 DAGs
[2026-08-08T17:27:03.852+0000] {logging_mixin.py:190} INFO - [2026-08-08T17:27:03.852+0000] {dag.py:4138} INFO - Setting next_dagrun for example_branch_labels to 2026-08-07 00:00:00+00:00, run_after=2026-08-08 00:00:00+00:00
[2026-08-08T17:27:03.871+0000] {processor.py:208} INFO - Processing /home/airflow/.local/lib/python3.12/site-packages/airflow/example_dags/example_branch_labels.py took 0.090 seconds
[2026-08-08T17:27:33.949+0000] {processor.py:186} INFO - Started process (PID=393) to work on /home/airflow/.local/lib/python3.12/site-packages/airflow/example_dags/example_branch_labels.py
[2026-08-08T17:27:33.951+0000] {processor.py:914} INFO - Processing file /home/airflow/.local/lib/python3.12/site-packages/airflow/example_dags/example_branch_labels.py for tasks to queue
[2026-08-08T17:27:33.954+0000] {logging_mixin.py:190} INFO - [2026-08-08T17:27:33.953+0000] {dagbag.py:587} INFO - Filling up the DagBag from /home/airflow/.local/lib/python3.12/site-packages/airflow/example_dags/example_branch_labels.py
[2026-08-08T17:27:33.962+0000] {processor.py:925} INFO - DAG(s) 'example_branch_labels' retrieved from /home/airflow/.local/lib/python3.12/site-packages/airflow/example_dags/example_branch_labels.py
[2026-08-08T17:27:33.981+0000] {logging_mixin.py:190} INFO - [2026-08-08T17:27:33.981+0000] {dag.py:3211} INFO - Sync 1 DAGs
[2026-08-08T17:27:34.024+0000] {logging_mixin.py:190} INFO - [2026-08-08T17:27:34.023+0000] {dag.py:4138} INFO - Setting next_dagrun for example_branch_labels to 2026-08-07 00:00:00+00:00, run_after=2026-08-08 00:00:00+00:00
[2026-08-08T17:27:34.046+0000] {processor.py:208} INFO - Processing /home/airflow/.local/lib/python3.12/site-packages/airflow/example_dags/example_branch_labels.py took 0.101 seconds
[2026-08-08T17:28:04.289+0000] {processor.py:186} INFO - Started process (PID=456) to work on /home/airflow/.local/lib/python3.12/site-packages/airflow/example_dags/example_branch_labels.py
[2026-08-08T17:28:04.291+0000] {processor.py:914} INFO - Processing file /home/airflow/.local/lib/python3.12/site-packages/airflow/example_dags/example_branch_labels.py for tasks to queue
[2026-08-08T17:28:04.295+0000] {logging_mixin.py:190} INFO - [2026-08-08T17:28:04.294+0000] {dagbag.py:587} INFO - Filling up the DagBag from /home/airflow/.local/lib/python3.12/site-packages/airflow/example_dags/example_branch_labels.py
[2026-08-08T17:28:04.305+0000] {processor.py:925} INFO - DAG(s) 'example_branch_labels' retrieved from /home/airflow/.local/lib/python3.12/site-packages/airflow/example_dags/example_branch_labels.py
[2026-08-08T17:28:04.325+0000] {logging_mixin.py:190} INFO - [2026-08-08T17:28:04.325+0000] {dag.py:3211} INFO - Sync 1 DAGs
[2026-08-08T17:28:04.344+0000] {logging_mixin.py:190} INFO - [2026-08-08T17:28:04.344+0000] {dag.py:4138} INFO - Setting next_dagrun for example_branch_labels to 2026-08-07 00:00:00+00:00, run_after=2026-08-08 00:00:00+00:00
[2026-08-08T17:28:04.361+0000] {processor.py:208} INFO - Processing /home/airflow/.local/lib/python3.12/site-packages/airflow/example_dags/example_branch_labels.py took 0.078 seconds
[2026-08-08T17:28:35.367+0000] {processor.py:186} INFO - Started process (PID=520) to work on /home/airflow/.local/lib/python3.12/site-packages/airflow/example_dags/example_branch_labels.py
[2026-08-08T17:28:35.369+0000] {processor.py:914} INFO - Processing file /home/airflow/.local/lib/python3.12/site-packages/airflow/example_dags/example_branch_labels.py for tasks to queue
[2026-08-08T17:28:35.371+0000] {logging_mixin.py:190} INFO - [2026-08-08T17:28:35.371+0000] {dagbag.py:587} INFO - Filling up the DagBag from /home/airflow/.local/lib/python3.12/site-packages/airflow/example_dags/example_branch_labels.py
[2026-08-08T17:28:35.381+0000] {processor.py:925} INFO - DAG(s) 'example_branch_labels' retrieved from /home/airflow/.local/lib/python3.12/site-packages/airflow/example_dags/example_branch_labels.py
[2026-08-08T17:28:35.404+0000] {logging_mixin.py:190} INFO - [2026-08-08T17:28:35.403+0000] {dag.py:3211} INFO - Sync 1 DAGs
[2026-08-08T17:28:35.426+0000] {logging_mixin.py:190} INFO - [2026-08-08T17:28:35.426+0000] {dag.py:4138} INFO - Setting next_dagrun for example_branch_labels to 2026-08-07 00:00:00+00:00, run_after=2026-08-08 00:00:00+00:00
[2026-08-08T17:28:35.444+0000] {processor.py:208} INFO - Processing /home/airflow/.local/lib/python3.12/site-packages/airflow/example_dags/example_branch_labels.py took 0.084 seconds
[2026-08-08T17:29:06.414+0000] {processor.py:186} INFO - Started process (PID=583) to work on /home/airflow/.local/lib/python3.12/site-packages/airflow/example_dags/example_branch_labels.py
[2026-08-08T17:29:06.416+0000] {processor.py:914} INFO - Processing file /home/airflow/.local/lib/python3.12/site-packages/airflow/example_dags/example_branch_labels.py for tasks to queue
[2026-08-08T17:29:06.419+0000] {logging_mixin.py:190} INFO - [2026-08-08T17:29:06.419+0000] {dagbag.py:587} INFO - Filling up the DagBag from /home/airflow/.local/lib/python3.12/site-packages/airflow/example_dags/example_branch_labels.py
[2026-08-08T17:29:06.438+0000] {processor.py:925} INFO - DAG(s) 'example_branch_labels' retrieved from /home/airflow/.local/lib/python3.12/site-packages/airflow/example_dags/example_branch_labels.py
[2026-08-08T17:29:06.480+0000] {logging_mixin.py:190} INFO - [2026-08-08T17:29:06.480+0000] {dag.py:3211} INFO - Sync 1 DAGs
[2026-08-08T17:29:06.523+0000] {logging_mixin.py:190} INFO - [2026-08-08T17:29:06.523+0000] {dag.py:4138} INFO - Setting next_dagrun for example_branch_labels to 2026-08-07 00:00:00+00:00, run_after=2026-08-08 00:00:00+00:00
[2026-08-08T17:29:06.553+0000] {processor.py:208} INFO - Processing /home/airflow/.local/lib/python3.12/site-packages/airflow/example_dags/example_branch_labels.py took 0.151 seconds
[2026-08-08T17:29:37.399+0000] {processor.py:186} INFO - Started process (PID=646) to work on /home/airflow/.local/lib/python3.12/site-packages/airflow/example_dags/example_branch_labels.py
[2026-08-08T17:29:37.401+0000] {processor.py:914} INFO - Processing file /home/airflow/.local/lib/python3.12/site-packages/airflow/example_dags/example_branch_labels.py for tasks to queue
[2026-08-08T17:29:37.405+0000] {logging_mixin.py:190} INFO - [2026-08-08T17:29:37.404+0000] {dagbag.py:587} INFO - Filling up the DagBag from /home/airflow/.local/lib/python3.12/site-packages/airflow/example_dags/example_branch_labels.py
[2026-08-08T17:29:37.423+0000] {processor.py:925} INFO - DAG(s) 'example_branch_labels' retrieved from /home/airflow/.local/lib/python3.12/site-packages/airflow/example_dags/example_branch_labels.py
[2026-08-08T17:29:37.464+0000] {logging_mixin.py:190} INFO - [2026-08-08T17:29:37.463+0000] {dag.py:3211} INFO - Sync 1 DAGs
[2026-08-08T17:29:37.496+0000] {logging_mixin.py:190} INFO - [2026-08-08T17:29:37.496+0000] {dag.py:4138} INFO - Setting next_dagrun for example_branch_labels to 2026-08-07 00:00:00+00:00, run_after=2026-08-08 00:00:00+00:00
[2026-08-08T17:29:37.516+0000] {processor.py:208} INFO - Processing /home/airflow/.local/lib/python3.12/site-packages/airflow/example_dags/example_branch_labels.py took 0.128 seconds
[2026-08-08T17:30:08.289+0000] {processor.py:186} INFO - Started process (PID=709) to work on /home/airflow/.local/lib/python3.12/site-packages/airflow/example_dags/example_branch_labels.py
[2026-08-08T17:30:08.290+0000] {processor.py:914} INFO - Processing file /home/airflow/.local/lib/python3.12/site-packages/airflow/example_dags/example_branch_labels.py for tasks to queue
[2026-08-08T17:30:08.293+0000] {logging_mixin.py:190} INFO - [2026-08-08T17:30:08.293+0000] {dagbag.py:587} INFO - Filling up the DagBag from /home/airflow/.local/lib/python3.12/site-packages/airflow/example_dags/example_branch_labels.py
[2026-08-08T17:30:08.303+0000] {processor.py:925} INFO - DAG(s) 'example_branch_labels' retrieved from /home/airflow/.local/lib/python3.12/site-packages/airflow/example_dags/example_branch_labels.py
[2026-08-08T17:30:08.325+0000] {logging_mixin.py:190} INFO - [2026-08-08T17:30:08.325+0000] {dag.py:3211} INFO - Sync 1 DAGs
[2026-08-08T17:30:08.348+0000] {logging_mixin.py:190} INFO - [2026-08-08T17:30:08.348+0000] {dag.py:4138} INFO - Setting next_dagrun for example_branch_labels to 2026-08-07 00:00:00+00:00, run_after=2026-08-08 00:00:00+00:00
[2026-08-08T17:30:08.369+0000] {processor.py:208} INFO - Processing /home/airflow/.local/lib/python3.12/site-packages/airflow/example_dags/example_branch_labels.py took 0.085 seconds
[2026-08-08T17:30:39.236+0000] {processor.py:186} INFO - Started process (PID=772) to work on /home/airflow/.local/lib/python3.12/site-packages/airflow/example_dags/example_branch_labels.py
[2026-08-08T17:30:39.238+0000] {processor.py:914} INFO - Processing file /home/airflow/.local/lib/python3.12/site-packages/airflow/example_dags/example_branch_labels.py for tasks to queue
[2026-08-08T17:30:39.241+0000] {logging_mixin.py:190} INFO - [2026-08-08T17:30:39.240+0000] {dagbag.py:587} INFO - Filling up the DagBag from /home/airflow/.local/lib/python3.12/site-packages/airflow/example_dags/example_branch_labels.py
[2026-08-08T17:30:39.251+0000] {processor.py:925} INFO - DAG(s) 'example_branch_labels' retrieved from /home/airflow/.local/lib/python3.12/site-packages/airflow/example_dags/example_branch_labels.py
[2026-08-08T17:30:39.271+0000] {logging_mixin.py:190} INFO - [2026-08-08T17:30:39.271+0000] {dag.py:3211} INFO - Sync 1 DAGs
[2026-08-08T17:30:39.295+0000] {logging_mixin.py:190} INFO - [2026-08-08T17:30:39.295+0000] {dag.py:4138} INFO - Setting next_dagrun for example_branch_labels to 2026-08-07 00:00:00+00:00, run_after=2026-08-08 00:00:00+00:00
[2026-08-08T17:30:39.313+0000] {processor.py:208} INFO - Processing /home/airflow/.local/lib/python3.12/site-packages/airflow/example_dags/example_branch_labels.py took 0.085 seconds
[2026-08-08T17:31:09.372+0000] {processor.py:186} INFO - Started process (PID=834) to work on /home/airflow/.local/lib/python3.12/site-packages/airflow/example_dags/example_branch_labels.py
[2026-08-08T17:31:09.373+0000] {processor.py:914} INFO - Processing file /home/airflow/.local/lib/python3.12/site-packages/airflow/example_dags/example_branch_labels.py for tasks to queue
[2026-08-08T17:31:09.375+0000] {logging_mixin.py:190} INFO - [2026-08-08T17:31:09.375+0000] {dagbag.py:587} INFO - Filling up the DagBag from /home/airflow/.local/lib/python3.12/site-packages/airflow/example_dags/example_branch_labels.py
[2026-08-08T17:31:09.383+0000] {processor.py:925} INFO - DAG(s) 'example_branch_labels' retrieved from /home/airflow/.local/lib/python3.12/site-packages/airflow/example_dags/example_branch_labels.py
[2026-08-08T17:31:09.400+0000] {logging_mixin.py:190} INFO - [2026-08-08T17:31:09.400+0000] {dag.py:3211} INFO - Sync 1 DAGs
[2026-08-08T17:31:09.420+0000] {logging_mixin.py:190} INFO - [2026-08-08T17:31:09.419+0000] {dag.py:4138} INFO - Setting next_dagrun for example_branch_labels to 2026-08-07 00:00:00+00:00, run_after=2026-08-08 00:00:00+00:00
[2026-08-08T17:31:09.435+0000] {processor.py:208} INFO - Processing /home/airflow/.local/lib/python3.12/site-packages/airflow/example_dags/example_branch_labels.py took 0.067 seconds
[2026-08-08T17:31:40.179+0000] {processor.py:186} INFO - Started process (PID=898) to work on /home/airflow/.local/lib/python3.12/site-packages/airflow/example_dags/example_branch_labels.py
[2026-08-08T17:31:40.180+0000] {processor.py:914} INFO - Processing file /home/airflow/.local/lib/python3.12/site-packages/airflow/example_dags/example_branch_labels.py for tasks to queue
[2026-08-08T17:31:40.183+0000] {logging_mixin.py:190} INFO - [2026-08-08T17:31:40.183+0000] {dagbag.py:587} INFO - Filling up the DagBag from /home/airflow/.local/lib/python3.12/site-packages/airflow/example_dags/example_branch_labels.py
[2026-08-08T17:31:40.194+0000] {processor.py:925} INFO - DAG(s) 'example_branch_labels' retrieved from /home/airflow/.local/lib/python3.12/site-packages/airflow/example_dags/example_branch_labels.py
[2026-08-08T17:31:40.218+0000] {logging_mixin.py:190} INFO - [2026-08-08T17:31:40.217+0000] {dag.py:3211} INFO - Sync 1 DAGs
[2026-08-08T17:31:40.243+0000] {logging_mixin.py:190} INFO - [2026-08-08T17:31:40.243+0000] {dag.py:4138} INFO - Setting next_dagrun for example_branch_labels to 2026-08-07 00:00:00+00:00, run_after=2026-08-08 00:00:00+00:00
[2026-08-08T17:31:40.269+0000] {processor.py:208} INFO - Processing /home/airflow/.local/lib/python3.12/site-packages/airflow/example_dags/example_branch_labels.py took 0.095 seconds
[2026-08-08T17:32:10.756+0000] {processor.py:186} INFO - Started process (PID=961) to work on /home/airflow/.local/lib/python3.12/site-packages/airflow/example_dags/example_branch_labels.py
[2026-08-08T17:32:10.757+0000] {processor.py:914} INFO - Processing file /home/airflow/.local/lib/python3.12/site-packages/airflow/example_dags/example_branch_labels.py for tasks to queue
[2026-08-08T17:32:10.760+0000] {logging_mixin.py:190} INFO - [2026-08-08T17:32:10.760+0000] {dagbag.py:587} INFO - Filling up the DagBag from /home/airflow/.local/lib/python3.12/site-packages/airflow/example_dags/example_branch_labels.py
[2026-08-08T17:32:10.769+0000] {processor.py:925} INFO - DAG(s) 'example_branch_labels' retrieved from /home/airflow/.local/lib/python3.12/site-packages/airflow/example_dags/example_branch_labels.py
[2026-08-08T17:32:10.790+0000] {logging_mixin.py:190} INFO - [2026-08-08T17:32:10.790+0000] {dag.py:3211} INFO - Sync 1 DAGs
[2026-08-08T17:32:10.810+0000] {logging_mixin.py:190} INFO - [2026-08-08T17:32:10.810+0000] {dag.py:4138} INFO - Setting next_dagrun for example_branch_labels to 2026-08-07 00:00:00+00:00, run_after=2026-08-08 00:00:00+00:00
[2026-08-08T17:32:10.830+0000] {processor.py:208} INFO - Processing /home/airflow/.local/lib/python3.12/site-packages/airflow/example_dags/example_branch_labels.py took 0.080 seconds
[2026-08-08T17:32:41.054+0000] {processor.py:186} INFO - Started process (PID=1024) to work on /home/airflow/.local/lib/python3.12/site-packages/airflow/example_dags/example_branch_labels.py
[2026-08-08T17:32:41.056+0000] {processor.py:914} INFO - Processing file /home/airflow/.local/lib/python3.12/site-packages/airflow/example_dags/example_branch_labels.py for tasks to queue
[2026-08-08T17:32:41.059+0000] {logging_mixin.py:190} INFO - [2026-08-08T17:32:41.059+0000] {dagbag.py:587} INFO - Filling up the DagBag from /home/airflow/.local/lib/python3.12/site-packages/airflow/example_dags/example_branch_labels.py
[2026-08-08T17:32:41.068+0000] {processor.py:925} INFO - DAG(s) 'example_branch_labels' retrieved from /home/airflow/.local/lib/python3.12/site-packages/airflow/example_dags/example_branch_labels.py
[2026-08-08T17:32:41.093+0000] {logging_mixin.py:190} INFO - [2026-08-08T17:32:41.092+0000] {dag.py:3211} INFO - Sync 1 DAGs
[2026-08-08T17:32:41.120+0000] {logging_mixin.py:190} INFO - [2026-08-08T17:32:41.120+0000] {dag.py:4138} INFO - Setting next_dagrun for example_branch_labels to 2026-08-07 00:00:00+00:00, run_after=2026-08-08 00:00:00+00:00
[2026-08-08T17:32:41.145+0000] {processor.py:208} INFO - Processing /home/airflow/.local/lib/python3.12/site-packages/airflow/example_dags/example_branch_labels.py took 0.100 seconds
[2026-08-08T17:33:11.615+0000] {processor.py:186} INFO - Started process (PID=1087) to work on /home/airflow/.local/lib/python3.12/site-packages/airflow/example_dags/example_branch_labels.py
[2026-08-08T17:33:11.617+0000] {processor.py:914} INFO - Processing file /home/airflow/.local/lib/python3.12/site-packages/airflow/example_dags/example_branch_labels.py for tasks to queue
[2026-08-08T17:33:11.621+0000] {logging_mixin.py:190} INFO - [2026-08-08T17:33:11.620+0000] {dagbag.py:587} INFO - Filling up the DagBag from /home/airflow/.local/lib/python3.12/site-packages/airflow/example_dags/example_branch_labels.py
[2026-08-08T17:33:11.635+0000] {processor.py:925} INFO - DAG(s) 'example_branch_labels' retrieved from /home/airflow/.local/lib/python3.12/site-packages/airflow/example_dags/example_branch_labels.py
[2026-08-08T17:33:11.662+0000] {logging_mixin.py:190} INFO - [2026-08-08T17:33:11.661+0000] {dag.py:3211} INFO - Sync 1 DAGs
[2026-08-08T17:33:11.691+0000] {logging_mixin.py:190} INFO - [2026-08-08T17:33:11.690+0000] {dag.py:4138} INFO - Setting next_dagrun for example_branch_labels to 2026-08-07 00:00:00+00:00, run_after=2026-08-08 00:00:00+00:00
[2026-08-08T17:33:11.717+0000] {processor.py:208} INFO - Processing /home/airflow/.local/lib/python3.12/site-packages/airflow/example_dags/example_branch_labels.py took 0.110 seconds
[2026-08-08T17:33:42.198+0000] {processor.py:186} INFO - Started process (PID=1150) to work on /home/airflow/.local/lib/python3.12/site-packages/airflow/example_dags/example_branch_labels.py
[2026-08-08T17:33:42.200+0000] {processor.py:914} INFO - Processing file /home/airflow/.local/lib/python3.12/site-packages/airflow/example_dags/example_branch_labels.py for tasks to queue
[2026-08-08T17:33:42.207+0000] {logging_mixin.py:190} INFO - [2026-08-08T17:33:42.205+0000] {dagbag.py:587} INFO - Filling up the DagBag from /home/airflow/.local/lib/python3.12/site-packages/airflow/example_dags/example_branch_labels.py
[2026-08-08T17:33:42.233+0000] {processor.py:925} INFO - DAG(s) 'example_branch_labels' retrieved from /home/airflow/.local/lib/python3.12/site-packages/airflow/example_dags/example_branch_labels.py
[2026-08-08T17:33:42.280+0000] {logging_mixin.py:190} INFO - [2026-08-08T17:33:42.280+0000] {dag.py:3211} INFO - Sync 1 DAGs
[2026-08-08T17:33:42.329+0000] {logging_mixin.py:190} INFO - [2026-08-08T17:33:42.329+0000] {dag.py:4138} INFO - Setting next_dagrun for example_branch_labels to 2026-08-07 00:00:00+00:00, run_after=2026-08-08 00:00:00+00:00
[2026-08-08T17:33:42.358+0000] {processor.py:208} INFO - Processing /home/airflow/.local/lib/python3.12/site-packages/airflow/example_dags/example_branch_labels.py took 0.175 seconds
[2026-08-08T17:34:12.442+0000] {processor.py:186} INFO - Started process (PID=1212) to work on /home/airflow/.local/lib/python3.12/site-packages/airflow/example_dags/example_branch_labels.py
[2026-08-08T17:34:12.444+0000] {processor.py:914} INFO - Processing file /home/airflow/.local/lib/python3.12/site-packages/airflow/example_dags/example_branch_labels.py for tasks to queue
[2026-08-08T17:34:12.446+0000] {logging_mixin.py:190} INFO - [2026-08-08T17:34:12.446+0000] {dagbag.py:587} INFO - Filling up the DagBag from /home/airflow/.local/lib/python3.12/site-packages/airflow/example_dags/example_branch_labels.py
[2026-08-08T17:34:12.454+0000] {processor.py:925} INFO - DAG(s) 'example_branch_labels' retrieved from /home/airflow/.local/lib/python3.12/site-packages/airflow/example_dags/example_branch_labels.py
[2026-08-08T17:34:12.479+0000] {logging_mixin.py:190} INFO - [2026-08-08T17:34:12.478+0000] {dag.py:3211} INFO - Sync 1 DAGs
[2026-08-08T17:34:12.503+0000] {logging_mixin.py:190} INFO - [2026-08-08T17:34:12.503+0000] {dag.py:4138} INFO - Setting next_dagrun for example_branch_labels to 2026-08-07 00:00:00+00:00, run_after=2026-08-08 00:00:00+00:00
[2026-08-08T17:34:12.522+0000] {processor.py:208} INFO - Processing /home/airflow/.local/lib/python3.12/site-packages/airflow/example_dags/example_branch_labels.py took 0.086 seconds
[2026-08-08T17:34:42.581+0000] {processor.py:186} INFO - Started process (PID=1275) to work on /home/airflow/.local/lib/python3.12/site-packages/airflow/example_dags/example_branch_labels.py
[2026-08-08T17:34:42.582+0000] {processor.py:914} INFO - Processing file /home/airflow/.local/lib/python3.12/site-packages/airflow/example_dags/example_branch_labels.py for tasks to queue
[2026-08-08T17:34:42.585+0000] {logging_mixin.py:190} INFO - [2026-08-08T17:34:42.584+0000] {dagbag.py:587} INFO - Filling up the DagBag from /home/airflow/.local/lib/python3.12/site-packages/airflow/example_dags/example_branch_labels.py
[2026-08-08T17:34:42.593+0000] {processor.py:925} INFO - DAG(s) 'example_branch_labels' retrieved from /home/airflow/.local/lib/python3.12/site-packages/airflow/example_dags/example_branch_labels.py
[2026-08-08T17:34:42.614+0000] {logging_mixin.py:190} INFO - [2026-08-08T17:34:42.613+0000] {dag.py:3211} INFO - Sync 1 DAGs
[2026-08-08T17:34:42.631+0000] {logging_mixin.py:190} INFO - [2026-08-08T17:34:42.631+0000] {dag.py:4138} INFO - Setting next_dagrun for example_branch_labels to 2026-08-07 00:00:00+00:00, run_after=2026-08-08 00:00:00+00:00
[2026-08-08T17:34:42.648+0000] {processor.py:208} INFO - Processing /home/airflow/.local/lib/python3.12/site-packages/airflow/example_dags/example_branch_labels.py took 0.072 seconds
[2026-08-08T17:35:13.117+0000] {processor.py:186} INFO - Started process (PID=1338) to work on /home/airflow/.local/lib/python3.12/site-packages/airflow/example_dags/example_branch_labels.py
[2026-08-08T17:35:13.118+0000] {processor.py:914} INFO - Processing file /home/airflow/.local/lib/python3.12/site-packages/airflow/example_dags/example_branch_labels.py for tasks to queue
[2026-08-08T17:35:13.121+0000] {logging_mixin.py:190} INFO - [2026-08-08T17:35:13.120+0000] {dagbag.py:587} INFO - Filling up the DagBag from /home/airflow/.local/lib/python3.12/site-packages/airflow/example_dags/example_branch_labels.py
[2026-08-08T17:35:13.130+0000] {processor.py:925} INFO - DAG(s) 'example_branch_labels' retrieved from /home/airflow/.local/lib/python3.12/site-packages/airflow/example_dags/example_branch_labels.py
[2026-08-08T17:35:13.151+0000] {logging_mixin.py:190} INFO - [2026-08-08T17:35:13.151+0000] {dag.py:3211} INFO - Sync 1 DAGs
[2026-08-08T17:35:13.168+0000] {logging_mixin.py:190} INFO - [2026-08-08T17:35:13.168+0000] {dag.py:4138} INFO - Setting next_dagrun for example_branch_labels to 2026-08-07 00:00:00+00:00, run_after=2026-08-08 00:00:00+00:00
[2026-08-08T17:35:13.183+0000] {processor.py:208} INFO - Processing /home/airflow/.local/lib/python3.12/site-packages/airflow/example_dags/example_branch_labels.py took 0.071 seconds
[2026-08-08T17:35:43.852+0000] {processor.py:186} INFO - Started process (PID=1401) to work on /home/airflow/.local/lib/python3.12/site-packages/airflow/example_dags/example_branch_labels.py
[2026-08-08T17:35:43.854+0000] {processor.py:914} INFO - Processing file /home/airflow/.local/lib/python3.12/site-packages/airflow/example_dags/example_branch_labels.py for tasks to queue
[2026-08-08T17:35:43.856+0000] {logging_mixin.py:190} INFO - [2026-08-08T17:35:43.856+0000] {dagbag.py:587} INFO - Filling up the DagBag from /home/airflow/.local/lib/python3.12/site-packages/airflow/example_dags/example_branch_labels.py
[2026-08-08T17:35:43.866+0000] {processor.py:925} INFO - DAG(s) 'example_branch_labels' retrieved from /home/airflow/.local/lib/python3.12/site-packages/airflow/example_dags/example_branch_labels.py
[2026-08-08T17:35:43.888+0000] {logging_mixin.py:190} INFO - [2026-08-08T17:35:43.888+0000] {dag.py:3211} INFO - Sync 1 DAGs
[2026-08-08T17:35:43.907+0000] {logging_mixin.py:190} INFO - [2026-08-08T17:35:43.907+0000] {dag.py:4138} INFO - Setting next_dagrun for example_branch_labels to 2026-08-07 00:00:00+00:00, run_after=2026-08-08 00:00:00+00:00
[2026-08-08T17:35:43.925+0000] {processor.py:208} INFO - Processing /home/airflow/.local/lib/python3.12/site-packages/airflow/example_dags/example_branch_labels.py took 0.079 seconds
[2026-08-08T17:36:14.293+0000] {processor.py:186} INFO - Started process (PID=1464) to work on /home/airflow/.local/lib/python3.12/site-packages/airflow/example_dags/example_branch_labels.py
[2026-08-08T17:36:14.295+0000] {processor.py:914} INFO - Processing file /home/airflow/.local/lib/python3.12/site-packages/airflow/example_dags/example_branch_labels.py for tasks to queue
[2026-08-08T17:36:14.300+0000] {logging_mixin.py:190} INFO - [2026-08-08T17:36:14.299+0000] {dagbag.py:587} INFO - Filling up the DagBag from /home/airflow/.local/lib/python3.12/site-packages/airflow/example_dags/example_branch_labels.py
[2026-08-08T17:36:14.315+0000] {processor.py:925} INFO - DAG(s) 'example_branch_labels' retrieved from /home/airflow/.local/lib/python3.12/site-packages/airflow/example_dags/example_branch_labels.py
[2026-08-08T17:36:14.347+0000] {logging_mixin.py:190} INFO - [2026-08-08T17:36:14.346+0000] {dag.py:3211} INFO - Sync 1 DAGs
[2026-08-08T17:36:14.373+0000] {logging_mixin.py:190} INFO - [2026-08-08T17:36:14.373+0000] {dag.py:4138} INFO - Setting next_dagrun for example_branch_labels to 2026-08-07 00:00:00+00:00, run_after=2026-08-08 00:00:00+00:00
[2026-08-08T17:36:14.394+0000] {processor.py:208} INFO - Processing /home/airflow/.local/lib/python3.12/site-packages/airflow/example_dags/example_branch_labels.py took 0.113 seconds
[2026-08-08T17:36:44.631+0000] {processor.py:186} INFO - Started process (PID=1527) to work on /home/airflow/.local/lib/python3.12/site-packages/airflow/example_dags/example_branch_labels.py
[2026-08-08T17:36:44.632+0000] {processor.py:914} INFO - Processing file /home/airflow/.local/lib/python3.12/site-packages/airflow/example_dags/example_branch_labels.py for tasks to queue
[2026-08-08T17:36:44.635+0000] {logging_mixin.py:190} INFO - [2026-08-08T17:36:44.634+0000] {dagbag.py:587} INFO - Filling up the DagBag from /home/airflow/.local/lib/python3.12/site-packages/airflow/example_dags/example_branch_labels.py
[2026-08-08T17:36:44.644+0000] {processor.py:925} INFO - DAG(s) 'example_branch_labels' retrieved from /home/airflow/.local/lib/python3.12/site-packages/airflow/example_dags/example_branch_labels.py
[2026-08-08T17:36:44.675+0000] {logging_mixin.py:190} INFO - [2026-08-08T17:36:44.675+0000] {dag.py:3211} INFO - Sync 1 DAGs
[2026-08-08T17:36:44.707+0000] {logging_mixin.py:190} INFO - [2026-08-08T17:36:44.707+0000] {dag.py:4138} INFO - Setting next_dagrun for example_branch_labels to 2026-08-07 00:00:00+00:00, run_after=2026-08-08 00:00:00+00:00
[2026-08-08T17:36:44.727+0000] {processor.py:208} INFO - Processing /home/airflow/.local/lib/python3.12/site-packages/airflow/example_dags/example_branch_labels.py took 0.103 seconds
[2026-08-08T17:37:51.976+0000] {processor.py:186} INFO - Started process (PID=79) to work on /home/airflow/.local/lib/python3.12/site-packages/airflow/example_dags/example_branch_labels.py
[2026-08-08T17:37:51.977+0000] {processor.py:914} INFO - Processing file /home/airflow/.local/lib/python3.12/site-packages/airflow/example_dags/example_branch_labels.py for tasks to queue
[2026-08-08T17:37:51.982+0000] {logging_mixin.py:190} INFO - [2026-08-08T17:37:51.982+0000] {dagbag.py:587} INFO - Filling up the DagBag from /home/airflow/.local/lib/python3.12/site-packages/airflow/example_dags/example_branch_labels.py
[2026-08-08T17:37:52.000+0000] {processor.py:925} INFO - DAG(s) 'example_branch_labels' retrieved from /home/airflow/.local/lib/python3.12/site-packages/airflow/example_dags/example_branch_labels.py
[2026-08-08T17:37:52.031+0000] {logging_mixin.py:190} INFO - [2026-08-08T17:37:52.031+0000] {dag.py:3211} INFO - Sync 1 DAGs
[2026-08-08T17:37:52.297+0000] {logging_mixin.py:190} INFO - [2026-08-08T17:37:52.297+0000] {process_utils.py:266} INFO - Waiting up to 5 seconds for processes to exit...
[2026-08-08T17:37:52.326+0000] {processor.py:211} ERROR - Got an exception! Propagating...
Traceback (most recent call last):
  File "/usr/local/lib/python3.12/logging/__init__.py", line 1164, in emit
    self.flush()
  File "/usr/local/lib/python3.12/logging/__init__.py", line 1144, in flush
    self.stream.flush()
RuntimeError: reentrant call inside <_io.BufferedWriter name='/opt/airflow/logs/scheduler/2026-08-08/native_dags/example_dags/example_branch_labels.py.log'>

During handling of the above exception, another exception occurred:

Traceback (most recent call last):
  File "/usr/local/lib/python3.12/logging/__init__.py", line 1164, in emit
    self.flush()
  File "/usr/local/lib/python3.12/logging/__init__.py", line 1144, in flush
    self.stream.flush()
RuntimeError: reentrant call inside <_io.BufferedWriter name='/opt/airflow/logs/scheduler/2026-08-08/native_dags/example_dags/example_branch_labels.py.log'>

During handling of the above exception, another exception occurred:

Traceback (most recent call last):
  File "/usr/local/lib/python3.12/logging/__init__.py", line 1164, in emit
    self.flush()
  File "/usr/local/lib/python3.12/logging/__init__.py", line 1144, in flush
    self.stream.flush()
RuntimeError: reentrant call inside <_io.BufferedWriter name='/opt/airflow/logs/scheduler/2026-08-08/native_dags/example_dags/example_branch_labels.py.log'>

During handling of the above exception, another exception occurred:

Traceback (most recent call last):
  File "/usr/local/lib/python3.12/logging/__init__.py", line 1164, in emit
    self.flush()
  File "/usr/local/lib/python3.12/logging/__init__.py", line 1144, in flush
    self.stream.flush()
RuntimeError: reentrant call inside <_io.BufferedWriter name='/opt/airflow/logs/scheduler/2026-08-08/native_dags/example_dags/example_branch_labels.py.log'>

During handling of the above exception, another exception occurred:

Traceback (most recent call last):
  File "/usr/local/lib/python3.12/logging/__init__.py", line 1164, in emit
    self.flush()
  File "/usr/local/lib/python3.12/logging/__init__.py", line 1144, in flush
    self.stream.flush()
RuntimeError: reentrant call inside <_io.BufferedWriter name='/opt/airflow/logs/scheduler/2026-08-08/native_dags/example_dags/example_branch_labels.py.log'>

During handling of the above exception, another exception occurred:

Traceback (most recent call last):
  File "/usr/local/lib/python3.12/logging/__init__.py", line 1164, in emit
    self.flush()
  File "/usr/local/lib/python3.12/logging/__init__.py", line 1144, in flush
    self.stream.flush()
RuntimeError: reentrant call inside <_io.BufferedWriter name='/opt/airflow/logs/scheduler/2026-08-08/native_dags/example_dags/example_branch_labels.py.log'>

During handling of the above exception, another exception occurred:

Traceback (most recent call last):
  File "/usr/local/lib/python3.12/logging/__init__.py", line 1164, in emit
    self.flush()
  File "/usr/local/lib/python3.12/logging/__init__.py", line 1144, in flush
    self.stream.flush()
RuntimeError: reentrant call inside <_io.BufferedWriter name='/opt/airflow/logs/scheduler/2026-08-08/native_dags/example_dags/example_branch_labels.py.log'>

During handling of the above exception, another exception occurred:

Traceback (most recent call last):
  File "/usr/local/lib/python3.12/logging/__init__.py", line 1164, in emit
    self.flush()
  File "/usr/local/lib/python3.12/logging/__init__.py", line 1144, in flush
    self.stream.flush()
RuntimeError: reentrant call inside <_io.BufferedWriter name='/opt/airflow/logs/scheduler/2026-08-08/native_dags/example_dags/example_branch_labels.py.log'>

During handling of the above exception, another exception occurred:

Traceback (most recent call last):
  File "/usr/local/lib/python3.12/logging/__init__.py", line 1164, in emit
    self.flush()
  File "/usr/local/lib/python3.12/logging/__init__.py", line 1144, in flush
    self.stream.flush()
RuntimeError: reentrant call inside <_io.BufferedWriter name='/opt/airflow/logs/scheduler/2026-08-08/native_dags/example_dags/example_branch_labels.py.log'>

During handling of the above exception, another exception occurred:

Traceback (most recent call last):
  File "/usr/local/lib/python3.12/logging/__init__.py", line 1164, in emit
    self.flush()
  File "/usr/local/lib/python3.12/logging/__init__.py", line 1144, in flush
    self.stream.flush()
RuntimeError: reentrant call inside <_io.BufferedWriter name='/opt/airflow/logs/scheduler/2026-08-08/native_dags/example_dags/example_branch_labels.py.log'>

During handling of the above exception, another exception occurred:

Traceback (most recent call last):
  File "/usr/local/lib/python3.12/logging/__init__.py", line 1164, in emit
    self.flush()
  File "/usr/local/lib/python3.12/logging/__init__.py", line 1144, in flush
    self.stream.flush()
RuntimeError: reentrant call inside <_io.BufferedWriter name='/opt/airflow/logs/scheduler/2026-08-08/native_dags/example_dags/example_branch_labels.py.log'>

During handling of the above exception, another exception occurred:

Traceback (most recent call last):
  File "/usr/local/lib/python3.12/logging/__init__.py", line 1164, in emit
    self.flush()
  File "/usr/local/lib/python3.12/logging/__init__.py", line 1144, in flush
    self.stream.flush()
RuntimeError: reentrant call inside <_io.BufferedWriter name='/opt/airflow/logs/scheduler/2026-08-08/native_dags/example_dags/example_branch_labels.py.log'>

During handling of the above exception, another exception occurred:

Traceback (most recent call last):
  File "/usr/local/lib/python3.12/logging/__init__.py", line 1164, in emit
    self.flush()
  File "/usr/local/lib/python3.12/logging/__init__.py", line 1144, in flush
    self.stream.flush()
RuntimeError: reentrant call inside <_io.BufferedWriter name='/opt/airflow/logs/scheduler/2026-08-08/native_dags/example_dags/example_branch_labels.py.log'>

During handling of the above exception, another exception occurred:

Traceback (most recent call last):
  File "/usr/local/lib/python3.12/logging/__init__.py", line 1164, in emit
    self.flush()
  File "/usr/local/lib/python3.12/logging/__init__.py", line 1144, in flush
    self.stream.flush()
RuntimeError: reentrant call inside <_io.BufferedWriter name='/opt/airflow/logs/scheduler/2026-08-08/native_dags/example_dags/example_branch_labels.py.log'>

During handling of the above exception, another exception occurred:

Traceback (most recent call last):
  File "/usr/local/lib/python3.12/logging/__init__.py", line 1164, in emit
    self.flush()
  File "/usr/local/lib/python3.12/logging/__init__.py", line 1144, in flush
    self.stream.flush()
RuntimeError: reentrant call inside <_io.BufferedWriter name='/opt/airflow/logs/scheduler/2026-08-08/native_dags/example_dags/example_branch_labels.py.log'>

During handling of the above exception, another exception occurred:

Traceback (most recent call last):
  File "/usr/local/lib/python3.12/logging/__init__.py", line 1164, in emit
    self.flush()
  File "/usr/local/lib/python3.12/logging/__init__.py", line 1144, in flush
    self.stream.flush()
RuntimeError: reentrant call inside <_io.BufferedWriter name='/opt/airflow/logs/scheduler/2026-08-08/native_dags/example_dags/example_branch_labels.py.log'>

During handling of the above exception, another exception occurred:

Traceback (most recent call last):
  File "/usr/local/lib/python3.12/logging/__init__.py", line 1164, in emit
    self.flush()
  File "/usr/local/lib/python3.12/logging/__init__.py", line 1144, in flush
    self.stream.flush()
RuntimeError: reentrant call inside <_io.BufferedWriter name='/opt/airflow/logs/scheduler/2026-08-08/native_dags/example_dags/example_branch_labels.py.log'>

During handling of the above exception, another exception occurred:

Traceback (most recent call last):
  File "/usr/local/lib/python3.12/logging/__init__.py", line 1164, in emit
    self.flush()
  File "/usr/local/lib/python3.12/logging/__init__.py", line 1144, in flush
    self.stream.flush()
RuntimeError: reentrant call inside <_io.BufferedWriter name='/opt/airflow/logs/scheduler/2026-08-08/native_dags/example_dags/example_branch_labels.py.log'>

During handling of the above exception, another exception occurred:

Traceback (most recent call last):
  File "/usr/local/lib/python3.12/logging/__init__.py", line 1164, in emit
    self.flush()
  File "/usr/local/lib/python3.12/logging/__init__.py", line 1144, in flush
    self.stream.flush()
RuntimeError: reentrant call inside <_io.BufferedWriter name='/opt/airflow/logs/scheduler/2026-08-08/native_dags/example_dags/example_branch_labels.py.log'>

During handling of the above exception, another exception occurred:

Traceback (most recent call last):
  File "/usr/local/lib/python3.12/logging/__init__.py", line 1164, in emit
    self.flush()
  File "/usr/local/lib/python3.12/logging/__init__.py", line 1144, in flush
    self.stream.flush()
RuntimeError: reentrant call inside <_io.BufferedWriter name='/opt/airflow/logs/scheduler/2026-08-08/native_dags/example_dags/example_branch_labels.py.log'>

During handling of the above exception, another exception occurred:

Traceback (most recent call last):
  File "/usr/local/lib/python3.12/logging/__init__.py", line 1164, in emit
    self.flush()
  File "/usr/local/lib/python3.12/logging/__init__.py", line 1144, in flush
    self.stream.flush()
RuntimeError: reentrant call inside <_io.BufferedWriter name='/opt/airflow/logs/scheduler/2026-08-08/native_dags/example_dags/example_branch_labels.py.log'>

During handling of the above exception, another exception occurred:

Traceback (most recent call last):
  File "/usr/local/lib/python3.12/logging/__init__.py", line 1164, in emit
    self.flush()
  File "/usr/local/lib/python3.12/logging/__init__.py", line 1144, in flush
    self.stream.flush()
RuntimeError: reentrant call inside <_io.BufferedWriter name='/opt/airflow/logs/scheduler/2026-08-08/native_dags/example_dags/example_branch_labels.py.log'>

During handling of the above exception, another exception occurred:

Traceback (most recent call last):
  File "/usr/local/lib/python3.12/logging/__init__.py", line 1164, in emit
    self.flush()
  File "/usr/local/lib/python3.12/logging/__init__.py", line 1144, in flush
    self.stream.flush()
RuntimeError: reentrant call inside <_io.BufferedWriter name='/opt/airflow/logs/scheduler/2026-08-08/native_dags/example_dags/example_branch_labels.py.log'>

During handling of the above exception, another exception occurred:

Traceback (most recent call last):
  File "/usr/local/lib/python3.12/logging/__init__.py", line 1164, in emit
    self.flush()
  File "/usr/local/lib/python3.12/logging/__init__.py", line 1144, in flush
    self.stream.flush()
RuntimeError: reentrant call inside <_io.BufferedWriter name='/opt/airflow/logs/scheduler/2026-08-08/native_dags/example_dags/example_branch_labels.py.log'>

During handling of the above exception, another exception occurred:

Traceback (most recent call last):
  File "/usr/local/lib/python3.12/logging/__init__.py", line 1164, in emit
    self.flush()
  File "/usr/local/lib/python3.12/logging/__init__.py", line 1144, in flush
    self.stream.flush()
RuntimeError: reentrant call inside <_io.BufferedWriter name='/opt/airflow/logs/scheduler/2026-08-08/native_dags/example_dags/example_branch_labels.py.log'>

During handling of the above exception, another exception occurred:

Traceback (most recent call last):
  File "/usr/local/lib/python3.12/logging/__init__.py", line 1164, in emit
    self.flush()
  File "/usr/local/lib/python3.12/logging/__init__.py", line 1144, in flush
    self.stream.flush()
RuntimeError: reentrant call inside <_io.BufferedWriter name='/opt/airflow/logs/scheduler/2026-08-08/native_dags/example_dags/example_branch_labels.py.log'>

During handling of the above exception, another exception occurred:

Traceback (most recent call last):
  File "/usr/local/lib/python3.12/logging/__init__.py", line 1164, in emit
    self.flush()
  File "/usr/local/lib/python3.12/logging/__init__.py", line 1144, in flush
    self.stream.flush()
RuntimeError: reentrant call inside <_io.BufferedWriter name='/opt/airflow/logs/scheduler/2026-08-08/native_dags/example_dags/example_branch_labels.py.log'>

During handling of the above exception, another exception occurred:

Traceback (most recent call last):
  File "/usr/local/lib/python3.12/logging/__init__.py", line 1164, in emit
    self.flush()
  File "/usr/local/lib/python3.12/logging/__init__.py", line 1144, in flush
    self.stream.flush()
RuntimeError: reentrant call inside <_io.BufferedWriter name='/opt/airflow/logs/scheduler/2026-08-08/native_dags/example_dags/example_branch_labels.py.log'>

During handling of the above exception, another exception occurred:

Traceback (most recent call last):
  File "/usr/local/lib/python3.12/logging/__init__.py", line 1164, in emit
    self.flush()
  File "/usr/local/lib/python3.12/logging/__init__.py", line 1144, in flush
    self.stream.flush()
RuntimeError: reentrant call inside <_io.BufferedWriter name='/opt/airflow/logs/scheduler/2026-08-08/native_dags/example_dags/example_branch_labels.py.log'>

During handling of the above exception, another exception occurred:

Traceback (most recent call last):
  File "/usr/local/lib/python3.12/logging/__init__.py", line 1164, in emit
    self.flush()
  File "/usr/local/lib/python3.12/logging/__init__.py", line 1144, in flush
    self.stream.flush()
RuntimeError: reentrant call inside <_io.BufferedWriter name='/opt/airflow/logs/scheduler/2026-08-08/native_dags/example_dags/example_branch_labels.py.log'>

During handling of the above exception, another exception occurred:

Traceback (most recent call last):
  File "/usr/local/lib/python3.12/logging/__init__.py", line 1164, in emit
    self.flush()
  File "/usr/local/lib/python3.12/logging/__init__.py", line 1144, in flush
    self.stream.flush()
RuntimeError: reentrant call inside <_io.BufferedWriter name='/opt/airflow/logs/scheduler/2026-08-08/native_dags/example_dags/example_branch_labels.py.log'>

During handling of the above exception, another exception occurred:

Traceback (most recent call last):
  File "/usr/local/lib/python3.12/logging/__init__.py", line 1164, in emit
    self.flush()
  File "/usr/local/lib/python3.12/logging/__init__.py", line 1144, in flush
    self.stream.flush()
RuntimeError: reentrant call inside <_io.BufferedWriter name='/opt/airflow/logs/scheduler/2026-08-08/native_dags/example_dags/example_branch_labels.py.log'>

During handling of the above exception, another exception occurred:

Traceback (most recent call last):
  File "/usr/local/lib/python3.12/logging/__init__.py", line 1164, in emit
    self.flush()
  File "/usr/local/lib/python3.12/logging/__init__.py", line 1144, in flush
    self.stream.flush()
RuntimeError: reentrant call inside <_io.BufferedWriter name='/opt/airflow/logs/scheduler/2026-08-08/native_dags/example_dags/example_branch_labels.py.log'>

During handling of the above exception, another exception occurred:

Traceback (most recent call last):
  File "/usr/local/lib/python3.12/logging/__init__.py", line 1164, in emit
    self.flush()
  File "/usr/local/lib/python3.12/logging/__init__.py", line 1144, in flush
    self.stream.flush()
RuntimeError: reentrant call inside <_io.BufferedWriter name='/opt/airflow/logs/scheduler/2026-08-08/native_dags/example_dags/example_branch_labels.py.log'>

During handling of the above exception, another exception occurred:

Traceback (most recent call last):
  File "/usr/local/lib/python3.12/logging/__init__.py", line 1164, in emit
    self.flush()
  File "/usr/local/lib/python3.12/logging/__init__.py", line 1144, in flush
    self.stream.flush()
RuntimeError: reentrant call inside <_io.BufferedWriter name='/opt/airflow/logs/scheduler/2026-08-08/native_dags/example_dags/example_branch_labels.py.log'>

During handling of the above exception, another exception occurred:

Traceback (most recent call last):
  File "/usr/local/lib/python3.12/logging/__init__.py", line 1164, in emit
    self.flush()
  File "/usr/local/lib/python3.12/logging/__init__.py", line 1144, in flush
    self.stream.flush()
RuntimeError: reentrant call inside <_io.BufferedWriter name='/opt/airflow/logs/scheduler/2026-08-08/native_dags/example_dags/example_branch_labels.py.log'>

During handling of the above exception, another exception occurred:

Traceback (most recent call last):
  File "/usr/local/lib/python3.12/logging/__init__.py", line 1164, in emit
    self.flush()
  File "/usr/local/lib/python3.12/logging/__init__.py", line 1144, in flush
    self.stream.flush()
RuntimeError: reentrant call inside <_io.BufferedWriter name='/opt/airflow/logs/scheduler/2026-08-08/native_dags/example_dags/example_branch_labels.py.log'>

During handling of the above exception, another exception occurred:

Traceback (most recent call last):
  File "/usr/local/lib/python3.12/logging/__init__.py", line 1164, in emit
    self.flush()
  File "/usr/local/lib/python3.12/logging/__init__.py", line 1144, in flush
    self.stream.flush()
RuntimeError: reentrant call inside <_io.BufferedWriter name='/opt/airflow/logs/scheduler/2026-08-08/native_dags/example_dags/example_branch_labels.py.log'>

During handling of the above exception, another exception occurred:

Traceback (most recent call last):
  File "/usr/local/lib/python3.12/logging/__init__.py", line 1164, in emit
    self.flush()
  File "/usr/local/lib/python3.12/logging/__init__.py", line 1144, in flush
    self.stream.flush()
RuntimeError: reentrant call inside <_io.BufferedWriter name='/opt/airflow/logs/scheduler/2026-08-08/native_dags/example_dags/example_branch_labels.py.log'>

During handling of the above exception, another exception occurred:

Traceback (most recent call last):
  File "/usr/local/lib/python3.12/logging/__init__.py", line 1164, in emit
    self.flush()
  File "/usr/local/lib/python3.12/logging/__init__.py", line 1144, in flush
    self.stream.flush()
RuntimeError: reentrant call inside <_io.BufferedWriter name='/opt/airflow/logs/scheduler/2026-08-08/native_dags/example_dags/example_branch_labels.py.log'>

During handling of the above exception, another exception occurred:

Traceback (most recent call last):
  File "/usr/local/lib/python3.12/logging/__init__.py", line 1164, in emit
    self.flush()
  File "/usr/local/lib/python3.12/logging/__init__.py", line 1144, in flush
    self.stream.flush()
RuntimeError: reentrant call inside <_io.BufferedWriter name='/opt/airflow/logs/scheduler/2026-08-08/native_dags/example_dags/example_branch_labels.py.log'>

During handling of the above exception, another exception occurred:

Traceback (most recent call last):
  File "/usr/local/lib/python3.12/logging/__init__.py", line 1164, in emit
    self.flush()
  File "/usr/local/lib/python3.12/logging/__init__.py", line 1144, in flush
    self.stream.flush()
RuntimeError: reentrant call inside <_io.BufferedWriter name='/opt/airflow/logs/scheduler/2026-08-08/native_dags/example_dags/example_branch_labels.py.log'>

During handling of the above exception, another exception occurred:

Traceback (most recent call last):
  File "/usr/local/lib/python3.12/logging/__init__.py", line 1164, in emit
    self.flush()
  File "/usr/local/lib/python3.12/logging/__init__.py", line 1144, in flush
    self.stream.flush()
RuntimeError: reentrant call inside <_io.BufferedWriter name='/opt/airflow/logs/scheduler/2026-08-08/native_dags/example_dags/example_branch_labels.py.log'>

During handling of the above exception, another exception occurred:

Traceback (most recent call last):
  File "/usr/local/lib/python3.12/logging/__init__.py", line 1164, in emit
    self.flush()
  File "/usr/local/lib/python3.12/logging/__init__.py", line 1144, in flush
    self.stream.flush()
RuntimeError: reentrant call inside <_io.BufferedWriter name='/opt/airflow/logs/scheduler/2026-08-08/native_dags/example_dags/example_branch_labels.py.log'>

During handling of the above exception, another exception occurred:

Traceback (most recent call last):
  File "/usr/local/lib/python3.12/logging/__init__.py", line 1164, in emit
    self.flush()
  File "/usr/local/lib/python3.12/logging/__init__.py", line 1144, in flush
    self.stream.flush()
RuntimeError: reentrant call inside <_io.BufferedWriter name='/opt/airflow/logs/scheduler/2026-08-08/native_dags/example_dags/example_branch_labels.py.log'>

During handling of the above exception, another exception occurred:

Traceback (most recent call last):
  File "/usr/local/lib/python3.12/logging/__init__.py", line 1164, in emit
    self.flush()
  File "/usr/local/lib/python3.12/logging/__init__.py", line 1144, in flush
    self.stream.flush()
RuntimeError: reentrant call inside <_io.BufferedWriter name='/opt/airflow/logs/scheduler/2026-08-08/native_dags/example_dags/example_branch_labels.py.log'>

During handling of the above exception, another exception occurred:

Traceback (most recent call last):
  File "/usr/local/lib/python3.12/logging/__init__.py", line 1164, in emit
    self.flush()
  File "/usr/local/lib/python3.12/logging/__init__.py", line 1144, in flush
    self.stream.flush()
RuntimeError: reentrant call inside <_io.BufferedWriter name='/opt/airflow/logs/scheduler/2026-08-08/native_dags/example_dags/example_branch_labels.py.log'>

During handling of the above exception, another exception occurred:

Traceback (most recent call last):
  File "/usr/local/lib/python3.12/logging/__init__.py", line 1164, in emit
    self.flush()
  File "/usr/local/lib/python3.12/logging/__init__.py", line 1144, in flush
    self.stream.flush()
RuntimeError: reentrant call inside <_io.BufferedWriter name='/opt/airflow/logs/scheduler/2026-08-08/native_dags/example_dags/example_branch_labels.py.log'>

During handling of the above exception, another exception occurred:

Traceback (most recent call last):
  File "/usr/local/lib/python3.12/logging/__init__.py", line 1164, in emit
    self.flush()
  File "/usr/local/lib/python3.12/logging/__init__.py", line 1144, in flush
    self.stream.flush()
RuntimeError: reentrant call inside <_io.BufferedWriter name='/opt/airflow/logs/scheduler/2026-08-08/native_dags/example_dags/example_branch_labels.py.log'>

During handling of the above exception, another exception occurred:

Traceback (most recent call last):
  File "/usr/local/lib/python3.12/logging/__init__.py", line 1164, in emit
    self.flush()
  File "/usr/local/lib/python3.12/logging/__init__.py", line 1144, in flush
    self.stream.flush()
RuntimeError: reentrant call inside <_io.BufferedWriter name='/opt/airflow/logs/scheduler/2026-08-08/native_dags/example_dags/example_branch_labels.py.log'>

During handling of the above exception, another exception occurred:

Traceback (most recent call last):
  File "/usr/local/lib/python3.12/logging/__init__.py", line 1164, in emit
    self.flush()
  File "/usr/local/lib/python3.12/logging/__init__.py", line 1144, in flush
    self.stream.flush()
RuntimeError: reentrant call inside <_io.BufferedWriter name='/opt/airflow/logs/scheduler/2026-08-08/native_dags/example_dags/example_branch_labels.py.log'>

During handling of the above exception, another exception occurred:

Traceback (most recent call last):
  File "/usr/local/lib/python3.12/logging/__init__.py", line 1164, in emit
    self.flush()
  File "/usr/local/lib/python3.12/logging/__init__.py", line 1144, in flush
    self.stream.flush()
RuntimeError: reentrant call inside <_io.BufferedWriter name='/opt/airflow/logs/scheduler/2026-08-08/native_dags/example_dags/example_branch_labels.py.log'>

During handling of the above exception, another exception occurred:

Traceback (most recent call last):
  File "/usr/local/lib/python3.12/logging/__init__.py", line 1164, in emit
    self.flush()
  File "/usr/local/lib/python3.12/logging/__init__.py", line 1144, in flush
    self.stream.flush()
RuntimeError: reentrant call inside <_io.BufferedWriter name='/opt/airflow/logs/scheduler/2026-08-08/native_dags/example_dags/example_branch_labels.py.log'>

During handling of the above exception, another exception occurred:

Traceback (most recent call last):
  File "/usr/local/lib/python3.12/logging/__init__.py", line 1164, in emit
    self.flush()
  File "/usr/local/lib/python3.12/logging/__init__.py", line 1144, in flush
    self.stream.flush()
RuntimeError: reentrant call inside <_io.BufferedWriter name='/opt/airflow/logs/scheduler/2026-08-08/native_dags/example_dags/example_branch_labels.py.log'>

During handling of the above exception, another exception occurred:

Traceback (most recent call last):
  File "/usr/local/lib/python3.12/logging/__init__.py", line 1164, in emit
    self.flush()
  File "/usr/local/lib/python3.12/logging/__init__.py", line 1144, in flush
    self.stream.flush()
RuntimeError: reentrant call inside <_io.BufferedWriter name='/opt/airflow/logs/scheduler/2026-08-08/native_dags/example_dags/example_branch_labels.py.log'>

During handling of the above exception, another exception occurred:

Traceback (most recent call last):
  File "/usr/local/lib/python3.12/logging/__init__.py", line 1164, in emit
    self.flush()
  File "/usr/local/lib/python3.12/logging/__init__.py", line 1144, in flush
    self.stream.flush()
RuntimeError: reentrant call inside <_io.BufferedWriter name='/opt/airflow/logs/scheduler/2026-08-08/native_dags/example_dags/example_branch_labels.py.log'>

During handling of the above exception, another exception occurred:

Traceback (most recent call last):
  File "/usr/local/lib/python3.12/logging/__init__.py", line 1164, in emit
    self.flush()
  File "/usr/local/lib/python3.12/logging/__init__.py", line 1144, in flush
    self.stream.flush()
RuntimeError: reentrant call inside <_io.BufferedWriter name='/opt/airflow/logs/scheduler/2026-08-08/native_dags/example_dags/example_branch_labels.py.log'>

During handling of the above exception, another exception occurred:

Traceback (most recent call last):
  File "/usr/local/lib/python3.12/logging/__init__.py", line 1164, in emit
    self.flush()
  File "/usr/local/lib/python3.12/logging/__init__.py", line 1144, in flush
    self.stream.flush()
RuntimeError: reentrant call inside <_io.BufferedWriter name='/opt/airflow/logs/scheduler/2026-08-08/native_dags/example_dags/example_branch_labels.py.log'>

During handling of the above exception, another exception occurred:

Traceback (most recent call last):
  File "/usr/local/lib/python3.12/logging/__init__.py", line 1164, in emit
    self.flush()
  File "/usr/local/lib/python3.12/logging/__init__.py", line 1144, in flush
    self.stream.flush()
RuntimeError: reentrant call inside <_io.BufferedWriter name='/opt/airflow/logs/scheduler/2026-08-08/native_dags/example_dags/example_branch_labels.py.log'>

During handling of the above exception, another exception occurred:

Traceback (most recent call last):
  File "/usr/local/lib/python3.12/logging/__init__.py", line 1164, in emit
    self.flush()
  File "/usr/local/lib/python3.12/logging/__init__.py", line 1144, in flush
    self.stream.flush()
RuntimeError: reentrant call inside <_io.BufferedWriter name='/opt/airflow/logs/scheduler/2026-08-08/native_dags/example_dags/example_branch_labels.py.log'>

During handling of the above exception, another exception occurred:

Traceback (most recent call last):
  File "/usr/local/lib/python3.12/logging/__init__.py", line 1164, in emit
    self.flush()
  File "/usr/local/lib/python3.12/logging/__init__.py", line 1144, in flush
    self.stream.flush()
RuntimeError: reentrant call inside <_io.BufferedWriter name='/opt/airflow/logs/scheduler/2026-08-08/native_dags/example_dags/example_branch_labels.py.log'>

During handling of the above exception, another exception occurred:

Traceback (most recent call last):
  File "/usr/local/lib/python3.12/logging/__init__.py", line 1164, in emit
    self.flush()
  File "/usr/local/lib/python3.12/logging/__init__.py", line 1144, in flush
    self.stream.flush()
RuntimeError: reentrant call inside <_io.BufferedWriter name='/opt/airflow/logs/scheduler/2026-08-08/native_dags/example_dags/example_branch_labels.py.log'>

During handling of the above exception, another exception occurred:

Traceback (most recent call last):
  File "/usr/local/lib/python3.12/logging/__init__.py", line 1164, in emit
    self.flush()
  File "/usr/local/lib/python3.12/logging/__init__.py", line 1144, in flush
    self.stream.flush()
RuntimeError: reentrant call inside <_io.BufferedWriter name='/opt/airflow/logs/scheduler/2026-08-08/native_dags/example_dags/example_branch_labels.py.log'>

During handling of the above exception, another exception occurred:

Traceback (most recent call last):
  File "/usr/local/lib/python3.12/logging/__init__.py", line 1164, in emit
    self.flush()
  File "/usr/local/lib/python3.12/logging/__init__.py", line 1144, in flush
    self.stream.flush()
RuntimeError: reentrant call inside <_io.BufferedWriter name='/opt/airflow/logs/scheduler/2026-08-08/native_dags/example_dags/example_branch_labels.py.log'>

During handling of the above exception, another exception occurred:

Traceback (most recent call last):
  File "/usr/local/lib/python3.12/logging/__init__.py", line 1164, in emit
    self.flush()
  File "/usr/local/lib/python3.12/logging/__init__.py", line 1144, in flush
    self.stream.flush()
RuntimeError: reentrant call inside <_io.BufferedWriter name='/opt/airflow/logs/scheduler/2026-08-08/native_dags/example_dags/example_branch_labels.py.log'>

During handling of the above exception, another exception occurred:

Traceback (most recent call last):
  File "/usr/local/lib/python3.12/logging/__init__.py", line 1164, in emit
    self.flush()
  File "/usr/local/lib/python3.12/logging/__init__.py", line 1144, in flush
    self.stream.flush()
RuntimeError: reentrant call inside <_io.BufferedWriter name='/opt/airflow/logs/scheduler/2026-08-08/native_dags/example_dags/example_branch_labels.py.log'>

During handling of the above exception, another exception occurred:

Traceback (most recent call last):
  File "/usr/local/lib/python3.12/logging/__init__.py", line 1164, in emit
    self.flush()
  File "/usr/local/lib/python3.12/logging/__init__.py", line 1144, in flush
    self.stream.flush()
RuntimeError: reentrant call inside <_io.BufferedWriter name='/opt/airflow/logs/scheduler/2026-08-08/native_dags/example_dags/example_branch_labels.py.log'>

During handling of the above exception, another exception occurred:

Traceback (most recent call last):
  File "/usr/local/lib/python3.12/logging/__init__.py", line 1164, in emit
    self.flush()
  File "/usr/local/lib/python3.12/logging/__init__.py", line 1144, in flush
    self.stream.flush()
RuntimeError: reentrant call inside <_io.BufferedWriter name='/opt/airflow/logs/scheduler/2026-08-08/native_dags/example_dags/example_branch_labels.py.log'>

During handling of the above exception, another exception occurred:

Traceback (most recent call last):
  File "/usr/local/lib/python3.12/logging/__init__.py", line 1164, in emit
    self.flush()
  File "/usr/local/lib/python3.12/logging/__init__.py", line 1144, in flush
    self.stream.flush()
RuntimeError: reentrant call inside <_io.BufferedWriter name='/opt/airflow/logs/scheduler/2026-08-08/native_dags/example_dags/example_branch_labels.py.log'>

During handling of the above exception, another exception occurred:

Traceback (most recent call last):
  File "/usr/local/lib/python3.12/logging/__init__.py", line 1164, in emit
    self.flush()
  File "/usr/local/lib/python3.12/logging/__init__.py", line 1144, in flush
    self.stream.flush()
RuntimeError: reentrant call inside <_io.BufferedWriter name='/opt/airflow/logs/scheduler/2026-08-08/native_dags/example_dags/example_branch_labels.py.log'>

During handling of the above exception, another exception occurred:

Traceback (most recent call last):
  File "/usr/local/lib/python3.12/logging/__init__.py", line 1164, in emit
    self.flush()
  File "/usr/local/lib/python3.12/logging/__init__.py", line 1144, in flush
    self.stream.flush()
RuntimeError: reentrant call inside <_io.BufferedWriter name='/opt/airflow/logs/scheduler/2026-08-08/native_dags/example_dags/example_branch_labels.py.log'>

During handling of the above exception, another exception occurred:

Traceback (most recent call last):
  File "/usr/local/lib/python3.12/logging/__init__.py", line 1164, in emit
    self.flush()
  File "/usr/local/lib/python3.12/logging/__init__.py", line 1144, in flush
    self.stream.flush()
RuntimeError: reentrant call inside <_io.BufferedWriter name='/opt/airflow/logs/scheduler/2026-08-08/native_dags/example_dags/example_branch_labels.py.log'>

During handling of the above exception, another exception occurred:

Traceback (most recent call last):
  File "/usr/local/lib/python3.12/logging/__init__.py", line 1164, in emit
    self.flush()
  File "/usr/local/lib/python3.12/logging/__init__.py", line 1144, in flush
    self.stream.flush()
RuntimeError: reentrant call inside <_io.BufferedWriter name='/opt/airflow/logs/scheduler/2026-08-08/native_dags/example_dags/example_branch_labels.py.log'>

During handling of the above exception, another exception occurred:

Traceback (most recent call last):
  File "/home/airflow/.local/lib/python3.12/site-packages/airflow/dag_processing/processor.py", line 207, in _run_file_processor
    _handle_dag_file_processing()
  File "/home/airflow/.local/lib/python3.12/site-packages/airflow/dag_processing/processor.py", line 188, in _handle_dag_file_processing
    result: tuple[int, int, int] = dag_file_processor.process_file(
                                   ^^^^^^^^^^^^^^^^^^^^^^^^^^^^^^^^
  File "/home/airflow/.local/lib/python3.12/site-packages/airflow/utils/session.py", line 97, in wrapper
    return func(*args, session=session, **kwargs)
           ^^^^^^^^^^^^^^^^^^^^^^^^^^^^^^^^^^^^^^
  File "/home/airflow/.local/lib/python3.12/site-packages/airflow/dag_processing/processor.py", line 942, in process_file
    serialize_errors = DagFileProcessor.save_dag_to_db(
                       ^^^^^^^^^^^^^^^^^^^^^^^^^^^^^^^^
  File "/home/airflow/.local/lib/python3.12/site-packages/airflow/api_internal/internal_api_call.py", line 139, in wrapper
    return func(*args, **kwargs)
           ^^^^^^^^^^^^^^^^^^^^^
  File "/home/airflow/.local/lib/python3.12/site-packages/airflow/utils/session.py", line 97, in wrapper
    return func(*args, session=session, **kwargs)
           ^^^^^^^^^^^^^^^^^^^^^^^^^^^^^^^^^^^^^^
  File "/home/airflow/.local/lib/python3.12/site-packages/airflow/dag_processing/processor.py", line 982, in save_dag_to_db
    import_errors = DagBag._sync_to_db(dags=dags, processor_subdir=dag_directory, session=session)
                    ^^^^^^^^^^^^^^^^^^^^^^^^^^^^^^^^^^^^^^^^^^^^^^^^^^^^^^^^^^^^^^^^^^^^^^^^^^^^^^
  File "/home/airflow/.local/lib/python3.12/site-packages/airflow/utils/session.py", line 94, in wrapper
    return func(*args, **kwargs)
           ^^^^^^^^^^^^^^^^^^^^^
  File "/home/airflow/.local/lib/python3.12/site-packages/airflow/models/dagbag.py", line 707, in _sync_to_db
    for attempt in run_with_db_retries(logger=log):
                   ^^^^^^^^^^^^^^^^^^^^^^^^^^^^^^^
  File "/home/airflow/.local/lib/python3.12/site-packages/tenacity/__init__.py", line 443, in __iter__
    do = self.iter(retry_state=retry_state)
         ^^^^^^^^^^^^^^^^^^^^^^^^^^^^^^^^^^
  File "/home/airflow/.local/lib/python3.12/site-packages/tenacity/__init__.py", line 376, in iter
    result = action(retry_state)
             ^^^^^^^^^^^^^^^^^^^
  File "/home/airflow/.local/lib/python3.12/site-packages/tenacity/__init__.py", line 398, in <lambda>
    self._add_action_func(lambda rs: rs.outcome.result())
                                     ^^^^^^^^^^^^^^^^^^^
  File "/usr/local/lib/python3.12/concurrent/futures/_base.py", line 449, in result
    return self.__get_result()
           ^^^^^^^^^^^^^^^^^^^
  File "/usr/local/lib/python3.12/concurrent/futures/_base.py", line 401, in __get_result
    raise self._exception
  File "/home/airflow/.local/lib/python3.12/site-packages/airflow/models/dagbag.py", line 723, in _sync_to_db
    DAG.bulk_write_to_db(dags.values(), processor_subdir=processor_subdir, session=session)
  File "/home/airflow/.local/lib/python3.12/site-packages/airflow/utils/session.py", line 94, in wrapper
    return func(*args, **kwargs)
           ^^^^^^^^^^^^^^^^^^^^^
  File "/home/airflow/.local/lib/python3.12/site-packages/airflow/models/dag.py", line 3224, in bulk_write_to_db
    orm_dags: list[DagModel] = session.scalars(query).unique().all()
                               ^^^^^^^^^^^^^^^^^^^^^^
  File "/home/airflow/.local/lib/python3.12/site-packages/sqlalchemy/orm/session.py", line 1778, in scalars
    return self.execute(
           ^^^^^^^^^^^^^
  File "/home/airflow/.local/lib/python3.12/site-packages/sqlalchemy/orm/session.py", line 1717, in execute
    result = conn._execute_20(statement, params or {}, execution_options)
             ^^^^^^^^^^^^^^^^^^^^^^^^^^^^^^^^^^^^^^^^^^^^^^^^^^^^^^^^^^^^
  File "/home/airflow/.local/lib/python3.12/site-packages/sqlalchemy/engine/base.py", line 1710, in _execute_20
    return meth(self, args_10style, kwargs_10style, execution_options)
           ^^^^^^^^^^^^^^^^^^^^^^^^^^^^^^^^^^^^^^^^^^^^^^^^^^^^^^^^^^^
  File "/home/airflow/.local/lib/python3.12/site-packages/sqlalchemy/sql/elements.py", line 334, in _execute_on_connection
    return connection._execute_clauseelement(
           ^^^^^^^^^^^^^^^^^^^^^^^^^^^^^^^^^^
  File "/home/airflow/.local/lib/python3.12/site-packages/sqlalchemy/engine/base.py", line 1569, in _execute_clauseelement
    compiled_sql, extracted_params, cache_hit = elem._compile_w_cache(
                                                ^^^^^^^^^^^^^^^^^^^^^^
  File "/home/airflow/.local/lib/python3.12/site-packages/sqlalchemy/sql/elements.py", line 532, in _compile_w_cache
    compiled_sql = self._compiler(
                   ^^^^^^^^^^^^^^^
  File "/home/airflow/.local/lib/python3.12/site-packages/sqlalchemy/sql/elements.py", line 567, in _compiler
    return dialect.statement_compiler(dialect, self, **kw)
           ^^^^^^^^^^^^^^^^^^^^^^^^^^^^^^^^^^^^^^^^^^^^^^^
  File "/home/airflow/.local/lib/python3.12/site-packages/sqlalchemy/sql/compiler.py", line 809, in __init__
    Compiled.__init__(self, dialect, statement, **kwargs)
  File "/home/airflow/.local/lib/python3.12/site-packages/sqlalchemy/sql/compiler.py", line 464, in __init__
    self.string = self.process(self.statement, **compile_kwargs)
                  ^^^^^^^^^^^^^^^^^^^^^^^^^^^^^^^^^^^^^^^^^^^^^^
  File "/home/airflow/.local/lib/python3.12/site-packages/sqlalchemy/sql/compiler.py", line 499, in process
    return obj._compiler_dispatch(self, **kwargs)
           ^^^^^^^^^^^^^^^^^^^^^^^^^^^^^^^^^^^^^^
  File "/home/airflow/.local/lib/python3.12/site-packages/sqlalchemy/sql/visitors.py", line 82, in _compiler_dispatch
    return meth(self, **kw)
           ^^^^^^^^^^^^^^^^
  File "/home/airflow/.local/lib/python3.12/site-packages/sqlalchemy/sql/compiler.py", line 3403, in visit_select
    compile_state = select_stmt._compile_state_factory(
                    ^^^^^^^^^^^^^^^^^^^^^^^^^^^^^^^^^^^
  File "/home/airflow/.local/lib/python3.12/site-packages/sqlalchemy/sql/base.py", line 510, in create_for_statement
    return klass.create_for_statement(statement, compiler, **kw)
           ^^^^^^^^^^^^^^^^^^^^^^^^^^^^^^^^^^^^^^^^^^^^^^^^^^^^^
  File "/home/airflow/.local/lib/python3.12/site-packages/sqlalchemy/orm/context.py", line 765, in create_for_statement
    self._setup_for_generate()
  File "/home/airflow/.local/lib/python3.12/site-packages/sqlalchemy/orm/context.py", line 875, in _setup_for_generate
    entity.setup_compile_state(self)
  File "/home/airflow/.local/lib/python3.12/site-packages/sqlalchemy/orm/context.py", line 2661, in setup_compile_state
    loading._setup_entity_query(
  File "/home/airflow/.local/lib/python3.12/site-packages/sqlalchemy/orm/loading.py", line 612, in _setup_entity_query
    value.setup(
  File "/home/airflow/.local/lib/python3.12/site-packages/sqlalchemy/orm/interfaces.py", line 646, in setup
    strat.setup_query(
  File "/home/airflow/.local/lib/python3.12/site-packages/sqlalchemy/orm/strategies.py", line 2003, in setup_query
    ) = self._generate_row_adapter(
        ^^^^^^^^^^^^^^^^^^^^^^^^^^^
  File "/home/airflow/.local/lib/python3.12/site-packages/sqlalchemy/orm/strategies.py", line 2181, in _generate_row_adapter
    to_adapt = self._gen_pooled_aliased_class(compile_state)
               ^^^^^^^^^^^^^^^^^^^^^^^^^^^^^^^^^^^^^^^^^^^^^
  File "/home/airflow/.local/lib/python3.12/site-packages/sqlalchemy/orm/strategies.py", line 2159, in _gen_pooled_aliased_class
    inspect(to_adapt).selectable.c
  File "/home/airflow/.local/lib/python3.12/site-packages/sqlalchemy/util/langhelpers.py", line 1113, in __get__
    obj.__dict__[self.__name__] = result = self.fget(obj)
                                           ^^^^^^^^^^^^^^
  File "/home/airflow/.local/lib/python3.12/site-packages/sqlalchemy/sql/selectable.py", line 737, in columns
    self._populate_column_collection()
  File "/home/airflow/.local/lib/python3.12/site-packages/sqlalchemy/sql/selectable.py", line 1643, in _populate_column_collection
    self.element._generate_fromclause_column_proxies(self)
  File "/home/airflow/.local/lib/python3.12/site-packages/sqlalchemy/sql/selectable.py", line 694, in _generate_fromclause_column_proxies
    fromclause._columns._populate_separate_keys(
  File "/home/airflow/.local/lib/python3.12/site-packages/sqlalchemy/sql/base.py", line 1294, in _populate_separate_keys
    cols = list(iter_)
           ^^^^^^^^^^^
  File "/home/airflow/.local/lib/python3.12/site-packages/sqlalchemy/sql/selectable.py", line 695, in <genexpr>
    col._make_proxy(fromclause) for col in self.c
    ^^^^^^^^^^^^^^^^^^^^^^^^^^^
  File "/home/airflow/.local/lib/python3.12/site-packages/sqlalchemy/sql/schema.py", line 2055, in _make_proxy
    def _make_proxy(
    
  File "/home/airflow/.local/lib/python3.12/site-packages/airflow/dag_processing/manager.py", line 468, in _exit_gracefully
    self.end()
  File "/home/airflow/.local/lib/python3.12/site-packages/airflow/dag_processing/manager.py", line 1435, in end
    kill_child_processes_by_pids(pids_to_kill)
  File "/home/airflow/.local/lib/python3.12/site-packages/airflow/utils/process_utils.py", line 266, in kill_child_processes_by_pids
    log.info("Waiting up to %s seconds for processes to exit...", timeout)
  File "/usr/local/lib/python3.12/logging/__init__.py", line 1539, in info
    self._log(INFO, msg, args, **kwargs)
  File "/usr/local/lib/python3.12/logging/__init__.py", line 1684, in _log
    self.handle(record)
  File "/usr/local/lib/python3.12/logging/__init__.py", line 1700, in handle
    self.callHandlers(record)
  File "/usr/local/lib/python3.12/logging/__init__.py", line 1762, in callHandlers
    hdlr.handle(record)
  File "/usr/local/lib/python3.12/logging/__init__.py", line 1028, in handle
    self.emit(record)
  File "/usr/local/lib/python3.12/logging/__init__.py", line 1163, in emit
    stream.write(msg + self.terminator)
  File "/home/airflow/.local/lib/python3.12/site-packages/airflow/utils/log/logging_mixin.py", line 202, in write
    self.flush()
  File "/home/airflow/.local/lib/python3.12/site-packages/airflow/utils/log/logging_mixin.py", line 209, in flush
    self._propagate_log(buf)
  File "/home/airflow/.local/lib/python3.12/site-packages/airflow/utils/log/logging_mixin.py", line 190, in _propagate_log
    self.logger.log(self.level, remove_escape_codes(message))
  File "/usr/local/lib/python3.12/logging/__init__.py", line 1609, in log
    self._log(level, msg, args, **kwargs)
  File "/usr/local/lib/python3.12/logging/__init__.py", line 1684, in _log
    self.handle(record)
  File "/usr/local/lib/python3.12/logging/__init__.py", line 1700, in handle
    self.callHandlers(record)
  File "/usr/local/lib/python3.12/logging/__init__.py", line 1762, in callHandlers
    hdlr.handle(record)
  File "/usr/local/lib/python3.12/logging/__init__.py", line 1028, in handle
    self.emit(record)
  File "/home/airflow/.local/lib/python3.12/site-packages/airflow/utils/log/file_processor_handler.py", line 76, in emit
    self.handler.emit(record)
  File "/usr/local/lib/python3.12/logging/__init__.py", line 1280, in emit
    StreamHandler.emit(self, record)
  File "/usr/local/lib/python3.12/logging/__init__.py", line 1164, in emit
    self.flush()
  File "/usr/local/lib/python3.12/logging/__init__.py", line 1144, in flush
    self.stream.flush()
  File "/home/airflow/.local/lib/python3.12/site-packages/airflow/dag_processing/manager.py", line 468, in _exit_gracefully
    self.end()
  File "/home/airflow/.local/lib/python3.12/site-packages/airflow/dag_processing/manager.py", line 1435, in end
    kill_child_processes_by_pids(pids_to_kill)
  File "/home/airflow/.local/lib/python3.12/site-packages/airflow/utils/process_utils.py", line 266, in kill_child_processes_by_pids
    log.info("Waiting up to %s seconds for processes to exit...", timeout)
  File "/usr/local/lib/python3.12/logging/__init__.py", line 1539, in info
    self._log(INFO, msg, args, **kwargs)
  File "/usr/local/lib/python3.12/logging/__init__.py", line 1684, in _log
    self.handle(record)
  File "/usr/local/lib/python3.12/logging/__init__.py", line 1700, in handle
    self.callHandlers(record)
  File "/usr/local/lib/python3.12/logging/__init__.py", line 1762, in callHandlers
    hdlr.handle(record)
  File "/usr/local/lib/python3.12/logging/__init__.py", line 1028, in handle
    self.emit(record)
  File "/usr/local/lib/python3.12/logging/__init__.py", line 1163, in emit
    stream.write(msg + self.terminator)
  File "/home/airflow/.local/lib/python3.12/site-packages/airflow/utils/log/logging_mixin.py", line 202, in write
    self.flush()
  File "/home/airflow/.local/lib/python3.12/site-packages/airflow/utils/log/logging_mixin.py", line 209, in flush
    self._propagate_log(buf)
  File "/home/airflow/.local/lib/python3.12/site-packages/airflow/utils/log/logging_mixin.py", line 190, in _propagate_log
    self.logger.log(self.level, remove_escape_codes(message))
  File "/usr/local/lib/python3.12/logging/__init__.py", line 1609, in log
    self._log(level, msg, args, **kwargs)
  File "/usr/local/lib/python3.12/logging/__init__.py", line 1684, in _log
    self.handle(record)
  File "/usr/local/lib/python3.12/logging/__init__.py", line 1700, in handle
    self.callHandlers(record)
  File "/usr/local/lib/python3.12/logging/__init__.py", line 1762, in callHandlers
    hdlr.handle(record)
  File "/usr/local/lib/python3.12/logging/__init__.py", line 1028, in handle
    self.emit(record)
  File "/home/airflow/.local/lib/python3.12/site-packages/airflow/utils/log/file_processor_handler.py", line 76, in emit
    self.handler.emit(record)
  File "/usr/local/lib/python3.12/logging/__init__.py", line 1280, in emit
    StreamHandler.emit(self, record)
  File "/usr/local/lib/python3.12/logging/__init__.py", line 1168, in emit
    self.handleError(record)
  File "/usr/local/lib/python3.12/logging/__init__.py", line 1081, in handleError
    sys.stderr.write('--- Logging error ---\n')
  File "/home/airflow/.local/lib/python3.12/site-packages/airflow/utils/log/logging_mixin.py", line 202, in write
    self.flush()
  File "/home/airflow/.local/lib/python3.12/site-packages/airflow/utils/log/logging_mixin.py", line 209, in flush
    self._propagate_log(buf)
  File "/home/airflow/.local/lib/python3.12/site-packages/airflow/utils/log/logging_mixin.py", line 190, in _propagate_log
    self.logger.log(self.level, remove_escape_codes(message))
  File "/usr/local/lib/python3.12/logging/__init__.py", line 1609, in log
    self._log(level, msg, args, **kwargs)
  File "/usr/local/lib/python3.12/logging/__init__.py", line 1684, in _log
    self.handle(record)
  File "/usr/local/lib/python3.12/logging/__init__.py", line 1700, in handle
    self.callHandlers(record)
  File "/usr/local/lib/python3.12/logging/__init__.py", line 1762, in callHandlers
    hdlr.handle(record)
  File "/usr/local/lib/python3.12/logging/__init__.py", line 1028, in handle
    self.emit(record)
  File "/home/airflow/.local/lib/python3.12/site-packages/airflow/utils/log/file_processor_handler.py", line 76, in emit
    self.handler.emit(record)
  File "/usr/local/lib/python3.12/logging/__init__.py", line 1280, in emit
    StreamHandler.emit(self, record)
  File "/usr/local/lib/python3.12/logging/__init__.py", line 1168, in emit
    self.handleError(record)
  File "/usr/local/lib/python3.12/logging/__init__.py", line 1081, in handleError
    sys.stderr.write('--- Logging error ---\n')
  File "/home/airflow/.local/lib/python3.12/site-packages/airflow/utils/log/logging_mixin.py", line 202, in write
    self.flush()
  File "/home/airflow/.local/lib/python3.12/site-packages/airflow/utils/log/logging_mixin.py", line 209, in flush
    self._propagate_log(buf)
  File "/home/airflow/.local/lib/python3.12/site-packages/airflow/utils/log/logging_mixin.py", line 190, in _propagate_log
    self.logger.log(self.level, remove_escape_codes(message))
  File "/usr/local/lib/python3.12/logging/__init__.py", line 1609, in log
    self._log(level, msg, args, **kwargs)
  File "/usr/local/lib/python3.12/logging/__init__.py", line 1684, in _log
    self.handle(record)
  File "/usr/local/lib/python3.12/logging/__init__.py", line 1700, in handle
    self.callHandlers(record)
  File "/usr/local/lib/python3.12/logging/__init__.py", line 1762, in callHandlers
    hdlr.handle(record)
  File "/usr/local/lib/python3.12/logging/__init__.py", line 1028, in handle
    self.emit(record)
  File "/home/airflow/.local/lib/python3.12/site-packages/airflow/utils/log/file_processor_handler.py", line 76, in emit
    self.handler.emit(record)
  File "/usr/local/lib/python3.12/logging/__init__.py", line 1280, in emit
    StreamHandler.emit(self, record)
  File "/usr/local/lib/python3.12/logging/__init__.py", line 1168, in emit
    self.handleError(record)
  File "/usr/local/lib/python3.12/logging/__init__.py", line 1081, in handleError
    sys.stderr.write('--- Logging error ---\n')
  File "/home/airflow/.local/lib/python3.12/site-packages/airflow/utils/log/logging_mixin.py", line 202, in write
    self.flush()
  File "/home/airflow/.local/lib/python3.12/site-packages/airflow/utils/log/logging_mixin.py", line 209, in flush
    self._propagate_log(buf)
  File "/home/airflow/.local/lib/python3.12/site-packages/airflow/utils/log/logging_mixin.py", line 190, in _propagate_log
    self.logger.log(self.level, remove_escape_codes(message))
  File "/usr/local/lib/python3.12/logging/__init__.py", line 1609, in log
    self._log(level, msg, args, **kwargs)
  File "/usr/local/lib/python3.12/logging/__init__.py", line 1684, in _log
    self.handle(record)
  File "/usr/local/lib/python3.12/logging/__init__.py", line 1700, in handle
    self.callHandlers(record)
  File "/usr/local/lib/python3.12/logging/__init__.py", line 1762, in callHandlers
    hdlr.handle(record)
  File "/usr/local/lib/python3.12/logging/__init__.py", line 1028, in handle
    self.emit(record)
  File "/home/airflow/.local/lib/python3.12/site-packages/airflow/utils/log/file_processor_handler.py", line 76, in emit
    self.handler.emit(record)
  File "/usr/local/lib/python3.12/logging/__init__.py", line 1280, in emit
    StreamHandler.emit(self, record)
  File "/usr/local/lib/python3.12/logging/__init__.py", line 1168, in emit
    self.handleError(record)
  File "/usr/local/lib/python3.12/logging/__init__.py", line 1081, in handleError
    sys.stderr.write('--- Logging error ---\n')
  File "/home/airflow/.local/lib/python3.12/site-packages/airflow/utils/log/logging_mixin.py", line 202, in write
    self.flush()
  File "/home/airflow/.local/lib/python3.12/site-packages/airflow/utils/log/logging_mixin.py", line 209, in flush
    self._propagate_log(buf)
  File "/home/airflow/.local/lib/python3.12/site-packages/airflow/utils/log/logging_mixin.py", line 190, in _propagate_log
    self.logger.log(self.level, remove_escape_codes(message))
  File "/usr/local/lib/python3.12/logging/__init__.py", line 1609, in log
    self._log(level, msg, args, **kwargs)
  File "/usr/local/lib/python3.12/logging/__init__.py", line 1684, in _log
    self.handle(record)
  File "/usr/local/lib/python3.12/logging/__init__.py", line 1700, in handle
    self.callHandlers(record)
  File "/usr/local/lib/python3.12/logging/__init__.py", line 1762, in callHandlers
    hdlr.handle(record)
  File "/usr/local/lib/python3.12/logging/__init__.py", line 1028, in handle
    self.emit(record)
  File "/home/airflow/.local/lib/python3.12/site-packages/airflow/utils/log/file_processor_handler.py", line 76, in emit
    self.handler.emit(record)
  File "/usr/local/lib/python3.12/logging/__init__.py", line 1280, in emit
    StreamHandler.emit(self, record)
  File "/usr/local/lib/python3.12/logging/__init__.py", line 1168, in emit
    self.handleError(record)
  File "/usr/local/lib/python3.12/logging/__init__.py", line 1081, in handleError
    sys.stderr.write('--- Logging error ---\n')
  File "/home/airflow/.local/lib/python3.12/site-packages/airflow/utils/log/logging_mixin.py", line 202, in write
    self.flush()
  File "/home/airflow/.local/lib/python3.12/site-packages/airflow/utils/log/logging_mixin.py", line 209, in flush
    self._propagate_log(buf)
  File "/home/airflow/.local/lib/python3.12/site-packages/airflow/utils/log/logging_mixin.py", line 190, in _propagate_log
    self.logger.log(self.level, remove_escape_codes(message))
  File "/usr/local/lib/python3.12/logging/__init__.py", line 1609, in log
    self._log(level, msg, args, **kwargs)
  File "/usr/local/lib/python3.12/logging/__init__.py", line 1684, in _log
    self.handle(record)
  File "/usr/local/lib/python3.12/logging/__init__.py", line 1700, in handle
    self.callHandlers(record)
  File "/usr/local/lib/python3.12/logging/__init__.py", line 1762, in callHandlers
    hdlr.handle(record)
  File "/usr/local/lib/python3.12/logging/__init__.py", line 1028, in handle
    self.emit(record)
  File "/home/airflow/.local/lib/python3.12/site-packages/airflow/utils/log/file_processor_handler.py", line 76, in emit
    self.handler.emit(record)
  File "/usr/local/lib/python3.12/logging/__init__.py", line 1280, in emit
    StreamHandler.emit(self, record)
  File "/usr/local/lib/python3.12/logging/__init__.py", line 1168, in emit
    self.handleError(record)
  File "/usr/local/lib/python3.12/logging/__init__.py", line 1081, in handleError
    sys.stderr.write('--- Logging error ---\n')
  File "/home/airflow/.local/lib/python3.12/site-packages/airflow/utils/log/logging_mixin.py", line 202, in write
    self.flush()
  File "/home/airflow/.local/lib/python3.12/site-packages/airflow/utils/log/logging_mixin.py", line 209, in flush
    self._propagate_log(buf)
  File "/home/airflow/.local/lib/python3.12/site-packages/airflow/utils/log/logging_mixin.py", line 190, in _propagate_log
    self.logger.log(self.level, remove_escape_codes(message))
  File "/usr/local/lib/python3.12/logging/__init__.py", line 1609, in log
    self._log(level, msg, args, **kwargs)
  File "/usr/local/lib/python3.12/logging/__init__.py", line 1684, in _log
    self.handle(record)
  File "/usr/local/lib/python3.12/logging/__init__.py", line 1700, in handle
    self.callHandlers(record)
  File "/usr/local/lib/python3.12/logging/__init__.py", line 1762, in callHandlers
    hdlr.handle(record)
  File "/usr/local/lib/python3.12/logging/__init__.py", line 1028, in handle
    self.emit(record)
  File "/home/airflow/.local/lib/python3.12/site-packages/airflow/utils/log/file_processor_handler.py", line 76, in emit
    self.handler.emit(record)
  File "/usr/local/lib/python3.12/logging/__init__.py", line 1280, in emit
    StreamHandler.emit(self, record)
  File "/usr/local/lib/python3.12/logging/__init__.py", line 1168, in emit
    self.handleError(record)
  File "/usr/local/lib/python3.12/logging/__init__.py", line 1081, in handleError
    sys.stderr.write('--- Logging error ---\n')
  File "/home/airflow/.local/lib/python3.12/site-packages/airflow/utils/log/logging_mixin.py", line 202, in write
    self.flush()
  File "/home/airflow/.local/lib/python3.12/site-packages/airflow/utils/log/logging_mixin.py", line 209, in flush
    self._propagate_log(buf)
  File "/home/airflow/.local/lib/python3.12/site-packages/airflow/utils/log/logging_mixin.py", line 190, in _propagate_log
    self.logger.log(self.level, remove_escape_codes(message))
  File "/usr/local/lib/python3.12/logging/__init__.py", line 1609, in log
    self._log(level, msg, args, **kwargs)
  File "/usr/local/lib/python3.12/logging/__init__.py", line 1684, in _log
    self.handle(record)
  File "/usr/local/lib/python3.12/logging/__init__.py", line 1700, in handle
    self.callHandlers(record)
  File "/usr/local/lib/python3.12/logging/__init__.py", line 1762, in callHandlers
    hdlr.handle(record)
  File "/usr/local/lib/python3.12/logging/__init__.py", line 1028, in handle
    self.emit(record)
  File "/home/airflow/.local/lib/python3.12/site-packages/airflow/utils/log/file_processor_handler.py", line 76, in emit
    self.handler.emit(record)
  File "/usr/local/lib/python3.12/logging/__init__.py", line 1280, in emit
    StreamHandler.emit(self, record)
  File "/usr/local/lib/python3.12/logging/__init__.py", line 1168, in emit
    self.handleError(record)
  File "/usr/local/lib/python3.12/logging/__init__.py", line 1081, in handleError
    sys.stderr.write('--- Logging error ---\n')
  File "/home/airflow/.local/lib/python3.12/site-packages/airflow/utils/log/logging_mixin.py", line 202, in write
    self.flush()
  File "/home/airflow/.local/lib/python3.12/site-packages/airflow/utils/log/logging_mixin.py", line 209, in flush
    self._propagate_log(buf)
  File "/home/airflow/.local/lib/python3.12/site-packages/airflow/utils/log/logging_mixin.py", line 190, in _propagate_log
    self.logger.log(self.level, remove_escape_codes(message))
  File "/usr/local/lib/python3.12/logging/__init__.py", line 1609, in log
    self._log(level, msg, args, **kwargs)
  File "/usr/local/lib/python3.12/logging/__init__.py", line 1684, in _log
    self.handle(record)
  File "/usr/local/lib/python3.12/logging/__init__.py", line 1700, in handle
    self.callHandlers(record)
  File "/usr/local/lib/python3.12/logging/__init__.py", line 1762, in callHandlers
    hdlr.handle(record)
  File "/usr/local/lib/python3.12/logging/__init__.py", line 1028, in handle
    self.emit(record)
  File "/home/airflow/.local/lib/python3.12/site-packages/airflow/utils/log/file_processor_handler.py", line 76, in emit
    self.handler.emit(record)
  File "/usr/local/lib/python3.12/logging/__init__.py", line 1280, in emit
    StreamHandler.emit(self, record)
  File "/usr/local/lib/python3.12/logging/__init__.py", line 1168, in emit
    self.handleError(record)
  File "/usr/local/lib/python3.12/logging/__init__.py", line 1081, in handleError
    sys.stderr.write('--- Logging error ---\n')
  File "/home/airflow/.local/lib/python3.12/site-packages/airflow/utils/log/logging_mixin.py", line 202, in write
    self.flush()
  File "/home/airflow/.local/lib/python3.12/site-packages/airflow/utils/log/logging_mixin.py", line 209, in flush
    self._propagate_log(buf)
  File "/home/airflow/.local/lib/python3.12/site-packages/airflow/utils/log/logging_mixin.py", line 190, in _propagate_log
    self.logger.log(self.level, remove_escape_codes(message))
  File "/usr/local/lib/python3.12/logging/__init__.py", line 1609, in log
    self._log(level, msg, args, **kwargs)
  File "/usr/local/lib/python3.12/logging/__init__.py", line 1684, in _log
    self.handle(record)
  File "/usr/local/lib/python3.12/logging/__init__.py", line 1700, in handle
    self.callHandlers(record)
  File "/usr/local/lib/python3.12/logging/__init__.py", line 1762, in callHandlers
    hdlr.handle(record)
  File "/usr/local/lib/python3.12/logging/__init__.py", line 1028, in handle
    self.emit(record)
  File "/home/airflow/.local/lib/python3.12/site-packages/airflow/utils/log/file_processor_handler.py", line 76, in emit
    self.handler.emit(record)
  File "/usr/local/lib/python3.12/logging/__init__.py", line 1280, in emit
    StreamHandler.emit(self, record)
  File "/usr/local/lib/python3.12/logging/__init__.py", line 1168, in emit
    self.handleError(record)
  File "/usr/local/lib/python3.12/logging/__init__.py", line 1081, in handleError
    sys.stderr.write('--- Logging error ---\n')
  File "/home/airflow/.local/lib/python3.12/site-packages/airflow/utils/log/logging_mixin.py", line 202, in write
    self.flush()
  File "/home/airflow/.local/lib/python3.12/site-packages/airflow/utils/log/logging_mixin.py", line 209, in flush
    self._propagate_log(buf)
  File "/home/airflow/.local/lib/python3.12/site-packages/airflow/utils/log/logging_mixin.py", line 190, in _propagate_log
    self.logger.log(self.level, remove_escape_codes(message))
  File "/usr/local/lib/python3.12/logging/__init__.py", line 1609, in log
    self._log(level, msg, args, **kwargs)
  File "/usr/local/lib/python3.12/logging/__init__.py", line 1684, in _log
    self.handle(record)
  File "/usr/local/lib/python3.12/logging/__init__.py", line 1700, in handle
    self.callHandlers(record)
  File "/usr/local/lib/python3.12/logging/__init__.py", line 1762, in callHandlers
    hdlr.handle(record)
  File "/usr/local/lib/python3.12/logging/__init__.py", line 1028, in handle
    self.emit(record)
  File "/home/airflow/.local/lib/python3.12/site-packages/airflow/utils/log/file_processor_handler.py", line 76, in emit
    self.handler.emit(record)
  File "/usr/local/lib/python3.12/logging/__init__.py", line 1280, in emit
    StreamHandler.emit(self, record)
  File "/usr/local/lib/python3.12/logging/__init__.py", line 1168, in emit
    self.handleError(record)
  File "/usr/local/lib/python3.12/logging/__init__.py", line 1081, in handleError
    sys.stderr.write('--- Logging error ---\n')
  File "/home/airflow/.local/lib/python3.12/site-packages/airflow/utils/log/logging_mixin.py", line 202, in write
    self.flush()
  File "/home/airflow/.local/lib/python3.12/site-packages/airflow/utils/log/logging_mixin.py", line 209, in flush
    self._propagate_log(buf)
  File "/home/airflow/.local/lib/python3.12/site-packages/airflow/utils/log/logging_mixin.py", line 190, in _propagate_log
    self.logger.log(self.level, remove_escape_codes(message))
  File "/usr/local/lib/python3.12/logging/__init__.py", line 1609, in log
    self._log(level, msg, args, **kwargs)
  File "/usr/local/lib/python3.12/logging/__init__.py", line 1684, in _log
    self.handle(record)
  File "/usr/local/lib/python3.12/logging/__init__.py", line 1700, in handle
    self.callHandlers(record)
  File "/usr/local/lib/python3.12/logging/__init__.py", line 1762, in callHandlers
    hdlr.handle(record)
  File "/usr/local/lib/python3.12/logging/__init__.py", line 1028, in handle
    self.emit(record)
  File "/home/airflow/.local/lib/python3.12/site-packages/airflow/utils/log/file_processor_handler.py", line 76, in emit
    self.handler.emit(record)
  File "/usr/local/lib/python3.12/logging/__init__.py", line 1280, in emit
    StreamHandler.emit(self, record)
  File "/usr/local/lib/python3.12/logging/__init__.py", line 1168, in emit
    self.handleError(record)
  File "/usr/local/lib/python3.12/logging/__init__.py", line 1081, in handleError
    sys.stderr.write('--- Logging error ---\n')
  File "/home/airflow/.local/lib/python3.12/site-packages/airflow/utils/log/logging_mixin.py", line 202, in write
    self.flush()
  File "/home/airflow/.local/lib/python3.12/site-packages/airflow/utils/log/logging_mixin.py", line 209, in flush
    self._propagate_log(buf)
  File "/home/airflow/.local/lib/python3.12/site-packages/airflow/utils/log/logging_mixin.py", line 190, in _propagate_log
    self.logger.log(self.level, remove_escape_codes(message))
  File "/usr/local/lib/python3.12/logging/__init__.py", line 1609, in log
    self._log(level, msg, args, **kwargs)
  File "/usr/local/lib/python3.12/logging/__init__.py", line 1684, in _log
    self.handle(record)
  File "/usr/local/lib/python3.12/logging/__init__.py", line 1700, in handle
    self.callHandlers(record)
  File "/usr/local/lib/python3.12/logging/__init__.py", line 1762, in callHandlers
    hdlr.handle(record)
  File "/usr/local/lib/python3.12/logging/__init__.py", line 1028, in handle
    self.emit(record)
  File "/home/airflow/.local/lib/python3.12/site-packages/airflow/utils/log/file_processor_handler.py", line 76, in emit
    self.handler.emit(record)
  File "/usr/local/lib/python3.12/logging/__init__.py", line 1280, in emit
    StreamHandler.emit(self, record)
  File "/usr/local/lib/python3.12/logging/__init__.py", line 1168, in emit
    self.handleError(record)
  File "/usr/local/lib/python3.12/logging/__init__.py", line 1081, in handleError
    sys.stderr.write('--- Logging error ---\n')
  File "/home/airflow/.local/lib/python3.12/site-packages/airflow/utils/log/logging_mixin.py", line 202, in write
    self.flush()
  File "/home/airflow/.local/lib/python3.12/site-packages/airflow/utils/log/logging_mixin.py", line 209, in flush
    self._propagate_log(buf)
  File "/home/airflow/.local/lib/python3.12/site-packages/airflow/utils/log/logging_mixin.py", line 190, in _propagate_log
    self.logger.log(self.level, remove_escape_codes(message))
  File "/usr/local/lib/python3.12/logging/__init__.py", line 1609, in log
    self._log(level, msg, args, **kwargs)
  File "/usr/local/lib/python3.12/logging/__init__.py", line 1684, in _log
    self.handle(record)
  File "/usr/local/lib/python3.12/logging/__init__.py", line 1700, in handle
    self.callHandlers(record)
  File "/usr/local/lib/python3.12/logging/__init__.py", line 1762, in callHandlers
    hdlr.handle(record)
  File "/usr/local/lib/python3.12/logging/__init__.py", line 1028, in handle
    self.emit(record)
  File "/home/airflow/.local/lib/python3.12/site-packages/airflow/utils/log/file_processor_handler.py", line 76, in emit
    self.handler.emit(record)
  File "/usr/local/lib/python3.12/logging/__init__.py", line 1280, in emit
    StreamHandler.emit(self, record)
  File "/usr/local/lib/python3.12/logging/__init__.py", line 1168, in emit
    self.handleError(record)
  File "/usr/local/lib/python3.12/logging/__init__.py", line 1081, in handleError
    sys.stderr.write('--- Logging error ---\n')
  File "/home/airflow/.local/lib/python3.12/site-packages/airflow/utils/log/logging_mixin.py", line 202, in write
    self.flush()
  File "/home/airflow/.local/lib/python3.12/site-packages/airflow/utils/log/logging_mixin.py", line 209, in flush
    self._propagate_log(buf)
  File "/home/airflow/.local/lib/python3.12/site-packages/airflow/utils/log/logging_mixin.py", line 190, in _propagate_log
    self.logger.log(self.level, remove_escape_codes(message))
  File "/usr/local/lib/python3.12/logging/__init__.py", line 1609, in log
    self._log(level, msg, args, **kwargs)
  File "/usr/local/lib/python3.12/logging/__init__.py", line 1684, in _log
    self.handle(record)
  File "/usr/local/lib/python3.12/logging/__init__.py", line 1700, in handle
    self.callHandlers(record)
  File "/usr/local/lib/python3.12/logging/__init__.py", line 1762, in callHandlers
    hdlr.handle(record)
  File "/usr/local/lib/python3.12/logging/__init__.py", line 1028, in handle
    self.emit(record)
  File "/home/airflow/.local/lib/python3.12/site-packages/airflow/utils/log/file_processor_handler.py", line 76, in emit
    self.handler.emit(record)
  File "/usr/local/lib/python3.12/logging/__init__.py", line 1280, in emit
    StreamHandler.emit(self, record)
  File "/usr/local/lib/python3.12/logging/__init__.py", line 1168, in emit
    self.handleError(record)
  File "/usr/local/lib/python3.12/logging/__init__.py", line 1081, in handleError
    sys.stderr.write('--- Logging error ---\n')
  File "/home/airflow/.local/lib/python3.12/site-packages/airflow/utils/log/logging_mixin.py", line 202, in write
    self.flush()
  File "/home/airflow/.local/lib/python3.12/site-packages/airflow/utils/log/logging_mixin.py", line 209, in flush
    self._propagate_log(buf)
  File "/home/airflow/.local/lib/python3.12/site-packages/airflow/utils/log/logging_mixin.py", line 190, in _propagate_log
    self.logger.log(self.level, remove_escape_codes(message))
  File "/usr/local/lib/python3.12/logging/__init__.py", line 1609, in log
    self._log(level, msg, args, **kwargs)
  File "/usr/local/lib/python3.12/logging/__init__.py", line 1684, in _log
    self.handle(record)
  File "/usr/local/lib/python3.12/logging/__init__.py", line 1700, in handle
    self.callHandlers(record)
  File "/usr/local/lib/python3.12/logging/__init__.py", line 1762, in callHandlers
    hdlr.handle(record)
  File "/usr/local/lib/python3.12/logging/__init__.py", line 1028, in handle
    self.emit(record)
  File "/home/airflow/.local/lib/python3.12/site-packages/airflow/utils/log/file_processor_handler.py", line 76, in emit
    self.handler.emit(record)
  File "/usr/local/lib/python3.12/logging/__init__.py", line 1280, in emit
    StreamHandler.emit(self, record)
  File "/usr/local/lib/python3.12/logging/__init__.py", line 1168, in emit
    self.handleError(record)
  File "/usr/local/lib/python3.12/logging/__init__.py", line 1081, in handleError
    sys.stderr.write('--- Logging error ---\n')
  File "/home/airflow/.local/lib/python3.12/site-packages/airflow/utils/log/logging_mixin.py", line 202, in write
    self.flush()
  File "/home/airflow/.local/lib/python3.12/site-packages/airflow/utils/log/logging_mixin.py", line 209, in flush
    self._propagate_log(buf)
  File "/home/airflow/.local/lib/python3.12/site-packages/airflow/utils/log/logging_mixin.py", line 190, in _propagate_log
    self.logger.log(self.level, remove_escape_codes(message))
  File "/usr/local/lib/python3.12/logging/__init__.py", line 1609, in log
    self._log(level, msg, args, **kwargs)
  File "/usr/local/lib/python3.12/logging/__init__.py", line 1684, in _log
    self.handle(record)
  File "/usr/local/lib/python3.12/logging/__init__.py", line 1700, in handle
    self.callHandlers(record)
  File "/usr/local/lib/python3.12/logging/__init__.py", line 1762, in callHandlers
    hdlr.handle(record)
  File "/usr/local/lib/python3.12/logging/__init__.py", line 1028, in handle
    self.emit(record)
  File "/home/airflow/.local/lib/python3.12/site-packages/airflow/utils/log/file_processor_handler.py", line 76, in emit
    self.handler.emit(record)
  File "/usr/local/lib/python3.12/logging/__init__.py", line 1280, in emit
    StreamHandler.emit(self, record)
  File "/usr/local/lib/python3.12/logging/__init__.py", line 1168, in emit
    self.handleError(record)
  File "/usr/local/lib/python3.12/logging/__init__.py", line 1081, in handleError
    sys.stderr.write('--- Logging error ---\n')
  File "/home/airflow/.local/lib/python3.12/site-packages/airflow/utils/log/logging_mixin.py", line 202, in write
    self.flush()
  File "/home/airflow/.local/lib/python3.12/site-packages/airflow/utils/log/logging_mixin.py", line 209, in flush
    self._propagate_log(buf)
  File "/home/airflow/.local/lib/python3.12/site-packages/airflow/utils/log/logging_mixin.py", line 190, in _propagate_log
    self.logger.log(self.level, remove_escape_codes(message))
  File "/usr/local/lib/python3.12/logging/__init__.py", line 1609, in log
    self._log(level, msg, args, **kwargs)
  File "/usr/local/lib/python3.12/logging/__init__.py", line 1684, in _log
    self.handle(record)
  File "/usr/local/lib/python3.12/logging/__init__.py", line 1700, in handle
    self.callHandlers(record)
  File "/usr/local/lib/python3.12/logging/__init__.py", line 1762, in callHandlers
    hdlr.handle(record)
  File "/usr/local/lib/python3.12/logging/__init__.py", line 1028, in handle
    self.emit(record)
  File "/home/airflow/.local/lib/python3.12/site-packages/airflow/utils/log/file_processor_handler.py", line 76, in emit
    self.handler.emit(record)
  File "/usr/local/lib/python3.12/logging/__init__.py", line 1280, in emit
    StreamHandler.emit(self, record)
  File "/usr/local/lib/python3.12/logging/__init__.py", line 1168, in emit
    self.handleError(record)
  File "/usr/local/lib/python3.12/logging/__init__.py", line 1081, in handleError
    sys.stderr.write('--- Logging error ---\n')
  File "/home/airflow/.local/lib/python3.12/site-packages/airflow/utils/log/logging_mixin.py", line 202, in write
    self.flush()
  File "/home/airflow/.local/lib/python3.12/site-packages/airflow/utils/log/logging_mixin.py", line 209, in flush
    self._propagate_log(buf)
  File "/home/airflow/.local/lib/python3.12/site-packages/airflow/utils/log/logging_mixin.py", line 190, in _propagate_log
    self.logger.log(self.level, remove_escape_codes(message))
  File "/usr/local/lib/python3.12/logging/__init__.py", line 1609, in log
    self._log(level, msg, args, **kwargs)
  File "/usr/local/lib/python3.12/logging/__init__.py", line 1684, in _log
    self.handle(record)
  File "/usr/local/lib/python3.12/logging/__init__.py", line 1700, in handle
    self.callHandlers(record)
  File "/usr/local/lib/python3.12/logging/__init__.py", line 1762, in callHandlers
    hdlr.handle(record)
  File "/usr/local/lib/python3.12/logging/__init__.py", line 1028, in handle
    self.emit(record)
  File "/home/airflow/.local/lib/python3.12/site-packages/airflow/utils/log/file_processor_handler.py", line 76, in emit
    self.handler.emit(record)
  File "/usr/local/lib/python3.12/logging/__init__.py", line 1280, in emit
    StreamHandler.emit(self, record)
  File "/usr/local/lib/python3.12/logging/__init__.py", line 1168, in emit
    self.handleError(record)
  File "/usr/local/lib/python3.12/logging/__init__.py", line 1081, in handleError
    sys.stderr.write('--- Logging error ---\n')
  File "/home/airflow/.local/lib/python3.12/site-packages/airflow/utils/log/logging_mixin.py", line 202, in write
    self.flush()
  File "/home/airflow/.local/lib/python3.12/site-packages/airflow/utils/log/logging_mixin.py", line 209, in flush
    self._propagate_log(buf)
  File "/home/airflow/.local/lib/python3.12/site-packages/airflow/utils/log/logging_mixin.py", line 190, in _propagate_log
    self.logger.log(self.level, remove_escape_codes(message))
  File "/usr/local/lib/python3.12/logging/__init__.py", line 1609, in log
    self._log(level, msg, args, **kwargs)
  File "/usr/local/lib/python3.12/logging/__init__.py", line 1684, in _log
    self.handle(record)
  File "/usr/local/lib/python3.12/logging/__init__.py", line 1700, in handle
    self.callHandlers(record)
  File "/usr/local/lib/python3.12/logging/__init__.py", line 1762, in callHandlers
    hdlr.handle(record)
  File "/usr/local/lib/python3.12/logging/__init__.py", line 1028, in handle
    self.emit(record)
  File "/home/airflow/.local/lib/python3.12/site-packages/airflow/utils/log/file_processor_handler.py", line 76, in emit
    self.handler.emit(record)
  File "/usr/local/lib/python3.12/logging/__init__.py", line 1280, in emit
    StreamHandler.emit(self, record)
  File "/usr/local/lib/python3.12/logging/__init__.py", line 1168, in emit
    self.handleError(record)
  File "/usr/local/lib/python3.12/logging/__init__.py", line 1081, in handleError
    sys.stderr.write('--- Logging error ---\n')
  File "/home/airflow/.local/lib/python3.12/site-packages/airflow/utils/log/logging_mixin.py", line 202, in write
    self.flush()
  File "/home/airflow/.local/lib/python3.12/site-packages/airflow/utils/log/logging_mixin.py", line 209, in flush
    self._propagate_log(buf)
  File "/home/airflow/.local/lib/python3.12/site-packages/airflow/utils/log/logging_mixin.py", line 190, in _propagate_log
    self.logger.log(self.level, remove_escape_codes(message))
  File "/usr/local/lib/python3.12/logging/__init__.py", line 1609, in log
    self._log(level, msg, args, **kwargs)
  File "/usr/local/lib/python3.12/logging/__init__.py", line 1684, in _log
    self.handle(record)
  File "/usr/local/lib/python3.12/logging/__init__.py", line 1700, in handle
    self.callHandlers(record)
  File "/usr/local/lib/python3.12/logging/__init__.py", line 1762, in callHandlers
    hdlr.handle(record)
  File "/usr/local/lib/python3.12/logging/__init__.py", line 1028, in handle
    self.emit(record)
  File "/home/airflow/.local/lib/python3.12/site-packages/airflow/utils/log/file_processor_handler.py", line 76, in emit
    self.handler.emit(record)
  File "/usr/local/lib/python3.12/logging/__init__.py", line 1280, in emit
    StreamHandler.emit(self, record)
  File "/usr/local/lib/python3.12/logging/__init__.py", line 1168, in emit
    self.handleError(record)
  File "/usr/local/lib/python3.12/logging/__init__.py", line 1081, in handleError
    sys.stderr.write('--- Logging error ---\n')
  File "/home/airflow/.local/lib/python3.12/site-packages/airflow/utils/log/logging_mixin.py", line 202, in write
    self.flush()
  File "/home/airflow/.local/lib/python3.12/site-packages/airflow/utils/log/logging_mixin.py", line 209, in flush
    self._propagate_log(buf)
  File "/home/airflow/.local/lib/python3.12/site-packages/airflow/utils/log/logging_mixin.py", line 190, in _propagate_log
    self.logger.log(self.level, remove_escape_codes(message))
  File "/usr/local/lib/python3.12/logging/__init__.py", line 1609, in log
    self._log(level, msg, args, **kwargs)
  File "/usr/local/lib/python3.12/logging/__init__.py", line 1684, in _log
    self.handle(record)
  File "/usr/local/lib/python3.12/logging/__init__.py", line 1700, in handle
    self.callHandlers(record)
  File "/usr/local/lib/python3.12/logging/__init__.py", line 1762, in callHandlers
    hdlr.handle(record)
  File "/usr/local/lib/python3.12/logging/__init__.py", line 1028, in handle
    self.emit(record)
  File "/home/airflow/.local/lib/python3.12/site-packages/airflow/utils/log/file_processor_handler.py", line 76, in emit
    self.handler.emit(record)
  File "/usr/local/lib/python3.12/logging/__init__.py", line 1280, in emit
    StreamHandler.emit(self, record)
  File "/usr/local/lib/python3.12/logging/__init__.py", line 1168, in emit
    self.handleError(record)
  File "/usr/local/lib/python3.12/logging/__init__.py", line 1081, in handleError
    sys.stderr.write('--- Logging error ---\n')
  File "/home/airflow/.local/lib/python3.12/site-packages/airflow/utils/log/logging_mixin.py", line 202, in write
    self.flush()
  File "/home/airflow/.local/lib/python3.12/site-packages/airflow/utils/log/logging_mixin.py", line 209, in flush
    self._propagate_log(buf)
  File "/home/airflow/.local/lib/python3.12/site-packages/airflow/utils/log/logging_mixin.py", line 190, in _propagate_log
    self.logger.log(self.level, remove_escape_codes(message))
  File "/usr/local/lib/python3.12/logging/__init__.py", line 1609, in log
    self._log(level, msg, args, **kwargs)
  File "/usr/local/lib/python3.12/logging/__init__.py", line 1684, in _log
    self.handle(record)
  File "/usr/local/lib/python3.12/logging/__init__.py", line 1700, in handle
    self.callHandlers(record)
  File "/usr/local/lib/python3.12/logging/__init__.py", line 1762, in callHandlers
    hdlr.handle(record)
  File "/usr/local/lib/python3.12/logging/__init__.py", line 1028, in handle
    self.emit(record)
  File "/home/airflow/.local/lib/python3.12/site-packages/airflow/utils/log/file_processor_handler.py", line 76, in emit
    self.handler.emit(record)
  File "/usr/local/lib/python3.12/logging/__init__.py", line 1280, in emit
    StreamHandler.emit(self, record)
  File "/usr/local/lib/python3.12/logging/__init__.py", line 1168, in emit
    self.handleError(record)
  File "/usr/local/lib/python3.12/logging/__init__.py", line 1081, in handleError
    sys.stderr.write('--- Logging error ---\n')
  File "/home/airflow/.local/lib/python3.12/site-packages/airflow/utils/log/logging_mixin.py", line 202, in write
    self.flush()
  File "/home/airflow/.local/lib/python3.12/site-packages/airflow/utils/log/logging_mixin.py", line 209, in flush
    self._propagate_log(buf)
  File "/home/airflow/.local/lib/python3.12/site-packages/airflow/utils/log/logging_mixin.py", line 190, in _propagate_log
    self.logger.log(self.level, remove_escape_codes(message))
  File "/usr/local/lib/python3.12/logging/__init__.py", line 1609, in log
    self._log(level, msg, args, **kwargs)
  File "/usr/local/lib/python3.12/logging/__init__.py", line 1684, in _log
    self.handle(record)
  File "/usr/local/lib/python3.12/logging/__init__.py", line 1700, in handle
    self.callHandlers(record)
  File "/usr/local/lib/python3.12/logging/__init__.py", line 1762, in callHandlers
    hdlr.handle(record)
  File "/usr/local/lib/python3.12/logging/__init__.py", line 1028, in handle
    self.emit(record)
  File "/home/airflow/.local/lib/python3.12/site-packages/airflow/utils/log/file_processor_handler.py", line 76, in emit
    self.handler.emit(record)
  File "/usr/local/lib/python3.12/logging/__init__.py", line 1280, in emit
    StreamHandler.emit(self, record)
  File "/usr/local/lib/python3.12/logging/__init__.py", line 1168, in emit
    self.handleError(record)
  File "/usr/local/lib/python3.12/logging/__init__.py", line 1081, in handleError
    sys.stderr.write('--- Logging error ---\n')
  File "/home/airflow/.local/lib/python3.12/site-packages/airflow/utils/log/logging_mixin.py", line 202, in write
    self.flush()
  File "/home/airflow/.local/lib/python3.12/site-packages/airflow/utils/log/logging_mixin.py", line 209, in flush
    self._propagate_log(buf)
  File "/home/airflow/.local/lib/python3.12/site-packages/airflow/utils/log/logging_mixin.py", line 190, in _propagate_log
    self.logger.log(self.level, remove_escape_codes(message))
  File "/usr/local/lib/python3.12/logging/__init__.py", line 1609, in log
    self._log(level, msg, args, **kwargs)
  File "/usr/local/lib/python3.12/logging/__init__.py", line 1684, in _log
    self.handle(record)
  File "/usr/local/lib/python3.12/logging/__init__.py", line 1700, in handle
    self.callHandlers(record)
  File "/usr/local/lib/python3.12/logging/__init__.py", line 1762, in callHandlers
    hdlr.handle(record)
  File "/usr/local/lib/python3.12/logging/__init__.py", line 1028, in handle
    self.emit(record)
  File "/home/airflow/.local/lib/python3.12/site-packages/airflow/utils/log/file_processor_handler.py", line 76, in emit
    self.handler.emit(record)
  File "/usr/local/lib/python3.12/logging/__init__.py", line 1280, in emit
    StreamHandler.emit(self, record)
  File "/usr/local/lib/python3.12/logging/__init__.py", line 1168, in emit
    self.handleError(record)
  File "/usr/local/lib/python3.12/logging/__init__.py", line 1081, in handleError
    sys.stderr.write('--- Logging error ---\n')
  File "/home/airflow/.local/lib/python3.12/site-packages/airflow/utils/log/logging_mixin.py", line 202, in write
    self.flush()
  File "/home/airflow/.local/lib/python3.12/site-packages/airflow/utils/log/logging_mixin.py", line 209, in flush
    self._propagate_log(buf)
  File "/home/airflow/.local/lib/python3.12/site-packages/airflow/utils/log/logging_mixin.py", line 190, in _propagate_log
    self.logger.log(self.level, remove_escape_codes(message))
  File "/usr/local/lib/python3.12/logging/__init__.py", line 1609, in log
    self._log(level, msg, args, **kwargs)
  File "/usr/local/lib/python3.12/logging/__init__.py", line 1684, in _log
    self.handle(record)
  File "/usr/local/lib/python3.12/logging/__init__.py", line 1700, in handle
    self.callHandlers(record)
  File "/usr/local/lib/python3.12/logging/__init__.py", line 1762, in callHandlers
    hdlr.handle(record)
  File "/usr/local/lib/python3.12/logging/__init__.py", line 1028, in handle
    self.emit(record)
  File "/home/airflow/.local/lib/python3.12/site-packages/airflow/utils/log/file_processor_handler.py", line 76, in emit
    self.handler.emit(record)
  File "/usr/local/lib/python3.12/logging/__init__.py", line 1280, in emit
    StreamHandler.emit(self, record)
  File "/usr/local/lib/python3.12/logging/__init__.py", line 1168, in emit
    self.handleError(record)
  File "/usr/local/lib/python3.12/logging/__init__.py", line 1081, in handleError
    sys.stderr.write('--- Logging error ---\n')
  File "/home/airflow/.local/lib/python3.12/site-packages/airflow/utils/log/logging_mixin.py", line 202, in write
    self.flush()
  File "/home/airflow/.local/lib/python3.12/site-packages/airflow/utils/log/logging_mixin.py", line 209, in flush
    self._propagate_log(buf)
  File "/home/airflow/.local/lib/python3.12/site-packages/airflow/utils/log/logging_mixin.py", line 190, in _propagate_log
    self.logger.log(self.level, remove_escape_codes(message))
  File "/usr/local/lib/python3.12/logging/__init__.py", line 1609, in log
    self._log(level, msg, args, **kwargs)
  File "/usr/local/lib/python3.12/logging/__init__.py", line 1684, in _log
    self.handle(record)
  File "/usr/local/lib/python3.12/logging/__init__.py", line 1700, in handle
    self.callHandlers(record)
  File "/usr/local/lib/python3.12/logging/__init__.py", line 1762, in callHandlers
    hdlr.handle(record)
  File "/usr/local/lib/python3.12/logging/__init__.py", line 1028, in handle
    self.emit(record)
  File "/home/airflow/.local/lib/python3.12/site-packages/airflow/utils/log/file_processor_handler.py", line 76, in emit
    self.handler.emit(record)
  File "/usr/local/lib/python3.12/logging/__init__.py", line 1280, in emit
    StreamHandler.emit(self, record)
  File "/usr/local/lib/python3.12/logging/__init__.py", line 1168, in emit
    self.handleError(record)
  File "/usr/local/lib/python3.12/logging/__init__.py", line 1081, in handleError
    sys.stderr.write('--- Logging error ---\n')
  File "/home/airflow/.local/lib/python3.12/site-packages/airflow/utils/log/logging_mixin.py", line 202, in write
    self.flush()
  File "/home/airflow/.local/lib/python3.12/site-packages/airflow/utils/log/logging_mixin.py", line 209, in flush
    self._propagate_log(buf)
  File "/home/airflow/.local/lib/python3.12/site-packages/airflow/utils/log/logging_mixin.py", line 190, in _propagate_log
    self.logger.log(self.level, remove_escape_codes(message))
  File "/usr/local/lib/python3.12/logging/__init__.py", line 1609, in log
    self._log(level, msg, args, **kwargs)
  File "/usr/local/lib/python3.12/logging/__init__.py", line 1684, in _log
    self.handle(record)
  File "/usr/local/lib/python3.12/logging/__init__.py", line 1700, in handle
    self.callHandlers(record)
  File "/usr/local/lib/python3.12/logging/__init__.py", line 1762, in callHandlers
    hdlr.handle(record)
  File "/usr/local/lib/python3.12/logging/__init__.py", line 1028, in handle
    self.emit(record)
  File "/home/airflow/.local/lib/python3.12/site-packages/airflow/utils/log/file_processor_handler.py", line 76, in emit
    self.handler.emit(record)
  File "/usr/local/lib/python3.12/logging/__init__.py", line 1280, in emit
    StreamHandler.emit(self, record)
  File "/usr/local/lib/python3.12/logging/__init__.py", line 1168, in emit
    self.handleError(record)
  File "/usr/local/lib/python3.12/logging/__init__.py", line 1081, in handleError
    sys.stderr.write('--- Logging error ---\n')
  File "/home/airflow/.local/lib/python3.12/site-packages/airflow/utils/log/logging_mixin.py", line 202, in write
    self.flush()
  File "/home/airflow/.local/lib/python3.12/site-packages/airflow/utils/log/logging_mixin.py", line 209, in flush
    self._propagate_log(buf)
  File "/home/airflow/.local/lib/python3.12/site-packages/airflow/utils/log/logging_mixin.py", line 190, in _propagate_log
    self.logger.log(self.level, remove_escape_codes(message))
  File "/usr/local/lib/python3.12/logging/__init__.py", line 1609, in log
    self._log(level, msg, args, **kwargs)
  File "/usr/local/lib/python3.12/logging/__init__.py", line 1684, in _log
    self.handle(record)
  File "/usr/local/lib/python3.12/logging/__init__.py", line 1700, in handle
    self.callHandlers(record)
  File "/usr/local/lib/python3.12/logging/__init__.py", line 1762, in callHandlers
    hdlr.handle(record)
  File "/usr/local/lib/python3.12/logging/__init__.py", line 1028, in handle
    self.emit(record)
  File "/home/airflow/.local/lib/python3.12/site-packages/airflow/utils/log/file_processor_handler.py", line 76, in emit
    self.handler.emit(record)
  File "/usr/local/lib/python3.12/logging/__init__.py", line 1280, in emit
    StreamHandler.emit(self, record)
  File "/usr/local/lib/python3.12/logging/__init__.py", line 1168, in emit
    self.handleError(record)
  File "/usr/local/lib/python3.12/logging/__init__.py", line 1081, in handleError
    sys.stderr.write('--- Logging error ---\n')
  File "/home/airflow/.local/lib/python3.12/site-packages/airflow/utils/log/logging_mixin.py", line 202, in write
    self.flush()
  File "/home/airflow/.local/lib/python3.12/site-packages/airflow/utils/log/logging_mixin.py", line 209, in flush
    self._propagate_log(buf)
  File "/home/airflow/.local/lib/python3.12/site-packages/airflow/utils/log/logging_mixin.py", line 190, in _propagate_log
    self.logger.log(self.level, remove_escape_codes(message))
  File "/usr/local/lib/python3.12/logging/__init__.py", line 1609, in log
    self._log(level, msg, args, **kwargs)
  File "/usr/local/lib/python3.12/logging/__init__.py", line 1684, in _log
    self.handle(record)
  File "/usr/local/lib/python3.12/logging/__init__.py", line 1700, in handle
    self.callHandlers(record)
  File "/usr/local/lib/python3.12/logging/__init__.py", line 1762, in callHandlers
    hdlr.handle(record)
  File "/usr/local/lib/python3.12/logging/__init__.py", line 1028, in handle
    self.emit(record)
  File "/home/airflow/.local/lib/python3.12/site-packages/airflow/utils/log/file_processor_handler.py", line 76, in emit
    self.handler.emit(record)
  File "/usr/local/lib/python3.12/logging/__init__.py", line 1280, in emit
    StreamHandler.emit(self, record)
  File "/usr/local/lib/python3.12/logging/__init__.py", line 1168, in emit
    self.handleError(record)
  File "/usr/local/lib/python3.12/logging/__init__.py", line 1081, in handleError
    sys.stderr.write('--- Logging error ---\n')
  File "/home/airflow/.local/lib/python3.12/site-packages/airflow/utils/log/logging_mixin.py", line 202, in write
    self.flush()
  File "/home/airflow/.local/lib/python3.12/site-packages/airflow/utils/log/logging_mixin.py", line 209, in flush
    self._propagate_log(buf)
  File "/home/airflow/.local/lib/python3.12/site-packages/airflow/utils/log/logging_mixin.py", line 190, in _propagate_log
    self.logger.log(self.level, remove_escape_codes(message))
  File "/usr/local/lib/python3.12/logging/__init__.py", line 1609, in log
    self._log(level, msg, args, **kwargs)
  File "/usr/local/lib/python3.12/logging/__init__.py", line 1684, in _log
    self.handle(record)
  File "/usr/local/lib/python3.12/logging/__init__.py", line 1700, in handle
    self.callHandlers(record)
  File "/usr/local/lib/python3.12/logging/__init__.py", line 1762, in callHandlers
    hdlr.handle(record)
  File "/usr/local/lib/python3.12/logging/__init__.py", line 1028, in handle
    self.emit(record)
  File "/home/airflow/.local/lib/python3.12/site-packages/airflow/utils/log/file_processor_handler.py", line 76, in emit
    self.handler.emit(record)
  File "/usr/local/lib/python3.12/logging/__init__.py", line 1280, in emit
    StreamHandler.emit(self, record)
  File "/usr/local/lib/python3.12/logging/__init__.py", line 1168, in emit
    self.handleError(record)
  File "/usr/local/lib/python3.12/logging/__init__.py", line 1081, in handleError
    sys.stderr.write('--- Logging error ---\n')
  File "/home/airflow/.local/lib/python3.12/site-packages/airflow/utils/log/logging_mixin.py", line 202, in write
    self.flush()
  File "/home/airflow/.local/lib/python3.12/site-packages/airflow/utils/log/logging_mixin.py", line 209, in flush
    self._propagate_log(buf)
  File "/home/airflow/.local/lib/python3.12/site-packages/airflow/utils/log/logging_mixin.py", line 190, in _propagate_log
    self.logger.log(self.level, remove_escape_codes(message))
  File "/usr/local/lib/python3.12/logging/__init__.py", line 1609, in log
    self._log(level, msg, args, **kwargs)
  File "/usr/local/lib/python3.12/logging/__init__.py", line 1684, in _log
    self.handle(record)
  File "/usr/local/lib/python3.12/logging/__init__.py", line 1700, in handle
    self.callHandlers(record)
  File "/usr/local/lib/python3.12/logging/__init__.py", line 1762, in callHandlers
    hdlr.handle(record)
  File "/usr/local/lib/python3.12/logging/__init__.py", line 1028, in handle
    self.emit(record)
  File "/home/airflow/.local/lib/python3.12/site-packages/airflow/utils/log/file_processor_handler.py", line 76, in emit
    self.handler.emit(record)
  File "/usr/local/lib/python3.12/logging/__init__.py", line 1280, in emit
    StreamHandler.emit(self, record)
  File "/usr/local/lib/python3.12/logging/__init__.py", line 1168, in emit
    self.handleError(record)
  File "/usr/local/lib/python3.12/logging/__init__.py", line 1081, in handleError
    sys.stderr.write('--- Logging error ---\n')
  File "/home/airflow/.local/lib/python3.12/site-packages/airflow/utils/log/logging_mixin.py", line 202, in write
    self.flush()
  File "/home/airflow/.local/lib/python3.12/site-packages/airflow/utils/log/logging_mixin.py", line 209, in flush
    self._propagate_log(buf)
  File "/home/airflow/.local/lib/python3.12/site-packages/airflow/utils/log/logging_mixin.py", line 190, in _propagate_log
    self.logger.log(self.level, remove_escape_codes(message))
  File "/usr/local/lib/python3.12/logging/__init__.py", line 1609, in log
    self._log(level, msg, args, **kwargs)
  File "/usr/local/lib/python3.12/logging/__init__.py", line 1684, in _log
    self.handle(record)
  File "/usr/local/lib/python3.12/logging/__init__.py", line 1700, in handle
    self.callHandlers(record)
  File "/usr/local/lib/python3.12/logging/__init__.py", line 1762, in callHandlers
    hdlr.handle(record)
  File "/usr/local/lib/python3.12/logging/__init__.py", line 1028, in handle
    self.emit(record)
  File "/home/airflow/.local/lib/python3.12/site-packages/airflow/utils/log/file_processor_handler.py", line 76, in emit
    self.handler.emit(record)
  File "/usr/local/lib/python3.12/logging/__init__.py", line 1280, in emit
    StreamHandler.emit(self, record)
  File "/usr/local/lib/python3.12/logging/__init__.py", line 1168, in emit
    self.handleError(record)
  File "/usr/local/lib/python3.12/logging/__init__.py", line 1081, in handleError
    sys.stderr.write('--- Logging error ---\n')
  File "/home/airflow/.local/lib/python3.12/site-packages/airflow/utils/log/logging_mixin.py", line 202, in write
    self.flush()
  File "/home/airflow/.local/lib/python3.12/site-packages/airflow/utils/log/logging_mixin.py", line 209, in flush
    self._propagate_log(buf)
  File "/home/airflow/.local/lib/python3.12/site-packages/airflow/utils/log/logging_mixin.py", line 190, in _propagate_log
    self.logger.log(self.level, remove_escape_codes(message))
  File "/usr/local/lib/python3.12/logging/__init__.py", line 1609, in log
    self._log(level, msg, args, **kwargs)
  File "/usr/local/lib/python3.12/logging/__init__.py", line 1684, in _log
    self.handle(record)
  File "/usr/local/lib/python3.12/logging/__init__.py", line 1700, in handle
    self.callHandlers(record)
  File "/usr/local/lib/python3.12/logging/__init__.py", line 1762, in callHandlers
    hdlr.handle(record)
  File "/usr/local/lib/python3.12/logging/__init__.py", line 1028, in handle
    self.emit(record)
  File "/home/airflow/.local/lib/python3.12/site-packages/airflow/utils/log/file_processor_handler.py", line 76, in emit
    self.handler.emit(record)
  File "/usr/local/lib/python3.12/logging/__init__.py", line 1280, in emit
    StreamHandler.emit(self, record)
  File "/usr/local/lib/python3.12/logging/__init__.py", line 1168, in emit
    self.handleError(record)
  File "/usr/local/lib/python3.12/logging/__init__.py", line 1081, in handleError
    sys.stderr.write('--- Logging error ---\n')
  File "/home/airflow/.local/lib/python3.12/site-packages/airflow/utils/log/logging_mixin.py", line 202, in write
    self.flush()
  File "/home/airflow/.local/lib/python3.12/site-packages/airflow/utils/log/logging_mixin.py", line 209, in flush
    self._propagate_log(buf)
  File "/home/airflow/.local/lib/python3.12/site-packages/airflow/utils/log/logging_mixin.py", line 190, in _propagate_log
    self.logger.log(self.level, remove_escape_codes(message))
  File "/usr/local/lib/python3.12/logging/__init__.py", line 1609, in log
    self._log(level, msg, args, **kwargs)
  File "/usr/local/lib/python3.12/logging/__init__.py", line 1684, in _log
    self.handle(record)
  File "/usr/local/lib/python3.12/logging/__init__.py", line 1700, in handle
    self.callHandlers(record)
  File "/usr/local/lib/python3.12/logging/__init__.py", line 1762, in callHandlers
    hdlr.handle(record)
  File "/usr/local/lib/python3.12/logging/__init__.py", line 1028, in handle
    self.emit(record)
  File "/home/airflow/.local/lib/python3.12/site-packages/airflow/utils/log/file_processor_handler.py", line 76, in emit
    self.handler.emit(record)
  File "/usr/local/lib/python3.12/logging/__init__.py", line 1280, in emit
    StreamHandler.emit(self, record)
  File "/usr/local/lib/python3.12/logging/__init__.py", line 1168, in emit
    self.handleError(record)
  File "/usr/local/lib/python3.12/logging/__init__.py", line 1081, in handleError
    sys.stderr.write('--- Logging error ---\n')
  File "/home/airflow/.local/lib/python3.12/site-packages/airflow/utils/log/logging_mixin.py", line 202, in write
    self.flush()
  File "/home/airflow/.local/lib/python3.12/site-packages/airflow/utils/log/logging_mixin.py", line 209, in flush
    self._propagate_log(buf)
  File "/home/airflow/.local/lib/python3.12/site-packages/airflow/utils/log/logging_mixin.py", line 190, in _propagate_log
    self.logger.log(self.level, remove_escape_codes(message))
  File "/usr/local/lib/python3.12/logging/__init__.py", line 1609, in log
    self._log(level, msg, args, **kwargs)
  File "/usr/local/lib/python3.12/logging/__init__.py", line 1684, in _log
    self.handle(record)
  File "/usr/local/lib/python3.12/logging/__init__.py", line 1700, in handle
    self.callHandlers(record)
  File "/usr/local/lib/python3.12/logging/__init__.py", line 1762, in callHandlers
    hdlr.handle(record)
  File "/usr/local/lib/python3.12/logging/__init__.py", line 1028, in handle
    self.emit(record)
  File "/home/airflow/.local/lib/python3.12/site-packages/airflow/utils/log/file_processor_handler.py", line 76, in emit
    self.handler.emit(record)
  File "/usr/local/lib/python3.12/logging/__init__.py", line 1280, in emit
    StreamHandler.emit(self, record)
  File "/usr/local/lib/python3.12/logging/__init__.py", line 1168, in emit
    self.handleError(record)
  File "/usr/local/lib/python3.12/logging/__init__.py", line 1081, in handleError
    sys.stderr.write('--- Logging error ---\n')
  File "/home/airflow/.local/lib/python3.12/site-packages/airflow/utils/log/logging_mixin.py", line 202, in write
    self.flush()
  File "/home/airflow/.local/lib/python3.12/site-packages/airflow/utils/log/logging_mixin.py", line 209, in flush
    self._propagate_log(buf)
  File "/home/airflow/.local/lib/python3.12/site-packages/airflow/utils/log/logging_mixin.py", line 190, in _propagate_log
    self.logger.log(self.level, remove_escape_codes(message))
  File "/usr/local/lib/python3.12/logging/__init__.py", line 1609, in log
    self._log(level, msg, args, **kwargs)
  File "/usr/local/lib/python3.12/logging/__init__.py", line 1684, in _log
    self.handle(record)
  File "/usr/local/lib/python3.12/logging/__init__.py", line 1700, in handle
    self.callHandlers(record)
  File "/usr/local/lib/python3.12/logging/__init__.py", line 1762, in callHandlers
    hdlr.handle(record)
  File "/usr/local/lib/python3.12/logging/__init__.py", line 1028, in handle
    self.emit(record)
  File "/home/airflow/.local/lib/python3.12/site-packages/airflow/utils/log/file_processor_handler.py", line 76, in emit
    self.handler.emit(record)
  File "/usr/local/lib/python3.12/logging/__init__.py", line 1280, in emit
    StreamHandler.emit(self, record)
  File "/usr/local/lib/python3.12/logging/__init__.py", line 1168, in emit
    self.handleError(record)
  File "/usr/local/lib/python3.12/logging/__init__.py", line 1081, in handleError
    sys.stderr.write('--- Logging error ---\n')
  File "/home/airflow/.local/lib/python3.12/site-packages/airflow/utils/log/logging_mixin.py", line 202, in write
    self.flush()
  File "/home/airflow/.local/lib/python3.12/site-packages/airflow/utils/log/logging_mixin.py", line 209, in flush
    self._propagate_log(buf)
  File "/home/airflow/.local/lib/python3.12/site-packages/airflow/utils/log/logging_mixin.py", line 190, in _propagate_log
    self.logger.log(self.level, remove_escape_codes(message))
  File "/usr/local/lib/python3.12/logging/__init__.py", line 1609, in log
    self._log(level, msg, args, **kwargs)
  File "/usr/local/lib/python3.12/logging/__init__.py", line 1684, in _log
    self.handle(record)
  File "/usr/local/lib/python3.12/logging/__init__.py", line 1700, in handle
    self.callHandlers(record)
  File "/usr/local/lib/python3.12/logging/__init__.py", line 1762, in callHandlers
    hdlr.handle(record)
  File "/usr/local/lib/python3.12/logging/__init__.py", line 1028, in handle
    self.emit(record)
  File "/home/airflow/.local/lib/python3.12/site-packages/airflow/utils/log/file_processor_handler.py", line 76, in emit
    self.handler.emit(record)
  File "/usr/local/lib/python3.12/logging/__init__.py", line 1280, in emit
    StreamHandler.emit(self, record)
  File "/usr/local/lib/python3.12/logging/__init__.py", line 1168, in emit
    self.handleError(record)
  File "/usr/local/lib/python3.12/logging/__init__.py", line 1081, in handleError
    sys.stderr.write('--- Logging error ---\n')
  File "/home/airflow/.local/lib/python3.12/site-packages/airflow/utils/log/logging_mixin.py", line 202, in write
    self.flush()
  File "/home/airflow/.local/lib/python3.12/site-packages/airflow/utils/log/logging_mixin.py", line 209, in flush
    self._propagate_log(buf)
  File "/home/airflow/.local/lib/python3.12/site-packages/airflow/utils/log/logging_mixin.py", line 190, in _propagate_log
    self.logger.log(self.level, remove_escape_codes(message))
  File "/usr/local/lib/python3.12/logging/__init__.py", line 1609, in log
    self._log(level, msg, args, **kwargs)
  File "/usr/local/lib/python3.12/logging/__init__.py", line 1684, in _log
    self.handle(record)
  File "/usr/local/lib/python3.12/logging/__init__.py", line 1700, in handle
    self.callHandlers(record)
  File "/usr/local/lib/python3.12/logging/__init__.py", line 1762, in callHandlers
    hdlr.handle(record)
  File "/usr/local/lib/python3.12/logging/__init__.py", line 1028, in handle
    self.emit(record)
  File "/home/airflow/.local/lib/python3.12/site-packages/airflow/utils/log/file_processor_handler.py", line 76, in emit
    self.handler.emit(record)
  File "/usr/local/lib/python3.12/logging/__init__.py", line 1280, in emit
    StreamHandler.emit(self, record)
  File "/usr/local/lib/python3.12/logging/__init__.py", line 1168, in emit
    self.handleError(record)
  File "/usr/local/lib/python3.12/logging/__init__.py", line 1081, in handleError
    sys.stderr.write('--- Logging error ---\n')
  File "/home/airflow/.local/lib/python3.12/site-packages/airflow/utils/log/logging_mixin.py", line 202, in write
    self.flush()
  File "/home/airflow/.local/lib/python3.12/site-packages/airflow/utils/log/logging_mixin.py", line 209, in flush
    self._propagate_log(buf)
  File "/home/airflow/.local/lib/python3.12/site-packages/airflow/utils/log/logging_mixin.py", line 190, in _propagate_log
    self.logger.log(self.level, remove_escape_codes(message))
  File "/usr/local/lib/python3.12/logging/__init__.py", line 1609, in log
    self._log(level, msg, args, **kwargs)
  File "/usr/local/lib/python3.12/logging/__init__.py", line 1684, in _log
    self.handle(record)
  File "/usr/local/lib/python3.12/logging/__init__.py", line 1700, in handle
    self.callHandlers(record)
  File "/usr/local/lib/python3.12/logging/__init__.py", line 1762, in callHandlers
    hdlr.handle(record)
  File "/usr/local/lib/python3.12/logging/__init__.py", line 1028, in handle
    self.emit(record)
  File "/home/airflow/.local/lib/python3.12/site-packages/airflow/utils/log/file_processor_handler.py", line 76, in emit
    self.handler.emit(record)
  File "/usr/local/lib/python3.12/logging/__init__.py", line 1280, in emit
    StreamHandler.emit(self, record)
  File "/usr/local/lib/python3.12/logging/__init__.py", line 1168, in emit
    self.handleError(record)
  File "/usr/local/lib/python3.12/logging/__init__.py", line 1081, in handleError
    sys.stderr.write('--- Logging error ---\n')
  File "/home/airflow/.local/lib/python3.12/site-packages/airflow/utils/log/logging_mixin.py", line 202, in write
    self.flush()
  File "/home/airflow/.local/lib/python3.12/site-packages/airflow/utils/log/logging_mixin.py", line 209, in flush
    self._propagate_log(buf)
  File "/home/airflow/.local/lib/python3.12/site-packages/airflow/utils/log/logging_mixin.py", line 190, in _propagate_log
    self.logger.log(self.level, remove_escape_codes(message))
  File "/usr/local/lib/python3.12/logging/__init__.py", line 1609, in log
    self._log(level, msg, args, **kwargs)
  File "/usr/local/lib/python3.12/logging/__init__.py", line 1684, in _log
    self.handle(record)
  File "/usr/local/lib/python3.12/logging/__init__.py", line 1700, in handle
    self.callHandlers(record)
  File "/usr/local/lib/python3.12/logging/__init__.py", line 1762, in callHandlers
    hdlr.handle(record)
  File "/usr/local/lib/python3.12/logging/__init__.py", line 1028, in handle
    self.emit(record)
  File "/home/airflow/.local/lib/python3.12/site-packages/airflow/utils/log/file_processor_handler.py", line 76, in emit
    self.handler.emit(record)
  File "/usr/local/lib/python3.12/logging/__init__.py", line 1280, in emit
    StreamHandler.emit(self, record)
  File "/usr/local/lib/python3.12/logging/__init__.py", line 1168, in emit
    self.handleError(record)
  File "/usr/local/lib/python3.12/logging/__init__.py", line 1081, in handleError
    sys.stderr.write('--- Logging error ---\n')
  File "/home/airflow/.local/lib/python3.12/site-packages/airflow/utils/log/logging_mixin.py", line 202, in write
    self.flush()
  File "/home/airflow/.local/lib/python3.12/site-packages/airflow/utils/log/logging_mixin.py", line 209, in flush
    self._propagate_log(buf)
  File "/home/airflow/.local/lib/python3.12/site-packages/airflow/utils/log/logging_mixin.py", line 190, in _propagate_log
    self.logger.log(self.level, remove_escape_codes(message))
  File "/usr/local/lib/python3.12/logging/__init__.py", line 1609, in log
    self._log(level, msg, args, **kwargs)
  File "/usr/local/lib/python3.12/logging/__init__.py", line 1684, in _log
    self.handle(record)
  File "/usr/local/lib/python3.12/logging/__init__.py", line 1700, in handle
    self.callHandlers(record)
  File "/usr/local/lib/python3.12/logging/__init__.py", line 1762, in callHandlers
    hdlr.handle(record)
  File "/usr/local/lib/python3.12/logging/__init__.py", line 1028, in handle
    self.emit(record)
  File "/home/airflow/.local/lib/python3.12/site-packages/airflow/utils/log/file_processor_handler.py", line 76, in emit
    self.handler.emit(record)
  File "/usr/local/lib/python3.12/logging/__init__.py", line 1280, in emit
    StreamHandler.emit(self, record)
  File "/usr/local/lib/python3.12/logging/__init__.py", line 1168, in emit
    self.handleError(record)
  File "/usr/local/lib/python3.12/logging/__init__.py", line 1081, in handleError
    sys.stderr.write('--- Logging error ---\n')
  File "/home/airflow/.local/lib/python3.12/site-packages/airflow/utils/log/logging_mixin.py", line 202, in write
    self.flush()
  File "/home/airflow/.local/lib/python3.12/site-packages/airflow/utils/log/logging_mixin.py", line 209, in flush
    self._propagate_log(buf)
  File "/home/airflow/.local/lib/python3.12/site-packages/airflow/utils/log/logging_mixin.py", line 190, in _propagate_log
    self.logger.log(self.level, remove_escape_codes(message))
  File "/usr/local/lib/python3.12/logging/__init__.py", line 1609, in log
    self._log(level, msg, args, **kwargs)
  File "/usr/local/lib/python3.12/logging/__init__.py", line 1684, in _log
    self.handle(record)
  File "/usr/local/lib/python3.12/logging/__init__.py", line 1700, in handle
    self.callHandlers(record)
  File "/usr/local/lib/python3.12/logging/__init__.py", line 1762, in callHandlers
    hdlr.handle(record)
  File "/usr/local/lib/python3.12/logging/__init__.py", line 1028, in handle
    self.emit(record)
  File "/home/airflow/.local/lib/python3.12/site-packages/airflow/utils/log/file_processor_handler.py", line 76, in emit
    self.handler.emit(record)
  File "/usr/local/lib/python3.12/logging/__init__.py", line 1280, in emit
    StreamHandler.emit(self, record)
  File "/usr/local/lib/python3.12/logging/__init__.py", line 1168, in emit
    self.handleError(record)
  File "/usr/local/lib/python3.12/logging/__init__.py", line 1081, in handleError
    sys.stderr.write('--- Logging error ---\n')
  File "/home/airflow/.local/lib/python3.12/site-packages/airflow/utils/log/logging_mixin.py", line 202, in write
    self.flush()
  File "/home/airflow/.local/lib/python3.12/site-packages/airflow/utils/log/logging_mixin.py", line 209, in flush
    self._propagate_log(buf)
  File "/home/airflow/.local/lib/python3.12/site-packages/airflow/utils/log/logging_mixin.py", line 190, in _propagate_log
    self.logger.log(self.level, remove_escape_codes(message))
  File "/usr/local/lib/python3.12/logging/__init__.py", line 1609, in log
    self._log(level, msg, args, **kwargs)
  File "/usr/local/lib/python3.12/logging/__init__.py", line 1684, in _log
    self.handle(record)
  File "/usr/local/lib/python3.12/logging/__init__.py", line 1700, in handle
    self.callHandlers(record)
  File "/usr/local/lib/python3.12/logging/__init__.py", line 1762, in callHandlers
    hdlr.handle(record)
  File "/usr/local/lib/python3.12/logging/__init__.py", line 1028, in handle
    self.emit(record)
  File "/home/airflow/.local/lib/python3.12/site-packages/airflow/utils/log/file_processor_handler.py", line 76, in emit
    self.handler.emit(record)
  File "/usr/local/lib/python3.12/logging/__init__.py", line 1280, in emit
    StreamHandler.emit(self, record)
  File "/usr/local/lib/python3.12/logging/__init__.py", line 1168, in emit
    self.handleError(record)
  File "/usr/local/lib/python3.12/logging/__init__.py", line 1081, in handleError
    sys.stderr.write('--- Logging error ---\n')
  File "/home/airflow/.local/lib/python3.12/site-packages/airflow/utils/log/logging_mixin.py", line 202, in write
    self.flush()
  File "/home/airflow/.local/lib/python3.12/site-packages/airflow/utils/log/logging_mixin.py", line 209, in flush
    self._propagate_log(buf)
  File "/home/airflow/.local/lib/python3.12/site-packages/airflow/utils/log/logging_mixin.py", line 190, in _propagate_log
    self.logger.log(self.level, remove_escape_codes(message))
  File "/usr/local/lib/python3.12/logging/__init__.py", line 1609, in log
    self._log(level, msg, args, **kwargs)
  File "/usr/local/lib/python3.12/logging/__init__.py", line 1684, in _log
    self.handle(record)
  File "/usr/local/lib/python3.12/logging/__init__.py", line 1700, in handle
    self.callHandlers(record)
  File "/usr/local/lib/python3.12/logging/__init__.py", line 1762, in callHandlers
    hdlr.handle(record)
  File "/usr/local/lib/python3.12/logging/__init__.py", line 1028, in handle
    self.emit(record)
  File "/home/airflow/.local/lib/python3.12/site-packages/airflow/utils/log/file_processor_handler.py", line 76, in emit
    self.handler.emit(record)
  File "/usr/local/lib/python3.12/logging/__init__.py", line 1280, in emit
    StreamHandler.emit(self, record)
  File "/usr/local/lib/python3.12/logging/__init__.py", line 1168, in emit
    self.handleError(record)
  File "/usr/local/lib/python3.12/logging/__init__.py", line 1081, in handleError
    sys.stderr.write('--- Logging error ---\n')
  File "/home/airflow/.local/lib/python3.12/site-packages/airflow/utils/log/logging_mixin.py", line 202, in write
    self.flush()
  File "/home/airflow/.local/lib/python3.12/site-packages/airflow/utils/log/logging_mixin.py", line 209, in flush
    self._propagate_log(buf)
  File "/home/airflow/.local/lib/python3.12/site-packages/airflow/utils/log/logging_mixin.py", line 190, in _propagate_log
    self.logger.log(self.level, remove_escape_codes(message))
  File "/usr/local/lib/python3.12/logging/__init__.py", line 1609, in log
    self._log(level, msg, args, **kwargs)
  File "/usr/local/lib/python3.12/logging/__init__.py", line 1684, in _log
    self.handle(record)
  File "/usr/local/lib/python3.12/logging/__init__.py", line 1700, in handle
    self.callHandlers(record)
  File "/usr/local/lib/python3.12/logging/__init__.py", line 1762, in callHandlers
    hdlr.handle(record)
  File "/usr/local/lib/python3.12/logging/__init__.py", line 1028, in handle
    self.emit(record)
  File "/home/airflow/.local/lib/python3.12/site-packages/airflow/utils/log/file_processor_handler.py", line 76, in emit
    self.handler.emit(record)
  File "/usr/local/lib/python3.12/logging/__init__.py", line 1280, in emit
    StreamHandler.emit(self, record)
  File "/usr/local/lib/python3.12/logging/__init__.py", line 1168, in emit
    self.handleError(record)
  File "/usr/local/lib/python3.12/logging/__init__.py", line 1081, in handleError
    sys.stderr.write('--- Logging error ---\n')
  File "/home/airflow/.local/lib/python3.12/site-packages/airflow/utils/log/logging_mixin.py", line 202, in write
    self.flush()
  File "/home/airflow/.local/lib/python3.12/site-packages/airflow/utils/log/logging_mixin.py", line 209, in flush
    self._propagate_log(buf)
  File "/home/airflow/.local/lib/python3.12/site-packages/airflow/utils/log/logging_mixin.py", line 190, in _propagate_log
    self.logger.log(self.level, remove_escape_codes(message))
  File "/usr/local/lib/python3.12/logging/__init__.py", line 1609, in log
    self._log(level, msg, args, **kwargs)
  File "/usr/local/lib/python3.12/logging/__init__.py", line 1684, in _log
    self.handle(record)
  File "/usr/local/lib/python3.12/logging/__init__.py", line 1700, in handle
    self.callHandlers(record)
  File "/usr/local/lib/python3.12/logging/__init__.py", line 1762, in callHandlers
    hdlr.handle(record)
  File "/usr/local/lib/python3.12/logging/__init__.py", line 1028, in handle
    self.emit(record)
  File "/home/airflow/.local/lib/python3.12/site-packages/airflow/utils/log/file_processor_handler.py", line 76, in emit
    self.handler.emit(record)
  File "/usr/local/lib/python3.12/logging/__init__.py", line 1280, in emit
    StreamHandler.emit(self, record)
  File "/usr/local/lib/python3.12/logging/__init__.py", line 1168, in emit
    self.handleError(record)
  File "/usr/local/lib/python3.12/logging/__init__.py", line 1081, in handleError
    sys.stderr.write('--- Logging error ---\n')
  File "/home/airflow/.local/lib/python3.12/site-packages/airflow/utils/log/logging_mixin.py", line 202, in write
    self.flush()
  File "/home/airflow/.local/lib/python3.12/site-packages/airflow/utils/log/logging_mixin.py", line 209, in flush
    self._propagate_log(buf)
  File "/home/airflow/.local/lib/python3.12/site-packages/airflow/utils/log/logging_mixin.py", line 190, in _propagate_log
    self.logger.log(self.level, remove_escape_codes(message))
  File "/usr/local/lib/python3.12/logging/__init__.py", line 1609, in log
    self._log(level, msg, args, **kwargs)
  File "/usr/local/lib/python3.12/logging/__init__.py", line 1684, in _log
    self.handle(record)
  File "/usr/local/lib/python3.12/logging/__init__.py", line 1700, in handle
    self.callHandlers(record)
  File "/usr/local/lib/python3.12/logging/__init__.py", line 1762, in callHandlers
    hdlr.handle(record)
  File "/usr/local/lib/python3.12/logging/__init__.py", line 1028, in handle
    self.emit(record)
  File "/home/airflow/.local/lib/python3.12/site-packages/airflow/utils/log/file_processor_handler.py", line 76, in emit
    self.handler.emit(record)
  File "/usr/local/lib/python3.12/logging/__init__.py", line 1280, in emit
    StreamHandler.emit(self, record)
  File "/usr/local/lib/python3.12/logging/__init__.py", line 1168, in emit
    self.handleError(record)
  File "/usr/local/lib/python3.12/logging/__init__.py", line 1081, in handleError
    sys.stderr.write('--- Logging error ---\n')
  File "/home/airflow/.local/lib/python3.12/site-packages/airflow/utils/log/logging_mixin.py", line 202, in write
    self.flush()
  File "/home/airflow/.local/lib/python3.12/site-packages/airflow/utils/log/logging_mixin.py", line 209, in flush
    self._propagate_log(buf)
  File "/home/airflow/.local/lib/python3.12/site-packages/airflow/utils/log/logging_mixin.py", line 190, in _propagate_log
    self.logger.log(self.level, remove_escape_codes(message))
  File "/usr/local/lib/python3.12/logging/__init__.py", line 1609, in log
    self._log(level, msg, args, **kwargs)
  File "/usr/local/lib/python3.12/logging/__init__.py", line 1684, in _log
    self.handle(record)
  File "/usr/local/lib/python3.12/logging/__init__.py", line 1700, in handle
    self.callHandlers(record)
  File "/usr/local/lib/python3.12/logging/__init__.py", line 1762, in callHandlers
    hdlr.handle(record)
  File "/usr/local/lib/python3.12/logging/__init__.py", line 1028, in handle
    self.emit(record)
  File "/home/airflow/.local/lib/python3.12/site-packages/airflow/utils/log/file_processor_handler.py", line 76, in emit
    self.handler.emit(record)
  File "/usr/local/lib/python3.12/logging/__init__.py", line 1280, in emit
    StreamHandler.emit(self, record)
  File "/usr/local/lib/python3.12/logging/__init__.py", line 1168, in emit
    self.handleError(record)
  File "/usr/local/lib/python3.12/logging/__init__.py", line 1081, in handleError
    sys.stderr.write('--- Logging error ---\n')
  File "/home/airflow/.local/lib/python3.12/site-packages/airflow/utils/log/logging_mixin.py", line 202, in write
    self.flush()
  File "/home/airflow/.local/lib/python3.12/site-packages/airflow/utils/log/logging_mixin.py", line 209, in flush
    self._propagate_log(buf)
  File "/home/airflow/.local/lib/python3.12/site-packages/airflow/utils/log/logging_mixin.py", line 190, in _propagate_log
    self.logger.log(self.level, remove_escape_codes(message))
  File "/usr/local/lib/python3.12/logging/__init__.py", line 1609, in log
    self._log(level, msg, args, **kwargs)
  File "/usr/local/lib/python3.12/logging/__init__.py", line 1684, in _log
    self.handle(record)
  File "/usr/local/lib/python3.12/logging/__init__.py", line 1700, in handle
    self.callHandlers(record)
  File "/usr/local/lib/python3.12/logging/__init__.py", line 1762, in callHandlers
    hdlr.handle(record)
  File "/usr/local/lib/python3.12/logging/__init__.py", line 1028, in handle
    self.emit(record)
  File "/home/airflow/.local/lib/python3.12/site-packages/airflow/utils/log/file_processor_handler.py", line 76, in emit
    self.handler.emit(record)
  File "/usr/local/lib/python3.12/logging/__init__.py", line 1280, in emit
    StreamHandler.emit(self, record)
  File "/usr/local/lib/python3.12/logging/__init__.py", line 1168, in emit
    self.handleError(record)
  File "/usr/local/lib/python3.12/logging/__init__.py", line 1081, in handleError
    sys.stderr.write('--- Logging error ---\n')
  File "/home/airflow/.local/lib/python3.12/site-packages/airflow/utils/log/logging_mixin.py", line 202, in write
    self.flush()
  File "/home/airflow/.local/lib/python3.12/site-packages/airflow/utils/log/logging_mixin.py", line 209, in flush
    self._propagate_log(buf)
  File "/home/airflow/.local/lib/python3.12/site-packages/airflow/utils/log/logging_mixin.py", line 190, in _propagate_log
    self.logger.log(self.level, remove_escape_codes(message))
  File "/usr/local/lib/python3.12/logging/__init__.py", line 1609, in log
    self._log(level, msg, args, **kwargs)
  File "/usr/local/lib/python3.12/logging/__init__.py", line 1684, in _log
    self.handle(record)
  File "/usr/local/lib/python3.12/logging/__init__.py", line 1700, in handle
    self.callHandlers(record)
  File "/usr/local/lib/python3.12/logging/__init__.py", line 1762, in callHandlers
    hdlr.handle(record)
  File "/usr/local/lib/python3.12/logging/__init__.py", line 1028, in handle
    self.emit(record)
  File "/home/airflow/.local/lib/python3.12/site-packages/airflow/utils/log/file_processor_handler.py", line 76, in emit
    self.handler.emit(record)
  File "/usr/local/lib/python3.12/logging/__init__.py", line 1280, in emit
    StreamHandler.emit(self, record)
  File "/usr/local/lib/python3.12/logging/__init__.py", line 1168, in emit
    self.handleError(record)
  File "/usr/local/lib/python3.12/logging/__init__.py", line 1081, in handleError
    sys.stderr.write('--- Logging error ---\n')
  File "/home/airflow/.local/lib/python3.12/site-packages/airflow/utils/log/logging_mixin.py", line 202, in write
    self.flush()
  File "/home/airflow/.local/lib/python3.12/site-packages/airflow/utils/log/logging_mixin.py", line 209, in flush
    self._propagate_log(buf)
  File "/home/airflow/.local/lib/python3.12/site-packages/airflow/utils/log/logging_mixin.py", line 190, in _propagate_log
    self.logger.log(self.level, remove_escape_codes(message))
  File "/usr/local/lib/python3.12/logging/__init__.py", line 1609, in log
    self._log(level, msg, args, **kwargs)
  File "/usr/local/lib/python3.12/logging/__init__.py", line 1684, in _log
    self.handle(record)
  File "/usr/local/lib/python3.12/logging/__init__.py", line 1700, in handle
    self.callHandlers(record)
  File "/usr/local/lib/python3.12/logging/__init__.py", line 1762, in callHandlers
    hdlr.handle(record)
  File "/usr/local/lib/python3.12/logging/__init__.py", line 1028, in handle
    self.emit(record)
  File "/home/airflow/.local/lib/python3.12/site-packages/airflow/utils/log/file_processor_handler.py", line 76, in emit
    self.handler.emit(record)
  File "/usr/local/lib/python3.12/logging/__init__.py", line 1280, in emit
    StreamHandler.emit(self, record)
  File "/usr/local/lib/python3.12/logging/__init__.py", line 1168, in emit
    self.handleError(record)
  File "/usr/local/lib/python3.12/logging/__init__.py", line 1081, in handleError
    sys.stderr.write('--- Logging error ---\n')
  File "/home/airflow/.local/lib/python3.12/site-packages/airflow/utils/log/logging_mixin.py", line 202, in write
    self.flush()
  File "/home/airflow/.local/lib/python3.12/site-packages/airflow/utils/log/logging_mixin.py", line 209, in flush
    self._propagate_log(buf)
  File "/home/airflow/.local/lib/python3.12/site-packages/airflow/utils/log/logging_mixin.py", line 190, in _propagate_log
    self.logger.log(self.level, remove_escape_codes(message))
  File "/usr/local/lib/python3.12/logging/__init__.py", line 1609, in log
    self._log(level, msg, args, **kwargs)
  File "/usr/local/lib/python3.12/logging/__init__.py", line 1684, in _log
    self.handle(record)
  File "/usr/local/lib/python3.12/logging/__init__.py", line 1700, in handle
    self.callHandlers(record)
  File "/usr/local/lib/python3.12/logging/__init__.py", line 1762, in callHandlers
    hdlr.handle(record)
  File "/usr/local/lib/python3.12/logging/__init__.py", line 1028, in handle
    self.emit(record)
  File "/home/airflow/.local/lib/python3.12/site-packages/airflow/utils/log/file_processor_handler.py", line 76, in emit
    self.handler.emit(record)
  File "/usr/local/lib/python3.12/logging/__init__.py", line 1280, in emit
    StreamHandler.emit(self, record)
  File "/usr/local/lib/python3.12/logging/__init__.py", line 1168, in emit
    self.handleError(record)
  File "/usr/local/lib/python3.12/logging/__init__.py", line 1081, in handleError
    sys.stderr.write('--- Logging error ---\n')
  File "/home/airflow/.local/lib/python3.12/site-packages/airflow/utils/log/logging_mixin.py", line 202, in write
    self.flush()
  File "/home/airflow/.local/lib/python3.12/site-packages/airflow/utils/log/logging_mixin.py", line 209, in flush
    self._propagate_log(buf)
  File "/home/airflow/.local/lib/python3.12/site-packages/airflow/utils/log/logging_mixin.py", line 190, in _propagate_log
    self.logger.log(self.level, remove_escape_codes(message))
  File "/usr/local/lib/python3.12/logging/__init__.py", line 1609, in log
    self._log(level, msg, args, **kwargs)
  File "/usr/local/lib/python3.12/logging/__init__.py", line 1684, in _log
    self.handle(record)
  File "/usr/local/lib/python3.12/logging/__init__.py", line 1700, in handle
    self.callHandlers(record)
  File "/usr/local/lib/python3.12/logging/__init__.py", line 1762, in callHandlers
    hdlr.handle(record)
  File "/usr/local/lib/python3.12/logging/__init__.py", line 1028, in handle
    self.emit(record)
  File "/home/airflow/.local/lib/python3.12/site-packages/airflow/utils/log/file_processor_handler.py", line 76, in emit
    self.handler.emit(record)
  File "/usr/local/lib/python3.12/logging/__init__.py", line 1280, in emit
    StreamHandler.emit(self, record)
  File "/usr/local/lib/python3.12/logging/__init__.py", line 1168, in emit
    self.handleError(record)
  File "/usr/local/lib/python3.12/logging/__init__.py", line 1081, in handleError
    sys.stderr.write('--- Logging error ---\n')
  File "/home/airflow/.local/lib/python3.12/site-packages/airflow/utils/log/logging_mixin.py", line 202, in write
    self.flush()
  File "/home/airflow/.local/lib/python3.12/site-packages/airflow/utils/log/logging_mixin.py", line 209, in flush
    self._propagate_log(buf)
  File "/home/airflow/.local/lib/python3.12/site-packages/airflow/utils/log/logging_mixin.py", line 190, in _propagate_log
    self.logger.log(self.level, remove_escape_codes(message))
  File "/usr/local/lib/python3.12/logging/__init__.py", line 1609, in log
    self._log(level, msg, args, **kwargs)
  File "/usr/local/lib/python3.12/logging/__init__.py", line 1684, in _log
    self.handle(record)
  File "/usr/local/lib/python3.12/logging/__init__.py", line 1700, in handle
    self.callHandlers(record)
  File "/usr/local/lib/python3.12/logging/__init__.py", line 1762, in callHandlers
    hdlr.handle(record)
  File "/usr/local/lib/python3.12/logging/__init__.py", line 1028, in handle
    self.emit(record)
  File "/home/airflow/.local/lib/python3.12/site-packages/airflow/utils/log/file_processor_handler.py", line 76, in emit
    self.handler.emit(record)
  File "/usr/local/lib/python3.12/logging/__init__.py", line 1280, in emit
    StreamHandler.emit(self, record)
  File "/usr/local/lib/python3.12/logging/__init__.py", line 1168, in emit
    self.handleError(record)
  File "/usr/local/lib/python3.12/logging/__init__.py", line 1081, in handleError
    sys.stderr.write('--- Logging error ---\n')
  File "/home/airflow/.local/lib/python3.12/site-packages/airflow/utils/log/logging_mixin.py", line 202, in write
    self.flush()
  File "/home/airflow/.local/lib/python3.12/site-packages/airflow/utils/log/logging_mixin.py", line 209, in flush
    self._propagate_log(buf)
  File "/home/airflow/.local/lib/python3.12/site-packages/airflow/utils/log/logging_mixin.py", line 190, in _propagate_log
    self.logger.log(self.level, remove_escape_codes(message))
  File "/usr/local/lib/python3.12/logging/__init__.py", line 1609, in log
    self._log(level, msg, args, **kwargs)
  File "/usr/local/lib/python3.12/logging/__init__.py", line 1684, in _log
    self.handle(record)
  File "/usr/local/lib/python3.12/logging/__init__.py", line 1700, in handle
    self.callHandlers(record)
  File "/usr/local/lib/python3.12/logging/__init__.py", line 1762, in callHandlers
    hdlr.handle(record)
  File "/usr/local/lib/python3.12/logging/__init__.py", line 1028, in handle
    self.emit(record)
  File "/home/airflow/.local/lib/python3.12/site-packages/airflow/utils/log/file_processor_handler.py", line 76, in emit
    self.handler.emit(record)
  File "/usr/local/lib/python3.12/logging/__init__.py", line 1280, in emit
    StreamHandler.emit(self, record)
  File "/usr/local/lib/python3.12/logging/__init__.py", line 1168, in emit
    self.handleError(record)
  File "/usr/local/lib/python3.12/logging/__init__.py", line 1081, in handleError
    sys.stderr.write('--- Logging error ---\n')
  File "/home/airflow/.local/lib/python3.12/site-packages/airflow/utils/log/logging_mixin.py", line 202, in write
    self.flush()
  File "/home/airflow/.local/lib/python3.12/site-packages/airflow/utils/log/logging_mixin.py", line 209, in flush
    self._propagate_log(buf)
  File "/home/airflow/.local/lib/python3.12/site-packages/airflow/utils/log/logging_mixin.py", line 190, in _propagate_log
    self.logger.log(self.level, remove_escape_codes(message))
  File "/usr/local/lib/python3.12/logging/__init__.py", line 1609, in log
    self._log(level, msg, args, **kwargs)
  File "/usr/local/lib/python3.12/logging/__init__.py", line 1684, in _log
    self.handle(record)
  File "/usr/local/lib/python3.12/logging/__init__.py", line 1700, in handle
    self.callHandlers(record)
  File "/usr/local/lib/python3.12/logging/__init__.py", line 1762, in callHandlers
    hdlr.handle(record)
  File "/usr/local/lib/python3.12/logging/__init__.py", line 1028, in handle
    self.emit(record)
  File "/home/airflow/.local/lib/python3.12/site-packages/airflow/utils/log/file_processor_handler.py", line 76, in emit
    self.handler.emit(record)
  File "/usr/local/lib/python3.12/logging/__init__.py", line 1280, in emit
    StreamHandler.emit(self, record)
  File "/usr/local/lib/python3.12/logging/__init__.py", line 1168, in emit
    self.handleError(record)
  File "/usr/local/lib/python3.12/logging/__init__.py", line 1081, in handleError
    sys.stderr.write('--- Logging error ---\n')
  File "/home/airflow/.local/lib/python3.12/site-packages/airflow/utils/log/logging_mixin.py", line 202, in write
    self.flush()
  File "/home/airflow/.local/lib/python3.12/site-packages/airflow/utils/log/logging_mixin.py", line 209, in flush
    self._propagate_log(buf)
  File "/home/airflow/.local/lib/python3.12/site-packages/airflow/utils/log/logging_mixin.py", line 190, in _propagate_log
    self.logger.log(self.level, remove_escape_codes(message))
  File "/usr/local/lib/python3.12/logging/__init__.py", line 1609, in log
    self._log(level, msg, args, **kwargs)
  File "/usr/local/lib/python3.12/logging/__init__.py", line 1684, in _log
    self.handle(record)
  File "/usr/local/lib/python3.12/logging/__init__.py", line 1700, in handle
    self.callHandlers(record)
  File "/usr/local/lib/python3.12/logging/__init__.py", line 1762, in callHandlers
    hdlr.handle(record)
  File "/usr/local/lib/python3.12/logging/__init__.py", line 1028, in handle
    self.emit(record)
  File "/home/airflow/.local/lib/python3.12/site-packages/airflow/utils/log/file_processor_handler.py", line 76, in emit
    self.handler.emit(record)
  File "/usr/local/lib/python3.12/logging/__init__.py", line 1280, in emit
    StreamHandler.emit(self, record)
  File "/usr/local/lib/python3.12/logging/__init__.py", line 1168, in emit
    self.handleError(record)
  File "/usr/local/lib/python3.12/logging/__init__.py", line 1081, in handleError
    sys.stderr.write('--- Logging error ---\n')
  File "/home/airflow/.local/lib/python3.12/site-packages/airflow/utils/log/logging_mixin.py", line 202, in write
    self.flush()
  File "/home/airflow/.local/lib/python3.12/site-packages/airflow/utils/log/logging_mixin.py", line 209, in flush
    self._propagate_log(buf)
  File "/home/airflow/.local/lib/python3.12/site-packages/airflow/utils/log/logging_mixin.py", line 190, in _propagate_log
    self.logger.log(self.level, remove_escape_codes(message))
  File "/usr/local/lib/python3.12/logging/__init__.py", line 1609, in log
    self._log(level, msg, args, **kwargs)
  File "/usr/local/lib/python3.12/logging/__init__.py", line 1684, in _log
    self.handle(record)
  File "/usr/local/lib/python3.12/logging/__init__.py", line 1700, in handle
    self.callHandlers(record)
  File "/usr/local/lib/python3.12/logging/__init__.py", line 1762, in callHandlers
    hdlr.handle(record)
  File "/usr/local/lib/python3.12/logging/__init__.py", line 1028, in handle
    self.emit(record)
  File "/home/airflow/.local/lib/python3.12/site-packages/airflow/utils/log/file_processor_handler.py", line 76, in emit
    self.handler.emit(record)
  File "/usr/local/lib/python3.12/logging/__init__.py", line 1280, in emit
    StreamHandler.emit(self, record)
  File "/usr/local/lib/python3.12/logging/__init__.py", line 1168, in emit
    self.handleError(record)
  File "/usr/local/lib/python3.12/logging/__init__.py", line 1081, in handleError
    sys.stderr.write('--- Logging error ---\n')
  File "/home/airflow/.local/lib/python3.12/site-packages/airflow/utils/log/logging_mixin.py", line 202, in write
    self.flush()
  File "/home/airflow/.local/lib/python3.12/site-packages/airflow/utils/log/logging_mixin.py", line 209, in flush
    self._propagate_log(buf)
  File "/home/airflow/.local/lib/python3.12/site-packages/airflow/utils/log/logging_mixin.py", line 190, in _propagate_log
    self.logger.log(self.level, remove_escape_codes(message))
  File "/usr/local/lib/python3.12/logging/__init__.py", line 1609, in log
    self._log(level, msg, args, **kwargs)
  File "/usr/local/lib/python3.12/logging/__init__.py", line 1684, in _log
    self.handle(record)
  File "/usr/local/lib/python3.12/logging/__init__.py", line 1700, in handle
    self.callHandlers(record)
  File "/usr/local/lib/python3.12/logging/__init__.py", line 1762, in callHandlers
    hdlr.handle(record)
  File "/usr/local/lib/python3.12/logging/__init__.py", line 1028, in handle
    self.emit(record)
  File "/home/airflow/.local/lib/python3.12/site-packages/airflow/utils/log/file_processor_handler.py", line 76, in emit
    self.handler.emit(record)
  File "/usr/local/lib/python3.12/logging/__init__.py", line 1280, in emit
    StreamHandler.emit(self, record)
  File "/usr/local/lib/python3.12/logging/__init__.py", line 1168, in emit
    self.handleError(record)
  File "/usr/local/lib/python3.12/logging/__init__.py", line 1081, in handleError
    sys.stderr.write('--- Logging error ---\n')
  File "/home/airflow/.local/lib/python3.12/site-packages/airflow/utils/log/logging_mixin.py", line 202, in write
    self.flush()
  File "/home/airflow/.local/lib/python3.12/site-packages/airflow/utils/log/logging_mixin.py", line 209, in flush
    self._propagate_log(buf)
  File "/home/airflow/.local/lib/python3.12/site-packages/airflow/utils/log/logging_mixin.py", line 190, in _propagate_log
    self.logger.log(self.level, remove_escape_codes(message))
  File "/usr/local/lib/python3.12/logging/__init__.py", line 1609, in log
    self._log(level, msg, args, **kwargs)
  File "/usr/local/lib/python3.12/logging/__init__.py", line 1684, in _log
    self.handle(record)
  File "/usr/local/lib/python3.12/logging/__init__.py", line 1700, in handle
    self.callHandlers(record)
  File "/usr/local/lib/python3.12/logging/__init__.py", line 1762, in callHandlers
    hdlr.handle(record)
  File "/usr/local/lib/python3.12/logging/__init__.py", line 1028, in handle
    self.emit(record)
  File "/home/airflow/.local/lib/python3.12/site-packages/airflow/utils/log/file_processor_handler.py", line 76, in emit
    self.handler.emit(record)
  File "/usr/local/lib/python3.12/logging/__init__.py", line 1280, in emit
    StreamHandler.emit(self, record)
  File "/usr/local/lib/python3.12/logging/__init__.py", line 1168, in emit
    self.handleError(record)
  File "/usr/local/lib/python3.12/logging/__init__.py", line 1081, in handleError
    sys.stderr.write('--- Logging error ---\n')
  File "/home/airflow/.local/lib/python3.12/site-packages/airflow/utils/log/logging_mixin.py", line 202, in write
    self.flush()
  File "/home/airflow/.local/lib/python3.12/site-packages/airflow/utils/log/logging_mixin.py", line 209, in flush
    self._propagate_log(buf)
  File "/home/airflow/.local/lib/python3.12/site-packages/airflow/utils/log/logging_mixin.py", line 190, in _propagate_log
    self.logger.log(self.level, remove_escape_codes(message))
  File "/usr/local/lib/python3.12/logging/__init__.py", line 1609, in log
    self._log(level, msg, args, **kwargs)
  File "/usr/local/lib/python3.12/logging/__init__.py", line 1684, in _log
    self.handle(record)
  File "/usr/local/lib/python3.12/logging/__init__.py", line 1700, in handle
    self.callHandlers(record)
  File "/usr/local/lib/python3.12/logging/__init__.py", line 1762, in callHandlers
    hdlr.handle(record)
  File "/usr/local/lib/python3.12/logging/__init__.py", line 1028, in handle
    self.emit(record)
  File "/home/airflow/.local/lib/python3.12/site-packages/airflow/utils/log/file_processor_handler.py", line 76, in emit
    self.handler.emit(record)
  File "/usr/local/lib/python3.12/logging/__init__.py", line 1280, in emit
    StreamHandler.emit(self, record)
  File "/usr/local/lib/python3.12/logging/__init__.py", line 1168, in emit
    self.handleError(record)
  File "/usr/local/lib/python3.12/logging/__init__.py", line 1081, in handleError
    sys.stderr.write('--- Logging error ---\n')
  File "/home/airflow/.local/lib/python3.12/site-packages/airflow/utils/log/logging_mixin.py", line 202, in write
    self.flush()
  File "/home/airflow/.local/lib/python3.12/site-packages/airflow/utils/log/logging_mixin.py", line 209, in flush
    self._propagate_log(buf)
  File "/home/airflow/.local/lib/python3.12/site-packages/airflow/utils/log/logging_mixin.py", line 190, in _propagate_log
    self.logger.log(self.level, remove_escape_codes(message))
  File "/usr/local/lib/python3.12/logging/__init__.py", line 1609, in log
    self._log(level, msg, args, **kwargs)
  File "/usr/local/lib/python3.12/logging/__init__.py", line 1684, in _log
    self.handle(record)
  File "/usr/local/lib/python3.12/logging/__init__.py", line 1700, in handle
    self.callHandlers(record)
  File "/usr/local/lib/python3.12/logging/__init__.py", line 1762, in callHandlers
    hdlr.handle(record)
  File "/usr/local/lib/python3.12/logging/__init__.py", line 1028, in handle
    self.emit(record)
  File "/home/airflow/.local/lib/python3.12/site-packages/airflow/utils/log/file_processor_handler.py", line 76, in emit
    self.handler.emit(record)
  File "/usr/local/lib/python3.12/logging/__init__.py", line 1280, in emit
    StreamHandler.emit(self, record)
  File "/usr/local/lib/python3.12/logging/__init__.py", line 1168, in emit
    self.handleError(record)
  File "/usr/local/lib/python3.12/logging/__init__.py", line 1081, in handleError
    sys.stderr.write('--- Logging error ---\n')
  File "/home/airflow/.local/lib/python3.12/site-packages/airflow/utils/log/logging_mixin.py", line 202, in write
    self.flush()
  File "/home/airflow/.local/lib/python3.12/site-packages/airflow/utils/log/logging_mixin.py", line 209, in flush
    self._propagate_log(buf)
  File "/home/airflow/.local/lib/python3.12/site-packages/airflow/utils/log/logging_mixin.py", line 190, in _propagate_log
    self.logger.log(self.level, remove_escape_codes(message))
  File "/usr/local/lib/python3.12/logging/__init__.py", line 1609, in log
    self._log(level, msg, args, **kwargs)
  File "/usr/local/lib/python3.12/logging/__init__.py", line 1684, in _log
    self.handle(record)
  File "/usr/local/lib/python3.12/logging/__init__.py", line 1700, in handle
    self.callHandlers(record)
  File "/usr/local/lib/python3.12/logging/__init__.py", line 1762, in callHandlers
    hdlr.handle(record)
  File "/usr/local/lib/python3.12/logging/__init__.py", line 1028, in handle
    self.emit(record)
  File "/home/airflow/.local/lib/python3.12/site-packages/airflow/utils/log/file_processor_handler.py", line 76, in emit
    self.handler.emit(record)
  File "/usr/local/lib/python3.12/logging/__init__.py", line 1280, in emit
    StreamHandler.emit(self, record)
  File "/usr/local/lib/python3.12/logging/__init__.py", line 1168, in emit
    self.handleError(record)
  File "/usr/local/lib/python3.12/logging/__init__.py", line 1081, in handleError
    sys.stderr.write('--- Logging error ---\n')
  File "/home/airflow/.local/lib/python3.12/site-packages/airflow/utils/log/logging_mixin.py", line 202, in write
    self.flush()
  File "/home/airflow/.local/lib/python3.12/site-packages/airflow/utils/log/logging_mixin.py", line 209, in flush
    self._propagate_log(buf)
  File "/home/airflow/.local/lib/python3.12/site-packages/airflow/utils/log/logging_mixin.py", line 190, in _propagate_log
    self.logger.log(self.level, remove_escape_codes(message))
  File "/usr/local/lib/python3.12/logging/__init__.py", line 1609, in log
    self._log(level, msg, args, **kwargs)
  File "/usr/local/lib/python3.12/logging/__init__.py", line 1684, in _log
    self.handle(record)
  File "/usr/local/lib/python3.12/logging/__init__.py", line 1700, in handle
    self.callHandlers(record)
  File "/usr/local/lib/python3.12/logging/__init__.py", line 1762, in callHandlers
    hdlr.handle(record)
  File "/usr/local/lib/python3.12/logging/__init__.py", line 1028, in handle
    self.emit(record)
  File "/home/airflow/.local/lib/python3.12/site-packages/airflow/utils/log/file_processor_handler.py", line 76, in emit
    self.handler.emit(record)
  File "/usr/local/lib/python3.12/logging/__init__.py", line 1280, in emit
    StreamHandler.emit(self, record)
  File "/usr/local/lib/python3.12/logging/__init__.py", line 1168, in emit
    self.handleError(record)
  File "/usr/local/lib/python3.12/logging/__init__.py", line 1081, in handleError
    sys.stderr.write('--- Logging error ---\n')
  File "/home/airflow/.local/lib/python3.12/site-packages/airflow/utils/log/logging_mixin.py", line 202, in write
    self.flush()
  File "/home/airflow/.local/lib/python3.12/site-packages/airflow/utils/log/logging_mixin.py", line 209, in flush
    self._propagate_log(buf)
  File "/home/airflow/.local/lib/python3.12/site-packages/airflow/utils/log/logging_mixin.py", line 190, in _propagate_log
    self.logger.log(self.level, remove_escape_codes(message))
  File "/usr/local/lib/python3.12/logging/__init__.py", line 1609, in log
    self._log(level, msg, args, **kwargs)
  File "/usr/local/lib/python3.12/logging/__init__.py", line 1684, in _log
    self.handle(record)
  File "/usr/local/lib/python3.12/logging/__init__.py", line 1700, in handle
    self.callHandlers(record)
  File "/usr/local/lib/python3.12/logging/__init__.py", line 1762, in callHandlers
    hdlr.handle(record)
  File "/usr/local/lib/python3.12/logging/__init__.py", line 1028, in handle
    self.emit(record)
  File "/home/airflow/.local/lib/python3.12/site-packages/airflow/utils/log/file_processor_handler.py", line 76, in emit
    self.handler.emit(record)
  File "/usr/local/lib/python3.12/logging/__init__.py", line 1280, in emit
    StreamHandler.emit(self, record)
  File "/usr/local/lib/python3.12/logging/__init__.py", line 1168, in emit
    self.handleError(record)
  File "/usr/local/lib/python3.12/logging/__init__.py", line 1081, in handleError
    sys.stderr.write('--- Logging error ---\n')
  File "/home/airflow/.local/lib/python3.12/site-packages/airflow/utils/log/logging_mixin.py", line 202, in write
    self.flush()
  File "/home/airflow/.local/lib/python3.12/site-packages/airflow/utils/log/logging_mixin.py", line 209, in flush
    self._propagate_log(buf)
  File "/home/airflow/.local/lib/python3.12/site-packages/airflow/utils/log/logging_mixin.py", line 190, in _propagate_log
    self.logger.log(self.level, remove_escape_codes(message))
  File "/usr/local/lib/python3.12/logging/__init__.py", line 1609, in log
    self._log(level, msg, args, **kwargs)
  File "/usr/local/lib/python3.12/logging/__init__.py", line 1684, in _log
    self.handle(record)
  File "/usr/local/lib/python3.12/logging/__init__.py", line 1700, in handle
    self.callHandlers(record)
  File "/usr/local/lib/python3.12/logging/__init__.py", line 1762, in callHandlers
    hdlr.handle(record)
  File "/usr/local/lib/python3.12/logging/__init__.py", line 1028, in handle
    self.emit(record)
  File "/home/airflow/.local/lib/python3.12/site-packages/airflow/utils/log/file_processor_handler.py", line 76, in emit
    self.handler.emit(record)
  File "/usr/local/lib/python3.12/logging/__init__.py", line 1280, in emit
    StreamHandler.emit(self, record)
  File "/usr/local/lib/python3.12/logging/__init__.py", line 1168, in emit
    self.handleError(record)
  File "/usr/local/lib/python3.12/logging/__init__.py", line 1081, in handleError
    sys.stderr.write('--- Logging error ---\n')
  File "/home/airflow/.local/lib/python3.12/site-packages/airflow/utils/log/logging_mixin.py", line 202, in write
    self.flush()
  File "/home/airflow/.local/lib/python3.12/site-packages/airflow/utils/log/logging_mixin.py", line 209, in flush
    self._propagate_log(buf)
  File "/home/airflow/.local/lib/python3.12/site-packages/airflow/utils/log/logging_mixin.py", line 190, in _propagate_log
    self.logger.log(self.level, remove_escape_codes(message))
  File "/usr/local/lib/python3.12/logging/__init__.py", line 1609, in log
    self._log(level, msg, args, **kwargs)
  File "/usr/local/lib/python3.12/logging/__init__.py", line 1684, in _log
    self.handle(record)
  File "/usr/local/lib/python3.12/logging/__init__.py", line 1700, in handle
    self.callHandlers(record)
  File "/usr/local/lib/python3.12/logging/__init__.py", line 1762, in callHandlers
    hdlr.handle(record)
  File "/usr/local/lib/python3.12/logging/__init__.py", line 1028, in handle
    self.emit(record)
  File "/home/airflow/.local/lib/python3.12/site-packages/airflow/utils/log/file_processor_handler.py", line 76, in emit
    self.handler.emit(record)
  File "/usr/local/lib/python3.12/logging/__init__.py", line 1280, in emit
    StreamHandler.emit(self, record)
  File "/usr/local/lib/python3.12/logging/__init__.py", line 1168, in emit
    self.handleError(record)
  File "/usr/local/lib/python3.12/logging/__init__.py", line 1081, in handleError
    sys.stderr.write('--- Logging error ---\n')
  File "/home/airflow/.local/lib/python3.12/site-packages/airflow/utils/log/logging_mixin.py", line 202, in write
    self.flush()
  File "/home/airflow/.local/lib/python3.12/site-packages/airflow/utils/log/logging_mixin.py", line 209, in flush
    self._propagate_log(buf)
  File "/home/airflow/.local/lib/python3.12/site-packages/airflow/utils/log/logging_mixin.py", line 190, in _propagate_log
    self.logger.log(self.level, remove_escape_codes(message))
  File "/usr/local/lib/python3.12/logging/__init__.py", line 1609, in log
    self._log(level, msg, args, **kwargs)
  File "/usr/local/lib/python3.12/logging/__init__.py", line 1684, in _log
    self.handle(record)
  File "/usr/local/lib/python3.12/logging/__init__.py", line 1700, in handle
    self.callHandlers(record)
  File "/usr/local/lib/python3.12/logging/__init__.py", line 1762, in callHandlers
    hdlr.handle(record)
  File "/usr/local/lib/python3.12/logging/__init__.py", line 1028, in handle
    self.emit(record)
  File "/home/airflow/.local/lib/python3.12/site-packages/airflow/utils/log/file_processor_handler.py", line 76, in emit
    self.handler.emit(record)
  File "/usr/local/lib/python3.12/logging/__init__.py", line 1280, in emit
    StreamHandler.emit(self, record)
  File "/usr/local/lib/python3.12/logging/__init__.py", line 1168, in emit
    self.handleError(record)
  File "/usr/local/lib/python3.12/logging/__init__.py", line 1081, in handleError
    sys.stderr.write('--- Logging error ---\n')
  File "/home/airflow/.local/lib/python3.12/site-packages/airflow/utils/log/logging_mixin.py", line 202, in write
    self.flush()
  File "/home/airflow/.local/lib/python3.12/site-packages/airflow/utils/log/logging_mixin.py", line 209, in flush
    self._propagate_log(buf)
  File "/home/airflow/.local/lib/python3.12/site-packages/airflow/utils/log/logging_mixin.py", line 190, in _propagate_log
    self.logger.log(self.level, remove_escape_codes(message))
  File "/usr/local/lib/python3.12/logging/__init__.py", line 1609, in log
    self._log(level, msg, args, **kwargs)
  File "/usr/local/lib/python3.12/logging/__init__.py", line 1684, in _log
    self.handle(record)
  File "/usr/local/lib/python3.12/logging/__init__.py", line 1700, in handle
    self.callHandlers(record)
  File "/usr/local/lib/python3.12/logging/__init__.py", line 1762, in callHandlers
    hdlr.handle(record)
  File "/usr/local/lib/python3.12/logging/__init__.py", line 1028, in handle
    self.emit(record)
  File "/home/airflow/.local/lib/python3.12/site-packages/airflow/utils/log/file_processor_handler.py", line 76, in emit
    self.handler.emit(record)
  File "/usr/local/lib/python3.12/logging/__init__.py", line 1280, in emit
    StreamHandler.emit(self, record)
  File "/usr/local/lib/python3.12/logging/__init__.py", line 1168, in emit
    self.handleError(record)
  File "/usr/local/lib/python3.12/logging/__init__.py", line 1081, in handleError
    sys.stderr.write('--- Logging error ---\n')
  File "/home/airflow/.local/lib/python3.12/site-packages/airflow/utils/log/logging_mixin.py", line 202, in write
    self.flush()
  File "/home/airflow/.local/lib/python3.12/site-packages/airflow/utils/log/logging_mixin.py", line 209, in flush
    self._propagate_log(buf)
  File "/home/airflow/.local/lib/python3.12/site-packages/airflow/utils/log/logging_mixin.py", line 190, in _propagate_log
    self.logger.log(self.level, remove_escape_codes(message))
  File "/usr/local/lib/python3.12/logging/__init__.py", line 1609, in log
    self._log(level, msg, args, **kwargs)
  File "/usr/local/lib/python3.12/logging/__init__.py", line 1684, in _log
    self.handle(record)
  File "/usr/local/lib/python3.12/logging/__init__.py", line 1700, in handle
    self.callHandlers(record)
  File "/usr/local/lib/python3.12/logging/__init__.py", line 1762, in callHandlers
    hdlr.handle(record)
  File "/usr/local/lib/python3.12/logging/__init__.py", line 1028, in handle
    self.emit(record)
  File "/home/airflow/.local/lib/python3.12/site-packages/airflow/utils/log/file_processor_handler.py", line 76, in emit
    self.handler.emit(record)
  File "/usr/local/lib/python3.12/logging/__init__.py", line 1280, in emit
    StreamHandler.emit(self, record)
  File "/usr/local/lib/python3.12/logging/__init__.py", line 1168, in emit
    self.handleError(record)
  File "/usr/local/lib/python3.12/logging/__init__.py", line 1081, in handleError
    sys.stderr.write('--- Logging error ---\n')
  File "/home/airflow/.local/lib/python3.12/site-packages/airflow/utils/log/logging_mixin.py", line 202, in write
    self.flush()
  File "/home/airflow/.local/lib/python3.12/site-packages/airflow/utils/log/logging_mixin.py", line 209, in flush
    self._propagate_log(buf)
  File "/home/airflow/.local/lib/python3.12/site-packages/airflow/utils/log/logging_mixin.py", line 190, in _propagate_log
    self.logger.log(self.level, remove_escape_codes(message))
  File "/usr/local/lib/python3.12/logging/__init__.py", line 1609, in log
    self._log(level, msg, args, **kwargs)
  File "/usr/local/lib/python3.12/logging/__init__.py", line 1684, in _log
    self.handle(record)
  File "/usr/local/lib/python3.12/logging/__init__.py", line 1700, in handle
    self.callHandlers(record)
  File "/usr/local/lib/python3.12/logging/__init__.py", line 1762, in callHandlers
    hdlr.handle(record)
  File "/usr/local/lib/python3.12/logging/__init__.py", line 1028, in handle
    self.emit(record)
  File "/home/airflow/.local/lib/python3.12/site-packages/airflow/utils/log/file_processor_handler.py", line 76, in emit
    self.handler.emit(record)
  File "/usr/local/lib/python3.12/logging/__init__.py", line 1280, in emit
    StreamHandler.emit(self, record)
  File "/usr/local/lib/python3.12/logging/__init__.py", line 1168, in emit
    self.handleError(record)
  File "/usr/local/lib/python3.12/logging/__init__.py", line 1081, in handleError
    sys.stderr.write('--- Logging error ---\n')
  File "/home/airflow/.local/lib/python3.12/site-packages/airflow/utils/log/logging_mixin.py", line 202, in write
    self.flush()
  File "/home/airflow/.local/lib/python3.12/site-packages/airflow/utils/log/logging_mixin.py", line 209, in flush
    self._propagate_log(buf)
  File "/home/airflow/.local/lib/python3.12/site-packages/airflow/utils/log/logging_mixin.py", line 190, in _propagate_log
    self.logger.log(self.level, remove_escape_codes(message))
  File "/usr/local/lib/python3.12/logging/__init__.py", line 1609, in log
    self._log(level, msg, args, **kwargs)
  File "/usr/local/lib/python3.12/logging/__init__.py", line 1684, in _log
    self.handle(record)
  File "/usr/local/lib/python3.12/logging/__init__.py", line 1700, in handle
    self.callHandlers(record)
  File "/usr/local/lib/python3.12/logging/__init__.py", line 1762, in callHandlers
    hdlr.handle(record)
  File "/usr/local/lib/python3.12/logging/__init__.py", line 1028, in handle
    self.emit(record)
  File "/home/airflow/.local/lib/python3.12/site-packages/airflow/utils/log/file_processor_handler.py", line 76, in emit
    self.handler.emit(record)
  File "/usr/local/lib/python3.12/logging/__init__.py", line 1280, in emit
    StreamHandler.emit(self, record)
  File "/usr/local/lib/python3.12/logging/__init__.py", line 1168, in emit
    self.handleError(record)
  File "/usr/local/lib/python3.12/logging/__init__.py", line 1081, in handleError
    sys.stderr.write('--- Logging error ---\n')
  File "/home/airflow/.local/lib/python3.12/site-packages/airflow/utils/log/logging_mixin.py", line 202, in write
    self.flush()
  File "/home/airflow/.local/lib/python3.12/site-packages/airflow/utils/log/logging_mixin.py", line 209, in flush
    self._propagate_log(buf)
  File "/home/airflow/.local/lib/python3.12/site-packages/airflow/utils/log/logging_mixin.py", line 190, in _propagate_log
    self.logger.log(self.level, remove_escape_codes(message))
  File "/usr/local/lib/python3.12/logging/__init__.py", line 1609, in log
    self._log(level, msg, args, **kwargs)
  File "/usr/local/lib/python3.12/logging/__init__.py", line 1684, in _log
    self.handle(record)
  File "/usr/local/lib/python3.12/logging/__init__.py", line 1700, in handle
    self.callHandlers(record)
  File "/usr/local/lib/python3.12/logging/__init__.py", line 1762, in callHandlers
    hdlr.handle(record)
  File "/usr/local/lib/python3.12/logging/__init__.py", line 1028, in handle
    self.emit(record)
  File "/home/airflow/.local/lib/python3.12/site-packages/airflow/utils/log/file_processor_handler.py", line 76, in emit
    self.handler.emit(record)
  File "/usr/local/lib/python3.12/logging/__init__.py", line 1280, in emit
    StreamHandler.emit(self, record)
  File "/usr/local/lib/python3.12/logging/__init__.py", line 1160, in emit
    msg = self.format(record)
          ^^^^^^^^^^^^^^^^^^^
  File "/usr/local/lib/python3.12/logging/__init__.py", line 999, in format
    return fmt.format(record)
           ^^^^^^^^^^^^^^^^^^
  File "/usr/local/lib/python3.12/logging/__init__.py", line 705, in format
    record.asctime = self.formatTime(record, self.datefmt)
                     ^^^^^^^^^^^^^^^^^^^^^^^^^^^^^^^^^^^^^
  File "/home/airflow/.local/lib/python3.12/site-packages/airflow/utils/log/timezone_aware.py", line 44, in formatTime
    dt = timezone.from_timestamp(record.created, tz="local")
         ^^^^^^^^^^^^^^^^^^^^^^^^^^^^^^^^^^^^^^^^^^^^^^^^^^^
  File "/home/airflow/.local/lib/python3.12/site-packages/airflow/utils/timezone.py", line 320, in from_timestamp
    result = result.in_timezone(tz)
             ^^^^^^^^^^^^^^^^^^^^^^
  File "/home/airflow/.local/lib/python3.12/site-packages/pendulum/datetime.py", line 357, in in_timezone
    return tz.convert(dt)
           ^^^^^^^^^^^^^^
  File "/home/airflow/.local/lib/python3.12/site-packages/pendulum/tz/timezone.py", line 136, in convert
    return cast(_DT, dt.astimezone(self))
                     ^^^^^^^^^^^^^^^^^^^
  File "/home/airflow/.local/lib/python3.12/site-packages/pendulum/datetime.py", line 1278, in astimezone
    dt = super().astimezone(tz)
         ^^^^^^^^^^^^^^^^^^^^^^
  File "/home/airflow/.local/lib/python3.12/site-packages/pendulum/datetime.py", line 1243, in __add__
    caller = traceback.extract_stack(limit=2)[0].name
             ^^^^^^^^^^^^^^^^^^^^^^^^^^^^^^^^
  File "/usr/local/lib/python3.12/traceback.py", line 232, in extract_stack
    stack = StackSummary.extract(walk_stack(f), limit=limit)
            ^^^^^^^^^^^^^^^^^^^^^^^^^^^^^^^^^^^^^^^^^^^^^^^^
  File "/usr/local/lib/python3.12/traceback.py", line 395, in extract
    return klass._extract_from_extended_frame_gen(
           ^^^^^^^^^^^^^^^^^^^^^^^^^^^^^^^^^^^^^^^
  File "/usr/local/lib/python3.12/traceback.py", line 418, in _extract_from_extended_frame_gen
    for f, (lineno, end_lineno, colno, end_colno) in frame_gen:
                                                     ^^^^^^^^^
  File "/usr/local/lib/python3.12/traceback.py", line 392, in extended_frame_gen
    for f, lineno in frame_gen:
                     ^^^^^^^^^
RecursionError: maximum recursion depth exceeded
[2026-08-08T17:38:13.874+0000] {processor.py:186} INFO - Started process (PID=61) to work on /home/airflow/.local/lib/python3.12/site-packages/airflow/example_dags/example_branch_labels.py
[2026-08-08T17:38:13.876+0000] {processor.py:914} INFO - Processing file /home/airflow/.local/lib/python3.12/site-packages/airflow/example_dags/example_branch_labels.py for tasks to queue
[2026-08-08T17:38:13.879+0000] {logging_mixin.py:190} INFO - [2026-08-08T17:38:13.879+0000] {dagbag.py:587} INFO - Filling up the DagBag from /home/airflow/.local/lib/python3.12/site-packages/airflow/example_dags/example_branch_labels.py
[2026-08-08T17:38:13.890+0000] {processor.py:925} INFO - DAG(s) 'example_branch_labels' retrieved from /home/airflow/.local/lib/python3.12/site-packages/airflow/example_dags/example_branch_labels.py
[2026-08-08T17:38:13.919+0000] {logging_mixin.py:190} INFO - [2026-08-08T17:38:13.919+0000] {dag.py:3211} INFO - Sync 1 DAGs
[2026-08-08T17:38:13.941+0000] {logging_mixin.py:190} INFO - [2026-08-08T17:38:13.940+0000] {dag.py:4138} INFO - Setting next_dagrun for example_branch_labels to 2026-08-07 00:00:00+00:00, run_after=2026-08-08 00:00:00+00:00
[2026-08-08T17:38:13.959+0000] {processor.py:208} INFO - Processing /home/airflow/.local/lib/python3.12/site-packages/airflow/example_dags/example_branch_labels.py took 0.091 seconds
[2026-08-08T17:38:44.397+0000] {processor.py:186} INFO - Started process (PID=124) to work on /home/airflow/.local/lib/python3.12/site-packages/airflow/example_dags/example_branch_labels.py
[2026-08-08T17:38:44.398+0000] {processor.py:914} INFO - Processing file /home/airflow/.local/lib/python3.12/site-packages/airflow/example_dags/example_branch_labels.py for tasks to queue
[2026-08-08T17:38:44.403+0000] {logging_mixin.py:190} INFO - [2026-08-08T17:38:44.401+0000] {dagbag.py:587} INFO - Filling up the DagBag from /home/airflow/.local/lib/python3.12/site-packages/airflow/example_dags/example_branch_labels.py
[2026-08-08T17:38:44.418+0000] {processor.py:925} INFO - DAG(s) 'example_branch_labels' retrieved from /home/airflow/.local/lib/python3.12/site-packages/airflow/example_dags/example_branch_labels.py
[2026-08-08T17:38:44.459+0000] {logging_mixin.py:190} INFO - [2026-08-08T17:38:44.459+0000] {dag.py:3211} INFO - Sync 1 DAGs
[2026-08-08T17:38:44.546+0000] {logging_mixin.py:190} INFO - [2026-08-08T17:38:44.546+0000] {dag.py:4138} INFO - Setting next_dagrun for example_branch_labels to 2026-08-07 00:00:00+00:00, run_after=2026-08-08 00:00:00+00:00
[2026-08-08T17:38:44.604+0000] {processor.py:208} INFO - Processing /home/airflow/.local/lib/python3.12/site-packages/airflow/example_dags/example_branch_labels.py took 0.216 seconds
[2026-08-08T17:39:15.413+0000] {processor.py:186} INFO - Started process (PID=193) to work on /home/airflow/.local/lib/python3.12/site-packages/airflow/example_dags/example_branch_labels.py
[2026-08-08T17:39:15.415+0000] {processor.py:914} INFO - Processing file /home/airflow/.local/lib/python3.12/site-packages/airflow/example_dags/example_branch_labels.py for tasks to queue
[2026-08-08T17:39:15.420+0000] {logging_mixin.py:190} INFO - [2026-08-08T17:39:15.420+0000] {dagbag.py:587} INFO - Filling up the DagBag from /home/airflow/.local/lib/python3.12/site-packages/airflow/example_dags/example_branch_labels.py
[2026-08-08T17:39:15.433+0000] {processor.py:925} INFO - DAG(s) 'example_branch_labels' retrieved from /home/airflow/.local/lib/python3.12/site-packages/airflow/example_dags/example_branch_labels.py
[2026-08-08T17:39:15.455+0000] {logging_mixin.py:190} INFO - [2026-08-08T17:39:15.455+0000] {dag.py:3211} INFO - Sync 1 DAGs
[2026-08-08T17:39:15.476+0000] {logging_mixin.py:190} INFO - [2026-08-08T17:39:15.476+0000] {dag.py:4138} INFO - Setting next_dagrun for example_branch_labels to 2026-08-07 00:00:00+00:00, run_after=2026-08-08 00:00:00+00:00
[2026-08-08T17:39:15.495+0000] {processor.py:208} INFO - Processing /home/airflow/.local/lib/python3.12/site-packages/airflow/example_dags/example_branch_labels.py took 0.092 seconds
[2026-08-08T17:39:46.462+0000] {processor.py:186} INFO - Started process (PID=256) to work on /home/airflow/.local/lib/python3.12/site-packages/airflow/example_dags/example_branch_labels.py
[2026-08-08T17:39:46.464+0000] {processor.py:914} INFO - Processing file /home/airflow/.local/lib/python3.12/site-packages/airflow/example_dags/example_branch_labels.py for tasks to queue
[2026-08-08T17:39:46.468+0000] {logging_mixin.py:190} INFO - [2026-08-08T17:39:46.467+0000] {dagbag.py:587} INFO - Filling up the DagBag from /home/airflow/.local/lib/python3.12/site-packages/airflow/example_dags/example_branch_labels.py
[2026-08-08T17:39:46.483+0000] {processor.py:925} INFO - DAG(s) 'example_branch_labels' retrieved from /home/airflow/.local/lib/python3.12/site-packages/airflow/example_dags/example_branch_labels.py
[2026-08-08T17:39:46.520+0000] {logging_mixin.py:190} INFO - [2026-08-08T17:39:46.519+0000] {dag.py:3211} INFO - Sync 1 DAGs
[2026-08-08T17:39:46.554+0000] {logging_mixin.py:190} INFO - [2026-08-08T17:39:46.554+0000] {dag.py:4138} INFO - Setting next_dagrun for example_branch_labels to 2026-08-07 00:00:00+00:00, run_after=2026-08-08 00:00:00+00:00
[2026-08-08T17:39:46.574+0000] {processor.py:208} INFO - Processing /home/airflow/.local/lib/python3.12/site-packages/airflow/example_dags/example_branch_labels.py took 0.118 seconds
[2026-08-08T17:42:37.477+0000] {processor.py:186} INFO - Started process (PID=73) to work on /home/airflow/.local/lib/python3.12/site-packages/airflow/example_dags/example_branch_labels.py
[2026-08-08T17:42:37.480+0000] {processor.py:914} INFO - Processing file /home/airflow/.local/lib/python3.12/site-packages/airflow/example_dags/example_branch_labels.py for tasks to queue
[2026-08-08T17:42:37.486+0000] {logging_mixin.py:190} INFO - [2026-08-08T17:42:37.485+0000] {dagbag.py:587} INFO - Filling up the DagBag from /home/airflow/.local/lib/python3.12/site-packages/airflow/example_dags/example_branch_labels.py
[2026-08-08T17:42:37.519+0000] {processor.py:925} INFO - DAG(s) 'example_branch_labels' retrieved from /home/airflow/.local/lib/python3.12/site-packages/airflow/example_dags/example_branch_labels.py
[2026-08-08T17:42:37.579+0000] {logging_mixin.py:190} INFO - [2026-08-08T17:42:37.578+0000] {dag.py:3211} INFO - Sync 1 DAGs
[2026-08-08T17:42:37.627+0000] {logging_mixin.py:190} INFO - [2026-08-08T17:42:37.627+0000] {dag.py:4138} INFO - Setting next_dagrun for example_branch_labels to 2026-08-07 00:00:00+00:00, run_after=2026-08-08 00:00:00+00:00
[2026-08-08T17:42:37.656+0000] {processor.py:208} INFO - Processing /home/airflow/.local/lib/python3.12/site-packages/airflow/example_dags/example_branch_labels.py took 0.192 seconds
[2026-08-08T17:43:08.171+0000] {processor.py:186} INFO - Started process (PID=136) to work on /home/airflow/.local/lib/python3.12/site-packages/airflow/example_dags/example_branch_labels.py
[2026-08-08T17:43:08.173+0000] {processor.py:914} INFO - Processing file /home/airflow/.local/lib/python3.12/site-packages/airflow/example_dags/example_branch_labels.py for tasks to queue
[2026-08-08T17:43:08.177+0000] {logging_mixin.py:190} INFO - [2026-08-08T17:43:08.176+0000] {dagbag.py:587} INFO - Filling up the DagBag from /home/airflow/.local/lib/python3.12/site-packages/airflow/example_dags/example_branch_labels.py
[2026-08-08T17:43:08.192+0000] {processor.py:925} INFO - DAG(s) 'example_branch_labels' retrieved from /home/airflow/.local/lib/python3.12/site-packages/airflow/example_dags/example_branch_labels.py
[2026-08-08T17:43:08.224+0000] {logging_mixin.py:190} INFO - [2026-08-08T17:43:08.223+0000] {dag.py:3211} INFO - Sync 1 DAGs
[2026-08-08T17:43:08.256+0000] {logging_mixin.py:190} INFO - [2026-08-08T17:43:08.255+0000] {dag.py:4138} INFO - Setting next_dagrun for example_branch_labels to 2026-08-07 00:00:00+00:00, run_after=2026-08-08 00:00:00+00:00
[2026-08-08T17:43:08.286+0000] {processor.py:208} INFO - Processing /home/airflow/.local/lib/python3.12/site-packages/airflow/example_dags/example_branch_labels.py took 0.125 seconds
[2026-08-08T17:43:38.527+0000] {processor.py:186} INFO - Started process (PID=199) to work on /home/airflow/.local/lib/python3.12/site-packages/airflow/example_dags/example_branch_labels.py
[2026-08-08T17:43:38.529+0000] {processor.py:914} INFO - Processing file /home/airflow/.local/lib/python3.12/site-packages/airflow/example_dags/example_branch_labels.py for tasks to queue
[2026-08-08T17:43:38.533+0000] {logging_mixin.py:190} INFO - [2026-08-08T17:43:38.533+0000] {dagbag.py:587} INFO - Filling up the DagBag from /home/airflow/.local/lib/python3.12/site-packages/airflow/example_dags/example_branch_labels.py
[2026-08-08T17:43:38.553+0000] {processor.py:925} INFO - DAG(s) 'example_branch_labels' retrieved from /home/airflow/.local/lib/python3.12/site-packages/airflow/example_dags/example_branch_labels.py
[2026-08-08T17:43:38.593+0000] {logging_mixin.py:190} INFO - [2026-08-08T17:43:38.593+0000] {dag.py:3211} INFO - Sync 1 DAGs
[2026-08-08T17:43:38.638+0000] {logging_mixin.py:190} INFO - [2026-08-08T17:43:38.637+0000] {dag.py:4138} INFO - Setting next_dagrun for example_branch_labels to 2026-08-07 00:00:00+00:00, run_after=2026-08-08 00:00:00+00:00
[2026-08-08T17:43:38.668+0000] {processor.py:208} INFO - Processing /home/airflow/.local/lib/python3.12/site-packages/airflow/example_dags/example_branch_labels.py took 0.151 seconds
[2026-08-08T17:44:09.542+0000] {processor.py:186} INFO - Started process (PID=268) to work on /home/airflow/.local/lib/python3.12/site-packages/airflow/example_dags/example_branch_labels.py
[2026-08-08T17:44:09.544+0000] {processor.py:914} INFO - Processing file /home/airflow/.local/lib/python3.12/site-packages/airflow/example_dags/example_branch_labels.py for tasks to queue
[2026-08-08T17:44:09.547+0000] {logging_mixin.py:190} INFO - [2026-08-08T17:44:09.547+0000] {dagbag.py:587} INFO - Filling up the DagBag from /home/airflow/.local/lib/python3.12/site-packages/airflow/example_dags/example_branch_labels.py
[2026-08-08T17:44:09.555+0000] {processor.py:925} INFO - DAG(s) 'example_branch_labels' retrieved from /home/airflow/.local/lib/python3.12/site-packages/airflow/example_dags/example_branch_labels.py
[2026-08-08T17:44:09.574+0000] {logging_mixin.py:190} INFO - [2026-08-08T17:44:09.574+0000] {dag.py:3211} INFO - Sync 1 DAGs
[2026-08-08T17:44:09.597+0000] {logging_mixin.py:190} INFO - [2026-08-08T17:44:09.596+0000] {dag.py:4138} INFO - Setting next_dagrun for example_branch_labels to 2026-08-07 00:00:00+00:00, run_after=2026-08-08 00:00:00+00:00
[2026-08-08T17:44:09.615+0000] {processor.py:208} INFO - Processing /home/airflow/.local/lib/python3.12/site-packages/airflow/example_dags/example_branch_labels.py took 0.079 seconds
[2026-08-08T17:44:40.003+0000] {processor.py:186} INFO - Started process (PID=331) to work on /home/airflow/.local/lib/python3.12/site-packages/airflow/example_dags/example_branch_labels.py
[2026-08-08T17:44:40.005+0000] {processor.py:914} INFO - Processing file /home/airflow/.local/lib/python3.12/site-packages/airflow/example_dags/example_branch_labels.py for tasks to queue
[2026-08-08T17:44:40.008+0000] {logging_mixin.py:190} INFO - [2026-08-08T17:44:40.008+0000] {dagbag.py:587} INFO - Filling up the DagBag from /home/airflow/.local/lib/python3.12/site-packages/airflow/example_dags/example_branch_labels.py
[2026-08-08T17:44:40.019+0000] {processor.py:925} INFO - DAG(s) 'example_branch_labels' retrieved from /home/airflow/.local/lib/python3.12/site-packages/airflow/example_dags/example_branch_labels.py
[2026-08-08T17:44:40.039+0000] {logging_mixin.py:190} INFO - [2026-08-08T17:44:40.038+0000] {dag.py:3211} INFO - Sync 1 DAGs
[2026-08-08T17:44:40.060+0000] {logging_mixin.py:190} INFO - [2026-08-08T17:44:40.060+0000] {dag.py:4138} INFO - Setting next_dagrun for example_branch_labels to 2026-08-07 00:00:00+00:00, run_after=2026-08-08 00:00:00+00:00
[2026-08-08T17:44:40.082+0000] {processor.py:208} INFO - Processing /home/airflow/.local/lib/python3.12/site-packages/airflow/example_dags/example_branch_labels.py took 0.083 seconds
[2026-08-08T17:45:10.353+0000] {processor.py:186} INFO - Started process (PID=394) to work on /home/airflow/.local/lib/python3.12/site-packages/airflow/example_dags/example_branch_labels.py
[2026-08-08T17:45:10.354+0000] {processor.py:914} INFO - Processing file /home/airflow/.local/lib/python3.12/site-packages/airflow/example_dags/example_branch_labels.py for tasks to queue
[2026-08-08T17:45:10.357+0000] {logging_mixin.py:190} INFO - [2026-08-08T17:45:10.356+0000] {dagbag.py:587} INFO - Filling up the DagBag from /home/airflow/.local/lib/python3.12/site-packages/airflow/example_dags/example_branch_labels.py
[2026-08-08T17:45:10.366+0000] {processor.py:925} INFO - DAG(s) 'example_branch_labels' retrieved from /home/airflow/.local/lib/python3.12/site-packages/airflow/example_dags/example_branch_labels.py
[2026-08-08T17:45:10.384+0000] {logging_mixin.py:190} INFO - [2026-08-08T17:45:10.384+0000] {dag.py:3211} INFO - Sync 1 DAGs
[2026-08-08T17:45:10.404+0000] {logging_mixin.py:190} INFO - [2026-08-08T17:45:10.404+0000] {dag.py:4138} INFO - Setting next_dagrun for example_branch_labels to 2026-08-07 00:00:00+00:00, run_after=2026-08-08 00:00:00+00:00
[2026-08-08T17:45:10.424+0000] {processor.py:208} INFO - Processing /home/airflow/.local/lib/python3.12/site-packages/airflow/example_dags/example_branch_labels.py took 0.077 seconds
[2026-08-08T17:45:40.539+0000] {processor.py:186} INFO - Started process (PID=456) to work on /home/airflow/.local/lib/python3.12/site-packages/airflow/example_dags/example_branch_labels.py
[2026-08-08T17:45:40.540+0000] {processor.py:914} INFO - Processing file /home/airflow/.local/lib/python3.12/site-packages/airflow/example_dags/example_branch_labels.py for tasks to queue
[2026-08-08T17:45:40.543+0000] {logging_mixin.py:190} INFO - [2026-08-08T17:45:40.542+0000] {dagbag.py:587} INFO - Filling up the DagBag from /home/airflow/.local/lib/python3.12/site-packages/airflow/example_dags/example_branch_labels.py
[2026-08-08T17:45:40.553+0000] {processor.py:925} INFO - DAG(s) 'example_branch_labels' retrieved from /home/airflow/.local/lib/python3.12/site-packages/airflow/example_dags/example_branch_labels.py
[2026-08-08T17:45:40.575+0000] {logging_mixin.py:190} INFO - [2026-08-08T17:45:40.575+0000] {dag.py:3211} INFO - Sync 1 DAGs
[2026-08-08T17:45:40.601+0000] {logging_mixin.py:190} INFO - [2026-08-08T17:45:40.601+0000] {dag.py:4138} INFO - Setting next_dagrun for example_branch_labels to 2026-08-07 00:00:00+00:00, run_after=2026-08-08 00:00:00+00:00
[2026-08-08T17:45:40.625+0000] {processor.py:208} INFO - Processing /home/airflow/.local/lib/python3.12/site-packages/airflow/example_dags/example_branch_labels.py took 0.093 seconds
[2026-08-08T17:47:11.403+0000] {processor.py:186} INFO - Started process (PID=74) to work on /home/airflow/.local/lib/python3.12/site-packages/airflow/example_dags/example_branch_labels.py
[2026-08-08T17:47:11.405+0000] {processor.py:914} INFO - Processing file /home/airflow/.local/lib/python3.12/site-packages/airflow/example_dags/example_branch_labels.py for tasks to queue
[2026-08-08T17:47:11.408+0000] {logging_mixin.py:190} INFO - [2026-08-08T17:47:11.408+0000] {dagbag.py:587} INFO - Filling up the DagBag from /home/airflow/.local/lib/python3.12/site-packages/airflow/example_dags/example_branch_labels.py
[2026-08-08T17:47:11.425+0000] {processor.py:925} INFO - DAG(s) 'example_branch_labels' retrieved from /home/airflow/.local/lib/python3.12/site-packages/airflow/example_dags/example_branch_labels.py
[2026-08-08T17:47:11.462+0000] {logging_mixin.py:190} INFO - [2026-08-08T17:47:11.461+0000] {dag.py:3211} INFO - Sync 1 DAGs
[2026-08-08T17:47:11.485+0000] {logging_mixin.py:190} INFO - [2026-08-08T17:47:11.484+0000] {dag.py:4138} INFO - Setting next_dagrun for example_branch_labels to 2026-08-07 00:00:00+00:00, run_after=2026-08-08 00:00:00+00:00
[2026-08-08T17:47:11.507+0000] {processor.py:208} INFO - Processing /home/airflow/.local/lib/python3.12/site-packages/airflow/example_dags/example_branch_labels.py took 0.109 seconds
[2026-08-08T17:47:42.232+0000] {processor.py:186} INFO - Started process (PID=137) to work on /home/airflow/.local/lib/python3.12/site-packages/airflow/example_dags/example_branch_labels.py
[2026-08-08T17:47:42.234+0000] {processor.py:914} INFO - Processing file /home/airflow/.local/lib/python3.12/site-packages/airflow/example_dags/example_branch_labels.py for tasks to queue
[2026-08-08T17:47:42.236+0000] {logging_mixin.py:190} INFO - [2026-08-08T17:47:42.236+0000] {dagbag.py:587} INFO - Filling up the DagBag from /home/airflow/.local/lib/python3.12/site-packages/airflow/example_dags/example_branch_labels.py
[2026-08-08T17:47:42.250+0000] {processor.py:925} INFO - DAG(s) 'example_branch_labels' retrieved from /home/airflow/.local/lib/python3.12/site-packages/airflow/example_dags/example_branch_labels.py
[2026-08-08T17:47:42.279+0000] {logging_mixin.py:190} INFO - [2026-08-08T17:47:42.278+0000] {dag.py:3211} INFO - Sync 1 DAGs
[2026-08-08T17:47:42.307+0000] {logging_mixin.py:190} INFO - [2026-08-08T17:47:42.307+0000] {dag.py:4138} INFO - Setting next_dagrun for example_branch_labels to 2026-08-07 00:00:00+00:00, run_after=2026-08-08 00:00:00+00:00
[2026-08-08T17:47:42.329+0000] {processor.py:208} INFO - Processing /home/airflow/.local/lib/python3.12/site-packages/airflow/example_dags/example_branch_labels.py took 0.104 seconds
[2026-08-08T17:48:12.775+0000] {processor.py:186} INFO - Started process (PID=206) to work on /home/airflow/.local/lib/python3.12/site-packages/airflow/example_dags/example_branch_labels.py
[2026-08-08T17:48:12.777+0000] {processor.py:914} INFO - Processing file /home/airflow/.local/lib/python3.12/site-packages/airflow/example_dags/example_branch_labels.py for tasks to queue
[2026-08-08T17:48:12.780+0000] {logging_mixin.py:190} INFO - [2026-08-08T17:48:12.780+0000] {dagbag.py:587} INFO - Filling up the DagBag from /home/airflow/.local/lib/python3.12/site-packages/airflow/example_dags/example_branch_labels.py
[2026-08-08T17:48:12.796+0000] {processor.py:925} INFO - DAG(s) 'example_branch_labels' retrieved from /home/airflow/.local/lib/python3.12/site-packages/airflow/example_dags/example_branch_labels.py
[2026-08-08T17:48:12.840+0000] {logging_mixin.py:190} INFO - [2026-08-08T17:48:12.839+0000] {dag.py:3211} INFO - Sync 1 DAGs
[2026-08-08T17:48:12.882+0000] {logging_mixin.py:190} INFO - [2026-08-08T17:48:12.882+0000] {dag.py:4138} INFO - Setting next_dagrun for example_branch_labels to 2026-08-07 00:00:00+00:00, run_after=2026-08-08 00:00:00+00:00
[2026-08-08T17:48:12.916+0000] {processor.py:208} INFO - Processing /home/airflow/.local/lib/python3.12/site-packages/airflow/example_dags/example_branch_labels.py took 0.147 seconds
[2026-08-08T17:48:43.703+0000] {processor.py:186} INFO - Started process (PID=275) to work on /home/airflow/.local/lib/python3.12/site-packages/airflow/example_dags/example_branch_labels.py
[2026-08-08T17:48:43.704+0000] {processor.py:914} INFO - Processing file /home/airflow/.local/lib/python3.12/site-packages/airflow/example_dags/example_branch_labels.py for tasks to queue
[2026-08-08T17:48:43.707+0000] {logging_mixin.py:190} INFO - [2026-08-08T17:48:43.706+0000] {dagbag.py:587} INFO - Filling up the DagBag from /home/airflow/.local/lib/python3.12/site-packages/airflow/example_dags/example_branch_labels.py
[2026-08-08T17:48:43.719+0000] {processor.py:925} INFO - DAG(s) 'example_branch_labels' retrieved from /home/airflow/.local/lib/python3.12/site-packages/airflow/example_dags/example_branch_labels.py
[2026-08-08T17:48:43.747+0000] {logging_mixin.py:190} INFO - [2026-08-08T17:48:43.747+0000] {dag.py:3211} INFO - Sync 1 DAGs
[2026-08-08T17:48:43.773+0000] {logging_mixin.py:190} INFO - [2026-08-08T17:48:43.773+0000] {dag.py:4138} INFO - Setting next_dagrun for example_branch_labels to 2026-08-07 00:00:00+00:00, run_after=2026-08-08 00:00:00+00:00
[2026-08-08T17:48:43.798+0000] {processor.py:208} INFO - Processing /home/airflow/.local/lib/python3.12/site-packages/airflow/example_dags/example_branch_labels.py took 0.103 seconds
[2026-08-08T17:52:35.035+0000] {processor.py:186} INFO - Started process (PID=79) to work on /home/airflow/.local/lib/python3.12/site-packages/airflow/example_dags/example_branch_labels.py
[2026-08-08T17:52:35.037+0000] {processor.py:914} INFO - Processing file /home/airflow/.local/lib/python3.12/site-packages/airflow/example_dags/example_branch_labels.py for tasks to queue
[2026-08-08T17:52:35.040+0000] {logging_mixin.py:190} INFO - [2026-08-08T17:52:35.039+0000] {dagbag.py:587} INFO - Filling up the DagBag from /home/airflow/.local/lib/python3.12/site-packages/airflow/example_dags/example_branch_labels.py
[2026-08-08T17:52:35.057+0000] {processor.py:925} INFO - DAG(s) 'example_branch_labels' retrieved from /home/airflow/.local/lib/python3.12/site-packages/airflow/example_dags/example_branch_labels.py
[2026-08-08T17:52:35.093+0000] {logging_mixin.py:190} INFO - [2026-08-08T17:52:35.093+0000] {dag.py:3211} INFO - Sync 1 DAGs
[2026-08-08T17:52:35.120+0000] {logging_mixin.py:190} INFO - [2026-08-08T17:52:35.120+0000] {dag.py:4138} INFO - Setting next_dagrun for example_branch_labels to 2026-08-07 00:00:00+00:00, run_after=2026-08-08 00:00:00+00:00
[2026-08-08T17:52:35.145+0000] {processor.py:208} INFO - Processing /home/airflow/.local/lib/python3.12/site-packages/airflow/example_dags/example_branch_labels.py took 0.119 seconds
[2026-08-08T17:53:05.768+0000] {processor.py:186} INFO - Started process (PID=142) to work on /home/airflow/.local/lib/python3.12/site-packages/airflow/example_dags/example_branch_labels.py
[2026-08-08T17:53:05.770+0000] {processor.py:914} INFO - Processing file /home/airflow/.local/lib/python3.12/site-packages/airflow/example_dags/example_branch_labels.py for tasks to queue
[2026-08-08T17:53:05.774+0000] {logging_mixin.py:190} INFO - [2026-08-08T17:53:05.773+0000] {dagbag.py:587} INFO - Filling up the DagBag from /home/airflow/.local/lib/python3.12/site-packages/airflow/example_dags/example_branch_labels.py
[2026-08-08T17:53:05.785+0000] {processor.py:925} INFO - DAG(s) 'example_branch_labels' retrieved from /home/airflow/.local/lib/python3.12/site-packages/airflow/example_dags/example_branch_labels.py
[2026-08-08T17:53:05.815+0000] {logging_mixin.py:190} INFO - [2026-08-08T17:53:05.814+0000] {dag.py:3211} INFO - Sync 1 DAGs
[2026-08-08T17:53:05.843+0000] {logging_mixin.py:190} INFO - [2026-08-08T17:53:05.843+0000] {dag.py:4138} INFO - Setting next_dagrun for example_branch_labels to 2026-08-07 00:00:00+00:00, run_after=2026-08-08 00:00:00+00:00
[2026-08-08T17:53:05.868+0000] {processor.py:208} INFO - Processing /home/airflow/.local/lib/python3.12/site-packages/airflow/example_dags/example_branch_labels.py took 0.108 seconds
[2026-08-08T17:53:36.323+0000] {processor.py:186} INFO - Started process (PID=205) to work on /home/airflow/.local/lib/python3.12/site-packages/airflow/example_dags/example_branch_labels.py
[2026-08-08T17:53:36.325+0000] {processor.py:914} INFO - Processing file /home/airflow/.local/lib/python3.12/site-packages/airflow/example_dags/example_branch_labels.py for tasks to queue
[2026-08-08T17:53:36.328+0000] {logging_mixin.py:190} INFO - [2026-08-08T17:53:36.327+0000] {dagbag.py:587} INFO - Filling up the DagBag from /home/airflow/.local/lib/python3.12/site-packages/airflow/example_dags/example_branch_labels.py
[2026-08-08T17:53:36.338+0000] {processor.py:925} INFO - DAG(s) 'example_branch_labels' retrieved from /home/airflow/.local/lib/python3.12/site-packages/airflow/example_dags/example_branch_labels.py
[2026-08-08T17:53:36.364+0000] {logging_mixin.py:190} INFO - [2026-08-08T17:53:36.364+0000] {dag.py:3211} INFO - Sync 1 DAGs
[2026-08-08T17:53:36.391+0000] {logging_mixin.py:190} INFO - [2026-08-08T17:53:36.391+0000] {dag.py:4138} INFO - Setting next_dagrun for example_branch_labels to 2026-08-07 00:00:00+00:00, run_after=2026-08-08 00:00:00+00:00
[2026-08-08T17:53:36.416+0000] {processor.py:208} INFO - Processing /home/airflow/.local/lib/python3.12/site-packages/airflow/example_dags/example_branch_labels.py took 0.101 seconds
[2026-08-08T17:54:07.014+0000] {processor.py:186} INFO - Started process (PID=268) to work on /home/airflow/.local/lib/python3.12/site-packages/airflow/example_dags/example_branch_labels.py
[2026-08-08T17:54:07.016+0000] {processor.py:914} INFO - Processing file /home/airflow/.local/lib/python3.12/site-packages/airflow/example_dags/example_branch_labels.py for tasks to queue
[2026-08-08T17:54:07.019+0000] {logging_mixin.py:190} INFO - [2026-08-08T17:54:07.018+0000] {dagbag.py:587} INFO - Filling up the DagBag from /home/airflow/.local/lib/python3.12/site-packages/airflow/example_dags/example_branch_labels.py
[2026-08-08T17:54:07.030+0000] {processor.py:925} INFO - DAG(s) 'example_branch_labels' retrieved from /home/airflow/.local/lib/python3.12/site-packages/airflow/example_dags/example_branch_labels.py
[2026-08-08T17:54:07.058+0000] {logging_mixin.py:190} INFO - [2026-08-08T17:54:07.058+0000] {dag.py:3211} INFO - Sync 1 DAGs
[2026-08-08T17:54:07.088+0000] {logging_mixin.py:190} INFO - [2026-08-08T17:54:07.087+0000] {dag.py:4138} INFO - Setting next_dagrun for example_branch_labels to 2026-08-07 00:00:00+00:00, run_after=2026-08-08 00:00:00+00:00
[2026-08-08T17:54:07.112+0000] {processor.py:208} INFO - Processing /home/airflow/.local/lib/python3.12/site-packages/airflow/example_dags/example_branch_labels.py took 0.105 seconds
[2026-08-08T17:54:37.413+0000] {processor.py:186} INFO - Started process (PID=331) to work on /home/airflow/.local/lib/python3.12/site-packages/airflow/example_dags/example_branch_labels.py
[2026-08-08T17:54:37.414+0000] {processor.py:914} INFO - Processing file /home/airflow/.local/lib/python3.12/site-packages/airflow/example_dags/example_branch_labels.py for tasks to queue
[2026-08-08T17:54:37.417+0000] {logging_mixin.py:190} INFO - [2026-08-08T17:54:37.417+0000] {dagbag.py:587} INFO - Filling up the DagBag from /home/airflow/.local/lib/python3.12/site-packages/airflow/example_dags/example_branch_labels.py
[2026-08-08T17:54:37.428+0000] {processor.py:925} INFO - DAG(s) 'example_branch_labels' retrieved from /home/airflow/.local/lib/python3.12/site-packages/airflow/example_dags/example_branch_labels.py
[2026-08-08T17:54:37.448+0000] {logging_mixin.py:190} INFO - [2026-08-08T17:54:37.448+0000] {dag.py:3211} INFO - Sync 1 DAGs
[2026-08-08T17:54:37.468+0000] {logging_mixin.py:190} INFO - [2026-08-08T17:54:37.468+0000] {dag.py:4138} INFO - Setting next_dagrun for example_branch_labels to 2026-08-07 00:00:00+00:00, run_after=2026-08-08 00:00:00+00:00
[2026-08-08T17:54:37.487+0000] {processor.py:208} INFO - Processing /home/airflow/.local/lib/python3.12/site-packages/airflow/example_dags/example_branch_labels.py took 0.079 seconds
[2026-08-08T17:55:07.561+0000] {processor.py:186} INFO - Started process (PID=394) to work on /home/airflow/.local/lib/python3.12/site-packages/airflow/example_dags/example_branch_labels.py
[2026-08-08T17:55:07.563+0000] {processor.py:914} INFO - Processing file /home/airflow/.local/lib/python3.12/site-packages/airflow/example_dags/example_branch_labels.py for tasks to queue
[2026-08-08T17:55:07.565+0000] {logging_mixin.py:190} INFO - [2026-08-08T17:55:07.565+0000] {dagbag.py:587} INFO - Filling up the DagBag from /home/airflow/.local/lib/python3.12/site-packages/airflow/example_dags/example_branch_labels.py
[2026-08-08T17:55:07.575+0000] {processor.py:925} INFO - DAG(s) 'example_branch_labels' retrieved from /home/airflow/.local/lib/python3.12/site-packages/airflow/example_dags/example_branch_labels.py
[2026-08-08T17:55:07.595+0000] {logging_mixin.py:190} INFO - [2026-08-08T17:55:07.595+0000] {dag.py:3211} INFO - Sync 1 DAGs
[2026-08-08T17:55:07.616+0000] {logging_mixin.py:190} INFO - [2026-08-08T17:55:07.616+0000] {dag.py:4138} INFO - Setting next_dagrun for example_branch_labels to 2026-08-07 00:00:00+00:00, run_after=2026-08-08 00:00:00+00:00
[2026-08-08T17:55:07.636+0000] {processor.py:208} INFO - Processing /home/airflow/.local/lib/python3.12/site-packages/airflow/example_dags/example_branch_labels.py took 0.080 seconds
[2026-08-08T17:55:37.750+0000] {processor.py:186} INFO - Started process (PID=456) to work on /home/airflow/.local/lib/python3.12/site-packages/airflow/example_dags/example_branch_labels.py
[2026-08-08T17:55:37.751+0000] {processor.py:914} INFO - Processing file /home/airflow/.local/lib/python3.12/site-packages/airflow/example_dags/example_branch_labels.py for tasks to queue
[2026-08-08T17:55:37.755+0000] {logging_mixin.py:190} INFO - [2026-08-08T17:55:37.754+0000] {dagbag.py:587} INFO - Filling up the DagBag from /home/airflow/.local/lib/python3.12/site-packages/airflow/example_dags/example_branch_labels.py
[2026-08-08T17:55:37.764+0000] {processor.py:925} INFO - DAG(s) 'example_branch_labels' retrieved from /home/airflow/.local/lib/python3.12/site-packages/airflow/example_dags/example_branch_labels.py
[2026-08-08T17:55:37.784+0000] {logging_mixin.py:190} INFO - [2026-08-08T17:55:37.784+0000] {dag.py:3211} INFO - Sync 1 DAGs
[2026-08-08T17:55:37.802+0000] {logging_mixin.py:190} INFO - [2026-08-08T17:55:37.802+0000] {dag.py:4138} INFO - Setting next_dagrun for example_branch_labels to 2026-08-07 00:00:00+00:00, run_after=2026-08-08 00:00:00+00:00
[2026-08-08T17:55:37.818+0000] {processor.py:208} INFO - Processing /home/airflow/.local/lib/python3.12/site-packages/airflow/example_dags/example_branch_labels.py took 0.074 seconds
[2026-08-08T17:56:08.062+0000] {processor.py:186} INFO - Started process (PID=519) to work on /home/airflow/.local/lib/python3.12/site-packages/airflow/example_dags/example_branch_labels.py
[2026-08-08T17:56:08.063+0000] {processor.py:914} INFO - Processing file /home/airflow/.local/lib/python3.12/site-packages/airflow/example_dags/example_branch_labels.py for tasks to queue
[2026-08-08T17:56:08.065+0000] {logging_mixin.py:190} INFO - [2026-08-08T17:56:08.065+0000] {dagbag.py:587} INFO - Filling up the DagBag from /home/airflow/.local/lib/python3.12/site-packages/airflow/example_dags/example_branch_labels.py
[2026-08-08T17:56:08.074+0000] {processor.py:925} INFO - DAG(s) 'example_branch_labels' retrieved from /home/airflow/.local/lib/python3.12/site-packages/airflow/example_dags/example_branch_labels.py
[2026-08-08T17:56:08.096+0000] {logging_mixin.py:190} INFO - [2026-08-08T17:56:08.095+0000] {dag.py:3211} INFO - Sync 1 DAGs
[2026-08-08T17:56:08.117+0000] {logging_mixin.py:190} INFO - [2026-08-08T17:56:08.117+0000] {dag.py:4138} INFO - Setting next_dagrun for example_branch_labels to 2026-08-07 00:00:00+00:00, run_after=2026-08-08 00:00:00+00:00
[2026-08-08T17:56:08.133+0000] {processor.py:208} INFO - Processing /home/airflow/.local/lib/python3.12/site-packages/airflow/example_dags/example_branch_labels.py took 0.077 seconds
[2026-08-08T17:56:38.585+0000] {processor.py:186} INFO - Started process (PID=582) to work on /home/airflow/.local/lib/python3.12/site-packages/airflow/example_dags/example_branch_labels.py
[2026-08-08T17:56:38.586+0000] {processor.py:914} INFO - Processing file /home/airflow/.local/lib/python3.12/site-packages/airflow/example_dags/example_branch_labels.py for tasks to queue
[2026-08-08T17:56:38.589+0000] {logging_mixin.py:190} INFO - [2026-08-08T17:56:38.589+0000] {dagbag.py:587} INFO - Filling up the DagBag from /home/airflow/.local/lib/python3.12/site-packages/airflow/example_dags/example_branch_labels.py
[2026-08-08T17:56:38.602+0000] {processor.py:925} INFO - DAG(s) 'example_branch_labels' retrieved from /home/airflow/.local/lib/python3.12/site-packages/airflow/example_dags/example_branch_labels.py
[2026-08-08T17:56:38.629+0000] {logging_mixin.py:190} INFO - [2026-08-08T17:56:38.629+0000] {dag.py:3211} INFO - Sync 1 DAGs
[2026-08-08T17:56:38.652+0000] {logging_mixin.py:190} INFO - [2026-08-08T17:56:38.652+0000] {dag.py:4138} INFO - Setting next_dagrun for example_branch_labels to 2026-08-07 00:00:00+00:00, run_after=2026-08-08 00:00:00+00:00
[2026-08-08T17:56:38.675+0000] {processor.py:208} INFO - Processing /home/airflow/.local/lib/python3.12/site-packages/airflow/example_dags/example_branch_labels.py took 0.096 seconds
[2026-08-08T17:57:09.149+0000] {processor.py:186} INFO - Started process (PID=645) to work on /home/airflow/.local/lib/python3.12/site-packages/airflow/example_dags/example_branch_labels.py
[2026-08-08T17:57:09.150+0000] {processor.py:914} INFO - Processing file /home/airflow/.local/lib/python3.12/site-packages/airflow/example_dags/example_branch_labels.py for tasks to queue
[2026-08-08T17:57:09.153+0000] {logging_mixin.py:190} INFO - [2026-08-08T17:57:09.152+0000] {dagbag.py:587} INFO - Filling up the DagBag from /home/airflow/.local/lib/python3.12/site-packages/airflow/example_dags/example_branch_labels.py
[2026-08-08T17:57:09.161+0000] {processor.py:925} INFO - DAG(s) 'example_branch_labels' retrieved from /home/airflow/.local/lib/python3.12/site-packages/airflow/example_dags/example_branch_labels.py
[2026-08-08T17:57:09.180+0000] {logging_mixin.py:190} INFO - [2026-08-08T17:57:09.179+0000] {dag.py:3211} INFO - Sync 1 DAGs
[2026-08-08T17:57:09.201+0000] {logging_mixin.py:190} INFO - [2026-08-08T17:57:09.201+0000] {dag.py:4138} INFO - Setting next_dagrun for example_branch_labels to 2026-08-07 00:00:00+00:00, run_after=2026-08-08 00:00:00+00:00
[2026-08-08T17:57:09.219+0000] {processor.py:208} INFO - Processing /home/airflow/.local/lib/python3.12/site-packages/airflow/example_dags/example_branch_labels.py took 0.076 seconds
[2026-08-08T18:08:14.315+0000] {processor.py:186} INFO - Started process (PID=709) to work on /home/airflow/.local/lib/python3.12/site-packages/airflow/example_dags/example_branch_labels.py
[2026-08-08T18:08:14.327+0000] {processor.py:914} INFO - Processing file /home/airflow/.local/lib/python3.12/site-packages/airflow/example_dags/example_branch_labels.py for tasks to queue
[2026-08-08T18:08:14.339+0000] {logging_mixin.py:190} INFO - [2026-08-08T18:08:14.338+0000] {dagbag.py:587} INFO - Filling up the DagBag from /home/airflow/.local/lib/python3.12/site-packages/airflow/example_dags/example_branch_labels.py
[2026-08-08T18:08:14.368+0000] {processor.py:925} INFO - DAG(s) 'example_branch_labels' retrieved from /home/airflow/.local/lib/python3.12/site-packages/airflow/example_dags/example_branch_labels.py
[2026-08-08T18:08:14.420+0000] {logging_mixin.py:190} INFO - [2026-08-08T18:08:14.420+0000] {dag.py:3211} INFO - Sync 1 DAGs
[2026-08-08T18:08:14.482+0000] {logging_mixin.py:190} INFO - [2026-08-08T18:08:14.482+0000] {dag.py:4138} INFO - Setting next_dagrun for example_branch_labels to 2026-08-07 00:00:00+00:00, run_after=2026-08-08 00:00:00+00:00
[2026-08-08T18:08:14.526+0000] {processor.py:208} INFO - Processing /home/airflow/.local/lib/python3.12/site-packages/airflow/example_dags/example_branch_labels.py took 0.228 seconds
[2026-08-08T18:08:44.898+0000] {processor.py:186} INFO - Started process (PID=772) to work on /home/airflow/.local/lib/python3.12/site-packages/airflow/example_dags/example_branch_labels.py
[2026-08-08T18:08:44.907+0000] {processor.py:914} INFO - Processing file /home/airflow/.local/lib/python3.12/site-packages/airflow/example_dags/example_branch_labels.py for tasks to queue
[2026-08-08T18:08:44.911+0000] {logging_mixin.py:190} INFO - [2026-08-08T18:08:44.910+0000] {dagbag.py:587} INFO - Filling up the DagBag from /home/airflow/.local/lib/python3.12/site-packages/airflow/example_dags/example_branch_labels.py
[2026-08-08T18:08:44.928+0000] {processor.py:925} INFO - DAG(s) 'example_branch_labels' retrieved from /home/airflow/.local/lib/python3.12/site-packages/airflow/example_dags/example_branch_labels.py
[2026-08-08T18:08:44.959+0000] {logging_mixin.py:190} INFO - [2026-08-08T18:08:44.959+0000] {dag.py:3211} INFO - Sync 1 DAGs
[2026-08-08T18:08:44.994+0000] {logging_mixin.py:190} INFO - [2026-08-08T18:08:44.994+0000] {dag.py:4138} INFO - Setting next_dagrun for example_branch_labels to 2026-08-07 00:00:00+00:00, run_after=2026-08-08 00:00:00+00:00
[2026-08-08T18:08:45.062+0000] {processor.py:208} INFO - Processing /home/airflow/.local/lib/python3.12/site-packages/airflow/example_dags/example_branch_labels.py took 0.179 seconds
[2026-08-08T18:09:15.317+0000] {processor.py:186} INFO - Started process (PID=835) to work on /home/airflow/.local/lib/python3.12/site-packages/airflow/example_dags/example_branch_labels.py
[2026-08-08T18:09:15.319+0000] {processor.py:914} INFO - Processing file /home/airflow/.local/lib/python3.12/site-packages/airflow/example_dags/example_branch_labels.py for tasks to queue
[2026-08-08T18:09:15.322+0000] {logging_mixin.py:190} INFO - [2026-08-08T18:09:15.322+0000] {dagbag.py:587} INFO - Filling up the DagBag from /home/airflow/.local/lib/python3.12/site-packages/airflow/example_dags/example_branch_labels.py
[2026-08-08T18:09:15.333+0000] {processor.py:925} INFO - DAG(s) 'example_branch_labels' retrieved from /home/airflow/.local/lib/python3.12/site-packages/airflow/example_dags/example_branch_labels.py
[2026-08-08T18:09:15.358+0000] {logging_mixin.py:190} INFO - [2026-08-08T18:09:15.358+0000] {dag.py:3211} INFO - Sync 1 DAGs
[2026-08-08T18:09:15.389+0000] {logging_mixin.py:190} INFO - [2026-08-08T18:09:15.388+0000] {dag.py:4138} INFO - Setting next_dagrun for example_branch_labels to 2026-08-07 00:00:00+00:00, run_after=2026-08-08 00:00:00+00:00
[2026-08-08T18:09:15.414+0000] {processor.py:208} INFO - Processing /home/airflow/.local/lib/python3.12/site-packages/airflow/example_dags/example_branch_labels.py took 0.105 seconds
[2026-08-08T18:09:46.223+0000] {processor.py:186} INFO - Started process (PID=898) to work on /home/airflow/.local/lib/python3.12/site-packages/airflow/example_dags/example_branch_labels.py
[2026-08-08T18:09:46.227+0000] {processor.py:914} INFO - Processing file /home/airflow/.local/lib/python3.12/site-packages/airflow/example_dags/example_branch_labels.py for tasks to queue
[2026-08-08T18:09:46.230+0000] {logging_mixin.py:190} INFO - [2026-08-08T18:09:46.230+0000] {dagbag.py:587} INFO - Filling up the DagBag from /home/airflow/.local/lib/python3.12/site-packages/airflow/example_dags/example_branch_labels.py
[2026-08-08T18:09:46.247+0000] {processor.py:925} INFO - DAG(s) 'example_branch_labels' retrieved from /home/airflow/.local/lib/python3.12/site-packages/airflow/example_dags/example_branch_labels.py
[2026-08-08T18:09:46.283+0000] {logging_mixin.py:190} INFO - [2026-08-08T18:09:46.282+0000] {dag.py:3211} INFO - Sync 1 DAGs
[2026-08-08T18:09:46.315+0000] {logging_mixin.py:190} INFO - [2026-08-08T18:09:46.314+0000] {dag.py:4138} INFO - Setting next_dagrun for example_branch_labels to 2026-08-07 00:00:00+00:00, run_after=2026-08-08 00:00:00+00:00
[2026-08-08T18:09:46.347+0000] {processor.py:208} INFO - Processing /home/airflow/.local/lib/python3.12/site-packages/airflow/example_dags/example_branch_labels.py took 0.133 seconds
[2026-08-08T18:10:16.686+0000] {processor.py:186} INFO - Started process (PID=961) to work on /home/airflow/.local/lib/python3.12/site-packages/airflow/example_dags/example_branch_labels.py
[2026-08-08T18:10:16.689+0000] {processor.py:914} INFO - Processing file /home/airflow/.local/lib/python3.12/site-packages/airflow/example_dags/example_branch_labels.py for tasks to queue
[2026-08-08T18:10:16.695+0000] {logging_mixin.py:190} INFO - [2026-08-08T18:10:16.695+0000] {dagbag.py:587} INFO - Filling up the DagBag from /home/airflow/.local/lib/python3.12/site-packages/airflow/example_dags/example_branch_labels.py
[2026-08-08T18:10:16.714+0000] {processor.py:925} INFO - DAG(s) 'example_branch_labels' retrieved from /home/airflow/.local/lib/python3.12/site-packages/airflow/example_dags/example_branch_labels.py
[2026-08-08T18:10:16.763+0000] {logging_mixin.py:190} INFO - [2026-08-08T18:10:16.763+0000] {dag.py:3211} INFO - Sync 1 DAGs
[2026-08-08T18:10:16.822+0000] {logging_mixin.py:190} INFO - [2026-08-08T18:10:16.821+0000] {dag.py:4138} INFO - Setting next_dagrun for example_branch_labels to 2026-08-07 00:00:00+00:00, run_after=2026-08-08 00:00:00+00:00
[2026-08-08T18:10:16.873+0000] {processor.py:208} INFO - Processing /home/airflow/.local/lib/python3.12/site-packages/airflow/example_dags/example_branch_labels.py took 0.199 seconds
[2026-08-08T18:10:47.100+0000] {processor.py:186} INFO - Started process (PID=1023) to work on /home/airflow/.local/lib/python3.12/site-packages/airflow/example_dags/example_branch_labels.py
[2026-08-08T18:10:47.102+0000] {processor.py:914} INFO - Processing file /home/airflow/.local/lib/python3.12/site-packages/airflow/example_dags/example_branch_labels.py for tasks to queue
[2026-08-08T18:10:47.105+0000] {logging_mixin.py:190} INFO - [2026-08-08T18:10:47.105+0000] {dagbag.py:587} INFO - Filling up the DagBag from /home/airflow/.local/lib/python3.12/site-packages/airflow/example_dags/example_branch_labels.py
[2026-08-08T18:10:47.116+0000] {processor.py:925} INFO - DAG(s) 'example_branch_labels' retrieved from /home/airflow/.local/lib/python3.12/site-packages/airflow/example_dags/example_branch_labels.py
[2026-08-08T18:10:47.140+0000] {logging_mixin.py:190} INFO - [2026-08-08T18:10:47.140+0000] {dag.py:3211} INFO - Sync 1 DAGs
[2026-08-08T18:10:47.170+0000] {logging_mixin.py:190} INFO - [2026-08-08T18:10:47.170+0000] {dag.py:4138} INFO - Setting next_dagrun for example_branch_labels to 2026-08-07 00:00:00+00:00, run_after=2026-08-08 00:00:00+00:00
[2026-08-08T18:10:47.191+0000] {processor.py:208} INFO - Processing /home/airflow/.local/lib/python3.12/site-packages/airflow/example_dags/example_branch_labels.py took 0.096 seconds
[2026-08-08T18:11:18.236+0000] {processor.py:186} INFO - Started process (PID=1087) to work on /home/airflow/.local/lib/python3.12/site-packages/airflow/example_dags/example_branch_labels.py
[2026-08-08T18:11:18.238+0000] {processor.py:914} INFO - Processing file /home/airflow/.local/lib/python3.12/site-packages/airflow/example_dags/example_branch_labels.py for tasks to queue
[2026-08-08T18:11:18.242+0000] {logging_mixin.py:190} INFO - [2026-08-08T18:11:18.241+0000] {dagbag.py:587} INFO - Filling up the DagBag from /home/airflow/.local/lib/python3.12/site-packages/airflow/example_dags/example_branch_labels.py
[2026-08-08T18:11:18.253+0000] {processor.py:925} INFO - DAG(s) 'example_branch_labels' retrieved from /home/airflow/.local/lib/python3.12/site-packages/airflow/example_dags/example_branch_labels.py
[2026-08-08T18:11:18.277+0000] {logging_mixin.py:190} INFO - [2026-08-08T18:11:18.277+0000] {dag.py:3211} INFO - Sync 1 DAGs
[2026-08-08T18:11:18.297+0000] {logging_mixin.py:190} INFO - [2026-08-08T18:11:18.297+0000] {dag.py:4138} INFO - Setting next_dagrun for example_branch_labels to 2026-08-07 00:00:00+00:00, run_after=2026-08-08 00:00:00+00:00
[2026-08-08T18:11:18.319+0000] {processor.py:208} INFO - Processing /home/airflow/.local/lib/python3.12/site-packages/airflow/example_dags/example_branch_labels.py took 0.088 seconds
[2026-08-08T18:11:49.063+0000] {processor.py:186} INFO - Started process (PID=1150) to work on /home/airflow/.local/lib/python3.12/site-packages/airflow/example_dags/example_branch_labels.py
[2026-08-08T18:11:49.065+0000] {processor.py:914} INFO - Processing file /home/airflow/.local/lib/python3.12/site-packages/airflow/example_dags/example_branch_labels.py for tasks to queue
[2026-08-08T18:11:49.068+0000] {logging_mixin.py:190} INFO - [2026-08-08T18:11:49.067+0000] {dagbag.py:587} INFO - Filling up the DagBag from /home/airflow/.local/lib/python3.12/site-packages/airflow/example_dags/example_branch_labels.py
[2026-08-08T18:11:49.079+0000] {processor.py:925} INFO - DAG(s) 'example_branch_labels' retrieved from /home/airflow/.local/lib/python3.12/site-packages/airflow/example_dags/example_branch_labels.py
[2026-08-08T18:11:49.105+0000] {logging_mixin.py:190} INFO - [2026-08-08T18:11:49.105+0000] {dag.py:3211} INFO - Sync 1 DAGs
[2026-08-08T18:11:49.130+0000] {logging_mixin.py:190} INFO - [2026-08-08T18:11:49.130+0000] {dag.py:4138} INFO - Setting next_dagrun for example_branch_labels to 2026-08-07 00:00:00+00:00, run_after=2026-08-08 00:00:00+00:00
[2026-08-08T18:11:49.148+0000] {processor.py:208} INFO - Processing /home/airflow/.local/lib/python3.12/site-packages/airflow/example_dags/example_branch_labels.py took 0.091 seconds
[2026-08-08T18:13:05.224+0000] {processor.py:186} INFO - Started process (PID=79) to work on /home/airflow/.local/lib/python3.12/site-packages/airflow/example_dags/example_branch_labels.py
[2026-08-08T18:13:05.227+0000] {processor.py:914} INFO - Processing file /home/airflow/.local/lib/python3.12/site-packages/airflow/example_dags/example_branch_labels.py for tasks to queue
[2026-08-08T18:13:05.231+0000] {logging_mixin.py:190} INFO - [2026-08-08T18:13:05.231+0000] {dagbag.py:587} INFO - Filling up the DagBag from /home/airflow/.local/lib/python3.12/site-packages/airflow/example_dags/example_branch_labels.py
[2026-08-08T18:13:05.251+0000] {processor.py:925} INFO - DAG(s) 'example_branch_labels' retrieved from /home/airflow/.local/lib/python3.12/site-packages/airflow/example_dags/example_branch_labels.py
[2026-08-08T18:13:05.285+0000] {logging_mixin.py:190} INFO - [2026-08-08T18:13:05.285+0000] {dag.py:3211} INFO - Sync 1 DAGs
[2026-08-08T18:13:05.311+0000] {logging_mixin.py:190} INFO - [2026-08-08T18:13:05.311+0000] {dag.py:4138} INFO - Setting next_dagrun for example_branch_labels to 2026-08-07 00:00:00+00:00, run_after=2026-08-08 00:00:00+00:00
[2026-08-08T18:13:05.335+0000] {processor.py:208} INFO - Processing /home/airflow/.local/lib/python3.12/site-packages/airflow/example_dags/example_branch_labels.py took 0.121 seconds
[2026-08-08T18:13:35.387+0000] {processor.py:186} INFO - Started process (PID=148) to work on /home/airflow/.local/lib/python3.12/site-packages/airflow/example_dags/example_branch_labels.py
[2026-08-08T18:13:35.388+0000] {processor.py:914} INFO - Processing file /home/airflow/.local/lib/python3.12/site-packages/airflow/example_dags/example_branch_labels.py for tasks to queue
[2026-08-08T18:13:35.391+0000] {logging_mixin.py:190} INFO - [2026-08-08T18:13:35.390+0000] {dagbag.py:587} INFO - Filling up the DagBag from /home/airflow/.local/lib/python3.12/site-packages/airflow/example_dags/example_branch_labels.py
[2026-08-08T18:13:35.399+0000] {processor.py:925} INFO - DAG(s) 'example_branch_labels' retrieved from /home/airflow/.local/lib/python3.12/site-packages/airflow/example_dags/example_branch_labels.py
[2026-08-08T18:13:35.423+0000] {logging_mixin.py:190} INFO - [2026-08-08T18:13:35.423+0000] {dag.py:3211} INFO - Sync 1 DAGs
[2026-08-08T18:13:35.445+0000] {logging_mixin.py:190} INFO - [2026-08-08T18:13:35.445+0000] {dag.py:4138} INFO - Setting next_dagrun for example_branch_labels to 2026-08-07 00:00:00+00:00, run_after=2026-08-08 00:00:00+00:00
[2026-08-08T18:13:35.466+0000] {processor.py:208} INFO - Processing /home/airflow/.local/lib/python3.12/site-packages/airflow/example_dags/example_branch_labels.py took 0.085 seconds
[2026-08-08T18:14:06.206+0000] {processor.py:186} INFO - Started process (PID=211) to work on /home/airflow/.local/lib/python3.12/site-packages/airflow/example_dags/example_branch_labels.py
[2026-08-08T18:14:06.207+0000] {processor.py:914} INFO - Processing file /home/airflow/.local/lib/python3.12/site-packages/airflow/example_dags/example_branch_labels.py for tasks to queue
[2026-08-08T18:14:06.210+0000] {logging_mixin.py:190} INFO - [2026-08-08T18:14:06.210+0000] {dagbag.py:587} INFO - Filling up the DagBag from /home/airflow/.local/lib/python3.12/site-packages/airflow/example_dags/example_branch_labels.py
[2026-08-08T18:14:06.219+0000] {processor.py:925} INFO - DAG(s) 'example_branch_labels' retrieved from /home/airflow/.local/lib/python3.12/site-packages/airflow/example_dags/example_branch_labels.py
[2026-08-08T18:14:06.240+0000] {logging_mixin.py:190} INFO - [2026-08-08T18:14:06.239+0000] {dag.py:3211} INFO - Sync 1 DAGs
[2026-08-08T18:14:06.264+0000] {logging_mixin.py:190} INFO - [2026-08-08T18:14:06.264+0000] {dag.py:4138} INFO - Setting next_dagrun for example_branch_labels to 2026-08-07 00:00:00+00:00, run_after=2026-08-08 00:00:00+00:00
[2026-08-08T18:14:06.282+0000] {processor.py:208} INFO - Processing /home/airflow/.local/lib/python3.12/site-packages/airflow/example_dags/example_branch_labels.py took 0.082 seconds
[2026-08-08T18:14:36.629+0000] {processor.py:186} INFO - Started process (PID=274) to work on /home/airflow/.local/lib/python3.12/site-packages/airflow/example_dags/example_branch_labels.py
[2026-08-08T18:14:36.631+0000] {processor.py:914} INFO - Processing file /home/airflow/.local/lib/python3.12/site-packages/airflow/example_dags/example_branch_labels.py for tasks to queue
[2026-08-08T18:14:36.634+0000] {logging_mixin.py:190} INFO - [2026-08-08T18:14:36.634+0000] {dagbag.py:587} INFO - Filling up the DagBag from /home/airflow/.local/lib/python3.12/site-packages/airflow/example_dags/example_branch_labels.py
[2026-08-08T18:14:36.646+0000] {processor.py:925} INFO - DAG(s) 'example_branch_labels' retrieved from /home/airflow/.local/lib/python3.12/site-packages/airflow/example_dags/example_branch_labels.py
[2026-08-08T18:14:36.669+0000] {logging_mixin.py:190} INFO - [2026-08-08T18:14:36.669+0000] {dag.py:3211} INFO - Sync 1 DAGs
[2026-08-08T18:14:36.692+0000] {logging_mixin.py:190} INFO - [2026-08-08T18:14:36.692+0000] {dag.py:4138} INFO - Setting next_dagrun for example_branch_labels to 2026-08-07 00:00:00+00:00, run_after=2026-08-08 00:00:00+00:00
[2026-08-08T18:14:36.714+0000] {processor.py:208} INFO - Processing /home/airflow/.local/lib/python3.12/site-packages/airflow/example_dags/example_branch_labels.py took 0.093 seconds
[2026-08-08T18:15:07.036+0000] {processor.py:186} INFO - Started process (PID=337) to work on /home/airflow/.local/lib/python3.12/site-packages/airflow/example_dags/example_branch_labels.py
[2026-08-08T18:15:07.038+0000] {processor.py:914} INFO - Processing file /home/airflow/.local/lib/python3.12/site-packages/airflow/example_dags/example_branch_labels.py for tasks to queue
[2026-08-08T18:15:07.044+0000] {logging_mixin.py:190} INFO - [2026-08-08T18:15:07.043+0000] {dagbag.py:587} INFO - Filling up the DagBag from /home/airflow/.local/lib/python3.12/site-packages/airflow/example_dags/example_branch_labels.py
[2026-08-08T18:15:07.065+0000] {processor.py:925} INFO - DAG(s) 'example_branch_labels' retrieved from /home/airflow/.local/lib/python3.12/site-packages/airflow/example_dags/example_branch_labels.py
[2026-08-08T18:15:07.152+0000] {logging_mixin.py:190} INFO - [2026-08-08T18:15:07.151+0000] {dag.py:3211} INFO - Sync 1 DAGs
[2026-08-08T18:15:07.265+0000] {logging_mixin.py:190} INFO - [2026-08-08T18:15:07.264+0000] {dag.py:4138} INFO - Setting next_dagrun for example_branch_labels to 2026-08-07 00:00:00+00:00, run_after=2026-08-08 00:00:00+00:00
[2026-08-08T18:15:07.329+0000] {processor.py:208} INFO - Processing /home/airflow/.local/lib/python3.12/site-packages/airflow/example_dags/example_branch_labels.py took 0.308 seconds
[2026-08-08T18:15:38.146+0000] {processor.py:186} INFO - Started process (PID=400) to work on /home/airflow/.local/lib/python3.12/site-packages/airflow/example_dags/example_branch_labels.py
[2026-08-08T18:15:38.148+0000] {processor.py:914} INFO - Processing file /home/airflow/.local/lib/python3.12/site-packages/airflow/example_dags/example_branch_labels.py for tasks to queue
[2026-08-08T18:15:38.153+0000] {logging_mixin.py:190} INFO - [2026-08-08T18:15:38.152+0000] {dagbag.py:587} INFO - Filling up the DagBag from /home/airflow/.local/lib/python3.12/site-packages/airflow/example_dags/example_branch_labels.py
[2026-08-08T18:15:38.171+0000] {processor.py:925} INFO - DAG(s) 'example_branch_labels' retrieved from /home/airflow/.local/lib/python3.12/site-packages/airflow/example_dags/example_branch_labels.py
[2026-08-08T18:15:38.209+0000] {logging_mixin.py:190} INFO - [2026-08-08T18:15:38.208+0000] {dag.py:3211} INFO - Sync 1 DAGs
[2026-08-08T18:15:38.251+0000] {logging_mixin.py:190} INFO - [2026-08-08T18:15:38.251+0000] {dag.py:4138} INFO - Setting next_dagrun for example_branch_labels to 2026-08-07 00:00:00+00:00, run_after=2026-08-08 00:00:00+00:00
[2026-08-08T18:15:38.285+0000] {processor.py:208} INFO - Processing /home/airflow/.local/lib/python3.12/site-packages/airflow/example_dags/example_branch_labels.py took 0.151 seconds
[2026-08-08T18:17:10.485+0000] {processor.py:186} INFO - Started process (PID=98) to work on /home/airflow/.local/lib/python3.12/site-packages/airflow/example_dags/example_branch_labels.py
[2026-08-08T18:17:10.487+0000] {processor.py:914} INFO - Processing file /home/airflow/.local/lib/python3.12/site-packages/airflow/example_dags/example_branch_labels.py for tasks to queue
[2026-08-08T18:17:10.492+0000] {logging_mixin.py:190} INFO - [2026-08-08T18:17:10.492+0000] {dagbag.py:587} INFO - Filling up the DagBag from /home/airflow/.local/lib/python3.12/site-packages/airflow/example_dags/example_branch_labels.py
[2026-08-08T18:17:10.517+0000] {processor.py:925} INFO - DAG(s) 'example_branch_labels' retrieved from /home/airflow/.local/lib/python3.12/site-packages/airflow/example_dags/example_branch_labels.py
[2026-08-08T18:17:10.557+0000] {logging_mixin.py:190} INFO - [2026-08-08T18:17:10.557+0000] {dag.py:3211} INFO - Sync 1 DAGs
[2026-08-08T18:17:10.591+0000] {logging_mixin.py:190} INFO - [2026-08-08T18:17:10.591+0000] {dag.py:4138} INFO - Setting next_dagrun for example_branch_labels to 2026-08-07 00:00:00+00:00, run_after=2026-08-08 00:00:00+00:00
[2026-08-08T18:17:10.627+0000] {processor.py:208} INFO - Processing /home/airflow/.local/lib/python3.12/site-packages/airflow/example_dags/example_branch_labels.py took 0.151 seconds
[2026-08-08T18:17:41.357+0000] {processor.py:186} INFO - Started process (PID=161) to work on /home/airflow/.local/lib/python3.12/site-packages/airflow/example_dags/example_branch_labels.py
[2026-08-08T18:17:41.358+0000] {processor.py:914} INFO - Processing file /home/airflow/.local/lib/python3.12/site-packages/airflow/example_dags/example_branch_labels.py for tasks to queue
[2026-08-08T18:17:41.361+0000] {logging_mixin.py:190} INFO - [2026-08-08T18:17:41.360+0000] {dagbag.py:587} INFO - Filling up the DagBag from /home/airflow/.local/lib/python3.12/site-packages/airflow/example_dags/example_branch_labels.py
[2026-08-08T18:17:41.372+0000] {processor.py:925} INFO - DAG(s) 'example_branch_labels' retrieved from /home/airflow/.local/lib/python3.12/site-packages/airflow/example_dags/example_branch_labels.py
[2026-08-08T18:17:41.396+0000] {logging_mixin.py:190} INFO - [2026-08-08T18:17:41.395+0000] {dag.py:3211} INFO - Sync 1 DAGs
[2026-08-08T18:17:41.424+0000] {logging_mixin.py:190} INFO - [2026-08-08T18:17:41.424+0000] {dag.py:4138} INFO - Setting next_dagrun for example_branch_labels to 2026-08-07 00:00:00+00:00, run_after=2026-08-08 00:00:00+00:00
[2026-08-08T18:17:41.446+0000] {processor.py:208} INFO - Processing /home/airflow/.local/lib/python3.12/site-packages/airflow/example_dags/example_branch_labels.py took 0.095 seconds
[2026-08-08T18:18:11.924+0000] {processor.py:186} INFO - Started process (PID=224) to work on /home/airflow/.local/lib/python3.12/site-packages/airflow/example_dags/example_branch_labels.py
[2026-08-08T18:18:11.925+0000] {processor.py:914} INFO - Processing file /home/airflow/.local/lib/python3.12/site-packages/airflow/example_dags/example_branch_labels.py for tasks to queue
[2026-08-08T18:18:11.927+0000] {logging_mixin.py:190} INFO - [2026-08-08T18:18:11.927+0000] {dagbag.py:587} INFO - Filling up the DagBag from /home/airflow/.local/lib/python3.12/site-packages/airflow/example_dags/example_branch_labels.py
[2026-08-08T18:18:11.936+0000] {processor.py:925} INFO - DAG(s) 'example_branch_labels' retrieved from /home/airflow/.local/lib/python3.12/site-packages/airflow/example_dags/example_branch_labels.py
[2026-08-08T18:18:11.959+0000] {logging_mixin.py:190} INFO - [2026-08-08T18:18:11.959+0000] {dag.py:3211} INFO - Sync 1 DAGs
[2026-08-08T18:18:11.986+0000] {logging_mixin.py:190} INFO - [2026-08-08T18:18:11.986+0000] {dag.py:4138} INFO - Setting next_dagrun for example_branch_labels to 2026-08-07 00:00:00+00:00, run_after=2026-08-08 00:00:00+00:00
[2026-08-08T18:18:12.010+0000] {processor.py:208} INFO - Processing /home/airflow/.local/lib/python3.12/site-packages/airflow/example_dags/example_branch_labels.py took 0.092 seconds
[2026-08-08T18:18:42.109+0000] {processor.py:186} INFO - Started process (PID=287) to work on /home/airflow/.local/lib/python3.12/site-packages/airflow/example_dags/example_branch_labels.py
[2026-08-08T18:18:42.110+0000] {processor.py:914} INFO - Processing file /home/airflow/.local/lib/python3.12/site-packages/airflow/example_dags/example_branch_labels.py for tasks to queue
[2026-08-08T18:18:42.114+0000] {logging_mixin.py:190} INFO - [2026-08-08T18:18:42.113+0000] {dagbag.py:587} INFO - Filling up the DagBag from /home/airflow/.local/lib/python3.12/site-packages/airflow/example_dags/example_branch_labels.py
[2026-08-08T18:18:42.124+0000] {processor.py:925} INFO - DAG(s) 'example_branch_labels' retrieved from /home/airflow/.local/lib/python3.12/site-packages/airflow/example_dags/example_branch_labels.py
[2026-08-08T18:18:42.150+0000] {logging_mixin.py:190} INFO - [2026-08-08T18:18:42.150+0000] {dag.py:3211} INFO - Sync 1 DAGs
[2026-08-08T18:18:42.181+0000] {logging_mixin.py:190} INFO - [2026-08-08T18:18:42.181+0000] {dag.py:4138} INFO - Setting next_dagrun for example_branch_labels to 2026-08-07 00:00:00+00:00, run_after=2026-08-08 00:00:00+00:00
[2026-08-08T18:18:42.208+0000] {processor.py:208} INFO - Processing /home/airflow/.local/lib/python3.12/site-packages/airflow/example_dags/example_branch_labels.py took 0.105 seconds
[2026-08-08T18:19:12.367+0000] {processor.py:186} INFO - Started process (PID=350) to work on /home/airflow/.local/lib/python3.12/site-packages/airflow/example_dags/example_branch_labels.py
[2026-08-08T18:19:12.368+0000] {processor.py:914} INFO - Processing file /home/airflow/.local/lib/python3.12/site-packages/airflow/example_dags/example_branch_labels.py for tasks to queue
[2026-08-08T18:19:12.372+0000] {logging_mixin.py:190} INFO - [2026-08-08T18:19:12.371+0000] {dagbag.py:587} INFO - Filling up the DagBag from /home/airflow/.local/lib/python3.12/site-packages/airflow/example_dags/example_branch_labels.py
[2026-08-08T18:19:12.386+0000] {processor.py:925} INFO - DAG(s) 'example_branch_labels' retrieved from /home/airflow/.local/lib/python3.12/site-packages/airflow/example_dags/example_branch_labels.py
[2026-08-08T18:19:12.418+0000] {logging_mixin.py:190} INFO - [2026-08-08T18:19:12.418+0000] {dag.py:3211} INFO - Sync 1 DAGs
[2026-08-08T18:19:12.444+0000] {logging_mixin.py:190} INFO - [2026-08-08T18:19:12.444+0000] {dag.py:4138} INFO - Setting next_dagrun for example_branch_labels to 2026-08-07 00:00:00+00:00, run_after=2026-08-08 00:00:00+00:00
[2026-08-08T18:19:12.464+0000] {processor.py:208} INFO - Processing /home/airflow/.local/lib/python3.12/site-packages/airflow/example_dags/example_branch_labels.py took 0.105 seconds
[2026-08-08T18:23:58.104+0000] {processor.py:186} INFO - Started process (PID=413) to work on /home/airflow/.local/lib/python3.12/site-packages/airflow/example_dags/example_branch_labels.py
[2026-08-08T18:23:58.111+0000] {processor.py:914} INFO - Processing file /home/airflow/.local/lib/python3.12/site-packages/airflow/example_dags/example_branch_labels.py for tasks to queue
[2026-08-08T18:23:58.119+0000] {logging_mixin.py:190} INFO - [2026-08-08T18:23:58.118+0000] {dagbag.py:587} INFO - Filling up the DagBag from /home/airflow/.local/lib/python3.12/site-packages/airflow/example_dags/example_branch_labels.py
[2026-08-08T18:23:58.137+0000] {processor.py:925} INFO - DAG(s) 'example_branch_labels' retrieved from /home/airflow/.local/lib/python3.12/site-packages/airflow/example_dags/example_branch_labels.py
[2026-08-08T18:23:58.153+0000] {logging_mixin.py:190} INFO - [2026-08-08T18:23:58.153+0000] {dag.py:3211} INFO - Sync 1 DAGs
[2026-08-08T18:23:58.171+0000] {logging_mixin.py:190} INFO - [2026-08-08T18:23:58.171+0000] {dag.py:4138} INFO - Setting next_dagrun for example_branch_labels to 2026-08-07 00:00:00+00:00, run_after=2026-08-08 00:00:00+00:00
[2026-08-08T18:23:58.202+0000] {processor.py:208} INFO - Processing /home/airflow/.local/lib/python3.12/site-packages/airflow/example_dags/example_branch_labels.py took 0.103 seconds
[2026-08-08T18:24:28.347+0000] {processor.py:186} INFO - Started process (PID=476) to work on /home/airflow/.local/lib/python3.12/site-packages/airflow/example_dags/example_branch_labels.py
[2026-08-08T18:24:28.349+0000] {processor.py:914} INFO - Processing file /home/airflow/.local/lib/python3.12/site-packages/airflow/example_dags/example_branch_labels.py for tasks to queue
[2026-08-08T18:24:28.352+0000] {logging_mixin.py:190} INFO - [2026-08-08T18:24:28.352+0000] {dagbag.py:587} INFO - Filling up the DagBag from /home/airflow/.local/lib/python3.12/site-packages/airflow/example_dags/example_branch_labels.py
[2026-08-08T18:24:28.363+0000] {processor.py:925} INFO - DAG(s) 'example_branch_labels' retrieved from /home/airflow/.local/lib/python3.12/site-packages/airflow/example_dags/example_branch_labels.py
[2026-08-08T18:24:28.388+0000] {logging_mixin.py:190} INFO - [2026-08-08T18:24:28.387+0000] {dag.py:3211} INFO - Sync 1 DAGs
[2026-08-08T18:24:28.414+0000] {logging_mixin.py:190} INFO - [2026-08-08T18:24:28.414+0000] {dag.py:4138} INFO - Setting next_dagrun for example_branch_labels to 2026-08-07 00:00:00+00:00, run_after=2026-08-08 00:00:00+00:00
[2026-08-08T18:24:28.433+0000] {processor.py:208} INFO - Processing /home/airflow/.local/lib/python3.12/site-packages/airflow/example_dags/example_branch_labels.py took 0.093 seconds
[2026-08-08T18:24:58.873+0000] {processor.py:186} INFO - Started process (PID=539) to work on /home/airflow/.local/lib/python3.12/site-packages/airflow/example_dags/example_branch_labels.py
[2026-08-08T18:24:58.875+0000] {processor.py:914} INFO - Processing file /home/airflow/.local/lib/python3.12/site-packages/airflow/example_dags/example_branch_labels.py for tasks to queue
[2026-08-08T18:24:58.878+0000] {logging_mixin.py:190} INFO - [2026-08-08T18:24:58.877+0000] {dagbag.py:587} INFO - Filling up the DagBag from /home/airflow/.local/lib/python3.12/site-packages/airflow/example_dags/example_branch_labels.py
[2026-08-08T18:24:58.887+0000] {processor.py:925} INFO - DAG(s) 'example_branch_labels' retrieved from /home/airflow/.local/lib/python3.12/site-packages/airflow/example_dags/example_branch_labels.py
[2026-08-08T18:24:58.907+0000] {logging_mixin.py:190} INFO - [2026-08-08T18:24:58.907+0000] {dag.py:3211} INFO - Sync 1 DAGs
[2026-08-08T18:24:58.930+0000] {logging_mixin.py:190} INFO - [2026-08-08T18:24:58.930+0000] {dag.py:4138} INFO - Setting next_dagrun for example_branch_labels to 2026-08-07 00:00:00+00:00, run_after=2026-08-08 00:00:00+00:00
[2026-08-08T18:24:58.952+0000] {processor.py:208} INFO - Processing /home/airflow/.local/lib/python3.12/site-packages/airflow/example_dags/example_branch_labels.py took 0.085 seconds
[2026-08-08T18:25:29.099+0000] {processor.py:186} INFO - Started process (PID=601) to work on /home/airflow/.local/lib/python3.12/site-packages/airflow/example_dags/example_branch_labels.py
[2026-08-08T18:25:29.101+0000] {processor.py:914} INFO - Processing file /home/airflow/.local/lib/python3.12/site-packages/airflow/example_dags/example_branch_labels.py for tasks to queue
[2026-08-08T18:25:29.104+0000] {logging_mixin.py:190} INFO - [2026-08-08T18:25:29.104+0000] {dagbag.py:587} INFO - Filling up the DagBag from /home/airflow/.local/lib/python3.12/site-packages/airflow/example_dags/example_branch_labels.py
[2026-08-08T18:25:29.115+0000] {processor.py:925} INFO - DAG(s) 'example_branch_labels' retrieved from /home/airflow/.local/lib/python3.12/site-packages/airflow/example_dags/example_branch_labels.py
[2026-08-08T18:25:29.138+0000] {logging_mixin.py:190} INFO - [2026-08-08T18:25:29.137+0000] {dag.py:3211} INFO - Sync 1 DAGs
[2026-08-08T18:25:29.158+0000] {logging_mixin.py:190} INFO - [2026-08-08T18:25:29.158+0000] {dag.py:4138} INFO - Setting next_dagrun for example_branch_labels to 2026-08-07 00:00:00+00:00, run_after=2026-08-08 00:00:00+00:00
[2026-08-08T18:25:29.176+0000] {processor.py:208} INFO - Processing /home/airflow/.local/lib/python3.12/site-packages/airflow/example_dags/example_branch_labels.py took 0.084 seconds
[2026-08-08T18:25:59.330+0000] {processor.py:186} INFO - Started process (PID=665) to work on /home/airflow/.local/lib/python3.12/site-packages/airflow/example_dags/example_branch_labels.py
[2026-08-08T18:25:59.334+0000] {processor.py:914} INFO - Processing file /home/airflow/.local/lib/python3.12/site-packages/airflow/example_dags/example_branch_labels.py for tasks to queue
[2026-08-08T18:25:59.338+0000] {logging_mixin.py:190} INFO - [2026-08-08T18:25:59.337+0000] {dagbag.py:587} INFO - Filling up the DagBag from /home/airflow/.local/lib/python3.12/site-packages/airflow/example_dags/example_branch_labels.py
[2026-08-08T18:25:59.349+0000] {processor.py:925} INFO - DAG(s) 'example_branch_labels' retrieved from /home/airflow/.local/lib/python3.12/site-packages/airflow/example_dags/example_branch_labels.py
[2026-08-08T18:25:59.373+0000] {logging_mixin.py:190} INFO - [2026-08-08T18:25:59.373+0000] {dag.py:3211} INFO - Sync 1 DAGs
[2026-08-08T18:25:59.395+0000] {logging_mixin.py:190} INFO - [2026-08-08T18:25:59.395+0000] {dag.py:4138} INFO - Setting next_dagrun for example_branch_labels to 2026-08-07 00:00:00+00:00, run_after=2026-08-08 00:00:00+00:00
[2026-08-08T18:25:59.416+0000] {processor.py:208} INFO - Processing /home/airflow/.local/lib/python3.12/site-packages/airflow/example_dags/example_branch_labels.py took 0.093 seconds
[2026-08-08T18:26:29.833+0000] {processor.py:186} INFO - Started process (PID=728) to work on /home/airflow/.local/lib/python3.12/site-packages/airflow/example_dags/example_branch_labels.py
[2026-08-08T18:26:29.835+0000] {processor.py:914} INFO - Processing file /home/airflow/.local/lib/python3.12/site-packages/airflow/example_dags/example_branch_labels.py for tasks to queue
[2026-08-08T18:26:29.838+0000] {logging_mixin.py:190} INFO - [2026-08-08T18:26:29.838+0000] {dagbag.py:587} INFO - Filling up the DagBag from /home/airflow/.local/lib/python3.12/site-packages/airflow/example_dags/example_branch_labels.py
[2026-08-08T18:26:29.848+0000] {processor.py:925} INFO - DAG(s) 'example_branch_labels' retrieved from /home/airflow/.local/lib/python3.12/site-packages/airflow/example_dags/example_branch_labels.py
[2026-08-08T18:26:29.869+0000] {logging_mixin.py:190} INFO - [2026-08-08T18:26:29.868+0000] {dag.py:3211} INFO - Sync 1 DAGs
[2026-08-08T18:26:29.893+0000] {logging_mixin.py:190} INFO - [2026-08-08T18:26:29.892+0000] {dag.py:4138} INFO - Setting next_dagrun for example_branch_labels to 2026-08-07 00:00:00+00:00, run_after=2026-08-08 00:00:00+00:00
[2026-08-08T18:26:29.908+0000] {processor.py:208} INFO - Processing /home/airflow/.local/lib/python3.12/site-packages/airflow/example_dags/example_branch_labels.py took 0.082 seconds
