[2026-08-08T17:25:06.622+0000] {processor.py:186} INFO - Started process (PID=89) to work on /home/airflow/.local/lib/python3.12/site-packages/airflow/example_dags/example_workday_timetable.py
[2026-08-08T17:25:06.625+0000] {processor.py:914} INFO - Processing file /home/airflow/.local/lib/python3.12/site-packages/airflow/example_dags/example_workday_timetable.py for tasks to queue
[2026-08-08T17:25:06.629+0000] {logging_mixin.py:190} INFO - [2026-08-08T17:25:06.629+0000] {dagbag.py:587} INFO - Filling up the DagBag from /home/airflow/.local/lib/python3.12/site-packages/airflow/example_dags/example_workday_timetable.py
[2026-08-08T17:25:06.701+0000] {processor.py:925} INFO - DAG(s) 'example_workday_timetable' retrieved from /home/airflow/.local/lib/python3.12/site-packages/airflow/example_dags/example_workday_timetable.py
[2026-08-08T17:25:07.222+0000] {logging_mixin.py:190} INFO - [2026-08-08T17:25:07.221+0000] {override.py:1858} INFO - Created Permission View: can delete on DAG:example_workday_timetable
[2026-08-08T17:25:07.358+0000] {logging_mixin.py:190} INFO - [2026-08-08T17:25:07.357+0000] {override.py:1858} INFO - Created Permission View: can edit on DAG:example_workday_timetable
[2026-08-08T17:25:07.490+0000] {logging_mixin.py:190} INFO - [2026-08-08T17:25:07.489+0000] {override.py:1858} INFO - Created Permission View: can read on DAG:example_workday_timetable
[2026-08-08T17:25:07.491+0000] {logging_mixin.py:190} INFO - [2026-08-08T17:25:07.491+0000] {dag.py:3211} INFO - Sync 1 DAGs
[2026-08-08T17:25:07.507+0000] {logging_mixin.py:190} INFO - [2026-08-08T17:25:07.507+0000] {dag.py:3234} INFO - Creating ORM DAG for example_workday_timetable
[2026-08-08T17:25:07.609+0000] {logging_mixin.py:190} INFO - [2026-08-08T17:25:07.609+0000] {dag.py:4138} INFO - Setting next_dagrun for example_workday_timetable to 2021-01-04 00:00:00+00:00, run_after=2021-01-05 00:00:00+00:00
[2026-08-08T17:25:07.787+0000] {processor.py:208} INFO - Processing /home/airflow/.local/lib/python3.12/site-packages/airflow/example_dags/example_workday_timetable.py took 1.175 seconds
[2026-08-08T17:25:37.976+0000] {processor.py:186} INFO - Started process (PID=151) to work on /home/airflow/.local/lib/python3.12/site-packages/airflow/example_dags/example_workday_timetable.py
[2026-08-08T17:25:37.978+0000] {processor.py:914} INFO - Processing file /home/airflow/.local/lib/python3.12/site-packages/airflow/example_dags/example_workday_timetable.py for tasks to queue
[2026-08-08T17:25:37.983+0000] {logging_mixin.py:190} INFO - [2026-08-08T17:25:37.982+0000] {dagbag.py:587} INFO - Filling up the DagBag from /home/airflow/.local/lib/python3.12/site-packages/airflow/example_dags/example_workday_timetable.py
[2026-08-08T17:25:37.989+0000] {processor.py:925} INFO - DAG(s) 'example_workday_timetable' retrieved from /home/airflow/.local/lib/python3.12/site-packages/airflow/example_dags/example_workday_timetable.py
[2026-08-08T17:25:38.007+0000] {logging_mixin.py:190} INFO - [2026-08-08T17:25:38.007+0000] {dag.py:3211} INFO - Sync 1 DAGs
[2026-08-08T17:25:38.050+0000] {logging_mixin.py:190} INFO - [2026-08-08T17:25:38.050+0000] {dag.py:4138} INFO - Setting next_dagrun for example_workday_timetable to 2021-01-04 00:00:00+00:00, run_after=2021-01-05 00:00:00+00:00
[2026-08-08T17:25:38.071+0000] {processor.py:208} INFO - Processing /home/airflow/.local/lib/python3.12/site-packages/airflow/example_dags/example_workday_timetable.py took 0.098 seconds
[2026-08-08T17:26:08.431+0000] {processor.py:186} INFO - Started process (PID=214) to work on /home/airflow/.local/lib/python3.12/site-packages/airflow/example_dags/example_workday_timetable.py
[2026-08-08T17:26:08.432+0000] {processor.py:914} INFO - Processing file /home/airflow/.local/lib/python3.12/site-packages/airflow/example_dags/example_workday_timetable.py for tasks to queue
[2026-08-08T17:26:08.434+0000] {logging_mixin.py:190} INFO - [2026-08-08T17:26:08.434+0000] {dagbag.py:587} INFO - Filling up the DagBag from /home/airflow/.local/lib/python3.12/site-packages/airflow/example_dags/example_workday_timetable.py
[2026-08-08T17:26:08.439+0000] {processor.py:925} INFO - DAG(s) 'example_workday_timetable' retrieved from /home/airflow/.local/lib/python3.12/site-packages/airflow/example_dags/example_workday_timetable.py
[2026-08-08T17:26:08.453+0000] {logging_mixin.py:190} INFO - [2026-08-08T17:26:08.453+0000] {dag.py:3211} INFO - Sync 1 DAGs
[2026-08-08T17:26:08.488+0000] {logging_mixin.py:190} INFO - [2026-08-08T17:26:08.488+0000] {dag.py:4138} INFO - Setting next_dagrun for example_workday_timetable to 2021-01-04 00:00:00+00:00, run_after=2021-01-05 00:00:00+00:00
[2026-08-08T17:26:08.506+0000] {processor.py:208} INFO - Processing /home/airflow/.local/lib/python3.12/site-packages/airflow/example_dags/example_workday_timetable.py took 0.078 seconds
[2026-08-08T17:26:38.696+0000] {processor.py:186} INFO - Started process (PID=277) to work on /home/airflow/.local/lib/python3.12/site-packages/airflow/example_dags/example_workday_timetable.py
[2026-08-08T17:26:38.698+0000] {processor.py:914} INFO - Processing file /home/airflow/.local/lib/python3.12/site-packages/airflow/example_dags/example_workday_timetable.py for tasks to queue
[2026-08-08T17:26:38.700+0000] {logging_mixin.py:190} INFO - [2026-08-08T17:26:38.700+0000] {dagbag.py:587} INFO - Filling up the DagBag from /home/airflow/.local/lib/python3.12/site-packages/airflow/example_dags/example_workday_timetable.py
[2026-08-08T17:26:38.708+0000] {processor.py:925} INFO - DAG(s) 'example_workday_timetable' retrieved from /home/airflow/.local/lib/python3.12/site-packages/airflow/example_dags/example_workday_timetable.py
[2026-08-08T17:26:38.728+0000] {logging_mixin.py:190} INFO - [2026-08-08T17:26:38.728+0000] {dag.py:3211} INFO - Sync 1 DAGs
[2026-08-08T17:26:38.781+0000] {logging_mixin.py:190} INFO - [2026-08-08T17:26:38.781+0000] {dag.py:4138} INFO - Setting next_dagrun for example_workday_timetable to 2021-01-04 00:00:00+00:00, run_after=2021-01-05 00:00:00+00:00
[2026-08-08T17:26:38.804+0000] {processor.py:208} INFO - Processing /home/airflow/.local/lib/python3.12/site-packages/airflow/example_dags/example_workday_timetable.py took 0.114 seconds
[2026-08-08T17:27:09.482+0000] {processor.py:186} INFO - Started process (PID=340) to work on /home/airflow/.local/lib/python3.12/site-packages/airflow/example_dags/example_workday_timetable.py
[2026-08-08T17:27:09.484+0000] {processor.py:914} INFO - Processing file /home/airflow/.local/lib/python3.12/site-packages/airflow/example_dags/example_workday_timetable.py for tasks to queue
[2026-08-08T17:27:09.486+0000] {logging_mixin.py:190} INFO - [2026-08-08T17:27:09.486+0000] {dagbag.py:587} INFO - Filling up the DagBag from /home/airflow/.local/lib/python3.12/site-packages/airflow/example_dags/example_workday_timetable.py
[2026-08-08T17:27:09.493+0000] {processor.py:925} INFO - DAG(s) 'example_workday_timetable' retrieved from /home/airflow/.local/lib/python3.12/site-packages/airflow/example_dags/example_workday_timetable.py
[2026-08-08T17:27:09.514+0000] {logging_mixin.py:190} INFO - [2026-08-08T17:27:09.514+0000] {dag.py:3211} INFO - Sync 1 DAGs
[2026-08-08T17:27:09.563+0000] {logging_mixin.py:190} INFO - [2026-08-08T17:27:09.563+0000] {dag.py:4138} INFO - Setting next_dagrun for example_workday_timetable to 2021-01-04 00:00:00+00:00, run_after=2021-01-05 00:00:00+00:00
[2026-08-08T17:27:09.582+0000] {processor.py:208} INFO - Processing /home/airflow/.local/lib/python3.12/site-packages/airflow/example_dags/example_workday_timetable.py took 0.109 seconds
[2026-08-08T17:27:39.840+0000] {processor.py:186} INFO - Started process (PID=403) to work on /home/airflow/.local/lib/python3.12/site-packages/airflow/example_dags/example_workday_timetable.py
[2026-08-08T17:27:39.841+0000] {processor.py:914} INFO - Processing file /home/airflow/.local/lib/python3.12/site-packages/airflow/example_dags/example_workday_timetable.py for tasks to queue
[2026-08-08T17:27:39.844+0000] {logging_mixin.py:190} INFO - [2026-08-08T17:27:39.843+0000] {dagbag.py:587} INFO - Filling up the DagBag from /home/airflow/.local/lib/python3.12/site-packages/airflow/example_dags/example_workday_timetable.py
[2026-08-08T17:27:39.853+0000] {processor.py:925} INFO - DAG(s) 'example_workday_timetable' retrieved from /home/airflow/.local/lib/python3.12/site-packages/airflow/example_dags/example_workday_timetable.py
[2026-08-08T17:27:39.874+0000] {logging_mixin.py:190} INFO - [2026-08-08T17:27:39.874+0000] {dag.py:3211} INFO - Sync 1 DAGs
[2026-08-08T17:27:39.934+0000] {logging_mixin.py:190} INFO - [2026-08-08T17:27:39.934+0000] {dag.py:4138} INFO - Setting next_dagrun for example_workday_timetable to 2021-01-04 00:00:00+00:00, run_after=2021-01-05 00:00:00+00:00
[2026-08-08T17:27:39.953+0000] {processor.py:208} INFO - Processing /home/airflow/.local/lib/python3.12/site-packages/airflow/example_dags/example_workday_timetable.py took 0.120 seconds
[2026-08-08T17:28:10.269+0000] {processor.py:186} INFO - Started process (PID=466) to work on /home/airflow/.local/lib/python3.12/site-packages/airflow/example_dags/example_workday_timetable.py
[2026-08-08T17:28:10.271+0000] {processor.py:914} INFO - Processing file /home/airflow/.local/lib/python3.12/site-packages/airflow/example_dags/example_workday_timetable.py for tasks to queue
[2026-08-08T17:28:10.274+0000] {logging_mixin.py:190} INFO - [2026-08-08T17:28:10.274+0000] {dagbag.py:587} INFO - Filling up the DagBag from /home/airflow/.local/lib/python3.12/site-packages/airflow/example_dags/example_workday_timetable.py
[2026-08-08T17:28:10.280+0000] {processor.py:925} INFO - DAG(s) 'example_workday_timetable' retrieved from /home/airflow/.local/lib/python3.12/site-packages/airflow/example_dags/example_workday_timetable.py
[2026-08-08T17:28:10.298+0000] {logging_mixin.py:190} INFO - [2026-08-08T17:28:10.297+0000] {dag.py:3211} INFO - Sync 1 DAGs
[2026-08-08T17:28:10.349+0000] {logging_mixin.py:190} INFO - [2026-08-08T17:28:10.349+0000] {dag.py:4138} INFO - Setting next_dagrun for example_workday_timetable to 2021-01-04 00:00:00+00:00, run_after=2021-01-05 00:00:00+00:00
[2026-08-08T17:28:10.370+0000] {processor.py:208} INFO - Processing /home/airflow/.local/lib/python3.12/site-packages/airflow/example_dags/example_workday_timetable.py took 0.105 seconds
[2026-08-08T17:28:41.117+0000] {processor.py:186} INFO - Started process (PID=529) to work on /home/airflow/.local/lib/python3.12/site-packages/airflow/example_dags/example_workday_timetable.py
[2026-08-08T17:28:41.118+0000] {processor.py:914} INFO - Processing file /home/airflow/.local/lib/python3.12/site-packages/airflow/example_dags/example_workday_timetable.py for tasks to queue
[2026-08-08T17:28:41.120+0000] {logging_mixin.py:190} INFO - [2026-08-08T17:28:41.120+0000] {dagbag.py:587} INFO - Filling up the DagBag from /home/airflow/.local/lib/python3.12/site-packages/airflow/example_dags/example_workday_timetable.py
[2026-08-08T17:28:41.125+0000] {processor.py:925} INFO - DAG(s) 'example_workday_timetable' retrieved from /home/airflow/.local/lib/python3.12/site-packages/airflow/example_dags/example_workday_timetable.py
[2026-08-08T17:28:41.143+0000] {logging_mixin.py:190} INFO - [2026-08-08T17:28:41.142+0000] {dag.py:3211} INFO - Sync 1 DAGs
[2026-08-08T17:28:41.188+0000] {logging_mixin.py:190} INFO - [2026-08-08T17:28:41.188+0000] {dag.py:4138} INFO - Setting next_dagrun for example_workday_timetable to 2021-01-04 00:00:00+00:00, run_after=2021-01-05 00:00:00+00:00
[2026-08-08T17:28:41.209+0000] {processor.py:208} INFO - Processing /home/airflow/.local/lib/python3.12/site-packages/airflow/example_dags/example_workday_timetable.py took 0.097 seconds
[2026-08-08T17:29:11.425+0000] {processor.py:186} INFO - Started process (PID=592) to work on /home/airflow/.local/lib/python3.12/site-packages/airflow/example_dags/example_workday_timetable.py
[2026-08-08T17:29:11.426+0000] {processor.py:914} INFO - Processing file /home/airflow/.local/lib/python3.12/site-packages/airflow/example_dags/example_workday_timetable.py for tasks to queue
[2026-08-08T17:29:11.429+0000] {logging_mixin.py:190} INFO - [2026-08-08T17:29:11.429+0000] {dagbag.py:587} INFO - Filling up the DagBag from /home/airflow/.local/lib/python3.12/site-packages/airflow/example_dags/example_workday_timetable.py
[2026-08-08T17:29:11.434+0000] {processor.py:925} INFO - DAG(s) 'example_workday_timetable' retrieved from /home/airflow/.local/lib/python3.12/site-packages/airflow/example_dags/example_workday_timetable.py
[2026-08-08T17:29:11.450+0000] {logging_mixin.py:190} INFO - [2026-08-08T17:29:11.450+0000] {dag.py:3211} INFO - Sync 1 DAGs
[2026-08-08T17:29:11.493+0000] {logging_mixin.py:190} INFO - [2026-08-08T17:29:11.493+0000] {dag.py:4138} INFO - Setting next_dagrun for example_workday_timetable to 2021-01-04 00:00:00+00:00, run_after=2021-01-05 00:00:00+00:00
[2026-08-08T17:29:11.511+0000] {processor.py:208} INFO - Processing /home/airflow/.local/lib/python3.12/site-packages/airflow/example_dags/example_workday_timetable.py took 0.090 seconds
[2026-08-08T17:29:42.506+0000] {processor.py:186} INFO - Started process (PID=655) to work on /home/airflow/.local/lib/python3.12/site-packages/airflow/example_dags/example_workday_timetable.py
[2026-08-08T17:29:42.508+0000] {processor.py:914} INFO - Processing file /home/airflow/.local/lib/python3.12/site-packages/airflow/example_dags/example_workday_timetable.py for tasks to queue
[2026-08-08T17:29:42.511+0000] {logging_mixin.py:190} INFO - [2026-08-08T17:29:42.511+0000] {dagbag.py:587} INFO - Filling up the DagBag from /home/airflow/.local/lib/python3.12/site-packages/airflow/example_dags/example_workday_timetable.py
[2026-08-08T17:29:42.519+0000] {processor.py:925} INFO - DAG(s) 'example_workday_timetable' retrieved from /home/airflow/.local/lib/python3.12/site-packages/airflow/example_dags/example_workday_timetable.py
[2026-08-08T17:29:42.541+0000] {logging_mixin.py:190} INFO - [2026-08-08T17:29:42.541+0000] {dag.py:3211} INFO - Sync 1 DAGs
[2026-08-08T17:29:42.592+0000] {logging_mixin.py:190} INFO - [2026-08-08T17:29:42.592+0000] {dag.py:4138} INFO - Setting next_dagrun for example_workday_timetable to 2021-01-04 00:00:00+00:00, run_after=2021-01-05 00:00:00+00:00
[2026-08-08T17:29:42.618+0000] {processor.py:208} INFO - Processing /home/airflow/.local/lib/python3.12/site-packages/airflow/example_dags/example_workday_timetable.py took 0.120 seconds
[2026-08-08T17:30:13.330+0000] {processor.py:186} INFO - Started process (PID=718) to work on /home/airflow/.local/lib/python3.12/site-packages/airflow/example_dags/example_workday_timetable.py
[2026-08-08T17:30:13.332+0000] {processor.py:914} INFO - Processing file /home/airflow/.local/lib/python3.12/site-packages/airflow/example_dags/example_workday_timetable.py for tasks to queue
[2026-08-08T17:30:13.336+0000] {logging_mixin.py:190} INFO - [2026-08-08T17:30:13.335+0000] {dagbag.py:587} INFO - Filling up the DagBag from /home/airflow/.local/lib/python3.12/site-packages/airflow/example_dags/example_workday_timetable.py
[2026-08-08T17:30:13.341+0000] {processor.py:925} INFO - DAG(s) 'example_workday_timetable' retrieved from /home/airflow/.local/lib/python3.12/site-packages/airflow/example_dags/example_workday_timetable.py
[2026-08-08T17:30:13.359+0000] {logging_mixin.py:190} INFO - [2026-08-08T17:30:13.358+0000] {dag.py:3211} INFO - Sync 1 DAGs
[2026-08-08T17:30:13.407+0000] {logging_mixin.py:190} INFO - [2026-08-08T17:30:13.407+0000] {dag.py:4138} INFO - Setting next_dagrun for example_workday_timetable to 2021-01-04 00:00:00+00:00, run_after=2021-01-05 00:00:00+00:00
[2026-08-08T17:30:13.427+0000] {processor.py:208} INFO - Processing /home/airflow/.local/lib/python3.12/site-packages/airflow/example_dags/example_workday_timetable.py took 0.101 seconds
[2026-08-08T17:30:43.935+0000] {processor.py:186} INFO - Started process (PID=781) to work on /home/airflow/.local/lib/python3.12/site-packages/airflow/example_dags/example_workday_timetable.py
[2026-08-08T17:30:43.937+0000] {processor.py:914} INFO - Processing file /home/airflow/.local/lib/python3.12/site-packages/airflow/example_dags/example_workday_timetable.py for tasks to queue
[2026-08-08T17:30:43.940+0000] {logging_mixin.py:190} INFO - [2026-08-08T17:30:43.939+0000] {dagbag.py:587} INFO - Filling up the DagBag from /home/airflow/.local/lib/python3.12/site-packages/airflow/example_dags/example_workday_timetable.py
[2026-08-08T17:30:43.946+0000] {processor.py:925} INFO - DAG(s) 'example_workday_timetable' retrieved from /home/airflow/.local/lib/python3.12/site-packages/airflow/example_dags/example_workday_timetable.py
[2026-08-08T17:30:43.967+0000] {logging_mixin.py:190} INFO - [2026-08-08T17:30:43.967+0000] {dag.py:3211} INFO - Sync 1 DAGs
[2026-08-08T17:30:44.026+0000] {logging_mixin.py:190} INFO - [2026-08-08T17:30:44.026+0000] {dag.py:4138} INFO - Setting next_dagrun for example_workday_timetable to 2021-01-04 00:00:00+00:00, run_after=2021-01-05 00:00:00+00:00
[2026-08-08T17:30:44.049+0000] {processor.py:208} INFO - Processing /home/airflow/.local/lib/python3.12/site-packages/airflow/example_dags/example_workday_timetable.py took 0.119 seconds
[2026-08-08T17:31:14.403+0000] {processor.py:186} INFO - Started process (PID=844) to work on /home/airflow/.local/lib/python3.12/site-packages/airflow/example_dags/example_workday_timetable.py
[2026-08-08T17:31:14.405+0000] {processor.py:914} INFO - Processing file /home/airflow/.local/lib/python3.12/site-packages/airflow/example_dags/example_workday_timetable.py for tasks to queue
[2026-08-08T17:31:14.409+0000] {logging_mixin.py:190} INFO - [2026-08-08T17:31:14.409+0000] {dagbag.py:587} INFO - Filling up the DagBag from /home/airflow/.local/lib/python3.12/site-packages/airflow/example_dags/example_workday_timetable.py
[2026-08-08T17:31:14.425+0000] {processor.py:925} INFO - DAG(s) 'example_workday_timetable' retrieved from /home/airflow/.local/lib/python3.12/site-packages/airflow/example_dags/example_workday_timetable.py
[2026-08-08T17:31:14.457+0000] {logging_mixin.py:190} INFO - [2026-08-08T17:31:14.456+0000] {dag.py:3211} INFO - Sync 1 DAGs
[2026-08-08T17:31:14.529+0000] {logging_mixin.py:190} INFO - [2026-08-08T17:31:14.528+0000] {dag.py:4138} INFO - Setting next_dagrun for example_workday_timetable to 2021-01-04 00:00:00+00:00, run_after=2021-01-05 00:00:00+00:00
[2026-08-08T17:31:14.553+0000] {processor.py:208} INFO - Processing /home/airflow/.local/lib/python3.12/site-packages/airflow/example_dags/example_workday_timetable.py took 0.159 seconds
[2026-08-08T17:31:44.983+0000] {processor.py:186} INFO - Started process (PID=907) to work on /home/airflow/.local/lib/python3.12/site-packages/airflow/example_dags/example_workday_timetable.py
[2026-08-08T17:31:44.986+0000] {processor.py:914} INFO - Processing file /home/airflow/.local/lib/python3.12/site-packages/airflow/example_dags/example_workday_timetable.py for tasks to queue
[2026-08-08T17:31:44.988+0000] {logging_mixin.py:190} INFO - [2026-08-08T17:31:44.988+0000] {dagbag.py:587} INFO - Filling up the DagBag from /home/airflow/.local/lib/python3.12/site-packages/airflow/example_dags/example_workday_timetable.py
[2026-08-08T17:31:44.995+0000] {processor.py:925} INFO - DAG(s) 'example_workday_timetable' retrieved from /home/airflow/.local/lib/python3.12/site-packages/airflow/example_dags/example_workday_timetable.py
[2026-08-08T17:31:45.016+0000] {logging_mixin.py:190} INFO - [2026-08-08T17:31:45.016+0000] {dag.py:3211} INFO - Sync 1 DAGs
[2026-08-08T17:31:45.071+0000] {logging_mixin.py:190} INFO - [2026-08-08T17:31:45.071+0000] {dag.py:4138} INFO - Setting next_dagrun for example_workday_timetable to 2021-01-04 00:00:00+00:00, run_after=2021-01-05 00:00:00+00:00
[2026-08-08T17:31:45.092+0000] {processor.py:208} INFO - Processing /home/airflow/.local/lib/python3.12/site-packages/airflow/example_dags/example_workday_timetable.py took 0.115 seconds
[2026-08-08T17:32:15.570+0000] {processor.py:186} INFO - Started process (PID=970) to work on /home/airflow/.local/lib/python3.12/site-packages/airflow/example_dags/example_workday_timetable.py
[2026-08-08T17:32:15.571+0000] {processor.py:914} INFO - Processing file /home/airflow/.local/lib/python3.12/site-packages/airflow/example_dags/example_workday_timetable.py for tasks to queue
[2026-08-08T17:32:15.574+0000] {logging_mixin.py:190} INFO - [2026-08-08T17:32:15.574+0000] {dagbag.py:587} INFO - Filling up the DagBag from /home/airflow/.local/lib/python3.12/site-packages/airflow/example_dags/example_workday_timetable.py
[2026-08-08T17:32:15.580+0000] {processor.py:925} INFO - DAG(s) 'example_workday_timetable' retrieved from /home/airflow/.local/lib/python3.12/site-packages/airflow/example_dags/example_workday_timetable.py
[2026-08-08T17:32:15.596+0000] {logging_mixin.py:190} INFO - [2026-08-08T17:32:15.596+0000] {dag.py:3211} INFO - Sync 1 DAGs
[2026-08-08T17:32:15.633+0000] {logging_mixin.py:190} INFO - [2026-08-08T17:32:15.632+0000] {dag.py:4138} INFO - Setting next_dagrun for example_workday_timetable to 2021-01-04 00:00:00+00:00, run_after=2021-01-05 00:00:00+00:00
[2026-08-08T17:32:15.652+0000] {processor.py:208} INFO - Processing /home/airflow/.local/lib/python3.12/site-packages/airflow/example_dags/example_workday_timetable.py took 0.088 seconds
[2026-08-08T17:32:45.991+0000] {processor.py:186} INFO - Started process (PID=1033) to work on /home/airflow/.local/lib/python3.12/site-packages/airflow/example_dags/example_workday_timetable.py
[2026-08-08T17:32:45.992+0000] {processor.py:914} INFO - Processing file /home/airflow/.local/lib/python3.12/site-packages/airflow/example_dags/example_workday_timetable.py for tasks to queue
[2026-08-08T17:32:45.996+0000] {logging_mixin.py:190} INFO - [2026-08-08T17:32:45.995+0000] {dagbag.py:587} INFO - Filling up the DagBag from /home/airflow/.local/lib/python3.12/site-packages/airflow/example_dags/example_workday_timetable.py
[2026-08-08T17:32:46.001+0000] {processor.py:925} INFO - DAG(s) 'example_workday_timetable' retrieved from /home/airflow/.local/lib/python3.12/site-packages/airflow/example_dags/example_workday_timetable.py
[2026-08-08T17:32:46.024+0000] {logging_mixin.py:190} INFO - [2026-08-08T17:32:46.024+0000] {dag.py:3211} INFO - Sync 1 DAGs
[2026-08-08T17:32:46.079+0000] {logging_mixin.py:190} INFO - [2026-08-08T17:32:46.079+0000] {dag.py:4138} INFO - Setting next_dagrun for example_workday_timetable to 2021-01-04 00:00:00+00:00, run_after=2021-01-05 00:00:00+00:00
[2026-08-08T17:32:46.099+0000] {processor.py:208} INFO - Processing /home/airflow/.local/lib/python3.12/site-packages/airflow/example_dags/example_workday_timetable.py took 0.116 seconds
[2026-08-08T17:33:16.617+0000] {processor.py:186} INFO - Started process (PID=1096) to work on /home/airflow/.local/lib/python3.12/site-packages/airflow/example_dags/example_workday_timetable.py
[2026-08-08T17:33:16.618+0000] {processor.py:914} INFO - Processing file /home/airflow/.local/lib/python3.12/site-packages/airflow/example_dags/example_workday_timetable.py for tasks to queue
[2026-08-08T17:33:16.621+0000] {logging_mixin.py:190} INFO - [2026-08-08T17:33:16.620+0000] {dagbag.py:587} INFO - Filling up the DagBag from /home/airflow/.local/lib/python3.12/site-packages/airflow/example_dags/example_workday_timetable.py
[2026-08-08T17:33:16.626+0000] {processor.py:925} INFO - DAG(s) 'example_workday_timetable' retrieved from /home/airflow/.local/lib/python3.12/site-packages/airflow/example_dags/example_workday_timetable.py
[2026-08-08T17:33:16.647+0000] {logging_mixin.py:190} INFO - [2026-08-08T17:33:16.647+0000] {dag.py:3211} INFO - Sync 1 DAGs
[2026-08-08T17:33:16.697+0000] {logging_mixin.py:190} INFO - [2026-08-08T17:33:16.697+0000] {dag.py:4138} INFO - Setting next_dagrun for example_workday_timetable to 2021-01-04 00:00:00+00:00, run_after=2021-01-05 00:00:00+00:00
[2026-08-08T17:33:16.715+0000] {processor.py:208} INFO - Processing /home/airflow/.local/lib/python3.12/site-packages/airflow/example_dags/example_workday_timetable.py took 0.104 seconds
[2026-08-08T17:33:47.108+0000] {processor.py:186} INFO - Started process (PID=1159) to work on /home/airflow/.local/lib/python3.12/site-packages/airflow/example_dags/example_workday_timetable.py
[2026-08-08T17:33:47.110+0000] {processor.py:914} INFO - Processing file /home/airflow/.local/lib/python3.12/site-packages/airflow/example_dags/example_workday_timetable.py for tasks to queue
[2026-08-08T17:33:47.113+0000] {logging_mixin.py:190} INFO - [2026-08-08T17:33:47.113+0000] {dagbag.py:587} INFO - Filling up the DagBag from /home/airflow/.local/lib/python3.12/site-packages/airflow/example_dags/example_workday_timetable.py
[2026-08-08T17:33:47.119+0000] {processor.py:925} INFO - DAG(s) 'example_workday_timetable' retrieved from /home/airflow/.local/lib/python3.12/site-packages/airflow/example_dags/example_workday_timetable.py
[2026-08-08T17:33:47.138+0000] {logging_mixin.py:190} INFO - [2026-08-08T17:33:47.138+0000] {dag.py:3211} INFO - Sync 1 DAGs
[2026-08-08T17:33:47.189+0000] {logging_mixin.py:190} INFO - [2026-08-08T17:33:47.189+0000] {dag.py:4138} INFO - Setting next_dagrun for example_workday_timetable to 2021-01-04 00:00:00+00:00, run_after=2021-01-05 00:00:00+00:00
[2026-08-08T17:33:47.208+0000] {processor.py:208} INFO - Processing /home/airflow/.local/lib/python3.12/site-packages/airflow/example_dags/example_workday_timetable.py took 0.106 seconds
[2026-08-08T17:34:17.460+0000] {processor.py:186} INFO - Started process (PID=1222) to work on /home/airflow/.local/lib/python3.12/site-packages/airflow/example_dags/example_workday_timetable.py
[2026-08-08T17:34:17.462+0000] {processor.py:914} INFO - Processing file /home/airflow/.local/lib/python3.12/site-packages/airflow/example_dags/example_workday_timetable.py for tasks to queue
[2026-08-08T17:34:17.466+0000] {logging_mixin.py:190} INFO - [2026-08-08T17:34:17.465+0000] {dagbag.py:587} INFO - Filling up the DagBag from /home/airflow/.local/lib/python3.12/site-packages/airflow/example_dags/example_workday_timetable.py
[2026-08-08T17:34:17.471+0000] {processor.py:925} INFO - DAG(s) 'example_workday_timetable' retrieved from /home/airflow/.local/lib/python3.12/site-packages/airflow/example_dags/example_workday_timetable.py
[2026-08-08T17:34:17.490+0000] {logging_mixin.py:190} INFO - [2026-08-08T17:34:17.490+0000] {dag.py:3211} INFO - Sync 1 DAGs
[2026-08-08T17:34:17.542+0000] {logging_mixin.py:190} INFO - [2026-08-08T17:34:17.542+0000] {dag.py:4138} INFO - Setting next_dagrun for example_workday_timetable to 2021-01-04 00:00:00+00:00, run_after=2021-01-05 00:00:00+00:00
[2026-08-08T17:34:17.561+0000] {processor.py:208} INFO - Processing /home/airflow/.local/lib/python3.12/site-packages/airflow/example_dags/example_workday_timetable.py took 0.105 seconds
[2026-08-08T17:34:48.397+0000] {processor.py:186} INFO - Started process (PID=1285) to work on /home/airflow/.local/lib/python3.12/site-packages/airflow/example_dags/example_workday_timetable.py
[2026-08-08T17:34:48.399+0000] {processor.py:914} INFO - Processing file /home/airflow/.local/lib/python3.12/site-packages/airflow/example_dags/example_workday_timetable.py for tasks to queue
[2026-08-08T17:34:48.401+0000] {logging_mixin.py:190} INFO - [2026-08-08T17:34:48.401+0000] {dagbag.py:587} INFO - Filling up the DagBag from /home/airflow/.local/lib/python3.12/site-packages/airflow/example_dags/example_workday_timetable.py
[2026-08-08T17:34:48.407+0000] {processor.py:925} INFO - DAG(s) 'example_workday_timetable' retrieved from /home/airflow/.local/lib/python3.12/site-packages/airflow/example_dags/example_workday_timetable.py
[2026-08-08T17:34:48.427+0000] {logging_mixin.py:190} INFO - [2026-08-08T17:34:48.427+0000] {dag.py:3211} INFO - Sync 1 DAGs
[2026-08-08T17:34:48.476+0000] {logging_mixin.py:190} INFO - [2026-08-08T17:34:48.476+0000] {dag.py:4138} INFO - Setting next_dagrun for example_workday_timetable to 2021-01-04 00:00:00+00:00, run_after=2021-01-05 00:00:00+00:00
[2026-08-08T17:34:48.492+0000] {processor.py:208} INFO - Processing /home/airflow/.local/lib/python3.12/site-packages/airflow/example_dags/example_workday_timetable.py took 0.099 seconds
[2026-08-08T17:35:18.986+0000] {processor.py:186} INFO - Started process (PID=1348) to work on /home/airflow/.local/lib/python3.12/site-packages/airflow/example_dags/example_workday_timetable.py
[2026-08-08T17:35:18.988+0000] {processor.py:914} INFO - Processing file /home/airflow/.local/lib/python3.12/site-packages/airflow/example_dags/example_workday_timetable.py for tasks to queue
[2026-08-08T17:35:18.991+0000] {logging_mixin.py:190} INFO - [2026-08-08T17:35:18.991+0000] {dagbag.py:587} INFO - Filling up the DagBag from /home/airflow/.local/lib/python3.12/site-packages/airflow/example_dags/example_workday_timetable.py
[2026-08-08T17:35:18.997+0000] {processor.py:925} INFO - DAG(s) 'example_workday_timetable' retrieved from /home/airflow/.local/lib/python3.12/site-packages/airflow/example_dags/example_workday_timetable.py
[2026-08-08T17:35:19.016+0000] {logging_mixin.py:190} INFO - [2026-08-08T17:35:19.016+0000] {dag.py:3211} INFO - Sync 1 DAGs
[2026-08-08T17:35:19.064+0000] {logging_mixin.py:190} INFO - [2026-08-08T17:35:19.064+0000] {dag.py:4138} INFO - Setting next_dagrun for example_workday_timetable to 2021-01-04 00:00:00+00:00, run_after=2021-01-05 00:00:00+00:00
[2026-08-08T17:35:19.081+0000] {processor.py:208} INFO - Processing /home/airflow/.local/lib/python3.12/site-packages/airflow/example_dags/example_workday_timetable.py took 0.101 seconds
[2026-08-08T17:35:49.917+0000] {processor.py:186} INFO - Started process (PID=1411) to work on /home/airflow/.local/lib/python3.12/site-packages/airflow/example_dags/example_workday_timetable.py
[2026-08-08T17:35:49.919+0000] {processor.py:914} INFO - Processing file /home/airflow/.local/lib/python3.12/site-packages/airflow/example_dags/example_workday_timetable.py for tasks to queue
[2026-08-08T17:35:49.922+0000] {logging_mixin.py:190} INFO - [2026-08-08T17:35:49.921+0000] {dagbag.py:587} INFO - Filling up the DagBag from /home/airflow/.local/lib/python3.12/site-packages/airflow/example_dags/example_workday_timetable.py
[2026-08-08T17:35:49.927+0000] {processor.py:925} INFO - DAG(s) 'example_workday_timetable' retrieved from /home/airflow/.local/lib/python3.12/site-packages/airflow/example_dags/example_workday_timetable.py
[2026-08-08T17:35:49.944+0000] {logging_mixin.py:190} INFO - [2026-08-08T17:35:49.944+0000] {dag.py:3211} INFO - Sync 1 DAGs
[2026-08-08T17:35:49.993+0000] {logging_mixin.py:190} INFO - [2026-08-08T17:35:49.993+0000] {dag.py:4138} INFO - Setting next_dagrun for example_workday_timetable to 2021-01-04 00:00:00+00:00, run_after=2021-01-05 00:00:00+00:00
[2026-08-08T17:35:50.015+0000] {processor.py:208} INFO - Processing /home/airflow/.local/lib/python3.12/site-packages/airflow/example_dags/example_workday_timetable.py took 0.104 seconds
[2026-08-08T17:36:20.454+0000] {processor.py:186} INFO - Started process (PID=1474) to work on /home/airflow/.local/lib/python3.12/site-packages/airflow/example_dags/example_workday_timetable.py
[2026-08-08T17:36:20.456+0000] {processor.py:914} INFO - Processing file /home/airflow/.local/lib/python3.12/site-packages/airflow/example_dags/example_workday_timetable.py for tasks to queue
[2026-08-08T17:36:20.459+0000] {logging_mixin.py:190} INFO - [2026-08-08T17:36:20.459+0000] {dagbag.py:587} INFO - Filling up the DagBag from /home/airflow/.local/lib/python3.12/site-packages/airflow/example_dags/example_workday_timetable.py
[2026-08-08T17:36:20.466+0000] {processor.py:925} INFO - DAG(s) 'example_workday_timetable' retrieved from /home/airflow/.local/lib/python3.12/site-packages/airflow/example_dags/example_workday_timetable.py
[2026-08-08T17:36:20.492+0000] {logging_mixin.py:190} INFO - [2026-08-08T17:36:20.491+0000] {dag.py:3211} INFO - Sync 1 DAGs
[2026-08-08T17:36:20.615+0000] {logging_mixin.py:190} INFO - [2026-08-08T17:36:20.615+0000] {dag.py:4138} INFO - Setting next_dagrun for example_workday_timetable to 2021-01-04 00:00:00+00:00, run_after=2021-01-05 00:00:00+00:00
[2026-08-08T17:36:20.640+0000] {processor.py:208} INFO - Processing /home/airflow/.local/lib/python3.12/site-packages/airflow/example_dags/example_workday_timetable.py took 0.191 seconds
[2026-08-08T17:38:14.960+0000] {processor.py:186} INFO - Started process (PID=71) to work on /home/airflow/.local/lib/python3.12/site-packages/airflow/example_dags/example_workday_timetable.py
[2026-08-08T17:38:14.962+0000] {processor.py:914} INFO - Processing file /home/airflow/.local/lib/python3.12/site-packages/airflow/example_dags/example_workday_timetable.py for tasks to queue
[2026-08-08T17:38:14.964+0000] {logging_mixin.py:190} INFO - [2026-08-08T17:38:14.964+0000] {dagbag.py:587} INFO - Filling up the DagBag from /home/airflow/.local/lib/python3.12/site-packages/airflow/example_dags/example_workday_timetable.py
[2026-08-08T17:38:14.970+0000] {processor.py:925} INFO - DAG(s) 'example_workday_timetable' retrieved from /home/airflow/.local/lib/python3.12/site-packages/airflow/example_dags/example_workday_timetable.py
[2026-08-08T17:38:14.993+0000] {logging_mixin.py:190} INFO - [2026-08-08T17:38:14.992+0000] {dag.py:3211} INFO - Sync 1 DAGs
[2026-08-08T17:38:15.046+0000] {logging_mixin.py:190} INFO - [2026-08-08T17:38:15.046+0000] {dag.py:4138} INFO - Setting next_dagrun for example_workday_timetable to 2021-01-04 00:00:00+00:00, run_after=2021-01-05 00:00:00+00:00
[2026-08-08T17:38:15.067+0000] {processor.py:208} INFO - Processing /home/airflow/.local/lib/python3.12/site-packages/airflow/example_dags/example_workday_timetable.py took 0.111 seconds
[2026-08-08T17:38:45.866+0000] {processor.py:186} INFO - Started process (PID=140) to work on /home/airflow/.local/lib/python3.12/site-packages/airflow/example_dags/example_workday_timetable.py
[2026-08-08T17:38:45.868+0000] {processor.py:914} INFO - Processing file /home/airflow/.local/lib/python3.12/site-packages/airflow/example_dags/example_workday_timetable.py for tasks to queue
[2026-08-08T17:38:45.871+0000] {logging_mixin.py:190} INFO - [2026-08-08T17:38:45.870+0000] {dagbag.py:587} INFO - Filling up the DagBag from /home/airflow/.local/lib/python3.12/site-packages/airflow/example_dags/example_workday_timetable.py
[2026-08-08T17:38:45.878+0000] {processor.py:925} INFO - DAG(s) 'example_workday_timetable' retrieved from /home/airflow/.local/lib/python3.12/site-packages/airflow/example_dags/example_workday_timetable.py
[2026-08-08T17:38:45.903+0000] {logging_mixin.py:190} INFO - [2026-08-08T17:38:45.903+0000] {dag.py:3211} INFO - Sync 1 DAGs
[2026-08-08T17:38:45.974+0000] {logging_mixin.py:190} INFO - [2026-08-08T17:38:45.973+0000] {dag.py:4138} INFO - Setting next_dagrun for example_workday_timetable to 2021-01-04 00:00:00+00:00, run_after=2021-01-05 00:00:00+00:00
[2026-08-08T17:38:45.997+0000] {processor.py:208} INFO - Processing /home/airflow/.local/lib/python3.12/site-packages/airflow/example_dags/example_workday_timetable.py took 0.140 seconds
[2026-08-08T17:39:16.128+0000] {processor.py:186} INFO - Started process (PID=203) to work on /home/airflow/.local/lib/python3.12/site-packages/airflow/example_dags/example_workday_timetable.py
[2026-08-08T17:39:16.129+0000] {processor.py:914} INFO - Processing file /home/airflow/.local/lib/python3.12/site-packages/airflow/example_dags/example_workday_timetable.py for tasks to queue
[2026-08-08T17:39:16.132+0000] {logging_mixin.py:190} INFO - [2026-08-08T17:39:16.131+0000] {dagbag.py:587} INFO - Filling up the DagBag from /home/airflow/.local/lib/python3.12/site-packages/airflow/example_dags/example_workday_timetable.py
[2026-08-08T17:39:16.137+0000] {processor.py:925} INFO - DAG(s) 'example_workday_timetable' retrieved from /home/airflow/.local/lib/python3.12/site-packages/airflow/example_dags/example_workday_timetable.py
[2026-08-08T17:39:16.155+0000] {logging_mixin.py:190} INFO - [2026-08-08T17:39:16.155+0000] {dag.py:3211} INFO - Sync 1 DAGs
[2026-08-08T17:39:16.204+0000] {logging_mixin.py:190} INFO - [2026-08-08T17:39:16.204+0000] {dag.py:4138} INFO - Setting next_dagrun for example_workday_timetable to 2021-01-04 00:00:00+00:00, run_after=2021-01-05 00:00:00+00:00
[2026-08-08T17:39:16.226+0000] {processor.py:208} INFO - Processing /home/airflow/.local/lib/python3.12/site-packages/airflow/example_dags/example_workday_timetable.py took 0.103 seconds
[2026-08-08T17:39:47.222+0000] {processor.py:186} INFO - Started process (PID=266) to work on /home/airflow/.local/lib/python3.12/site-packages/airflow/example_dags/example_workday_timetable.py
[2026-08-08T17:39:47.223+0000] {processor.py:914} INFO - Processing file /home/airflow/.local/lib/python3.12/site-packages/airflow/example_dags/example_workday_timetable.py for tasks to queue
[2026-08-08T17:39:47.225+0000] {logging_mixin.py:190} INFO - [2026-08-08T17:39:47.225+0000] {dagbag.py:587} INFO - Filling up the DagBag from /home/airflow/.local/lib/python3.12/site-packages/airflow/example_dags/example_workday_timetable.py
[2026-08-08T17:39:47.232+0000] {processor.py:925} INFO - DAG(s) 'example_workday_timetable' retrieved from /home/airflow/.local/lib/python3.12/site-packages/airflow/example_dags/example_workday_timetable.py
[2026-08-08T17:39:47.252+0000] {logging_mixin.py:190} INFO - [2026-08-08T17:39:47.252+0000] {dag.py:3211} INFO - Sync 1 DAGs
[2026-08-08T17:39:47.305+0000] {logging_mixin.py:190} INFO - [2026-08-08T17:39:47.305+0000] {dag.py:4138} INFO - Setting next_dagrun for example_workday_timetable to 2021-01-04 00:00:00+00:00, run_after=2021-01-05 00:00:00+00:00
[2026-08-08T17:39:47.327+0000] {processor.py:208} INFO - Processing /home/airflow/.local/lib/python3.12/site-packages/airflow/example_dags/example_workday_timetable.py took 0.111 seconds
[2026-08-08T17:42:39.006+0000] {processor.py:186} INFO - Started process (PID=89) to work on /home/airflow/.local/lib/python3.12/site-packages/airflow/example_dags/example_workday_timetable.py
[2026-08-08T17:42:39.008+0000] {processor.py:914} INFO - Processing file /home/airflow/.local/lib/python3.12/site-packages/airflow/example_dags/example_workday_timetable.py for tasks to queue
[2026-08-08T17:42:39.011+0000] {logging_mixin.py:190} INFO - [2026-08-08T17:42:39.011+0000] {dagbag.py:587} INFO - Filling up the DagBag from /home/airflow/.local/lib/python3.12/site-packages/airflow/example_dags/example_workday_timetable.py
[2026-08-08T17:42:39.018+0000] {processor.py:925} INFO - DAG(s) 'example_workday_timetable' retrieved from /home/airflow/.local/lib/python3.12/site-packages/airflow/example_dags/example_workday_timetable.py
[2026-08-08T17:42:39.050+0000] {logging_mixin.py:190} INFO - [2026-08-08T17:42:39.050+0000] {dag.py:3211} INFO - Sync 1 DAGs
[2026-08-08T17:42:39.139+0000] {logging_mixin.py:190} INFO - [2026-08-08T17:42:39.138+0000] {dag.py:4138} INFO - Setting next_dagrun for example_workday_timetable to 2021-01-04 00:00:00+00:00, run_after=2021-01-05 00:00:00+00:00
[2026-08-08T17:42:39.171+0000] {processor.py:208} INFO - Processing /home/airflow/.local/lib/python3.12/site-packages/airflow/example_dags/example_workday_timetable.py took 0.173 seconds
[2026-08-08T17:43:09.632+0000] {processor.py:186} INFO - Started process (PID=152) to work on /home/airflow/.local/lib/python3.12/site-packages/airflow/example_dags/example_workday_timetable.py
[2026-08-08T17:43:09.636+0000] {processor.py:914} INFO - Processing file /home/airflow/.local/lib/python3.12/site-packages/airflow/example_dags/example_workday_timetable.py for tasks to queue
[2026-08-08T17:43:09.641+0000] {logging_mixin.py:190} INFO - [2026-08-08T17:43:09.640+0000] {dagbag.py:587} INFO - Filling up the DagBag from /home/airflow/.local/lib/python3.12/site-packages/airflow/example_dags/example_workday_timetable.py
[2026-08-08T17:43:09.653+0000] {processor.py:925} INFO - DAG(s) 'example_workday_timetable' retrieved from /home/airflow/.local/lib/python3.12/site-packages/airflow/example_dags/example_workday_timetable.py
[2026-08-08T17:43:09.688+0000] {logging_mixin.py:190} INFO - [2026-08-08T17:43:09.688+0000] {dag.py:3211} INFO - Sync 1 DAGs
[2026-08-08T17:43:09.765+0000] {logging_mixin.py:190} INFO - [2026-08-08T17:43:09.764+0000] {dag.py:4138} INFO - Setting next_dagrun for example_workday_timetable to 2021-01-04 00:00:00+00:00, run_after=2021-01-05 00:00:00+00:00
[2026-08-08T17:43:09.791+0000] {processor.py:208} INFO - Processing /home/airflow/.local/lib/python3.12/site-packages/airflow/example_dags/example_workday_timetable.py took 0.169 seconds
[2026-08-08T17:43:40.270+0000] {processor.py:186} INFO - Started process (PID=215) to work on /home/airflow/.local/lib/python3.12/site-packages/airflow/example_dags/example_workday_timetable.py
[2026-08-08T17:43:40.272+0000] {processor.py:914} INFO - Processing file /home/airflow/.local/lib/python3.12/site-packages/airflow/example_dags/example_workday_timetable.py for tasks to queue
[2026-08-08T17:43:40.276+0000] {logging_mixin.py:190} INFO - [2026-08-08T17:43:40.275+0000] {dagbag.py:587} INFO - Filling up the DagBag from /home/airflow/.local/lib/python3.12/site-packages/airflow/example_dags/example_workday_timetable.py
[2026-08-08T17:43:40.285+0000] {processor.py:925} INFO - DAG(s) 'example_workday_timetable' retrieved from /home/airflow/.local/lib/python3.12/site-packages/airflow/example_dags/example_workday_timetable.py
[2026-08-08T17:43:40.318+0000] {logging_mixin.py:190} INFO - [2026-08-08T17:43:40.317+0000] {dag.py:3211} INFO - Sync 1 DAGs
[2026-08-08T17:43:40.411+0000] {logging_mixin.py:190} INFO - [2026-08-08T17:43:40.411+0000] {dag.py:4138} INFO - Setting next_dagrun for example_workday_timetable to 2021-01-04 00:00:00+00:00, run_after=2021-01-05 00:00:00+00:00
[2026-08-08T17:43:40.446+0000] {processor.py:208} INFO - Processing /home/airflow/.local/lib/python3.12/site-packages/airflow/example_dags/example_workday_timetable.py took 0.185 seconds
[2026-08-08T17:44:10.509+0000] {processor.py:186} INFO - Started process (PID=278) to work on /home/airflow/.local/lib/python3.12/site-packages/airflow/example_dags/example_workday_timetable.py
[2026-08-08T17:44:10.510+0000] {processor.py:914} INFO - Processing file /home/airflow/.local/lib/python3.12/site-packages/airflow/example_dags/example_workday_timetable.py for tasks to queue
[2026-08-08T17:44:10.513+0000] {logging_mixin.py:190} INFO - [2026-08-08T17:44:10.512+0000] {dagbag.py:587} INFO - Filling up the DagBag from /home/airflow/.local/lib/python3.12/site-packages/airflow/example_dags/example_workday_timetable.py
[2026-08-08T17:44:10.518+0000] {processor.py:925} INFO - DAG(s) 'example_workday_timetable' retrieved from /home/airflow/.local/lib/python3.12/site-packages/airflow/example_dags/example_workday_timetable.py
[2026-08-08T17:44:10.538+0000] {logging_mixin.py:190} INFO - [2026-08-08T17:44:10.538+0000] {dag.py:3211} INFO - Sync 1 DAGs
[2026-08-08T17:44:10.583+0000] {logging_mixin.py:190} INFO - [2026-08-08T17:44:10.583+0000] {dag.py:4138} INFO - Setting next_dagrun for example_workday_timetable to 2021-01-04 00:00:00+00:00, run_after=2021-01-05 00:00:00+00:00
[2026-08-08T17:44:10.605+0000] {processor.py:208} INFO - Processing /home/airflow/.local/lib/python3.12/site-packages/airflow/example_dags/example_workday_timetable.py took 0.102 seconds
[2026-08-08T17:44:40.749+0000] {processor.py:186} INFO - Started process (PID=340) to work on /home/airflow/.local/lib/python3.12/site-packages/airflow/example_dags/example_workday_timetable.py
[2026-08-08T17:44:40.751+0000] {processor.py:914} INFO - Processing file /home/airflow/.local/lib/python3.12/site-packages/airflow/example_dags/example_workday_timetable.py for tasks to queue
[2026-08-08T17:44:40.753+0000] {logging_mixin.py:190} INFO - [2026-08-08T17:44:40.752+0000] {dagbag.py:587} INFO - Filling up the DagBag from /home/airflow/.local/lib/python3.12/site-packages/airflow/example_dags/example_workday_timetable.py
[2026-08-08T17:44:40.759+0000] {processor.py:925} INFO - DAG(s) 'example_workday_timetable' retrieved from /home/airflow/.local/lib/python3.12/site-packages/airflow/example_dags/example_workday_timetable.py
[2026-08-08T17:44:40.777+0000] {logging_mixin.py:190} INFO - [2026-08-08T17:44:40.777+0000] {dag.py:3211} INFO - Sync 1 DAGs
[2026-08-08T17:44:40.823+0000] {logging_mixin.py:190} INFO - [2026-08-08T17:44:40.823+0000] {dag.py:4138} INFO - Setting next_dagrun for example_workday_timetable to 2021-01-04 00:00:00+00:00, run_after=2021-01-05 00:00:00+00:00
[2026-08-08T17:44:40.843+0000] {processor.py:208} INFO - Processing /home/airflow/.local/lib/python3.12/site-packages/airflow/example_dags/example_workday_timetable.py took 0.098 seconds
[2026-08-08T17:45:11.181+0000] {processor.py:186} INFO - Started process (PID=404) to work on /home/airflow/.local/lib/python3.12/site-packages/airflow/example_dags/example_workday_timetable.py
[2026-08-08T17:45:11.182+0000] {processor.py:914} INFO - Processing file /home/airflow/.local/lib/python3.12/site-packages/airflow/example_dags/example_workday_timetable.py for tasks to queue
[2026-08-08T17:45:11.185+0000] {logging_mixin.py:190} INFO - [2026-08-08T17:45:11.184+0000] {dagbag.py:587} INFO - Filling up the DagBag from /home/airflow/.local/lib/python3.12/site-packages/airflow/example_dags/example_workday_timetable.py
[2026-08-08T17:45:11.190+0000] {processor.py:925} INFO - DAG(s) 'example_workday_timetable' retrieved from /home/airflow/.local/lib/python3.12/site-packages/airflow/example_dags/example_workday_timetable.py
[2026-08-08T17:45:11.209+0000] {logging_mixin.py:190} INFO - [2026-08-08T17:45:11.209+0000] {dag.py:3211} INFO - Sync 1 DAGs
[2026-08-08T17:45:11.256+0000] {logging_mixin.py:190} INFO - [2026-08-08T17:45:11.256+0000] {dag.py:4138} INFO - Setting next_dagrun for example_workday_timetable to 2021-01-04 00:00:00+00:00, run_after=2021-01-05 00:00:00+00:00
[2026-08-08T17:45:11.275+0000] {processor.py:208} INFO - Processing /home/airflow/.local/lib/python3.12/site-packages/airflow/example_dags/example_workday_timetable.py took 0.100 seconds
[2026-08-08T17:45:41.421+0000] {processor.py:186} INFO - Started process (PID=466) to work on /home/airflow/.local/lib/python3.12/site-packages/airflow/example_dags/example_workday_timetable.py
[2026-08-08T17:45:41.422+0000] {processor.py:914} INFO - Processing file /home/airflow/.local/lib/python3.12/site-packages/airflow/example_dags/example_workday_timetable.py for tasks to queue
[2026-08-08T17:45:41.425+0000] {logging_mixin.py:190} INFO - [2026-08-08T17:45:41.425+0000] {dagbag.py:587} INFO - Filling up the DagBag from /home/airflow/.local/lib/python3.12/site-packages/airflow/example_dags/example_workday_timetable.py
[2026-08-08T17:45:41.432+0000] {processor.py:925} INFO - DAG(s) 'example_workday_timetable' retrieved from /home/airflow/.local/lib/python3.12/site-packages/airflow/example_dags/example_workday_timetable.py
[2026-08-08T17:45:41.454+0000] {logging_mixin.py:190} INFO - [2026-08-08T17:45:41.454+0000] {dag.py:3211} INFO - Sync 1 DAGs
[2026-08-08T17:45:41.515+0000] {logging_mixin.py:190} INFO - [2026-08-08T17:45:41.515+0000] {dag.py:4138} INFO - Setting next_dagrun for example_workday_timetable to 2021-01-04 00:00:00+00:00, run_after=2021-01-05 00:00:00+00:00
[2026-08-08T17:45:41.536+0000] {processor.py:208} INFO - Processing /home/airflow/.local/lib/python3.12/site-packages/airflow/example_dags/example_workday_timetable.py took 0.123 seconds
[2026-08-08T17:47:12.552+0000] {processor.py:186} INFO - Started process (PID=84) to work on /home/airflow/.local/lib/python3.12/site-packages/airflow/example_dags/example_workday_timetable.py
[2026-08-08T17:47:12.553+0000] {processor.py:914} INFO - Processing file /home/airflow/.local/lib/python3.12/site-packages/airflow/example_dags/example_workday_timetable.py for tasks to queue
[2026-08-08T17:47:12.557+0000] {logging_mixin.py:190} INFO - [2026-08-08T17:47:12.557+0000] {dagbag.py:587} INFO - Filling up the DagBag from /home/airflow/.local/lib/python3.12/site-packages/airflow/example_dags/example_workday_timetable.py
[2026-08-08T17:47:12.566+0000] {processor.py:925} INFO - DAG(s) 'example_workday_timetable' retrieved from /home/airflow/.local/lib/python3.12/site-packages/airflow/example_dags/example_workday_timetable.py
[2026-08-08T17:47:12.606+0000] {logging_mixin.py:190} INFO - [2026-08-08T17:47:12.606+0000] {dag.py:3211} INFO - Sync 1 DAGs
[2026-08-08T17:47:12.670+0000] {logging_mixin.py:190} INFO - [2026-08-08T17:47:12.670+0000] {dag.py:4138} INFO - Setting next_dagrun for example_workday_timetable to 2021-01-04 00:00:00+00:00, run_after=2021-01-05 00:00:00+00:00
[2026-08-08T17:47:12.729+0000] {processor.py:208} INFO - Processing /home/airflow/.local/lib/python3.12/site-packages/airflow/example_dags/example_workday_timetable.py took 0.184 seconds
[2026-08-08T17:47:43.588+0000] {processor.py:186} INFO - Started process (PID=153) to work on /home/airflow/.local/lib/python3.12/site-packages/airflow/example_dags/example_workday_timetable.py
[2026-08-08T17:47:43.596+0000] {processor.py:914} INFO - Processing file /home/airflow/.local/lib/python3.12/site-packages/airflow/example_dags/example_workday_timetable.py for tasks to queue
[2026-08-08T17:47:43.605+0000] {logging_mixin.py:190} INFO - [2026-08-08T17:47:43.605+0000] {dagbag.py:587} INFO - Filling up the DagBag from /home/airflow/.local/lib/python3.12/site-packages/airflow/example_dags/example_workday_timetable.py
[2026-08-08T17:47:43.614+0000] {processor.py:925} INFO - DAG(s) 'example_workday_timetable' retrieved from /home/airflow/.local/lib/python3.12/site-packages/airflow/example_dags/example_workday_timetable.py
[2026-08-08T17:47:43.637+0000] {logging_mixin.py:190} INFO - [2026-08-08T17:47:43.637+0000] {dag.py:3211} INFO - Sync 1 DAGs
[2026-08-08T17:47:43.701+0000] {logging_mixin.py:190} INFO - [2026-08-08T17:47:43.700+0000] {dag.py:4138} INFO - Setting next_dagrun for example_workday_timetable to 2021-01-04 00:00:00+00:00, run_after=2021-01-05 00:00:00+00:00
[2026-08-08T17:47:43.721+0000] {processor.py:208} INFO - Processing /home/airflow/.local/lib/python3.12/site-packages/airflow/example_dags/example_workday_timetable.py took 0.140 seconds
[2026-08-08T17:48:13.906+0000] {processor.py:186} INFO - Started process (PID=222) to work on /home/airflow/.local/lib/python3.12/site-packages/airflow/example_dags/example_workday_timetable.py
[2026-08-08T17:48:13.907+0000] {processor.py:914} INFO - Processing file /home/airflow/.local/lib/python3.12/site-packages/airflow/example_dags/example_workday_timetable.py for tasks to queue
[2026-08-08T17:48:13.910+0000] {logging_mixin.py:190} INFO - [2026-08-08T17:48:13.909+0000] {dagbag.py:587} INFO - Filling up the DagBag from /home/airflow/.local/lib/python3.12/site-packages/airflow/example_dags/example_workday_timetable.py
[2026-08-08T17:48:13.916+0000] {processor.py:925} INFO - DAG(s) 'example_workday_timetable' retrieved from /home/airflow/.local/lib/python3.12/site-packages/airflow/example_dags/example_workday_timetable.py
[2026-08-08T17:48:13.941+0000] {logging_mixin.py:190} INFO - [2026-08-08T17:48:13.941+0000] {dag.py:3211} INFO - Sync 1 DAGs
[2026-08-08T17:48:14.014+0000] {logging_mixin.py:190} INFO - [2026-08-08T17:48:14.014+0000] {dag.py:4138} INFO - Setting next_dagrun for example_workday_timetable to 2021-01-04 00:00:00+00:00, run_after=2021-01-05 00:00:00+00:00
[2026-08-08T17:48:14.048+0000] {processor.py:208} INFO - Processing /home/airflow/.local/lib/python3.12/site-packages/airflow/example_dags/example_workday_timetable.py took 0.148 seconds
[2026-08-08T17:48:44.692+0000] {processor.py:186} INFO - Started process (PID=285) to work on /home/airflow/.local/lib/python3.12/site-packages/airflow/example_dags/example_workday_timetable.py
[2026-08-08T17:48:44.694+0000] {processor.py:914} INFO - Processing file /home/airflow/.local/lib/python3.12/site-packages/airflow/example_dags/example_workday_timetable.py for tasks to queue
[2026-08-08T17:48:44.696+0000] {logging_mixin.py:190} INFO - [2026-08-08T17:48:44.696+0000] {dagbag.py:587} INFO - Filling up the DagBag from /home/airflow/.local/lib/python3.12/site-packages/airflow/example_dags/example_workday_timetable.py
[2026-08-08T17:48:44.701+0000] {processor.py:925} INFO - DAG(s) 'example_workday_timetable' retrieved from /home/airflow/.local/lib/python3.12/site-packages/airflow/example_dags/example_workday_timetable.py
[2026-08-08T17:48:44.720+0000] {logging_mixin.py:190} INFO - [2026-08-08T17:48:44.719+0000] {dag.py:3211} INFO - Sync 1 DAGs
[2026-08-08T17:48:44.778+0000] {logging_mixin.py:190} INFO - [2026-08-08T17:48:44.778+0000] {dag.py:4138} INFO - Setting next_dagrun for example_workday_timetable to 2021-01-04 00:00:00+00:00, run_after=2021-01-05 00:00:00+00:00
[2026-08-08T17:48:44.798+0000] {processor.py:208} INFO - Processing /home/airflow/.local/lib/python3.12/site-packages/airflow/example_dags/example_workday_timetable.py took 0.112 seconds
[2026-08-08T17:52:36.433+0000] {processor.py:186} INFO - Started process (PID=89) to work on /home/airflow/.local/lib/python3.12/site-packages/airflow/example_dags/example_workday_timetable.py
[2026-08-08T17:52:36.434+0000] {processor.py:914} INFO - Processing file /home/airflow/.local/lib/python3.12/site-packages/airflow/example_dags/example_workday_timetable.py for tasks to queue
[2026-08-08T17:52:36.437+0000] {logging_mixin.py:190} INFO - [2026-08-08T17:52:36.436+0000] {dagbag.py:587} INFO - Filling up the DagBag from /home/airflow/.local/lib/python3.12/site-packages/airflow/example_dags/example_workday_timetable.py
[2026-08-08T17:52:36.442+0000] {processor.py:925} INFO - DAG(s) 'example_workday_timetable' retrieved from /home/airflow/.local/lib/python3.12/site-packages/airflow/example_dags/example_workday_timetable.py
[2026-08-08T17:52:36.468+0000] {logging_mixin.py:190} INFO - [2026-08-08T17:52:36.467+0000] {dag.py:3211} INFO - Sync 1 DAGs
[2026-08-08T17:52:36.522+0000] {logging_mixin.py:190} INFO - [2026-08-08T17:52:36.522+0000] {dag.py:4138} INFO - Setting next_dagrun for example_workday_timetable to 2021-01-04 00:00:00+00:00, run_after=2021-01-05 00:00:00+00:00
[2026-08-08T17:52:36.546+0000] {processor.py:208} INFO - Processing /home/airflow/.local/lib/python3.12/site-packages/airflow/example_dags/example_workday_timetable.py took 0.118 seconds
[2026-08-08T17:53:06.763+0000] {processor.py:186} INFO - Started process (PID=152) to work on /home/airflow/.local/lib/python3.12/site-packages/airflow/example_dags/example_workday_timetable.py
[2026-08-08T17:53:06.765+0000] {processor.py:914} INFO - Processing file /home/airflow/.local/lib/python3.12/site-packages/airflow/example_dags/example_workday_timetable.py for tasks to queue
[2026-08-08T17:53:06.769+0000] {logging_mixin.py:190} INFO - [2026-08-08T17:53:06.767+0000] {dagbag.py:587} INFO - Filling up the DagBag from /home/airflow/.local/lib/python3.12/site-packages/airflow/example_dags/example_workday_timetable.py
[2026-08-08T17:53:06.775+0000] {processor.py:925} INFO - DAG(s) 'example_workday_timetable' retrieved from /home/airflow/.local/lib/python3.12/site-packages/airflow/example_dags/example_workday_timetable.py
[2026-08-08T17:53:06.798+0000] {logging_mixin.py:190} INFO - [2026-08-08T17:53:06.798+0000] {dag.py:3211} INFO - Sync 1 DAGs
[2026-08-08T17:53:06.859+0000] {logging_mixin.py:190} INFO - [2026-08-08T17:53:06.858+0000] {dag.py:4138} INFO - Setting next_dagrun for example_workday_timetable to 2021-01-04 00:00:00+00:00, run_after=2021-01-05 00:00:00+00:00
[2026-08-08T17:53:06.881+0000] {processor.py:208} INFO - Processing /home/airflow/.local/lib/python3.12/site-packages/airflow/example_dags/example_workday_timetable.py took 0.125 seconds
[2026-08-08T17:53:37.663+0000] {processor.py:186} INFO - Started process (PID=215) to work on /home/airflow/.local/lib/python3.12/site-packages/airflow/example_dags/example_workday_timetable.py
[2026-08-08T17:53:37.667+0000] {processor.py:914} INFO - Processing file /home/airflow/.local/lib/python3.12/site-packages/airflow/example_dags/example_workday_timetable.py for tasks to queue
[2026-08-08T17:53:37.674+0000] {logging_mixin.py:190} INFO - [2026-08-08T17:53:37.673+0000] {dagbag.py:587} INFO - Filling up the DagBag from /home/airflow/.local/lib/python3.12/site-packages/airflow/example_dags/example_workday_timetable.py
[2026-08-08T17:53:37.688+0000] {processor.py:925} INFO - DAG(s) 'example_workday_timetable' retrieved from /home/airflow/.local/lib/python3.12/site-packages/airflow/example_dags/example_workday_timetable.py
[2026-08-08T17:53:37.734+0000] {logging_mixin.py:190} INFO - [2026-08-08T17:53:37.733+0000] {dag.py:3211} INFO - Sync 1 DAGs
[2026-08-08T17:53:37.843+0000] {logging_mixin.py:190} INFO - [2026-08-08T17:53:37.843+0000] {dag.py:4138} INFO - Setting next_dagrun for example_workday_timetable to 2021-01-04 00:00:00+00:00, run_after=2021-01-05 00:00:00+00:00
[2026-08-08T17:53:37.914+0000] {processor.py:208} INFO - Processing /home/airflow/.local/lib/python3.12/site-packages/airflow/example_dags/example_workday_timetable.py took 0.267 seconds
[2026-08-08T17:54:08.369+0000] {processor.py:186} INFO - Started process (PID=278) to work on /home/airflow/.local/lib/python3.12/site-packages/airflow/example_dags/example_workday_timetable.py
[2026-08-08T17:54:08.370+0000] {processor.py:914} INFO - Processing file /home/airflow/.local/lib/python3.12/site-packages/airflow/example_dags/example_workday_timetable.py for tasks to queue
[2026-08-08T17:54:08.374+0000] {logging_mixin.py:190} INFO - [2026-08-08T17:54:08.374+0000] {dagbag.py:587} INFO - Filling up the DagBag from /home/airflow/.local/lib/python3.12/site-packages/airflow/example_dags/example_workday_timetable.py
[2026-08-08T17:54:08.383+0000] {processor.py:925} INFO - DAG(s) 'example_workday_timetable' retrieved from /home/airflow/.local/lib/python3.12/site-packages/airflow/example_dags/example_workday_timetable.py
[2026-08-08T17:54:08.417+0000] {logging_mixin.py:190} INFO - [2026-08-08T17:54:08.417+0000] {dag.py:3211} INFO - Sync 1 DAGs
[2026-08-08T17:54:08.541+0000] {logging_mixin.py:190} INFO - [2026-08-08T17:54:08.541+0000] {dag.py:4138} INFO - Setting next_dagrun for example_workday_timetable to 2021-01-04 00:00:00+00:00, run_after=2021-01-05 00:00:00+00:00
[2026-08-08T17:54:08.575+0000] {processor.py:208} INFO - Processing /home/airflow/.local/lib/python3.12/site-packages/airflow/example_dags/example_workday_timetable.py took 0.217 seconds
[2026-08-08T17:54:39.143+0000] {processor.py:186} INFO - Started process (PID=341) to work on /home/airflow/.local/lib/python3.12/site-packages/airflow/example_dags/example_workday_timetable.py
[2026-08-08T17:54:39.145+0000] {processor.py:914} INFO - Processing file /home/airflow/.local/lib/python3.12/site-packages/airflow/example_dags/example_workday_timetable.py for tasks to queue
[2026-08-08T17:54:39.147+0000] {logging_mixin.py:190} INFO - [2026-08-08T17:54:39.147+0000] {dagbag.py:587} INFO - Filling up the DagBag from /home/airflow/.local/lib/python3.12/site-packages/airflow/example_dags/example_workday_timetable.py
[2026-08-08T17:54:39.152+0000] {processor.py:925} INFO - DAG(s) 'example_workday_timetable' retrieved from /home/airflow/.local/lib/python3.12/site-packages/airflow/example_dags/example_workday_timetable.py
[2026-08-08T17:54:39.169+0000] {logging_mixin.py:190} INFO - [2026-08-08T17:54:39.169+0000] {dag.py:3211} INFO - Sync 1 DAGs
[2026-08-08T17:54:39.224+0000] {logging_mixin.py:190} INFO - [2026-08-08T17:54:39.224+0000] {dag.py:4138} INFO - Setting next_dagrun for example_workday_timetable to 2021-01-04 00:00:00+00:00, run_after=2021-01-05 00:00:00+00:00
[2026-08-08T17:54:39.242+0000] {processor.py:208} INFO - Processing /home/airflow/.local/lib/python3.12/site-packages/airflow/example_dags/example_workday_timetable.py took 0.104 seconds
[2026-08-08T17:55:09.510+0000] {processor.py:186} INFO - Started process (PID=404) to work on /home/airflow/.local/lib/python3.12/site-packages/airflow/example_dags/example_workday_timetable.py
[2026-08-08T17:55:09.512+0000] {processor.py:914} INFO - Processing file /home/airflow/.local/lib/python3.12/site-packages/airflow/example_dags/example_workday_timetable.py for tasks to queue
[2026-08-08T17:55:09.514+0000] {logging_mixin.py:190} INFO - [2026-08-08T17:55:09.514+0000] {dagbag.py:587} INFO - Filling up the DagBag from /home/airflow/.local/lib/python3.12/site-packages/airflow/example_dags/example_workday_timetable.py
[2026-08-08T17:55:09.519+0000] {processor.py:925} INFO - DAG(s) 'example_workday_timetable' retrieved from /home/airflow/.local/lib/python3.12/site-packages/airflow/example_dags/example_workday_timetable.py
[2026-08-08T17:55:09.537+0000] {logging_mixin.py:190} INFO - [2026-08-08T17:55:09.537+0000] {dag.py:3211} INFO - Sync 1 DAGs
[2026-08-08T17:55:09.592+0000] {logging_mixin.py:190} INFO - [2026-08-08T17:55:09.592+0000] {dag.py:4138} INFO - Setting next_dagrun for example_workday_timetable to 2021-01-04 00:00:00+00:00, run_after=2021-01-05 00:00:00+00:00
[2026-08-08T17:55:09.609+0000] {processor.py:208} INFO - Processing /home/airflow/.local/lib/python3.12/site-packages/airflow/example_dags/example_workday_timetable.py took 0.104 seconds
[2026-08-08T17:55:39.815+0000] {processor.py:186} INFO - Started process (PID=467) to work on /home/airflow/.local/lib/python3.12/site-packages/airflow/example_dags/example_workday_timetable.py
[2026-08-08T17:55:39.817+0000] {processor.py:914} INFO - Processing file /home/airflow/.local/lib/python3.12/site-packages/airflow/example_dags/example_workday_timetable.py for tasks to queue
[2026-08-08T17:55:39.820+0000] {logging_mixin.py:190} INFO - [2026-08-08T17:55:39.819+0000] {dagbag.py:587} INFO - Filling up the DagBag from /home/airflow/.local/lib/python3.12/site-packages/airflow/example_dags/example_workday_timetable.py
[2026-08-08T17:55:39.825+0000] {processor.py:925} INFO - DAG(s) 'example_workday_timetable' retrieved from /home/airflow/.local/lib/python3.12/site-packages/airflow/example_dags/example_workday_timetable.py
[2026-08-08T17:55:39.848+0000] {logging_mixin.py:190} INFO - [2026-08-08T17:55:39.847+0000] {dag.py:3211} INFO - Sync 1 DAGs
[2026-08-08T17:55:39.899+0000] {logging_mixin.py:190} INFO - [2026-08-08T17:55:39.898+0000] {dag.py:4138} INFO - Setting next_dagrun for example_workday_timetable to 2021-01-04 00:00:00+00:00, run_after=2021-01-05 00:00:00+00:00
[2026-08-08T17:55:39.920+0000] {processor.py:208} INFO - Processing /home/airflow/.local/lib/python3.12/site-packages/airflow/example_dags/example_workday_timetable.py took 0.110 seconds
[2026-08-08T17:56:10.145+0000] {processor.py:186} INFO - Started process (PID=530) to work on /home/airflow/.local/lib/python3.12/site-packages/airflow/example_dags/example_workday_timetable.py
[2026-08-08T17:56:10.146+0000] {processor.py:914} INFO - Processing file /home/airflow/.local/lib/python3.12/site-packages/airflow/example_dags/example_workday_timetable.py for tasks to queue
[2026-08-08T17:56:10.148+0000] {logging_mixin.py:190} INFO - [2026-08-08T17:56:10.148+0000] {dagbag.py:587} INFO - Filling up the DagBag from /home/airflow/.local/lib/python3.12/site-packages/airflow/example_dags/example_workday_timetable.py
[2026-08-08T17:56:10.154+0000] {processor.py:925} INFO - DAG(s) 'example_workday_timetable' retrieved from /home/airflow/.local/lib/python3.12/site-packages/airflow/example_dags/example_workday_timetable.py
[2026-08-08T17:56:10.170+0000] {logging_mixin.py:190} INFO - [2026-08-08T17:56:10.170+0000] {dag.py:3211} INFO - Sync 1 DAGs
[2026-08-08T17:56:10.222+0000] {logging_mixin.py:190} INFO - [2026-08-08T17:56:10.222+0000] {dag.py:4138} INFO - Setting next_dagrun for example_workday_timetable to 2021-01-04 00:00:00+00:00, run_after=2021-01-05 00:00:00+00:00
[2026-08-08T17:56:10.243+0000] {processor.py:208} INFO - Processing /home/airflow/.local/lib/python3.12/site-packages/airflow/example_dags/example_workday_timetable.py took 0.103 seconds
[2026-08-08T17:56:40.667+0000] {processor.py:186} INFO - Started process (PID=593) to work on /home/airflow/.local/lib/python3.12/site-packages/airflow/example_dags/example_workday_timetable.py
[2026-08-08T17:56:40.669+0000] {processor.py:914} INFO - Processing file /home/airflow/.local/lib/python3.12/site-packages/airflow/example_dags/example_workday_timetable.py for tasks to queue
[2026-08-08T17:56:40.673+0000] {logging_mixin.py:190} INFO - [2026-08-08T17:56:40.673+0000] {dagbag.py:587} INFO - Filling up the DagBag from /home/airflow/.local/lib/python3.12/site-packages/airflow/example_dags/example_workday_timetable.py
[2026-08-08T17:56:40.678+0000] {processor.py:925} INFO - DAG(s) 'example_workday_timetable' retrieved from /home/airflow/.local/lib/python3.12/site-packages/airflow/example_dags/example_workday_timetable.py
[2026-08-08T17:56:40.698+0000] {logging_mixin.py:190} INFO - [2026-08-08T17:56:40.697+0000] {dag.py:3211} INFO - Sync 1 DAGs
[2026-08-08T17:56:40.743+0000] {logging_mixin.py:190} INFO - [2026-08-08T17:56:40.742+0000] {dag.py:4138} INFO - Setting next_dagrun for example_workday_timetable to 2021-01-04 00:00:00+00:00, run_after=2021-01-05 00:00:00+00:00
[2026-08-08T17:56:40.761+0000] {processor.py:208} INFO - Processing /home/airflow/.local/lib/python3.12/site-packages/airflow/example_dags/example_workday_timetable.py took 0.100 seconds
[2026-08-08T17:57:11.165+0000] {processor.py:186} INFO - Started process (PID=656) to work on /home/airflow/.local/lib/python3.12/site-packages/airflow/example_dags/example_workday_timetable.py
[2026-08-08T17:57:11.167+0000] {processor.py:914} INFO - Processing file /home/airflow/.local/lib/python3.12/site-packages/airflow/example_dags/example_workday_timetable.py for tasks to queue
[2026-08-08T17:57:11.171+0000] {logging_mixin.py:190} INFO - [2026-08-08T17:57:11.170+0000] {dagbag.py:587} INFO - Filling up the DagBag from /home/airflow/.local/lib/python3.12/site-packages/airflow/example_dags/example_workday_timetable.py
[2026-08-08T17:57:11.179+0000] {processor.py:925} INFO - DAG(s) 'example_workday_timetable' retrieved from /home/airflow/.local/lib/python3.12/site-packages/airflow/example_dags/example_workday_timetable.py
[2026-08-08T17:57:11.209+0000] {logging_mixin.py:190} INFO - [2026-08-08T17:57:11.209+0000] {dag.py:3211} INFO - Sync 1 DAGs
[2026-08-08T17:57:11.280+0000] {logging_mixin.py:190} INFO - [2026-08-08T17:57:11.280+0000] {dag.py:4138} INFO - Setting next_dagrun for example_workday_timetable to 2021-01-04 00:00:00+00:00, run_after=2021-01-05 00:00:00+00:00
[2026-08-08T17:57:11.308+0000] {processor.py:208} INFO - Processing /home/airflow/.local/lib/python3.12/site-packages/airflow/example_dags/example_workday_timetable.py took 0.150 seconds
[2026-08-08T18:08:17.236+0000] {processor.py:186} INFO - Started process (PID=719) to work on /home/airflow/.local/lib/python3.12/site-packages/airflow/example_dags/example_workday_timetable.py
[2026-08-08T18:08:17.246+0000] {processor.py:914} INFO - Processing file /home/airflow/.local/lib/python3.12/site-packages/airflow/example_dags/example_workday_timetable.py for tasks to queue
[2026-08-08T18:08:17.260+0000] {logging_mixin.py:190} INFO - [2026-08-08T18:08:17.259+0000] {dagbag.py:587} INFO - Filling up the DagBag from /home/airflow/.local/lib/python3.12/site-packages/airflow/example_dags/example_workday_timetable.py
[2026-08-08T18:08:17.293+0000] {processor.py:925} INFO - DAG(s) 'example_workday_timetable' retrieved from /home/airflow/.local/lib/python3.12/site-packages/airflow/example_dags/example_workday_timetable.py
[2026-08-08T18:08:17.361+0000] {logging_mixin.py:190} INFO - [2026-08-08T18:08:17.360+0000] {dag.py:3211} INFO - Sync 1 DAGs
[2026-08-08T18:08:17.579+0000] {logging_mixin.py:190} INFO - [2026-08-08T18:08:17.578+0000] {dag.py:4138} INFO - Setting next_dagrun for example_workday_timetable to 2021-01-04 00:00:00+00:00, run_after=2021-01-05 00:00:00+00:00
[2026-08-08T18:08:17.636+0000] {processor.py:208} INFO - Processing /home/airflow/.local/lib/python3.12/site-packages/airflow/example_dags/example_workday_timetable.py took 0.424 seconds
[2026-08-08T18:08:47.732+0000] {processor.py:186} INFO - Started process (PID=782) to work on /home/airflow/.local/lib/python3.12/site-packages/airflow/example_dags/example_workday_timetable.py
[2026-08-08T18:08:47.735+0000] {processor.py:914} INFO - Processing file /home/airflow/.local/lib/python3.12/site-packages/airflow/example_dags/example_workday_timetable.py for tasks to queue
[2026-08-08T18:08:47.738+0000] {logging_mixin.py:190} INFO - [2026-08-08T18:08:47.738+0000] {dagbag.py:587} INFO - Filling up the DagBag from /home/airflow/.local/lib/python3.12/site-packages/airflow/example_dags/example_workday_timetable.py
[2026-08-08T18:08:47.747+0000] {processor.py:925} INFO - DAG(s) 'example_workday_timetable' retrieved from /home/airflow/.local/lib/python3.12/site-packages/airflow/example_dags/example_workday_timetable.py
[2026-08-08T18:08:47.778+0000] {logging_mixin.py:190} INFO - [2026-08-08T18:08:47.778+0000] {dag.py:3211} INFO - Sync 1 DAGs
[2026-08-08T18:08:47.863+0000] {logging_mixin.py:190} INFO - [2026-08-08T18:08:47.863+0000] {dag.py:4138} INFO - Setting next_dagrun for example_workday_timetable to 2021-01-04 00:00:00+00:00, run_after=2021-01-05 00:00:00+00:00
[2026-08-08T18:08:47.896+0000] {processor.py:208} INFO - Processing /home/airflow/.local/lib/python3.12/site-packages/airflow/example_dags/example_workday_timetable.py took 0.173 seconds
[2026-08-08T18:09:18.315+0000] {processor.py:186} INFO - Started process (PID=845) to work on /home/airflow/.local/lib/python3.12/site-packages/airflow/example_dags/example_workday_timetable.py
[2026-08-08T18:09:18.316+0000] {processor.py:914} INFO - Processing file /home/airflow/.local/lib/python3.12/site-packages/airflow/example_dags/example_workday_timetable.py for tasks to queue
[2026-08-08T18:09:18.321+0000] {logging_mixin.py:190} INFO - [2026-08-08T18:09:18.320+0000] {dagbag.py:587} INFO - Filling up the DagBag from /home/airflow/.local/lib/python3.12/site-packages/airflow/example_dags/example_workday_timetable.py
[2026-08-08T18:09:18.330+0000] {processor.py:925} INFO - DAG(s) 'example_workday_timetable' retrieved from /home/airflow/.local/lib/python3.12/site-packages/airflow/example_dags/example_workday_timetable.py
[2026-08-08T18:09:18.361+0000] {logging_mixin.py:190} INFO - [2026-08-08T18:09:18.361+0000] {dag.py:3211} INFO - Sync 1 DAGs
[2026-08-08T18:09:18.448+0000] {logging_mixin.py:190} INFO - [2026-08-08T18:09:18.448+0000] {dag.py:4138} INFO - Setting next_dagrun for example_workday_timetable to 2021-01-04 00:00:00+00:00, run_after=2021-01-05 00:00:00+00:00
[2026-08-08T18:09:18.475+0000] {processor.py:208} INFO - Processing /home/airflow/.local/lib/python3.12/site-packages/airflow/example_dags/example_workday_timetable.py took 0.170 seconds
[2026-08-08T18:09:48.768+0000] {processor.py:186} INFO - Started process (PID=908) to work on /home/airflow/.local/lib/python3.12/site-packages/airflow/example_dags/example_workday_timetable.py
[2026-08-08T18:09:48.770+0000] {processor.py:914} INFO - Processing file /home/airflow/.local/lib/python3.12/site-packages/airflow/example_dags/example_workday_timetable.py for tasks to queue
[2026-08-08T18:09:48.773+0000] {logging_mixin.py:190} INFO - [2026-08-08T18:09:48.773+0000] {dagbag.py:587} INFO - Filling up the DagBag from /home/airflow/.local/lib/python3.12/site-packages/airflow/example_dags/example_workday_timetable.py
[2026-08-08T18:09:48.785+0000] {processor.py:925} INFO - DAG(s) 'example_workday_timetable' retrieved from /home/airflow/.local/lib/python3.12/site-packages/airflow/example_dags/example_workday_timetable.py
[2026-08-08T18:09:48.818+0000] {logging_mixin.py:190} INFO - [2026-08-08T18:09:48.818+0000] {dag.py:3211} INFO - Sync 1 DAGs
[2026-08-08T18:09:48.900+0000] {logging_mixin.py:190} INFO - [2026-08-08T18:09:48.900+0000] {dag.py:4138} INFO - Setting next_dagrun for example_workday_timetable to 2021-01-04 00:00:00+00:00, run_after=2021-01-05 00:00:00+00:00
[2026-08-08T18:09:48.929+0000] {processor.py:208} INFO - Processing /home/airflow/.local/lib/python3.12/site-packages/airflow/example_dags/example_workday_timetable.py took 0.170 seconds
[2026-08-08T18:10:18.996+0000] {processor.py:186} INFO - Started process (PID=970) to work on /home/airflow/.local/lib/python3.12/site-packages/airflow/example_dags/example_workday_timetable.py
[2026-08-08T18:10:18.998+0000] {processor.py:914} INFO - Processing file /home/airflow/.local/lib/python3.12/site-packages/airflow/example_dags/example_workday_timetable.py for tasks to queue
[2026-08-08T18:10:19.002+0000] {logging_mixin.py:190} INFO - [2026-08-08T18:10:19.002+0000] {dagbag.py:587} INFO - Filling up the DagBag from /home/airflow/.local/lib/python3.12/site-packages/airflow/example_dags/example_workday_timetable.py
[2026-08-08T18:10:19.014+0000] {processor.py:925} INFO - DAG(s) 'example_workday_timetable' retrieved from /home/airflow/.local/lib/python3.12/site-packages/airflow/example_dags/example_workday_timetable.py
[2026-08-08T18:10:19.048+0000] {logging_mixin.py:190} INFO - [2026-08-08T18:10:19.048+0000] {dag.py:3211} INFO - Sync 1 DAGs
[2026-08-08T18:10:19.151+0000] {logging_mixin.py:190} INFO - [2026-08-08T18:10:19.150+0000] {dag.py:4138} INFO - Setting next_dagrun for example_workday_timetable to 2021-01-04 00:00:00+00:00, run_after=2021-01-05 00:00:00+00:00
[2026-08-08T18:10:19.178+0000] {processor.py:208} INFO - Processing /home/airflow/.local/lib/python3.12/site-packages/airflow/example_dags/example_workday_timetable.py took 0.192 seconds
[2026-08-08T18:10:49.432+0000] {processor.py:186} INFO - Started process (PID=1033) to work on /home/airflow/.local/lib/python3.12/site-packages/airflow/example_dags/example_workday_timetable.py
[2026-08-08T18:10:49.434+0000] {processor.py:914} INFO - Processing file /home/airflow/.local/lib/python3.12/site-packages/airflow/example_dags/example_workday_timetable.py for tasks to queue
[2026-08-08T18:10:49.438+0000] {logging_mixin.py:190} INFO - [2026-08-08T18:10:49.437+0000] {dagbag.py:587} INFO - Filling up the DagBag from /home/airflow/.local/lib/python3.12/site-packages/airflow/example_dags/example_workday_timetable.py
[2026-08-08T18:10:49.447+0000] {processor.py:925} INFO - DAG(s) 'example_workday_timetable' retrieved from /home/airflow/.local/lib/python3.12/site-packages/airflow/example_dags/example_workday_timetable.py
[2026-08-08T18:10:49.480+0000] {logging_mixin.py:190} INFO - [2026-08-08T18:10:49.480+0000] {dag.py:3211} INFO - Sync 1 DAGs
[2026-08-08T18:10:49.554+0000] {logging_mixin.py:190} INFO - [2026-08-08T18:10:49.554+0000] {dag.py:4138} INFO - Setting next_dagrun for example_workday_timetable to 2021-01-04 00:00:00+00:00, run_after=2021-01-05 00:00:00+00:00
[2026-08-08T18:10:49.580+0000] {processor.py:208} INFO - Processing /home/airflow/.local/lib/python3.12/site-packages/airflow/example_dags/example_workday_timetable.py took 0.155 seconds
[2026-08-08T18:11:19.991+0000] {processor.py:186} INFO - Started process (PID=1096) to work on /home/airflow/.local/lib/python3.12/site-packages/airflow/example_dags/example_workday_timetable.py
[2026-08-08T18:11:19.992+0000] {processor.py:914} INFO - Processing file /home/airflow/.local/lib/python3.12/site-packages/airflow/example_dags/example_workday_timetable.py for tasks to queue
[2026-08-08T18:11:19.996+0000] {logging_mixin.py:190} INFO - [2026-08-08T18:11:19.995+0000] {dagbag.py:587} INFO - Filling up the DagBag from /home/airflow/.local/lib/python3.12/site-packages/airflow/example_dags/example_workday_timetable.py
[2026-08-08T18:11:20.005+0000] {processor.py:925} INFO - DAG(s) 'example_workday_timetable' retrieved from /home/airflow/.local/lib/python3.12/site-packages/airflow/example_dags/example_workday_timetable.py
[2026-08-08T18:11:20.027+0000] {logging_mixin.py:190} INFO - [2026-08-08T18:11:20.026+0000] {dag.py:3211} INFO - Sync 1 DAGs
[2026-08-08T18:11:20.091+0000] {logging_mixin.py:190} INFO - [2026-08-08T18:11:20.091+0000] {dag.py:4138} INFO - Setting next_dagrun for example_workday_timetable to 2021-01-04 00:00:00+00:00, run_after=2021-01-05 00:00:00+00:00
[2026-08-08T18:11:20.115+0000] {processor.py:208} INFO - Processing /home/airflow/.local/lib/python3.12/site-packages/airflow/example_dags/example_workday_timetable.py took 0.131 seconds
[2026-08-08T18:11:50.743+0000] {processor.py:186} INFO - Started process (PID=1159) to work on /home/airflow/.local/lib/python3.12/site-packages/airflow/example_dags/example_workday_timetable.py
[2026-08-08T18:11:50.744+0000] {processor.py:914} INFO - Processing file /home/airflow/.local/lib/python3.12/site-packages/airflow/example_dags/example_workday_timetable.py for tasks to queue
[2026-08-08T18:11:50.748+0000] {logging_mixin.py:190} INFO - [2026-08-08T18:11:50.748+0000] {dagbag.py:587} INFO - Filling up the DagBag from /home/airflow/.local/lib/python3.12/site-packages/airflow/example_dags/example_workday_timetable.py
[2026-08-08T18:11:50.757+0000] {processor.py:925} INFO - DAG(s) 'example_workday_timetable' retrieved from /home/airflow/.local/lib/python3.12/site-packages/airflow/example_dags/example_workday_timetable.py
[2026-08-08T18:11:50.781+0000] {logging_mixin.py:190} INFO - [2026-08-08T18:11:50.781+0000] {dag.py:3211} INFO - Sync 1 DAGs
[2026-08-08T18:11:50.846+0000] {logging_mixin.py:190} INFO - [2026-08-08T18:11:50.846+0000] {dag.py:4138} INFO - Setting next_dagrun for example_workday_timetable to 2021-01-04 00:00:00+00:00, run_after=2021-01-05 00:00:00+00:00
[2026-08-08T18:11:50.870+0000] {processor.py:208} INFO - Processing /home/airflow/.local/lib/python3.12/site-packages/airflow/example_dags/example_workday_timetable.py took 0.134 seconds
[2026-08-08T18:13:06.431+0000] {processor.py:186} INFO - Started process (PID=89) to work on /home/airflow/.local/lib/python3.12/site-packages/airflow/example_dags/example_workday_timetable.py
[2026-08-08T18:13:06.432+0000] {processor.py:914} INFO - Processing file /home/airflow/.local/lib/python3.12/site-packages/airflow/example_dags/example_workday_timetable.py for tasks to queue
[2026-08-08T18:13:06.437+0000] {logging_mixin.py:190} INFO - [2026-08-08T18:13:06.437+0000] {dagbag.py:587} INFO - Filling up the DagBag from /home/airflow/.local/lib/python3.12/site-packages/airflow/example_dags/example_workday_timetable.py
[2026-08-08T18:13:06.445+0000] {processor.py:925} INFO - DAG(s) 'example_workday_timetable' retrieved from /home/airflow/.local/lib/python3.12/site-packages/airflow/example_dags/example_workday_timetable.py
[2026-08-08T18:13:06.474+0000] {logging_mixin.py:190} INFO - [2026-08-08T18:13:06.474+0000] {dag.py:3211} INFO - Sync 1 DAGs
[2026-08-08T18:13:06.542+0000] {logging_mixin.py:190} INFO - [2026-08-08T18:13:06.541+0000] {dag.py:4138} INFO - Setting next_dagrun for example_workday_timetable to 2021-01-04 00:00:00+00:00, run_after=2021-01-05 00:00:00+00:00
[2026-08-08T18:13:06.567+0000] {processor.py:208} INFO - Processing /home/airflow/.local/lib/python3.12/site-packages/airflow/example_dags/example_workday_timetable.py took 0.143 seconds
[2026-08-08T18:13:37.419+0000] {processor.py:186} INFO - Started process (PID=158) to work on /home/airflow/.local/lib/python3.12/site-packages/airflow/example_dags/example_workday_timetable.py
[2026-08-08T18:13:37.421+0000] {processor.py:914} INFO - Processing file /home/airflow/.local/lib/python3.12/site-packages/airflow/example_dags/example_workday_timetable.py for tasks to queue
[2026-08-08T18:13:37.424+0000] {logging_mixin.py:190} INFO - [2026-08-08T18:13:37.424+0000] {dagbag.py:587} INFO - Filling up the DagBag from /home/airflow/.local/lib/python3.12/site-packages/airflow/example_dags/example_workday_timetable.py
[2026-08-08T18:13:37.433+0000] {processor.py:925} INFO - DAG(s) 'example_workday_timetable' retrieved from /home/airflow/.local/lib/python3.12/site-packages/airflow/example_dags/example_workday_timetable.py
[2026-08-08T18:13:37.459+0000] {logging_mixin.py:190} INFO - [2026-08-08T18:13:37.458+0000] {dag.py:3211} INFO - Sync 1 DAGs
[2026-08-08T18:13:37.529+0000] {logging_mixin.py:190} INFO - [2026-08-08T18:13:37.529+0000] {dag.py:4138} INFO - Setting next_dagrun for example_workday_timetable to 2021-01-04 00:00:00+00:00, run_after=2021-01-05 00:00:00+00:00
[2026-08-08T18:13:37.553+0000] {processor.py:208} INFO - Processing /home/airflow/.local/lib/python3.12/site-packages/airflow/example_dags/example_workday_timetable.py took 0.143 seconds
[2026-08-08T18:14:08.115+0000] {processor.py:186} INFO - Started process (PID=221) to work on /home/airflow/.local/lib/python3.12/site-packages/airflow/example_dags/example_workday_timetable.py
[2026-08-08T18:14:08.116+0000] {processor.py:914} INFO - Processing file /home/airflow/.local/lib/python3.12/site-packages/airflow/example_dags/example_workday_timetable.py for tasks to queue
[2026-08-08T18:14:08.119+0000] {logging_mixin.py:190} INFO - [2026-08-08T18:14:08.118+0000] {dagbag.py:587} INFO - Filling up the DagBag from /home/airflow/.local/lib/python3.12/site-packages/airflow/example_dags/example_workday_timetable.py
[2026-08-08T18:14:08.124+0000] {processor.py:925} INFO - DAG(s) 'example_workday_timetable' retrieved from /home/airflow/.local/lib/python3.12/site-packages/airflow/example_dags/example_workday_timetable.py
[2026-08-08T18:14:08.144+0000] {logging_mixin.py:190} INFO - [2026-08-08T18:14:08.144+0000] {dag.py:3211} INFO - Sync 1 DAGs
[2026-08-08T18:14:08.200+0000] {logging_mixin.py:190} INFO - [2026-08-08T18:14:08.200+0000] {dag.py:4138} INFO - Setting next_dagrun for example_workday_timetable to 2021-01-04 00:00:00+00:00, run_after=2021-01-05 00:00:00+00:00
[2026-08-08T18:14:08.219+0000] {processor.py:208} INFO - Processing /home/airflow/.local/lib/python3.12/site-packages/airflow/example_dags/example_workday_timetable.py took 0.110 seconds
[2026-08-08T18:14:38.454+0000] {processor.py:186} INFO - Started process (PID=284) to work on /home/airflow/.local/lib/python3.12/site-packages/airflow/example_dags/example_workday_timetable.py
[2026-08-08T18:14:38.455+0000] {processor.py:914} INFO - Processing file /home/airflow/.local/lib/python3.12/site-packages/airflow/example_dags/example_workday_timetable.py for tasks to queue
[2026-08-08T18:14:38.458+0000] {logging_mixin.py:190} INFO - [2026-08-08T18:14:38.458+0000] {dagbag.py:587} INFO - Filling up the DagBag from /home/airflow/.local/lib/python3.12/site-packages/airflow/example_dags/example_workday_timetable.py
[2026-08-08T18:14:38.464+0000] {processor.py:925} INFO - DAG(s) 'example_workday_timetable' retrieved from /home/airflow/.local/lib/python3.12/site-packages/airflow/example_dags/example_workday_timetable.py
[2026-08-08T18:14:38.484+0000] {logging_mixin.py:190} INFO - [2026-08-08T18:14:38.484+0000] {dag.py:3211} INFO - Sync 1 DAGs
[2026-08-08T18:14:38.542+0000] {logging_mixin.py:190} INFO - [2026-08-08T18:14:38.542+0000] {dag.py:4138} INFO - Setting next_dagrun for example_workday_timetable to 2021-01-04 00:00:00+00:00, run_after=2021-01-05 00:00:00+00:00
[2026-08-08T18:14:38.563+0000] {processor.py:208} INFO - Processing /home/airflow/.local/lib/python3.12/site-packages/airflow/example_dags/example_workday_timetable.py took 0.115 seconds
[2026-08-08T18:15:09.404+0000] {processor.py:186} INFO - Started process (PID=347) to work on /home/airflow/.local/lib/python3.12/site-packages/airflow/example_dags/example_workday_timetable.py
[2026-08-08T18:15:09.406+0000] {processor.py:914} INFO - Processing file /home/airflow/.local/lib/python3.12/site-packages/airflow/example_dags/example_workday_timetable.py for tasks to queue
[2026-08-08T18:15:09.410+0000] {logging_mixin.py:190} INFO - [2026-08-08T18:15:09.410+0000] {dagbag.py:587} INFO - Filling up the DagBag from /home/airflow/.local/lib/python3.12/site-packages/airflow/example_dags/example_workday_timetable.py
[2026-08-08T18:15:09.420+0000] {processor.py:925} INFO - DAG(s) 'example_workday_timetable' retrieved from /home/airflow/.local/lib/python3.12/site-packages/airflow/example_dags/example_workday_timetable.py
[2026-08-08T18:15:09.451+0000] {logging_mixin.py:190} INFO - [2026-08-08T18:15:09.450+0000] {dag.py:3211} INFO - Sync 1 DAGs
[2026-08-08T18:15:09.551+0000] {logging_mixin.py:190} INFO - [2026-08-08T18:15:09.551+0000] {dag.py:4138} INFO - Setting next_dagrun for example_workday_timetable to 2021-01-04 00:00:00+00:00, run_after=2021-01-05 00:00:00+00:00
[2026-08-08T18:15:09.585+0000] {processor.py:208} INFO - Processing /home/airflow/.local/lib/python3.12/site-packages/airflow/example_dags/example_workday_timetable.py took 0.191 seconds
[2026-08-08T18:15:40.276+0000] {processor.py:186} INFO - Started process (PID=410) to work on /home/airflow/.local/lib/python3.12/site-packages/airflow/example_dags/example_workday_timetable.py
[2026-08-08T18:15:40.278+0000] {processor.py:914} INFO - Processing file /home/airflow/.local/lib/python3.12/site-packages/airflow/example_dags/example_workday_timetable.py for tasks to queue
[2026-08-08T18:15:40.280+0000] {logging_mixin.py:190} INFO - [2026-08-08T18:15:40.280+0000] {dagbag.py:587} INFO - Filling up the DagBag from /home/airflow/.local/lib/python3.12/site-packages/airflow/example_dags/example_workday_timetable.py
[2026-08-08T18:15:40.289+0000] {processor.py:925} INFO - DAG(s) 'example_workday_timetable' retrieved from /home/airflow/.local/lib/python3.12/site-packages/airflow/example_dags/example_workday_timetable.py
[2026-08-08T18:15:40.310+0000] {logging_mixin.py:190} INFO - [2026-08-08T18:15:40.309+0000] {dag.py:3211} INFO - Sync 1 DAGs
[2026-08-08T18:15:40.365+0000] {logging_mixin.py:190} INFO - [2026-08-08T18:15:40.365+0000] {dag.py:4138} INFO - Setting next_dagrun for example_workday_timetable to 2021-01-04 00:00:00+00:00, run_after=2021-01-05 00:00:00+00:00
[2026-08-08T18:15:40.384+0000] {processor.py:208} INFO - Processing /home/airflow/.local/lib/python3.12/site-packages/airflow/example_dags/example_workday_timetable.py took 0.113 seconds
[2026-08-08T18:17:11.749+0000] {processor.py:186} INFO - Started process (PID=108) to work on /home/airflow/.local/lib/python3.12/site-packages/airflow/example_dags/example_workday_timetable.py
[2026-08-08T18:17:11.751+0000] {processor.py:914} INFO - Processing file /home/airflow/.local/lib/python3.12/site-packages/airflow/example_dags/example_workday_timetable.py for tasks to queue
[2026-08-08T18:17:11.755+0000] {logging_mixin.py:190} INFO - [2026-08-08T18:17:11.755+0000] {dagbag.py:587} INFO - Filling up the DagBag from /home/airflow/.local/lib/python3.12/site-packages/airflow/example_dags/example_workday_timetable.py
[2026-08-08T18:17:11.763+0000] {processor.py:925} INFO - DAG(s) 'example_workday_timetable' retrieved from /home/airflow/.local/lib/python3.12/site-packages/airflow/example_dags/example_workday_timetable.py
[2026-08-08T18:17:11.799+0000] {logging_mixin.py:190} INFO - [2026-08-08T18:17:11.799+0000] {dag.py:3211} INFO - Sync 1 DAGs
[2026-08-08T18:17:11.866+0000] {logging_mixin.py:190} INFO - [2026-08-08T18:17:11.865+0000] {dag.py:4138} INFO - Setting next_dagrun for example_workday_timetable to 2021-01-04 00:00:00+00:00, run_after=2021-01-05 00:00:00+00:00
[2026-08-08T18:17:11.890+0000] {processor.py:208} INFO - Processing /home/airflow/.local/lib/python3.12/site-packages/airflow/example_dags/example_workday_timetable.py took 0.147 seconds
[2026-08-08T18:17:42.646+0000] {processor.py:186} INFO - Started process (PID=171) to work on /home/airflow/.local/lib/python3.12/site-packages/airflow/example_dags/example_workday_timetable.py
[2026-08-08T18:17:42.647+0000] {processor.py:914} INFO - Processing file /home/airflow/.local/lib/python3.12/site-packages/airflow/example_dags/example_workday_timetable.py for tasks to queue
[2026-08-08T18:17:42.650+0000] {logging_mixin.py:190} INFO - [2026-08-08T18:17:42.650+0000] {dagbag.py:587} INFO - Filling up the DagBag from /home/airflow/.local/lib/python3.12/site-packages/airflow/example_dags/example_workday_timetable.py
[2026-08-08T18:17:42.656+0000] {processor.py:925} INFO - DAG(s) 'example_workday_timetable' retrieved from /home/airflow/.local/lib/python3.12/site-packages/airflow/example_dags/example_workday_timetable.py
[2026-08-08T18:17:42.677+0000] {logging_mixin.py:190} INFO - [2026-08-08T18:17:42.677+0000] {dag.py:3211} INFO - Sync 1 DAGs
[2026-08-08T18:17:42.734+0000] {logging_mixin.py:190} INFO - [2026-08-08T18:17:42.734+0000] {dag.py:4138} INFO - Setting next_dagrun for example_workday_timetable to 2021-01-04 00:00:00+00:00, run_after=2021-01-05 00:00:00+00:00
[2026-08-08T18:17:42.755+0000] {processor.py:208} INFO - Processing /home/airflow/.local/lib/python3.12/site-packages/airflow/example_dags/example_workday_timetable.py took 0.115 seconds
[2026-08-08T18:18:13.453+0000] {processor.py:186} INFO - Started process (PID=234) to work on /home/airflow/.local/lib/python3.12/site-packages/airflow/example_dags/example_workday_timetable.py
[2026-08-08T18:18:13.454+0000] {processor.py:914} INFO - Processing file /home/airflow/.local/lib/python3.12/site-packages/airflow/example_dags/example_workday_timetable.py for tasks to queue
[2026-08-08T18:18:13.457+0000] {logging_mixin.py:190} INFO - [2026-08-08T18:18:13.457+0000] {dagbag.py:587} INFO - Filling up the DagBag from /home/airflow/.local/lib/python3.12/site-packages/airflow/example_dags/example_workday_timetable.py
[2026-08-08T18:18:13.463+0000] {processor.py:925} INFO - DAG(s) 'example_workday_timetable' retrieved from /home/airflow/.local/lib/python3.12/site-packages/airflow/example_dags/example_workday_timetable.py
[2026-08-08T18:18:13.485+0000] {logging_mixin.py:190} INFO - [2026-08-08T18:18:13.485+0000] {dag.py:3211} INFO - Sync 1 DAGs
[2026-08-08T18:18:13.554+0000] {logging_mixin.py:190} INFO - [2026-08-08T18:18:13.553+0000] {dag.py:4138} INFO - Setting next_dagrun for example_workday_timetable to 2021-01-04 00:00:00+00:00, run_after=2021-01-05 00:00:00+00:00
[2026-08-08T18:18:13.575+0000] {processor.py:208} INFO - Processing /home/airflow/.local/lib/python3.12/site-packages/airflow/example_dags/example_workday_timetable.py took 0.129 seconds
[2026-08-08T18:18:44.014+0000] {processor.py:186} INFO - Started process (PID=298) to work on /home/airflow/.local/lib/python3.12/site-packages/airflow/example_dags/example_workday_timetable.py
[2026-08-08T18:18:44.015+0000] {processor.py:914} INFO - Processing file /home/airflow/.local/lib/python3.12/site-packages/airflow/example_dags/example_workday_timetable.py for tasks to queue
[2026-08-08T18:18:44.018+0000] {logging_mixin.py:190} INFO - [2026-08-08T18:18:44.017+0000] {dagbag.py:587} INFO - Filling up the DagBag from /home/airflow/.local/lib/python3.12/site-packages/airflow/example_dags/example_workday_timetable.py
[2026-08-08T18:18:44.024+0000] {processor.py:925} INFO - DAG(s) 'example_workday_timetable' retrieved from /home/airflow/.local/lib/python3.12/site-packages/airflow/example_dags/example_workday_timetable.py
[2026-08-08T18:18:44.046+0000] {logging_mixin.py:190} INFO - [2026-08-08T18:18:44.045+0000] {dag.py:3211} INFO - Sync 1 DAGs
[2026-08-08T18:18:44.103+0000] {logging_mixin.py:190} INFO - [2026-08-08T18:18:44.102+0000] {dag.py:4138} INFO - Setting next_dagrun for example_workday_timetable to 2021-01-04 00:00:00+00:00, run_after=2021-01-05 00:00:00+00:00
[2026-08-08T18:18:44.123+0000] {processor.py:208} INFO - Processing /home/airflow/.local/lib/python3.12/site-packages/airflow/example_dags/example_workday_timetable.py took 0.116 seconds
[2026-08-08T18:19:14.684+0000] {processor.py:186} INFO - Started process (PID=361) to work on /home/airflow/.local/lib/python3.12/site-packages/airflow/example_dags/example_workday_timetable.py
[2026-08-08T18:19:14.685+0000] {processor.py:914} INFO - Processing file /home/airflow/.local/lib/python3.12/site-packages/airflow/example_dags/example_workday_timetable.py for tasks to queue
[2026-08-08T18:19:14.688+0000] {logging_mixin.py:190} INFO - [2026-08-08T18:19:14.687+0000] {dagbag.py:587} INFO - Filling up the DagBag from /home/airflow/.local/lib/python3.12/site-packages/airflow/example_dags/example_workday_timetable.py
[2026-08-08T18:19:14.695+0000] {processor.py:925} INFO - DAG(s) 'example_workday_timetable' retrieved from /home/airflow/.local/lib/python3.12/site-packages/airflow/example_dags/example_workday_timetable.py
[2026-08-08T18:19:14.723+0000] {logging_mixin.py:190} INFO - [2026-08-08T18:19:14.722+0000] {dag.py:3211} INFO - Sync 1 DAGs
[2026-08-08T18:19:14.785+0000] {logging_mixin.py:190} INFO - [2026-08-08T18:19:14.785+0000] {dag.py:4138} INFO - Setting next_dagrun for example_workday_timetable to 2021-01-04 00:00:00+00:00, run_after=2021-01-05 00:00:00+00:00
[2026-08-08T18:19:14.808+0000] {processor.py:208} INFO - Processing /home/airflow/.local/lib/python3.12/site-packages/airflow/example_dags/example_workday_timetable.py took 0.131 seconds
[2026-08-08T18:24:00.953+0000] {processor.py:186} INFO - Started process (PID=423) to work on /home/airflow/.local/lib/python3.12/site-packages/airflow/example_dags/example_workday_timetable.py
[2026-08-08T18:24:00.962+0000] {processor.py:914} INFO - Processing file /home/airflow/.local/lib/python3.12/site-packages/airflow/example_dags/example_workday_timetable.py for tasks to queue
[2026-08-08T18:24:00.979+0000] {logging_mixin.py:190} INFO - [2026-08-08T18:24:00.978+0000] {dagbag.py:587} INFO - Filling up the DagBag from /home/airflow/.local/lib/python3.12/site-packages/airflow/example_dags/example_workday_timetable.py
[2026-08-08T18:24:01.004+0000] {processor.py:925} INFO - DAG(s) 'example_workday_timetable' retrieved from /home/airflow/.local/lib/python3.12/site-packages/airflow/example_dags/example_workday_timetable.py
[2026-08-08T18:24:01.043+0000] {logging_mixin.py:190} INFO - [2026-08-08T18:24:01.042+0000] {dag.py:3211} INFO - Sync 1 DAGs
[2026-08-08T18:24:01.106+0000] {logging_mixin.py:190} INFO - [2026-08-08T18:24:01.105+0000] {dag.py:4138} INFO - Setting next_dagrun for example_workday_timetable to 2021-01-04 00:00:00+00:00, run_after=2021-01-05 00:00:00+00:00
[2026-08-08T18:24:01.151+0000] {processor.py:208} INFO - Processing /home/airflow/.local/lib/python3.12/site-packages/airflow/example_dags/example_workday_timetable.py took 0.206 seconds
[2026-08-08T18:24:31.383+0000] {processor.py:186} INFO - Started process (PID=486) to work on /home/airflow/.local/lib/python3.12/site-packages/airflow/example_dags/example_workday_timetable.py
[2026-08-08T18:24:31.387+0000] {processor.py:914} INFO - Processing file /home/airflow/.local/lib/python3.12/site-packages/airflow/example_dags/example_workday_timetable.py for tasks to queue
[2026-08-08T18:24:31.392+0000] {logging_mixin.py:190} INFO - [2026-08-08T18:24:31.391+0000] {dagbag.py:587} INFO - Filling up the DagBag from /home/airflow/.local/lib/python3.12/site-packages/airflow/example_dags/example_workday_timetable.py
[2026-08-08T18:24:31.405+0000] {processor.py:925} INFO - DAG(s) 'example_workday_timetable' retrieved from /home/airflow/.local/lib/python3.12/site-packages/airflow/example_dags/example_workday_timetable.py
[2026-08-08T18:24:31.440+0000] {logging_mixin.py:190} INFO - [2026-08-08T18:24:31.440+0000] {dag.py:3211} INFO - Sync 1 DAGs
[2026-08-08T18:24:31.557+0000] {logging_mixin.py:190} INFO - [2026-08-08T18:24:31.556+0000] {dag.py:4138} INFO - Setting next_dagrun for example_workday_timetable to 2021-01-04 00:00:00+00:00, run_after=2021-01-05 00:00:00+00:00
[2026-08-08T18:24:31.591+0000] {processor.py:208} INFO - Processing /home/airflow/.local/lib/python3.12/site-packages/airflow/example_dags/example_workday_timetable.py took 0.218 seconds
[2026-08-08T18:25:02.012+0000] {processor.py:186} INFO - Started process (PID=549) to work on /home/airflow/.local/lib/python3.12/site-packages/airflow/example_dags/example_workday_timetable.py
[2026-08-08T18:25:02.014+0000] {processor.py:914} INFO - Processing file /home/airflow/.local/lib/python3.12/site-packages/airflow/example_dags/example_workday_timetable.py for tasks to queue
[2026-08-08T18:25:02.016+0000] {logging_mixin.py:190} INFO - [2026-08-08T18:25:02.016+0000] {dagbag.py:587} INFO - Filling up the DagBag from /home/airflow/.local/lib/python3.12/site-packages/airflow/example_dags/example_workday_timetable.py
[2026-08-08T18:25:02.023+0000] {processor.py:925} INFO - DAG(s) 'example_workday_timetable' retrieved from /home/airflow/.local/lib/python3.12/site-packages/airflow/example_dags/example_workday_timetable.py
[2026-08-08T18:25:02.042+0000] {logging_mixin.py:190} INFO - [2026-08-08T18:25:02.042+0000] {dag.py:3211} INFO - Sync 1 DAGs
[2026-08-08T18:25:02.098+0000] {logging_mixin.py:190} INFO - [2026-08-08T18:25:02.098+0000] {dag.py:4138} INFO - Setting next_dagrun for example_workday_timetable to 2021-01-04 00:00:00+00:00, run_after=2021-01-05 00:00:00+00:00
[2026-08-08T18:25:02.123+0000] {processor.py:208} INFO - Processing /home/airflow/.local/lib/python3.12/site-packages/airflow/example_dags/example_workday_timetable.py took 0.117 seconds
[2026-08-08T18:25:32.500+0000] {processor.py:186} INFO - Started process (PID=612) to work on /home/airflow/.local/lib/python3.12/site-packages/airflow/example_dags/example_workday_timetable.py
[2026-08-08T18:25:32.502+0000] {processor.py:914} INFO - Processing file /home/airflow/.local/lib/python3.12/site-packages/airflow/example_dags/example_workday_timetable.py for tasks to queue
[2026-08-08T18:25:32.506+0000] {logging_mixin.py:190} INFO - [2026-08-08T18:25:32.505+0000] {dagbag.py:587} INFO - Filling up the DagBag from /home/airflow/.local/lib/python3.12/site-packages/airflow/example_dags/example_workday_timetable.py
[2026-08-08T18:25:32.515+0000] {processor.py:925} INFO - DAG(s) 'example_workday_timetable' retrieved from /home/airflow/.local/lib/python3.12/site-packages/airflow/example_dags/example_workday_timetable.py
[2026-08-08T18:25:32.544+0000] {logging_mixin.py:190} INFO - [2026-08-08T18:25:32.544+0000] {dag.py:3211} INFO - Sync 1 DAGs
[2026-08-08T18:25:32.617+0000] {logging_mixin.py:190} INFO - [2026-08-08T18:25:32.617+0000] {dag.py:4138} INFO - Setting next_dagrun for example_workday_timetable to 2021-01-04 00:00:00+00:00, run_after=2021-01-05 00:00:00+00:00
[2026-08-08T18:25:32.643+0000] {processor.py:208} INFO - Processing /home/airflow/.local/lib/python3.12/site-packages/airflow/example_dags/example_workday_timetable.py took 0.151 seconds
[2026-08-08T18:26:02.727+0000] {processor.py:186} INFO - Started process (PID=675) to work on /home/airflow/.local/lib/python3.12/site-packages/airflow/example_dags/example_workday_timetable.py
[2026-08-08T18:26:02.728+0000] {processor.py:914} INFO - Processing file /home/airflow/.local/lib/python3.12/site-packages/airflow/example_dags/example_workday_timetable.py for tasks to queue
[2026-08-08T18:26:02.731+0000] {logging_mixin.py:190} INFO - [2026-08-08T18:26:02.730+0000] {dagbag.py:587} INFO - Filling up the DagBag from /home/airflow/.local/lib/python3.12/site-packages/airflow/example_dags/example_workday_timetable.py
[2026-08-08T18:26:02.738+0000] {processor.py:925} INFO - DAG(s) 'example_workday_timetable' retrieved from /home/airflow/.local/lib/python3.12/site-packages/airflow/example_dags/example_workday_timetable.py
[2026-08-08T18:26:02.763+0000] {logging_mixin.py:190} INFO - [2026-08-08T18:26:02.763+0000] {dag.py:3211} INFO - Sync 1 DAGs
[2026-08-08T18:26:02.829+0000] {logging_mixin.py:190} INFO - [2026-08-08T18:26:02.829+0000] {dag.py:4138} INFO - Setting next_dagrun for example_workday_timetable to 2021-01-04 00:00:00+00:00, run_after=2021-01-05 00:00:00+00:00
[2026-08-08T18:26:02.851+0000] {processor.py:208} INFO - Processing /home/airflow/.local/lib/python3.12/site-packages/airflow/example_dags/example_workday_timetable.py took 0.129 seconds
[2026-08-08T18:26:33.853+0000] {processor.py:186} INFO - Started process (PID=739) to work on /home/airflow/.local/lib/python3.12/site-packages/airflow/example_dags/example_workday_timetable.py
[2026-08-08T18:26:33.855+0000] {processor.py:914} INFO - Processing file /home/airflow/.local/lib/python3.12/site-packages/airflow/example_dags/example_workday_timetable.py for tasks to queue
[2026-08-08T18:26:33.861+0000] {logging_mixin.py:190} INFO - [2026-08-08T18:26:33.860+0000] {dagbag.py:587} INFO - Filling up the DagBag from /home/airflow/.local/lib/python3.12/site-packages/airflow/example_dags/example_workday_timetable.py
[2026-08-08T18:26:33.869+0000] {processor.py:925} INFO - DAG(s) 'example_workday_timetable' retrieved from /home/airflow/.local/lib/python3.12/site-packages/airflow/example_dags/example_workday_timetable.py
[2026-08-08T18:26:33.892+0000] {logging_mixin.py:190} INFO - [2026-08-08T18:26:33.891+0000] {dag.py:3211} INFO - Sync 1 DAGs
[2026-08-08T18:26:33.946+0000] {logging_mixin.py:190} INFO - [2026-08-08T18:26:33.946+0000] {dag.py:4138} INFO - Setting next_dagrun for example_workday_timetable to 2021-01-04 00:00:00+00:00, run_after=2021-01-05 00:00:00+00:00
[2026-08-08T18:26:33.971+0000] {processor.py:208} INFO - Processing /home/airflow/.local/lib/python3.12/site-packages/airflow/example_dags/example_workday_timetable.py took 0.125 seconds
