[2026-08-08T17:25:13.285+0000] {processor.py:186} INFO - Started process (PID=111) to work on /home/airflow/.local/lib/python3.12/site-packages/airflow/example_dags/example_local_kubernetes_executor.py
[2026-08-08T17:25:13.288+0000] {processor.py:914} INFO - Processing file /home/airflow/.local/lib/python3.12/site-packages/airflow/example_dags/example_local_kubernetes_executor.py for tasks to queue
[2026-08-08T17:25:13.293+0000] {logging_mixin.py:190} INFO - [2026-08-08T17:25:13.293+0000] {dagbag.py:587} INFO - Filling up the DagBag from /home/airflow/.local/lib/python3.12/site-packages/airflow/example_dags/example_local_kubernetes_executor.py
[2026-08-08T17:25:13.305+0000] {processor.py:925} INFO - DAG(s) 'example_local_kubernetes_executor' retrieved from /home/airflow/.local/lib/python3.12/site-packages/airflow/example_dags/example_local_kubernetes_executor.py
[2026-08-08T17:25:13.409+0000] {logging_mixin.py:190} INFO - [2026-08-08T17:25:13.409+0000] {override.py:1858} INFO - Created Permission View: can delete on DAG:example_local_kubernetes_executor
[2026-08-08T17:25:13.418+0000] {logging_mixin.py:190} INFO - [2026-08-08T17:25:13.418+0000] {override.py:1858} INFO - Created Permission View: can edit on DAG:example_local_kubernetes_executor
[2026-08-08T17:25:13.427+0000] {logging_mixin.py:190} INFO - [2026-08-08T17:25:13.427+0000] {override.py:1858} INFO - Created Permission View: can read on DAG:example_local_kubernetes_executor
[2026-08-08T17:25:13.430+0000] {logging_mixin.py:190} INFO - [2026-08-08T17:25:13.430+0000] {dag.py:3211} INFO - Sync 1 DAGs
[2026-08-08T17:25:13.443+0000] {logging_mixin.py:190} INFO - [2026-08-08T17:25:13.443+0000] {dag.py:3234} INFO - Creating ORM DAG for example_local_kubernetes_executor
[2026-08-08T17:25:13.446+0000] {logging_mixin.py:190} INFO - [2026-08-08T17:25:13.446+0000] {dag.py:4138} INFO - Setting next_dagrun for example_local_kubernetes_executor to None, run_after=None
[2026-08-08T17:25:13.467+0000] {processor.py:208} INFO - Processing /home/airflow/.local/lib/python3.12/site-packages/airflow/example_dags/example_local_kubernetes_executor.py took 0.187 seconds
[2026-08-08T17:25:44.057+0000] {processor.py:186} INFO - Started process (PID=174) to work on /home/airflow/.local/lib/python3.12/site-packages/airflow/example_dags/example_local_kubernetes_executor.py
[2026-08-08T17:25:44.058+0000] {processor.py:914} INFO - Processing file /home/airflow/.local/lib/python3.12/site-packages/airflow/example_dags/example_local_kubernetes_executor.py for tasks to queue
[2026-08-08T17:25:44.060+0000] {logging_mixin.py:190} INFO - [2026-08-08T17:25:44.060+0000] {dagbag.py:587} INFO - Filling up the DagBag from /home/airflow/.local/lib/python3.12/site-packages/airflow/example_dags/example_local_kubernetes_executor.py
[2026-08-08T17:25:44.071+0000] {processor.py:925} INFO - DAG(s) 'example_local_kubernetes_executor' retrieved from /home/airflow/.local/lib/python3.12/site-packages/airflow/example_dags/example_local_kubernetes_executor.py
[2026-08-08T17:25:44.108+0000] {logging_mixin.py:190} INFO - [2026-08-08T17:25:44.108+0000] {dag.py:3211} INFO - Sync 1 DAGs
[2026-08-08T17:25:44.124+0000] {logging_mixin.py:190} INFO - [2026-08-08T17:25:44.124+0000] {dag.py:4138} INFO - Setting next_dagrun for example_local_kubernetes_executor to None, run_after=None
[2026-08-08T17:25:44.148+0000] {processor.py:208} INFO - Processing /home/airflow/.local/lib/python3.12/site-packages/airflow/example_dags/example_local_kubernetes_executor.py took 0.097 seconds
[2026-08-08T17:26:14.616+0000] {processor.py:186} INFO - Started process (PID=237) to work on /home/airflow/.local/lib/python3.12/site-packages/airflow/example_dags/example_local_kubernetes_executor.py
[2026-08-08T17:26:14.617+0000] {processor.py:914} INFO - Processing file /home/airflow/.local/lib/python3.12/site-packages/airflow/example_dags/example_local_kubernetes_executor.py for tasks to queue
[2026-08-08T17:26:14.621+0000] {logging_mixin.py:190} INFO - [2026-08-08T17:26:14.620+0000] {dagbag.py:587} INFO - Filling up the DagBag from /home/airflow/.local/lib/python3.12/site-packages/airflow/example_dags/example_local_kubernetes_executor.py
[2026-08-08T17:26:14.632+0000] {processor.py:925} INFO - DAG(s) 'example_local_kubernetes_executor' retrieved from /home/airflow/.local/lib/python3.12/site-packages/airflow/example_dags/example_local_kubernetes_executor.py
[2026-08-08T17:26:14.675+0000] {logging_mixin.py:190} INFO - [2026-08-08T17:26:14.675+0000] {dag.py:3211} INFO - Sync 1 DAGs
[2026-08-08T17:26:14.688+0000] {logging_mixin.py:190} INFO - [2026-08-08T17:26:14.688+0000] {dag.py:4138} INFO - Setting next_dagrun for example_local_kubernetes_executor to None, run_after=None
[2026-08-08T17:26:14.712+0000] {processor.py:208} INFO - Processing /home/airflow/.local/lib/python3.12/site-packages/airflow/example_dags/example_local_kubernetes_executor.py took 0.103 seconds
[2026-08-08T17:26:44.775+0000] {processor.py:186} INFO - Started process (PID=300) to work on /home/airflow/.local/lib/python3.12/site-packages/airflow/example_dags/example_local_kubernetes_executor.py
[2026-08-08T17:26:44.777+0000] {processor.py:914} INFO - Processing file /home/airflow/.local/lib/python3.12/site-packages/airflow/example_dags/example_local_kubernetes_executor.py for tasks to queue
[2026-08-08T17:26:44.779+0000] {logging_mixin.py:190} INFO - [2026-08-08T17:26:44.779+0000] {dagbag.py:587} INFO - Filling up the DagBag from /home/airflow/.local/lib/python3.12/site-packages/airflow/example_dags/example_local_kubernetes_executor.py
[2026-08-08T17:26:44.790+0000] {processor.py:925} INFO - DAG(s) 'example_local_kubernetes_executor' retrieved from /home/airflow/.local/lib/python3.12/site-packages/airflow/example_dags/example_local_kubernetes_executor.py
[2026-08-08T17:26:44.833+0000] {logging_mixin.py:190} INFO - [2026-08-08T17:26:44.832+0000] {dag.py:3211} INFO - Sync 1 DAGs
[2026-08-08T17:26:44.847+0000] {logging_mixin.py:190} INFO - [2026-08-08T17:26:44.847+0000] {dag.py:4138} INFO - Setting next_dagrun for example_local_kubernetes_executor to None, run_after=None
[2026-08-08T17:26:44.868+0000] {processor.py:208} INFO - Processing /home/airflow/.local/lib/python3.12/site-packages/airflow/example_dags/example_local_kubernetes_executor.py took 0.099 seconds
[2026-08-08T17:27:15.019+0000] {processor.py:186} INFO - Started process (PID=363) to work on /home/airflow/.local/lib/python3.12/site-packages/airflow/example_dags/example_local_kubernetes_executor.py
[2026-08-08T17:27:15.020+0000] {processor.py:914} INFO - Processing file /home/airflow/.local/lib/python3.12/site-packages/airflow/example_dags/example_local_kubernetes_executor.py for tasks to queue
[2026-08-08T17:27:15.023+0000] {logging_mixin.py:190} INFO - [2026-08-08T17:27:15.023+0000] {dagbag.py:587} INFO - Filling up the DagBag from /home/airflow/.local/lib/python3.12/site-packages/airflow/example_dags/example_local_kubernetes_executor.py
[2026-08-08T17:27:15.038+0000] {processor.py:925} INFO - DAG(s) 'example_local_kubernetes_executor' retrieved from /home/airflow/.local/lib/python3.12/site-packages/airflow/example_dags/example_local_kubernetes_executor.py
[2026-08-08T17:27:15.070+0000] {logging_mixin.py:190} INFO - [2026-08-08T17:27:15.070+0000] {dag.py:3211} INFO - Sync 1 DAGs
[2026-08-08T17:27:15.083+0000] {logging_mixin.py:190} INFO - [2026-08-08T17:27:15.083+0000] {dag.py:4138} INFO - Setting next_dagrun for example_local_kubernetes_executor to None, run_after=None
[2026-08-08T17:27:15.106+0000] {processor.py:208} INFO - Processing /home/airflow/.local/lib/python3.12/site-packages/airflow/example_dags/example_local_kubernetes_executor.py took 0.094 seconds
[2026-08-08T17:27:45.708+0000] {processor.py:186} INFO - Started process (PID=426) to work on /home/airflow/.local/lib/python3.12/site-packages/airflow/example_dags/example_local_kubernetes_executor.py
[2026-08-08T17:27:45.710+0000] {processor.py:914} INFO - Processing file /home/airflow/.local/lib/python3.12/site-packages/airflow/example_dags/example_local_kubernetes_executor.py for tasks to queue
[2026-08-08T17:27:45.713+0000] {logging_mixin.py:190} INFO - [2026-08-08T17:27:45.713+0000] {dagbag.py:587} INFO - Filling up the DagBag from /home/airflow/.local/lib/python3.12/site-packages/airflow/example_dags/example_local_kubernetes_executor.py
[2026-08-08T17:27:45.723+0000] {processor.py:925} INFO - DAG(s) 'example_local_kubernetes_executor' retrieved from /home/airflow/.local/lib/python3.12/site-packages/airflow/example_dags/example_local_kubernetes_executor.py
[2026-08-08T17:27:45.757+0000] {logging_mixin.py:190} INFO - [2026-08-08T17:27:45.757+0000] {dag.py:3211} INFO - Sync 1 DAGs
[2026-08-08T17:27:45.772+0000] {logging_mixin.py:190} INFO - [2026-08-08T17:27:45.771+0000] {dag.py:4138} INFO - Setting next_dagrun for example_local_kubernetes_executor to None, run_after=None
[2026-08-08T17:27:45.791+0000] {processor.py:208} INFO - Processing /home/airflow/.local/lib/python3.12/site-packages/airflow/example_dags/example_local_kubernetes_executor.py took 0.089 seconds
[2026-08-08T17:28:16.057+0000] {processor.py:186} INFO - Started process (PID=489) to work on /home/airflow/.local/lib/python3.12/site-packages/airflow/example_dags/example_local_kubernetes_executor.py
[2026-08-08T17:28:16.058+0000] {processor.py:914} INFO - Processing file /home/airflow/.local/lib/python3.12/site-packages/airflow/example_dags/example_local_kubernetes_executor.py for tasks to queue
[2026-08-08T17:28:16.061+0000] {logging_mixin.py:190} INFO - [2026-08-08T17:28:16.061+0000] {dagbag.py:587} INFO - Filling up the DagBag from /home/airflow/.local/lib/python3.12/site-packages/airflow/example_dags/example_local_kubernetes_executor.py
[2026-08-08T17:28:16.070+0000] {processor.py:925} INFO - DAG(s) 'example_local_kubernetes_executor' retrieved from /home/airflow/.local/lib/python3.12/site-packages/airflow/example_dags/example_local_kubernetes_executor.py
[2026-08-08T17:28:16.103+0000] {logging_mixin.py:190} INFO - [2026-08-08T17:28:16.103+0000] {dag.py:3211} INFO - Sync 1 DAGs
[2026-08-08T17:28:16.116+0000] {logging_mixin.py:190} INFO - [2026-08-08T17:28:16.116+0000] {dag.py:4138} INFO - Setting next_dagrun for example_local_kubernetes_executor to None, run_after=None
[2026-08-08T17:28:16.134+0000] {processor.py:208} INFO - Processing /home/airflow/.local/lib/python3.12/site-packages/airflow/example_dags/example_local_kubernetes_executor.py took 0.082 seconds
[2026-08-08T17:28:46.367+0000] {processor.py:186} INFO - Started process (PID=552) to work on /home/airflow/.local/lib/python3.12/site-packages/airflow/example_dags/example_local_kubernetes_executor.py
[2026-08-08T17:28:46.368+0000] {processor.py:914} INFO - Processing file /home/airflow/.local/lib/python3.12/site-packages/airflow/example_dags/example_local_kubernetes_executor.py for tasks to queue
[2026-08-08T17:28:46.372+0000] {logging_mixin.py:190} INFO - [2026-08-08T17:28:46.371+0000] {dagbag.py:587} INFO - Filling up the DagBag from /home/airflow/.local/lib/python3.12/site-packages/airflow/example_dags/example_local_kubernetes_executor.py
[2026-08-08T17:28:46.382+0000] {processor.py:925} INFO - DAG(s) 'example_local_kubernetes_executor' retrieved from /home/airflow/.local/lib/python3.12/site-packages/airflow/example_dags/example_local_kubernetes_executor.py
[2026-08-08T17:28:46.429+0000] {logging_mixin.py:190} INFO - [2026-08-08T17:28:46.429+0000] {dag.py:3211} INFO - Sync 1 DAGs
[2026-08-08T17:28:46.444+0000] {logging_mixin.py:190} INFO - [2026-08-08T17:28:46.443+0000] {dag.py:4138} INFO - Setting next_dagrun for example_local_kubernetes_executor to None, run_after=None
[2026-08-08T17:28:46.468+0000] {processor.py:208} INFO - Processing /home/airflow/.local/lib/python3.12/site-packages/airflow/example_dags/example_local_kubernetes_executor.py took 0.108 seconds
[2026-08-08T17:29:17.547+0000] {processor.py:186} INFO - Started process (PID=615) to work on /home/airflow/.local/lib/python3.12/site-packages/airflow/example_dags/example_local_kubernetes_executor.py
[2026-08-08T17:29:17.549+0000] {processor.py:914} INFO - Processing file /home/airflow/.local/lib/python3.12/site-packages/airflow/example_dags/example_local_kubernetes_executor.py for tasks to queue
[2026-08-08T17:29:17.552+0000] {logging_mixin.py:190} INFO - [2026-08-08T17:29:17.551+0000] {dagbag.py:587} INFO - Filling up the DagBag from /home/airflow/.local/lib/python3.12/site-packages/airflow/example_dags/example_local_kubernetes_executor.py
[2026-08-08T17:29:17.562+0000] {processor.py:925} INFO - DAG(s) 'example_local_kubernetes_executor' retrieved from /home/airflow/.local/lib/python3.12/site-packages/airflow/example_dags/example_local_kubernetes_executor.py
[2026-08-08T17:29:17.604+0000] {logging_mixin.py:190} INFO - [2026-08-08T17:29:17.604+0000] {dag.py:3211} INFO - Sync 1 DAGs
[2026-08-08T17:29:17.622+0000] {logging_mixin.py:190} INFO - [2026-08-08T17:29:17.622+0000] {dag.py:4138} INFO - Setting next_dagrun for example_local_kubernetes_executor to None, run_after=None
[2026-08-08T17:29:17.646+0000] {processor.py:208} INFO - Processing /home/airflow/.local/lib/python3.12/site-packages/airflow/example_dags/example_local_kubernetes_executor.py took 0.107 seconds
[2026-08-08T17:29:48.597+0000] {processor.py:186} INFO - Started process (PID=678) to work on /home/airflow/.local/lib/python3.12/site-packages/airflow/example_dags/example_local_kubernetes_executor.py
[2026-08-08T17:29:48.599+0000] {processor.py:914} INFO - Processing file /home/airflow/.local/lib/python3.12/site-packages/airflow/example_dags/example_local_kubernetes_executor.py for tasks to queue
[2026-08-08T17:29:48.602+0000] {logging_mixin.py:190} INFO - [2026-08-08T17:29:48.601+0000] {dagbag.py:587} INFO - Filling up the DagBag from /home/airflow/.local/lib/python3.12/site-packages/airflow/example_dags/example_local_kubernetes_executor.py
[2026-08-08T17:29:48.615+0000] {processor.py:925} INFO - DAG(s) 'example_local_kubernetes_executor' retrieved from /home/airflow/.local/lib/python3.12/site-packages/airflow/example_dags/example_local_kubernetes_executor.py
[2026-08-08T17:29:48.655+0000] {logging_mixin.py:190} INFO - [2026-08-08T17:29:48.655+0000] {dag.py:3211} INFO - Sync 1 DAGs
[2026-08-08T17:29:48.670+0000] {logging_mixin.py:190} INFO - [2026-08-08T17:29:48.670+0000] {dag.py:4138} INFO - Setting next_dagrun for example_local_kubernetes_executor to None, run_after=None
[2026-08-08T17:29:48.696+0000] {processor.py:208} INFO - Processing /home/airflow/.local/lib/python3.12/site-packages/airflow/example_dags/example_local_kubernetes_executor.py took 0.106 seconds
[2026-08-08T17:30:19.295+0000] {processor.py:186} INFO - Started process (PID=741) to work on /home/airflow/.local/lib/python3.12/site-packages/airflow/example_dags/example_local_kubernetes_executor.py
[2026-08-08T17:30:19.296+0000] {processor.py:914} INFO - Processing file /home/airflow/.local/lib/python3.12/site-packages/airflow/example_dags/example_local_kubernetes_executor.py for tasks to queue
[2026-08-08T17:30:19.304+0000] {logging_mixin.py:190} INFO - [2026-08-08T17:30:19.302+0000] {dagbag.py:587} INFO - Filling up the DagBag from /home/airflow/.local/lib/python3.12/site-packages/airflow/example_dags/example_local_kubernetes_executor.py
[2026-08-08T17:30:19.322+0000] {processor.py:925} INFO - DAG(s) 'example_local_kubernetes_executor' retrieved from /home/airflow/.local/lib/python3.12/site-packages/airflow/example_dags/example_local_kubernetes_executor.py
[2026-08-08T17:30:19.391+0000] {logging_mixin.py:190} INFO - [2026-08-08T17:30:19.391+0000] {dag.py:3211} INFO - Sync 1 DAGs
[2026-08-08T17:30:19.426+0000] {logging_mixin.py:190} INFO - [2026-08-08T17:30:19.425+0000] {dag.py:4138} INFO - Setting next_dagrun for example_local_kubernetes_executor to None, run_after=None
[2026-08-08T17:30:19.458+0000] {processor.py:208} INFO - Processing /home/airflow/.local/lib/python3.12/site-packages/airflow/example_dags/example_local_kubernetes_executor.py took 0.173 seconds
[2026-08-08T17:30:49.708+0000] {processor.py:186} INFO - Started process (PID=804) to work on /home/airflow/.local/lib/python3.12/site-packages/airflow/example_dags/example_local_kubernetes_executor.py
[2026-08-08T17:30:49.710+0000] {processor.py:914} INFO - Processing file /home/airflow/.local/lib/python3.12/site-packages/airflow/example_dags/example_local_kubernetes_executor.py for tasks to queue
[2026-08-08T17:30:49.714+0000] {logging_mixin.py:190} INFO - [2026-08-08T17:30:49.713+0000] {dagbag.py:587} INFO - Filling up the DagBag from /home/airflow/.local/lib/python3.12/site-packages/airflow/example_dags/example_local_kubernetes_executor.py
[2026-08-08T17:30:49.727+0000] {processor.py:925} INFO - DAG(s) 'example_local_kubernetes_executor' retrieved from /home/airflow/.local/lib/python3.12/site-packages/airflow/example_dags/example_local_kubernetes_executor.py
[2026-08-08T17:30:49.765+0000] {logging_mixin.py:190} INFO - [2026-08-08T17:30:49.764+0000] {dag.py:3211} INFO - Sync 1 DAGs
[2026-08-08T17:30:49.777+0000] {logging_mixin.py:190} INFO - [2026-08-08T17:30:49.777+0000] {dag.py:4138} INFO - Setting next_dagrun for example_local_kubernetes_executor to None, run_after=None
[2026-08-08T17:30:49.800+0000] {processor.py:208} INFO - Processing /home/airflow/.local/lib/python3.12/site-packages/airflow/example_dags/example_local_kubernetes_executor.py took 0.097 seconds
[2026-08-08T17:31:20.382+0000] {processor.py:186} INFO - Started process (PID=867) to work on /home/airflow/.local/lib/python3.12/site-packages/airflow/example_dags/example_local_kubernetes_executor.py
[2026-08-08T17:31:20.384+0000] {processor.py:914} INFO - Processing file /home/airflow/.local/lib/python3.12/site-packages/airflow/example_dags/example_local_kubernetes_executor.py for tasks to queue
[2026-08-08T17:31:20.387+0000] {logging_mixin.py:190} INFO - [2026-08-08T17:31:20.387+0000] {dagbag.py:587} INFO - Filling up the DagBag from /home/airflow/.local/lib/python3.12/site-packages/airflow/example_dags/example_local_kubernetes_executor.py
[2026-08-08T17:31:20.401+0000] {processor.py:925} INFO - DAG(s) 'example_local_kubernetes_executor' retrieved from /home/airflow/.local/lib/python3.12/site-packages/airflow/example_dags/example_local_kubernetes_executor.py
[2026-08-08T17:31:20.448+0000] {logging_mixin.py:190} INFO - [2026-08-08T17:31:20.447+0000] {dag.py:3211} INFO - Sync 1 DAGs
[2026-08-08T17:31:20.462+0000] {logging_mixin.py:190} INFO - [2026-08-08T17:31:20.462+0000] {dag.py:4138} INFO - Setting next_dagrun for example_local_kubernetes_executor to None, run_after=None
[2026-08-08T17:31:20.484+0000] {processor.py:208} INFO - Processing /home/airflow/.local/lib/python3.12/site-packages/airflow/example_dags/example_local_kubernetes_executor.py took 0.108 seconds
[2026-08-08T17:31:51.343+0000] {processor.py:186} INFO - Started process (PID=930) to work on /home/airflow/.local/lib/python3.12/site-packages/airflow/example_dags/example_local_kubernetes_executor.py
[2026-08-08T17:31:51.344+0000] {processor.py:914} INFO - Processing file /home/airflow/.local/lib/python3.12/site-packages/airflow/example_dags/example_local_kubernetes_executor.py for tasks to queue
[2026-08-08T17:31:51.348+0000] {logging_mixin.py:190} INFO - [2026-08-08T17:31:51.348+0000] {dagbag.py:587} INFO - Filling up the DagBag from /home/airflow/.local/lib/python3.12/site-packages/airflow/example_dags/example_local_kubernetes_executor.py
[2026-08-08T17:31:51.361+0000] {processor.py:925} INFO - DAG(s) 'example_local_kubernetes_executor' retrieved from /home/airflow/.local/lib/python3.12/site-packages/airflow/example_dags/example_local_kubernetes_executor.py
[2026-08-08T17:31:51.398+0000] {logging_mixin.py:190} INFO - [2026-08-08T17:31:51.397+0000] {dag.py:3211} INFO - Sync 1 DAGs
[2026-08-08T17:31:51.410+0000] {logging_mixin.py:190} INFO - [2026-08-08T17:31:51.410+0000] {dag.py:4138} INFO - Setting next_dagrun for example_local_kubernetes_executor to None, run_after=None
[2026-08-08T17:31:51.431+0000] {processor.py:208} INFO - Processing /home/airflow/.local/lib/python3.12/site-packages/airflow/example_dags/example_local_kubernetes_executor.py took 0.094 seconds
[2026-08-08T17:32:22.291+0000] {processor.py:186} INFO - Started process (PID=993) to work on /home/airflow/.local/lib/python3.12/site-packages/airflow/example_dags/example_local_kubernetes_executor.py
[2026-08-08T17:32:22.293+0000] {processor.py:914} INFO - Processing file /home/airflow/.local/lib/python3.12/site-packages/airflow/example_dags/example_local_kubernetes_executor.py for tasks to queue
[2026-08-08T17:32:22.296+0000] {logging_mixin.py:190} INFO - [2026-08-08T17:32:22.296+0000] {dagbag.py:587} INFO - Filling up the DagBag from /home/airflow/.local/lib/python3.12/site-packages/airflow/example_dags/example_local_kubernetes_executor.py
[2026-08-08T17:32:22.309+0000] {processor.py:925} INFO - DAG(s) 'example_local_kubernetes_executor' retrieved from /home/airflow/.local/lib/python3.12/site-packages/airflow/example_dags/example_local_kubernetes_executor.py
[2026-08-08T17:32:22.351+0000] {logging_mixin.py:190} INFO - [2026-08-08T17:32:22.351+0000] {dag.py:3211} INFO - Sync 1 DAGs
[2026-08-08T17:32:22.369+0000] {logging_mixin.py:190} INFO - [2026-08-08T17:32:22.369+0000] {dag.py:4138} INFO - Setting next_dagrun for example_local_kubernetes_executor to None, run_after=None
[2026-08-08T17:32:22.393+0000] {processor.py:208} INFO - Processing /home/airflow/.local/lib/python3.12/site-packages/airflow/example_dags/example_local_kubernetes_executor.py took 0.109 seconds
[2026-08-08T17:32:52.720+0000] {processor.py:186} INFO - Started process (PID=1057) to work on /home/airflow/.local/lib/python3.12/site-packages/airflow/example_dags/example_local_kubernetes_executor.py
[2026-08-08T17:32:52.722+0000] {processor.py:914} INFO - Processing file /home/airflow/.local/lib/python3.12/site-packages/airflow/example_dags/example_local_kubernetes_executor.py for tasks to queue
[2026-08-08T17:32:52.725+0000] {logging_mixin.py:190} INFO - [2026-08-08T17:32:52.724+0000] {dagbag.py:587} INFO - Filling up the DagBag from /home/airflow/.local/lib/python3.12/site-packages/airflow/example_dags/example_local_kubernetes_executor.py
[2026-08-08T17:32:52.736+0000] {processor.py:925} INFO - DAG(s) 'example_local_kubernetes_executor' retrieved from /home/airflow/.local/lib/python3.12/site-packages/airflow/example_dags/example_local_kubernetes_executor.py
[2026-08-08T17:32:52.780+0000] {logging_mixin.py:190} INFO - [2026-08-08T17:32:52.780+0000] {dag.py:3211} INFO - Sync 1 DAGs
[2026-08-08T17:32:52.797+0000] {logging_mixin.py:190} INFO - [2026-08-08T17:32:52.797+0000] {dag.py:4138} INFO - Setting next_dagrun for example_local_kubernetes_executor to None, run_after=None
[2026-08-08T17:32:52.821+0000] {processor.py:208} INFO - Processing /home/airflow/.local/lib/python3.12/site-packages/airflow/example_dags/example_local_kubernetes_executor.py took 0.106 seconds
[2026-08-08T17:33:23.417+0000] {processor.py:186} INFO - Started process (PID=1120) to work on /home/airflow/.local/lib/python3.12/site-packages/airflow/example_dags/example_local_kubernetes_executor.py
[2026-08-08T17:33:23.419+0000] {processor.py:914} INFO - Processing file /home/airflow/.local/lib/python3.12/site-packages/airflow/example_dags/example_local_kubernetes_executor.py for tasks to queue
[2026-08-08T17:33:23.421+0000] {logging_mixin.py:190} INFO - [2026-08-08T17:33:23.421+0000] {dagbag.py:587} INFO - Filling up the DagBag from /home/airflow/.local/lib/python3.12/site-packages/airflow/example_dags/example_local_kubernetes_executor.py
[2026-08-08T17:33:23.431+0000] {processor.py:925} INFO - DAG(s) 'example_local_kubernetes_executor' retrieved from /home/airflow/.local/lib/python3.12/site-packages/airflow/example_dags/example_local_kubernetes_executor.py
[2026-08-08T17:33:23.465+0000] {logging_mixin.py:190} INFO - [2026-08-08T17:33:23.465+0000] {dag.py:3211} INFO - Sync 1 DAGs
[2026-08-08T17:33:23.478+0000] {logging_mixin.py:190} INFO - [2026-08-08T17:33:23.478+0000] {dag.py:4138} INFO - Setting next_dagrun for example_local_kubernetes_executor to None, run_after=None
[2026-08-08T17:33:23.496+0000] {processor.py:208} INFO - Processing /home/airflow/.local/lib/python3.12/site-packages/airflow/example_dags/example_local_kubernetes_executor.py took 0.085 seconds
[2026-08-08T17:33:53.820+0000] {processor.py:186} INFO - Started process (PID=1183) to work on /home/airflow/.local/lib/python3.12/site-packages/airflow/example_dags/example_local_kubernetes_executor.py
[2026-08-08T17:33:53.821+0000] {processor.py:914} INFO - Processing file /home/airflow/.local/lib/python3.12/site-packages/airflow/example_dags/example_local_kubernetes_executor.py for tasks to queue
[2026-08-08T17:33:53.823+0000] {logging_mixin.py:190} INFO - [2026-08-08T17:33:53.823+0000] {dagbag.py:587} INFO - Filling up the DagBag from /home/airflow/.local/lib/python3.12/site-packages/airflow/example_dags/example_local_kubernetes_executor.py
[2026-08-08T17:33:53.831+0000] {processor.py:925} INFO - DAG(s) 'example_local_kubernetes_executor' retrieved from /home/airflow/.local/lib/python3.12/site-packages/airflow/example_dags/example_local_kubernetes_executor.py
[2026-08-08T17:33:53.861+0000] {logging_mixin.py:190} INFO - [2026-08-08T17:33:53.861+0000] {dag.py:3211} INFO - Sync 1 DAGs
[2026-08-08T17:33:53.872+0000] {logging_mixin.py:190} INFO - [2026-08-08T17:33:53.872+0000] {dag.py:4138} INFO - Setting next_dagrun for example_local_kubernetes_executor to None, run_after=None
[2026-08-08T17:33:53.888+0000] {processor.py:208} INFO - Processing /home/airflow/.local/lib/python3.12/site-packages/airflow/example_dags/example_local_kubernetes_executor.py took 0.073 seconds
[2026-08-08T17:34:23.933+0000] {processor.py:186} INFO - Started process (PID=1246) to work on /home/airflow/.local/lib/python3.12/site-packages/airflow/example_dags/example_local_kubernetes_executor.py
[2026-08-08T17:34:23.934+0000] {processor.py:914} INFO - Processing file /home/airflow/.local/lib/python3.12/site-packages/airflow/example_dags/example_local_kubernetes_executor.py for tasks to queue
[2026-08-08T17:34:23.937+0000] {logging_mixin.py:190} INFO - [2026-08-08T17:34:23.937+0000] {dagbag.py:587} INFO - Filling up the DagBag from /home/airflow/.local/lib/python3.12/site-packages/airflow/example_dags/example_local_kubernetes_executor.py
[2026-08-08T17:34:23.945+0000] {processor.py:925} INFO - DAG(s) 'example_local_kubernetes_executor' retrieved from /home/airflow/.local/lib/python3.12/site-packages/airflow/example_dags/example_local_kubernetes_executor.py
[2026-08-08T17:34:23.976+0000] {logging_mixin.py:190} INFO - [2026-08-08T17:34:23.976+0000] {dag.py:3211} INFO - Sync 1 DAGs
[2026-08-08T17:34:23.990+0000] {logging_mixin.py:190} INFO - [2026-08-08T17:34:23.990+0000] {dag.py:4138} INFO - Setting next_dagrun for example_local_kubernetes_executor to None, run_after=None
[2026-08-08T17:34:24.015+0000] {processor.py:208} INFO - Processing /home/airflow/.local/lib/python3.12/site-packages/airflow/example_dags/example_local_kubernetes_executor.py took 0.087 seconds
[2026-08-08T17:34:54.842+0000] {processor.py:186} INFO - Started process (PID=1309) to work on /home/airflow/.local/lib/python3.12/site-packages/airflow/example_dags/example_local_kubernetes_executor.py
[2026-08-08T17:34:54.843+0000] {processor.py:914} INFO - Processing file /home/airflow/.local/lib/python3.12/site-packages/airflow/example_dags/example_local_kubernetes_executor.py for tasks to queue
[2026-08-08T17:34:54.845+0000] {logging_mixin.py:190} INFO - [2026-08-08T17:34:54.845+0000] {dagbag.py:587} INFO - Filling up the DagBag from /home/airflow/.local/lib/python3.12/site-packages/airflow/example_dags/example_local_kubernetes_executor.py
[2026-08-08T17:34:54.855+0000] {processor.py:925} INFO - DAG(s) 'example_local_kubernetes_executor' retrieved from /home/airflow/.local/lib/python3.12/site-packages/airflow/example_dags/example_local_kubernetes_executor.py
[2026-08-08T17:34:54.886+0000] {logging_mixin.py:190} INFO - [2026-08-08T17:34:54.885+0000] {dag.py:3211} INFO - Sync 1 DAGs
[2026-08-08T17:34:54.897+0000] {logging_mixin.py:190} INFO - [2026-08-08T17:34:54.897+0000] {dag.py:4138} INFO - Setting next_dagrun for example_local_kubernetes_executor to None, run_after=None
[2026-08-08T17:34:54.915+0000] {processor.py:208} INFO - Processing /home/airflow/.local/lib/python3.12/site-packages/airflow/example_dags/example_local_kubernetes_executor.py took 0.080 seconds
[2026-08-08T17:35:25.546+0000] {processor.py:186} INFO - Started process (PID=1372) to work on /home/airflow/.local/lib/python3.12/site-packages/airflow/example_dags/example_local_kubernetes_executor.py
[2026-08-08T17:35:25.547+0000] {processor.py:914} INFO - Processing file /home/airflow/.local/lib/python3.12/site-packages/airflow/example_dags/example_local_kubernetes_executor.py for tasks to queue
[2026-08-08T17:35:25.549+0000] {logging_mixin.py:190} INFO - [2026-08-08T17:35:25.549+0000] {dagbag.py:587} INFO - Filling up the DagBag from /home/airflow/.local/lib/python3.12/site-packages/airflow/example_dags/example_local_kubernetes_executor.py
[2026-08-08T17:35:25.558+0000] {processor.py:925} INFO - DAG(s) 'example_local_kubernetes_executor' retrieved from /home/airflow/.local/lib/python3.12/site-packages/airflow/example_dags/example_local_kubernetes_executor.py
[2026-08-08T17:35:25.591+0000] {logging_mixin.py:190} INFO - [2026-08-08T17:35:25.591+0000] {dag.py:3211} INFO - Sync 1 DAGs
[2026-08-08T17:35:25.604+0000] {logging_mixin.py:190} INFO - [2026-08-08T17:35:25.604+0000] {dag.py:4138} INFO - Setting next_dagrun for example_local_kubernetes_executor to None, run_after=None
[2026-08-08T17:35:25.623+0000] {processor.py:208} INFO - Processing /home/airflow/.local/lib/python3.12/site-packages/airflow/example_dags/example_local_kubernetes_executor.py took 0.083 seconds
[2026-08-08T17:35:55.860+0000] {processor.py:186} INFO - Started process (PID=1435) to work on /home/airflow/.local/lib/python3.12/site-packages/airflow/example_dags/example_local_kubernetes_executor.py
[2026-08-08T17:35:55.862+0000] {processor.py:914} INFO - Processing file /home/airflow/.local/lib/python3.12/site-packages/airflow/example_dags/example_local_kubernetes_executor.py for tasks to queue
[2026-08-08T17:35:55.864+0000] {logging_mixin.py:190} INFO - [2026-08-08T17:35:55.864+0000] {dagbag.py:587} INFO - Filling up the DagBag from /home/airflow/.local/lib/python3.12/site-packages/airflow/example_dags/example_local_kubernetes_executor.py
[2026-08-08T17:35:55.875+0000] {processor.py:925} INFO - DAG(s) 'example_local_kubernetes_executor' retrieved from /home/airflow/.local/lib/python3.12/site-packages/airflow/example_dags/example_local_kubernetes_executor.py
[2026-08-08T17:35:55.911+0000] {logging_mixin.py:190} INFO - [2026-08-08T17:35:55.911+0000] {dag.py:3211} INFO - Sync 1 DAGs
[2026-08-08T17:35:55.924+0000] {logging_mixin.py:190} INFO - [2026-08-08T17:35:55.924+0000] {dag.py:4138} INFO - Setting next_dagrun for example_local_kubernetes_executor to None, run_after=None
[2026-08-08T17:35:55.943+0000] {processor.py:208} INFO - Processing /home/airflow/.local/lib/python3.12/site-packages/airflow/example_dags/example_local_kubernetes_executor.py took 0.089 seconds
[2026-08-08T17:36:26.365+0000] {processor.py:186} INFO - Started process (PID=1498) to work on /home/airflow/.local/lib/python3.12/site-packages/airflow/example_dags/example_local_kubernetes_executor.py
[2026-08-08T17:36:26.367+0000] {processor.py:914} INFO - Processing file /home/airflow/.local/lib/python3.12/site-packages/airflow/example_dags/example_local_kubernetes_executor.py for tasks to queue
[2026-08-08T17:36:26.370+0000] {logging_mixin.py:190} INFO - [2026-08-08T17:36:26.370+0000] {dagbag.py:587} INFO - Filling up the DagBag from /home/airflow/.local/lib/python3.12/site-packages/airflow/example_dags/example_local_kubernetes_executor.py
[2026-08-08T17:36:26.386+0000] {processor.py:925} INFO - DAG(s) 'example_local_kubernetes_executor' retrieved from /home/airflow/.local/lib/python3.12/site-packages/airflow/example_dags/example_local_kubernetes_executor.py
[2026-08-08T17:36:26.423+0000] {logging_mixin.py:190} INFO - [2026-08-08T17:36:26.423+0000] {dag.py:3211} INFO - Sync 1 DAGs
[2026-08-08T17:36:26.443+0000] {logging_mixin.py:190} INFO - [2026-08-08T17:36:26.442+0000] {dag.py:4138} INFO - Setting next_dagrun for example_local_kubernetes_executor to None, run_after=None
[2026-08-08T17:36:26.464+0000] {processor.py:208} INFO - Processing /home/airflow/.local/lib/python3.12/site-packages/airflow/example_dags/example_local_kubernetes_executor.py took 0.105 seconds
[2026-08-08T17:38:17.144+0000] {processor.py:186} INFO - Started process (PID=99) to work on /home/airflow/.local/lib/python3.12/site-packages/airflow/example_dags/example_local_kubernetes_executor.py
[2026-08-08T17:38:17.146+0000] {processor.py:914} INFO - Processing file /home/airflow/.local/lib/python3.12/site-packages/airflow/example_dags/example_local_kubernetes_executor.py for tasks to queue
[2026-08-08T17:38:17.148+0000] {logging_mixin.py:190} INFO - [2026-08-08T17:38:17.148+0000] {dagbag.py:587} INFO - Filling up the DagBag from /home/airflow/.local/lib/python3.12/site-packages/airflow/example_dags/example_local_kubernetes_executor.py
[2026-08-08T17:38:17.157+0000] {processor.py:925} INFO - DAG(s) 'example_local_kubernetes_executor' retrieved from /home/airflow/.local/lib/python3.12/site-packages/airflow/example_dags/example_local_kubernetes_executor.py
[2026-08-08T17:38:17.187+0000] {logging_mixin.py:190} INFO - [2026-08-08T17:38:17.186+0000] {dag.py:3211} INFO - Sync 1 DAGs
[2026-08-08T17:38:17.197+0000] {logging_mixin.py:190} INFO - [2026-08-08T17:38:17.197+0000] {dag.py:4138} INFO - Setting next_dagrun for example_local_kubernetes_executor to None, run_after=None
[2026-08-08T17:38:17.215+0000] {processor.py:208} INFO - Processing /home/airflow/.local/lib/python3.12/site-packages/airflow/example_dags/example_local_kubernetes_executor.py took 0.076 seconds
[2026-08-08T17:38:48.266+0000] {processor.py:186} INFO - Started process (PID=162) to work on /home/airflow/.local/lib/python3.12/site-packages/airflow/example_dags/example_local_kubernetes_executor.py
[2026-08-08T17:38:48.267+0000] {processor.py:914} INFO - Processing file /home/airflow/.local/lib/python3.12/site-packages/airflow/example_dags/example_local_kubernetes_executor.py for tasks to queue
[2026-08-08T17:38:48.269+0000] {logging_mixin.py:190} INFO - [2026-08-08T17:38:48.269+0000] {dagbag.py:587} INFO - Filling up the DagBag from /home/airflow/.local/lib/python3.12/site-packages/airflow/example_dags/example_local_kubernetes_executor.py
[2026-08-08T17:38:48.279+0000] {processor.py:925} INFO - DAG(s) 'example_local_kubernetes_executor' retrieved from /home/airflow/.local/lib/python3.12/site-packages/airflow/example_dags/example_local_kubernetes_executor.py
[2026-08-08T17:38:48.313+0000] {logging_mixin.py:190} INFO - [2026-08-08T17:38:48.313+0000] {dag.py:3211} INFO - Sync 1 DAGs
[2026-08-08T17:38:48.330+0000] {logging_mixin.py:190} INFO - [2026-08-08T17:38:48.330+0000] {dag.py:4138} INFO - Setting next_dagrun for example_local_kubernetes_executor to None, run_after=None
[2026-08-08T17:38:48.350+0000] {processor.py:208} INFO - Processing /home/airflow/.local/lib/python3.12/site-packages/airflow/example_dags/example_local_kubernetes_executor.py took 0.090 seconds
[2026-08-08T17:39:19.121+0000] {processor.py:186} INFO - Started process (PID=225) to work on /home/airflow/.local/lib/python3.12/site-packages/airflow/example_dags/example_local_kubernetes_executor.py
[2026-08-08T17:39:19.122+0000] {processor.py:914} INFO - Processing file /home/airflow/.local/lib/python3.12/site-packages/airflow/example_dags/example_local_kubernetes_executor.py for tasks to queue
[2026-08-08T17:39:19.126+0000] {logging_mixin.py:190} INFO - [2026-08-08T17:39:19.125+0000] {dagbag.py:587} INFO - Filling up the DagBag from /home/airflow/.local/lib/python3.12/site-packages/airflow/example_dags/example_local_kubernetes_executor.py
[2026-08-08T17:39:19.138+0000] {processor.py:925} INFO - DAG(s) 'example_local_kubernetes_executor' retrieved from /home/airflow/.local/lib/python3.12/site-packages/airflow/example_dags/example_local_kubernetes_executor.py
[2026-08-08T17:39:19.182+0000] {logging_mixin.py:190} INFO - [2026-08-08T17:39:19.182+0000] {dag.py:3211} INFO - Sync 1 DAGs
[2026-08-08T17:39:19.200+0000] {logging_mixin.py:190} INFO - [2026-08-08T17:39:19.200+0000] {dag.py:4138} INFO - Setting next_dagrun for example_local_kubernetes_executor to None, run_after=None
[2026-08-08T17:39:19.231+0000] {processor.py:208} INFO - Processing /home/airflow/.local/lib/python3.12/site-packages/airflow/example_dags/example_local_kubernetes_executor.py took 0.116 seconds
[2026-08-08T17:39:49.617+0000] {processor.py:186} INFO - Started process (PID=288) to work on /home/airflow/.local/lib/python3.12/site-packages/airflow/example_dags/example_local_kubernetes_executor.py
[2026-08-08T17:39:49.618+0000] {processor.py:914} INFO - Processing file /home/airflow/.local/lib/python3.12/site-packages/airflow/example_dags/example_local_kubernetes_executor.py for tasks to queue
[2026-08-08T17:39:49.621+0000] {logging_mixin.py:190} INFO - [2026-08-08T17:39:49.620+0000] {dagbag.py:587} INFO - Filling up the DagBag from /home/airflow/.local/lib/python3.12/site-packages/airflow/example_dags/example_local_kubernetes_executor.py
[2026-08-08T17:39:49.629+0000] {processor.py:925} INFO - DAG(s) 'example_local_kubernetes_executor' retrieved from /home/airflow/.local/lib/python3.12/site-packages/airflow/example_dags/example_local_kubernetes_executor.py
[2026-08-08T17:39:49.660+0000] {logging_mixin.py:190} INFO - [2026-08-08T17:39:49.660+0000] {dag.py:3211} INFO - Sync 1 DAGs
[2026-08-08T17:39:49.674+0000] {logging_mixin.py:190} INFO - [2026-08-08T17:39:49.674+0000] {dag.py:4138} INFO - Setting next_dagrun for example_local_kubernetes_executor to None, run_after=None
[2026-08-08T17:39:49.693+0000] {processor.py:208} INFO - Processing /home/airflow/.local/lib/python3.12/site-packages/airflow/example_dags/example_local_kubernetes_executor.py took 0.081 seconds
[2026-08-08T17:42:41.225+0000] {processor.py:186} INFO - Started process (PID=111) to work on /home/airflow/.local/lib/python3.12/site-packages/airflow/example_dags/example_local_kubernetes_executor.py
[2026-08-08T17:42:41.227+0000] {processor.py:914} INFO - Processing file /home/airflow/.local/lib/python3.12/site-packages/airflow/example_dags/example_local_kubernetes_executor.py for tasks to queue
[2026-08-08T17:42:41.232+0000] {logging_mixin.py:190} INFO - [2026-08-08T17:42:41.231+0000] {dagbag.py:587} INFO - Filling up the DagBag from /home/airflow/.local/lib/python3.12/site-packages/airflow/example_dags/example_local_kubernetes_executor.py
[2026-08-08T17:42:41.245+0000] {processor.py:925} INFO - DAG(s) 'example_local_kubernetes_executor' retrieved from /home/airflow/.local/lib/python3.12/site-packages/airflow/example_dags/example_local_kubernetes_executor.py
[2026-08-08T17:42:41.289+0000] {logging_mixin.py:190} INFO - [2026-08-08T17:42:41.288+0000] {dag.py:3211} INFO - Sync 1 DAGs
[2026-08-08T17:42:41.306+0000] {logging_mixin.py:190} INFO - [2026-08-08T17:42:41.306+0000] {dag.py:4138} INFO - Setting next_dagrun for example_local_kubernetes_executor to None, run_after=None
[2026-08-08T17:42:41.333+0000] {processor.py:208} INFO - Processing /home/airflow/.local/lib/python3.12/site-packages/airflow/example_dags/example_local_kubernetes_executor.py took 0.115 seconds
[2026-08-08T17:43:11.722+0000] {processor.py:186} INFO - Started process (PID=174) to work on /home/airflow/.local/lib/python3.12/site-packages/airflow/example_dags/example_local_kubernetes_executor.py
[2026-08-08T17:43:11.723+0000] {processor.py:914} INFO - Processing file /home/airflow/.local/lib/python3.12/site-packages/airflow/example_dags/example_local_kubernetes_executor.py for tasks to queue
[2026-08-08T17:43:11.726+0000] {logging_mixin.py:190} INFO - [2026-08-08T17:43:11.726+0000] {dagbag.py:587} INFO - Filling up the DagBag from /home/airflow/.local/lib/python3.12/site-packages/airflow/example_dags/example_local_kubernetes_executor.py
[2026-08-08T17:43:11.737+0000] {processor.py:925} INFO - DAG(s) 'example_local_kubernetes_executor' retrieved from /home/airflow/.local/lib/python3.12/site-packages/airflow/example_dags/example_local_kubernetes_executor.py
[2026-08-08T17:43:11.801+0000] {logging_mixin.py:190} INFO - [2026-08-08T17:43:11.801+0000] {dag.py:3211} INFO - Sync 1 DAGs
[2026-08-08T17:43:11.822+0000] {logging_mixin.py:190} INFO - [2026-08-08T17:43:11.822+0000] {dag.py:4138} INFO - Setting next_dagrun for example_local_kubernetes_executor to None, run_after=None
[2026-08-08T17:43:11.846+0000] {processor.py:208} INFO - Processing /home/airflow/.local/lib/python3.12/site-packages/airflow/example_dags/example_local_kubernetes_executor.py took 0.131 seconds
[2026-08-08T17:43:43.282+0000] {processor.py:186} INFO - Started process (PID=237) to work on /home/airflow/.local/lib/python3.12/site-packages/airflow/example_dags/example_local_kubernetes_executor.py
[2026-08-08T17:43:43.284+0000] {processor.py:914} INFO - Processing file /home/airflow/.local/lib/python3.12/site-packages/airflow/example_dags/example_local_kubernetes_executor.py for tasks to queue
[2026-08-08T17:43:43.286+0000] {logging_mixin.py:190} INFO - [2026-08-08T17:43:43.286+0000] {dagbag.py:587} INFO - Filling up the DagBag from /home/airflow/.local/lib/python3.12/site-packages/airflow/example_dags/example_local_kubernetes_executor.py
[2026-08-08T17:43:43.298+0000] {processor.py:925} INFO - DAG(s) 'example_local_kubernetes_executor' retrieved from /home/airflow/.local/lib/python3.12/site-packages/airflow/example_dags/example_local_kubernetes_executor.py
[2026-08-08T17:43:43.342+0000] {logging_mixin.py:190} INFO - [2026-08-08T17:43:43.342+0000] {dag.py:3211} INFO - Sync 1 DAGs
[2026-08-08T17:43:43.366+0000] {logging_mixin.py:190} INFO - [2026-08-08T17:43:43.365+0000] {dag.py:4138} INFO - Setting next_dagrun for example_local_kubernetes_executor to None, run_after=None
[2026-08-08T17:43:43.387+0000] {processor.py:208} INFO - Processing /home/airflow/.local/lib/python3.12/site-packages/airflow/example_dags/example_local_kubernetes_executor.py took 0.114 seconds
[2026-08-08T17:44:13.989+0000] {processor.py:186} INFO - Started process (PID=300) to work on /home/airflow/.local/lib/python3.12/site-packages/airflow/example_dags/example_local_kubernetes_executor.py
[2026-08-08T17:44:13.991+0000] {processor.py:914} INFO - Processing file /home/airflow/.local/lib/python3.12/site-packages/airflow/example_dags/example_local_kubernetes_executor.py for tasks to queue
[2026-08-08T17:44:13.994+0000] {logging_mixin.py:190} INFO - [2026-08-08T17:44:13.994+0000] {dagbag.py:587} INFO - Filling up the DagBag from /home/airflow/.local/lib/python3.12/site-packages/airflow/example_dags/example_local_kubernetes_executor.py
[2026-08-08T17:44:14.007+0000] {processor.py:925} INFO - DAG(s) 'example_local_kubernetes_executor' retrieved from /home/airflow/.local/lib/python3.12/site-packages/airflow/example_dags/example_local_kubernetes_executor.py
[2026-08-08T17:44:14.042+0000] {logging_mixin.py:190} INFO - [2026-08-08T17:44:14.042+0000] {dag.py:3211} INFO - Sync 1 DAGs
[2026-08-08T17:44:14.057+0000] {logging_mixin.py:190} INFO - [2026-08-08T17:44:14.057+0000] {dag.py:4138} INFO - Setting next_dagrun for example_local_kubernetes_executor to None, run_after=None
[2026-08-08T17:44:14.082+0000] {processor.py:208} INFO - Processing /home/airflow/.local/lib/python3.12/site-packages/airflow/example_dags/example_local_kubernetes_executor.py took 0.099 seconds
[2026-08-08T17:44:44.676+0000] {processor.py:186} INFO - Started process (PID=363) to work on /home/airflow/.local/lib/python3.12/site-packages/airflow/example_dags/example_local_kubernetes_executor.py
[2026-08-08T17:44:44.677+0000] {processor.py:914} INFO - Processing file /home/airflow/.local/lib/python3.12/site-packages/airflow/example_dags/example_local_kubernetes_executor.py for tasks to queue
[2026-08-08T17:44:44.680+0000] {logging_mixin.py:190} INFO - [2026-08-08T17:44:44.680+0000] {dagbag.py:587} INFO - Filling up the DagBag from /home/airflow/.local/lib/python3.12/site-packages/airflow/example_dags/example_local_kubernetes_executor.py
[2026-08-08T17:44:44.688+0000] {processor.py:925} INFO - DAG(s) 'example_local_kubernetes_executor' retrieved from /home/airflow/.local/lib/python3.12/site-packages/airflow/example_dags/example_local_kubernetes_executor.py
[2026-08-08T17:44:44.717+0000] {logging_mixin.py:190} INFO - [2026-08-08T17:44:44.716+0000] {dag.py:3211} INFO - Sync 1 DAGs
[2026-08-08T17:44:44.728+0000] {logging_mixin.py:190} INFO - [2026-08-08T17:44:44.728+0000] {dag.py:4138} INFO - Setting next_dagrun for example_local_kubernetes_executor to None, run_after=None
[2026-08-08T17:44:44.748+0000] {processor.py:208} INFO - Processing /home/airflow/.local/lib/python3.12/site-packages/airflow/example_dags/example_local_kubernetes_executor.py took 0.077 seconds
[2026-08-08T17:45:15.044+0000] {processor.py:186} INFO - Started process (PID=426) to work on /home/airflow/.local/lib/python3.12/site-packages/airflow/example_dags/example_local_kubernetes_executor.py
[2026-08-08T17:45:15.046+0000] {processor.py:914} INFO - Processing file /home/airflow/.local/lib/python3.12/site-packages/airflow/example_dags/example_local_kubernetes_executor.py for tasks to queue
[2026-08-08T17:45:15.049+0000] {logging_mixin.py:190} INFO - [2026-08-08T17:45:15.049+0000] {dagbag.py:587} INFO - Filling up the DagBag from /home/airflow/.local/lib/python3.12/site-packages/airflow/example_dags/example_local_kubernetes_executor.py
[2026-08-08T17:45:15.060+0000] {processor.py:925} INFO - DAG(s) 'example_local_kubernetes_executor' retrieved from /home/airflow/.local/lib/python3.12/site-packages/airflow/example_dags/example_local_kubernetes_executor.py
[2026-08-08T17:45:15.091+0000] {logging_mixin.py:190} INFO - [2026-08-08T17:45:15.091+0000] {dag.py:3211} INFO - Sync 1 DAGs
[2026-08-08T17:45:15.102+0000] {logging_mixin.py:190} INFO - [2026-08-08T17:45:15.101+0000] {dag.py:4138} INFO - Setting next_dagrun for example_local_kubernetes_executor to None, run_after=None
[2026-08-08T17:45:15.124+0000] {processor.py:208} INFO - Processing /home/airflow/.local/lib/python3.12/site-packages/airflow/example_dags/example_local_kubernetes_executor.py took 0.086 seconds
[2026-08-08T17:45:45.310+0000] {processor.py:186} INFO - Started process (PID=489) to work on /home/airflow/.local/lib/python3.12/site-packages/airflow/example_dags/example_local_kubernetes_executor.py
[2026-08-08T17:45:45.311+0000] {processor.py:914} INFO - Processing file /home/airflow/.local/lib/python3.12/site-packages/airflow/example_dags/example_local_kubernetes_executor.py for tasks to queue
[2026-08-08T17:45:45.314+0000] {logging_mixin.py:190} INFO - [2026-08-08T17:45:45.313+0000] {dagbag.py:587} INFO - Filling up the DagBag from /home/airflow/.local/lib/python3.12/site-packages/airflow/example_dags/example_local_kubernetes_executor.py
[2026-08-08T17:45:45.321+0000] {processor.py:925} INFO - DAG(s) 'example_local_kubernetes_executor' retrieved from /home/airflow/.local/lib/python3.12/site-packages/airflow/example_dags/example_local_kubernetes_executor.py
[2026-08-08T17:45:45.347+0000] {logging_mixin.py:190} INFO - [2026-08-08T17:45:45.346+0000] {dag.py:3211} INFO - Sync 1 DAGs
[2026-08-08T17:45:45.358+0000] {logging_mixin.py:190} INFO - [2026-08-08T17:45:45.358+0000] {dag.py:4138} INFO - Setting next_dagrun for example_local_kubernetes_executor to None, run_after=None
[2026-08-08T17:45:45.377+0000] {processor.py:208} INFO - Processing /home/airflow/.local/lib/python3.12/site-packages/airflow/example_dags/example_local_kubernetes_executor.py took 0.072 seconds
[2026-08-08T17:47:15.163+0000] {processor.py:186} INFO - Started process (PID=112) to work on /home/airflow/.local/lib/python3.12/site-packages/airflow/example_dags/example_local_kubernetes_executor.py
[2026-08-08T17:47:15.165+0000] {processor.py:914} INFO - Processing file /home/airflow/.local/lib/python3.12/site-packages/airflow/example_dags/example_local_kubernetes_executor.py for tasks to queue
[2026-08-08T17:47:15.168+0000] {logging_mixin.py:190} INFO - [2026-08-08T17:47:15.168+0000] {dagbag.py:587} INFO - Filling up the DagBag from /home/airflow/.local/lib/python3.12/site-packages/airflow/example_dags/example_local_kubernetes_executor.py
[2026-08-08T17:47:15.179+0000] {processor.py:925} INFO - DAG(s) 'example_local_kubernetes_executor' retrieved from /home/airflow/.local/lib/python3.12/site-packages/airflow/example_dags/example_local_kubernetes_executor.py
[2026-08-08T17:47:15.229+0000] {logging_mixin.py:190} INFO - [2026-08-08T17:47:15.229+0000] {dag.py:3211} INFO - Sync 1 DAGs
[2026-08-08T17:47:15.246+0000] {logging_mixin.py:190} INFO - [2026-08-08T17:47:15.246+0000] {dag.py:4138} INFO - Setting next_dagrun for example_local_kubernetes_executor to None, run_after=None
[2026-08-08T17:47:15.272+0000] {processor.py:208} INFO - Processing /home/airflow/.local/lib/python3.12/site-packages/airflow/example_dags/example_local_kubernetes_executor.py took 0.115 seconds
[2026-08-08T17:47:46.053+0000] {processor.py:186} INFO - Started process (PID=175) to work on /home/airflow/.local/lib/python3.12/site-packages/airflow/example_dags/example_local_kubernetes_executor.py
[2026-08-08T17:47:46.054+0000] {processor.py:914} INFO - Processing file /home/airflow/.local/lib/python3.12/site-packages/airflow/example_dags/example_local_kubernetes_executor.py for tasks to queue
[2026-08-08T17:47:46.058+0000] {logging_mixin.py:190} INFO - [2026-08-08T17:47:46.057+0000] {dagbag.py:587} INFO - Filling up the DagBag from /home/airflow/.local/lib/python3.12/site-packages/airflow/example_dags/example_local_kubernetes_executor.py
[2026-08-08T17:47:46.067+0000] {processor.py:925} INFO - DAG(s) 'example_local_kubernetes_executor' retrieved from /home/airflow/.local/lib/python3.12/site-packages/airflow/example_dags/example_local_kubernetes_executor.py
[2026-08-08T17:47:46.098+0000] {logging_mixin.py:190} INFO - [2026-08-08T17:47:46.097+0000] {dag.py:3211} INFO - Sync 1 DAGs
[2026-08-08T17:47:46.110+0000] {logging_mixin.py:190} INFO - [2026-08-08T17:47:46.109+0000] {dag.py:4138} INFO - Setting next_dagrun for example_local_kubernetes_executor to None, run_after=None
[2026-08-08T17:47:46.127+0000] {processor.py:208} INFO - Processing /home/airflow/.local/lib/python3.12/site-packages/airflow/example_dags/example_local_kubernetes_executor.py took 0.081 seconds
[2026-08-08T17:48:17.410+0000] {processor.py:186} INFO - Started process (PID=244) to work on /home/airflow/.local/lib/python3.12/site-packages/airflow/example_dags/example_local_kubernetes_executor.py
[2026-08-08T17:48:17.412+0000] {processor.py:914} INFO - Processing file /home/airflow/.local/lib/python3.12/site-packages/airflow/example_dags/example_local_kubernetes_executor.py for tasks to queue
[2026-08-08T17:48:17.414+0000] {logging_mixin.py:190} INFO - [2026-08-08T17:48:17.414+0000] {dagbag.py:587} INFO - Filling up the DagBag from /home/airflow/.local/lib/python3.12/site-packages/airflow/example_dags/example_local_kubernetes_executor.py
[2026-08-08T17:48:17.424+0000] {processor.py:925} INFO - DAG(s) 'example_local_kubernetes_executor' retrieved from /home/airflow/.local/lib/python3.12/site-packages/airflow/example_dags/example_local_kubernetes_executor.py
[2026-08-08T17:48:17.463+0000] {logging_mixin.py:190} INFO - [2026-08-08T17:48:17.463+0000] {dag.py:3211} INFO - Sync 1 DAGs
[2026-08-08T17:48:17.483+0000] {logging_mixin.py:190} INFO - [2026-08-08T17:48:17.483+0000] {dag.py:4138} INFO - Setting next_dagrun for example_local_kubernetes_executor to None, run_after=None
[2026-08-08T17:48:17.505+0000] {processor.py:208} INFO - Processing /home/airflow/.local/lib/python3.12/site-packages/airflow/example_dags/example_local_kubernetes_executor.py took 0.099 seconds
[2026-08-08T17:48:47.763+0000] {processor.py:186} INFO - Started process (PID=307) to work on /home/airflow/.local/lib/python3.12/site-packages/airflow/example_dags/example_local_kubernetes_executor.py
[2026-08-08T17:48:47.765+0000] {processor.py:914} INFO - Processing file /home/airflow/.local/lib/python3.12/site-packages/airflow/example_dags/example_local_kubernetes_executor.py for tasks to queue
[2026-08-08T17:48:47.768+0000] {logging_mixin.py:190} INFO - [2026-08-08T17:48:47.768+0000] {dagbag.py:587} INFO - Filling up the DagBag from /home/airflow/.local/lib/python3.12/site-packages/airflow/example_dags/example_local_kubernetes_executor.py
[2026-08-08T17:48:47.780+0000] {processor.py:925} INFO - DAG(s) 'example_local_kubernetes_executor' retrieved from /home/airflow/.local/lib/python3.12/site-packages/airflow/example_dags/example_local_kubernetes_executor.py
[2026-08-08T17:48:47.820+0000] {logging_mixin.py:190} INFO - [2026-08-08T17:48:47.820+0000] {dag.py:3211} INFO - Sync 1 DAGs
[2026-08-08T17:48:47.840+0000] {logging_mixin.py:190} INFO - [2026-08-08T17:48:47.839+0000] {dag.py:4138} INFO - Setting next_dagrun for example_local_kubernetes_executor to None, run_after=None
[2026-08-08T17:48:47.868+0000] {processor.py:208} INFO - Processing /home/airflow/.local/lib/python3.12/site-packages/airflow/example_dags/example_local_kubernetes_executor.py took 0.110 seconds
[2026-08-08T17:52:39.026+0000] {processor.py:186} INFO - Started process (PID=111) to work on /home/airflow/.local/lib/python3.12/site-packages/airflow/example_dags/example_local_kubernetes_executor.py
[2026-08-08T17:52:39.029+0000] {processor.py:914} INFO - Processing file /home/airflow/.local/lib/python3.12/site-packages/airflow/example_dags/example_local_kubernetes_executor.py for tasks to queue
[2026-08-08T17:52:39.034+0000] {logging_mixin.py:190} INFO - [2026-08-08T17:52:39.034+0000] {dagbag.py:587} INFO - Filling up the DagBag from /home/airflow/.local/lib/python3.12/site-packages/airflow/example_dags/example_local_kubernetes_executor.py
[2026-08-08T17:52:39.051+0000] {processor.py:925} INFO - DAG(s) 'example_local_kubernetes_executor' retrieved from /home/airflow/.local/lib/python3.12/site-packages/airflow/example_dags/example_local_kubernetes_executor.py
[2026-08-08T17:52:39.099+0000] {logging_mixin.py:190} INFO - [2026-08-08T17:52:39.098+0000] {dag.py:3211} INFO - Sync 1 DAGs
[2026-08-08T17:52:39.116+0000] {logging_mixin.py:190} INFO - [2026-08-08T17:52:39.116+0000] {dag.py:4138} INFO - Setting next_dagrun for example_local_kubernetes_executor to None, run_after=None
[2026-08-08T17:52:39.143+0000] {processor.py:208} INFO - Processing /home/airflow/.local/lib/python3.12/site-packages/airflow/example_dags/example_local_kubernetes_executor.py took 0.125 seconds
[2026-08-08T17:53:09.513+0000] {processor.py:186} INFO - Started process (PID=174) to work on /home/airflow/.local/lib/python3.12/site-packages/airflow/example_dags/example_local_kubernetes_executor.py
[2026-08-08T17:53:09.514+0000] {processor.py:914} INFO - Processing file /home/airflow/.local/lib/python3.12/site-packages/airflow/example_dags/example_local_kubernetes_executor.py for tasks to queue
[2026-08-08T17:53:09.518+0000] {logging_mixin.py:190} INFO - [2026-08-08T17:53:09.517+0000] {dagbag.py:587} INFO - Filling up the DagBag from /home/airflow/.local/lib/python3.12/site-packages/airflow/example_dags/example_local_kubernetes_executor.py
[2026-08-08T17:53:09.526+0000] {processor.py:925} INFO - DAG(s) 'example_local_kubernetes_executor' retrieved from /home/airflow/.local/lib/python3.12/site-packages/airflow/example_dags/example_local_kubernetes_executor.py
[2026-08-08T17:53:09.555+0000] {logging_mixin.py:190} INFO - [2026-08-08T17:53:09.555+0000] {dag.py:3211} INFO - Sync 1 DAGs
[2026-08-08T17:53:09.567+0000] {logging_mixin.py:190} INFO - [2026-08-08T17:53:09.567+0000] {dag.py:4138} INFO - Setting next_dagrun for example_local_kubernetes_executor to None, run_after=None
[2026-08-08T17:53:09.588+0000] {processor.py:208} INFO - Processing /home/airflow/.local/lib/python3.12/site-packages/airflow/example_dags/example_local_kubernetes_executor.py took 0.081 seconds
[2026-08-08T17:53:40.132+0000] {processor.py:186} INFO - Started process (PID=237) to work on /home/airflow/.local/lib/python3.12/site-packages/airflow/example_dags/example_local_kubernetes_executor.py
[2026-08-08T17:53:40.133+0000] {processor.py:914} INFO - Processing file /home/airflow/.local/lib/python3.12/site-packages/airflow/example_dags/example_local_kubernetes_executor.py for tasks to queue
[2026-08-08T17:53:40.136+0000] {logging_mixin.py:190} INFO - [2026-08-08T17:53:40.136+0000] {dagbag.py:587} INFO - Filling up the DagBag from /home/airflow/.local/lib/python3.12/site-packages/airflow/example_dags/example_local_kubernetes_executor.py
[2026-08-08T17:53:40.146+0000] {processor.py:925} INFO - DAG(s) 'example_local_kubernetes_executor' retrieved from /home/airflow/.local/lib/python3.12/site-packages/airflow/example_dags/example_local_kubernetes_executor.py
[2026-08-08T17:53:40.186+0000] {logging_mixin.py:190} INFO - [2026-08-08T17:53:40.185+0000] {dag.py:3211} INFO - Sync 1 DAGs
[2026-08-08T17:53:40.200+0000] {logging_mixin.py:190} INFO - [2026-08-08T17:53:40.199+0000] {dag.py:4138} INFO - Setting next_dagrun for example_local_kubernetes_executor to None, run_after=None
[2026-08-08T17:53:40.222+0000] {processor.py:208} INFO - Processing /home/airflow/.local/lib/python3.12/site-packages/airflow/example_dags/example_local_kubernetes_executor.py took 0.095 seconds
[2026-08-08T17:54:11.360+0000] {processor.py:186} INFO - Started process (PID=300) to work on /home/airflow/.local/lib/python3.12/site-packages/airflow/example_dags/example_local_kubernetes_executor.py
[2026-08-08T17:54:11.361+0000] {processor.py:914} INFO - Processing file /home/airflow/.local/lib/python3.12/site-packages/airflow/example_dags/example_local_kubernetes_executor.py for tasks to queue
[2026-08-08T17:54:11.365+0000] {logging_mixin.py:190} INFO - [2026-08-08T17:54:11.365+0000] {dagbag.py:587} INFO - Filling up the DagBag from /home/airflow/.local/lib/python3.12/site-packages/airflow/example_dags/example_local_kubernetes_executor.py
[2026-08-08T17:54:11.375+0000] {processor.py:925} INFO - DAG(s) 'example_local_kubernetes_executor' retrieved from /home/airflow/.local/lib/python3.12/site-packages/airflow/example_dags/example_local_kubernetes_executor.py
[2026-08-08T17:54:11.405+0000] {logging_mixin.py:190} INFO - [2026-08-08T17:54:11.405+0000] {dag.py:3211} INFO - Sync 1 DAGs
[2026-08-08T17:54:11.419+0000] {logging_mixin.py:190} INFO - [2026-08-08T17:54:11.419+0000] {dag.py:4138} INFO - Setting next_dagrun for example_local_kubernetes_executor to None, run_after=None
[2026-08-08T17:54:11.440+0000] {processor.py:208} INFO - Processing /home/airflow/.local/lib/python3.12/site-packages/airflow/example_dags/example_local_kubernetes_executor.py took 0.086 seconds
[2026-08-08T17:54:41.610+0000] {processor.py:186} INFO - Started process (PID=363) to work on /home/airflow/.local/lib/python3.12/site-packages/airflow/example_dags/example_local_kubernetes_executor.py
[2026-08-08T17:54:41.612+0000] {processor.py:914} INFO - Processing file /home/airflow/.local/lib/python3.12/site-packages/airflow/example_dags/example_local_kubernetes_executor.py for tasks to queue
[2026-08-08T17:54:41.614+0000] {logging_mixin.py:190} INFO - [2026-08-08T17:54:41.614+0000] {dagbag.py:587} INFO - Filling up the DagBag from /home/airflow/.local/lib/python3.12/site-packages/airflow/example_dags/example_local_kubernetes_executor.py
[2026-08-08T17:54:41.625+0000] {processor.py:925} INFO - DAG(s) 'example_local_kubernetes_executor' retrieved from /home/airflow/.local/lib/python3.12/site-packages/airflow/example_dags/example_local_kubernetes_executor.py
[2026-08-08T17:54:41.665+0000] {logging_mixin.py:190} INFO - [2026-08-08T17:54:41.664+0000] {dag.py:3211} INFO - Sync 1 DAGs
[2026-08-08T17:54:41.682+0000] {logging_mixin.py:190} INFO - [2026-08-08T17:54:41.681+0000] {dag.py:4138} INFO - Setting next_dagrun for example_local_kubernetes_executor to None, run_after=None
[2026-08-08T17:54:41.707+0000] {processor.py:208} INFO - Processing /home/airflow/.local/lib/python3.12/site-packages/airflow/example_dags/example_local_kubernetes_executor.py took 0.102 seconds
[2026-08-08T17:55:11.845+0000] {processor.py:186} INFO - Started process (PID=426) to work on /home/airflow/.local/lib/python3.12/site-packages/airflow/example_dags/example_local_kubernetes_executor.py
[2026-08-08T17:55:11.847+0000] {processor.py:914} INFO - Processing file /home/airflow/.local/lib/python3.12/site-packages/airflow/example_dags/example_local_kubernetes_executor.py for tasks to queue
[2026-08-08T17:55:11.850+0000] {logging_mixin.py:190} INFO - [2026-08-08T17:55:11.849+0000] {dagbag.py:587} INFO - Filling up the DagBag from /home/airflow/.local/lib/python3.12/site-packages/airflow/example_dags/example_local_kubernetes_executor.py
[2026-08-08T17:55:11.860+0000] {processor.py:925} INFO - DAG(s) 'example_local_kubernetes_executor' retrieved from /home/airflow/.local/lib/python3.12/site-packages/airflow/example_dags/example_local_kubernetes_executor.py
[2026-08-08T17:55:11.889+0000] {logging_mixin.py:190} INFO - [2026-08-08T17:55:11.889+0000] {dag.py:3211} INFO - Sync 1 DAGs
[2026-08-08T17:55:11.899+0000] {logging_mixin.py:190} INFO - [2026-08-08T17:55:11.899+0000] {dag.py:4138} INFO - Setting next_dagrun for example_local_kubernetes_executor to None, run_after=None
[2026-08-08T17:55:11.921+0000] {processor.py:208} INFO - Processing /home/airflow/.local/lib/python3.12/site-packages/airflow/example_dags/example_local_kubernetes_executor.py took 0.082 seconds
[2026-08-08T17:55:42.472+0000] {processor.py:186} INFO - Started process (PID=489) to work on /home/airflow/.local/lib/python3.12/site-packages/airflow/example_dags/example_local_kubernetes_executor.py
[2026-08-08T17:55:42.474+0000] {processor.py:914} INFO - Processing file /home/airflow/.local/lib/python3.12/site-packages/airflow/example_dags/example_local_kubernetes_executor.py for tasks to queue
[2026-08-08T17:55:42.476+0000] {logging_mixin.py:190} INFO - [2026-08-08T17:55:42.476+0000] {dagbag.py:587} INFO - Filling up the DagBag from /home/airflow/.local/lib/python3.12/site-packages/airflow/example_dags/example_local_kubernetes_executor.py
[2026-08-08T17:55:42.484+0000] {processor.py:925} INFO - DAG(s) 'example_local_kubernetes_executor' retrieved from /home/airflow/.local/lib/python3.12/site-packages/airflow/example_dags/example_local_kubernetes_executor.py
[2026-08-08T17:55:42.520+0000] {logging_mixin.py:190} INFO - [2026-08-08T17:55:42.520+0000] {dag.py:3211} INFO - Sync 1 DAGs
[2026-08-08T17:55:42.534+0000] {logging_mixin.py:190} INFO - [2026-08-08T17:55:42.534+0000] {dag.py:4138} INFO - Setting next_dagrun for example_local_kubernetes_executor to None, run_after=None
[2026-08-08T17:55:42.552+0000] {processor.py:208} INFO - Processing /home/airflow/.local/lib/python3.12/site-packages/airflow/example_dags/example_local_kubernetes_executor.py took 0.085 seconds
[2026-08-08T17:56:12.828+0000] {processor.py:186} INFO - Started process (PID=552) to work on /home/airflow/.local/lib/python3.12/site-packages/airflow/example_dags/example_local_kubernetes_executor.py
[2026-08-08T17:56:12.830+0000] {processor.py:914} INFO - Processing file /home/airflow/.local/lib/python3.12/site-packages/airflow/example_dags/example_local_kubernetes_executor.py for tasks to queue
[2026-08-08T17:56:12.833+0000] {logging_mixin.py:190} INFO - [2026-08-08T17:56:12.833+0000] {dagbag.py:587} INFO - Filling up the DagBag from /home/airflow/.local/lib/python3.12/site-packages/airflow/example_dags/example_local_kubernetes_executor.py
[2026-08-08T17:56:12.843+0000] {processor.py:925} INFO - DAG(s) 'example_local_kubernetes_executor' retrieved from /home/airflow/.local/lib/python3.12/site-packages/airflow/example_dags/example_local_kubernetes_executor.py
[2026-08-08T17:56:12.880+0000] {logging_mixin.py:190} INFO - [2026-08-08T17:56:12.879+0000] {dag.py:3211} INFO - Sync 1 DAGs
[2026-08-08T17:56:12.894+0000] {logging_mixin.py:190} INFO - [2026-08-08T17:56:12.894+0000] {dag.py:4138} INFO - Setting next_dagrun for example_local_kubernetes_executor to None, run_after=None
[2026-08-08T17:56:12.914+0000] {processor.py:208} INFO - Processing /home/airflow/.local/lib/python3.12/site-packages/airflow/example_dags/example_local_kubernetes_executor.py took 0.093 seconds
[2026-08-08T17:56:43.417+0000] {processor.py:186} INFO - Started process (PID=615) to work on /home/airflow/.local/lib/python3.12/site-packages/airflow/example_dags/example_local_kubernetes_executor.py
[2026-08-08T17:56:43.422+0000] {processor.py:914} INFO - Processing file /home/airflow/.local/lib/python3.12/site-packages/airflow/example_dags/example_local_kubernetes_executor.py for tasks to queue
[2026-08-08T17:56:43.430+0000] {logging_mixin.py:190} INFO - [2026-08-08T17:56:43.429+0000] {dagbag.py:587} INFO - Filling up the DagBag from /home/airflow/.local/lib/python3.12/site-packages/airflow/example_dags/example_local_kubernetes_executor.py
[2026-08-08T17:56:43.448+0000] {processor.py:925} INFO - DAG(s) 'example_local_kubernetes_executor' retrieved from /home/airflow/.local/lib/python3.12/site-packages/airflow/example_dags/example_local_kubernetes_executor.py
[2026-08-08T17:56:43.500+0000] {logging_mixin.py:190} INFO - [2026-08-08T17:56:43.500+0000] {dag.py:3211} INFO - Sync 1 DAGs
[2026-08-08T17:56:43.521+0000] {logging_mixin.py:190} INFO - [2026-08-08T17:56:43.520+0000] {dag.py:4138} INFO - Setting next_dagrun for example_local_kubernetes_executor to None, run_after=None
[2026-08-08T17:56:43.548+0000] {processor.py:208} INFO - Processing /home/airflow/.local/lib/python3.12/site-packages/airflow/example_dags/example_local_kubernetes_executor.py took 0.142 seconds
[2026-08-08T17:57:14.186+0000] {processor.py:186} INFO - Started process (PID=678) to work on /home/airflow/.local/lib/python3.12/site-packages/airflow/example_dags/example_local_kubernetes_executor.py
[2026-08-08T17:57:14.188+0000] {processor.py:914} INFO - Processing file /home/airflow/.local/lib/python3.12/site-packages/airflow/example_dags/example_local_kubernetes_executor.py for tasks to queue
[2026-08-08T17:57:14.190+0000] {logging_mixin.py:190} INFO - [2026-08-08T17:57:14.190+0000] {dagbag.py:587} INFO - Filling up the DagBag from /home/airflow/.local/lib/python3.12/site-packages/airflow/example_dags/example_local_kubernetes_executor.py
[2026-08-08T17:57:14.201+0000] {processor.py:925} INFO - DAG(s) 'example_local_kubernetes_executor' retrieved from /home/airflow/.local/lib/python3.12/site-packages/airflow/example_dags/example_local_kubernetes_executor.py
[2026-08-08T17:57:14.236+0000] {logging_mixin.py:190} INFO - [2026-08-08T17:57:14.235+0000] {dag.py:3211} INFO - Sync 1 DAGs
[2026-08-08T17:57:14.249+0000] {logging_mixin.py:190} INFO - [2026-08-08T17:57:14.249+0000] {dag.py:4138} INFO - Setting next_dagrun for example_local_kubernetes_executor to None, run_after=None
[2026-08-08T17:57:14.270+0000] {processor.py:208} INFO - Processing /home/airflow/.local/lib/python3.12/site-packages/airflow/example_dags/example_local_kubernetes_executor.py took 0.090 seconds
[2026-08-08T18:08:21.035+0000] {processor.py:186} INFO - Started process (PID=741) to work on /home/airflow/.local/lib/python3.12/site-packages/airflow/example_dags/example_local_kubernetes_executor.py
[2026-08-08T18:08:21.038+0000] {processor.py:914} INFO - Processing file /home/airflow/.local/lib/python3.12/site-packages/airflow/example_dags/example_local_kubernetes_executor.py for tasks to queue
[2026-08-08T18:08:21.046+0000] {logging_mixin.py:190} INFO - [2026-08-08T18:08:21.045+0000] {dagbag.py:587} INFO - Filling up the DagBag from /home/airflow/.local/lib/python3.12/site-packages/airflow/example_dags/example_local_kubernetes_executor.py
[2026-08-08T18:08:21.062+0000] {processor.py:925} INFO - DAG(s) 'example_local_kubernetes_executor' retrieved from /home/airflow/.local/lib/python3.12/site-packages/airflow/example_dags/example_local_kubernetes_executor.py
[2026-08-08T18:08:21.121+0000] {logging_mixin.py:190} INFO - [2026-08-08T18:08:21.121+0000] {dag.py:3211} INFO - Sync 1 DAGs
[2026-08-08T18:08:21.148+0000] {logging_mixin.py:190} INFO - [2026-08-08T18:08:21.148+0000] {dag.py:4138} INFO - Setting next_dagrun for example_local_kubernetes_executor to None, run_after=None
[2026-08-08T18:08:21.186+0000] {processor.py:208} INFO - Processing /home/airflow/.local/lib/python3.12/site-packages/airflow/example_dags/example_local_kubernetes_executor.py took 0.162 seconds
[2026-08-08T18:08:51.789+0000] {processor.py:186} INFO - Started process (PID=804) to work on /home/airflow/.local/lib/python3.12/site-packages/airflow/example_dags/example_local_kubernetes_executor.py
[2026-08-08T18:08:51.792+0000] {processor.py:914} INFO - Processing file /home/airflow/.local/lib/python3.12/site-packages/airflow/example_dags/example_local_kubernetes_executor.py for tasks to queue
[2026-08-08T18:08:51.798+0000] {logging_mixin.py:190} INFO - [2026-08-08T18:08:51.797+0000] {dagbag.py:587} INFO - Filling up the DagBag from /home/airflow/.local/lib/python3.12/site-packages/airflow/example_dags/example_local_kubernetes_executor.py
[2026-08-08T18:08:51.821+0000] {processor.py:925} INFO - DAG(s) 'example_local_kubernetes_executor' retrieved from /home/airflow/.local/lib/python3.12/site-packages/airflow/example_dags/example_local_kubernetes_executor.py
[2026-08-08T18:08:51.905+0000] {logging_mixin.py:190} INFO - [2026-08-08T18:08:51.904+0000] {dag.py:3211} INFO - Sync 1 DAGs
[2026-08-08T18:08:51.950+0000] {logging_mixin.py:190} INFO - [2026-08-08T18:08:51.949+0000] {dag.py:4138} INFO - Setting next_dagrun for example_local_kubernetes_executor to None, run_after=None
[2026-08-08T18:08:52.005+0000] {processor.py:208} INFO - Processing /home/airflow/.local/lib/python3.12/site-packages/airflow/example_dags/example_local_kubernetes_executor.py took 0.228 seconds
[2026-08-08T18:09:22.140+0000] {processor.py:186} INFO - Started process (PID=867) to work on /home/airflow/.local/lib/python3.12/site-packages/airflow/example_dags/example_local_kubernetes_executor.py
[2026-08-08T18:09:22.141+0000] {processor.py:914} INFO - Processing file /home/airflow/.local/lib/python3.12/site-packages/airflow/example_dags/example_local_kubernetes_executor.py for tasks to queue
[2026-08-08T18:09:22.145+0000] {logging_mixin.py:190} INFO - [2026-08-08T18:09:22.145+0000] {dagbag.py:587} INFO - Filling up the DagBag from /home/airflow/.local/lib/python3.12/site-packages/airflow/example_dags/example_local_kubernetes_executor.py
[2026-08-08T18:09:22.163+0000] {processor.py:925} INFO - DAG(s) 'example_local_kubernetes_executor' retrieved from /home/airflow/.local/lib/python3.12/site-packages/airflow/example_dags/example_local_kubernetes_executor.py
[2026-08-08T18:09:22.219+0000] {logging_mixin.py:190} INFO - [2026-08-08T18:09:22.218+0000] {dag.py:3211} INFO - Sync 1 DAGs
[2026-08-08T18:09:22.244+0000] {logging_mixin.py:190} INFO - [2026-08-08T18:09:22.244+0000] {dag.py:4138} INFO - Setting next_dagrun for example_local_kubernetes_executor to None, run_after=None
[2026-08-08T18:09:22.282+0000] {processor.py:208} INFO - Processing /home/airflow/.local/lib/python3.12/site-packages/airflow/example_dags/example_local_kubernetes_executor.py took 0.152 seconds
[2026-08-08T18:09:52.525+0000] {processor.py:186} INFO - Started process (PID=930) to work on /home/airflow/.local/lib/python3.12/site-packages/airflow/example_dags/example_local_kubernetes_executor.py
[2026-08-08T18:09:52.526+0000] {processor.py:914} INFO - Processing file /home/airflow/.local/lib/python3.12/site-packages/airflow/example_dags/example_local_kubernetes_executor.py for tasks to queue
[2026-08-08T18:09:52.532+0000] {logging_mixin.py:190} INFO - [2026-08-08T18:09:52.531+0000] {dagbag.py:587} INFO - Filling up the DagBag from /home/airflow/.local/lib/python3.12/site-packages/airflow/example_dags/example_local_kubernetes_executor.py
[2026-08-08T18:09:52.547+0000] {processor.py:925} INFO - DAG(s) 'example_local_kubernetes_executor' retrieved from /home/airflow/.local/lib/python3.12/site-packages/airflow/example_dags/example_local_kubernetes_executor.py
[2026-08-08T18:09:52.597+0000] {logging_mixin.py:190} INFO - [2026-08-08T18:09:52.597+0000] {dag.py:3211} INFO - Sync 1 DAGs
[2026-08-08T18:09:52.618+0000] {logging_mixin.py:190} INFO - [2026-08-08T18:09:52.617+0000] {dag.py:4138} INFO - Setting next_dagrun for example_local_kubernetes_executor to None, run_after=None
[2026-08-08T18:09:52.646+0000] {processor.py:208} INFO - Processing /home/airflow/.local/lib/python3.12/site-packages/airflow/example_dags/example_local_kubernetes_executor.py took 0.132 seconds
[2026-08-08T18:10:23.658+0000] {processor.py:186} INFO - Started process (PID=993) to work on /home/airflow/.local/lib/python3.12/site-packages/airflow/example_dags/example_local_kubernetes_executor.py
[2026-08-08T18:10:23.660+0000] {processor.py:914} INFO - Processing file /home/airflow/.local/lib/python3.12/site-packages/airflow/example_dags/example_local_kubernetes_executor.py for tasks to queue
[2026-08-08T18:10:23.664+0000] {logging_mixin.py:190} INFO - [2026-08-08T18:10:23.664+0000] {dagbag.py:587} INFO - Filling up the DagBag from /home/airflow/.local/lib/python3.12/site-packages/airflow/example_dags/example_local_kubernetes_executor.py
[2026-08-08T18:10:23.677+0000] {processor.py:925} INFO - DAG(s) 'example_local_kubernetes_executor' retrieved from /home/airflow/.local/lib/python3.12/site-packages/airflow/example_dags/example_local_kubernetes_executor.py
[2026-08-08T18:10:23.724+0000] {logging_mixin.py:190} INFO - [2026-08-08T18:10:23.723+0000] {dag.py:3211} INFO - Sync 1 DAGs
[2026-08-08T18:10:23.743+0000] {logging_mixin.py:190} INFO - [2026-08-08T18:10:23.743+0000] {dag.py:4138} INFO - Setting next_dagrun for example_local_kubernetes_executor to None, run_after=None
[2026-08-08T18:10:23.771+0000] {processor.py:208} INFO - Processing /home/airflow/.local/lib/python3.12/site-packages/airflow/example_dags/example_local_kubernetes_executor.py took 0.121 seconds
[2026-08-08T18:10:54.381+0000] {processor.py:186} INFO - Started process (PID=1056) to work on /home/airflow/.local/lib/python3.12/site-packages/airflow/example_dags/example_local_kubernetes_executor.py
[2026-08-08T18:10:54.383+0000] {processor.py:914} INFO - Processing file /home/airflow/.local/lib/python3.12/site-packages/airflow/example_dags/example_local_kubernetes_executor.py for tasks to queue
[2026-08-08T18:10:54.386+0000] {logging_mixin.py:190} INFO - [2026-08-08T18:10:54.386+0000] {dagbag.py:587} INFO - Filling up the DagBag from /home/airflow/.local/lib/python3.12/site-packages/airflow/example_dags/example_local_kubernetes_executor.py
[2026-08-08T18:10:54.398+0000] {processor.py:925} INFO - DAG(s) 'example_local_kubernetes_executor' retrieved from /home/airflow/.local/lib/python3.12/site-packages/airflow/example_dags/example_local_kubernetes_executor.py
[2026-08-08T18:10:54.436+0000] {logging_mixin.py:190} INFO - [2026-08-08T18:10:54.435+0000] {dag.py:3211} INFO - Sync 1 DAGs
[2026-08-08T18:10:54.448+0000] {logging_mixin.py:190} INFO - [2026-08-08T18:10:54.448+0000] {dag.py:4138} INFO - Setting next_dagrun for example_local_kubernetes_executor to None, run_after=None
[2026-08-08T18:10:54.467+0000] {processor.py:208} INFO - Processing /home/airflow/.local/lib/python3.12/site-packages/airflow/example_dags/example_local_kubernetes_executor.py took 0.091 seconds
[2026-08-08T18:11:24.868+0000] {processor.py:186} INFO - Started process (PID=1119) to work on /home/airflow/.local/lib/python3.12/site-packages/airflow/example_dags/example_local_kubernetes_executor.py
[2026-08-08T18:11:24.870+0000] {processor.py:914} INFO - Processing file /home/airflow/.local/lib/python3.12/site-packages/airflow/example_dags/example_local_kubernetes_executor.py for tasks to queue
[2026-08-08T18:11:24.872+0000] {logging_mixin.py:190} INFO - [2026-08-08T18:11:24.872+0000] {dagbag.py:587} INFO - Filling up the DagBag from /home/airflow/.local/lib/python3.12/site-packages/airflow/example_dags/example_local_kubernetes_executor.py
[2026-08-08T18:11:24.881+0000] {processor.py:925} INFO - DAG(s) 'example_local_kubernetes_executor' retrieved from /home/airflow/.local/lib/python3.12/site-packages/airflow/example_dags/example_local_kubernetes_executor.py
[2026-08-08T18:11:24.912+0000] {logging_mixin.py:190} INFO - [2026-08-08T18:11:24.912+0000] {dag.py:3211} INFO - Sync 1 DAGs
[2026-08-08T18:11:24.925+0000] {logging_mixin.py:190} INFO - [2026-08-08T18:11:24.925+0000] {dag.py:4138} INFO - Setting next_dagrun for example_local_kubernetes_executor to None, run_after=None
[2026-08-08T18:11:24.951+0000] {processor.py:208} INFO - Processing /home/airflow/.local/lib/python3.12/site-packages/airflow/example_dags/example_local_kubernetes_executor.py took 0.088 seconds
[2026-08-08T18:11:55.063+0000] {processor.py:186} INFO - Started process (PID=1182) to work on /home/airflow/.local/lib/python3.12/site-packages/airflow/example_dags/example_local_kubernetes_executor.py
[2026-08-08T18:11:55.064+0000] {processor.py:914} INFO - Processing file /home/airflow/.local/lib/python3.12/site-packages/airflow/example_dags/example_local_kubernetes_executor.py for tasks to queue
[2026-08-08T18:11:55.067+0000] {logging_mixin.py:190} INFO - [2026-08-08T18:11:55.067+0000] {dagbag.py:587} INFO - Filling up the DagBag from /home/airflow/.local/lib/python3.12/site-packages/airflow/example_dags/example_local_kubernetes_executor.py
[2026-08-08T18:11:55.079+0000] {processor.py:925} INFO - DAG(s) 'example_local_kubernetes_executor' retrieved from /home/airflow/.local/lib/python3.12/site-packages/airflow/example_dags/example_local_kubernetes_executor.py
[2026-08-08T18:11:55.126+0000] {logging_mixin.py:190} INFO - [2026-08-08T18:11:55.126+0000] {dag.py:3211} INFO - Sync 1 DAGs
[2026-08-08T18:11:55.145+0000] {logging_mixin.py:190} INFO - [2026-08-08T18:11:55.145+0000] {dag.py:4138} INFO - Setting next_dagrun for example_local_kubernetes_executor to None, run_after=None
[2026-08-08T18:11:55.171+0000] {processor.py:208} INFO - Processing /home/airflow/.local/lib/python3.12/site-packages/airflow/example_dags/example_local_kubernetes_executor.py took 0.118 seconds
[2026-08-08T18:13:09.279+0000] {processor.py:186} INFO - Started process (PID=117) to work on /home/airflow/.local/lib/python3.12/site-packages/airflow/example_dags/example_local_kubernetes_executor.py
[2026-08-08T18:13:09.282+0000] {processor.py:914} INFO - Processing file /home/airflow/.local/lib/python3.12/site-packages/airflow/example_dags/example_local_kubernetes_executor.py for tasks to queue
[2026-08-08T18:13:09.285+0000] {logging_mixin.py:190} INFO - [2026-08-08T18:13:09.285+0000] {dagbag.py:587} INFO - Filling up the DagBag from /home/airflow/.local/lib/python3.12/site-packages/airflow/example_dags/example_local_kubernetes_executor.py
[2026-08-08T18:13:09.296+0000] {processor.py:925} INFO - DAG(s) 'example_local_kubernetes_executor' retrieved from /home/airflow/.local/lib/python3.12/site-packages/airflow/example_dags/example_local_kubernetes_executor.py
[2026-08-08T18:13:09.352+0000] {logging_mixin.py:190} INFO - [2026-08-08T18:13:09.351+0000] {dag.py:3211} INFO - Sync 1 DAGs
[2026-08-08T18:13:09.372+0000] {logging_mixin.py:190} INFO - [2026-08-08T18:13:09.372+0000] {dag.py:4138} INFO - Setting next_dagrun for example_local_kubernetes_executor to None, run_after=None
[2026-08-08T18:13:09.418+0000] {processor.py:208} INFO - Processing /home/airflow/.local/lib/python3.12/site-packages/airflow/example_dags/example_local_kubernetes_executor.py took 0.145 seconds
[2026-08-08T18:13:40.283+0000] {processor.py:186} INFO - Started process (PID=180) to work on /home/airflow/.local/lib/python3.12/site-packages/airflow/example_dags/example_local_kubernetes_executor.py
[2026-08-08T18:13:40.285+0000] {processor.py:914} INFO - Processing file /home/airflow/.local/lib/python3.12/site-packages/airflow/example_dags/example_local_kubernetes_executor.py for tasks to queue
[2026-08-08T18:13:40.287+0000] {logging_mixin.py:190} INFO - [2026-08-08T18:13:40.287+0000] {dagbag.py:587} INFO - Filling up the DagBag from /home/airflow/.local/lib/python3.12/site-packages/airflow/example_dags/example_local_kubernetes_executor.py
[2026-08-08T18:13:40.297+0000] {processor.py:925} INFO - DAG(s) 'example_local_kubernetes_executor' retrieved from /home/airflow/.local/lib/python3.12/site-packages/airflow/example_dags/example_local_kubernetes_executor.py
[2026-08-08T18:13:40.328+0000] {logging_mixin.py:190} INFO - [2026-08-08T18:13:40.328+0000] {dag.py:3211} INFO - Sync 1 DAGs
[2026-08-08T18:13:40.342+0000] {logging_mixin.py:190} INFO - [2026-08-08T18:13:40.341+0000] {dag.py:4138} INFO - Setting next_dagrun for example_local_kubernetes_executor to None, run_after=None
[2026-08-08T18:13:40.362+0000] {processor.py:208} INFO - Processing /home/airflow/.local/lib/python3.12/site-packages/airflow/example_dags/example_local_kubernetes_executor.py took 0.085 seconds
[2026-08-08T18:14:10.756+0000] {processor.py:186} INFO - Started process (PID=243) to work on /home/airflow/.local/lib/python3.12/site-packages/airflow/example_dags/example_local_kubernetes_executor.py
[2026-08-08T18:14:10.757+0000] {processor.py:914} INFO - Processing file /home/airflow/.local/lib/python3.12/site-packages/airflow/example_dags/example_local_kubernetes_executor.py for tasks to queue
[2026-08-08T18:14:10.760+0000] {logging_mixin.py:190} INFO - [2026-08-08T18:14:10.759+0000] {dagbag.py:587} INFO - Filling up the DagBag from /home/airflow/.local/lib/python3.12/site-packages/airflow/example_dags/example_local_kubernetes_executor.py
[2026-08-08T18:14:10.768+0000] {processor.py:925} INFO - DAG(s) 'example_local_kubernetes_executor' retrieved from /home/airflow/.local/lib/python3.12/site-packages/airflow/example_dags/example_local_kubernetes_executor.py
[2026-08-08T18:14:10.801+0000] {logging_mixin.py:190} INFO - [2026-08-08T18:14:10.801+0000] {dag.py:3211} INFO - Sync 1 DAGs
[2026-08-08T18:14:10.815+0000] {logging_mixin.py:190} INFO - [2026-08-08T18:14:10.814+0000] {dag.py:4138} INFO - Setting next_dagrun for example_local_kubernetes_executor to None, run_after=None
[2026-08-08T18:14:10.838+0000] {processor.py:208} INFO - Processing /home/airflow/.local/lib/python3.12/site-packages/airflow/example_dags/example_local_kubernetes_executor.py took 0.088 seconds
[2026-08-08T18:14:40.973+0000] {processor.py:186} INFO - Started process (PID=306) to work on /home/airflow/.local/lib/python3.12/site-packages/airflow/example_dags/example_local_kubernetes_executor.py
[2026-08-08T18:14:40.974+0000] {processor.py:914} INFO - Processing file /home/airflow/.local/lib/python3.12/site-packages/airflow/example_dags/example_local_kubernetes_executor.py for tasks to queue
[2026-08-08T18:14:40.977+0000] {logging_mixin.py:190} INFO - [2026-08-08T18:14:40.976+0000] {dagbag.py:587} INFO - Filling up the DagBag from /home/airflow/.local/lib/python3.12/site-packages/airflow/example_dags/example_local_kubernetes_executor.py
[2026-08-08T18:14:40.986+0000] {processor.py:925} INFO - DAG(s) 'example_local_kubernetes_executor' retrieved from /home/airflow/.local/lib/python3.12/site-packages/airflow/example_dags/example_local_kubernetes_executor.py
[2026-08-08T18:14:41.017+0000] {logging_mixin.py:190} INFO - [2026-08-08T18:14:41.016+0000] {dag.py:3211} INFO - Sync 1 DAGs
[2026-08-08T18:14:41.029+0000] {logging_mixin.py:190} INFO - [2026-08-08T18:14:41.029+0000] {dag.py:4138} INFO - Setting next_dagrun for example_local_kubernetes_executor to None, run_after=None
[2026-08-08T18:14:41.049+0000] {processor.py:208} INFO - Processing /home/airflow/.local/lib/python3.12/site-packages/airflow/example_dags/example_local_kubernetes_executor.py took 0.080 seconds
[2026-08-08T18:15:12.491+0000] {processor.py:186} INFO - Started process (PID=369) to work on /home/airflow/.local/lib/python3.12/site-packages/airflow/example_dags/example_local_kubernetes_executor.py
[2026-08-08T18:15:12.494+0000] {processor.py:914} INFO - Processing file /home/airflow/.local/lib/python3.12/site-packages/airflow/example_dags/example_local_kubernetes_executor.py for tasks to queue
[2026-08-08T18:15:12.497+0000] {logging_mixin.py:190} INFO - [2026-08-08T18:15:12.496+0000] {dagbag.py:587} INFO - Filling up the DagBag from /home/airflow/.local/lib/python3.12/site-packages/airflow/example_dags/example_local_kubernetes_executor.py
[2026-08-08T18:15:12.509+0000] {processor.py:925} INFO - DAG(s) 'example_local_kubernetes_executor' retrieved from /home/airflow/.local/lib/python3.12/site-packages/airflow/example_dags/example_local_kubernetes_executor.py
[2026-08-08T18:15:12.548+0000] {logging_mixin.py:190} INFO - [2026-08-08T18:15:12.548+0000] {dag.py:3211} INFO - Sync 1 DAGs
[2026-08-08T18:15:12.568+0000] {logging_mixin.py:190} INFO - [2026-08-08T18:15:12.568+0000] {dag.py:4138} INFO - Setting next_dagrun for example_local_kubernetes_executor to None, run_after=None
[2026-08-08T18:15:12.593+0000] {processor.py:208} INFO - Processing /home/airflow/.local/lib/python3.12/site-packages/airflow/example_dags/example_local_kubernetes_executor.py took 0.110 seconds
[2026-08-08T18:15:43.371+0000] {processor.py:186} INFO - Started process (PID=432) to work on /home/airflow/.local/lib/python3.12/site-packages/airflow/example_dags/example_local_kubernetes_executor.py
[2026-08-08T18:15:43.373+0000] {processor.py:914} INFO - Processing file /home/airflow/.local/lib/python3.12/site-packages/airflow/example_dags/example_local_kubernetes_executor.py for tasks to queue
[2026-08-08T18:15:43.377+0000] {logging_mixin.py:190} INFO - [2026-08-08T18:15:43.377+0000] {dagbag.py:587} INFO - Filling up the DagBag from /home/airflow/.local/lib/python3.12/site-packages/airflow/example_dags/example_local_kubernetes_executor.py
[2026-08-08T18:15:43.393+0000] {processor.py:925} INFO - DAG(s) 'example_local_kubernetes_executor' retrieved from /home/airflow/.local/lib/python3.12/site-packages/airflow/example_dags/example_local_kubernetes_executor.py
[2026-08-08T18:15:43.439+0000] {logging_mixin.py:190} INFO - [2026-08-08T18:15:43.439+0000] {dag.py:3211} INFO - Sync 1 DAGs
[2026-08-08T18:15:43.458+0000] {logging_mixin.py:190} INFO - [2026-08-08T18:15:43.458+0000] {dag.py:4138} INFO - Setting next_dagrun for example_local_kubernetes_executor to None, run_after=None
[2026-08-08T18:15:43.484+0000] {processor.py:208} INFO - Processing /home/airflow/.local/lib/python3.12/site-packages/airflow/example_dags/example_local_kubernetes_executor.py took 0.124 seconds
[2026-08-08T18:17:14.099+0000] {processor.py:186} INFO - Started process (PID=130) to work on /home/airflow/.local/lib/python3.12/site-packages/airflow/example_dags/example_local_kubernetes_executor.py
[2026-08-08T18:17:14.100+0000] {processor.py:914} INFO - Processing file /home/airflow/.local/lib/python3.12/site-packages/airflow/example_dags/example_local_kubernetes_executor.py for tasks to queue
[2026-08-08T18:17:14.104+0000] {logging_mixin.py:190} INFO - [2026-08-08T18:17:14.103+0000] {dagbag.py:587} INFO - Filling up the DagBag from /home/airflow/.local/lib/python3.12/site-packages/airflow/example_dags/example_local_kubernetes_executor.py
[2026-08-08T18:17:14.118+0000] {processor.py:925} INFO - DAG(s) 'example_local_kubernetes_executor' retrieved from /home/airflow/.local/lib/python3.12/site-packages/airflow/example_dags/example_local_kubernetes_executor.py
[2026-08-08T18:17:14.165+0000] {logging_mixin.py:190} INFO - [2026-08-08T18:17:14.165+0000] {dag.py:3211} INFO - Sync 1 DAGs
[2026-08-08T18:17:14.184+0000] {logging_mixin.py:190} INFO - [2026-08-08T18:17:14.183+0000] {dag.py:4138} INFO - Setting next_dagrun for example_local_kubernetes_executor to None, run_after=None
[2026-08-08T18:17:14.217+0000] {processor.py:208} INFO - Processing /home/airflow/.local/lib/python3.12/site-packages/airflow/example_dags/example_local_kubernetes_executor.py took 0.126 seconds
[2026-08-08T18:17:44.604+0000] {processor.py:186} INFO - Started process (PID=193) to work on /home/airflow/.local/lib/python3.12/site-packages/airflow/example_dags/example_local_kubernetes_executor.py
[2026-08-08T18:17:44.606+0000] {processor.py:914} INFO - Processing file /home/airflow/.local/lib/python3.12/site-packages/airflow/example_dags/example_local_kubernetes_executor.py for tasks to queue
[2026-08-08T18:17:44.608+0000] {logging_mixin.py:190} INFO - [2026-08-08T18:17:44.608+0000] {dagbag.py:587} INFO - Filling up the DagBag from /home/airflow/.local/lib/python3.12/site-packages/airflow/example_dags/example_local_kubernetes_executor.py
[2026-08-08T18:17:44.618+0000] {processor.py:925} INFO - DAG(s) 'example_local_kubernetes_executor' retrieved from /home/airflow/.local/lib/python3.12/site-packages/airflow/example_dags/example_local_kubernetes_executor.py
[2026-08-08T18:17:44.658+0000] {logging_mixin.py:190} INFO - [2026-08-08T18:17:44.657+0000] {dag.py:3211} INFO - Sync 1 DAGs
[2026-08-08T18:17:44.684+0000] {logging_mixin.py:190} INFO - [2026-08-08T18:17:44.683+0000] {dag.py:4138} INFO - Setting next_dagrun for example_local_kubernetes_executor to None, run_after=None
[2026-08-08T18:17:44.719+0000] {processor.py:208} INFO - Processing /home/airflow/.local/lib/python3.12/site-packages/airflow/example_dags/example_local_kubernetes_executor.py took 0.121 seconds
[2026-08-08T18:18:15.250+0000] {processor.py:186} INFO - Started process (PID=256) to work on /home/airflow/.local/lib/python3.12/site-packages/airflow/example_dags/example_local_kubernetes_executor.py
[2026-08-08T18:18:15.253+0000] {processor.py:914} INFO - Processing file /home/airflow/.local/lib/python3.12/site-packages/airflow/example_dags/example_local_kubernetes_executor.py for tasks to queue
[2026-08-08T18:18:15.256+0000] {logging_mixin.py:190} INFO - [2026-08-08T18:18:15.256+0000] {dagbag.py:587} INFO - Filling up the DagBag from /home/airflow/.local/lib/python3.12/site-packages/airflow/example_dags/example_local_kubernetes_executor.py
[2026-08-08T18:18:15.266+0000] {processor.py:925} INFO - DAG(s) 'example_local_kubernetes_executor' retrieved from /home/airflow/.local/lib/python3.12/site-packages/airflow/example_dags/example_local_kubernetes_executor.py
[2026-08-08T18:18:15.298+0000] {logging_mixin.py:190} INFO - [2026-08-08T18:18:15.298+0000] {dag.py:3211} INFO - Sync 1 DAGs
[2026-08-08T18:18:15.314+0000] {logging_mixin.py:190} INFO - [2026-08-08T18:18:15.314+0000] {dag.py:4138} INFO - Setting next_dagrun for example_local_kubernetes_executor to None, run_after=None
[2026-08-08T18:18:15.334+0000] {processor.py:208} INFO - Processing /home/airflow/.local/lib/python3.12/site-packages/airflow/example_dags/example_local_kubernetes_executor.py took 0.089 seconds
[2026-08-08T18:18:45.861+0000] {processor.py:186} INFO - Started process (PID=319) to work on /home/airflow/.local/lib/python3.12/site-packages/airflow/example_dags/example_local_kubernetes_executor.py
[2026-08-08T18:18:45.862+0000] {processor.py:914} INFO - Processing file /home/airflow/.local/lib/python3.12/site-packages/airflow/example_dags/example_local_kubernetes_executor.py for tasks to queue
[2026-08-08T18:18:45.866+0000] {logging_mixin.py:190} INFO - [2026-08-08T18:18:45.865+0000] {dagbag.py:587} INFO - Filling up the DagBag from /home/airflow/.local/lib/python3.12/site-packages/airflow/example_dags/example_local_kubernetes_executor.py
[2026-08-08T18:18:45.878+0000] {processor.py:925} INFO - DAG(s) 'example_local_kubernetes_executor' retrieved from /home/airflow/.local/lib/python3.12/site-packages/airflow/example_dags/example_local_kubernetes_executor.py
[2026-08-08T18:18:45.911+0000] {logging_mixin.py:190} INFO - [2026-08-08T18:18:45.911+0000] {dag.py:3211} INFO - Sync 1 DAGs
[2026-08-08T18:18:45.924+0000] {logging_mixin.py:190} INFO - [2026-08-08T18:18:45.924+0000] {dag.py:4138} INFO - Setting next_dagrun for example_local_kubernetes_executor to None, run_after=None
[2026-08-08T18:18:45.945+0000] {processor.py:208} INFO - Processing /home/airflow/.local/lib/python3.12/site-packages/airflow/example_dags/example_local_kubernetes_executor.py took 0.092 seconds
[2026-08-08T18:19:16.374+0000] {processor.py:186} INFO - Started process (PID=382) to work on /home/airflow/.local/lib/python3.12/site-packages/airflow/example_dags/example_local_kubernetes_executor.py
[2026-08-08T18:19:16.375+0000] {processor.py:914} INFO - Processing file /home/airflow/.local/lib/python3.12/site-packages/airflow/example_dags/example_local_kubernetes_executor.py for tasks to queue
[2026-08-08T18:19:16.378+0000] {logging_mixin.py:190} INFO - [2026-08-08T18:19:16.378+0000] {dagbag.py:587} INFO - Filling up the DagBag from /home/airflow/.local/lib/python3.12/site-packages/airflow/example_dags/example_local_kubernetes_executor.py
[2026-08-08T18:19:16.392+0000] {processor.py:925} INFO - DAG(s) 'example_local_kubernetes_executor' retrieved from /home/airflow/.local/lib/python3.12/site-packages/airflow/example_dags/example_local_kubernetes_executor.py
[2026-08-08T18:19:16.438+0000] {logging_mixin.py:190} INFO - [2026-08-08T18:19:16.437+0000] {dag.py:3211} INFO - Sync 1 DAGs
[2026-08-08T18:19:16.455+0000] {logging_mixin.py:190} INFO - [2026-08-08T18:19:16.455+0000] {dag.py:4138} INFO - Setting next_dagrun for example_local_kubernetes_executor to None, run_after=None
[2026-08-08T18:19:16.485+0000] {processor.py:208} INFO - Processing /home/airflow/.local/lib/python3.12/site-packages/airflow/example_dags/example_local_kubernetes_executor.py took 0.118 seconds
[2026-08-08T18:24:04.019+0000] {processor.py:186} INFO - Started process (PID=445) to work on /home/airflow/.local/lib/python3.12/site-packages/airflow/example_dags/example_local_kubernetes_executor.py
[2026-08-08T18:24:04.025+0000] {processor.py:914} INFO - Processing file /home/airflow/.local/lib/python3.12/site-packages/airflow/example_dags/example_local_kubernetes_executor.py for tasks to queue
[2026-08-08T18:24:04.028+0000] {logging_mixin.py:190} INFO - [2026-08-08T18:24:04.027+0000] {dagbag.py:587} INFO - Filling up the DagBag from /home/airflow/.local/lib/python3.12/site-packages/airflow/example_dags/example_local_kubernetes_executor.py
[2026-08-08T18:24:04.036+0000] {processor.py:925} INFO - DAG(s) 'example_local_kubernetes_executor' retrieved from /home/airflow/.local/lib/python3.12/site-packages/airflow/example_dags/example_local_kubernetes_executor.py
[2026-08-08T18:24:04.061+0000] {logging_mixin.py:190} INFO - [2026-08-08T18:24:04.061+0000] {dag.py:3211} INFO - Sync 1 DAGs
[2026-08-08T18:24:04.071+0000] {logging_mixin.py:190} INFO - [2026-08-08T18:24:04.071+0000] {dag.py:4138} INFO - Setting next_dagrun for example_local_kubernetes_executor to None, run_after=None
[2026-08-08T18:24:04.099+0000] {processor.py:208} INFO - Processing /home/airflow/.local/lib/python3.12/site-packages/airflow/example_dags/example_local_kubernetes_executor.py took 0.086 seconds
[2026-08-08T18:24:34.544+0000] {processor.py:186} INFO - Started process (PID=508) to work on /home/airflow/.local/lib/python3.12/site-packages/airflow/example_dags/example_local_kubernetes_executor.py
[2026-08-08T18:24:34.545+0000] {processor.py:914} INFO - Processing file /home/airflow/.local/lib/python3.12/site-packages/airflow/example_dags/example_local_kubernetes_executor.py for tasks to queue
[2026-08-08T18:24:34.550+0000] {logging_mixin.py:190} INFO - [2026-08-08T18:24:34.549+0000] {dagbag.py:587} INFO - Filling up the DagBag from /home/airflow/.local/lib/python3.12/site-packages/airflow/example_dags/example_local_kubernetes_executor.py
[2026-08-08T18:24:34.567+0000] {processor.py:925} INFO - DAG(s) 'example_local_kubernetes_executor' retrieved from /home/airflow/.local/lib/python3.12/site-packages/airflow/example_dags/example_local_kubernetes_executor.py
[2026-08-08T18:24:34.618+0000] {logging_mixin.py:190} INFO - [2026-08-08T18:24:34.618+0000] {dag.py:3211} INFO - Sync 1 DAGs
[2026-08-08T18:24:34.641+0000] {logging_mixin.py:190} INFO - [2026-08-08T18:24:34.640+0000] {dag.py:4138} INFO - Setting next_dagrun for example_local_kubernetes_executor to None, run_after=None
[2026-08-08T18:24:34.675+0000] {processor.py:208} INFO - Processing /home/airflow/.local/lib/python3.12/site-packages/airflow/example_dags/example_local_kubernetes_executor.py took 0.140 seconds
[2026-08-08T18:25:05.005+0000] {processor.py:186} INFO - Started process (PID=571) to work on /home/airflow/.local/lib/python3.12/site-packages/airflow/example_dags/example_local_kubernetes_executor.py
[2026-08-08T18:25:05.007+0000] {processor.py:914} INFO - Processing file /home/airflow/.local/lib/python3.12/site-packages/airflow/example_dags/example_local_kubernetes_executor.py for tasks to queue
[2026-08-08T18:25:05.011+0000] {logging_mixin.py:190} INFO - [2026-08-08T18:25:05.010+0000] {dagbag.py:587} INFO - Filling up the DagBag from /home/airflow/.local/lib/python3.12/site-packages/airflow/example_dags/example_local_kubernetes_executor.py
[2026-08-08T18:25:05.025+0000] {processor.py:925} INFO - DAG(s) 'example_local_kubernetes_executor' retrieved from /home/airflow/.local/lib/python3.12/site-packages/airflow/example_dags/example_local_kubernetes_executor.py
[2026-08-08T18:25:05.074+0000] {logging_mixin.py:190} INFO - [2026-08-08T18:25:05.073+0000] {dag.py:3211} INFO - Sync 1 DAGs
[2026-08-08T18:25:05.094+0000] {logging_mixin.py:190} INFO - [2026-08-08T18:25:05.094+0000] {dag.py:4138} INFO - Setting next_dagrun for example_local_kubernetes_executor to None, run_after=None
[2026-08-08T18:25:05.126+0000] {processor.py:208} INFO - Processing /home/airflow/.local/lib/python3.12/site-packages/airflow/example_dags/example_local_kubernetes_executor.py took 0.131 seconds
[2026-08-08T18:25:35.194+0000] {processor.py:186} INFO - Started process (PID=633) to work on /home/airflow/.local/lib/python3.12/site-packages/airflow/example_dags/example_local_kubernetes_executor.py
[2026-08-08T18:25:35.195+0000] {processor.py:914} INFO - Processing file /home/airflow/.local/lib/python3.12/site-packages/airflow/example_dags/example_local_kubernetes_executor.py for tasks to queue
[2026-08-08T18:25:35.199+0000] {logging_mixin.py:190} INFO - [2026-08-08T18:25:35.199+0000] {dagbag.py:587} INFO - Filling up the DagBag from /home/airflow/.local/lib/python3.12/site-packages/airflow/example_dags/example_local_kubernetes_executor.py
[2026-08-08T18:25:35.212+0000] {processor.py:925} INFO - DAG(s) 'example_local_kubernetes_executor' retrieved from /home/airflow/.local/lib/python3.12/site-packages/airflow/example_dags/example_local_kubernetes_executor.py
[2026-08-08T18:25:35.254+0000] {logging_mixin.py:190} INFO - [2026-08-08T18:25:35.253+0000] {dag.py:3211} INFO - Sync 1 DAGs
[2026-08-08T18:25:35.268+0000] {logging_mixin.py:190} INFO - [2026-08-08T18:25:35.267+0000] {dag.py:4138} INFO - Setting next_dagrun for example_local_kubernetes_executor to None, run_after=None
[2026-08-08T18:25:35.293+0000] {processor.py:208} INFO - Processing /home/airflow/.local/lib/python3.12/site-packages/airflow/example_dags/example_local_kubernetes_executor.py took 0.106 seconds
[2026-08-08T18:26:05.993+0000] {processor.py:186} INFO - Started process (PID=697) to work on /home/airflow/.local/lib/python3.12/site-packages/airflow/example_dags/example_local_kubernetes_executor.py
[2026-08-08T18:26:05.994+0000] {processor.py:914} INFO - Processing file /home/airflow/.local/lib/python3.12/site-packages/airflow/example_dags/example_local_kubernetes_executor.py for tasks to queue
[2026-08-08T18:26:05.997+0000] {logging_mixin.py:190} INFO - [2026-08-08T18:26:05.996+0000] {dagbag.py:587} INFO - Filling up the DagBag from /home/airflow/.local/lib/python3.12/site-packages/airflow/example_dags/example_local_kubernetes_executor.py
[2026-08-08T18:26:06.008+0000] {processor.py:925} INFO - DAG(s) 'example_local_kubernetes_executor' retrieved from /home/airflow/.local/lib/python3.12/site-packages/airflow/example_dags/example_local_kubernetes_executor.py
[2026-08-08T18:26:06.042+0000] {logging_mixin.py:190} INFO - [2026-08-08T18:26:06.042+0000] {dag.py:3211} INFO - Sync 1 DAGs
[2026-08-08T18:26:06.055+0000] {logging_mixin.py:190} INFO - [2026-08-08T18:26:06.054+0000] {dag.py:4138} INFO - Setting next_dagrun for example_local_kubernetes_executor to None, run_after=None
[2026-08-08T18:26:06.070+0000] {processor.py:208} INFO - Processing /home/airflow/.local/lib/python3.12/site-packages/airflow/example_dags/example_local_kubernetes_executor.py took 0.083 seconds
[2026-08-08T18:26:36.779+0000] {processor.py:186} INFO - Started process (PID=761) to work on /home/airflow/.local/lib/python3.12/site-packages/airflow/example_dags/example_local_kubernetes_executor.py
[2026-08-08T18:26:36.780+0000] {processor.py:914} INFO - Processing file /home/airflow/.local/lib/python3.12/site-packages/airflow/example_dags/example_local_kubernetes_executor.py for tasks to queue
[2026-08-08T18:26:36.783+0000] {logging_mixin.py:190} INFO - [2026-08-08T18:26:36.782+0000] {dagbag.py:587} INFO - Filling up the DagBag from /home/airflow/.local/lib/python3.12/site-packages/airflow/example_dags/example_local_kubernetes_executor.py
[2026-08-08T18:26:36.793+0000] {processor.py:925} INFO - DAG(s) 'example_local_kubernetes_executor' retrieved from /home/airflow/.local/lib/python3.12/site-packages/airflow/example_dags/example_local_kubernetes_executor.py
[2026-08-08T18:26:36.826+0000] {logging_mixin.py:190} INFO - [2026-08-08T18:26:36.826+0000] {dag.py:3211} INFO - Sync 1 DAGs
[2026-08-08T18:26:36.839+0000] {logging_mixin.py:190} INFO - [2026-08-08T18:26:36.839+0000] {dag.py:4138} INFO - Setting next_dagrun for example_local_kubernetes_executor to None, run_after=None
[2026-08-08T18:26:36.860+0000] {processor.py:208} INFO - Processing /home/airflow/.local/lib/python3.12/site-packages/airflow/example_dags/example_local_kubernetes_executor.py took 0.087 seconds
