[2026-08-08T17:25:02.092+0000] {processor.py:186} INFO - Started process (PID=83) to work on /home/airflow/.local/lib/python3.12/site-packages/airflow/example_dags/example_dynamic_task_mapping.py
[2026-08-08T17:25:02.095+0000] {processor.py:914} INFO - Processing file /home/airflow/.local/lib/python3.12/site-packages/airflow/example_dags/example_dynamic_task_mapping.py for tasks to queue
[2026-08-08T17:25:02.102+0000] {logging_mixin.py:190} INFO - [2026-08-08T17:25:02.101+0000] {dagbag.py:587} INFO - Filling up the DagBag from /home/airflow/.local/lib/python3.12/site-packages/airflow/example_dags/example_dynamic_task_mapping.py
[2026-08-08T17:25:02.123+0000] {processor.py:925} INFO - DAG(s) 'example_dynamic_task_mapping' retrieved from /home/airflow/.local/lib/python3.12/site-packages/airflow/example_dags/example_dynamic_task_mapping.py
[2026-08-08T17:25:02.389+0000] {logging_mixin.py:190} INFO - [2026-08-08T17:25:02.388+0000] {override.py:1858} INFO - Created Permission View: can delete on DAG:example_dynamic_task_mapping
[2026-08-08T17:25:02.443+0000] {logging_mixin.py:190} INFO - [2026-08-08T17:25:02.442+0000] {override.py:1858} INFO - Created Permission View: can edit on DAG:example_dynamic_task_mapping
[2026-08-08T17:25:02.557+0000] {logging_mixin.py:190} INFO - [2026-08-08T17:25:02.557+0000] {override.py:1858} INFO - Created Permission View: can read on DAG:example_dynamic_task_mapping
[2026-08-08T17:25:02.558+0000] {logging_mixin.py:190} INFO - [2026-08-08T17:25:02.558+0000] {dag.py:3211} INFO - Sync 1 DAGs
[2026-08-08T17:25:02.570+0000] {logging_mixin.py:190} INFO - [2026-08-08T17:25:02.569+0000] {dag.py:3234} INFO - Creating ORM DAG for example_dynamic_task_mapping
[2026-08-08T17:25:02.579+0000] {logging_mixin.py:190} INFO - [2026-08-08T17:25:02.579+0000] {dag.py:4138} INFO - Setting next_dagrun for example_dynamic_task_mapping to 2022-03-04 00:00:00+00:00, run_after=2022-03-05 00:00:00+00:00
[2026-08-08T17:25:02.680+0000] {processor.py:208} INFO - Processing /home/airflow/.local/lib/python3.12/site-packages/airflow/example_dags/example_dynamic_task_mapping.py took 0.603 seconds
[2026-08-08T17:25:33.532+0000] {processor.py:186} INFO - Started process (PID=146) to work on /home/airflow/.local/lib/python3.12/site-packages/airflow/example_dags/example_dynamic_task_mapping.py
[2026-08-08T17:25:33.536+0000] {processor.py:914} INFO - Processing file /home/airflow/.local/lib/python3.12/site-packages/airflow/example_dags/example_dynamic_task_mapping.py for tasks to queue
[2026-08-08T17:25:33.539+0000] {logging_mixin.py:190} INFO - [2026-08-08T17:25:33.538+0000] {dagbag.py:587} INFO - Filling up the DagBag from /home/airflow/.local/lib/python3.12/site-packages/airflow/example_dags/example_dynamic_task_mapping.py
[2026-08-08T17:25:33.546+0000] {processor.py:925} INFO - DAG(s) 'example_dynamic_task_mapping' retrieved from /home/airflow/.local/lib/python3.12/site-packages/airflow/example_dags/example_dynamic_task_mapping.py
[2026-08-08T17:25:33.562+0000] {logging_mixin.py:190} INFO - [2026-08-08T17:25:33.562+0000] {dag.py:3211} INFO - Sync 1 DAGs
[2026-08-08T17:25:33.578+0000] {logging_mixin.py:190} INFO - [2026-08-08T17:25:33.578+0000] {dag.py:4138} INFO - Setting next_dagrun for example_dynamic_task_mapping to 2022-03-04 00:00:00+00:00, run_after=2022-03-05 00:00:00+00:00
[2026-08-08T17:25:33.595+0000] {processor.py:208} INFO - Processing /home/airflow/.local/lib/python3.12/site-packages/airflow/example_dags/example_dynamic_task_mapping.py took 0.067 seconds
[2026-08-08T17:26:04.005+0000] {processor.py:186} INFO - Started process (PID=209) to work on /home/airflow/.local/lib/python3.12/site-packages/airflow/example_dags/example_dynamic_task_mapping.py
[2026-08-08T17:26:04.007+0000] {processor.py:914} INFO - Processing file /home/airflow/.local/lib/python3.12/site-packages/airflow/example_dags/example_dynamic_task_mapping.py for tasks to queue
[2026-08-08T17:26:04.010+0000] {logging_mixin.py:190} INFO - [2026-08-08T17:26:04.009+0000] {dagbag.py:587} INFO - Filling up the DagBag from /home/airflow/.local/lib/python3.12/site-packages/airflow/example_dags/example_dynamic_task_mapping.py
[2026-08-08T17:26:04.018+0000] {processor.py:925} INFO - DAG(s) 'example_dynamic_task_mapping' retrieved from /home/airflow/.local/lib/python3.12/site-packages/airflow/example_dags/example_dynamic_task_mapping.py
[2026-08-08T17:26:04.037+0000] {logging_mixin.py:190} INFO - [2026-08-08T17:26:04.036+0000] {dag.py:3211} INFO - Sync 1 DAGs
[2026-08-08T17:26:04.053+0000] {logging_mixin.py:190} INFO - [2026-08-08T17:26:04.053+0000] {dag.py:4138} INFO - Setting next_dagrun for example_dynamic_task_mapping to 2022-03-04 00:00:00+00:00, run_after=2022-03-05 00:00:00+00:00
[2026-08-08T17:26:04.070+0000] {processor.py:208} INFO - Processing /home/airflow/.local/lib/python3.12/site-packages/airflow/example_dags/example_dynamic_task_mapping.py took 0.070 seconds
[2026-08-08T17:26:34.975+0000] {processor.py:186} INFO - Started process (PID=272) to work on /home/airflow/.local/lib/python3.12/site-packages/airflow/example_dags/example_dynamic_task_mapping.py
[2026-08-08T17:26:34.977+0000] {processor.py:914} INFO - Processing file /home/airflow/.local/lib/python3.12/site-packages/airflow/example_dags/example_dynamic_task_mapping.py for tasks to queue
[2026-08-08T17:26:34.981+0000] {logging_mixin.py:190} INFO - [2026-08-08T17:26:34.980+0000] {dagbag.py:587} INFO - Filling up the DagBag from /home/airflow/.local/lib/python3.12/site-packages/airflow/example_dags/example_dynamic_task_mapping.py
[2026-08-08T17:26:34.995+0000] {processor.py:925} INFO - DAG(s) 'example_dynamic_task_mapping' retrieved from /home/airflow/.local/lib/python3.12/site-packages/airflow/example_dags/example_dynamic_task_mapping.py
[2026-08-08T17:26:35.029+0000] {logging_mixin.py:190} INFO - [2026-08-08T17:26:35.029+0000] {dag.py:3211} INFO - Sync 1 DAGs
[2026-08-08T17:26:35.060+0000] {logging_mixin.py:190} INFO - [2026-08-08T17:26:35.060+0000] {dag.py:4138} INFO - Setting next_dagrun for example_dynamic_task_mapping to 2022-03-04 00:00:00+00:00, run_after=2022-03-05 00:00:00+00:00
[2026-08-08T17:26:35.086+0000] {processor.py:208} INFO - Processing /home/airflow/.local/lib/python3.12/site-packages/airflow/example_dags/example_dynamic_task_mapping.py took 0.123 seconds
[2026-08-08T17:27:05.185+0000] {processor.py:186} INFO - Started process (PID=335) to work on /home/airflow/.local/lib/python3.12/site-packages/airflow/example_dags/example_dynamic_task_mapping.py
[2026-08-08T17:27:05.187+0000] {processor.py:914} INFO - Processing file /home/airflow/.local/lib/python3.12/site-packages/airflow/example_dags/example_dynamic_task_mapping.py for tasks to queue
[2026-08-08T17:27:05.189+0000] {logging_mixin.py:190} INFO - [2026-08-08T17:27:05.189+0000] {dagbag.py:587} INFO - Filling up the DagBag from /home/airflow/.local/lib/python3.12/site-packages/airflow/example_dags/example_dynamic_task_mapping.py
[2026-08-08T17:27:05.198+0000] {processor.py:925} INFO - DAG(s) 'example_dynamic_task_mapping' retrieved from /home/airflow/.local/lib/python3.12/site-packages/airflow/example_dags/example_dynamic_task_mapping.py
[2026-08-08T17:27:05.218+0000] {logging_mixin.py:190} INFO - [2026-08-08T17:27:05.217+0000] {dag.py:3211} INFO - Sync 1 DAGs
[2026-08-08T17:27:05.238+0000] {logging_mixin.py:190} INFO - [2026-08-08T17:27:05.238+0000] {dag.py:4138} INFO - Setting next_dagrun for example_dynamic_task_mapping to 2022-03-04 00:00:00+00:00, run_after=2022-03-05 00:00:00+00:00
[2026-08-08T17:27:05.260+0000] {processor.py:208} INFO - Processing /home/airflow/.local/lib/python3.12/site-packages/airflow/example_dags/example_dynamic_task_mapping.py took 0.081 seconds
[2026-08-08T17:27:35.441+0000] {processor.py:186} INFO - Started process (PID=398) to work on /home/airflow/.local/lib/python3.12/site-packages/airflow/example_dags/example_dynamic_task_mapping.py
[2026-08-08T17:27:35.442+0000] {processor.py:914} INFO - Processing file /home/airflow/.local/lib/python3.12/site-packages/airflow/example_dags/example_dynamic_task_mapping.py for tasks to queue
[2026-08-08T17:27:35.445+0000] {logging_mixin.py:190} INFO - [2026-08-08T17:27:35.445+0000] {dagbag.py:587} INFO - Filling up the DagBag from /home/airflow/.local/lib/python3.12/site-packages/airflow/example_dags/example_dynamic_task_mapping.py
[2026-08-08T17:27:35.452+0000] {processor.py:925} INFO - DAG(s) 'example_dynamic_task_mapping' retrieved from /home/airflow/.local/lib/python3.12/site-packages/airflow/example_dags/example_dynamic_task_mapping.py
[2026-08-08T17:27:35.469+0000] {logging_mixin.py:190} INFO - [2026-08-08T17:27:35.469+0000] {dag.py:3211} INFO - Sync 1 DAGs
[2026-08-08T17:27:35.487+0000] {logging_mixin.py:190} INFO - [2026-08-08T17:27:35.487+0000] {dag.py:4138} INFO - Setting next_dagrun for example_dynamic_task_mapping to 2022-03-04 00:00:00+00:00, run_after=2022-03-05 00:00:00+00:00
[2026-08-08T17:27:35.503+0000] {processor.py:208} INFO - Processing /home/airflow/.local/lib/python3.12/site-packages/airflow/example_dags/example_dynamic_task_mapping.py took 0.067 seconds
[2026-08-08T17:28:05.731+0000] {processor.py:186} INFO - Started process (PID=461) to work on /home/airflow/.local/lib/python3.12/site-packages/airflow/example_dags/example_dynamic_task_mapping.py
[2026-08-08T17:28:05.733+0000] {processor.py:914} INFO - Processing file /home/airflow/.local/lib/python3.12/site-packages/airflow/example_dags/example_dynamic_task_mapping.py for tasks to queue
[2026-08-08T17:28:05.736+0000] {logging_mixin.py:190} INFO - [2026-08-08T17:28:05.735+0000] {dagbag.py:587} INFO - Filling up the DagBag from /home/airflow/.local/lib/python3.12/site-packages/airflow/example_dags/example_dynamic_task_mapping.py
[2026-08-08T17:28:05.747+0000] {processor.py:925} INFO - DAG(s) 'example_dynamic_task_mapping' retrieved from /home/airflow/.local/lib/python3.12/site-packages/airflow/example_dags/example_dynamic_task_mapping.py
[2026-08-08T17:28:05.767+0000] {logging_mixin.py:190} INFO - [2026-08-08T17:28:05.766+0000] {dag.py:3211} INFO - Sync 1 DAGs
[2026-08-08T17:28:05.788+0000] {logging_mixin.py:190} INFO - [2026-08-08T17:28:05.788+0000] {dag.py:4138} INFO - Setting next_dagrun for example_dynamic_task_mapping to 2022-03-04 00:00:00+00:00, run_after=2022-03-05 00:00:00+00:00
[2026-08-08T17:28:05.813+0000] {processor.py:208} INFO - Processing /home/airflow/.local/lib/python3.12/site-packages/airflow/example_dags/example_dynamic_task_mapping.py took 0.088 seconds
[2026-08-08T17:28:36.655+0000] {processor.py:186} INFO - Started process (PID=524) to work on /home/airflow/.local/lib/python3.12/site-packages/airflow/example_dags/example_dynamic_task_mapping.py
[2026-08-08T17:28:36.657+0000] {processor.py:914} INFO - Processing file /home/airflow/.local/lib/python3.12/site-packages/airflow/example_dags/example_dynamic_task_mapping.py for tasks to queue
[2026-08-08T17:28:36.659+0000] {logging_mixin.py:190} INFO - [2026-08-08T17:28:36.659+0000] {dagbag.py:587} INFO - Filling up the DagBag from /home/airflow/.local/lib/python3.12/site-packages/airflow/example_dags/example_dynamic_task_mapping.py
[2026-08-08T17:28:36.666+0000] {processor.py:925} INFO - DAG(s) 'example_dynamic_task_mapping' retrieved from /home/airflow/.local/lib/python3.12/site-packages/airflow/example_dags/example_dynamic_task_mapping.py
[2026-08-08T17:28:36.688+0000] {logging_mixin.py:190} INFO - [2026-08-08T17:28:36.688+0000] {dag.py:3211} INFO - Sync 1 DAGs
[2026-08-08T17:28:36.706+0000] {logging_mixin.py:190} INFO - [2026-08-08T17:28:36.706+0000] {dag.py:4138} INFO - Setting next_dagrun for example_dynamic_task_mapping to 2022-03-04 00:00:00+00:00, run_after=2022-03-05 00:00:00+00:00
[2026-08-08T17:28:36.723+0000] {processor.py:208} INFO - Processing /home/airflow/.local/lib/python3.12/site-packages/airflow/example_dags/example_dynamic_task_mapping.py took 0.072 seconds
[2026-08-08T17:29:06.782+0000] {processor.py:186} INFO - Started process (PID=587) to work on /home/airflow/.local/lib/python3.12/site-packages/airflow/example_dags/example_dynamic_task_mapping.py
[2026-08-08T17:29:06.784+0000] {processor.py:914} INFO - Processing file /home/airflow/.local/lib/python3.12/site-packages/airflow/example_dags/example_dynamic_task_mapping.py for tasks to queue
[2026-08-08T17:29:06.787+0000] {logging_mixin.py:190} INFO - [2026-08-08T17:29:06.787+0000] {dagbag.py:587} INFO - Filling up the DagBag from /home/airflow/.local/lib/python3.12/site-packages/airflow/example_dags/example_dynamic_task_mapping.py
[2026-08-08T17:29:06.801+0000] {processor.py:925} INFO - DAG(s) 'example_dynamic_task_mapping' retrieved from /home/airflow/.local/lib/python3.12/site-packages/airflow/example_dags/example_dynamic_task_mapping.py
[2026-08-08T17:29:06.843+0000] {logging_mixin.py:190} INFO - [2026-08-08T17:29:06.843+0000] {dag.py:3211} INFO - Sync 1 DAGs
[2026-08-08T17:29:06.874+0000] {logging_mixin.py:190} INFO - [2026-08-08T17:29:06.874+0000] {dag.py:4138} INFO - Setting next_dagrun for example_dynamic_task_mapping to 2022-03-04 00:00:00+00:00, run_after=2022-03-05 00:00:00+00:00
[2026-08-08T17:29:06.903+0000] {processor.py:208} INFO - Processing /home/airflow/.local/lib/python3.12/site-packages/airflow/example_dags/example_dynamic_task_mapping.py took 0.129 seconds
[2026-08-08T17:29:37.728+0000] {processor.py:186} INFO - Started process (PID=650) to work on /home/airflow/.local/lib/python3.12/site-packages/airflow/example_dags/example_dynamic_task_mapping.py
[2026-08-08T17:29:37.729+0000] {processor.py:914} INFO - Processing file /home/airflow/.local/lib/python3.12/site-packages/airflow/example_dags/example_dynamic_task_mapping.py for tasks to queue
[2026-08-08T17:29:37.732+0000] {logging_mixin.py:190} INFO - [2026-08-08T17:29:37.732+0000] {dagbag.py:587} INFO - Filling up the DagBag from /home/airflow/.local/lib/python3.12/site-packages/airflow/example_dags/example_dynamic_task_mapping.py
[2026-08-08T17:29:37.743+0000] {processor.py:925} INFO - DAG(s) 'example_dynamic_task_mapping' retrieved from /home/airflow/.local/lib/python3.12/site-packages/airflow/example_dags/example_dynamic_task_mapping.py
[2026-08-08T17:29:37.764+0000] {logging_mixin.py:190} INFO - [2026-08-08T17:29:37.763+0000] {dag.py:3211} INFO - Sync 1 DAGs
[2026-08-08T17:29:37.790+0000] {logging_mixin.py:190} INFO - [2026-08-08T17:29:37.789+0000] {dag.py:4138} INFO - Setting next_dagrun for example_dynamic_task_mapping to 2022-03-04 00:00:00+00:00, run_after=2022-03-05 00:00:00+00:00
[2026-08-08T17:29:37.809+0000] {processor.py:208} INFO - Processing /home/airflow/.local/lib/python3.12/site-packages/airflow/example_dags/example_dynamic_task_mapping.py took 0.091 seconds
[2026-08-08T17:30:08.606+0000] {processor.py:186} INFO - Started process (PID=713) to work on /home/airflow/.local/lib/python3.12/site-packages/airflow/example_dags/example_dynamic_task_mapping.py
[2026-08-08T17:30:08.608+0000] {processor.py:914} INFO - Processing file /home/airflow/.local/lib/python3.12/site-packages/airflow/example_dags/example_dynamic_task_mapping.py for tasks to queue
[2026-08-08T17:30:08.610+0000] {logging_mixin.py:190} INFO - [2026-08-08T17:30:08.610+0000] {dagbag.py:587} INFO - Filling up the DagBag from /home/airflow/.local/lib/python3.12/site-packages/airflow/example_dags/example_dynamic_task_mapping.py
[2026-08-08T17:30:08.620+0000] {processor.py:925} INFO - DAG(s) 'example_dynamic_task_mapping' retrieved from /home/airflow/.local/lib/python3.12/site-packages/airflow/example_dags/example_dynamic_task_mapping.py
[2026-08-08T17:30:08.641+0000] {logging_mixin.py:190} INFO - [2026-08-08T17:30:08.641+0000] {dag.py:3211} INFO - Sync 1 DAGs
[2026-08-08T17:30:08.657+0000] {logging_mixin.py:190} INFO - [2026-08-08T17:30:08.657+0000] {dag.py:4138} INFO - Setting next_dagrun for example_dynamic_task_mapping to 2022-03-04 00:00:00+00:00, run_after=2022-03-05 00:00:00+00:00
[2026-08-08T17:30:08.674+0000] {processor.py:208} INFO - Processing /home/airflow/.local/lib/python3.12/site-packages/airflow/example_dags/example_dynamic_task_mapping.py took 0.074 seconds
[2026-08-08T17:30:39.498+0000] {processor.py:186} INFO - Started process (PID=776) to work on /home/airflow/.local/lib/python3.12/site-packages/airflow/example_dags/example_dynamic_task_mapping.py
[2026-08-08T17:30:39.499+0000] {processor.py:914} INFO - Processing file /home/airflow/.local/lib/python3.12/site-packages/airflow/example_dags/example_dynamic_task_mapping.py for tasks to queue
[2026-08-08T17:30:39.502+0000] {logging_mixin.py:190} INFO - [2026-08-08T17:30:39.502+0000] {dagbag.py:587} INFO - Filling up the DagBag from /home/airflow/.local/lib/python3.12/site-packages/airflow/example_dags/example_dynamic_task_mapping.py
[2026-08-08T17:30:39.510+0000] {processor.py:925} INFO - DAG(s) 'example_dynamic_task_mapping' retrieved from /home/airflow/.local/lib/python3.12/site-packages/airflow/example_dags/example_dynamic_task_mapping.py
[2026-08-08T17:30:39.530+0000] {logging_mixin.py:190} INFO - [2026-08-08T17:30:39.530+0000] {dag.py:3211} INFO - Sync 1 DAGs
[2026-08-08T17:30:39.550+0000] {logging_mixin.py:190} INFO - [2026-08-08T17:30:39.550+0000] {dag.py:4138} INFO - Setting next_dagrun for example_dynamic_task_mapping to 2022-03-04 00:00:00+00:00, run_after=2022-03-05 00:00:00+00:00
[2026-08-08T17:30:39.570+0000] {processor.py:208} INFO - Processing /home/airflow/.local/lib/python3.12/site-packages/airflow/example_dags/example_dynamic_task_mapping.py took 0.079 seconds
[2026-08-08T17:31:09.873+0000] {processor.py:186} INFO - Started process (PID=839) to work on /home/airflow/.local/lib/python3.12/site-packages/airflow/example_dags/example_dynamic_task_mapping.py
[2026-08-08T17:31:09.874+0000] {processor.py:914} INFO - Processing file /home/airflow/.local/lib/python3.12/site-packages/airflow/example_dags/example_dynamic_task_mapping.py for tasks to queue
[2026-08-08T17:31:09.879+0000] {logging_mixin.py:190} INFO - [2026-08-08T17:31:09.879+0000] {dagbag.py:587} INFO - Filling up the DagBag from /home/airflow/.local/lib/python3.12/site-packages/airflow/example_dags/example_dynamic_task_mapping.py
[2026-08-08T17:31:09.892+0000] {processor.py:925} INFO - DAG(s) 'example_dynamic_task_mapping' retrieved from /home/airflow/.local/lib/python3.12/site-packages/airflow/example_dags/example_dynamic_task_mapping.py
[2026-08-08T17:31:09.913+0000] {logging_mixin.py:190} INFO - [2026-08-08T17:31:09.913+0000] {dag.py:3211} INFO - Sync 1 DAGs
[2026-08-08T17:31:09.930+0000] {logging_mixin.py:190} INFO - [2026-08-08T17:31:09.930+0000] {dag.py:4138} INFO - Setting next_dagrun for example_dynamic_task_mapping to 2022-03-04 00:00:00+00:00, run_after=2022-03-05 00:00:00+00:00
[2026-08-08T17:31:09.945+0000] {processor.py:208} INFO - Processing /home/airflow/.local/lib/python3.12/site-packages/airflow/example_dags/example_dynamic_task_mapping.py took 0.080 seconds
[2026-08-08T17:31:40.510+0000] {processor.py:186} INFO - Started process (PID=902) to work on /home/airflow/.local/lib/python3.12/site-packages/airflow/example_dags/example_dynamic_task_mapping.py
[2026-08-08T17:31:40.511+0000] {processor.py:914} INFO - Processing file /home/airflow/.local/lib/python3.12/site-packages/airflow/example_dags/example_dynamic_task_mapping.py for tasks to queue
[2026-08-08T17:31:40.513+0000] {logging_mixin.py:190} INFO - [2026-08-08T17:31:40.513+0000] {dagbag.py:587} INFO - Filling up the DagBag from /home/airflow/.local/lib/python3.12/site-packages/airflow/example_dags/example_dynamic_task_mapping.py
[2026-08-08T17:31:40.524+0000] {processor.py:925} INFO - DAG(s) 'example_dynamic_task_mapping' retrieved from /home/airflow/.local/lib/python3.12/site-packages/airflow/example_dags/example_dynamic_task_mapping.py
[2026-08-08T17:31:40.543+0000] {logging_mixin.py:190} INFO - [2026-08-08T17:31:40.543+0000] {dag.py:3211} INFO - Sync 1 DAGs
[2026-08-08T17:31:40.562+0000] {logging_mixin.py:190} INFO - [2026-08-08T17:31:40.562+0000] {dag.py:4138} INFO - Setting next_dagrun for example_dynamic_task_mapping to 2022-03-04 00:00:00+00:00, run_after=2022-03-05 00:00:00+00:00
[2026-08-08T17:31:40.580+0000] {processor.py:208} INFO - Processing /home/airflow/.local/lib/python3.12/site-packages/airflow/example_dags/example_dynamic_task_mapping.py took 0.075 seconds
[2026-08-08T17:32:11.025+0000] {processor.py:186} INFO - Started process (PID=965) to work on /home/airflow/.local/lib/python3.12/site-packages/airflow/example_dags/example_dynamic_task_mapping.py
[2026-08-08T17:32:11.026+0000] {processor.py:914} INFO - Processing file /home/airflow/.local/lib/python3.12/site-packages/airflow/example_dags/example_dynamic_task_mapping.py for tasks to queue
[2026-08-08T17:32:11.029+0000] {logging_mixin.py:190} INFO - [2026-08-08T17:32:11.028+0000] {dagbag.py:587} INFO - Filling up the DagBag from /home/airflow/.local/lib/python3.12/site-packages/airflow/example_dags/example_dynamic_task_mapping.py
[2026-08-08T17:32:11.036+0000] {processor.py:925} INFO - DAG(s) 'example_dynamic_task_mapping' retrieved from /home/airflow/.local/lib/python3.12/site-packages/airflow/example_dags/example_dynamic_task_mapping.py
[2026-08-08T17:32:11.054+0000] {logging_mixin.py:190} INFO - [2026-08-08T17:32:11.053+0000] {dag.py:3211} INFO - Sync 1 DAGs
[2026-08-08T17:32:11.073+0000] {logging_mixin.py:190} INFO - [2026-08-08T17:32:11.073+0000] {dag.py:4138} INFO - Setting next_dagrun for example_dynamic_task_mapping to 2022-03-04 00:00:00+00:00, run_after=2022-03-05 00:00:00+00:00
[2026-08-08T17:32:11.089+0000] {processor.py:208} INFO - Processing /home/airflow/.local/lib/python3.12/site-packages/airflow/example_dags/example_dynamic_task_mapping.py took 0.069 seconds
[2026-08-08T17:32:41.360+0000] {processor.py:186} INFO - Started process (PID=1028) to work on /home/airflow/.local/lib/python3.12/site-packages/airflow/example_dags/example_dynamic_task_mapping.py
[2026-08-08T17:32:41.362+0000] {processor.py:914} INFO - Processing file /home/airflow/.local/lib/python3.12/site-packages/airflow/example_dags/example_dynamic_task_mapping.py for tasks to queue
[2026-08-08T17:32:41.364+0000] {logging_mixin.py:190} INFO - [2026-08-08T17:32:41.364+0000] {dagbag.py:587} INFO - Filling up the DagBag from /home/airflow/.local/lib/python3.12/site-packages/airflow/example_dags/example_dynamic_task_mapping.py
[2026-08-08T17:32:41.373+0000] {processor.py:925} INFO - DAG(s) 'example_dynamic_task_mapping' retrieved from /home/airflow/.local/lib/python3.12/site-packages/airflow/example_dags/example_dynamic_task_mapping.py
[2026-08-08T17:32:41.393+0000] {logging_mixin.py:190} INFO - [2026-08-08T17:32:41.393+0000] {dag.py:3211} INFO - Sync 1 DAGs
[2026-08-08T17:32:41.415+0000] {logging_mixin.py:190} INFO - [2026-08-08T17:32:41.415+0000] {dag.py:4138} INFO - Setting next_dagrun for example_dynamic_task_mapping to 2022-03-04 00:00:00+00:00, run_after=2022-03-05 00:00:00+00:00
[2026-08-08T17:32:41.434+0000] {processor.py:208} INFO - Processing /home/airflow/.local/lib/python3.12/site-packages/airflow/example_dags/example_dynamic_task_mapping.py took 0.080 seconds
[2026-08-08T17:33:12.008+0000] {processor.py:186} INFO - Started process (PID=1091) to work on /home/airflow/.local/lib/python3.12/site-packages/airflow/example_dags/example_dynamic_task_mapping.py
[2026-08-08T17:33:12.012+0000] {processor.py:914} INFO - Processing file /home/airflow/.local/lib/python3.12/site-packages/airflow/example_dags/example_dynamic_task_mapping.py for tasks to queue
[2026-08-08T17:33:12.017+0000] {logging_mixin.py:190} INFO - [2026-08-08T17:33:12.016+0000] {dagbag.py:587} INFO - Filling up the DagBag from /home/airflow/.local/lib/python3.12/site-packages/airflow/example_dags/example_dynamic_task_mapping.py
[2026-08-08T17:33:12.032+0000] {processor.py:925} INFO - DAG(s) 'example_dynamic_task_mapping' retrieved from /home/airflow/.local/lib/python3.12/site-packages/airflow/example_dags/example_dynamic_task_mapping.py
[2026-08-08T17:33:12.074+0000] {logging_mixin.py:190} INFO - [2026-08-08T17:33:12.074+0000] {dag.py:3211} INFO - Sync 1 DAGs
[2026-08-08T17:33:12.130+0000] {logging_mixin.py:190} INFO - [2026-08-08T17:33:12.129+0000] {dag.py:4138} INFO - Setting next_dagrun for example_dynamic_task_mapping to 2022-03-04 00:00:00+00:00, run_after=2022-03-05 00:00:00+00:00
[2026-08-08T17:33:12.170+0000] {processor.py:208} INFO - Processing /home/airflow/.local/lib/python3.12/site-packages/airflow/example_dags/example_dynamic_task_mapping.py took 0.178 seconds
[2026-08-08T17:33:42.583+0000] {processor.py:186} INFO - Started process (PID=1154) to work on /home/airflow/.local/lib/python3.12/site-packages/airflow/example_dags/example_dynamic_task_mapping.py
[2026-08-08T17:33:42.585+0000] {processor.py:914} INFO - Processing file /home/airflow/.local/lib/python3.12/site-packages/airflow/example_dags/example_dynamic_task_mapping.py for tasks to queue
[2026-08-08T17:33:42.587+0000] {logging_mixin.py:190} INFO - [2026-08-08T17:33:42.587+0000] {dagbag.py:587} INFO - Filling up the DagBag from /home/airflow/.local/lib/python3.12/site-packages/airflow/example_dags/example_dynamic_task_mapping.py
[2026-08-08T17:33:42.597+0000] {processor.py:925} INFO - DAG(s) 'example_dynamic_task_mapping' retrieved from /home/airflow/.local/lib/python3.12/site-packages/airflow/example_dags/example_dynamic_task_mapping.py
[2026-08-08T17:33:42.614+0000] {logging_mixin.py:190} INFO - [2026-08-08T17:33:42.614+0000] {dag.py:3211} INFO - Sync 1 DAGs
[2026-08-08T17:33:42.630+0000] {logging_mixin.py:190} INFO - [2026-08-08T17:33:42.630+0000] {dag.py:4138} INFO - Setting next_dagrun for example_dynamic_task_mapping to 2022-03-04 00:00:00+00:00, run_after=2022-03-05 00:00:00+00:00
[2026-08-08T17:33:42.645+0000] {processor.py:208} INFO - Processing /home/airflow/.local/lib/python3.12/site-packages/airflow/example_dags/example_dynamic_task_mapping.py took 0.068 seconds
[2026-08-08T17:34:12.945+0000] {processor.py:186} INFO - Started process (PID=1217) to work on /home/airflow/.local/lib/python3.12/site-packages/airflow/example_dags/example_dynamic_task_mapping.py
[2026-08-08T17:34:12.947+0000] {processor.py:914} INFO - Processing file /home/airflow/.local/lib/python3.12/site-packages/airflow/example_dags/example_dynamic_task_mapping.py for tasks to queue
[2026-08-08T17:34:12.949+0000] {logging_mixin.py:190} INFO - [2026-08-08T17:34:12.949+0000] {dagbag.py:587} INFO - Filling up the DagBag from /home/airflow/.local/lib/python3.12/site-packages/airflow/example_dags/example_dynamic_task_mapping.py
[2026-08-08T17:34:12.956+0000] {processor.py:925} INFO - DAG(s) 'example_dynamic_task_mapping' retrieved from /home/airflow/.local/lib/python3.12/site-packages/airflow/example_dags/example_dynamic_task_mapping.py
[2026-08-08T17:34:12.971+0000] {logging_mixin.py:190} INFO - [2026-08-08T17:34:12.971+0000] {dag.py:3211} INFO - Sync 1 DAGs
[2026-08-08T17:34:12.986+0000] {logging_mixin.py:190} INFO - [2026-08-08T17:34:12.986+0000] {dag.py:4138} INFO - Setting next_dagrun for example_dynamic_task_mapping to 2022-03-04 00:00:00+00:00, run_after=2022-03-05 00:00:00+00:00
[2026-08-08T17:34:13.003+0000] {processor.py:208} INFO - Processing /home/airflow/.local/lib/python3.12/site-packages/airflow/example_dags/example_dynamic_task_mapping.py took 0.062 seconds
[2026-08-08T17:34:43.893+0000] {processor.py:186} INFO - Started process (PID=1280) to work on /home/airflow/.local/lib/python3.12/site-packages/airflow/example_dags/example_dynamic_task_mapping.py
[2026-08-08T17:34:43.894+0000] {processor.py:914} INFO - Processing file /home/airflow/.local/lib/python3.12/site-packages/airflow/example_dags/example_dynamic_task_mapping.py for tasks to queue
[2026-08-08T17:34:43.896+0000] {logging_mixin.py:190} INFO - [2026-08-08T17:34:43.896+0000] {dagbag.py:587} INFO - Filling up the DagBag from /home/airflow/.local/lib/python3.12/site-packages/airflow/example_dags/example_dynamic_task_mapping.py
[2026-08-08T17:34:43.904+0000] {processor.py:925} INFO - DAG(s) 'example_dynamic_task_mapping' retrieved from /home/airflow/.local/lib/python3.12/site-packages/airflow/example_dags/example_dynamic_task_mapping.py
[2026-08-08T17:34:43.921+0000] {logging_mixin.py:190} INFO - [2026-08-08T17:34:43.921+0000] {dag.py:3211} INFO - Sync 1 DAGs
[2026-08-08T17:34:43.939+0000] {logging_mixin.py:190} INFO - [2026-08-08T17:34:43.939+0000] {dag.py:4138} INFO - Setting next_dagrun for example_dynamic_task_mapping to 2022-03-04 00:00:00+00:00, run_after=2022-03-05 00:00:00+00:00
[2026-08-08T17:34:43.956+0000] {processor.py:208} INFO - Processing /home/airflow/.local/lib/python3.12/site-packages/airflow/example_dags/example_dynamic_task_mapping.py took 0.070 seconds
[2026-08-08T17:35:14.428+0000] {processor.py:186} INFO - Started process (PID=1343) to work on /home/airflow/.local/lib/python3.12/site-packages/airflow/example_dags/example_dynamic_task_mapping.py
[2026-08-08T17:35:14.430+0000] {processor.py:914} INFO - Processing file /home/airflow/.local/lib/python3.12/site-packages/airflow/example_dags/example_dynamic_task_mapping.py for tasks to queue
[2026-08-08T17:35:14.432+0000] {logging_mixin.py:190} INFO - [2026-08-08T17:35:14.432+0000] {dagbag.py:587} INFO - Filling up the DagBag from /home/airflow/.local/lib/python3.12/site-packages/airflow/example_dags/example_dynamic_task_mapping.py
[2026-08-08T17:35:14.440+0000] {processor.py:925} INFO - DAG(s) 'example_dynamic_task_mapping' retrieved from /home/airflow/.local/lib/python3.12/site-packages/airflow/example_dags/example_dynamic_task_mapping.py
[2026-08-08T17:35:14.459+0000] {logging_mixin.py:190} INFO - [2026-08-08T17:35:14.459+0000] {dag.py:3211} INFO - Sync 1 DAGs
[2026-08-08T17:35:14.482+0000] {logging_mixin.py:190} INFO - [2026-08-08T17:35:14.482+0000] {dag.py:4138} INFO - Setting next_dagrun for example_dynamic_task_mapping to 2022-03-04 00:00:00+00:00, run_after=2022-03-05 00:00:00+00:00
[2026-08-08T17:35:14.499+0000] {processor.py:208} INFO - Processing /home/airflow/.local/lib/python3.12/site-packages/airflow/example_dags/example_dynamic_task_mapping.py took 0.077 seconds
[2026-08-08T17:35:45.382+0000] {processor.py:186} INFO - Started process (PID=1406) to work on /home/airflow/.local/lib/python3.12/site-packages/airflow/example_dags/example_dynamic_task_mapping.py
[2026-08-08T17:35:45.383+0000] {processor.py:914} INFO - Processing file /home/airflow/.local/lib/python3.12/site-packages/airflow/example_dags/example_dynamic_task_mapping.py for tasks to queue
[2026-08-08T17:35:45.386+0000] {logging_mixin.py:190} INFO - [2026-08-08T17:35:45.386+0000] {dagbag.py:587} INFO - Filling up the DagBag from /home/airflow/.local/lib/python3.12/site-packages/airflow/example_dags/example_dynamic_task_mapping.py
[2026-08-08T17:35:45.393+0000] {processor.py:925} INFO - DAG(s) 'example_dynamic_task_mapping' retrieved from /home/airflow/.local/lib/python3.12/site-packages/airflow/example_dags/example_dynamic_task_mapping.py
[2026-08-08T17:35:45.408+0000] {logging_mixin.py:190} INFO - [2026-08-08T17:35:45.408+0000] {dag.py:3211} INFO - Sync 1 DAGs
[2026-08-08T17:35:45.424+0000] {logging_mixin.py:190} INFO - [2026-08-08T17:35:45.424+0000] {dag.py:4138} INFO - Setting next_dagrun for example_dynamic_task_mapping to 2022-03-04 00:00:00+00:00, run_after=2022-03-05 00:00:00+00:00
[2026-08-08T17:35:45.441+0000] {processor.py:208} INFO - Processing /home/airflow/.local/lib/python3.12/site-packages/airflow/example_dags/example_dynamic_task_mapping.py took 0.064 seconds
[2026-08-08T17:36:15.816+0000] {processor.py:186} INFO - Started process (PID=1469) to work on /home/airflow/.local/lib/python3.12/site-packages/airflow/example_dags/example_dynamic_task_mapping.py
[2026-08-08T17:36:15.819+0000] {processor.py:914} INFO - Processing file /home/airflow/.local/lib/python3.12/site-packages/airflow/example_dags/example_dynamic_task_mapping.py for tasks to queue
[2026-08-08T17:36:15.825+0000] {logging_mixin.py:190} INFO - [2026-08-08T17:36:15.824+0000] {dagbag.py:587} INFO - Filling up the DagBag from /home/airflow/.local/lib/python3.12/site-packages/airflow/example_dags/example_dynamic_task_mapping.py
[2026-08-08T17:36:15.840+0000] {processor.py:925} INFO - DAG(s) 'example_dynamic_task_mapping' retrieved from /home/airflow/.local/lib/python3.12/site-packages/airflow/example_dags/example_dynamic_task_mapping.py
[2026-08-08T17:36:15.875+0000] {logging_mixin.py:190} INFO - [2026-08-08T17:36:15.875+0000] {dag.py:3211} INFO - Sync 1 DAGs
[2026-08-08T17:36:15.902+0000] {logging_mixin.py:190} INFO - [2026-08-08T17:36:15.901+0000] {dag.py:4138} INFO - Setting next_dagrun for example_dynamic_task_mapping to 2022-03-04 00:00:00+00:00, run_after=2022-03-05 00:00:00+00:00
[2026-08-08T17:36:15.923+0000] {processor.py:208} INFO - Processing /home/airflow/.local/lib/python3.12/site-packages/airflow/example_dags/example_dynamic_task_mapping.py took 0.117 seconds
[2026-08-08T17:38:14.254+0000] {processor.py:186} INFO - Started process (PID=65) to work on /home/airflow/.local/lib/python3.12/site-packages/airflow/example_dags/example_dynamic_task_mapping.py
[2026-08-08T17:38:14.258+0000] {processor.py:914} INFO - Processing file /home/airflow/.local/lib/python3.12/site-packages/airflow/example_dags/example_dynamic_task_mapping.py for tasks to queue
[2026-08-08T17:38:14.261+0000] {logging_mixin.py:190} INFO - [2026-08-08T17:38:14.261+0000] {dagbag.py:587} INFO - Filling up the DagBag from /home/airflow/.local/lib/python3.12/site-packages/airflow/example_dags/example_dynamic_task_mapping.py
[2026-08-08T17:38:14.271+0000] {processor.py:925} INFO - DAG(s) 'example_dynamic_task_mapping' retrieved from /home/airflow/.local/lib/python3.12/site-packages/airflow/example_dags/example_dynamic_task_mapping.py
[2026-08-08T17:38:14.299+0000] {logging_mixin.py:190} INFO - [2026-08-08T17:38:14.299+0000] {dag.py:3211} INFO - Sync 1 DAGs
[2026-08-08T17:38:14.315+0000] {logging_mixin.py:190} INFO - [2026-08-08T17:38:14.315+0000] {dag.py:4138} INFO - Setting next_dagrun for example_dynamic_task_mapping to 2022-03-04 00:00:00+00:00, run_after=2022-03-05 00:00:00+00:00
[2026-08-08T17:38:14.331+0000] {processor.py:208} INFO - Processing /home/airflow/.local/lib/python3.12/site-packages/airflow/example_dags/example_dynamic_task_mapping.py took 0.083 seconds
[2026-08-08T17:38:45.074+0000] {processor.py:186} INFO - Started process (PID=128) to work on /home/airflow/.local/lib/python3.12/site-packages/airflow/example_dags/example_dynamic_task_mapping.py
[2026-08-08T17:38:45.076+0000] {processor.py:914} INFO - Processing file /home/airflow/.local/lib/python3.12/site-packages/airflow/example_dags/example_dynamic_task_mapping.py for tasks to queue
[2026-08-08T17:38:45.079+0000] {logging_mixin.py:190} INFO - [2026-08-08T17:38:45.079+0000] {dagbag.py:587} INFO - Filling up the DagBag from /home/airflow/.local/lib/python3.12/site-packages/airflow/example_dags/example_dynamic_task_mapping.py
[2026-08-08T17:38:45.090+0000] {processor.py:925} INFO - DAG(s) 'example_dynamic_task_mapping' retrieved from /home/airflow/.local/lib/python3.12/site-packages/airflow/example_dags/example_dynamic_task_mapping.py
[2026-08-08T17:38:45.115+0000] {logging_mixin.py:190} INFO - [2026-08-08T17:38:45.115+0000] {dag.py:3211} INFO - Sync 1 DAGs
[2026-08-08T17:38:45.140+0000] {logging_mixin.py:190} INFO - [2026-08-08T17:38:45.139+0000] {dag.py:4138} INFO - Setting next_dagrun for example_dynamic_task_mapping to 2022-03-04 00:00:00+00:00, run_after=2022-03-05 00:00:00+00:00
[2026-08-08T17:38:45.162+0000] {processor.py:208} INFO - Processing /home/airflow/.local/lib/python3.12/site-packages/airflow/example_dags/example_dynamic_task_mapping.py took 0.095 seconds
[2026-08-08T17:39:15.661+0000] {processor.py:186} INFO - Started process (PID=197) to work on /home/airflow/.local/lib/python3.12/site-packages/airflow/example_dags/example_dynamic_task_mapping.py
[2026-08-08T17:39:15.663+0000] {processor.py:914} INFO - Processing file /home/airflow/.local/lib/python3.12/site-packages/airflow/example_dags/example_dynamic_task_mapping.py for tasks to queue
[2026-08-08T17:39:15.665+0000] {logging_mixin.py:190} INFO - [2026-08-08T17:39:15.665+0000] {dagbag.py:587} INFO - Filling up the DagBag from /home/airflow/.local/lib/python3.12/site-packages/airflow/example_dags/example_dynamic_task_mapping.py
[2026-08-08T17:39:15.674+0000] {processor.py:925} INFO - DAG(s) 'example_dynamic_task_mapping' retrieved from /home/airflow/.local/lib/python3.12/site-packages/airflow/example_dags/example_dynamic_task_mapping.py
[2026-08-08T17:39:15.696+0000] {logging_mixin.py:190} INFO - [2026-08-08T17:39:15.696+0000] {dag.py:3211} INFO - Sync 1 DAGs
[2026-08-08T17:39:15.719+0000] {logging_mixin.py:190} INFO - [2026-08-08T17:39:15.719+0000] {dag.py:4138} INFO - Setting next_dagrun for example_dynamic_task_mapping to 2022-03-04 00:00:00+00:00, run_after=2022-03-05 00:00:00+00:00
[2026-08-08T17:39:15.737+0000] {processor.py:208} INFO - Processing /home/airflow/.local/lib/python3.12/site-packages/airflow/example_dags/example_dynamic_task_mapping.py took 0.082 seconds
[2026-08-08T17:39:46.731+0000] {processor.py:186} INFO - Started process (PID=260) to work on /home/airflow/.local/lib/python3.12/site-packages/airflow/example_dags/example_dynamic_task_mapping.py
[2026-08-08T17:39:46.733+0000] {processor.py:914} INFO - Processing file /home/airflow/.local/lib/python3.12/site-packages/airflow/example_dags/example_dynamic_task_mapping.py for tasks to queue
[2026-08-08T17:39:46.739+0000] {logging_mixin.py:190} INFO - [2026-08-08T17:39:46.738+0000] {dagbag.py:587} INFO - Filling up the DagBag from /home/airflow/.local/lib/python3.12/site-packages/airflow/example_dags/example_dynamic_task_mapping.py
[2026-08-08T17:39:46.755+0000] {processor.py:925} INFO - DAG(s) 'example_dynamic_task_mapping' retrieved from /home/airflow/.local/lib/python3.12/site-packages/airflow/example_dags/example_dynamic_task_mapping.py
[2026-08-08T17:39:46.779+0000] {logging_mixin.py:190} INFO - [2026-08-08T17:39:46.779+0000] {dag.py:3211} INFO - Sync 1 DAGs
[2026-08-08T17:39:46.801+0000] {logging_mixin.py:190} INFO - [2026-08-08T17:39:46.801+0000] {dag.py:4138} INFO - Setting next_dagrun for example_dynamic_task_mapping to 2022-03-04 00:00:00+00:00, run_after=2022-03-05 00:00:00+00:00
[2026-08-08T17:39:46.819+0000] {processor.py:208} INFO - Processing /home/airflow/.local/lib/python3.12/site-packages/airflow/example_dags/example_dynamic_task_mapping.py took 0.094 seconds
[2026-08-08T17:42:37.920+0000] {processor.py:186} INFO - Started process (PID=77) to work on /home/airflow/.local/lib/python3.12/site-packages/airflow/example_dags/example_dynamic_task_mapping.py
[2026-08-08T17:42:37.922+0000] {processor.py:914} INFO - Processing file /home/airflow/.local/lib/python3.12/site-packages/airflow/example_dags/example_dynamic_task_mapping.py for tasks to queue
[2026-08-08T17:42:37.926+0000] {logging_mixin.py:190} INFO - [2026-08-08T17:42:37.926+0000] {dagbag.py:587} INFO - Filling up the DagBag from /home/airflow/.local/lib/python3.12/site-packages/airflow/example_dags/example_dynamic_task_mapping.py
[2026-08-08T17:42:37.944+0000] {processor.py:925} INFO - DAG(s) 'example_dynamic_task_mapping' retrieved from /home/airflow/.local/lib/python3.12/site-packages/airflow/example_dags/example_dynamic_task_mapping.py
[2026-08-08T17:42:37.985+0000] {logging_mixin.py:190} INFO - [2026-08-08T17:42:37.984+0000] {dag.py:3211} INFO - Sync 1 DAGs
[2026-08-08T17:42:38.025+0000] {logging_mixin.py:190} INFO - [2026-08-08T17:42:38.025+0000] {dag.py:4138} INFO - Setting next_dagrun for example_dynamic_task_mapping to 2022-03-04 00:00:00+00:00, run_after=2022-03-05 00:00:00+00:00
[2026-08-08T17:42:38.088+0000] {processor.py:208} INFO - Processing /home/airflow/.local/lib/python3.12/site-packages/airflow/example_dags/example_dynamic_task_mapping.py took 0.179 seconds
[2026-08-08T17:43:08.607+0000] {processor.py:186} INFO - Started process (PID=146) to work on /home/airflow/.local/lib/python3.12/site-packages/airflow/example_dags/example_dynamic_task_mapping.py
[2026-08-08T17:43:08.608+0000] {processor.py:914} INFO - Processing file /home/airflow/.local/lib/python3.12/site-packages/airflow/example_dags/example_dynamic_task_mapping.py for tasks to queue
[2026-08-08T17:43:08.612+0000] {logging_mixin.py:190} INFO - [2026-08-08T17:43:08.612+0000] {dagbag.py:587} INFO - Filling up the DagBag from /home/airflow/.local/lib/python3.12/site-packages/airflow/example_dags/example_dynamic_task_mapping.py
[2026-08-08T17:43:08.625+0000] {processor.py:925} INFO - DAG(s) 'example_dynamic_task_mapping' retrieved from /home/airflow/.local/lib/python3.12/site-packages/airflow/example_dags/example_dynamic_task_mapping.py
[2026-08-08T17:43:08.655+0000] {logging_mixin.py:190} INFO - [2026-08-08T17:43:08.655+0000] {dag.py:3211} INFO - Sync 1 DAGs
[2026-08-08T17:43:08.690+0000] {logging_mixin.py:190} INFO - [2026-08-08T17:43:08.688+0000] {dag.py:4138} INFO - Setting next_dagrun for example_dynamic_task_mapping to 2022-03-04 00:00:00+00:00, run_after=2022-03-05 00:00:00+00:00
[2026-08-08T17:43:08.714+0000] {processor.py:208} INFO - Processing /home/airflow/.local/lib/python3.12/site-packages/airflow/example_dags/example_dynamic_task_mapping.py took 0.117 seconds
[2026-08-08T17:43:38.980+0000] {processor.py:186} INFO - Started process (PID=209) to work on /home/airflow/.local/lib/python3.12/site-packages/airflow/example_dags/example_dynamic_task_mapping.py
[2026-08-08T17:43:38.984+0000] {processor.py:914} INFO - Processing file /home/airflow/.local/lib/python3.12/site-packages/airflow/example_dags/example_dynamic_task_mapping.py for tasks to queue
[2026-08-08T17:43:38.990+0000] {logging_mixin.py:190} INFO - [2026-08-08T17:43:38.990+0000] {dagbag.py:587} INFO - Filling up the DagBag from /home/airflow/.local/lib/python3.12/site-packages/airflow/example_dags/example_dynamic_task_mapping.py
[2026-08-08T17:43:39.009+0000] {processor.py:925} INFO - DAG(s) 'example_dynamic_task_mapping' retrieved from /home/airflow/.local/lib/python3.12/site-packages/airflow/example_dags/example_dynamic_task_mapping.py
[2026-08-08T17:43:39.039+0000] {logging_mixin.py:190} INFO - [2026-08-08T17:43:39.039+0000] {dag.py:3211} INFO - Sync 1 DAGs
[2026-08-08T17:43:39.067+0000] {logging_mixin.py:190} INFO - [2026-08-08T17:43:39.066+0000] {dag.py:4138} INFO - Setting next_dagrun for example_dynamic_task_mapping to 2022-03-04 00:00:00+00:00, run_after=2022-03-05 00:00:00+00:00
[2026-08-08T17:43:39.094+0000] {processor.py:208} INFO - Processing /home/airflow/.local/lib/python3.12/site-packages/airflow/example_dags/example_dynamic_task_mapping.py took 0.122 seconds
[2026-08-08T17:44:09.893+0000] {processor.py:186} INFO - Started process (PID=272) to work on /home/airflow/.local/lib/python3.12/site-packages/airflow/example_dags/example_dynamic_task_mapping.py
[2026-08-08T17:44:09.895+0000] {processor.py:914} INFO - Processing file /home/airflow/.local/lib/python3.12/site-packages/airflow/example_dags/example_dynamic_task_mapping.py for tasks to queue
[2026-08-08T17:44:09.898+0000] {logging_mixin.py:190} INFO - [2026-08-08T17:44:09.898+0000] {dagbag.py:587} INFO - Filling up the DagBag from /home/airflow/.local/lib/python3.12/site-packages/airflow/example_dags/example_dynamic_task_mapping.py
[2026-08-08T17:44:09.912+0000] {processor.py:925} INFO - DAG(s) 'example_dynamic_task_mapping' retrieved from /home/airflow/.local/lib/python3.12/site-packages/airflow/example_dags/example_dynamic_task_mapping.py
[2026-08-08T17:44:09.931+0000] {logging_mixin.py:190} INFO - [2026-08-08T17:44:09.931+0000] {dag.py:3211} INFO - Sync 1 DAGs
[2026-08-08T17:44:09.950+0000] {logging_mixin.py:190} INFO - [2026-08-08T17:44:09.950+0000] {dag.py:4138} INFO - Setting next_dagrun for example_dynamic_task_mapping to 2022-03-04 00:00:00+00:00, run_after=2022-03-05 00:00:00+00:00
[2026-08-08T17:44:09.968+0000] {processor.py:208} INFO - Processing /home/airflow/.local/lib/python3.12/site-packages/airflow/example_dags/example_dynamic_task_mapping.py took 0.082 seconds
[2026-08-08T17:44:40.354+0000] {processor.py:186} INFO - Started process (PID=335) to work on /home/airflow/.local/lib/python3.12/site-packages/airflow/example_dags/example_dynamic_task_mapping.py
[2026-08-08T17:44:40.355+0000] {processor.py:914} INFO - Processing file /home/airflow/.local/lib/python3.12/site-packages/airflow/example_dags/example_dynamic_task_mapping.py for tasks to queue
[2026-08-08T17:44:40.358+0000] {logging_mixin.py:190} INFO - [2026-08-08T17:44:40.357+0000] {dagbag.py:587} INFO - Filling up the DagBag from /home/airflow/.local/lib/python3.12/site-packages/airflow/example_dags/example_dynamic_task_mapping.py
[2026-08-08T17:44:40.367+0000] {processor.py:925} INFO - DAG(s) 'example_dynamic_task_mapping' retrieved from /home/airflow/.local/lib/python3.12/site-packages/airflow/example_dags/example_dynamic_task_mapping.py
[2026-08-08T17:44:40.388+0000] {logging_mixin.py:190} INFO - [2026-08-08T17:44:40.388+0000] {dag.py:3211} INFO - Sync 1 DAGs
[2026-08-08T17:44:40.408+0000] {logging_mixin.py:190} INFO - [2026-08-08T17:44:40.407+0000] {dag.py:4138} INFO - Setting next_dagrun for example_dynamic_task_mapping to 2022-03-04 00:00:00+00:00, run_after=2022-03-05 00:00:00+00:00
[2026-08-08T17:44:40.426+0000] {processor.py:208} INFO - Processing /home/airflow/.local/lib/python3.12/site-packages/airflow/example_dags/example_dynamic_task_mapping.py took 0.079 seconds
[2026-08-08T17:45:10.697+0000] {processor.py:186} INFO - Started process (PID=398) to work on /home/airflow/.local/lib/python3.12/site-packages/airflow/example_dags/example_dynamic_task_mapping.py
[2026-08-08T17:45:10.698+0000] {processor.py:914} INFO - Processing file /home/airflow/.local/lib/python3.12/site-packages/airflow/example_dags/example_dynamic_task_mapping.py for tasks to queue
[2026-08-08T17:45:10.702+0000] {logging_mixin.py:190} INFO - [2026-08-08T17:45:10.701+0000] {dagbag.py:587} INFO - Filling up the DagBag from /home/airflow/.local/lib/python3.12/site-packages/airflow/example_dags/example_dynamic_task_mapping.py
[2026-08-08T17:45:10.712+0000] {processor.py:925} INFO - DAG(s) 'example_dynamic_task_mapping' retrieved from /home/airflow/.local/lib/python3.12/site-packages/airflow/example_dags/example_dynamic_task_mapping.py
[2026-08-08T17:45:10.732+0000] {logging_mixin.py:190} INFO - [2026-08-08T17:45:10.732+0000] {dag.py:3211} INFO - Sync 1 DAGs
[2026-08-08T17:45:10.752+0000] {logging_mixin.py:190} INFO - [2026-08-08T17:45:10.751+0000] {dag.py:4138} INFO - Setting next_dagrun for example_dynamic_task_mapping to 2022-03-04 00:00:00+00:00, run_after=2022-03-05 00:00:00+00:00
[2026-08-08T17:45:10.771+0000] {processor.py:208} INFO - Processing /home/airflow/.local/lib/python3.12/site-packages/airflow/example_dags/example_dynamic_task_mapping.py took 0.081 seconds
[2026-08-08T17:45:40.931+0000] {processor.py:186} INFO - Started process (PID=461) to work on /home/airflow/.local/lib/python3.12/site-packages/airflow/example_dags/example_dynamic_task_mapping.py
[2026-08-08T17:45:40.932+0000] {processor.py:914} INFO - Processing file /home/airflow/.local/lib/python3.12/site-packages/airflow/example_dags/example_dynamic_task_mapping.py for tasks to queue
[2026-08-08T17:45:40.935+0000] {logging_mixin.py:190} INFO - [2026-08-08T17:45:40.934+0000] {dagbag.py:587} INFO - Filling up the DagBag from /home/airflow/.local/lib/python3.12/site-packages/airflow/example_dags/example_dynamic_task_mapping.py
[2026-08-08T17:45:40.943+0000] {processor.py:925} INFO - DAG(s) 'example_dynamic_task_mapping' retrieved from /home/airflow/.local/lib/python3.12/site-packages/airflow/example_dags/example_dynamic_task_mapping.py
[2026-08-08T17:45:40.966+0000] {logging_mixin.py:190} INFO - [2026-08-08T17:45:40.966+0000] {dag.py:3211} INFO - Sync 1 DAGs
[2026-08-08T17:45:40.991+0000] {logging_mixin.py:190} INFO - [2026-08-08T17:45:40.990+0000] {dag.py:4138} INFO - Setting next_dagrun for example_dynamic_task_mapping to 2022-03-04 00:00:00+00:00, run_after=2022-03-05 00:00:00+00:00
[2026-08-08T17:45:41.011+0000] {processor.py:208} INFO - Processing /home/airflow/.local/lib/python3.12/site-packages/airflow/example_dags/example_dynamic_task_mapping.py took 0.086 seconds
[2026-08-08T17:47:11.732+0000] {processor.py:186} INFO - Started process (PID=78) to work on /home/airflow/.local/lib/python3.12/site-packages/airflow/example_dags/example_dynamic_task_mapping.py
[2026-08-08T17:47:11.733+0000] {processor.py:914} INFO - Processing file /home/airflow/.local/lib/python3.12/site-packages/airflow/example_dags/example_dynamic_task_mapping.py for tasks to queue
[2026-08-08T17:47:11.736+0000] {logging_mixin.py:190} INFO - [2026-08-08T17:47:11.736+0000] {dagbag.py:587} INFO - Filling up the DagBag from /home/airflow/.local/lib/python3.12/site-packages/airflow/example_dags/example_dynamic_task_mapping.py
[2026-08-08T17:47:11.747+0000] {processor.py:925} INFO - DAG(s) 'example_dynamic_task_mapping' retrieved from /home/airflow/.local/lib/python3.12/site-packages/airflow/example_dags/example_dynamic_task_mapping.py
[2026-08-08T17:47:11.777+0000] {logging_mixin.py:190} INFO - [2026-08-08T17:47:11.776+0000] {dag.py:3211} INFO - Sync 1 DAGs
[2026-08-08T17:47:11.803+0000] {logging_mixin.py:190} INFO - [2026-08-08T17:47:11.803+0000] {dag.py:4138} INFO - Setting next_dagrun for example_dynamic_task_mapping to 2022-03-04 00:00:00+00:00, run_after=2022-03-05 00:00:00+00:00
[2026-08-08T17:47:11.826+0000] {processor.py:208} INFO - Processing /home/airflow/.local/lib/python3.12/site-packages/airflow/example_dags/example_dynamic_task_mapping.py took 0.100 seconds
[2026-08-08T17:47:42.696+0000] {processor.py:186} INFO - Started process (PID=141) to work on /home/airflow/.local/lib/python3.12/site-packages/airflow/example_dags/example_dynamic_task_mapping.py
[2026-08-08T17:47:42.698+0000] {processor.py:914} INFO - Processing file /home/airflow/.local/lib/python3.12/site-packages/airflow/example_dags/example_dynamic_task_mapping.py for tasks to queue
[2026-08-08T17:47:42.708+0000] {logging_mixin.py:190} INFO - [2026-08-08T17:47:42.707+0000] {dagbag.py:587} INFO - Filling up the DagBag from /home/airflow/.local/lib/python3.12/site-packages/airflow/example_dags/example_dynamic_task_mapping.py
[2026-08-08T17:47:42.732+0000] {processor.py:925} INFO - DAG(s) 'example_dynamic_task_mapping' retrieved from /home/airflow/.local/lib/python3.12/site-packages/airflow/example_dags/example_dynamic_task_mapping.py
[2026-08-08T17:47:42.773+0000] {logging_mixin.py:190} INFO - [2026-08-08T17:47:42.772+0000] {dag.py:3211} INFO - Sync 1 DAGs
[2026-08-08T17:47:42.816+0000] {logging_mixin.py:190} INFO - [2026-08-08T17:47:42.815+0000] {dag.py:4138} INFO - Setting next_dagrun for example_dynamic_task_mapping to 2022-03-04 00:00:00+00:00, run_after=2022-03-05 00:00:00+00:00
[2026-08-08T17:47:42.852+0000] {processor.py:208} INFO - Processing /home/airflow/.local/lib/python3.12/site-packages/airflow/example_dags/example_dynamic_task_mapping.py took 0.165 seconds
[2026-08-08T17:48:13.180+0000] {processor.py:186} INFO - Started process (PID=210) to work on /home/airflow/.local/lib/python3.12/site-packages/airflow/example_dags/example_dynamic_task_mapping.py
[2026-08-08T17:48:13.182+0000] {processor.py:914} INFO - Processing file /home/airflow/.local/lib/python3.12/site-packages/airflow/example_dags/example_dynamic_task_mapping.py for tasks to queue
[2026-08-08T17:48:13.184+0000] {logging_mixin.py:190} INFO - [2026-08-08T17:48:13.184+0000] {dagbag.py:587} INFO - Filling up the DagBag from /home/airflow/.local/lib/python3.12/site-packages/airflow/example_dags/example_dynamic_task_mapping.py
[2026-08-08T17:48:13.193+0000] {processor.py:925} INFO - DAG(s) 'example_dynamic_task_mapping' retrieved from /home/airflow/.local/lib/python3.12/site-packages/airflow/example_dags/example_dynamic_task_mapping.py
[2026-08-08T17:48:13.212+0000] {logging_mixin.py:190} INFO - [2026-08-08T17:48:13.212+0000] {dag.py:3211} INFO - Sync 1 DAGs
[2026-08-08T17:48:13.239+0000] {logging_mixin.py:190} INFO - [2026-08-08T17:48:13.239+0000] {dag.py:4138} INFO - Setting next_dagrun for example_dynamic_task_mapping to 2022-03-04 00:00:00+00:00, run_after=2022-03-05 00:00:00+00:00
[2026-08-08T17:48:13.266+0000] {processor.py:208} INFO - Processing /home/airflow/.local/lib/python3.12/site-packages/airflow/example_dags/example_dynamic_task_mapping.py took 0.091 seconds
[2026-08-08T17:48:44.048+0000] {processor.py:186} INFO - Started process (PID=279) to work on /home/airflow/.local/lib/python3.12/site-packages/airflow/example_dags/example_dynamic_task_mapping.py
[2026-08-08T17:48:44.049+0000] {processor.py:914} INFO - Processing file /home/airflow/.local/lib/python3.12/site-packages/airflow/example_dags/example_dynamic_task_mapping.py for tasks to queue
[2026-08-08T17:48:44.052+0000] {logging_mixin.py:190} INFO - [2026-08-08T17:48:44.051+0000] {dagbag.py:587} INFO - Filling up the DagBag from /home/airflow/.local/lib/python3.12/site-packages/airflow/example_dags/example_dynamic_task_mapping.py
[2026-08-08T17:48:44.061+0000] {processor.py:925} INFO - DAG(s) 'example_dynamic_task_mapping' retrieved from /home/airflow/.local/lib/python3.12/site-packages/airflow/example_dags/example_dynamic_task_mapping.py
[2026-08-08T17:48:44.088+0000] {logging_mixin.py:190} INFO - [2026-08-08T17:48:44.087+0000] {dag.py:3211} INFO - Sync 1 DAGs
[2026-08-08T17:48:44.112+0000] {logging_mixin.py:190} INFO - [2026-08-08T17:48:44.112+0000] {dag.py:4138} INFO - Setting next_dagrun for example_dynamic_task_mapping to 2022-03-04 00:00:00+00:00, run_after=2022-03-05 00:00:00+00:00
[2026-08-08T17:48:44.135+0000] {processor.py:208} INFO - Processing /home/airflow/.local/lib/python3.12/site-packages/airflow/example_dags/example_dynamic_task_mapping.py took 0.094 seconds
[2026-08-08T17:52:35.388+0000] {processor.py:186} INFO - Started process (PID=83) to work on /home/airflow/.local/lib/python3.12/site-packages/airflow/example_dags/example_dynamic_task_mapping.py
[2026-08-08T17:52:35.390+0000] {processor.py:914} INFO - Processing file /home/airflow/.local/lib/python3.12/site-packages/airflow/example_dags/example_dynamic_task_mapping.py for tasks to queue
[2026-08-08T17:52:35.394+0000] {logging_mixin.py:190} INFO - [2026-08-08T17:52:35.394+0000] {dagbag.py:587} INFO - Filling up the DagBag from /home/airflow/.local/lib/python3.12/site-packages/airflow/example_dags/example_dynamic_task_mapping.py
[2026-08-08T17:52:35.407+0000] {processor.py:925} INFO - DAG(s) 'example_dynamic_task_mapping' retrieved from /home/airflow/.local/lib/python3.12/site-packages/airflow/example_dags/example_dynamic_task_mapping.py
[2026-08-08T17:52:35.445+0000] {logging_mixin.py:190} INFO - [2026-08-08T17:52:35.445+0000] {dag.py:3211} INFO - Sync 1 DAGs
[2026-08-08T17:52:35.490+0000] {logging_mixin.py:190} INFO - [2026-08-08T17:52:35.489+0000] {dag.py:4138} INFO - Setting next_dagrun for example_dynamic_task_mapping to 2022-03-04 00:00:00+00:00, run_after=2022-03-05 00:00:00+00:00
[2026-08-08T17:52:35.513+0000] {processor.py:208} INFO - Processing /home/airflow/.local/lib/python3.12/site-packages/airflow/example_dags/example_dynamic_task_mapping.py took 0.133 seconds
[2026-08-08T17:53:06.064+0000] {processor.py:186} INFO - Started process (PID=146) to work on /home/airflow/.local/lib/python3.12/site-packages/airflow/example_dags/example_dynamic_task_mapping.py
[2026-08-08T17:53:06.066+0000] {processor.py:914} INFO - Processing file /home/airflow/.local/lib/python3.12/site-packages/airflow/example_dags/example_dynamic_task_mapping.py for tasks to queue
[2026-08-08T17:53:06.070+0000] {logging_mixin.py:190} INFO - [2026-08-08T17:53:06.069+0000] {dagbag.py:587} INFO - Filling up the DagBag from /home/airflow/.local/lib/python3.12/site-packages/airflow/example_dags/example_dynamic_task_mapping.py
[2026-08-08T17:53:06.084+0000] {processor.py:925} INFO - DAG(s) 'example_dynamic_task_mapping' retrieved from /home/airflow/.local/lib/python3.12/site-packages/airflow/example_dags/example_dynamic_task_mapping.py
[2026-08-08T17:53:06.109+0000] {logging_mixin.py:190} INFO - [2026-08-08T17:53:06.109+0000] {dag.py:3211} INFO - Sync 1 DAGs
[2026-08-08T17:53:06.138+0000] {logging_mixin.py:190} INFO - [2026-08-08T17:53:06.137+0000] {dag.py:4138} INFO - Setting next_dagrun for example_dynamic_task_mapping to 2022-03-04 00:00:00+00:00, run_after=2022-03-05 00:00:00+00:00
[2026-08-08T17:53:06.157+0000] {processor.py:208} INFO - Processing /home/airflow/.local/lib/python3.12/site-packages/airflow/example_dags/example_dynamic_task_mapping.py took 0.100 seconds
[2026-08-08T17:53:36.625+0000] {processor.py:186} INFO - Started process (PID=209) to work on /home/airflow/.local/lib/python3.12/site-packages/airflow/example_dags/example_dynamic_task_mapping.py
[2026-08-08T17:53:36.627+0000] {processor.py:914} INFO - Processing file /home/airflow/.local/lib/python3.12/site-packages/airflow/example_dags/example_dynamic_task_mapping.py for tasks to queue
[2026-08-08T17:53:36.631+0000] {logging_mixin.py:190} INFO - [2026-08-08T17:53:36.630+0000] {dagbag.py:587} INFO - Filling up the DagBag from /home/airflow/.local/lib/python3.12/site-packages/airflow/example_dags/example_dynamic_task_mapping.py
[2026-08-08T17:53:36.642+0000] {processor.py:925} INFO - DAG(s) 'example_dynamic_task_mapping' retrieved from /home/airflow/.local/lib/python3.12/site-packages/airflow/example_dags/example_dynamic_task_mapping.py
[2026-08-08T17:53:36.667+0000] {logging_mixin.py:190} INFO - [2026-08-08T17:53:36.666+0000] {dag.py:3211} INFO - Sync 1 DAGs
[2026-08-08T17:53:36.692+0000] {logging_mixin.py:190} INFO - [2026-08-08T17:53:36.692+0000] {dag.py:4138} INFO - Setting next_dagrun for example_dynamic_task_mapping to 2022-03-04 00:00:00+00:00, run_after=2022-03-05 00:00:00+00:00
[2026-08-08T17:53:36.713+0000] {processor.py:208} INFO - Processing /home/airflow/.local/lib/python3.12/site-packages/airflow/example_dags/example_dynamic_task_mapping.py took 0.095 seconds
[2026-08-08T17:54:07.309+0000] {processor.py:186} INFO - Started process (PID=272) to work on /home/airflow/.local/lib/python3.12/site-packages/airflow/example_dags/example_dynamic_task_mapping.py
[2026-08-08T17:54:07.311+0000] {processor.py:914} INFO - Processing file /home/airflow/.local/lib/python3.12/site-packages/airflow/example_dags/example_dynamic_task_mapping.py for tasks to queue
[2026-08-08T17:54:07.315+0000] {logging_mixin.py:190} INFO - [2026-08-08T17:54:07.314+0000] {dagbag.py:587} INFO - Filling up the DagBag from /home/airflow/.local/lib/python3.12/site-packages/airflow/example_dags/example_dynamic_task_mapping.py
[2026-08-08T17:54:07.326+0000] {processor.py:925} INFO - DAG(s) 'example_dynamic_task_mapping' retrieved from /home/airflow/.local/lib/python3.12/site-packages/airflow/example_dags/example_dynamic_task_mapping.py
[2026-08-08T17:54:07.351+0000] {logging_mixin.py:190} INFO - [2026-08-08T17:54:07.350+0000] {dag.py:3211} INFO - Sync 1 DAGs
[2026-08-08T17:54:07.373+0000] {logging_mixin.py:190} INFO - [2026-08-08T17:54:07.373+0000] {dag.py:4138} INFO - Setting next_dagrun for example_dynamic_task_mapping to 2022-03-04 00:00:00+00:00, run_after=2022-03-05 00:00:00+00:00
[2026-08-08T17:54:07.399+0000] {processor.py:208} INFO - Processing /home/airflow/.local/lib/python3.12/site-packages/airflow/example_dags/example_dynamic_task_mapping.py took 0.097 seconds
[2026-08-08T17:54:37.705+0000] {processor.py:186} INFO - Started process (PID=335) to work on /home/airflow/.local/lib/python3.12/site-packages/airflow/example_dags/example_dynamic_task_mapping.py
[2026-08-08T17:54:37.706+0000] {processor.py:914} INFO - Processing file /home/airflow/.local/lib/python3.12/site-packages/airflow/example_dags/example_dynamic_task_mapping.py for tasks to queue
[2026-08-08T17:54:37.709+0000] {logging_mixin.py:190} INFO - [2026-08-08T17:54:37.708+0000] {dagbag.py:587} INFO - Filling up the DagBag from /home/airflow/.local/lib/python3.12/site-packages/airflow/example_dags/example_dynamic_task_mapping.py
[2026-08-08T17:54:37.718+0000] {processor.py:925} INFO - DAG(s) 'example_dynamic_task_mapping' retrieved from /home/airflow/.local/lib/python3.12/site-packages/airflow/example_dags/example_dynamic_task_mapping.py
[2026-08-08T17:54:37.739+0000] {logging_mixin.py:190} INFO - [2026-08-08T17:54:37.738+0000] {dag.py:3211} INFO - Sync 1 DAGs
[2026-08-08T17:54:37.759+0000] {logging_mixin.py:190} INFO - [2026-08-08T17:54:37.759+0000] {dag.py:4138} INFO - Setting next_dagrun for example_dynamic_task_mapping to 2022-03-04 00:00:00+00:00, run_after=2022-03-05 00:00:00+00:00
[2026-08-08T17:54:37.778+0000] {processor.py:208} INFO - Processing /home/airflow/.local/lib/python3.12/site-packages/airflow/example_dags/example_dynamic_task_mapping.py took 0.079 seconds
[2026-08-08T17:55:07.912+0000] {processor.py:186} INFO - Started process (PID=398) to work on /home/airflow/.local/lib/python3.12/site-packages/airflow/example_dags/example_dynamic_task_mapping.py
[2026-08-08T17:55:07.914+0000] {processor.py:914} INFO - Processing file /home/airflow/.local/lib/python3.12/site-packages/airflow/example_dags/example_dynamic_task_mapping.py for tasks to queue
[2026-08-08T17:55:07.916+0000] {logging_mixin.py:190} INFO - [2026-08-08T17:55:07.916+0000] {dagbag.py:587} INFO - Filling up the DagBag from /home/airflow/.local/lib/python3.12/site-packages/airflow/example_dags/example_dynamic_task_mapping.py
[2026-08-08T17:55:07.924+0000] {processor.py:925} INFO - DAG(s) 'example_dynamic_task_mapping' retrieved from /home/airflow/.local/lib/python3.12/site-packages/airflow/example_dags/example_dynamic_task_mapping.py
[2026-08-08T17:55:07.942+0000] {logging_mixin.py:190} INFO - [2026-08-08T17:55:07.942+0000] {dag.py:3211} INFO - Sync 1 DAGs
[2026-08-08T17:55:07.961+0000] {logging_mixin.py:190} INFO - [2026-08-08T17:55:07.961+0000] {dag.py:4138} INFO - Setting next_dagrun for example_dynamic_task_mapping to 2022-03-04 00:00:00+00:00, run_after=2022-03-05 00:00:00+00:00
[2026-08-08T17:55:07.980+0000] {processor.py:208} INFO - Processing /home/airflow/.local/lib/python3.12/site-packages/airflow/example_dags/example_dynamic_task_mapping.py took 0.074 seconds
[2026-08-08T17:55:38.147+0000] {processor.py:186} INFO - Started process (PID=461) to work on /home/airflow/.local/lib/python3.12/site-packages/airflow/example_dags/example_dynamic_task_mapping.py
[2026-08-08T17:55:38.149+0000] {processor.py:914} INFO - Processing file /home/airflow/.local/lib/python3.12/site-packages/airflow/example_dags/example_dynamic_task_mapping.py for tasks to queue
[2026-08-08T17:55:38.151+0000] {logging_mixin.py:190} INFO - [2026-08-08T17:55:38.151+0000] {dagbag.py:587} INFO - Filling up the DagBag from /home/airflow/.local/lib/python3.12/site-packages/airflow/example_dags/example_dynamic_task_mapping.py
[2026-08-08T17:55:38.159+0000] {processor.py:925} INFO - DAG(s) 'example_dynamic_task_mapping' retrieved from /home/airflow/.local/lib/python3.12/site-packages/airflow/example_dags/example_dynamic_task_mapping.py
[2026-08-08T17:55:38.177+0000] {logging_mixin.py:190} INFO - [2026-08-08T17:55:38.177+0000] {dag.py:3211} INFO - Sync 1 DAGs
[2026-08-08T17:55:38.198+0000] {logging_mixin.py:190} INFO - [2026-08-08T17:55:38.197+0000] {dag.py:4138} INFO - Setting next_dagrun for example_dynamic_task_mapping to 2022-03-04 00:00:00+00:00, run_after=2022-03-05 00:00:00+00:00
[2026-08-08T17:55:38.215+0000] {processor.py:208} INFO - Processing /home/airflow/.local/lib/python3.12/site-packages/airflow/example_dags/example_dynamic_task_mapping.py took 0.074 seconds
[2026-08-08T17:56:08.448+0000] {processor.py:186} INFO - Started process (PID=524) to work on /home/airflow/.local/lib/python3.12/site-packages/airflow/example_dags/example_dynamic_task_mapping.py
[2026-08-08T17:56:08.450+0000] {processor.py:914} INFO - Processing file /home/airflow/.local/lib/python3.12/site-packages/airflow/example_dags/example_dynamic_task_mapping.py for tasks to queue
[2026-08-08T17:56:08.452+0000] {logging_mixin.py:190} INFO - [2026-08-08T17:56:08.452+0000] {dagbag.py:587} INFO - Filling up the DagBag from /home/airflow/.local/lib/python3.12/site-packages/airflow/example_dags/example_dynamic_task_mapping.py
[2026-08-08T17:56:08.462+0000] {processor.py:925} INFO - DAG(s) 'example_dynamic_task_mapping' retrieved from /home/airflow/.local/lib/python3.12/site-packages/airflow/example_dags/example_dynamic_task_mapping.py
[2026-08-08T17:56:08.485+0000] {logging_mixin.py:190} INFO - [2026-08-08T17:56:08.485+0000] {dag.py:3211} INFO - Sync 1 DAGs
[2026-08-08T17:56:08.509+0000] {logging_mixin.py:190} INFO - [2026-08-08T17:56:08.509+0000] {dag.py:4138} INFO - Setting next_dagrun for example_dynamic_task_mapping to 2022-03-04 00:00:00+00:00, run_after=2022-03-05 00:00:00+00:00
[2026-08-08T17:56:08.526+0000] {processor.py:208} INFO - Processing /home/airflow/.local/lib/python3.12/site-packages/airflow/example_dags/example_dynamic_task_mapping.py took 0.084 seconds
[2026-08-08T17:56:39.074+0000] {processor.py:186} INFO - Started process (PID=587) to work on /home/airflow/.local/lib/python3.12/site-packages/airflow/example_dags/example_dynamic_task_mapping.py
[2026-08-08T17:56:39.075+0000] {processor.py:914} INFO - Processing file /home/airflow/.local/lib/python3.12/site-packages/airflow/example_dags/example_dynamic_task_mapping.py for tasks to queue
[2026-08-08T17:56:39.079+0000] {logging_mixin.py:190} INFO - [2026-08-08T17:56:39.078+0000] {dagbag.py:587} INFO - Filling up the DagBag from /home/airflow/.local/lib/python3.12/site-packages/airflow/example_dags/example_dynamic_task_mapping.py
[2026-08-08T17:56:39.089+0000] {processor.py:925} INFO - DAG(s) 'example_dynamic_task_mapping' retrieved from /home/airflow/.local/lib/python3.12/site-packages/airflow/example_dags/example_dynamic_task_mapping.py
[2026-08-08T17:56:39.111+0000] {logging_mixin.py:190} INFO - [2026-08-08T17:56:39.110+0000] {dag.py:3211} INFO - Sync 1 DAGs
[2026-08-08T17:56:39.136+0000] {logging_mixin.py:190} INFO - [2026-08-08T17:56:39.136+0000] {dag.py:4138} INFO - Setting next_dagrun for example_dynamic_task_mapping to 2022-03-04 00:00:00+00:00, run_after=2022-03-05 00:00:00+00:00
[2026-08-08T17:56:39.159+0000] {processor.py:208} INFO - Processing /home/airflow/.local/lib/python3.12/site-packages/airflow/example_dags/example_dynamic_task_mapping.py took 0.093 seconds
[2026-08-08T17:57:09.498+0000] {processor.py:186} INFO - Started process (PID=650) to work on /home/airflow/.local/lib/python3.12/site-packages/airflow/example_dags/example_dynamic_task_mapping.py
[2026-08-08T17:57:09.499+0000] {processor.py:914} INFO - Processing file /home/airflow/.local/lib/python3.12/site-packages/airflow/example_dags/example_dynamic_task_mapping.py for tasks to queue
[2026-08-08T17:57:09.502+0000] {logging_mixin.py:190} INFO - [2026-08-08T17:57:09.501+0000] {dagbag.py:587} INFO - Filling up the DagBag from /home/airflow/.local/lib/python3.12/site-packages/airflow/example_dags/example_dynamic_task_mapping.py
[2026-08-08T17:57:09.511+0000] {processor.py:925} INFO - DAG(s) 'example_dynamic_task_mapping' retrieved from /home/airflow/.local/lib/python3.12/site-packages/airflow/example_dags/example_dynamic_task_mapping.py
[2026-08-08T17:57:09.531+0000] {logging_mixin.py:190} INFO - [2026-08-08T17:57:09.531+0000] {dag.py:3211} INFO - Sync 1 DAGs
[2026-08-08T17:57:09.558+0000] {logging_mixin.py:190} INFO - [2026-08-08T17:57:09.558+0000] {dag.py:4138} INFO - Setting next_dagrun for example_dynamic_task_mapping to 2022-03-04 00:00:00+00:00, run_after=2022-03-05 00:00:00+00:00
[2026-08-08T17:57:09.578+0000] {processor.py:208} INFO - Processing /home/airflow/.local/lib/python3.12/site-packages/airflow/example_dags/example_dynamic_task_mapping.py took 0.086 seconds
[2026-08-08T18:08:15.072+0000] {processor.py:186} INFO - Started process (PID=713) to work on /home/airflow/.local/lib/python3.12/site-packages/airflow/example_dags/example_dynamic_task_mapping.py
[2026-08-08T18:08:15.080+0000] {processor.py:914} INFO - Processing file /home/airflow/.local/lib/python3.12/site-packages/airflow/example_dags/example_dynamic_task_mapping.py for tasks to queue
[2026-08-08T18:08:15.094+0000] {logging_mixin.py:190} INFO - [2026-08-08T18:08:15.093+0000] {dagbag.py:587} INFO - Filling up the DagBag from /home/airflow/.local/lib/python3.12/site-packages/airflow/example_dags/example_dynamic_task_mapping.py
[2026-08-08T18:08:15.118+0000] {processor.py:925} INFO - DAG(s) 'example_dynamic_task_mapping' retrieved from /home/airflow/.local/lib/python3.12/site-packages/airflow/example_dags/example_dynamic_task_mapping.py
[2026-08-08T18:08:15.156+0000] {logging_mixin.py:190} INFO - [2026-08-08T18:08:15.155+0000] {dag.py:3211} INFO - Sync 1 DAGs
[2026-08-08T18:08:15.199+0000] {logging_mixin.py:190} INFO - [2026-08-08T18:08:15.199+0000] {dag.py:4138} INFO - Setting next_dagrun for example_dynamic_task_mapping to 2022-03-04 00:00:00+00:00, run_after=2022-03-05 00:00:00+00:00
[2026-08-08T18:08:15.233+0000] {processor.py:208} INFO - Processing /home/airflow/.local/lib/python3.12/site-packages/airflow/example_dags/example_dynamic_task_mapping.py took 0.176 seconds
[2026-08-08T18:08:45.444+0000] {processor.py:186} INFO - Started process (PID=776) to work on /home/airflow/.local/lib/python3.12/site-packages/airflow/example_dags/example_dynamic_task_mapping.py
[2026-08-08T18:08:45.453+0000] {processor.py:914} INFO - Processing file /home/airflow/.local/lib/python3.12/site-packages/airflow/example_dags/example_dynamic_task_mapping.py for tasks to queue
[2026-08-08T18:08:45.457+0000] {logging_mixin.py:190} INFO - [2026-08-08T18:08:45.457+0000] {dagbag.py:587} INFO - Filling up the DagBag from /home/airflow/.local/lib/python3.12/site-packages/airflow/example_dags/example_dynamic_task_mapping.py
[2026-08-08T18:08:45.471+0000] {processor.py:925} INFO - DAG(s) 'example_dynamic_task_mapping' retrieved from /home/airflow/.local/lib/python3.12/site-packages/airflow/example_dags/example_dynamic_task_mapping.py
[2026-08-08T18:08:45.497+0000] {logging_mixin.py:190} INFO - [2026-08-08T18:08:45.496+0000] {dag.py:3211} INFO - Sync 1 DAGs
[2026-08-08T18:08:45.525+0000] {logging_mixin.py:190} INFO - [2026-08-08T18:08:45.525+0000] {dag.py:4138} INFO - Setting next_dagrun for example_dynamic_task_mapping to 2022-03-04 00:00:00+00:00, run_after=2022-03-05 00:00:00+00:00
[2026-08-08T18:08:45.553+0000] {processor.py:208} INFO - Processing /home/airflow/.local/lib/python3.12/site-packages/airflow/example_dags/example_dynamic_task_mapping.py took 0.119 seconds
[2026-08-08T18:09:16.055+0000] {processor.py:186} INFO - Started process (PID=839) to work on /home/airflow/.local/lib/python3.12/site-packages/airflow/example_dags/example_dynamic_task_mapping.py
[2026-08-08T18:09:16.057+0000] {processor.py:914} INFO - Processing file /home/airflow/.local/lib/python3.12/site-packages/airflow/example_dags/example_dynamic_task_mapping.py for tasks to queue
[2026-08-08T18:09:16.061+0000] {logging_mixin.py:190} INFO - [2026-08-08T18:09:16.060+0000] {dagbag.py:587} INFO - Filling up the DagBag from /home/airflow/.local/lib/python3.12/site-packages/airflow/example_dags/example_dynamic_task_mapping.py
[2026-08-08T18:09:16.073+0000] {processor.py:925} INFO - DAG(s) 'example_dynamic_task_mapping' retrieved from /home/airflow/.local/lib/python3.12/site-packages/airflow/example_dags/example_dynamic_task_mapping.py
[2026-08-08T18:09:16.102+0000] {logging_mixin.py:190} INFO - [2026-08-08T18:09:16.102+0000] {dag.py:3211} INFO - Sync 1 DAGs
[2026-08-08T18:09:16.137+0000] {logging_mixin.py:190} INFO - [2026-08-08T18:09:16.136+0000] {dag.py:4138} INFO - Setting next_dagrun for example_dynamic_task_mapping to 2022-03-04 00:00:00+00:00, run_after=2022-03-05 00:00:00+00:00
[2026-08-08T18:09:16.167+0000] {processor.py:208} INFO - Processing /home/airflow/.local/lib/python3.12/site-packages/airflow/example_dags/example_dynamic_task_mapping.py took 0.122 seconds
[2026-08-08T18:09:46.568+0000] {processor.py:186} INFO - Started process (PID=902) to work on /home/airflow/.local/lib/python3.12/site-packages/airflow/example_dags/example_dynamic_task_mapping.py
[2026-08-08T18:09:46.570+0000] {processor.py:914} INFO - Processing file /home/airflow/.local/lib/python3.12/site-packages/airflow/example_dags/example_dynamic_task_mapping.py for tasks to queue
[2026-08-08T18:09:46.573+0000] {logging_mixin.py:190} INFO - [2026-08-08T18:09:46.573+0000] {dagbag.py:587} INFO - Filling up the DagBag from /home/airflow/.local/lib/python3.12/site-packages/airflow/example_dags/example_dynamic_task_mapping.py
[2026-08-08T18:09:46.586+0000] {processor.py:925} INFO - DAG(s) 'example_dynamic_task_mapping' retrieved from /home/airflow/.local/lib/python3.12/site-packages/airflow/example_dags/example_dynamic_task_mapping.py
[2026-08-08T18:09:46.613+0000] {logging_mixin.py:190} INFO - [2026-08-08T18:09:46.612+0000] {dag.py:3211} INFO - Sync 1 DAGs
[2026-08-08T18:09:46.642+0000] {logging_mixin.py:190} INFO - [2026-08-08T18:09:46.641+0000] {dag.py:4138} INFO - Setting next_dagrun for example_dynamic_task_mapping to 2022-03-04 00:00:00+00:00, run_after=2022-03-05 00:00:00+00:00
[2026-08-08T18:09:46.672+0000] {processor.py:208} INFO - Processing /home/airflow/.local/lib/python3.12/site-packages/airflow/example_dags/example_dynamic_task_mapping.py took 0.112 seconds
[2026-08-08T18:10:17.316+0000] {processor.py:186} INFO - Started process (PID=965) to work on /home/airflow/.local/lib/python3.12/site-packages/airflow/example_dags/example_dynamic_task_mapping.py
[2026-08-08T18:10:17.319+0000] {processor.py:914} INFO - Processing file /home/airflow/.local/lib/python3.12/site-packages/airflow/example_dags/example_dynamic_task_mapping.py for tasks to queue
[2026-08-08T18:10:17.323+0000] {logging_mixin.py:190} INFO - [2026-08-08T18:10:17.323+0000] {dagbag.py:587} INFO - Filling up the DagBag from /home/airflow/.local/lib/python3.12/site-packages/airflow/example_dags/example_dynamic_task_mapping.py
[2026-08-08T18:10:17.337+0000] {processor.py:925} INFO - DAG(s) 'example_dynamic_task_mapping' retrieved from /home/airflow/.local/lib/python3.12/site-packages/airflow/example_dags/example_dynamic_task_mapping.py
[2026-08-08T18:10:17.369+0000] {logging_mixin.py:190} INFO - [2026-08-08T18:10:17.369+0000] {dag.py:3211} INFO - Sync 1 DAGs
[2026-08-08T18:10:17.416+0000] {logging_mixin.py:190} INFO - [2026-08-08T18:10:17.416+0000] {dag.py:4138} INFO - Setting next_dagrun for example_dynamic_task_mapping to 2022-03-04 00:00:00+00:00, run_after=2022-03-05 00:00:00+00:00
[2026-08-08T18:10:17.446+0000] {processor.py:208} INFO - Processing /home/airflow/.local/lib/python3.12/site-packages/airflow/example_dags/example_dynamic_task_mapping.py took 0.137 seconds
[2026-08-08T18:10:47.557+0000] {processor.py:186} INFO - Started process (PID=1028) to work on /home/airflow/.local/lib/python3.12/site-packages/airflow/example_dags/example_dynamic_task_mapping.py
[2026-08-08T18:10:47.559+0000] {processor.py:914} INFO - Processing file /home/airflow/.local/lib/python3.12/site-packages/airflow/example_dags/example_dynamic_task_mapping.py for tasks to queue
[2026-08-08T18:10:47.563+0000] {logging_mixin.py:190} INFO - [2026-08-08T18:10:47.562+0000] {dagbag.py:587} INFO - Filling up the DagBag from /home/airflow/.local/lib/python3.12/site-packages/airflow/example_dags/example_dynamic_task_mapping.py
[2026-08-08T18:10:47.577+0000] {processor.py:925} INFO - DAG(s) 'example_dynamic_task_mapping' retrieved from /home/airflow/.local/lib/python3.12/site-packages/airflow/example_dags/example_dynamic_task_mapping.py
[2026-08-08T18:10:47.599+0000] {logging_mixin.py:190} INFO - [2026-08-08T18:10:47.598+0000] {dag.py:3211} INFO - Sync 1 DAGs
[2026-08-08T18:10:47.630+0000] {logging_mixin.py:190} INFO - [2026-08-08T18:10:47.630+0000] {dag.py:4138} INFO - Setting next_dagrun for example_dynamic_task_mapping to 2022-03-04 00:00:00+00:00, run_after=2022-03-05 00:00:00+00:00
[2026-08-08T18:10:47.652+0000] {processor.py:208} INFO - Processing /home/airflow/.local/lib/python3.12/site-packages/airflow/example_dags/example_dynamic_task_mapping.py took 0.101 seconds
[2026-08-08T18:11:18.482+0000] {processor.py:186} INFO - Started process (PID=1091) to work on /home/airflow/.local/lib/python3.12/site-packages/airflow/example_dags/example_dynamic_task_mapping.py
[2026-08-08T18:11:18.483+0000] {processor.py:914} INFO - Processing file /home/airflow/.local/lib/python3.12/site-packages/airflow/example_dags/example_dynamic_task_mapping.py for tasks to queue
[2026-08-08T18:11:18.486+0000] {logging_mixin.py:190} INFO - [2026-08-08T18:11:18.485+0000] {dagbag.py:587} INFO - Filling up the DagBag from /home/airflow/.local/lib/python3.12/site-packages/airflow/example_dags/example_dynamic_task_mapping.py
[2026-08-08T18:11:18.496+0000] {processor.py:925} INFO - DAG(s) 'example_dynamic_task_mapping' retrieved from /home/airflow/.local/lib/python3.12/site-packages/airflow/example_dags/example_dynamic_task_mapping.py
[2026-08-08T18:11:18.512+0000] {logging_mixin.py:190} INFO - [2026-08-08T18:11:18.512+0000] {dag.py:3211} INFO - Sync 1 DAGs
[2026-08-08T18:11:18.529+0000] {logging_mixin.py:190} INFO - [2026-08-08T18:11:18.529+0000] {dag.py:4138} INFO - Setting next_dagrun for example_dynamic_task_mapping to 2022-03-04 00:00:00+00:00, run_after=2022-03-05 00:00:00+00:00
[2026-08-08T18:11:18.557+0000] {processor.py:208} INFO - Processing /home/airflow/.local/lib/python3.12/site-packages/airflow/example_dags/example_dynamic_task_mapping.py took 0.081 seconds
[2026-08-08T18:11:49.318+0000] {processor.py:186} INFO - Started process (PID=1154) to work on /home/airflow/.local/lib/python3.12/site-packages/airflow/example_dags/example_dynamic_task_mapping.py
[2026-08-08T18:11:49.320+0000] {processor.py:914} INFO - Processing file /home/airflow/.local/lib/python3.12/site-packages/airflow/example_dags/example_dynamic_task_mapping.py for tasks to queue
[2026-08-08T18:11:49.323+0000] {logging_mixin.py:190} INFO - [2026-08-08T18:11:49.323+0000] {dagbag.py:587} INFO - Filling up the DagBag from /home/airflow/.local/lib/python3.12/site-packages/airflow/example_dags/example_dynamic_task_mapping.py
[2026-08-08T18:11:49.334+0000] {processor.py:925} INFO - DAG(s) 'example_dynamic_task_mapping' retrieved from /home/airflow/.local/lib/python3.12/site-packages/airflow/example_dags/example_dynamic_task_mapping.py
[2026-08-08T18:11:49.353+0000] {logging_mixin.py:190} INFO - [2026-08-08T18:11:49.353+0000] {dag.py:3211} INFO - Sync 1 DAGs
[2026-08-08T18:11:49.371+0000] {logging_mixin.py:190} INFO - [2026-08-08T18:11:49.371+0000] {dag.py:4138} INFO - Setting next_dagrun for example_dynamic_task_mapping to 2022-03-04 00:00:00+00:00, run_after=2022-03-05 00:00:00+00:00
[2026-08-08T18:11:49.387+0000] {processor.py:208} INFO - Processing /home/airflow/.local/lib/python3.12/site-packages/airflow/example_dags/example_dynamic_task_mapping.py took 0.076 seconds
[2026-08-08T18:13:05.587+0000] {processor.py:186} INFO - Started process (PID=83) to work on /home/airflow/.local/lib/python3.12/site-packages/airflow/example_dags/example_dynamic_task_mapping.py
[2026-08-08T18:13:05.590+0000] {processor.py:914} INFO - Processing file /home/airflow/.local/lib/python3.12/site-packages/airflow/example_dags/example_dynamic_task_mapping.py for tasks to queue
[2026-08-08T18:13:05.594+0000] {logging_mixin.py:190} INFO - [2026-08-08T18:13:05.593+0000] {dagbag.py:587} INFO - Filling up the DagBag from /home/airflow/.local/lib/python3.12/site-packages/airflow/example_dags/example_dynamic_task_mapping.py
[2026-08-08T18:13:05.605+0000] {processor.py:925} INFO - DAG(s) 'example_dynamic_task_mapping' retrieved from /home/airflow/.local/lib/python3.12/site-packages/airflow/example_dags/example_dynamic_task_mapping.py
[2026-08-08T18:13:05.638+0000] {logging_mixin.py:190} INFO - [2026-08-08T18:13:05.637+0000] {dag.py:3211} INFO - Sync 1 DAGs
[2026-08-08T18:13:05.662+0000] {logging_mixin.py:190} INFO - [2026-08-08T18:13:05.662+0000] {dag.py:4138} INFO - Setting next_dagrun for example_dynamic_task_mapping to 2022-03-04 00:00:00+00:00, run_after=2022-03-05 00:00:00+00:00
[2026-08-08T18:13:05.691+0000] {processor.py:208} INFO - Processing /home/airflow/.local/lib/python3.12/site-packages/airflow/example_dags/example_dynamic_task_mapping.py took 0.110 seconds
[2026-08-08T18:13:35.739+0000] {processor.py:186} INFO - Started process (PID=152) to work on /home/airflow/.local/lib/python3.12/site-packages/airflow/example_dags/example_dynamic_task_mapping.py
[2026-08-08T18:13:35.741+0000] {processor.py:914} INFO - Processing file /home/airflow/.local/lib/python3.12/site-packages/airflow/example_dags/example_dynamic_task_mapping.py for tasks to queue
[2026-08-08T18:13:35.744+0000] {logging_mixin.py:190} INFO - [2026-08-08T18:13:35.744+0000] {dagbag.py:587} INFO - Filling up the DagBag from /home/airflow/.local/lib/python3.12/site-packages/airflow/example_dags/example_dynamic_task_mapping.py
[2026-08-08T18:13:35.753+0000] {processor.py:925} INFO - DAG(s) 'example_dynamic_task_mapping' retrieved from /home/airflow/.local/lib/python3.12/site-packages/airflow/example_dags/example_dynamic_task_mapping.py
[2026-08-08T18:13:35.769+0000] {logging_mixin.py:190} INFO - [2026-08-08T18:13:35.769+0000] {dag.py:3211} INFO - Sync 1 DAGs
[2026-08-08T18:13:35.785+0000] {logging_mixin.py:190} INFO - [2026-08-08T18:13:35.785+0000] {dag.py:4138} INFO - Setting next_dagrun for example_dynamic_task_mapping to 2022-03-04 00:00:00+00:00, run_after=2022-03-05 00:00:00+00:00
[2026-08-08T18:13:35.802+0000] {processor.py:208} INFO - Processing /home/airflow/.local/lib/python3.12/site-packages/airflow/example_dags/example_dynamic_task_mapping.py took 0.070 seconds
[2026-08-08T18:14:06.467+0000] {processor.py:186} INFO - Started process (PID=215) to work on /home/airflow/.local/lib/python3.12/site-packages/airflow/example_dags/example_dynamic_task_mapping.py
[2026-08-08T18:14:06.470+0000] {processor.py:914} INFO - Processing file /home/airflow/.local/lib/python3.12/site-packages/airflow/example_dags/example_dynamic_task_mapping.py for tasks to queue
[2026-08-08T18:14:06.472+0000] {logging_mixin.py:190} INFO - [2026-08-08T18:14:06.472+0000] {dagbag.py:587} INFO - Filling up the DagBag from /home/airflow/.local/lib/python3.12/site-packages/airflow/example_dags/example_dynamic_task_mapping.py
[2026-08-08T18:14:06.483+0000] {processor.py:925} INFO - DAG(s) 'example_dynamic_task_mapping' retrieved from /home/airflow/.local/lib/python3.12/site-packages/airflow/example_dags/example_dynamic_task_mapping.py
[2026-08-08T18:14:06.512+0000] {logging_mixin.py:190} INFO - [2026-08-08T18:14:06.512+0000] {dag.py:3211} INFO - Sync 1 DAGs
[2026-08-08T18:14:06.536+0000] {logging_mixin.py:190} INFO - [2026-08-08T18:14:06.536+0000] {dag.py:4138} INFO - Setting next_dagrun for example_dynamic_task_mapping to 2022-03-04 00:00:00+00:00, run_after=2022-03-05 00:00:00+00:00
[2026-08-08T18:14:06.556+0000] {processor.py:208} INFO - Processing /home/airflow/.local/lib/python3.12/site-packages/airflow/example_dags/example_dynamic_task_mapping.py took 0.097 seconds
[2026-08-08T18:14:36.912+0000] {processor.py:186} INFO - Started process (PID=278) to work on /home/airflow/.local/lib/python3.12/site-packages/airflow/example_dags/example_dynamic_task_mapping.py
[2026-08-08T18:14:36.914+0000] {processor.py:914} INFO - Processing file /home/airflow/.local/lib/python3.12/site-packages/airflow/example_dags/example_dynamic_task_mapping.py for tasks to queue
[2026-08-08T18:14:36.919+0000] {logging_mixin.py:190} INFO - [2026-08-08T18:14:36.918+0000] {dagbag.py:587} INFO - Filling up the DagBag from /home/airflow/.local/lib/python3.12/site-packages/airflow/example_dags/example_dynamic_task_mapping.py
[2026-08-08T18:14:36.933+0000] {processor.py:925} INFO - DAG(s) 'example_dynamic_task_mapping' retrieved from /home/airflow/.local/lib/python3.12/site-packages/airflow/example_dags/example_dynamic_task_mapping.py
[2026-08-08T18:14:36.960+0000] {logging_mixin.py:190} INFO - [2026-08-08T18:14:36.960+0000] {dag.py:3211} INFO - Sync 1 DAGs
[2026-08-08T18:14:36.994+0000] {logging_mixin.py:190} INFO - [2026-08-08T18:14:36.993+0000] {dag.py:4138} INFO - Setting next_dagrun for example_dynamic_task_mapping to 2022-03-04 00:00:00+00:00, run_after=2022-03-05 00:00:00+00:00
[2026-08-08T18:14:37.034+0000] {processor.py:208} INFO - Processing /home/airflow/.local/lib/python3.12/site-packages/airflow/example_dags/example_dynamic_task_mapping.py took 0.133 seconds
[2026-08-08T18:15:07.929+0000] {processor.py:186} INFO - Started process (PID=341) to work on /home/airflow/.local/lib/python3.12/site-packages/airflow/example_dags/example_dynamic_task_mapping.py
[2026-08-08T18:15:07.931+0000] {processor.py:914} INFO - Processing file /home/airflow/.local/lib/python3.12/site-packages/airflow/example_dags/example_dynamic_task_mapping.py for tasks to queue
[2026-08-08T18:15:07.935+0000] {logging_mixin.py:190} INFO - [2026-08-08T18:15:07.934+0000] {dagbag.py:587} INFO - Filling up the DagBag from /home/airflow/.local/lib/python3.12/site-packages/airflow/example_dags/example_dynamic_task_mapping.py
[2026-08-08T18:15:07.949+0000] {processor.py:925} INFO - DAG(s) 'example_dynamic_task_mapping' retrieved from /home/airflow/.local/lib/python3.12/site-packages/airflow/example_dags/example_dynamic_task_mapping.py
[2026-08-08T18:15:07.985+0000] {logging_mixin.py:190} INFO - [2026-08-08T18:15:07.984+0000] {dag.py:3211} INFO - Sync 1 DAGs
[2026-08-08T18:15:08.026+0000] {logging_mixin.py:190} INFO - [2026-08-08T18:15:08.025+0000] {dag.py:4138} INFO - Setting next_dagrun for example_dynamic_task_mapping to 2022-03-04 00:00:00+00:00, run_after=2022-03-05 00:00:00+00:00
[2026-08-08T18:15:08.063+0000] {processor.py:208} INFO - Processing /home/airflow/.local/lib/python3.12/site-packages/airflow/example_dags/example_dynamic_task_mapping.py took 0.144 seconds
[2026-08-08T18:15:38.641+0000] {processor.py:186} INFO - Started process (PID=404) to work on /home/airflow/.local/lib/python3.12/site-packages/airflow/example_dags/example_dynamic_task_mapping.py
[2026-08-08T18:15:38.643+0000] {processor.py:914} INFO - Processing file /home/airflow/.local/lib/python3.12/site-packages/airflow/example_dags/example_dynamic_task_mapping.py for tasks to queue
[2026-08-08T18:15:38.647+0000] {logging_mixin.py:190} INFO - [2026-08-08T18:15:38.646+0000] {dagbag.py:587} INFO - Filling up the DagBag from /home/airflow/.local/lib/python3.12/site-packages/airflow/example_dags/example_dynamic_task_mapping.py
[2026-08-08T18:15:38.665+0000] {processor.py:925} INFO - DAG(s) 'example_dynamic_task_mapping' retrieved from /home/airflow/.local/lib/python3.12/site-packages/airflow/example_dags/example_dynamic_task_mapping.py
[2026-08-08T18:15:38.699+0000] {logging_mixin.py:190} INFO - [2026-08-08T18:15:38.698+0000] {dag.py:3211} INFO - Sync 1 DAGs
[2026-08-08T18:15:38.734+0000] {logging_mixin.py:190} INFO - [2026-08-08T18:15:38.733+0000] {dag.py:4138} INFO - Setting next_dagrun for example_dynamic_task_mapping to 2022-03-04 00:00:00+00:00, run_after=2022-03-05 00:00:00+00:00
[2026-08-08T18:15:38.767+0000] {processor.py:208} INFO - Processing /home/airflow/.local/lib/python3.12/site-packages/airflow/example_dags/example_dynamic_task_mapping.py took 0.137 seconds
[2026-08-08T18:17:10.927+0000] {processor.py:186} INFO - Started process (PID=102) to work on /home/airflow/.local/lib/python3.12/site-packages/airflow/example_dags/example_dynamic_task_mapping.py
[2026-08-08T18:17:10.929+0000] {processor.py:914} INFO - Processing file /home/airflow/.local/lib/python3.12/site-packages/airflow/example_dags/example_dynamic_task_mapping.py for tasks to queue
[2026-08-08T18:17:10.932+0000] {logging_mixin.py:190} INFO - [2026-08-08T18:17:10.932+0000] {dagbag.py:587} INFO - Filling up the DagBag from /home/airflow/.local/lib/python3.12/site-packages/airflow/example_dags/example_dynamic_task_mapping.py
[2026-08-08T18:17:10.944+0000] {processor.py:925} INFO - DAG(s) 'example_dynamic_task_mapping' retrieved from /home/airflow/.local/lib/python3.12/site-packages/airflow/example_dags/example_dynamic_task_mapping.py
[2026-08-08T18:17:10.977+0000] {logging_mixin.py:190} INFO - [2026-08-08T18:17:10.977+0000] {dag.py:3211} INFO - Sync 1 DAGs
[2026-08-08T18:17:11.009+0000] {logging_mixin.py:190} INFO - [2026-08-08T18:17:11.009+0000] {dag.py:4138} INFO - Setting next_dagrun for example_dynamic_task_mapping to 2022-03-04 00:00:00+00:00, run_after=2022-03-05 00:00:00+00:00
[2026-08-08T18:17:11.035+0000] {processor.py:208} INFO - Processing /home/airflow/.local/lib/python3.12/site-packages/airflow/example_dags/example_dynamic_task_mapping.py took 0.116 seconds
[2026-08-08T18:17:41.895+0000] {processor.py:186} INFO - Started process (PID=165) to work on /home/airflow/.local/lib/python3.12/site-packages/airflow/example_dags/example_dynamic_task_mapping.py
[2026-08-08T18:17:41.897+0000] {processor.py:914} INFO - Processing file /home/airflow/.local/lib/python3.12/site-packages/airflow/example_dags/example_dynamic_task_mapping.py for tasks to queue
[2026-08-08T18:17:41.900+0000] {logging_mixin.py:190} INFO - [2026-08-08T18:17:41.899+0000] {dagbag.py:587} INFO - Filling up the DagBag from /home/airflow/.local/lib/python3.12/site-packages/airflow/example_dags/example_dynamic_task_mapping.py
[2026-08-08T18:17:41.908+0000] {processor.py:925} INFO - DAG(s) 'example_dynamic_task_mapping' retrieved from /home/airflow/.local/lib/python3.12/site-packages/airflow/example_dags/example_dynamic_task_mapping.py
[2026-08-08T18:17:41.924+0000] {logging_mixin.py:190} INFO - [2026-08-08T18:17:41.924+0000] {dag.py:3211} INFO - Sync 1 DAGs
[2026-08-08T18:17:41.939+0000] {logging_mixin.py:190} INFO - [2026-08-08T18:17:41.939+0000] {dag.py:4138} INFO - Setting next_dagrun for example_dynamic_task_mapping to 2022-03-04 00:00:00+00:00, run_after=2022-03-05 00:00:00+00:00
[2026-08-08T18:17:41.955+0000] {processor.py:208} INFO - Processing /home/airflow/.local/lib/python3.12/site-packages/airflow/example_dags/example_dynamic_task_mapping.py took 0.065 seconds
[2026-08-08T18:18:12.565+0000] {processor.py:186} INFO - Started process (PID=228) to work on /home/airflow/.local/lib/python3.12/site-packages/airflow/example_dags/example_dynamic_task_mapping.py
[2026-08-08T18:18:12.567+0000] {processor.py:914} INFO - Processing file /home/airflow/.local/lib/python3.12/site-packages/airflow/example_dags/example_dynamic_task_mapping.py for tasks to queue
[2026-08-08T18:18:12.570+0000] {logging_mixin.py:190} INFO - [2026-08-08T18:18:12.570+0000] {dagbag.py:587} INFO - Filling up the DagBag from /home/airflow/.local/lib/python3.12/site-packages/airflow/example_dags/example_dynamic_task_mapping.py
[2026-08-08T18:18:12.579+0000] {processor.py:925} INFO - DAG(s) 'example_dynamic_task_mapping' retrieved from /home/airflow/.local/lib/python3.12/site-packages/airflow/example_dags/example_dynamic_task_mapping.py
[2026-08-08T18:18:12.606+0000] {logging_mixin.py:190} INFO - [2026-08-08T18:18:12.606+0000] {dag.py:3211} INFO - Sync 1 DAGs
[2026-08-08T18:18:12.637+0000] {logging_mixin.py:190} INFO - [2026-08-08T18:18:12.637+0000] {dag.py:4138} INFO - Setting next_dagrun for example_dynamic_task_mapping to 2022-03-04 00:00:00+00:00, run_after=2022-03-05 00:00:00+00:00
[2026-08-08T18:18:12.665+0000] {processor.py:208} INFO - Processing /home/airflow/.local/lib/python3.12/site-packages/airflow/example_dags/example_dynamic_task_mapping.py took 0.108 seconds
[2026-08-08T18:18:43.206+0000] {processor.py:186} INFO - Started process (PID=292) to work on /home/airflow/.local/lib/python3.12/site-packages/airflow/example_dags/example_dynamic_task_mapping.py
[2026-08-08T18:18:43.208+0000] {processor.py:914} INFO - Processing file /home/airflow/.local/lib/python3.12/site-packages/airflow/example_dags/example_dynamic_task_mapping.py for tasks to queue
[2026-08-08T18:18:43.211+0000] {logging_mixin.py:190} INFO - [2026-08-08T18:18:43.211+0000] {dagbag.py:587} INFO - Filling up the DagBag from /home/airflow/.local/lib/python3.12/site-packages/airflow/example_dags/example_dynamic_task_mapping.py
[2026-08-08T18:18:43.219+0000] {processor.py:925} INFO - DAG(s) 'example_dynamic_task_mapping' retrieved from /home/airflow/.local/lib/python3.12/site-packages/airflow/example_dags/example_dynamic_task_mapping.py
[2026-08-08T18:18:43.241+0000] {logging_mixin.py:190} INFO - [2026-08-08T18:18:43.240+0000] {dag.py:3211} INFO - Sync 1 DAGs
[2026-08-08T18:18:43.261+0000] {logging_mixin.py:190} INFO - [2026-08-08T18:18:43.261+0000] {dag.py:4138} INFO - Setting next_dagrun for example_dynamic_task_mapping to 2022-03-04 00:00:00+00:00, run_after=2022-03-05 00:00:00+00:00
[2026-08-08T18:18:43.286+0000] {processor.py:208} INFO - Processing /home/airflow/.local/lib/python3.12/site-packages/airflow/example_dags/example_dynamic_task_mapping.py took 0.086 seconds
[2026-08-08T18:19:13.803+0000] {processor.py:186} INFO - Started process (PID=355) to work on /home/airflow/.local/lib/python3.12/site-packages/airflow/example_dags/example_dynamic_task_mapping.py
[2026-08-08T18:19:13.804+0000] {processor.py:914} INFO - Processing file /home/airflow/.local/lib/python3.12/site-packages/airflow/example_dags/example_dynamic_task_mapping.py for tasks to queue
[2026-08-08T18:19:13.807+0000] {logging_mixin.py:190} INFO - [2026-08-08T18:19:13.807+0000] {dagbag.py:587} INFO - Filling up the DagBag from /home/airflow/.local/lib/python3.12/site-packages/airflow/example_dags/example_dynamic_task_mapping.py
[2026-08-08T18:19:13.819+0000] {processor.py:925} INFO - DAG(s) 'example_dynamic_task_mapping' retrieved from /home/airflow/.local/lib/python3.12/site-packages/airflow/example_dags/example_dynamic_task_mapping.py
[2026-08-08T18:19:13.840+0000] {logging_mixin.py:190} INFO - [2026-08-08T18:19:13.840+0000] {dag.py:3211} INFO - Sync 1 DAGs
[2026-08-08T18:19:13.864+0000] {logging_mixin.py:190} INFO - [2026-08-08T18:19:13.864+0000] {dag.py:4138} INFO - Setting next_dagrun for example_dynamic_task_mapping to 2022-03-04 00:00:00+00:00, run_after=2022-03-05 00:00:00+00:00
[2026-08-08T18:19:13.885+0000] {processor.py:208} INFO - Processing /home/airflow/.local/lib/python3.12/site-packages/airflow/example_dags/example_dynamic_task_mapping.py took 0.089 seconds
[2026-08-08T18:23:58.644+0000] {processor.py:186} INFO - Started process (PID=417) to work on /home/airflow/.local/lib/python3.12/site-packages/airflow/example_dags/example_dynamic_task_mapping.py
[2026-08-08T18:23:58.849+0000] {processor.py:914} INFO - Processing file /home/airflow/.local/lib/python3.12/site-packages/airflow/example_dags/example_dynamic_task_mapping.py for tasks to queue
[2026-08-08T18:23:58.851+0000] {logging_mixin.py:190} INFO - [2026-08-08T18:23:58.851+0000] {dagbag.py:587} INFO - Filling up the DagBag from /home/airflow/.local/lib/python3.12/site-packages/airflow/example_dags/example_dynamic_task_mapping.py
[2026-08-08T18:23:58.858+0000] {processor.py:925} INFO - DAG(s) 'example_dynamic_task_mapping' retrieved from /home/airflow/.local/lib/python3.12/site-packages/airflow/example_dags/example_dynamic_task_mapping.py
[2026-08-08T18:23:58.879+0000] {logging_mixin.py:190} INFO - [2026-08-08T18:23:58.878+0000] {dag.py:3211} INFO - Sync 1 DAGs
[2026-08-08T18:23:58.900+0000] {logging_mixin.py:190} INFO - [2026-08-08T18:23:58.900+0000] {dag.py:4138} INFO - Setting next_dagrun for example_dynamic_task_mapping to 2022-03-04 00:00:00+00:00, run_after=2022-03-05 00:00:00+00:00
[2026-08-08T18:23:59.130+0000] {processor.py:208} INFO - Processing /home/airflow/.local/lib/python3.12/site-packages/airflow/example_dags/example_dynamic_task_mapping.py took 0.492 seconds
[2026-08-08T18:24:29.660+0000] {processor.py:186} INFO - Started process (PID=480) to work on /home/airflow/.local/lib/python3.12/site-packages/airflow/example_dags/example_dynamic_task_mapping.py
[2026-08-08T18:24:29.662+0000] {processor.py:914} INFO - Processing file /home/airflow/.local/lib/python3.12/site-packages/airflow/example_dags/example_dynamic_task_mapping.py for tasks to queue
[2026-08-08T18:24:29.665+0000] {logging_mixin.py:190} INFO - [2026-08-08T18:24:29.664+0000] {dagbag.py:587} INFO - Filling up the DagBag from /home/airflow/.local/lib/python3.12/site-packages/airflow/example_dags/example_dynamic_task_mapping.py
[2026-08-08T18:24:29.674+0000] {processor.py:925} INFO - DAG(s) 'example_dynamic_task_mapping' retrieved from /home/airflow/.local/lib/python3.12/site-packages/airflow/example_dags/example_dynamic_task_mapping.py
[2026-08-08T18:24:29.695+0000] {logging_mixin.py:190} INFO - [2026-08-08T18:24:29.695+0000] {dag.py:3211} INFO - Sync 1 DAGs
[2026-08-08T18:24:29.718+0000] {logging_mixin.py:190} INFO - [2026-08-08T18:24:29.718+0000] {dag.py:4138} INFO - Setting next_dagrun for example_dynamic_task_mapping to 2022-03-04 00:00:00+00:00, run_after=2022-03-05 00:00:00+00:00
[2026-08-08T18:24:29.742+0000] {processor.py:208} INFO - Processing /home/airflow/.local/lib/python3.12/site-packages/airflow/example_dags/example_dynamic_task_mapping.py took 0.090 seconds
[2026-08-08T18:25:00.307+0000] {processor.py:186} INFO - Started process (PID=543) to work on /home/airflow/.local/lib/python3.12/site-packages/airflow/example_dags/example_dynamic_task_mapping.py
[2026-08-08T18:25:00.309+0000] {processor.py:914} INFO - Processing file /home/airflow/.local/lib/python3.12/site-packages/airflow/example_dags/example_dynamic_task_mapping.py for tasks to queue
[2026-08-08T18:25:00.313+0000] {logging_mixin.py:190} INFO - [2026-08-08T18:25:00.313+0000] {dagbag.py:587} INFO - Filling up the DagBag from /home/airflow/.local/lib/python3.12/site-packages/airflow/example_dags/example_dynamic_task_mapping.py
[2026-08-08T18:25:00.330+0000] {processor.py:925} INFO - DAG(s) 'example_dynamic_task_mapping' retrieved from /home/airflow/.local/lib/python3.12/site-packages/airflow/example_dags/example_dynamic_task_mapping.py
[2026-08-08T18:25:00.356+0000] {logging_mixin.py:190} INFO - [2026-08-08T18:25:00.356+0000] {dag.py:3211} INFO - Sync 1 DAGs
[2026-08-08T18:25:00.383+0000] {logging_mixin.py:190} INFO - [2026-08-08T18:25:00.383+0000] {dag.py:4138} INFO - Setting next_dagrun for example_dynamic_task_mapping to 2022-03-04 00:00:00+00:00, run_after=2022-03-05 00:00:00+00:00
[2026-08-08T18:25:00.403+0000] {processor.py:208} INFO - Processing /home/airflow/.local/lib/python3.12/site-packages/airflow/example_dags/example_dynamic_task_mapping.py took 0.105 seconds
[2026-08-08T18:25:30.604+0000] {processor.py:186} INFO - Started process (PID=606) to work on /home/airflow/.local/lib/python3.12/site-packages/airflow/example_dags/example_dynamic_task_mapping.py
[2026-08-08T18:25:30.606+0000] {processor.py:914} INFO - Processing file /home/airflow/.local/lib/python3.12/site-packages/airflow/example_dags/example_dynamic_task_mapping.py for tasks to queue
[2026-08-08T18:25:30.609+0000] {logging_mixin.py:190} INFO - [2026-08-08T18:25:30.609+0000] {dagbag.py:587} INFO - Filling up the DagBag from /home/airflow/.local/lib/python3.12/site-packages/airflow/example_dags/example_dynamic_task_mapping.py
[2026-08-08T18:25:30.620+0000] {processor.py:925} INFO - DAG(s) 'example_dynamic_task_mapping' retrieved from /home/airflow/.local/lib/python3.12/site-packages/airflow/example_dags/example_dynamic_task_mapping.py
[2026-08-08T18:25:30.645+0000] {logging_mixin.py:190} INFO - [2026-08-08T18:25:30.644+0000] {dag.py:3211} INFO - Sync 1 DAGs
[2026-08-08T18:25:30.667+0000] {logging_mixin.py:190} INFO - [2026-08-08T18:25:30.667+0000] {dag.py:4138} INFO - Setting next_dagrun for example_dynamic_task_mapping to 2022-03-04 00:00:00+00:00, run_after=2022-03-05 00:00:00+00:00
[2026-08-08T18:25:30.684+0000] {processor.py:208} INFO - Processing /home/airflow/.local/lib/python3.12/site-packages/airflow/example_dags/example_dynamic_task_mapping.py took 0.088 seconds
[2026-08-08T18:26:01.000+0000] {processor.py:186} INFO - Started process (PID=670) to work on /home/airflow/.local/lib/python3.12/site-packages/airflow/example_dags/example_dynamic_task_mapping.py
[2026-08-08T18:26:01.002+0000] {processor.py:914} INFO - Processing file /home/airflow/.local/lib/python3.12/site-packages/airflow/example_dags/example_dynamic_task_mapping.py for tasks to queue
[2026-08-08T18:26:01.005+0000] {logging_mixin.py:190} INFO - [2026-08-08T18:26:01.005+0000] {dagbag.py:587} INFO - Filling up the DagBag from /home/airflow/.local/lib/python3.12/site-packages/airflow/example_dags/example_dynamic_task_mapping.py
[2026-08-08T18:26:01.017+0000] {processor.py:925} INFO - DAG(s) 'example_dynamic_task_mapping' retrieved from /home/airflow/.local/lib/python3.12/site-packages/airflow/example_dags/example_dynamic_task_mapping.py
[2026-08-08T18:26:01.039+0000] {logging_mixin.py:190} INFO - [2026-08-08T18:26:01.038+0000] {dag.py:3211} INFO - Sync 1 DAGs
[2026-08-08T18:26:01.069+0000] {logging_mixin.py:190} INFO - [2026-08-08T18:26:01.068+0000] {dag.py:4138} INFO - Setting next_dagrun for example_dynamic_task_mapping to 2022-03-04 00:00:00+00:00, run_after=2022-03-05 00:00:00+00:00
[2026-08-08T18:26:01.095+0000] {processor.py:208} INFO - Processing /home/airflow/.local/lib/python3.12/site-packages/airflow/example_dags/example_dynamic_task_mapping.py took 0.103 seconds
[2026-08-08T18:26:31.207+0000] {processor.py:186} INFO - Started process (PID=732) to work on /home/airflow/.local/lib/python3.12/site-packages/airflow/example_dags/example_dynamic_task_mapping.py
[2026-08-08T18:26:31.209+0000] {processor.py:914} INFO - Processing file /home/airflow/.local/lib/python3.12/site-packages/airflow/example_dags/example_dynamic_task_mapping.py for tasks to queue
[2026-08-08T18:26:31.212+0000] {logging_mixin.py:190} INFO - [2026-08-08T18:26:31.212+0000] {dagbag.py:587} INFO - Filling up the DagBag from /home/airflow/.local/lib/python3.12/site-packages/airflow/example_dags/example_dynamic_task_mapping.py
[2026-08-08T18:26:31.225+0000] {processor.py:925} INFO - DAG(s) 'example_dynamic_task_mapping' retrieved from /home/airflow/.local/lib/python3.12/site-packages/airflow/example_dags/example_dynamic_task_mapping.py
[2026-08-08T18:26:31.259+0000] {logging_mixin.py:190} INFO - [2026-08-08T18:26:31.258+0000] {dag.py:3211} INFO - Sync 1 DAGs
[2026-08-08T18:26:31.296+0000] {logging_mixin.py:190} INFO - [2026-08-08T18:26:31.295+0000] {dag.py:4138} INFO - Setting next_dagrun for example_dynamic_task_mapping to 2022-03-04 00:00:00+00:00, run_after=2022-03-05 00:00:00+00:00
[2026-08-08T18:26:31.327+0000] {processor.py:208} INFO - Processing /home/airflow/.local/lib/python3.12/site-packages/airflow/example_dags/example_dynamic_task_mapping.py took 0.127 seconds
