[2026-08-08T17:25:14.037+0000] {processor.py:186} INFO - Started process (PID=115) to work on /home/airflow/.local/lib/python3.12/site-packages/airflow/example_dags/example_time_delta_sensor_async.py
[2026-08-08T17:25:14.038+0000] {processor.py:914} INFO - Processing file /home/airflow/.local/lib/python3.12/site-packages/airflow/example_dags/example_time_delta_sensor_async.py for tasks to queue
[2026-08-08T17:25:14.041+0000] {logging_mixin.py:190} INFO - [2026-08-08T17:25:14.041+0000] {dagbag.py:587} INFO - Filling up the DagBag from /home/airflow/.local/lib/python3.12/site-packages/airflow/example_dags/example_time_delta_sensor_async.py
[2026-08-08T17:25:14.060+0000] {processor.py:925} INFO - DAG(s) 'example_time_delta_sensor_async' retrieved from /home/airflow/.local/lib/python3.12/site-packages/airflow/example_dags/example_time_delta_sensor_async.py
[2026-08-08T17:25:14.630+0000] {logging_mixin.py:190} INFO - [2026-08-08T17:25:14.629+0000] {override.py:1858} INFO - Created Permission View: can delete on DAG:example_time_delta_sensor_async
[2026-08-08T17:25:14.871+0000] {logging_mixin.py:190} INFO - [2026-08-08T17:25:14.871+0000] {override.py:1858} INFO - Created Permission View: can edit on DAG:example_time_delta_sensor_async
[2026-08-08T17:25:14.946+0000] {logging_mixin.py:190} INFO - [2026-08-08T17:25:14.945+0000] {override.py:1858} INFO - Created Permission View: can read on DAG:example_time_delta_sensor_async
[2026-08-08T17:25:14.947+0000] {logging_mixin.py:190} INFO - [2026-08-08T17:25:14.946+0000] {dag.py:3211} INFO - Sync 1 DAGs
[2026-08-08T17:25:14.957+0000] {logging_mixin.py:190} INFO - [2026-08-08T17:25:14.957+0000] {dag.py:3234} INFO - Creating ORM DAG for example_time_delta_sensor_async
[2026-08-08T17:25:14.958+0000] {logging_mixin.py:190} INFO - [2026-08-08T17:25:14.958+0000] {dag.py:4138} INFO - Setting next_dagrun for example_time_delta_sensor_async to None, run_after=None
[2026-08-08T17:25:14.990+0000] {processor.py:208} INFO - Processing /home/airflow/.local/lib/python3.12/site-packages/airflow/example_dags/example_time_delta_sensor_async.py took 0.960 seconds
[2026-08-08T17:25:45.337+0000] {processor.py:186} INFO - Started process (PID=178) to work on /home/airflow/.local/lib/python3.12/site-packages/airflow/example_dags/example_time_delta_sensor_async.py
[2026-08-08T17:25:45.339+0000] {processor.py:914} INFO - Processing file /home/airflow/.local/lib/python3.12/site-packages/airflow/example_dags/example_time_delta_sensor_async.py for tasks to queue
[2026-08-08T17:25:45.341+0000] {logging_mixin.py:190} INFO - [2026-08-08T17:25:45.341+0000] {dagbag.py:587} INFO - Filling up the DagBag from /home/airflow/.local/lib/python3.12/site-packages/airflow/example_dags/example_time_delta_sensor_async.py
[2026-08-08T17:25:45.348+0000] {processor.py:925} INFO - DAG(s) 'example_time_delta_sensor_async' retrieved from /home/airflow/.local/lib/python3.12/site-packages/airflow/example_dags/example_time_delta_sensor_async.py
[2026-08-08T17:25:45.368+0000] {logging_mixin.py:190} INFO - [2026-08-08T17:25:45.368+0000] {dag.py:3211} INFO - Sync 1 DAGs
[2026-08-08T17:25:45.380+0000] {logging_mixin.py:190} INFO - [2026-08-08T17:25:45.380+0000] {dag.py:4138} INFO - Setting next_dagrun for example_time_delta_sensor_async to None, run_after=None
[2026-08-08T17:25:45.405+0000] {processor.py:208} INFO - Processing /home/airflow/.local/lib/python3.12/site-packages/airflow/example_dags/example_time_delta_sensor_async.py took 0.073 seconds
[2026-08-08T17:26:15.998+0000] {processor.py:186} INFO - Started process (PID=241) to work on /home/airflow/.local/lib/python3.12/site-packages/airflow/example_dags/example_time_delta_sensor_async.py
[2026-08-08T17:26:15.999+0000] {processor.py:914} INFO - Processing file /home/airflow/.local/lib/python3.12/site-packages/airflow/example_dags/example_time_delta_sensor_async.py for tasks to queue
[2026-08-08T17:26:16.001+0000] {logging_mixin.py:190} INFO - [2026-08-08T17:26:16.001+0000] {dagbag.py:587} INFO - Filling up the DagBag from /home/airflow/.local/lib/python3.12/site-packages/airflow/example_dags/example_time_delta_sensor_async.py
[2026-08-08T17:26:16.009+0000] {processor.py:925} INFO - DAG(s) 'example_time_delta_sensor_async' retrieved from /home/airflow/.local/lib/python3.12/site-packages/airflow/example_dags/example_time_delta_sensor_async.py
[2026-08-08T17:26:16.030+0000] {logging_mixin.py:190} INFO - [2026-08-08T17:26:16.030+0000] {dag.py:3211} INFO - Sync 1 DAGs
[2026-08-08T17:26:16.043+0000] {logging_mixin.py:190} INFO - [2026-08-08T17:26:16.043+0000] {dag.py:4138} INFO - Setting next_dagrun for example_time_delta_sensor_async to None, run_after=None
[2026-08-08T17:26:16.062+0000] {processor.py:208} INFO - Processing /home/airflow/.local/lib/python3.12/site-packages/airflow/example_dags/example_time_delta_sensor_async.py took 0.072 seconds
[2026-08-08T17:26:46.209+0000] {processor.py:186} INFO - Started process (PID=304) to work on /home/airflow/.local/lib/python3.12/site-packages/airflow/example_dags/example_time_delta_sensor_async.py
[2026-08-08T17:26:46.210+0000] {processor.py:914} INFO - Processing file /home/airflow/.local/lib/python3.12/site-packages/airflow/example_dags/example_time_delta_sensor_async.py for tasks to queue
[2026-08-08T17:26:46.212+0000] {logging_mixin.py:190} INFO - [2026-08-08T17:26:46.212+0000] {dagbag.py:587} INFO - Filling up the DagBag from /home/airflow/.local/lib/python3.12/site-packages/airflow/example_dags/example_time_delta_sensor_async.py
[2026-08-08T17:26:46.220+0000] {processor.py:925} INFO - DAG(s) 'example_time_delta_sensor_async' retrieved from /home/airflow/.local/lib/python3.12/site-packages/airflow/example_dags/example_time_delta_sensor_async.py
[2026-08-08T17:26:46.245+0000] {logging_mixin.py:190} INFO - [2026-08-08T17:26:46.245+0000] {dag.py:3211} INFO - Sync 1 DAGs
[2026-08-08T17:26:46.259+0000] {logging_mixin.py:190} INFO - [2026-08-08T17:26:46.259+0000] {dag.py:4138} INFO - Setting next_dagrun for example_time_delta_sensor_async to None, run_after=None
[2026-08-08T17:26:46.284+0000] {processor.py:208} INFO - Processing /home/airflow/.local/lib/python3.12/site-packages/airflow/example_dags/example_time_delta_sensor_async.py took 0.083 seconds
[2026-08-08T17:27:16.352+0000] {processor.py:186} INFO - Started process (PID=367) to work on /home/airflow/.local/lib/python3.12/site-packages/airflow/example_dags/example_time_delta_sensor_async.py
[2026-08-08T17:27:16.354+0000] {processor.py:914} INFO - Processing file /home/airflow/.local/lib/python3.12/site-packages/airflow/example_dags/example_time_delta_sensor_async.py for tasks to queue
[2026-08-08T17:27:16.356+0000] {logging_mixin.py:190} INFO - [2026-08-08T17:27:16.356+0000] {dagbag.py:587} INFO - Filling up the DagBag from /home/airflow/.local/lib/python3.12/site-packages/airflow/example_dags/example_time_delta_sensor_async.py
[2026-08-08T17:27:16.363+0000] {processor.py:925} INFO - DAG(s) 'example_time_delta_sensor_async' retrieved from /home/airflow/.local/lib/python3.12/site-packages/airflow/example_dags/example_time_delta_sensor_async.py
[2026-08-08T17:27:16.381+0000] {logging_mixin.py:190} INFO - [2026-08-08T17:27:16.380+0000] {dag.py:3211} INFO - Sync 1 DAGs
[2026-08-08T17:27:16.391+0000] {logging_mixin.py:190} INFO - [2026-08-08T17:27:16.391+0000] {dag.py:4138} INFO - Setting next_dagrun for example_time_delta_sensor_async to None, run_after=None
[2026-08-08T17:27:16.413+0000] {processor.py:208} INFO - Processing /home/airflow/.local/lib/python3.12/site-packages/airflow/example_dags/example_time_delta_sensor_async.py took 0.066 seconds
[2026-08-08T17:27:46.970+0000] {processor.py:186} INFO - Started process (PID=430) to work on /home/airflow/.local/lib/python3.12/site-packages/airflow/example_dags/example_time_delta_sensor_async.py
[2026-08-08T17:27:46.972+0000] {processor.py:914} INFO - Processing file /home/airflow/.local/lib/python3.12/site-packages/airflow/example_dags/example_time_delta_sensor_async.py for tasks to queue
[2026-08-08T17:27:46.975+0000] {logging_mixin.py:190} INFO - [2026-08-08T17:27:46.975+0000] {dagbag.py:587} INFO - Filling up the DagBag from /home/airflow/.local/lib/python3.12/site-packages/airflow/example_dags/example_time_delta_sensor_async.py
[2026-08-08T17:27:46.982+0000] {processor.py:925} INFO - DAG(s) 'example_time_delta_sensor_async' retrieved from /home/airflow/.local/lib/python3.12/site-packages/airflow/example_dags/example_time_delta_sensor_async.py
[2026-08-08T17:27:47.006+0000] {logging_mixin.py:190} INFO - [2026-08-08T17:27:47.006+0000] {dag.py:3211} INFO - Sync 1 DAGs
[2026-08-08T17:27:47.020+0000] {logging_mixin.py:190} INFO - [2026-08-08T17:27:47.020+0000] {dag.py:4138} INFO - Setting next_dagrun for example_time_delta_sensor_async to None, run_after=None
[2026-08-08T17:27:47.043+0000] {processor.py:208} INFO - Processing /home/airflow/.local/lib/python3.12/site-packages/airflow/example_dags/example_time_delta_sensor_async.py took 0.079 seconds
[2026-08-08T17:28:17.421+0000] {processor.py:186} INFO - Started process (PID=493) to work on /home/airflow/.local/lib/python3.12/site-packages/airflow/example_dags/example_time_delta_sensor_async.py
[2026-08-08T17:28:17.424+0000] {processor.py:914} INFO - Processing file /home/airflow/.local/lib/python3.12/site-packages/airflow/example_dags/example_time_delta_sensor_async.py for tasks to queue
[2026-08-08T17:28:17.428+0000] {logging_mixin.py:190} INFO - [2026-08-08T17:28:17.427+0000] {dagbag.py:587} INFO - Filling up the DagBag from /home/airflow/.local/lib/python3.12/site-packages/airflow/example_dags/example_time_delta_sensor_async.py
[2026-08-08T17:28:17.440+0000] {processor.py:925} INFO - DAG(s) 'example_time_delta_sensor_async' retrieved from /home/airflow/.local/lib/python3.12/site-packages/airflow/example_dags/example_time_delta_sensor_async.py
[2026-08-08T17:28:17.468+0000] {logging_mixin.py:190} INFO - [2026-08-08T17:28:17.467+0000] {dag.py:3211} INFO - Sync 1 DAGs
[2026-08-08T17:28:17.484+0000] {logging_mixin.py:190} INFO - [2026-08-08T17:28:17.484+0000] {dag.py:4138} INFO - Setting next_dagrun for example_time_delta_sensor_async to None, run_after=None
[2026-08-08T17:28:17.508+0000] {processor.py:208} INFO - Processing /home/airflow/.local/lib/python3.12/site-packages/airflow/example_dags/example_time_delta_sensor_async.py took 0.098 seconds
[2026-08-08T17:28:47.770+0000] {processor.py:186} INFO - Started process (PID=556) to work on /home/airflow/.local/lib/python3.12/site-packages/airflow/example_dags/example_time_delta_sensor_async.py
[2026-08-08T17:28:47.771+0000] {processor.py:914} INFO - Processing file /home/airflow/.local/lib/python3.12/site-packages/airflow/example_dags/example_time_delta_sensor_async.py for tasks to queue
[2026-08-08T17:28:47.774+0000] {logging_mixin.py:190} INFO - [2026-08-08T17:28:47.774+0000] {dagbag.py:587} INFO - Filling up the DagBag from /home/airflow/.local/lib/python3.12/site-packages/airflow/example_dags/example_time_delta_sensor_async.py
[2026-08-08T17:28:47.782+0000] {processor.py:925} INFO - DAG(s) 'example_time_delta_sensor_async' retrieved from /home/airflow/.local/lib/python3.12/site-packages/airflow/example_dags/example_time_delta_sensor_async.py
[2026-08-08T17:28:47.804+0000] {logging_mixin.py:190} INFO - [2026-08-08T17:28:47.804+0000] {dag.py:3211} INFO - Sync 1 DAGs
[2026-08-08T17:28:47.817+0000] {logging_mixin.py:190} INFO - [2026-08-08T17:28:47.817+0000] {dag.py:4138} INFO - Setting next_dagrun for example_time_delta_sensor_async to None, run_after=None
[2026-08-08T17:28:47.838+0000] {processor.py:208} INFO - Processing /home/airflow/.local/lib/python3.12/site-packages/airflow/example_dags/example_time_delta_sensor_async.py took 0.074 seconds
[2026-08-08T17:29:18.011+0000] {processor.py:186} INFO - Started process (PID=620) to work on /home/airflow/.local/lib/python3.12/site-packages/airflow/example_dags/example_time_delta_sensor_async.py
[2026-08-08T17:29:18.013+0000] {processor.py:914} INFO - Processing file /home/airflow/.local/lib/python3.12/site-packages/airflow/example_dags/example_time_delta_sensor_async.py for tasks to queue
[2026-08-08T17:29:18.016+0000] {logging_mixin.py:190} INFO - [2026-08-08T17:29:18.015+0000] {dagbag.py:587} INFO - Filling up the DagBag from /home/airflow/.local/lib/python3.12/site-packages/airflow/example_dags/example_time_delta_sensor_async.py
[2026-08-08T17:29:18.024+0000] {processor.py:925} INFO - DAG(s) 'example_time_delta_sensor_async' retrieved from /home/airflow/.local/lib/python3.12/site-packages/airflow/example_dags/example_time_delta_sensor_async.py
[2026-08-08T17:29:18.045+0000] {logging_mixin.py:190} INFO - [2026-08-08T17:29:18.045+0000] {dag.py:3211} INFO - Sync 1 DAGs
[2026-08-08T17:29:18.059+0000] {logging_mixin.py:190} INFO - [2026-08-08T17:29:18.059+0000] {dag.py:4138} INFO - Setting next_dagrun for example_time_delta_sensor_async to None, run_after=None
[2026-08-08T17:29:18.078+0000] {processor.py:208} INFO - Processing /home/airflow/.local/lib/python3.12/site-packages/airflow/example_dags/example_time_delta_sensor_async.py took 0.074 seconds
[2026-08-08T17:29:48.865+0000] {processor.py:186} INFO - Started process (PID=682) to work on /home/airflow/.local/lib/python3.12/site-packages/airflow/example_dags/example_time_delta_sensor_async.py
[2026-08-08T17:29:48.867+0000] {processor.py:914} INFO - Processing file /home/airflow/.local/lib/python3.12/site-packages/airflow/example_dags/example_time_delta_sensor_async.py for tasks to queue
[2026-08-08T17:29:48.870+0000] {logging_mixin.py:190} INFO - [2026-08-08T17:29:48.870+0000] {dagbag.py:587} INFO - Filling up the DagBag from /home/airflow/.local/lib/python3.12/site-packages/airflow/example_dags/example_time_delta_sensor_async.py
[2026-08-08T17:29:48.879+0000] {processor.py:925} INFO - DAG(s) 'example_time_delta_sensor_async' retrieved from /home/airflow/.local/lib/python3.12/site-packages/airflow/example_dags/example_time_delta_sensor_async.py
[2026-08-08T17:29:48.900+0000] {logging_mixin.py:190} INFO - [2026-08-08T17:29:48.899+0000] {dag.py:3211} INFO - Sync 1 DAGs
[2026-08-08T17:29:48.918+0000] {logging_mixin.py:190} INFO - [2026-08-08T17:29:48.918+0000] {dag.py:4138} INFO - Setting next_dagrun for example_time_delta_sensor_async to None, run_after=None
[2026-08-08T17:29:48.946+0000] {processor.py:208} INFO - Processing /home/airflow/.local/lib/python3.12/site-packages/airflow/example_dags/example_time_delta_sensor_async.py took 0.088 seconds
[2026-08-08T17:30:19.759+0000] {processor.py:186} INFO - Started process (PID=745) to work on /home/airflow/.local/lib/python3.12/site-packages/airflow/example_dags/example_time_delta_sensor_async.py
[2026-08-08T17:30:19.760+0000] {processor.py:914} INFO - Processing file /home/airflow/.local/lib/python3.12/site-packages/airflow/example_dags/example_time_delta_sensor_async.py for tasks to queue
[2026-08-08T17:30:19.763+0000] {logging_mixin.py:190} INFO - [2026-08-08T17:30:19.762+0000] {dagbag.py:587} INFO - Filling up the DagBag from /home/airflow/.local/lib/python3.12/site-packages/airflow/example_dags/example_time_delta_sensor_async.py
[2026-08-08T17:30:19.769+0000] {processor.py:925} INFO - DAG(s) 'example_time_delta_sensor_async' retrieved from /home/airflow/.local/lib/python3.12/site-packages/airflow/example_dags/example_time_delta_sensor_async.py
[2026-08-08T17:30:19.788+0000] {logging_mixin.py:190} INFO - [2026-08-08T17:30:19.787+0000] {dag.py:3211} INFO - Sync 1 DAGs
[2026-08-08T17:30:19.801+0000] {logging_mixin.py:190} INFO - [2026-08-08T17:30:19.801+0000] {dag.py:4138} INFO - Setting next_dagrun for example_time_delta_sensor_async to None, run_after=None
[2026-08-08T17:30:19.822+0000] {processor.py:208} INFO - Processing /home/airflow/.local/lib/python3.12/site-packages/airflow/example_dags/example_time_delta_sensor_async.py took 0.068 seconds
[2026-08-08T17:30:49.934+0000] {processor.py:186} INFO - Started process (PID=808) to work on /home/airflow/.local/lib/python3.12/site-packages/airflow/example_dags/example_time_delta_sensor_async.py
[2026-08-08T17:30:49.936+0000] {processor.py:914} INFO - Processing file /home/airflow/.local/lib/python3.12/site-packages/airflow/example_dags/example_time_delta_sensor_async.py for tasks to queue
[2026-08-08T17:30:49.939+0000] {logging_mixin.py:190} INFO - [2026-08-08T17:30:49.938+0000] {dagbag.py:587} INFO - Filling up the DagBag from /home/airflow/.local/lib/python3.12/site-packages/airflow/example_dags/example_time_delta_sensor_async.py
[2026-08-08T17:30:49.946+0000] {processor.py:925} INFO - DAG(s) 'example_time_delta_sensor_async' retrieved from /home/airflow/.local/lib/python3.12/site-packages/airflow/example_dags/example_time_delta_sensor_async.py
[2026-08-08T17:30:49.966+0000] {logging_mixin.py:190} INFO - [2026-08-08T17:30:49.965+0000] {dag.py:3211} INFO - Sync 1 DAGs
[2026-08-08T17:30:49.980+0000] {logging_mixin.py:190} INFO - [2026-08-08T17:30:49.980+0000] {dag.py:4138} INFO - Setting next_dagrun for example_time_delta_sensor_async to None, run_after=None
[2026-08-08T17:30:50.001+0000] {processor.py:208} INFO - Processing /home/airflow/.local/lib/python3.12/site-packages/airflow/example_dags/example_time_delta_sensor_async.py took 0.074 seconds
[2026-08-08T17:31:20.712+0000] {processor.py:186} INFO - Started process (PID=871) to work on /home/airflow/.local/lib/python3.12/site-packages/airflow/example_dags/example_time_delta_sensor_async.py
[2026-08-08T17:31:20.713+0000] {processor.py:914} INFO - Processing file /home/airflow/.local/lib/python3.12/site-packages/airflow/example_dags/example_time_delta_sensor_async.py for tasks to queue
[2026-08-08T17:31:20.716+0000] {logging_mixin.py:190} INFO - [2026-08-08T17:31:20.716+0000] {dagbag.py:587} INFO - Filling up the DagBag from /home/airflow/.local/lib/python3.12/site-packages/airflow/example_dags/example_time_delta_sensor_async.py
[2026-08-08T17:31:20.724+0000] {processor.py:925} INFO - DAG(s) 'example_time_delta_sensor_async' retrieved from /home/airflow/.local/lib/python3.12/site-packages/airflow/example_dags/example_time_delta_sensor_async.py
[2026-08-08T17:31:20.747+0000] {logging_mixin.py:190} INFO - [2026-08-08T17:31:20.746+0000] {dag.py:3211} INFO - Sync 1 DAGs
[2026-08-08T17:31:20.760+0000] {logging_mixin.py:190} INFO - [2026-08-08T17:31:20.760+0000] {dag.py:4138} INFO - Setting next_dagrun for example_time_delta_sensor_async to None, run_after=None
[2026-08-08T17:31:20.779+0000] {processor.py:208} INFO - Processing /home/airflow/.local/lib/python3.12/site-packages/airflow/example_dags/example_time_delta_sensor_async.py took 0.073 seconds
[2026-08-08T17:31:51.596+0000] {processor.py:186} INFO - Started process (PID=934) to work on /home/airflow/.local/lib/python3.12/site-packages/airflow/example_dags/example_time_delta_sensor_async.py
[2026-08-08T17:31:51.597+0000] {processor.py:914} INFO - Processing file /home/airflow/.local/lib/python3.12/site-packages/airflow/example_dags/example_time_delta_sensor_async.py for tasks to queue
[2026-08-08T17:31:51.599+0000] {logging_mixin.py:190} INFO - [2026-08-08T17:31:51.599+0000] {dagbag.py:587} INFO - Filling up the DagBag from /home/airflow/.local/lib/python3.12/site-packages/airflow/example_dags/example_time_delta_sensor_async.py
[2026-08-08T17:31:51.606+0000] {processor.py:925} INFO - DAG(s) 'example_time_delta_sensor_async' retrieved from /home/airflow/.local/lib/python3.12/site-packages/airflow/example_dags/example_time_delta_sensor_async.py
[2026-08-08T17:31:51.625+0000] {logging_mixin.py:190} INFO - [2026-08-08T17:31:51.624+0000] {dag.py:3211} INFO - Sync 1 DAGs
[2026-08-08T17:31:51.638+0000] {logging_mixin.py:190} INFO - [2026-08-08T17:31:51.638+0000] {dag.py:4138} INFO - Setting next_dagrun for example_time_delta_sensor_async to None, run_after=None
[2026-08-08T17:31:51.657+0000] {processor.py:208} INFO - Processing /home/airflow/.local/lib/python3.12/site-packages/airflow/example_dags/example_time_delta_sensor_async.py took 0.066 seconds
[2026-08-08T17:32:22.651+0000] {processor.py:186} INFO - Started process (PID=997) to work on /home/airflow/.local/lib/python3.12/site-packages/airflow/example_dags/example_time_delta_sensor_async.py
[2026-08-08T17:32:22.652+0000] {processor.py:914} INFO - Processing file /home/airflow/.local/lib/python3.12/site-packages/airflow/example_dags/example_time_delta_sensor_async.py for tasks to queue
[2026-08-08T17:32:22.655+0000] {logging_mixin.py:190} INFO - [2026-08-08T17:32:22.654+0000] {dagbag.py:587} INFO - Filling up the DagBag from /home/airflow/.local/lib/python3.12/site-packages/airflow/example_dags/example_time_delta_sensor_async.py
[2026-08-08T17:32:22.662+0000] {processor.py:925} INFO - DAG(s) 'example_time_delta_sensor_async' retrieved from /home/airflow/.local/lib/python3.12/site-packages/airflow/example_dags/example_time_delta_sensor_async.py
[2026-08-08T17:32:22.680+0000] {logging_mixin.py:190} INFO - [2026-08-08T17:32:22.679+0000] {dag.py:3211} INFO - Sync 1 DAGs
[2026-08-08T17:32:22.691+0000] {logging_mixin.py:190} INFO - [2026-08-08T17:32:22.690+0000] {dag.py:4138} INFO - Setting next_dagrun for example_time_delta_sensor_async to None, run_after=None
[2026-08-08T17:32:22.710+0000] {processor.py:208} INFO - Processing /home/airflow/.local/lib/python3.12/site-packages/airflow/example_dags/example_time_delta_sensor_async.py took 0.065 seconds
[2026-08-08T17:32:53.151+0000] {processor.py:186} INFO - Started process (PID=1061) to work on /home/airflow/.local/lib/python3.12/site-packages/airflow/example_dags/example_time_delta_sensor_async.py
[2026-08-08T17:32:53.153+0000] {processor.py:914} INFO - Processing file /home/airflow/.local/lib/python3.12/site-packages/airflow/example_dags/example_time_delta_sensor_async.py for tasks to queue
[2026-08-08T17:32:53.156+0000] {logging_mixin.py:190} INFO - [2026-08-08T17:32:53.156+0000] {dagbag.py:587} INFO - Filling up the DagBag from /home/airflow/.local/lib/python3.12/site-packages/airflow/example_dags/example_time_delta_sensor_async.py
[2026-08-08T17:32:53.166+0000] {processor.py:925} INFO - DAG(s) 'example_time_delta_sensor_async' retrieved from /home/airflow/.local/lib/python3.12/site-packages/airflow/example_dags/example_time_delta_sensor_async.py
[2026-08-08T17:32:53.188+0000] {logging_mixin.py:190} INFO - [2026-08-08T17:32:53.188+0000] {dag.py:3211} INFO - Sync 1 DAGs
[2026-08-08T17:32:53.210+0000] {logging_mixin.py:190} INFO - [2026-08-08T17:32:53.210+0000] {dag.py:4138} INFO - Setting next_dagrun for example_time_delta_sensor_async to None, run_after=None
[2026-08-08T17:32:53.237+0000] {processor.py:208} INFO - Processing /home/airflow/.local/lib/python3.12/site-packages/airflow/example_dags/example_time_delta_sensor_async.py took 0.095 seconds
[2026-08-08T17:33:23.769+0000] {processor.py:186} INFO - Started process (PID=1124) to work on /home/airflow/.local/lib/python3.12/site-packages/airflow/example_dags/example_time_delta_sensor_async.py
[2026-08-08T17:33:23.770+0000] {processor.py:914} INFO - Processing file /home/airflow/.local/lib/python3.12/site-packages/airflow/example_dags/example_time_delta_sensor_async.py for tasks to queue
[2026-08-08T17:33:23.773+0000] {logging_mixin.py:190} INFO - [2026-08-08T17:33:23.773+0000] {dagbag.py:587} INFO - Filling up the DagBag from /home/airflow/.local/lib/python3.12/site-packages/airflow/example_dags/example_time_delta_sensor_async.py
[2026-08-08T17:33:23.779+0000] {processor.py:925} INFO - DAG(s) 'example_time_delta_sensor_async' retrieved from /home/airflow/.local/lib/python3.12/site-packages/airflow/example_dags/example_time_delta_sensor_async.py
[2026-08-08T17:33:23.803+0000] {logging_mixin.py:190} INFO - [2026-08-08T17:33:23.803+0000] {dag.py:3211} INFO - Sync 1 DAGs
[2026-08-08T17:33:23.816+0000] {logging_mixin.py:190} INFO - [2026-08-08T17:33:23.815+0000] {dag.py:4138} INFO - Setting next_dagrun for example_time_delta_sensor_async to None, run_after=None
[2026-08-08T17:33:23.845+0000] {processor.py:208} INFO - Processing /home/airflow/.local/lib/python3.12/site-packages/airflow/example_dags/example_time_delta_sensor_async.py took 0.081 seconds
[2026-08-08T17:33:54.190+0000] {processor.py:186} INFO - Started process (PID=1187) to work on /home/airflow/.local/lib/python3.12/site-packages/airflow/example_dags/example_time_delta_sensor_async.py
[2026-08-08T17:33:54.191+0000] {processor.py:914} INFO - Processing file /home/airflow/.local/lib/python3.12/site-packages/airflow/example_dags/example_time_delta_sensor_async.py for tasks to queue
[2026-08-08T17:33:54.193+0000] {logging_mixin.py:190} INFO - [2026-08-08T17:33:54.193+0000] {dagbag.py:587} INFO - Filling up the DagBag from /home/airflow/.local/lib/python3.12/site-packages/airflow/example_dags/example_time_delta_sensor_async.py
[2026-08-08T17:33:54.200+0000] {processor.py:925} INFO - DAG(s) 'example_time_delta_sensor_async' retrieved from /home/airflow/.local/lib/python3.12/site-packages/airflow/example_dags/example_time_delta_sensor_async.py
[2026-08-08T17:33:54.216+0000] {logging_mixin.py:190} INFO - [2026-08-08T17:33:54.216+0000] {dag.py:3211} INFO - Sync 1 DAGs
[2026-08-08T17:33:54.226+0000] {logging_mixin.py:190} INFO - [2026-08-08T17:33:54.225+0000] {dag.py:4138} INFO - Setting next_dagrun for example_time_delta_sensor_async to None, run_after=None
[2026-08-08T17:33:54.241+0000] {processor.py:208} INFO - Processing /home/airflow/.local/lib/python3.12/site-packages/airflow/example_dags/example_time_delta_sensor_async.py took 0.056 seconds
[2026-08-08T17:34:24.318+0000] {processor.py:186} INFO - Started process (PID=1250) to work on /home/airflow/.local/lib/python3.12/site-packages/airflow/example_dags/example_time_delta_sensor_async.py
[2026-08-08T17:34:24.320+0000] {processor.py:914} INFO - Processing file /home/airflow/.local/lib/python3.12/site-packages/airflow/example_dags/example_time_delta_sensor_async.py for tasks to queue
[2026-08-08T17:34:24.322+0000] {logging_mixin.py:190} INFO - [2026-08-08T17:34:24.322+0000] {dagbag.py:587} INFO - Filling up the DagBag from /home/airflow/.local/lib/python3.12/site-packages/airflow/example_dags/example_time_delta_sensor_async.py
[2026-08-08T17:34:24.329+0000] {processor.py:925} INFO - DAG(s) 'example_time_delta_sensor_async' retrieved from /home/airflow/.local/lib/python3.12/site-packages/airflow/example_dags/example_time_delta_sensor_async.py
[2026-08-08T17:34:24.351+0000] {logging_mixin.py:190} INFO - [2026-08-08T17:34:24.351+0000] {dag.py:3211} INFO - Sync 1 DAGs
[2026-08-08T17:34:24.363+0000] {logging_mixin.py:190} INFO - [2026-08-08T17:34:24.363+0000] {dag.py:4138} INFO - Setting next_dagrun for example_time_delta_sensor_async to None, run_after=None
[2026-08-08T17:34:24.384+0000] {processor.py:208} INFO - Processing /home/airflow/.local/lib/python3.12/site-packages/airflow/example_dags/example_time_delta_sensor_async.py took 0.072 seconds
[2026-08-08T17:34:55.147+0000] {processor.py:186} INFO - Started process (PID=1313) to work on /home/airflow/.local/lib/python3.12/site-packages/airflow/example_dags/example_time_delta_sensor_async.py
[2026-08-08T17:34:55.149+0000] {processor.py:914} INFO - Processing file /home/airflow/.local/lib/python3.12/site-packages/airflow/example_dags/example_time_delta_sensor_async.py for tasks to queue
[2026-08-08T17:34:55.151+0000] {logging_mixin.py:190} INFO - [2026-08-08T17:34:55.151+0000] {dagbag.py:587} INFO - Filling up the DagBag from /home/airflow/.local/lib/python3.12/site-packages/airflow/example_dags/example_time_delta_sensor_async.py
[2026-08-08T17:34:55.157+0000] {processor.py:925} INFO - DAG(s) 'example_time_delta_sensor_async' retrieved from /home/airflow/.local/lib/python3.12/site-packages/airflow/example_dags/example_time_delta_sensor_async.py
[2026-08-08T17:34:55.174+0000] {logging_mixin.py:190} INFO - [2026-08-08T17:34:55.174+0000] {dag.py:3211} INFO - Sync 1 DAGs
[2026-08-08T17:34:55.187+0000] {logging_mixin.py:190} INFO - [2026-08-08T17:34:55.187+0000] {dag.py:4138} INFO - Setting next_dagrun for example_time_delta_sensor_async to None, run_after=None
[2026-08-08T17:34:55.205+0000] {processor.py:208} INFO - Processing /home/airflow/.local/lib/python3.12/site-packages/airflow/example_dags/example_time_delta_sensor_async.py took 0.063 seconds
[2026-08-08T17:35:25.752+0000] {processor.py:186} INFO - Started process (PID=1376) to work on /home/airflow/.local/lib/python3.12/site-packages/airflow/example_dags/example_time_delta_sensor_async.py
[2026-08-08T17:35:25.754+0000] {processor.py:914} INFO - Processing file /home/airflow/.local/lib/python3.12/site-packages/airflow/example_dags/example_time_delta_sensor_async.py for tasks to queue
[2026-08-08T17:35:25.757+0000] {logging_mixin.py:190} INFO - [2026-08-08T17:35:25.757+0000] {dagbag.py:587} INFO - Filling up the DagBag from /home/airflow/.local/lib/python3.12/site-packages/airflow/example_dags/example_time_delta_sensor_async.py
[2026-08-08T17:35:25.765+0000] {processor.py:925} INFO - DAG(s) 'example_time_delta_sensor_async' retrieved from /home/airflow/.local/lib/python3.12/site-packages/airflow/example_dags/example_time_delta_sensor_async.py
[2026-08-08T17:35:25.783+0000] {logging_mixin.py:190} INFO - [2026-08-08T17:35:25.783+0000] {dag.py:3211} INFO - Sync 1 DAGs
[2026-08-08T17:35:25.795+0000] {logging_mixin.py:190} INFO - [2026-08-08T17:35:25.795+0000] {dag.py:4138} INFO - Setting next_dagrun for example_time_delta_sensor_async to None, run_after=None
[2026-08-08T17:35:25.815+0000] {processor.py:208} INFO - Processing /home/airflow/.local/lib/python3.12/site-packages/airflow/example_dags/example_time_delta_sensor_async.py took 0.069 seconds
[2026-08-08T17:35:56.110+0000] {processor.py:186} INFO - Started process (PID=1439) to work on /home/airflow/.local/lib/python3.12/site-packages/airflow/example_dags/example_time_delta_sensor_async.py
[2026-08-08T17:35:56.112+0000] {processor.py:914} INFO - Processing file /home/airflow/.local/lib/python3.12/site-packages/airflow/example_dags/example_time_delta_sensor_async.py for tasks to queue
[2026-08-08T17:35:56.115+0000] {logging_mixin.py:190} INFO - [2026-08-08T17:35:56.114+0000] {dagbag.py:587} INFO - Filling up the DagBag from /home/airflow/.local/lib/python3.12/site-packages/airflow/example_dags/example_time_delta_sensor_async.py
[2026-08-08T17:35:56.122+0000] {processor.py:925} INFO - DAG(s) 'example_time_delta_sensor_async' retrieved from /home/airflow/.local/lib/python3.12/site-packages/airflow/example_dags/example_time_delta_sensor_async.py
[2026-08-08T17:35:56.145+0000] {logging_mixin.py:190} INFO - [2026-08-08T17:35:56.144+0000] {dag.py:3211} INFO - Sync 1 DAGs
[2026-08-08T17:35:56.158+0000] {logging_mixin.py:190} INFO - [2026-08-08T17:35:56.157+0000] {dag.py:4138} INFO - Setting next_dagrun for example_time_delta_sensor_async to None, run_after=None
[2026-08-08T17:35:56.177+0000] {processor.py:208} INFO - Processing /home/airflow/.local/lib/python3.12/site-packages/airflow/example_dags/example_time_delta_sensor_async.py took 0.075 seconds
[2026-08-08T17:36:26.595+0000] {processor.py:186} INFO - Started process (PID=1502) to work on /home/airflow/.local/lib/python3.12/site-packages/airflow/example_dags/example_time_delta_sensor_async.py
[2026-08-08T17:36:26.597+0000] {processor.py:914} INFO - Processing file /home/airflow/.local/lib/python3.12/site-packages/airflow/example_dags/example_time_delta_sensor_async.py for tasks to queue
[2026-08-08T17:36:26.599+0000] {logging_mixin.py:190} INFO - [2026-08-08T17:36:26.599+0000] {dagbag.py:587} INFO - Filling up the DagBag from /home/airflow/.local/lib/python3.12/site-packages/airflow/example_dags/example_time_delta_sensor_async.py
[2026-08-08T17:36:26.607+0000] {processor.py:925} INFO - DAG(s) 'example_time_delta_sensor_async' retrieved from /home/airflow/.local/lib/python3.12/site-packages/airflow/example_dags/example_time_delta_sensor_async.py
[2026-08-08T17:36:26.627+0000] {logging_mixin.py:190} INFO - [2026-08-08T17:36:26.627+0000] {dag.py:3211} INFO - Sync 1 DAGs
[2026-08-08T17:36:26.639+0000] {logging_mixin.py:190} INFO - [2026-08-08T17:36:26.638+0000] {dag.py:4138} INFO - Setting next_dagrun for example_time_delta_sensor_async to None, run_after=None
[2026-08-08T17:36:26.656+0000] {processor.py:208} INFO - Processing /home/airflow/.local/lib/python3.12/site-packages/airflow/example_dags/example_time_delta_sensor_async.py took 0.066 seconds
[2026-08-08T17:38:17.470+0000] {processor.py:186} INFO - Started process (PID=103) to work on /home/airflow/.local/lib/python3.12/site-packages/airflow/example_dags/example_time_delta_sensor_async.py
[2026-08-08T17:38:17.478+0000] {processor.py:914} INFO - Processing file /home/airflow/.local/lib/python3.12/site-packages/airflow/example_dags/example_time_delta_sensor_async.py for tasks to queue
[2026-08-08T17:38:17.490+0000] {logging_mixin.py:190} INFO - [2026-08-08T17:38:17.490+0000] {dagbag.py:587} INFO - Filling up the DagBag from /home/airflow/.local/lib/python3.12/site-packages/airflow/example_dags/example_time_delta_sensor_async.py
[2026-08-08T17:38:17.496+0000] {processor.py:925} INFO - DAG(s) 'example_time_delta_sensor_async' retrieved from /home/airflow/.local/lib/python3.12/site-packages/airflow/example_dags/example_time_delta_sensor_async.py
[2026-08-08T17:38:17.517+0000] {logging_mixin.py:190} INFO - [2026-08-08T17:38:17.517+0000] {dag.py:3211} INFO - Sync 1 DAGs
[2026-08-08T17:38:17.532+0000] {logging_mixin.py:190} INFO - [2026-08-08T17:38:17.532+0000] {dag.py:4138} INFO - Setting next_dagrun for example_time_delta_sensor_async to None, run_after=None
[2026-08-08T17:38:17.550+0000] {processor.py:208} INFO - Processing /home/airflow/.local/lib/python3.12/site-packages/airflow/example_dags/example_time_delta_sensor_async.py took 0.085 seconds
[2026-08-08T17:38:48.569+0000] {processor.py:186} INFO - Started process (PID=166) to work on /home/airflow/.local/lib/python3.12/site-packages/airflow/example_dags/example_time_delta_sensor_async.py
[2026-08-08T17:38:48.571+0000] {processor.py:914} INFO - Processing file /home/airflow/.local/lib/python3.12/site-packages/airflow/example_dags/example_time_delta_sensor_async.py for tasks to queue
[2026-08-08T17:38:48.573+0000] {logging_mixin.py:190} INFO - [2026-08-08T17:38:48.573+0000] {dagbag.py:587} INFO - Filling up the DagBag from /home/airflow/.local/lib/python3.12/site-packages/airflow/example_dags/example_time_delta_sensor_async.py
[2026-08-08T17:38:48.585+0000] {processor.py:925} INFO - DAG(s) 'example_time_delta_sensor_async' retrieved from /home/airflow/.local/lib/python3.12/site-packages/airflow/example_dags/example_time_delta_sensor_async.py
[2026-08-08T17:38:48.610+0000] {logging_mixin.py:190} INFO - [2026-08-08T17:38:48.610+0000] {dag.py:3211} INFO - Sync 1 DAGs
[2026-08-08T17:38:48.626+0000] {logging_mixin.py:190} INFO - [2026-08-08T17:38:48.626+0000] {dag.py:4138} INFO - Setting next_dagrun for example_time_delta_sensor_async to None, run_after=None
[2026-08-08T17:38:48.650+0000] {processor.py:208} INFO - Processing /home/airflow/.local/lib/python3.12/site-packages/airflow/example_dags/example_time_delta_sensor_async.py took 0.087 seconds
[2026-08-08T17:39:19.433+0000] {processor.py:186} INFO - Started process (PID=229) to work on /home/airflow/.local/lib/python3.12/site-packages/airflow/example_dags/example_time_delta_sensor_async.py
[2026-08-08T17:39:19.436+0000] {processor.py:914} INFO - Processing file /home/airflow/.local/lib/python3.12/site-packages/airflow/example_dags/example_time_delta_sensor_async.py for tasks to queue
[2026-08-08T17:39:19.440+0000] {logging_mixin.py:190} INFO - [2026-08-08T17:39:19.439+0000] {dagbag.py:587} INFO - Filling up the DagBag from /home/airflow/.local/lib/python3.12/site-packages/airflow/example_dags/example_time_delta_sensor_async.py
[2026-08-08T17:39:19.448+0000] {processor.py:925} INFO - DAG(s) 'example_time_delta_sensor_async' retrieved from /home/airflow/.local/lib/python3.12/site-packages/airflow/example_dags/example_time_delta_sensor_async.py
[2026-08-08T17:39:19.471+0000] {logging_mixin.py:190} INFO - [2026-08-08T17:39:19.471+0000] {dag.py:3211} INFO - Sync 1 DAGs
[2026-08-08T17:39:19.486+0000] {logging_mixin.py:190} INFO - [2026-08-08T17:39:19.486+0000] {dag.py:4138} INFO - Setting next_dagrun for example_time_delta_sensor_async to None, run_after=None
[2026-08-08T17:39:19.512+0000] {processor.py:208} INFO - Processing /home/airflow/.local/lib/python3.12/site-packages/airflow/example_dags/example_time_delta_sensor_async.py took 0.085 seconds
[2026-08-08T17:39:49.931+0000] {processor.py:186} INFO - Started process (PID=292) to work on /home/airflow/.local/lib/python3.12/site-packages/airflow/example_dags/example_time_delta_sensor_async.py
[2026-08-08T17:39:49.934+0000] {processor.py:914} INFO - Processing file /home/airflow/.local/lib/python3.12/site-packages/airflow/example_dags/example_time_delta_sensor_async.py for tasks to queue
[2026-08-08T17:39:49.939+0000] {logging_mixin.py:190} INFO - [2026-08-08T17:39:49.938+0000] {dagbag.py:587} INFO - Filling up the DagBag from /home/airflow/.local/lib/python3.12/site-packages/airflow/example_dags/example_time_delta_sensor_async.py
[2026-08-08T17:39:49.945+0000] {processor.py:925} INFO - DAG(s) 'example_time_delta_sensor_async' retrieved from /home/airflow/.local/lib/python3.12/site-packages/airflow/example_dags/example_time_delta_sensor_async.py
[2026-08-08T17:39:49.967+0000] {logging_mixin.py:190} INFO - [2026-08-08T17:39:49.966+0000] {dag.py:3211} INFO - Sync 1 DAGs
[2026-08-08T17:39:49.981+0000] {logging_mixin.py:190} INFO - [2026-08-08T17:39:49.981+0000] {dag.py:4138} INFO - Setting next_dagrun for example_time_delta_sensor_async to None, run_after=None
[2026-08-08T17:39:50.003+0000] {processor.py:208} INFO - Processing /home/airflow/.local/lib/python3.12/site-packages/airflow/example_dags/example_time_delta_sensor_async.py took 0.077 seconds
[2026-08-08T17:42:41.683+0000] {processor.py:186} INFO - Started process (PID=115) to work on /home/airflow/.local/lib/python3.12/site-packages/airflow/example_dags/example_time_delta_sensor_async.py
[2026-08-08T17:42:41.685+0000] {processor.py:914} INFO - Processing file /home/airflow/.local/lib/python3.12/site-packages/airflow/example_dags/example_time_delta_sensor_async.py for tasks to queue
[2026-08-08T17:42:41.689+0000] {logging_mixin.py:190} INFO - [2026-08-08T17:42:41.688+0000] {dagbag.py:587} INFO - Filling up the DagBag from /home/airflow/.local/lib/python3.12/site-packages/airflow/example_dags/example_time_delta_sensor_async.py
[2026-08-08T17:42:41.708+0000] {processor.py:925} INFO - DAG(s) 'example_time_delta_sensor_async' retrieved from /home/airflow/.local/lib/python3.12/site-packages/airflow/example_dags/example_time_delta_sensor_async.py
[2026-08-08T17:42:41.750+0000] {logging_mixin.py:190} INFO - [2026-08-08T17:42:41.749+0000] {dag.py:3211} INFO - Sync 1 DAGs
[2026-08-08T17:42:41.780+0000] {logging_mixin.py:190} INFO - [2026-08-08T17:42:41.780+0000] {dag.py:4138} INFO - Setting next_dagrun for example_time_delta_sensor_async to None, run_after=None
[2026-08-08T17:42:41.820+0000] {processor.py:208} INFO - Processing /home/airflow/.local/lib/python3.12/site-packages/airflow/example_dags/example_time_delta_sensor_async.py took 0.149 seconds
[2026-08-08T17:43:12.207+0000] {processor.py:186} INFO - Started process (PID=178) to work on /home/airflow/.local/lib/python3.12/site-packages/airflow/example_dags/example_time_delta_sensor_async.py
[2026-08-08T17:43:12.208+0000] {processor.py:914} INFO - Processing file /home/airflow/.local/lib/python3.12/site-packages/airflow/example_dags/example_time_delta_sensor_async.py for tasks to queue
[2026-08-08T17:43:12.211+0000] {logging_mixin.py:190} INFO - [2026-08-08T17:43:12.211+0000] {dagbag.py:587} INFO - Filling up the DagBag from /home/airflow/.local/lib/python3.12/site-packages/airflow/example_dags/example_time_delta_sensor_async.py
[2026-08-08T17:43:12.218+0000] {processor.py:925} INFO - DAG(s) 'example_time_delta_sensor_async' retrieved from /home/airflow/.local/lib/python3.12/site-packages/airflow/example_dags/example_time_delta_sensor_async.py
[2026-08-08T17:43:12.241+0000] {logging_mixin.py:190} INFO - [2026-08-08T17:43:12.240+0000] {dag.py:3211} INFO - Sync 1 DAGs
[2026-08-08T17:43:12.255+0000] {logging_mixin.py:190} INFO - [2026-08-08T17:43:12.255+0000] {dag.py:4138} INFO - Setting next_dagrun for example_time_delta_sensor_async to None, run_after=None
[2026-08-08T17:43:12.275+0000] {processor.py:208} INFO - Processing /home/airflow/.local/lib/python3.12/site-packages/airflow/example_dags/example_time_delta_sensor_async.py took 0.072 seconds
[2026-08-08T17:43:43.579+0000] {processor.py:186} INFO - Started process (PID=241) to work on /home/airflow/.local/lib/python3.12/site-packages/airflow/example_dags/example_time_delta_sensor_async.py
[2026-08-08T17:43:43.580+0000] {processor.py:914} INFO - Processing file /home/airflow/.local/lib/python3.12/site-packages/airflow/example_dags/example_time_delta_sensor_async.py for tasks to queue
[2026-08-08T17:43:43.582+0000] {logging_mixin.py:190} INFO - [2026-08-08T17:43:43.582+0000] {dagbag.py:587} INFO - Filling up the DagBag from /home/airflow/.local/lib/python3.12/site-packages/airflow/example_dags/example_time_delta_sensor_async.py
[2026-08-08T17:43:43.591+0000] {processor.py:925} INFO - DAG(s) 'example_time_delta_sensor_async' retrieved from /home/airflow/.local/lib/python3.12/site-packages/airflow/example_dags/example_time_delta_sensor_async.py
[2026-08-08T17:43:43.611+0000] {logging_mixin.py:190} INFO - [2026-08-08T17:43:43.610+0000] {dag.py:3211} INFO - Sync 1 DAGs
[2026-08-08T17:43:43.622+0000] {logging_mixin.py:190} INFO - [2026-08-08T17:43:43.622+0000] {dag.py:4138} INFO - Setting next_dagrun for example_time_delta_sensor_async to None, run_after=None
[2026-08-08T17:43:43.642+0000] {processor.py:208} INFO - Processing /home/airflow/.local/lib/python3.12/site-packages/airflow/example_dags/example_time_delta_sensor_async.py took 0.069 seconds
[2026-08-08T17:44:14.423+0000] {processor.py:186} INFO - Started process (PID=304) to work on /home/airflow/.local/lib/python3.12/site-packages/airflow/example_dags/example_time_delta_sensor_async.py
[2026-08-08T17:44:14.425+0000] {processor.py:914} INFO - Processing file /home/airflow/.local/lib/python3.12/site-packages/airflow/example_dags/example_time_delta_sensor_async.py for tasks to queue
[2026-08-08T17:44:14.429+0000] {logging_mixin.py:190} INFO - [2026-08-08T17:44:14.428+0000] {dagbag.py:587} INFO - Filling up the DagBag from /home/airflow/.local/lib/python3.12/site-packages/airflow/example_dags/example_time_delta_sensor_async.py
[2026-08-08T17:44:14.439+0000] {processor.py:925} INFO - DAG(s) 'example_time_delta_sensor_async' retrieved from /home/airflow/.local/lib/python3.12/site-packages/airflow/example_dags/example_time_delta_sensor_async.py
[2026-08-08T17:44:14.472+0000] {logging_mixin.py:190} INFO - [2026-08-08T17:44:14.472+0000] {dag.py:3211} INFO - Sync 1 DAGs
[2026-08-08T17:44:14.492+0000] {logging_mixin.py:190} INFO - [2026-08-08T17:44:14.491+0000] {dag.py:4138} INFO - Setting next_dagrun for example_time_delta_sensor_async to None, run_after=None
[2026-08-08T17:44:14.525+0000] {processor.py:208} INFO - Processing /home/airflow/.local/lib/python3.12/site-packages/airflow/example_dags/example_time_delta_sensor_async.py took 0.111 seconds
[2026-08-08T17:44:45.011+0000] {processor.py:186} INFO - Started process (PID=367) to work on /home/airflow/.local/lib/python3.12/site-packages/airflow/example_dags/example_time_delta_sensor_async.py
[2026-08-08T17:44:45.012+0000] {processor.py:914} INFO - Processing file /home/airflow/.local/lib/python3.12/site-packages/airflow/example_dags/example_time_delta_sensor_async.py for tasks to queue
[2026-08-08T17:44:45.016+0000] {logging_mixin.py:190} INFO - [2026-08-08T17:44:45.015+0000] {dagbag.py:587} INFO - Filling up the DagBag from /home/airflow/.local/lib/python3.12/site-packages/airflow/example_dags/example_time_delta_sensor_async.py
[2026-08-08T17:44:45.025+0000] {processor.py:925} INFO - DAG(s) 'example_time_delta_sensor_async' retrieved from /home/airflow/.local/lib/python3.12/site-packages/airflow/example_dags/example_time_delta_sensor_async.py
[2026-08-08T17:44:45.051+0000] {logging_mixin.py:190} INFO - [2026-08-08T17:44:45.050+0000] {dag.py:3211} INFO - Sync 1 DAGs
[2026-08-08T17:44:45.067+0000] {logging_mixin.py:190} INFO - [2026-08-08T17:44:45.066+0000] {dag.py:4138} INFO - Setting next_dagrun for example_time_delta_sensor_async to None, run_after=None
[2026-08-08T17:44:45.091+0000] {processor.py:208} INFO - Processing /home/airflow/.local/lib/python3.12/site-packages/airflow/example_dags/example_time_delta_sensor_async.py took 0.088 seconds
[2026-08-08T17:45:15.293+0000] {processor.py:186} INFO - Started process (PID=430) to work on /home/airflow/.local/lib/python3.12/site-packages/airflow/example_dags/example_time_delta_sensor_async.py
[2026-08-08T17:45:15.295+0000] {processor.py:914} INFO - Processing file /home/airflow/.local/lib/python3.12/site-packages/airflow/example_dags/example_time_delta_sensor_async.py for tasks to queue
[2026-08-08T17:45:15.298+0000] {logging_mixin.py:190} INFO - [2026-08-08T17:45:15.298+0000] {dagbag.py:587} INFO - Filling up the DagBag from /home/airflow/.local/lib/python3.12/site-packages/airflow/example_dags/example_time_delta_sensor_async.py
[2026-08-08T17:45:15.306+0000] {processor.py:925} INFO - DAG(s) 'example_time_delta_sensor_async' retrieved from /home/airflow/.local/lib/python3.12/site-packages/airflow/example_dags/example_time_delta_sensor_async.py
[2026-08-08T17:45:15.329+0000] {logging_mixin.py:190} INFO - [2026-08-08T17:45:15.329+0000] {dag.py:3211} INFO - Sync 1 DAGs
[2026-08-08T17:45:15.342+0000] {logging_mixin.py:190} INFO - [2026-08-08T17:45:15.342+0000] {dag.py:4138} INFO - Setting next_dagrun for example_time_delta_sensor_async to None, run_after=None
[2026-08-08T17:45:15.363+0000] {processor.py:208} INFO - Processing /home/airflow/.local/lib/python3.12/site-packages/airflow/example_dags/example_time_delta_sensor_async.py took 0.077 seconds
[2026-08-08T17:45:45.604+0000] {processor.py:186} INFO - Started process (PID=493) to work on /home/airflow/.local/lib/python3.12/site-packages/airflow/example_dags/example_time_delta_sensor_async.py
[2026-08-08T17:45:45.605+0000] {processor.py:914} INFO - Processing file /home/airflow/.local/lib/python3.12/site-packages/airflow/example_dags/example_time_delta_sensor_async.py for tasks to queue
[2026-08-08T17:45:45.608+0000] {logging_mixin.py:190} INFO - [2026-08-08T17:45:45.608+0000] {dagbag.py:587} INFO - Filling up the DagBag from /home/airflow/.local/lib/python3.12/site-packages/airflow/example_dags/example_time_delta_sensor_async.py
[2026-08-08T17:45:45.617+0000] {processor.py:925} INFO - DAG(s) 'example_time_delta_sensor_async' retrieved from /home/airflow/.local/lib/python3.12/site-packages/airflow/example_dags/example_time_delta_sensor_async.py
[2026-08-08T17:45:45.641+0000] {logging_mixin.py:190} INFO - [2026-08-08T17:45:45.641+0000] {dag.py:3211} INFO - Sync 1 DAGs
[2026-08-08T17:45:45.659+0000] {logging_mixin.py:190} INFO - [2026-08-08T17:45:45.658+0000] {dag.py:4138} INFO - Setting next_dagrun for example_time_delta_sensor_async to None, run_after=None
[2026-08-08T17:45:45.681+0000] {processor.py:208} INFO - Processing /home/airflow/.local/lib/python3.12/site-packages/airflow/example_dags/example_time_delta_sensor_async.py took 0.086 seconds
[2026-08-08T17:47:15.807+0000] {processor.py:186} INFO - Started process (PID=116) to work on /home/airflow/.local/lib/python3.12/site-packages/airflow/example_dags/example_time_delta_sensor_async.py
[2026-08-08T17:47:15.810+0000] {processor.py:914} INFO - Processing file /home/airflow/.local/lib/python3.12/site-packages/airflow/example_dags/example_time_delta_sensor_async.py for tasks to queue
[2026-08-08T17:47:15.815+0000] {logging_mixin.py:190} INFO - [2026-08-08T17:47:15.814+0000] {dagbag.py:587} INFO - Filling up the DagBag from /home/airflow/.local/lib/python3.12/site-packages/airflow/example_dags/example_time_delta_sensor_async.py
[2026-08-08T17:47:15.829+0000] {processor.py:925} INFO - DAG(s) 'example_time_delta_sensor_async' retrieved from /home/airflow/.local/lib/python3.12/site-packages/airflow/example_dags/example_time_delta_sensor_async.py
[2026-08-08T17:47:15.872+0000] {logging_mixin.py:190} INFO - [2026-08-08T17:47:15.871+0000] {dag.py:3211} INFO - Sync 1 DAGs
[2026-08-08T17:47:15.896+0000] {logging_mixin.py:190} INFO - [2026-08-08T17:47:15.895+0000] {dag.py:4138} INFO - Setting next_dagrun for example_time_delta_sensor_async to None, run_after=None
[2026-08-08T17:47:15.929+0000] {processor.py:208} INFO - Processing /home/airflow/.local/lib/python3.12/site-packages/airflow/example_dags/example_time_delta_sensor_async.py took 0.142 seconds
[2026-08-08T17:47:46.514+0000] {processor.py:186} INFO - Started process (PID=179) to work on /home/airflow/.local/lib/python3.12/site-packages/airflow/example_dags/example_time_delta_sensor_async.py
[2026-08-08T17:47:46.517+0000] {processor.py:914} INFO - Processing file /home/airflow/.local/lib/python3.12/site-packages/airflow/example_dags/example_time_delta_sensor_async.py for tasks to queue
[2026-08-08T17:47:46.520+0000] {logging_mixin.py:190} INFO - [2026-08-08T17:47:46.519+0000] {dagbag.py:587} INFO - Filling up the DagBag from /home/airflow/.local/lib/python3.12/site-packages/airflow/example_dags/example_time_delta_sensor_async.py
[2026-08-08T17:47:46.527+0000] {processor.py:925} INFO - DAG(s) 'example_time_delta_sensor_async' retrieved from /home/airflow/.local/lib/python3.12/site-packages/airflow/example_dags/example_time_delta_sensor_async.py
[2026-08-08T17:47:46.548+0000] {logging_mixin.py:190} INFO - [2026-08-08T17:47:46.548+0000] {dag.py:3211} INFO - Sync 1 DAGs
[2026-08-08T17:47:46.565+0000] {logging_mixin.py:190} INFO - [2026-08-08T17:47:46.565+0000] {dag.py:4138} INFO - Setting next_dagrun for example_time_delta_sensor_async to None, run_after=None
[2026-08-08T17:47:46.589+0000] {processor.py:208} INFO - Processing /home/airflow/.local/lib/python3.12/site-packages/airflow/example_dags/example_time_delta_sensor_async.py took 0.080 seconds
[2026-08-08T17:48:17.729+0000] {processor.py:186} INFO - Started process (PID=248) to work on /home/airflow/.local/lib/python3.12/site-packages/airflow/example_dags/example_time_delta_sensor_async.py
[2026-08-08T17:48:17.730+0000] {processor.py:914} INFO - Processing file /home/airflow/.local/lib/python3.12/site-packages/airflow/example_dags/example_time_delta_sensor_async.py for tasks to queue
[2026-08-08T17:48:17.733+0000] {logging_mixin.py:190} INFO - [2026-08-08T17:48:17.733+0000] {dagbag.py:587} INFO - Filling up the DagBag from /home/airflow/.local/lib/python3.12/site-packages/airflow/example_dags/example_time_delta_sensor_async.py
[2026-08-08T17:48:17.740+0000] {processor.py:925} INFO - DAG(s) 'example_time_delta_sensor_async' retrieved from /home/airflow/.local/lib/python3.12/site-packages/airflow/example_dags/example_time_delta_sensor_async.py
[2026-08-08T17:48:17.763+0000] {logging_mixin.py:190} INFO - [2026-08-08T17:48:17.763+0000] {dag.py:3211} INFO - Sync 1 DAGs
[2026-08-08T17:48:17.777+0000] {logging_mixin.py:190} INFO - [2026-08-08T17:48:17.776+0000] {dag.py:4138} INFO - Setting next_dagrun for example_time_delta_sensor_async to None, run_after=None
[2026-08-08T17:48:17.794+0000] {processor.py:208} INFO - Processing /home/airflow/.local/lib/python3.12/site-packages/airflow/example_dags/example_time_delta_sensor_async.py took 0.069 seconds
[2026-08-08T17:48:48.321+0000] {processor.py:186} INFO - Started process (PID=311) to work on /home/airflow/.local/lib/python3.12/site-packages/airflow/example_dags/example_time_delta_sensor_async.py
[2026-08-08T17:48:48.323+0000] {processor.py:914} INFO - Processing file /home/airflow/.local/lib/python3.12/site-packages/airflow/example_dags/example_time_delta_sensor_async.py for tasks to queue
[2026-08-08T17:48:48.326+0000] {logging_mixin.py:190} INFO - [2026-08-08T17:48:48.326+0000] {dagbag.py:587} INFO - Filling up the DagBag from /home/airflow/.local/lib/python3.12/site-packages/airflow/example_dags/example_time_delta_sensor_async.py
[2026-08-08T17:48:48.336+0000] {processor.py:925} INFO - DAG(s) 'example_time_delta_sensor_async' retrieved from /home/airflow/.local/lib/python3.12/site-packages/airflow/example_dags/example_time_delta_sensor_async.py
[2026-08-08T17:48:48.368+0000] {logging_mixin.py:190} INFO - [2026-08-08T17:48:48.368+0000] {dag.py:3211} INFO - Sync 1 DAGs
[2026-08-08T17:48:48.390+0000] {logging_mixin.py:190} INFO - [2026-08-08T17:48:48.389+0000] {dag.py:4138} INFO - Setting next_dagrun for example_time_delta_sensor_async to None, run_after=None
[2026-08-08T17:48:48.422+0000] {processor.py:208} INFO - Processing /home/airflow/.local/lib/python3.12/site-packages/airflow/example_dags/example_time_delta_sensor_async.py took 0.110 seconds
[2026-08-08T17:52:39.559+0000] {processor.py:186} INFO - Started process (PID=115) to work on /home/airflow/.local/lib/python3.12/site-packages/airflow/example_dags/example_time_delta_sensor_async.py
[2026-08-08T17:52:39.562+0000] {processor.py:914} INFO - Processing file /home/airflow/.local/lib/python3.12/site-packages/airflow/example_dags/example_time_delta_sensor_async.py for tasks to queue
[2026-08-08T17:52:39.569+0000] {logging_mixin.py:190} INFO - [2026-08-08T17:52:39.568+0000] {dagbag.py:587} INFO - Filling up the DagBag from /home/airflow/.local/lib/python3.12/site-packages/airflow/example_dags/example_time_delta_sensor_async.py
[2026-08-08T17:52:39.593+0000] {processor.py:925} INFO - DAG(s) 'example_time_delta_sensor_async' retrieved from /home/airflow/.local/lib/python3.12/site-packages/airflow/example_dags/example_time_delta_sensor_async.py
[2026-08-08T17:52:39.655+0000] {logging_mixin.py:190} INFO - [2026-08-08T17:52:39.654+0000] {dag.py:3211} INFO - Sync 1 DAGs
[2026-08-08T17:52:39.705+0000] {logging_mixin.py:190} INFO - [2026-08-08T17:52:39.704+0000] {dag.py:4138} INFO - Setting next_dagrun for example_time_delta_sensor_async to None, run_after=None
[2026-08-08T17:52:39.795+0000] {processor.py:208} INFO - Processing /home/airflow/.local/lib/python3.12/site-packages/airflow/example_dags/example_time_delta_sensor_async.py took 0.251 seconds
[2026-08-08T17:53:10.648+0000] {processor.py:186} INFO - Started process (PID=178) to work on /home/airflow/.local/lib/python3.12/site-packages/airflow/example_dags/example_time_delta_sensor_async.py
[2026-08-08T17:53:10.650+0000] {processor.py:914} INFO - Processing file /home/airflow/.local/lib/python3.12/site-packages/airflow/example_dags/example_time_delta_sensor_async.py for tasks to queue
[2026-08-08T17:53:10.652+0000] {logging_mixin.py:190} INFO - [2026-08-08T17:53:10.652+0000] {dagbag.py:587} INFO - Filling up the DagBag from /home/airflow/.local/lib/python3.12/site-packages/airflow/example_dags/example_time_delta_sensor_async.py
[2026-08-08T17:53:10.659+0000] {processor.py:925} INFO - DAG(s) 'example_time_delta_sensor_async' retrieved from /home/airflow/.local/lib/python3.12/site-packages/airflow/example_dags/example_time_delta_sensor_async.py
[2026-08-08T17:53:10.680+0000] {logging_mixin.py:190} INFO - [2026-08-08T17:53:10.680+0000] {dag.py:3211} INFO - Sync 1 DAGs
[2026-08-08T17:53:10.694+0000] {logging_mixin.py:190} INFO - [2026-08-08T17:53:10.694+0000] {dag.py:4138} INFO - Setting next_dagrun for example_time_delta_sensor_async to None, run_after=None
[2026-08-08T17:53:10.716+0000] {processor.py:208} INFO - Processing /home/airflow/.local/lib/python3.12/site-packages/airflow/example_dags/example_time_delta_sensor_async.py took 0.075 seconds
[2026-08-08T17:53:41.294+0000] {processor.py:186} INFO - Started process (PID=241) to work on /home/airflow/.local/lib/python3.12/site-packages/airflow/example_dags/example_time_delta_sensor_async.py
[2026-08-08T17:53:41.295+0000] {processor.py:914} INFO - Processing file /home/airflow/.local/lib/python3.12/site-packages/airflow/example_dags/example_time_delta_sensor_async.py for tasks to queue
[2026-08-08T17:53:41.298+0000] {logging_mixin.py:190} INFO - [2026-08-08T17:53:41.298+0000] {dagbag.py:587} INFO - Filling up the DagBag from /home/airflow/.local/lib/python3.12/site-packages/airflow/example_dags/example_time_delta_sensor_async.py
[2026-08-08T17:53:41.304+0000] {processor.py:925} INFO - DAG(s) 'example_time_delta_sensor_async' retrieved from /home/airflow/.local/lib/python3.12/site-packages/airflow/example_dags/example_time_delta_sensor_async.py
[2026-08-08T17:53:41.323+0000] {logging_mixin.py:190} INFO - [2026-08-08T17:53:41.323+0000] {dag.py:3211} INFO - Sync 1 DAGs
[2026-08-08T17:53:41.336+0000] {logging_mixin.py:190} INFO - [2026-08-08T17:53:41.336+0000] {dag.py:4138} INFO - Setting next_dagrun for example_time_delta_sensor_async to None, run_after=None
[2026-08-08T17:53:41.359+0000] {processor.py:208} INFO - Processing /home/airflow/.local/lib/python3.12/site-packages/airflow/example_dags/example_time_delta_sensor_async.py took 0.069 seconds
[2026-08-08T17:54:11.694+0000] {processor.py:186} INFO - Started process (PID=304) to work on /home/airflow/.local/lib/python3.12/site-packages/airflow/example_dags/example_time_delta_sensor_async.py
[2026-08-08T17:54:11.695+0000] {processor.py:914} INFO - Processing file /home/airflow/.local/lib/python3.12/site-packages/airflow/example_dags/example_time_delta_sensor_async.py for tasks to queue
[2026-08-08T17:54:11.698+0000] {logging_mixin.py:190} INFO - [2026-08-08T17:54:11.698+0000] {dagbag.py:587} INFO - Filling up the DagBag from /home/airflow/.local/lib/python3.12/site-packages/airflow/example_dags/example_time_delta_sensor_async.py
[2026-08-08T17:54:11.705+0000] {processor.py:925} INFO - DAG(s) 'example_time_delta_sensor_async' retrieved from /home/airflow/.local/lib/python3.12/site-packages/airflow/example_dags/example_time_delta_sensor_async.py
[2026-08-08T17:54:11.726+0000] {logging_mixin.py:190} INFO - [2026-08-08T17:54:11.726+0000] {dag.py:3211} INFO - Sync 1 DAGs
[2026-08-08T17:54:11.742+0000] {logging_mixin.py:190} INFO - [2026-08-08T17:54:11.742+0000] {dag.py:4138} INFO - Setting next_dagrun for example_time_delta_sensor_async to None, run_after=None
[2026-08-08T17:54:11.765+0000] {processor.py:208} INFO - Processing /home/airflow/.local/lib/python3.12/site-packages/airflow/example_dags/example_time_delta_sensor_async.py took 0.078 seconds
[2026-08-08T17:54:41.979+0000] {processor.py:186} INFO - Started process (PID=367) to work on /home/airflow/.local/lib/python3.12/site-packages/airflow/example_dags/example_time_delta_sensor_async.py
[2026-08-08T17:54:41.980+0000] {processor.py:914} INFO - Processing file /home/airflow/.local/lib/python3.12/site-packages/airflow/example_dags/example_time_delta_sensor_async.py for tasks to queue
[2026-08-08T17:54:41.983+0000] {logging_mixin.py:190} INFO - [2026-08-08T17:54:41.983+0000] {dagbag.py:587} INFO - Filling up the DagBag from /home/airflow/.local/lib/python3.12/site-packages/airflow/example_dags/example_time_delta_sensor_async.py
[2026-08-08T17:54:41.990+0000] {processor.py:925} INFO - DAG(s) 'example_time_delta_sensor_async' retrieved from /home/airflow/.local/lib/python3.12/site-packages/airflow/example_dags/example_time_delta_sensor_async.py
[2026-08-08T17:54:42.012+0000] {logging_mixin.py:190} INFO - [2026-08-08T17:54:42.012+0000] {dag.py:3211} INFO - Sync 1 DAGs
[2026-08-08T17:54:42.028+0000] {logging_mixin.py:190} INFO - [2026-08-08T17:54:42.027+0000] {dag.py:4138} INFO - Setting next_dagrun for example_time_delta_sensor_async to None, run_after=None
[2026-08-08T17:54:42.050+0000] {processor.py:208} INFO - Processing /home/airflow/.local/lib/python3.12/site-packages/airflow/example_dags/example_time_delta_sensor_async.py took 0.078 seconds
[2026-08-08T17:55:12.183+0000] {processor.py:186} INFO - Started process (PID=430) to work on /home/airflow/.local/lib/python3.12/site-packages/airflow/example_dags/example_time_delta_sensor_async.py
[2026-08-08T17:55:12.185+0000] {processor.py:914} INFO - Processing file /home/airflow/.local/lib/python3.12/site-packages/airflow/example_dags/example_time_delta_sensor_async.py for tasks to queue
[2026-08-08T17:55:12.188+0000] {logging_mixin.py:190} INFO - [2026-08-08T17:55:12.188+0000] {dagbag.py:587} INFO - Filling up the DagBag from /home/airflow/.local/lib/python3.12/site-packages/airflow/example_dags/example_time_delta_sensor_async.py
[2026-08-08T17:55:12.196+0000] {processor.py:925} INFO - DAG(s) 'example_time_delta_sensor_async' retrieved from /home/airflow/.local/lib/python3.12/site-packages/airflow/example_dags/example_time_delta_sensor_async.py
[2026-08-08T17:55:12.221+0000] {logging_mixin.py:190} INFO - [2026-08-08T17:55:12.221+0000] {dag.py:3211} INFO - Sync 1 DAGs
[2026-08-08T17:55:12.244+0000] {logging_mixin.py:190} INFO - [2026-08-08T17:55:12.244+0000] {dag.py:4138} INFO - Setting next_dagrun for example_time_delta_sensor_async to None, run_after=None
[2026-08-08T17:55:12.270+0000] {processor.py:208} INFO - Processing /home/airflow/.local/lib/python3.12/site-packages/airflow/example_dags/example_time_delta_sensor_async.py took 0.093 seconds
[2026-08-08T17:55:42.796+0000] {processor.py:186} INFO - Started process (PID=493) to work on /home/airflow/.local/lib/python3.12/site-packages/airflow/example_dags/example_time_delta_sensor_async.py
[2026-08-08T17:55:42.798+0000] {processor.py:914} INFO - Processing file /home/airflow/.local/lib/python3.12/site-packages/airflow/example_dags/example_time_delta_sensor_async.py for tasks to queue
[2026-08-08T17:55:42.800+0000] {logging_mixin.py:190} INFO - [2026-08-08T17:55:42.800+0000] {dagbag.py:587} INFO - Filling up the DagBag from /home/airflow/.local/lib/python3.12/site-packages/airflow/example_dags/example_time_delta_sensor_async.py
[2026-08-08T17:55:42.806+0000] {processor.py:925} INFO - DAG(s) 'example_time_delta_sensor_async' retrieved from /home/airflow/.local/lib/python3.12/site-packages/airflow/example_dags/example_time_delta_sensor_async.py
[2026-08-08T17:55:42.825+0000] {logging_mixin.py:190} INFO - [2026-08-08T17:55:42.825+0000] {dag.py:3211} INFO - Sync 1 DAGs
[2026-08-08T17:55:42.841+0000] {logging_mixin.py:190} INFO - [2026-08-08T17:55:42.840+0000] {dag.py:4138} INFO - Setting next_dagrun for example_time_delta_sensor_async to None, run_after=None
[2026-08-08T17:55:42.861+0000] {processor.py:208} INFO - Processing /home/airflow/.local/lib/python3.12/site-packages/airflow/example_dags/example_time_delta_sensor_async.py took 0.070 seconds
[2026-08-08T17:56:13.200+0000] {processor.py:186} INFO - Started process (PID=556) to work on /home/airflow/.local/lib/python3.12/site-packages/airflow/example_dags/example_time_delta_sensor_async.py
[2026-08-08T17:56:13.202+0000] {processor.py:914} INFO - Processing file /home/airflow/.local/lib/python3.12/site-packages/airflow/example_dags/example_time_delta_sensor_async.py for tasks to queue
[2026-08-08T17:56:13.206+0000] {logging_mixin.py:190} INFO - [2026-08-08T17:56:13.205+0000] {dagbag.py:587} INFO - Filling up the DagBag from /home/airflow/.local/lib/python3.12/site-packages/airflow/example_dags/example_time_delta_sensor_async.py
[2026-08-08T17:56:13.220+0000] {processor.py:925} INFO - DAG(s) 'example_time_delta_sensor_async' retrieved from /home/airflow/.local/lib/python3.12/site-packages/airflow/example_dags/example_time_delta_sensor_async.py
[2026-08-08T17:56:13.256+0000] {logging_mixin.py:190} INFO - [2026-08-08T17:56:13.256+0000] {dag.py:3211} INFO - Sync 1 DAGs
[2026-08-08T17:56:13.279+0000] {logging_mixin.py:190} INFO - [2026-08-08T17:56:13.279+0000] {dag.py:4138} INFO - Setting next_dagrun for example_time_delta_sensor_async to None, run_after=None
[2026-08-08T17:56:13.315+0000] {processor.py:208} INFO - Processing /home/airflow/.local/lib/python3.12/site-packages/airflow/example_dags/example_time_delta_sensor_async.py took 0.125 seconds
[2026-08-08T17:56:43.718+0000] {processor.py:186} INFO - Started process (PID=618) to work on /home/airflow/.local/lib/python3.12/site-packages/airflow/example_dags/example_time_delta_sensor_async.py
[2026-08-08T17:56:43.719+0000] {processor.py:914} INFO - Processing file /home/airflow/.local/lib/python3.12/site-packages/airflow/example_dags/example_time_delta_sensor_async.py for tasks to queue
[2026-08-08T17:56:43.722+0000] {logging_mixin.py:190} INFO - [2026-08-08T17:56:43.721+0000] {dagbag.py:587} INFO - Filling up the DagBag from /home/airflow/.local/lib/python3.12/site-packages/airflow/example_dags/example_time_delta_sensor_async.py
[2026-08-08T17:56:43.728+0000] {processor.py:925} INFO - DAG(s) 'example_time_delta_sensor_async' retrieved from /home/airflow/.local/lib/python3.12/site-packages/airflow/example_dags/example_time_delta_sensor_async.py
[2026-08-08T17:56:43.749+0000] {logging_mixin.py:190} INFO - [2026-08-08T17:56:43.749+0000] {dag.py:3211} INFO - Sync 1 DAGs
[2026-08-08T17:56:43.764+0000] {logging_mixin.py:190} INFO - [2026-08-08T17:56:43.764+0000] {dag.py:4138} INFO - Setting next_dagrun for example_time_delta_sensor_async to None, run_after=None
[2026-08-08T17:56:43.787+0000] {processor.py:208} INFO - Processing /home/airflow/.local/lib/python3.12/site-packages/airflow/example_dags/example_time_delta_sensor_async.py took 0.074 seconds
[2026-08-08T17:57:14.547+0000] {processor.py:186} INFO - Started process (PID=682) to work on /home/airflow/.local/lib/python3.12/site-packages/airflow/example_dags/example_time_delta_sensor_async.py
[2026-08-08T17:57:14.548+0000] {processor.py:914} INFO - Processing file /home/airflow/.local/lib/python3.12/site-packages/airflow/example_dags/example_time_delta_sensor_async.py for tasks to queue
[2026-08-08T17:57:14.550+0000] {logging_mixin.py:190} INFO - [2026-08-08T17:57:14.550+0000] {dagbag.py:587} INFO - Filling up the DagBag from /home/airflow/.local/lib/python3.12/site-packages/airflow/example_dags/example_time_delta_sensor_async.py
[2026-08-08T17:57:14.557+0000] {processor.py:925} INFO - DAG(s) 'example_time_delta_sensor_async' retrieved from /home/airflow/.local/lib/python3.12/site-packages/airflow/example_dags/example_time_delta_sensor_async.py
[2026-08-08T17:57:14.581+0000] {logging_mixin.py:190} INFO - [2026-08-08T17:57:14.581+0000] {dag.py:3211} INFO - Sync 1 DAGs
[2026-08-08T17:57:14.598+0000] {logging_mixin.py:190} INFO - [2026-08-08T17:57:14.597+0000] {dag.py:4138} INFO - Setting next_dagrun for example_time_delta_sensor_async to None, run_after=None
[2026-08-08T17:57:14.615+0000] {processor.py:208} INFO - Processing /home/airflow/.local/lib/python3.12/site-packages/airflow/example_dags/example_time_delta_sensor_async.py took 0.073 seconds
[2026-08-08T18:08:21.766+0000] {processor.py:186} INFO - Started process (PID=745) to work on /home/airflow/.local/lib/python3.12/site-packages/airflow/example_dags/example_time_delta_sensor_async.py
[2026-08-08T18:08:21.769+0000] {processor.py:914} INFO - Processing file /home/airflow/.local/lib/python3.12/site-packages/airflow/example_dags/example_time_delta_sensor_async.py for tasks to queue
[2026-08-08T18:08:21.775+0000] {logging_mixin.py:190} INFO - [2026-08-08T18:08:21.774+0000] {dagbag.py:587} INFO - Filling up the DagBag from /home/airflow/.local/lib/python3.12/site-packages/airflow/example_dags/example_time_delta_sensor_async.py
[2026-08-08T18:08:21.787+0000] {processor.py:925} INFO - DAG(s) 'example_time_delta_sensor_async' retrieved from /home/airflow/.local/lib/python3.12/site-packages/airflow/example_dags/example_time_delta_sensor_async.py
[2026-08-08T18:08:21.836+0000] {logging_mixin.py:190} INFO - [2026-08-08T18:08:21.836+0000] {dag.py:3211} INFO - Sync 1 DAGs
[2026-08-08T18:08:21.868+0000] {logging_mixin.py:190} INFO - [2026-08-08T18:08:21.867+0000] {dag.py:4138} INFO - Setting next_dagrun for example_time_delta_sensor_async to None, run_after=None
[2026-08-08T18:08:21.910+0000] {processor.py:208} INFO - Processing /home/airflow/.local/lib/python3.12/site-packages/airflow/example_dags/example_time_delta_sensor_async.py took 0.156 seconds
[2026-08-08T18:08:52.456+0000] {processor.py:186} INFO - Started process (PID=808) to work on /home/airflow/.local/lib/python3.12/site-packages/airflow/example_dags/example_time_delta_sensor_async.py
[2026-08-08T18:08:52.459+0000] {processor.py:914} INFO - Processing file /home/airflow/.local/lib/python3.12/site-packages/airflow/example_dags/example_time_delta_sensor_async.py for tasks to queue
[2026-08-08T18:08:52.463+0000] {logging_mixin.py:190} INFO - [2026-08-08T18:08:52.462+0000] {dagbag.py:587} INFO - Filling up the DagBag from /home/airflow/.local/lib/python3.12/site-packages/airflow/example_dags/example_time_delta_sensor_async.py
[2026-08-08T18:08:52.473+0000] {processor.py:925} INFO - DAG(s) 'example_time_delta_sensor_async' retrieved from /home/airflow/.local/lib/python3.12/site-packages/airflow/example_dags/example_time_delta_sensor_async.py
[2026-08-08T18:08:52.504+0000] {logging_mixin.py:190} INFO - [2026-08-08T18:08:52.504+0000] {dag.py:3211} INFO - Sync 1 DAGs
[2026-08-08T18:08:52.524+0000] {logging_mixin.py:190} INFO - [2026-08-08T18:08:52.523+0000] {dag.py:4138} INFO - Setting next_dagrun for example_time_delta_sensor_async to None, run_after=None
[2026-08-08T18:08:52.553+0000] {processor.py:208} INFO - Processing /home/airflow/.local/lib/python3.12/site-packages/airflow/example_dags/example_time_delta_sensor_async.py took 0.108 seconds
[2026-08-08T18:09:22.861+0000] {processor.py:186} INFO - Started process (PID=871) to work on /home/airflow/.local/lib/python3.12/site-packages/airflow/example_dags/example_time_delta_sensor_async.py
[2026-08-08T18:09:22.864+0000] {processor.py:914} INFO - Processing file /home/airflow/.local/lib/python3.12/site-packages/airflow/example_dags/example_time_delta_sensor_async.py for tasks to queue
[2026-08-08T18:09:22.869+0000] {logging_mixin.py:190} INFO - [2026-08-08T18:09:22.868+0000] {dagbag.py:587} INFO - Filling up the DagBag from /home/airflow/.local/lib/python3.12/site-packages/airflow/example_dags/example_time_delta_sensor_async.py
[2026-08-08T18:09:22.881+0000] {processor.py:925} INFO - DAG(s) 'example_time_delta_sensor_async' retrieved from /home/airflow/.local/lib/python3.12/site-packages/airflow/example_dags/example_time_delta_sensor_async.py
[2026-08-08T18:09:22.917+0000] {logging_mixin.py:190} INFO - [2026-08-08T18:09:22.917+0000] {dag.py:3211} INFO - Sync 1 DAGs
[2026-08-08T18:09:22.939+0000] {logging_mixin.py:190} INFO - [2026-08-08T18:09:22.939+0000] {dag.py:4138} INFO - Setting next_dagrun for example_time_delta_sensor_async to None, run_after=None
[2026-08-08T18:09:22.973+0000] {processor.py:208} INFO - Processing /home/airflow/.local/lib/python3.12/site-packages/airflow/example_dags/example_time_delta_sensor_async.py took 0.122 seconds
[2026-08-08T18:09:53.062+0000] {processor.py:186} INFO - Started process (PID=934) to work on /home/airflow/.local/lib/python3.12/site-packages/airflow/example_dags/example_time_delta_sensor_async.py
[2026-08-08T18:09:53.065+0000] {processor.py:914} INFO - Processing file /home/airflow/.local/lib/python3.12/site-packages/airflow/example_dags/example_time_delta_sensor_async.py for tasks to queue
[2026-08-08T18:09:53.070+0000] {logging_mixin.py:190} INFO - [2026-08-08T18:09:53.070+0000] {dagbag.py:587} INFO - Filling up the DagBag from /home/airflow/.local/lib/python3.12/site-packages/airflow/example_dags/example_time_delta_sensor_async.py
[2026-08-08T18:09:53.081+0000] {processor.py:925} INFO - DAG(s) 'example_time_delta_sensor_async' retrieved from /home/airflow/.local/lib/python3.12/site-packages/airflow/example_dags/example_time_delta_sensor_async.py
[2026-08-08T18:09:53.111+0000] {logging_mixin.py:190} INFO - [2026-08-08T18:09:53.110+0000] {dag.py:3211} INFO - Sync 1 DAGs
[2026-08-08T18:09:53.131+0000] {logging_mixin.py:190} INFO - [2026-08-08T18:09:53.130+0000] {dag.py:4138} INFO - Setting next_dagrun for example_time_delta_sensor_async to None, run_after=None
[2026-08-08T18:09:53.159+0000] {processor.py:208} INFO - Processing /home/airflow/.local/lib/python3.12/site-packages/airflow/example_dags/example_time_delta_sensor_async.py took 0.106 seconds
[2026-08-08T18:10:24.072+0000] {processor.py:186} INFO - Started process (PID=997) to work on /home/airflow/.local/lib/python3.12/site-packages/airflow/example_dags/example_time_delta_sensor_async.py
[2026-08-08T18:10:24.074+0000] {processor.py:914} INFO - Processing file /home/airflow/.local/lib/python3.12/site-packages/airflow/example_dags/example_time_delta_sensor_async.py for tasks to queue
[2026-08-08T18:10:24.083+0000] {logging_mixin.py:190} INFO - [2026-08-08T18:10:24.081+0000] {dagbag.py:587} INFO - Filling up the DagBag from /home/airflow/.local/lib/python3.12/site-packages/airflow/example_dags/example_time_delta_sensor_async.py
[2026-08-08T18:10:24.094+0000] {processor.py:925} INFO - DAG(s) 'example_time_delta_sensor_async' retrieved from /home/airflow/.local/lib/python3.12/site-packages/airflow/example_dags/example_time_delta_sensor_async.py
[2026-08-08T18:10:24.128+0000] {logging_mixin.py:190} INFO - [2026-08-08T18:10:24.127+0000] {dag.py:3211} INFO - Sync 1 DAGs
[2026-08-08T18:10:24.149+0000] {logging_mixin.py:190} INFO - [2026-08-08T18:10:24.148+0000] {dag.py:4138} INFO - Setting next_dagrun for example_time_delta_sensor_async to None, run_after=None
[2026-08-08T18:10:24.182+0000] {processor.py:208} INFO - Processing /home/airflow/.local/lib/python3.12/site-packages/airflow/example_dags/example_time_delta_sensor_async.py took 0.117 seconds
[2026-08-08T18:10:54.739+0000] {processor.py:186} INFO - Started process (PID=1060) to work on /home/airflow/.local/lib/python3.12/site-packages/airflow/example_dags/example_time_delta_sensor_async.py
[2026-08-08T18:10:54.741+0000] {processor.py:914} INFO - Processing file /home/airflow/.local/lib/python3.12/site-packages/airflow/example_dags/example_time_delta_sensor_async.py for tasks to queue
[2026-08-08T18:10:54.744+0000] {logging_mixin.py:190} INFO - [2026-08-08T18:10:54.743+0000] {dagbag.py:587} INFO - Filling up the DagBag from /home/airflow/.local/lib/python3.12/site-packages/airflow/example_dags/example_time_delta_sensor_async.py
[2026-08-08T18:10:54.750+0000] {processor.py:925} INFO - DAG(s) 'example_time_delta_sensor_async' retrieved from /home/airflow/.local/lib/python3.12/site-packages/airflow/example_dags/example_time_delta_sensor_async.py
[2026-08-08T18:10:54.770+0000] {logging_mixin.py:190} INFO - [2026-08-08T18:10:54.770+0000] {dag.py:3211} INFO - Sync 1 DAGs
[2026-08-08T18:10:54.785+0000] {logging_mixin.py:190} INFO - [2026-08-08T18:10:54.784+0000] {dag.py:4138} INFO - Setting next_dagrun for example_time_delta_sensor_async to None, run_after=None
[2026-08-08T18:10:54.807+0000] {processor.py:208} INFO - Processing /home/airflow/.local/lib/python3.12/site-packages/airflow/example_dags/example_time_delta_sensor_async.py took 0.073 seconds
[2026-08-08T18:11:25.283+0000] {processor.py:186} INFO - Started process (PID=1123) to work on /home/airflow/.local/lib/python3.12/site-packages/airflow/example_dags/example_time_delta_sensor_async.py
[2026-08-08T18:11:25.285+0000] {processor.py:914} INFO - Processing file /home/airflow/.local/lib/python3.12/site-packages/airflow/example_dags/example_time_delta_sensor_async.py for tasks to queue
[2026-08-08T18:11:25.289+0000] {logging_mixin.py:190} INFO - [2026-08-08T18:11:25.288+0000] {dagbag.py:587} INFO - Filling up the DagBag from /home/airflow/.local/lib/python3.12/site-packages/airflow/example_dags/example_time_delta_sensor_async.py
[2026-08-08T18:11:25.300+0000] {processor.py:925} INFO - DAG(s) 'example_time_delta_sensor_async' retrieved from /home/airflow/.local/lib/python3.12/site-packages/airflow/example_dags/example_time_delta_sensor_async.py
[2026-08-08T18:11:25.328+0000] {logging_mixin.py:190} INFO - [2026-08-08T18:11:25.328+0000] {dag.py:3211} INFO - Sync 1 DAGs
[2026-08-08T18:11:25.347+0000] {logging_mixin.py:190} INFO - [2026-08-08T18:11:25.346+0000] {dag.py:4138} INFO - Setting next_dagrun for example_time_delta_sensor_async to None, run_after=None
[2026-08-08T18:11:25.371+0000] {processor.py:208} INFO - Processing /home/airflow/.local/lib/python3.12/site-packages/airflow/example_dags/example_time_delta_sensor_async.py took 0.095 seconds
[2026-08-08T18:11:55.518+0000] {processor.py:186} INFO - Started process (PID=1186) to work on /home/airflow/.local/lib/python3.12/site-packages/airflow/example_dags/example_time_delta_sensor_async.py
[2026-08-08T18:11:55.519+0000] {processor.py:914} INFO - Processing file /home/airflow/.local/lib/python3.12/site-packages/airflow/example_dags/example_time_delta_sensor_async.py for tasks to queue
[2026-08-08T18:11:55.523+0000] {logging_mixin.py:190} INFO - [2026-08-08T18:11:55.523+0000] {dagbag.py:587} INFO - Filling up the DagBag from /home/airflow/.local/lib/python3.12/site-packages/airflow/example_dags/example_time_delta_sensor_async.py
[2026-08-08T18:11:55.532+0000] {processor.py:925} INFO - DAG(s) 'example_time_delta_sensor_async' retrieved from /home/airflow/.local/lib/python3.12/site-packages/airflow/example_dags/example_time_delta_sensor_async.py
[2026-08-08T18:11:55.557+0000] {logging_mixin.py:190} INFO - [2026-08-08T18:11:55.557+0000] {dag.py:3211} INFO - Sync 1 DAGs
[2026-08-08T18:11:55.575+0000] {logging_mixin.py:190} INFO - [2026-08-08T18:11:55.575+0000] {dag.py:4138} INFO - Setting next_dagrun for example_time_delta_sensor_async to None, run_after=None
[2026-08-08T18:11:55.601+0000] {processor.py:208} INFO - Processing /home/airflow/.local/lib/python3.12/site-packages/airflow/example_dags/example_time_delta_sensor_async.py took 0.090 seconds
[2026-08-08T18:13:10.002+0000] {processor.py:186} INFO - Started process (PID=121) to work on /home/airflow/.local/lib/python3.12/site-packages/airflow/example_dags/example_time_delta_sensor_async.py
[2026-08-08T18:13:10.004+0000] {processor.py:914} INFO - Processing file /home/airflow/.local/lib/python3.12/site-packages/airflow/example_dags/example_time_delta_sensor_async.py for tasks to queue
[2026-08-08T18:13:10.007+0000] {logging_mixin.py:190} INFO - [2026-08-08T18:13:10.007+0000] {dagbag.py:587} INFO - Filling up the DagBag from /home/airflow/.local/lib/python3.12/site-packages/airflow/example_dags/example_time_delta_sensor_async.py
[2026-08-08T18:13:10.016+0000] {processor.py:925} INFO - DAG(s) 'example_time_delta_sensor_async' retrieved from /home/airflow/.local/lib/python3.12/site-packages/airflow/example_dags/example_time_delta_sensor_async.py
[2026-08-08T18:13:10.042+0000] {logging_mixin.py:190} INFO - [2026-08-08T18:13:10.041+0000] {dag.py:3211} INFO - Sync 1 DAGs
[2026-08-08T18:13:10.056+0000] {logging_mixin.py:190} INFO - [2026-08-08T18:13:10.056+0000] {dag.py:4138} INFO - Setting next_dagrun for example_time_delta_sensor_async to None, run_after=None
[2026-08-08T18:13:10.089+0000] {processor.py:208} INFO - Processing /home/airflow/.local/lib/python3.12/site-packages/airflow/example_dags/example_time_delta_sensor_async.py took 0.093 seconds
[2026-08-08T18:13:40.617+0000] {processor.py:186} INFO - Started process (PID=184) to work on /home/airflow/.local/lib/python3.12/site-packages/airflow/example_dags/example_time_delta_sensor_async.py
[2026-08-08T18:13:40.618+0000] {processor.py:914} INFO - Processing file /home/airflow/.local/lib/python3.12/site-packages/airflow/example_dags/example_time_delta_sensor_async.py for tasks to queue
[2026-08-08T18:13:40.621+0000] {logging_mixin.py:190} INFO - [2026-08-08T18:13:40.620+0000] {dagbag.py:587} INFO - Filling up the DagBag from /home/airflow/.local/lib/python3.12/site-packages/airflow/example_dags/example_time_delta_sensor_async.py
[2026-08-08T18:13:40.627+0000] {processor.py:925} INFO - DAG(s) 'example_time_delta_sensor_async' retrieved from /home/airflow/.local/lib/python3.12/site-packages/airflow/example_dags/example_time_delta_sensor_async.py
[2026-08-08T18:13:40.645+0000] {logging_mixin.py:190} INFO - [2026-08-08T18:13:40.644+0000] {dag.py:3211} INFO - Sync 1 DAGs
[2026-08-08T18:13:40.658+0000] {logging_mixin.py:190} INFO - [2026-08-08T18:13:40.658+0000] {dag.py:4138} INFO - Setting next_dagrun for example_time_delta_sensor_async to None, run_after=None
[2026-08-08T18:13:40.680+0000] {processor.py:208} INFO - Processing /home/airflow/.local/lib/python3.12/site-packages/airflow/example_dags/example_time_delta_sensor_async.py took 0.068 seconds
[2026-08-08T18:14:11.096+0000] {processor.py:186} INFO - Started process (PID=247) to work on /home/airflow/.local/lib/python3.12/site-packages/airflow/example_dags/example_time_delta_sensor_async.py
[2026-08-08T18:14:11.098+0000] {processor.py:914} INFO - Processing file /home/airflow/.local/lib/python3.12/site-packages/airflow/example_dags/example_time_delta_sensor_async.py for tasks to queue
[2026-08-08T18:14:11.101+0000] {logging_mixin.py:190} INFO - [2026-08-08T18:14:11.100+0000] {dagbag.py:587} INFO - Filling up the DagBag from /home/airflow/.local/lib/python3.12/site-packages/airflow/example_dags/example_time_delta_sensor_async.py
[2026-08-08T18:14:11.112+0000] {processor.py:925} INFO - DAG(s) 'example_time_delta_sensor_async' retrieved from /home/airflow/.local/lib/python3.12/site-packages/airflow/example_dags/example_time_delta_sensor_async.py
[2026-08-08T18:14:11.137+0000] {logging_mixin.py:190} INFO - [2026-08-08T18:14:11.137+0000] {dag.py:3211} INFO - Sync 1 DAGs
[2026-08-08T18:14:11.152+0000] {logging_mixin.py:190} INFO - [2026-08-08T18:14:11.152+0000] {dag.py:4138} INFO - Setting next_dagrun for example_time_delta_sensor_async to None, run_after=None
[2026-08-08T18:14:11.179+0000] {processor.py:208} INFO - Processing /home/airflow/.local/lib/python3.12/site-packages/airflow/example_dags/example_time_delta_sensor_async.py took 0.090 seconds
[2026-08-08T18:14:41.294+0000] {processor.py:186} INFO - Started process (PID=310) to work on /home/airflow/.local/lib/python3.12/site-packages/airflow/example_dags/example_time_delta_sensor_async.py
[2026-08-08T18:14:41.295+0000] {processor.py:914} INFO - Processing file /home/airflow/.local/lib/python3.12/site-packages/airflow/example_dags/example_time_delta_sensor_async.py for tasks to queue
[2026-08-08T18:14:41.297+0000] {logging_mixin.py:190} INFO - [2026-08-08T18:14:41.297+0000] {dagbag.py:587} INFO - Filling up the DagBag from /home/airflow/.local/lib/python3.12/site-packages/airflow/example_dags/example_time_delta_sensor_async.py
[2026-08-08T18:14:41.304+0000] {processor.py:925} INFO - DAG(s) 'example_time_delta_sensor_async' retrieved from /home/airflow/.local/lib/python3.12/site-packages/airflow/example_dags/example_time_delta_sensor_async.py
[2026-08-08T18:14:41.321+0000] {logging_mixin.py:190} INFO - [2026-08-08T18:14:41.320+0000] {dag.py:3211} INFO - Sync 1 DAGs
[2026-08-08T18:14:41.332+0000] {logging_mixin.py:190} INFO - [2026-08-08T18:14:41.332+0000] {dag.py:4138} INFO - Setting next_dagrun for example_time_delta_sensor_async to None, run_after=None
[2026-08-08T18:14:41.352+0000] {processor.py:208} INFO - Processing /home/airflow/.local/lib/python3.12/site-packages/airflow/example_dags/example_time_delta_sensor_async.py took 0.064 seconds
[2026-08-08T18:15:12.947+0000] {processor.py:186} INFO - Started process (PID=373) to work on /home/airflow/.local/lib/python3.12/site-packages/airflow/example_dags/example_time_delta_sensor_async.py
[2026-08-08T18:15:12.949+0000] {processor.py:914} INFO - Processing file /home/airflow/.local/lib/python3.12/site-packages/airflow/example_dags/example_time_delta_sensor_async.py for tasks to queue
[2026-08-08T18:15:12.967+0000] {logging_mixin.py:190} INFO - [2026-08-08T18:15:12.967+0000] {dagbag.py:587} INFO - Filling up the DagBag from /home/airflow/.local/lib/python3.12/site-packages/airflow/example_dags/example_time_delta_sensor_async.py
[2026-08-08T18:15:12.984+0000] {processor.py:925} INFO - DAG(s) 'example_time_delta_sensor_async' retrieved from /home/airflow/.local/lib/python3.12/site-packages/airflow/example_dags/example_time_delta_sensor_async.py
[2026-08-08T18:15:13.016+0000] {logging_mixin.py:190} INFO - [2026-08-08T18:15:13.016+0000] {dag.py:3211} INFO - Sync 1 DAGs
[2026-08-08T18:15:13.040+0000] {logging_mixin.py:190} INFO - [2026-08-08T18:15:13.039+0000] {dag.py:4138} INFO - Setting next_dagrun for example_time_delta_sensor_async to None, run_after=None
[2026-08-08T18:15:13.075+0000] {processor.py:208} INFO - Processing /home/airflow/.local/lib/python3.12/site-packages/airflow/example_dags/example_time_delta_sensor_async.py took 0.137 seconds
[2026-08-08T18:15:43.803+0000] {processor.py:186} INFO - Started process (PID=436) to work on /home/airflow/.local/lib/python3.12/site-packages/airflow/example_dags/example_time_delta_sensor_async.py
[2026-08-08T18:15:43.805+0000] {processor.py:914} INFO - Processing file /home/airflow/.local/lib/python3.12/site-packages/airflow/example_dags/example_time_delta_sensor_async.py for tasks to queue
[2026-08-08T18:15:43.809+0000] {logging_mixin.py:190} INFO - [2026-08-08T18:15:43.808+0000] {dagbag.py:587} INFO - Filling up the DagBag from /home/airflow/.local/lib/python3.12/site-packages/airflow/example_dags/example_time_delta_sensor_async.py
[2026-08-08T18:15:43.818+0000] {processor.py:925} INFO - DAG(s) 'example_time_delta_sensor_async' retrieved from /home/airflow/.local/lib/python3.12/site-packages/airflow/example_dags/example_time_delta_sensor_async.py
[2026-08-08T18:15:43.848+0000] {logging_mixin.py:190} INFO - [2026-08-08T18:15:43.848+0000] {dag.py:3211} INFO - Sync 1 DAGs
[2026-08-08T18:15:43.866+0000] {logging_mixin.py:190} INFO - [2026-08-08T18:15:43.866+0000] {dag.py:4138} INFO - Setting next_dagrun for example_time_delta_sensor_async to None, run_after=None
[2026-08-08T18:15:43.890+0000] {processor.py:208} INFO - Processing /home/airflow/.local/lib/python3.12/site-packages/airflow/example_dags/example_time_delta_sensor_async.py took 0.097 seconds
[2026-08-08T18:17:14.566+0000] {processor.py:186} INFO - Started process (PID=134) to work on /home/airflow/.local/lib/python3.12/site-packages/airflow/example_dags/example_time_delta_sensor_async.py
[2026-08-08T18:17:14.569+0000] {processor.py:914} INFO - Processing file /home/airflow/.local/lib/python3.12/site-packages/airflow/example_dags/example_time_delta_sensor_async.py for tasks to queue
[2026-08-08T18:17:14.576+0000] {logging_mixin.py:190} INFO - [2026-08-08T18:17:14.575+0000] {dagbag.py:587} INFO - Filling up the DagBag from /home/airflow/.local/lib/python3.12/site-packages/airflow/example_dags/example_time_delta_sensor_async.py
[2026-08-08T18:17:14.586+0000] {processor.py:925} INFO - DAG(s) 'example_time_delta_sensor_async' retrieved from /home/airflow/.local/lib/python3.12/site-packages/airflow/example_dags/example_time_delta_sensor_async.py
[2026-08-08T18:17:14.617+0000] {logging_mixin.py:190} INFO - [2026-08-08T18:17:14.617+0000] {dag.py:3211} INFO - Sync 1 DAGs
[2026-08-08T18:17:14.635+0000] {logging_mixin.py:190} INFO - [2026-08-08T18:17:14.635+0000] {dag.py:4138} INFO - Setting next_dagrun for example_time_delta_sensor_async to None, run_after=None
[2026-08-08T18:17:14.663+0000] {processor.py:208} INFO - Processing /home/airflow/.local/lib/python3.12/site-packages/airflow/example_dags/example_time_delta_sensor_async.py took 0.105 seconds
[2026-08-08T18:17:44.923+0000] {processor.py:186} INFO - Started process (PID=197) to work on /home/airflow/.local/lib/python3.12/site-packages/airflow/example_dags/example_time_delta_sensor_async.py
[2026-08-08T18:17:44.924+0000] {processor.py:914} INFO - Processing file /home/airflow/.local/lib/python3.12/site-packages/airflow/example_dags/example_time_delta_sensor_async.py for tasks to queue
[2026-08-08T18:17:44.927+0000] {logging_mixin.py:190} INFO - [2026-08-08T18:17:44.927+0000] {dagbag.py:587} INFO - Filling up the DagBag from /home/airflow/.local/lib/python3.12/site-packages/airflow/example_dags/example_time_delta_sensor_async.py
[2026-08-08T18:17:44.936+0000] {processor.py:925} INFO - DAG(s) 'example_time_delta_sensor_async' retrieved from /home/airflow/.local/lib/python3.12/site-packages/airflow/example_dags/example_time_delta_sensor_async.py
[2026-08-08T18:17:44.959+0000] {logging_mixin.py:190} INFO - [2026-08-08T18:17:44.959+0000] {dag.py:3211} INFO - Sync 1 DAGs
[2026-08-08T18:17:44.976+0000] {logging_mixin.py:190} INFO - [2026-08-08T18:17:44.976+0000] {dag.py:4138} INFO - Setting next_dagrun for example_time_delta_sensor_async to None, run_after=None
[2026-08-08T18:17:44.999+0000] {processor.py:208} INFO - Processing /home/airflow/.local/lib/python3.12/site-packages/airflow/example_dags/example_time_delta_sensor_async.py took 0.081 seconds
[2026-08-08T18:18:15.636+0000] {processor.py:186} INFO - Started process (PID=260) to work on /home/airflow/.local/lib/python3.12/site-packages/airflow/example_dags/example_time_delta_sensor_async.py
[2026-08-08T18:18:15.639+0000] {processor.py:914} INFO - Processing file /home/airflow/.local/lib/python3.12/site-packages/airflow/example_dags/example_time_delta_sensor_async.py for tasks to queue
[2026-08-08T18:18:15.643+0000] {logging_mixin.py:190} INFO - [2026-08-08T18:18:15.643+0000] {dagbag.py:587} INFO - Filling up the DagBag from /home/airflow/.local/lib/python3.12/site-packages/airflow/example_dags/example_time_delta_sensor_async.py
[2026-08-08T18:18:15.653+0000] {processor.py:925} INFO - DAG(s) 'example_time_delta_sensor_async' retrieved from /home/airflow/.local/lib/python3.12/site-packages/airflow/example_dags/example_time_delta_sensor_async.py
[2026-08-08T18:18:15.676+0000] {logging_mixin.py:190} INFO - [2026-08-08T18:18:15.676+0000] {dag.py:3211} INFO - Sync 1 DAGs
[2026-08-08T18:18:15.688+0000] {logging_mixin.py:190} INFO - [2026-08-08T18:18:15.688+0000] {dag.py:4138} INFO - Setting next_dagrun for example_time_delta_sensor_async to None, run_after=None
[2026-08-08T18:18:15.709+0000] {processor.py:208} INFO - Processing /home/airflow/.local/lib/python3.12/site-packages/airflow/example_dags/example_time_delta_sensor_async.py took 0.079 seconds
[2026-08-08T18:18:46.187+0000] {processor.py:186} INFO - Started process (PID=323) to work on /home/airflow/.local/lib/python3.12/site-packages/airflow/example_dags/example_time_delta_sensor_async.py
[2026-08-08T18:18:46.188+0000] {processor.py:914} INFO - Processing file /home/airflow/.local/lib/python3.12/site-packages/airflow/example_dags/example_time_delta_sensor_async.py for tasks to queue
[2026-08-08T18:18:46.191+0000] {logging_mixin.py:190} INFO - [2026-08-08T18:18:46.191+0000] {dagbag.py:587} INFO - Filling up the DagBag from /home/airflow/.local/lib/python3.12/site-packages/airflow/example_dags/example_time_delta_sensor_async.py
[2026-08-08T18:18:46.199+0000] {processor.py:925} INFO - DAG(s) 'example_time_delta_sensor_async' retrieved from /home/airflow/.local/lib/python3.12/site-packages/airflow/example_dags/example_time_delta_sensor_async.py
[2026-08-08T18:18:46.221+0000] {logging_mixin.py:190} INFO - [2026-08-08T18:18:46.220+0000] {dag.py:3211} INFO - Sync 1 DAGs
[2026-08-08T18:18:46.240+0000] {logging_mixin.py:190} INFO - [2026-08-08T18:18:46.239+0000] {dag.py:4138} INFO - Setting next_dagrun for example_time_delta_sensor_async to None, run_after=None
[2026-08-08T18:18:46.267+0000] {processor.py:208} INFO - Processing /home/airflow/.local/lib/python3.12/site-packages/airflow/example_dags/example_time_delta_sensor_async.py took 0.087 seconds
[2026-08-08T18:19:16.669+0000] {processor.py:186} INFO - Started process (PID=386) to work on /home/airflow/.local/lib/python3.12/site-packages/airflow/example_dags/example_time_delta_sensor_async.py
[2026-08-08T18:19:16.671+0000] {processor.py:914} INFO - Processing file /home/airflow/.local/lib/python3.12/site-packages/airflow/example_dags/example_time_delta_sensor_async.py for tasks to queue
[2026-08-08T18:19:16.674+0000] {logging_mixin.py:190} INFO - [2026-08-08T18:19:16.674+0000] {dagbag.py:587} INFO - Filling up the DagBag from /home/airflow/.local/lib/python3.12/site-packages/airflow/example_dags/example_time_delta_sensor_async.py
[2026-08-08T18:19:16.683+0000] {processor.py:925} INFO - DAG(s) 'example_time_delta_sensor_async' retrieved from /home/airflow/.local/lib/python3.12/site-packages/airflow/example_dags/example_time_delta_sensor_async.py
[2026-08-08T18:19:16.706+0000] {logging_mixin.py:190} INFO - [2026-08-08T18:19:16.706+0000] {dag.py:3211} INFO - Sync 1 DAGs
[2026-08-08T18:19:16.722+0000] {logging_mixin.py:190} INFO - [2026-08-08T18:19:16.722+0000] {dag.py:4138} INFO - Setting next_dagrun for example_time_delta_sensor_async to None, run_after=None
[2026-08-08T18:19:16.745+0000] {processor.py:208} INFO - Processing /home/airflow/.local/lib/python3.12/site-packages/airflow/example_dags/example_time_delta_sensor_async.py took 0.084 seconds
[2026-08-08T18:24:04.298+0000] {processor.py:186} INFO - Started process (PID=449) to work on /home/airflow/.local/lib/python3.12/site-packages/airflow/example_dags/example_time_delta_sensor_async.py
[2026-08-08T18:24:04.299+0000] {processor.py:914} INFO - Processing file /home/airflow/.local/lib/python3.12/site-packages/airflow/example_dags/example_time_delta_sensor_async.py for tasks to queue
[2026-08-08T18:24:04.302+0000] {logging_mixin.py:190} INFO - [2026-08-08T18:24:04.301+0000] {dagbag.py:587} INFO - Filling up the DagBag from /home/airflow/.local/lib/python3.12/site-packages/airflow/example_dags/example_time_delta_sensor_async.py
[2026-08-08T18:24:04.308+0000] {processor.py:925} INFO - DAG(s) 'example_time_delta_sensor_async' retrieved from /home/airflow/.local/lib/python3.12/site-packages/airflow/example_dags/example_time_delta_sensor_async.py
[2026-08-08T18:24:04.324+0000] {logging_mixin.py:190} INFO - [2026-08-08T18:24:04.324+0000] {dag.py:3211} INFO - Sync 1 DAGs
[2026-08-08T18:24:04.335+0000] {logging_mixin.py:190} INFO - [2026-08-08T18:24:04.334+0000] {dag.py:4138} INFO - Setting next_dagrun for example_time_delta_sensor_async to None, run_after=None
[2026-08-08T18:24:04.358+0000] {processor.py:208} INFO - Processing /home/airflow/.local/lib/python3.12/site-packages/airflow/example_dags/example_time_delta_sensor_async.py took 0.064 seconds
[2026-08-08T18:24:35.025+0000] {processor.py:186} INFO - Started process (PID=512) to work on /home/airflow/.local/lib/python3.12/site-packages/airflow/example_dags/example_time_delta_sensor_async.py
[2026-08-08T18:24:35.026+0000] {processor.py:914} INFO - Processing file /home/airflow/.local/lib/python3.12/site-packages/airflow/example_dags/example_time_delta_sensor_async.py for tasks to queue
[2026-08-08T18:24:35.030+0000] {logging_mixin.py:190} INFO - [2026-08-08T18:24:35.030+0000] {dagbag.py:587} INFO - Filling up the DagBag from /home/airflow/.local/lib/python3.12/site-packages/airflow/example_dags/example_time_delta_sensor_async.py
[2026-08-08T18:24:35.039+0000] {processor.py:925} INFO - DAG(s) 'example_time_delta_sensor_async' retrieved from /home/airflow/.local/lib/python3.12/site-packages/airflow/example_dags/example_time_delta_sensor_async.py
[2026-08-08T18:24:35.068+0000] {logging_mixin.py:190} INFO - [2026-08-08T18:24:35.067+0000] {dag.py:3211} INFO - Sync 1 DAGs
[2026-08-08T18:24:35.090+0000] {logging_mixin.py:190} INFO - [2026-08-08T18:24:35.089+0000] {dag.py:4138} INFO - Setting next_dagrun for example_time_delta_sensor_async to None, run_after=None
[2026-08-08T18:24:35.113+0000] {processor.py:208} INFO - Processing /home/airflow/.local/lib/python3.12/site-packages/airflow/example_dags/example_time_delta_sensor_async.py took 0.097 seconds
[2026-08-08T18:25:05.466+0000] {processor.py:186} INFO - Started process (PID=575) to work on /home/airflow/.local/lib/python3.12/site-packages/airflow/example_dags/example_time_delta_sensor_async.py
[2026-08-08T18:25:05.468+0000] {processor.py:914} INFO - Processing file /home/airflow/.local/lib/python3.12/site-packages/airflow/example_dags/example_time_delta_sensor_async.py for tasks to queue
[2026-08-08T18:25:05.470+0000] {logging_mixin.py:190} INFO - [2026-08-08T18:25:05.470+0000] {dagbag.py:587} INFO - Filling up the DagBag from /home/airflow/.local/lib/python3.12/site-packages/airflow/example_dags/example_time_delta_sensor_async.py
[2026-08-08T18:25:05.479+0000] {processor.py:925} INFO - DAG(s) 'example_time_delta_sensor_async' retrieved from /home/airflow/.local/lib/python3.12/site-packages/airflow/example_dags/example_time_delta_sensor_async.py
[2026-08-08T18:25:05.506+0000] {logging_mixin.py:190} INFO - [2026-08-08T18:25:05.505+0000] {dag.py:3211} INFO - Sync 1 DAGs
[2026-08-08T18:25:05.524+0000] {logging_mixin.py:190} INFO - [2026-08-08T18:25:05.523+0000] {dag.py:4138} INFO - Setting next_dagrun for example_time_delta_sensor_async to None, run_after=None
[2026-08-08T18:25:05.552+0000] {processor.py:208} INFO - Processing /home/airflow/.local/lib/python3.12/site-packages/airflow/example_dags/example_time_delta_sensor_async.py took 0.093 seconds
[2026-08-08T18:25:35.646+0000] {processor.py:186} INFO - Started process (PID=638) to work on /home/airflow/.local/lib/python3.12/site-packages/airflow/example_dags/example_time_delta_sensor_async.py
[2026-08-08T18:25:35.648+0000] {processor.py:914} INFO - Processing file /home/airflow/.local/lib/python3.12/site-packages/airflow/example_dags/example_time_delta_sensor_async.py for tasks to queue
[2026-08-08T18:25:35.652+0000] {logging_mixin.py:190} INFO - [2026-08-08T18:25:35.652+0000] {dagbag.py:587} INFO - Filling up the DagBag from /home/airflow/.local/lib/python3.12/site-packages/airflow/example_dags/example_time_delta_sensor_async.py
[2026-08-08T18:25:35.660+0000] {processor.py:925} INFO - DAG(s) 'example_time_delta_sensor_async' retrieved from /home/airflow/.local/lib/python3.12/site-packages/airflow/example_dags/example_time_delta_sensor_async.py
[2026-08-08T18:25:35.683+0000] {logging_mixin.py:190} INFO - [2026-08-08T18:25:35.683+0000] {dag.py:3211} INFO - Sync 1 DAGs
[2026-08-08T18:25:35.702+0000] {logging_mixin.py:190} INFO - [2026-08-08T18:25:35.702+0000] {dag.py:4138} INFO - Setting next_dagrun for example_time_delta_sensor_async to None, run_after=None
[2026-08-08T18:25:35.725+0000] {processor.py:208} INFO - Processing /home/airflow/.local/lib/python3.12/site-packages/airflow/example_dags/example_time_delta_sensor_async.py took 0.086 seconds
[2026-08-08T18:26:06.406+0000] {processor.py:186} INFO - Started process (PID=702) to work on /home/airflow/.local/lib/python3.12/site-packages/airflow/example_dags/example_time_delta_sensor_async.py
[2026-08-08T18:26:06.407+0000] {processor.py:914} INFO - Processing file /home/airflow/.local/lib/python3.12/site-packages/airflow/example_dags/example_time_delta_sensor_async.py for tasks to queue
[2026-08-08T18:26:06.410+0000] {logging_mixin.py:190} INFO - [2026-08-08T18:26:06.410+0000] {dagbag.py:587} INFO - Filling up the DagBag from /home/airflow/.local/lib/python3.12/site-packages/airflow/example_dags/example_time_delta_sensor_async.py
[2026-08-08T18:26:06.419+0000] {processor.py:925} INFO - DAG(s) 'example_time_delta_sensor_async' retrieved from /home/airflow/.local/lib/python3.12/site-packages/airflow/example_dags/example_time_delta_sensor_async.py
[2026-08-08T18:26:06.442+0000] {logging_mixin.py:190} INFO - [2026-08-08T18:26:06.442+0000] {dag.py:3211} INFO - Sync 1 DAGs
[2026-08-08T18:26:06.456+0000] {logging_mixin.py:190} INFO - [2026-08-08T18:26:06.456+0000] {dag.py:4138} INFO - Setting next_dagrun for example_time_delta_sensor_async to None, run_after=None
[2026-08-08T18:26:06.478+0000] {processor.py:208} INFO - Processing /home/airflow/.local/lib/python3.12/site-packages/airflow/example_dags/example_time_delta_sensor_async.py took 0.079 seconds
[2026-08-08T18:26:37.113+0000] {processor.py:186} INFO - Started process (PID=765) to work on /home/airflow/.local/lib/python3.12/site-packages/airflow/example_dags/example_time_delta_sensor_async.py
[2026-08-08T18:26:37.114+0000] {processor.py:914} INFO - Processing file /home/airflow/.local/lib/python3.12/site-packages/airflow/example_dags/example_time_delta_sensor_async.py for tasks to queue
[2026-08-08T18:26:37.117+0000] {logging_mixin.py:190} INFO - [2026-08-08T18:26:37.116+0000] {dagbag.py:587} INFO - Filling up the DagBag from /home/airflow/.local/lib/python3.12/site-packages/airflow/example_dags/example_time_delta_sensor_async.py
[2026-08-08T18:26:37.125+0000] {processor.py:925} INFO - DAG(s) 'example_time_delta_sensor_async' retrieved from /home/airflow/.local/lib/python3.12/site-packages/airflow/example_dags/example_time_delta_sensor_async.py
[2026-08-08T18:26:37.146+0000] {logging_mixin.py:190} INFO - [2026-08-08T18:26:37.146+0000] {dag.py:3211} INFO - Sync 1 DAGs
[2026-08-08T18:26:37.161+0000] {logging_mixin.py:190} INFO - [2026-08-08T18:26:37.160+0000] {dag.py:4138} INFO - Setting next_dagrun for example_time_delta_sensor_async to None, run_after=None
[2026-08-08T18:26:37.179+0000] {processor.py:208} INFO - Processing /home/airflow/.local/lib/python3.12/site-packages/airflow/example_dags/example_time_delta_sensor_async.py took 0.072 seconds
