[2026-08-08T17:25:01.476+0000] {processor.py:186} INFO - Started process (PID=80) to work on /home/airflow/.local/lib/python3.12/site-packages/airflow/example_dags/example_setup_teardown.py
[2026-08-08T17:25:01.478+0000] {processor.py:914} INFO - Processing file /home/airflow/.local/lib/python3.12/site-packages/airflow/example_dags/example_setup_teardown.py for tasks to queue
[2026-08-08T17:25:01.483+0000] {logging_mixin.py:190} INFO - [2026-08-08T17:25:01.482+0000] {dagbag.py:587} INFO - Filling up the DagBag from /home/airflow/.local/lib/python3.12/site-packages/airflow/example_dags/example_setup_teardown.py
[2026-08-08T17:25:01.494+0000] {processor.py:925} INFO - DAG(s) 'example_setup_teardown' retrieved from /home/airflow/.local/lib/python3.12/site-packages/airflow/example_dags/example_setup_teardown.py
[2026-08-08T17:25:01.640+0000] {logging_mixin.py:190} INFO - [2026-08-08T17:25:01.639+0000] {override.py:1858} INFO - Created Permission View: can delete on DAG:example_setup_teardown
[2026-08-08T17:25:01.655+0000] {logging_mixin.py:190} INFO - [2026-08-08T17:25:01.655+0000] {override.py:1858} INFO - Created Permission View: can edit on DAG:example_setup_teardown
[2026-08-08T17:25:01.666+0000] {logging_mixin.py:190} INFO - [2026-08-08T17:25:01.666+0000] {override.py:1858} INFO - Created Permission View: can read on DAG:example_setup_teardown
[2026-08-08T17:25:01.668+0000] {logging_mixin.py:190} INFO - [2026-08-08T17:25:01.668+0000] {dag.py:3211} INFO - Sync 1 DAGs
[2026-08-08T17:25:01.683+0000] {logging_mixin.py:190} INFO - [2026-08-08T17:25:01.682+0000] {dag.py:3234} INFO - Creating ORM DAG for example_setup_teardown
[2026-08-08T17:25:01.697+0000] {logging_mixin.py:190} INFO - [2026-08-08T17:25:01.697+0000] {dag.py:4138} INFO - Setting next_dagrun for example_setup_teardown to 2026-08-07 00:00:00+00:00, run_after=2026-08-08 00:00:00+00:00
[2026-08-08T17:25:01.726+0000] {processor.py:208} INFO - Processing /home/airflow/.local/lib/python3.12/site-packages/airflow/example_dags/example_setup_teardown.py took 0.258 seconds
[2026-08-08T17:25:32.217+0000] {processor.py:186} INFO - Started process (PID=143) to work on /home/airflow/.local/lib/python3.12/site-packages/airflow/example_dags/example_setup_teardown.py
[2026-08-08T17:25:32.219+0000] {processor.py:914} INFO - Processing file /home/airflow/.local/lib/python3.12/site-packages/airflow/example_dags/example_setup_teardown.py for tasks to queue
[2026-08-08T17:25:32.225+0000] {logging_mixin.py:190} INFO - [2026-08-08T17:25:32.224+0000] {dagbag.py:587} INFO - Filling up the DagBag from /home/airflow/.local/lib/python3.12/site-packages/airflow/example_dags/example_setup_teardown.py
[2026-08-08T17:25:32.238+0000] {processor.py:925} INFO - DAG(s) 'example_setup_teardown' retrieved from /home/airflow/.local/lib/python3.12/site-packages/airflow/example_dags/example_setup_teardown.py
[2026-08-08T17:25:32.272+0000] {logging_mixin.py:190} INFO - [2026-08-08T17:25:32.272+0000] {dag.py:3211} INFO - Sync 1 DAGs
[2026-08-08T17:25:32.298+0000] {logging_mixin.py:190} INFO - [2026-08-08T17:25:32.298+0000] {dag.py:4138} INFO - Setting next_dagrun for example_setup_teardown to 2026-08-07 00:00:00+00:00, run_after=2026-08-08 00:00:00+00:00
[2026-08-08T17:25:32.325+0000] {processor.py:208} INFO - Processing /home/airflow/.local/lib/python3.12/site-packages/airflow/example_dags/example_setup_teardown.py took 0.117 seconds
[2026-08-08T17:26:02.772+0000] {processor.py:186} INFO - Started process (PID=206) to work on /home/airflow/.local/lib/python3.12/site-packages/airflow/example_dags/example_setup_teardown.py
[2026-08-08T17:26:02.773+0000] {processor.py:914} INFO - Processing file /home/airflow/.local/lib/python3.12/site-packages/airflow/example_dags/example_setup_teardown.py for tasks to queue
[2026-08-08T17:26:02.776+0000] {logging_mixin.py:190} INFO - [2026-08-08T17:26:02.776+0000] {dagbag.py:587} INFO - Filling up the DagBag from /home/airflow/.local/lib/python3.12/site-packages/airflow/example_dags/example_setup_teardown.py
[2026-08-08T17:26:02.784+0000] {processor.py:925} INFO - DAG(s) 'example_setup_teardown' retrieved from /home/airflow/.local/lib/python3.12/site-packages/airflow/example_dags/example_setup_teardown.py
[2026-08-08T17:26:02.808+0000] {logging_mixin.py:190} INFO - [2026-08-08T17:26:02.807+0000] {dag.py:3211} INFO - Sync 1 DAGs
[2026-08-08T17:26:02.831+0000] {logging_mixin.py:190} INFO - [2026-08-08T17:26:02.831+0000] {dag.py:4138} INFO - Setting next_dagrun for example_setup_teardown to 2026-08-07 00:00:00+00:00, run_after=2026-08-08 00:00:00+00:00
[2026-08-08T17:26:02.854+0000] {processor.py:208} INFO - Processing /home/airflow/.local/lib/python3.12/site-packages/airflow/example_dags/example_setup_teardown.py took 0.089 seconds
[2026-08-08T17:26:33.656+0000] {processor.py:186} INFO - Started process (PID=269) to work on /home/airflow/.local/lib/python3.12/site-packages/airflow/example_dags/example_setup_teardown.py
[2026-08-08T17:26:33.659+0000] {processor.py:914} INFO - Processing file /home/airflow/.local/lib/python3.12/site-packages/airflow/example_dags/example_setup_teardown.py for tasks to queue
[2026-08-08T17:26:33.662+0000] {logging_mixin.py:190} INFO - [2026-08-08T17:26:33.662+0000] {dagbag.py:587} INFO - Filling up the DagBag from /home/airflow/.local/lib/python3.12/site-packages/airflow/example_dags/example_setup_teardown.py
[2026-08-08T17:26:33.675+0000] {processor.py:925} INFO - DAG(s) 'example_setup_teardown' retrieved from /home/airflow/.local/lib/python3.12/site-packages/airflow/example_dags/example_setup_teardown.py
[2026-08-08T17:26:33.701+0000] {logging_mixin.py:190} INFO - [2026-08-08T17:26:33.700+0000] {dag.py:3211} INFO - Sync 1 DAGs
[2026-08-08T17:26:33.739+0000] {logging_mixin.py:190} INFO - [2026-08-08T17:26:33.739+0000] {dag.py:4138} INFO - Setting next_dagrun for example_setup_teardown to 2026-08-07 00:00:00+00:00, run_after=2026-08-08 00:00:00+00:00
[2026-08-08T17:26:33.771+0000] {processor.py:208} INFO - Processing /home/airflow/.local/lib/python3.12/site-packages/airflow/example_dags/example_setup_teardown.py took 0.125 seconds
[2026-08-08T17:27:03.912+0000] {processor.py:186} INFO - Started process (PID=332) to work on /home/airflow/.local/lib/python3.12/site-packages/airflow/example_dags/example_setup_teardown.py
[2026-08-08T17:27:03.913+0000] {processor.py:914} INFO - Processing file /home/airflow/.local/lib/python3.12/site-packages/airflow/example_dags/example_setup_teardown.py for tasks to queue
[2026-08-08T17:27:03.916+0000] {logging_mixin.py:190} INFO - [2026-08-08T17:27:03.916+0000] {dagbag.py:587} INFO - Filling up the DagBag from /home/airflow/.local/lib/python3.12/site-packages/airflow/example_dags/example_setup_teardown.py
[2026-08-08T17:27:03.926+0000] {processor.py:925} INFO - DAG(s) 'example_setup_teardown' retrieved from /home/airflow/.local/lib/python3.12/site-packages/airflow/example_dags/example_setup_teardown.py
[2026-08-08T17:27:03.953+0000] {logging_mixin.py:190} INFO - [2026-08-08T17:27:03.953+0000] {dag.py:3211} INFO - Sync 1 DAGs
[2026-08-08T17:27:03.987+0000] {logging_mixin.py:190} INFO - [2026-08-08T17:27:03.987+0000] {dag.py:4138} INFO - Setting next_dagrun for example_setup_teardown to 2026-08-07 00:00:00+00:00, run_after=2026-08-08 00:00:00+00:00
[2026-08-08T17:27:04.030+0000] {processor.py:208} INFO - Processing /home/airflow/.local/lib/python3.12/site-packages/airflow/example_dags/example_setup_teardown.py took 0.125 seconds
[2026-08-08T17:27:34.101+0000] {processor.py:186} INFO - Started process (PID=395) to work on /home/airflow/.local/lib/python3.12/site-packages/airflow/example_dags/example_setup_teardown.py
[2026-08-08T17:27:34.103+0000] {processor.py:914} INFO - Processing file /home/airflow/.local/lib/python3.12/site-packages/airflow/example_dags/example_setup_teardown.py for tasks to queue
[2026-08-08T17:27:34.105+0000] {logging_mixin.py:190} INFO - [2026-08-08T17:27:34.105+0000] {dagbag.py:587} INFO - Filling up the DagBag from /home/airflow/.local/lib/python3.12/site-packages/airflow/example_dags/example_setup_teardown.py
[2026-08-08T17:27:34.114+0000] {processor.py:925} INFO - DAG(s) 'example_setup_teardown' retrieved from /home/airflow/.local/lib/python3.12/site-packages/airflow/example_dags/example_setup_teardown.py
[2026-08-08T17:27:34.139+0000] {logging_mixin.py:190} INFO - [2026-08-08T17:27:34.139+0000] {dag.py:3211} INFO - Sync 1 DAGs
[2026-08-08T17:27:34.164+0000] {logging_mixin.py:190} INFO - [2026-08-08T17:27:34.163+0000] {dag.py:4138} INFO - Setting next_dagrun for example_setup_teardown to 2026-08-07 00:00:00+00:00, run_after=2026-08-08 00:00:00+00:00
[2026-08-08T17:27:34.187+0000] {processor.py:208} INFO - Processing /home/airflow/.local/lib/python3.12/site-packages/airflow/example_dags/example_setup_teardown.py took 0.092 seconds
[2026-08-08T17:28:04.418+0000] {processor.py:186} INFO - Started process (PID=458) to work on /home/airflow/.local/lib/python3.12/site-packages/airflow/example_dags/example_setup_teardown.py
[2026-08-08T17:28:04.419+0000] {processor.py:914} INFO - Processing file /home/airflow/.local/lib/python3.12/site-packages/airflow/example_dags/example_setup_teardown.py for tasks to queue
[2026-08-08T17:28:04.423+0000] {logging_mixin.py:190} INFO - [2026-08-08T17:28:04.423+0000] {dagbag.py:587} INFO - Filling up the DagBag from /home/airflow/.local/lib/python3.12/site-packages/airflow/example_dags/example_setup_teardown.py
[2026-08-08T17:28:04.435+0000] {processor.py:925} INFO - DAG(s) 'example_setup_teardown' retrieved from /home/airflow/.local/lib/python3.12/site-packages/airflow/example_dags/example_setup_teardown.py
[2026-08-08T17:28:04.467+0000] {logging_mixin.py:190} INFO - [2026-08-08T17:28:04.466+0000] {dag.py:3211} INFO - Sync 1 DAGs
[2026-08-08T17:28:04.492+0000] {logging_mixin.py:190} INFO - [2026-08-08T17:28:04.492+0000] {dag.py:4138} INFO - Setting next_dagrun for example_setup_teardown to 2026-08-07 00:00:00+00:00, run_after=2026-08-08 00:00:00+00:00
[2026-08-08T17:28:04.515+0000] {processor.py:208} INFO - Processing /home/airflow/.local/lib/python3.12/site-packages/airflow/example_dags/example_setup_teardown.py took 0.105 seconds
[2026-08-08T17:28:35.401+0000] {processor.py:186} INFO - Started process (PID=521) to work on /home/airflow/.local/lib/python3.12/site-packages/airflow/example_dags/example_setup_teardown.py
[2026-08-08T17:28:35.402+0000] {processor.py:914} INFO - Processing file /home/airflow/.local/lib/python3.12/site-packages/airflow/example_dags/example_setup_teardown.py for tasks to queue
[2026-08-08T17:28:35.405+0000] {logging_mixin.py:190} INFO - [2026-08-08T17:28:35.404+0000] {dagbag.py:587} INFO - Filling up the DagBag from /home/airflow/.local/lib/python3.12/site-packages/airflow/example_dags/example_setup_teardown.py
[2026-08-08T17:28:35.415+0000] {processor.py:925} INFO - DAG(s) 'example_setup_teardown' retrieved from /home/airflow/.local/lib/python3.12/site-packages/airflow/example_dags/example_setup_teardown.py
[2026-08-08T17:28:35.438+0000] {logging_mixin.py:190} INFO - [2026-08-08T17:28:35.438+0000] {dag.py:3211} INFO - Sync 1 DAGs
[2026-08-08T17:28:35.462+0000] {logging_mixin.py:190} INFO - [2026-08-08T17:28:35.461+0000] {dag.py:4138} INFO - Setting next_dagrun for example_setup_teardown to 2026-08-07 00:00:00+00:00, run_after=2026-08-08 00:00:00+00:00
[2026-08-08T17:28:35.485+0000] {processor.py:208} INFO - Processing /home/airflow/.local/lib/python3.12/site-packages/airflow/example_dags/example_setup_teardown.py took 0.090 seconds
[2026-08-08T17:29:06.503+0000] {processor.py:186} INFO - Started process (PID=584) to work on /home/airflow/.local/lib/python3.12/site-packages/airflow/example_dags/example_setup_teardown.py
[2026-08-08T17:29:06.506+0000] {processor.py:914} INFO - Processing file /home/airflow/.local/lib/python3.12/site-packages/airflow/example_dags/example_setup_teardown.py for tasks to queue
[2026-08-08T17:29:06.511+0000] {logging_mixin.py:190} INFO - [2026-08-08T17:29:06.510+0000] {dagbag.py:587} INFO - Filling up the DagBag from /home/airflow/.local/lib/python3.12/site-packages/airflow/example_dags/example_setup_teardown.py
[2026-08-08T17:29:06.529+0000] {processor.py:925} INFO - DAG(s) 'example_setup_teardown' retrieved from /home/airflow/.local/lib/python3.12/site-packages/airflow/example_dags/example_setup_teardown.py
[2026-08-08T17:29:06.560+0000] {logging_mixin.py:190} INFO - [2026-08-08T17:29:06.560+0000] {dag.py:3211} INFO - Sync 1 DAGs
[2026-08-08T17:29:06.595+0000] {logging_mixin.py:190} INFO - [2026-08-08T17:29:06.595+0000] {dag.py:4138} INFO - Setting next_dagrun for example_setup_teardown to 2026-08-07 00:00:00+00:00, run_after=2026-08-08 00:00:00+00:00
[2026-08-08T17:29:06.626+0000] {processor.py:208} INFO - Processing /home/airflow/.local/lib/python3.12/site-packages/airflow/example_dags/example_setup_teardown.py took 0.133 seconds
[2026-08-08T17:29:37.549+0000] {processor.py:186} INFO - Started process (PID=647) to work on /home/airflow/.local/lib/python3.12/site-packages/airflow/example_dags/example_setup_teardown.py
[2026-08-08T17:29:37.550+0000] {processor.py:914} INFO - Processing file /home/airflow/.local/lib/python3.12/site-packages/airflow/example_dags/example_setup_teardown.py for tasks to queue
[2026-08-08T17:29:37.553+0000] {logging_mixin.py:190} INFO - [2026-08-08T17:29:37.552+0000] {dagbag.py:587} INFO - Filling up the DagBag from /home/airflow/.local/lib/python3.12/site-packages/airflow/example_dags/example_setup_teardown.py
[2026-08-08T17:29:37.563+0000] {processor.py:925} INFO - DAG(s) 'example_setup_teardown' retrieved from /home/airflow/.local/lib/python3.12/site-packages/airflow/example_dags/example_setup_teardown.py
[2026-08-08T17:29:37.585+0000] {logging_mixin.py:190} INFO - [2026-08-08T17:29:37.584+0000] {dag.py:3211} INFO - Sync 1 DAGs
[2026-08-08T17:29:37.604+0000] {logging_mixin.py:190} INFO - [2026-08-08T17:29:37.604+0000] {dag.py:4138} INFO - Setting next_dagrun for example_setup_teardown to 2026-08-07 00:00:00+00:00, run_after=2026-08-08 00:00:00+00:00
[2026-08-08T17:29:37.627+0000] {processor.py:208} INFO - Processing /home/airflow/.local/lib/python3.12/site-packages/airflow/example_dags/example_setup_teardown.py took 0.083 seconds
[2026-08-08T17:30:08.405+0000] {processor.py:186} INFO - Started process (PID=710) to work on /home/airflow/.local/lib/python3.12/site-packages/airflow/example_dags/example_setup_teardown.py
[2026-08-08T17:30:08.406+0000] {processor.py:914} INFO - Processing file /home/airflow/.local/lib/python3.12/site-packages/airflow/example_dags/example_setup_teardown.py for tasks to queue
[2026-08-08T17:30:08.410+0000] {logging_mixin.py:190} INFO - [2026-08-08T17:30:08.409+0000] {dagbag.py:587} INFO - Filling up the DagBag from /home/airflow/.local/lib/python3.12/site-packages/airflow/example_dags/example_setup_teardown.py
[2026-08-08T17:30:08.419+0000] {processor.py:925} INFO - DAG(s) 'example_setup_teardown' retrieved from /home/airflow/.local/lib/python3.12/site-packages/airflow/example_dags/example_setup_teardown.py
[2026-08-08T17:30:08.445+0000] {logging_mixin.py:190} INFO - [2026-08-08T17:30:08.445+0000] {dag.py:3211} INFO - Sync 1 DAGs
[2026-08-08T17:30:08.467+0000] {logging_mixin.py:190} INFO - [2026-08-08T17:30:08.467+0000] {dag.py:4138} INFO - Setting next_dagrun for example_setup_teardown to 2026-08-07 00:00:00+00:00, run_after=2026-08-08 00:00:00+00:00
[2026-08-08T17:30:08.489+0000] {processor.py:208} INFO - Processing /home/airflow/.local/lib/python3.12/site-packages/airflow/example_dags/example_setup_teardown.py took 0.089 seconds
[2026-08-08T17:30:39.346+0000] {processor.py:186} INFO - Started process (PID=773) to work on /home/airflow/.local/lib/python3.12/site-packages/airflow/example_dags/example_setup_teardown.py
[2026-08-08T17:30:39.348+0000] {processor.py:914} INFO - Processing file /home/airflow/.local/lib/python3.12/site-packages/airflow/example_dags/example_setup_teardown.py for tasks to queue
[2026-08-08T17:30:39.350+0000] {logging_mixin.py:190} INFO - [2026-08-08T17:30:39.350+0000] {dagbag.py:587} INFO - Filling up the DagBag from /home/airflow/.local/lib/python3.12/site-packages/airflow/example_dags/example_setup_teardown.py
[2026-08-08T17:30:39.359+0000] {processor.py:925} INFO - DAG(s) 'example_setup_teardown' retrieved from /home/airflow/.local/lib/python3.12/site-packages/airflow/example_dags/example_setup_teardown.py
[2026-08-08T17:30:39.377+0000] {logging_mixin.py:190} INFO - [2026-08-08T17:30:39.376+0000] {dag.py:3211} INFO - Sync 1 DAGs
[2026-08-08T17:30:39.395+0000] {logging_mixin.py:190} INFO - [2026-08-08T17:30:39.394+0000] {dag.py:4138} INFO - Setting next_dagrun for example_setup_teardown to 2026-08-07 00:00:00+00:00, run_after=2026-08-08 00:00:00+00:00
[2026-08-08T17:30:39.413+0000] {processor.py:208} INFO - Processing /home/airflow/.local/lib/python3.12/site-packages/airflow/example_dags/example_setup_teardown.py took 0.072 seconds
[2026-08-08T17:31:09.476+0000] {processor.py:186} INFO - Started process (PID=836) to work on /home/airflow/.local/lib/python3.12/site-packages/airflow/example_dags/example_setup_teardown.py
[2026-08-08T17:31:09.478+0000] {processor.py:914} INFO - Processing file /home/airflow/.local/lib/python3.12/site-packages/airflow/example_dags/example_setup_teardown.py for tasks to queue
[2026-08-08T17:31:09.480+0000] {logging_mixin.py:190} INFO - [2026-08-08T17:31:09.480+0000] {dagbag.py:587} INFO - Filling up the DagBag from /home/airflow/.local/lib/python3.12/site-packages/airflow/example_dags/example_setup_teardown.py
[2026-08-08T17:31:09.488+0000] {processor.py:925} INFO - DAG(s) 'example_setup_teardown' retrieved from /home/airflow/.local/lib/python3.12/site-packages/airflow/example_dags/example_setup_teardown.py
[2026-08-08T17:31:09.508+0000] {logging_mixin.py:190} INFO - [2026-08-08T17:31:09.508+0000] {dag.py:3211} INFO - Sync 1 DAGs
[2026-08-08T17:31:09.527+0000] {logging_mixin.py:190} INFO - [2026-08-08T17:31:09.526+0000] {dag.py:4138} INFO - Setting next_dagrun for example_setup_teardown to 2026-08-07 00:00:00+00:00, run_after=2026-08-08 00:00:00+00:00
[2026-08-08T17:31:09.550+0000] {processor.py:208} INFO - Processing /home/airflow/.local/lib/python3.12/site-packages/airflow/example_dags/example_setup_teardown.py took 0.080 seconds
[2026-08-08T17:31:40.318+0000] {processor.py:186} INFO - Started process (PID=899) to work on /home/airflow/.local/lib/python3.12/site-packages/airflow/example_dags/example_setup_teardown.py
[2026-08-08T17:31:40.320+0000] {processor.py:914} INFO - Processing file /home/airflow/.local/lib/python3.12/site-packages/airflow/example_dags/example_setup_teardown.py for tasks to queue
[2026-08-08T17:31:40.323+0000] {logging_mixin.py:190} INFO - [2026-08-08T17:31:40.323+0000] {dagbag.py:587} INFO - Filling up the DagBag from /home/airflow/.local/lib/python3.12/site-packages/airflow/example_dags/example_setup_teardown.py
[2026-08-08T17:31:40.337+0000] {processor.py:925} INFO - DAG(s) 'example_setup_teardown' retrieved from /home/airflow/.local/lib/python3.12/site-packages/airflow/example_dags/example_setup_teardown.py
[2026-08-08T17:31:40.361+0000] {logging_mixin.py:190} INFO - [2026-08-08T17:31:40.361+0000] {dag.py:3211} INFO - Sync 1 DAGs
[2026-08-08T17:31:40.387+0000] {logging_mixin.py:190} INFO - [2026-08-08T17:31:40.386+0000] {dag.py:4138} INFO - Setting next_dagrun for example_setup_teardown to 2026-08-07 00:00:00+00:00, run_after=2026-08-08 00:00:00+00:00
[2026-08-08T17:31:40.414+0000] {processor.py:208} INFO - Processing /home/airflow/.local/lib/python3.12/site-packages/airflow/example_dags/example_setup_teardown.py took 0.107 seconds
[2026-08-08T17:32:10.866+0000] {processor.py:186} INFO - Started process (PID=962) to work on /home/airflow/.local/lib/python3.12/site-packages/airflow/example_dags/example_setup_teardown.py
[2026-08-08T17:32:10.867+0000] {processor.py:914} INFO - Processing file /home/airflow/.local/lib/python3.12/site-packages/airflow/example_dags/example_setup_teardown.py for tasks to queue
[2026-08-08T17:32:10.870+0000] {logging_mixin.py:190} INFO - [2026-08-08T17:32:10.870+0000] {dagbag.py:587} INFO - Filling up the DagBag from /home/airflow/.local/lib/python3.12/site-packages/airflow/example_dags/example_setup_teardown.py
[2026-08-08T17:32:10.881+0000] {processor.py:925} INFO - DAG(s) 'example_setup_teardown' retrieved from /home/airflow/.local/lib/python3.12/site-packages/airflow/example_dags/example_setup_teardown.py
[2026-08-08T17:32:10.903+0000] {logging_mixin.py:190} INFO - [2026-08-08T17:32:10.903+0000] {dag.py:3211} INFO - Sync 1 DAGs
[2026-08-08T17:32:10.925+0000] {logging_mixin.py:190} INFO - [2026-08-08T17:32:10.924+0000] {dag.py:4138} INFO - Setting next_dagrun for example_setup_teardown to 2026-08-07 00:00:00+00:00, run_after=2026-08-08 00:00:00+00:00
[2026-08-08T17:32:10.945+0000] {processor.py:208} INFO - Processing /home/airflow/.local/lib/python3.12/site-packages/airflow/example_dags/example_setup_teardown.py took 0.086 seconds
[2026-08-08T17:32:41.192+0000] {processor.py:186} INFO - Started process (PID=1025) to work on /home/airflow/.local/lib/python3.12/site-packages/airflow/example_dags/example_setup_teardown.py
[2026-08-08T17:32:41.194+0000] {processor.py:914} INFO - Processing file /home/airflow/.local/lib/python3.12/site-packages/airflow/example_dags/example_setup_teardown.py for tasks to queue
[2026-08-08T17:32:41.197+0000] {logging_mixin.py:190} INFO - [2026-08-08T17:32:41.197+0000] {dagbag.py:587} INFO - Filling up the DagBag from /home/airflow/.local/lib/python3.12/site-packages/airflow/example_dags/example_setup_teardown.py
[2026-08-08T17:32:41.209+0000] {processor.py:925} INFO - DAG(s) 'example_setup_teardown' retrieved from /home/airflow/.local/lib/python3.12/site-packages/airflow/example_dags/example_setup_teardown.py
[2026-08-08T17:32:41.228+0000] {logging_mixin.py:190} INFO - [2026-08-08T17:32:41.228+0000] {dag.py:3211} INFO - Sync 1 DAGs
[2026-08-08T17:32:41.252+0000] {logging_mixin.py:190} INFO - [2026-08-08T17:32:41.252+0000] {dag.py:4138} INFO - Setting next_dagrun for example_setup_teardown to 2026-08-07 00:00:00+00:00, run_after=2026-08-08 00:00:00+00:00
[2026-08-08T17:32:41.279+0000] {processor.py:208} INFO - Processing /home/airflow/.local/lib/python3.12/site-packages/airflow/example_dags/example_setup_teardown.py took 0.094 seconds
[2026-08-08T17:33:11.762+0000] {processor.py:186} INFO - Started process (PID=1088) to work on /home/airflow/.local/lib/python3.12/site-packages/airflow/example_dags/example_setup_teardown.py
[2026-08-08T17:33:11.763+0000] {processor.py:914} INFO - Processing file /home/airflow/.local/lib/python3.12/site-packages/airflow/example_dags/example_setup_teardown.py for tasks to queue
[2026-08-08T17:33:11.767+0000] {logging_mixin.py:190} INFO - [2026-08-08T17:33:11.766+0000] {dagbag.py:587} INFO - Filling up the DagBag from /home/airflow/.local/lib/python3.12/site-packages/airflow/example_dags/example_setup_teardown.py
[2026-08-08T17:33:11.779+0000] {processor.py:925} INFO - DAG(s) 'example_setup_teardown' retrieved from /home/airflow/.local/lib/python3.12/site-packages/airflow/example_dags/example_setup_teardown.py
[2026-08-08T17:33:11.802+0000] {logging_mixin.py:190} INFO - [2026-08-08T17:33:11.802+0000] {dag.py:3211} INFO - Sync 1 DAGs
[2026-08-08T17:33:11.828+0000] {logging_mixin.py:190} INFO - [2026-08-08T17:33:11.827+0000] {dag.py:4138} INFO - Setting next_dagrun for example_setup_teardown to 2026-08-07 00:00:00+00:00, run_after=2026-08-08 00:00:00+00:00
[2026-08-08T17:33:11.860+0000] {processor.py:208} INFO - Processing /home/airflow/.local/lib/python3.12/site-packages/airflow/example_dags/example_setup_teardown.py took 0.106 seconds
[2026-08-08T17:33:42.390+0000] {processor.py:186} INFO - Started process (PID=1151) to work on /home/airflow/.local/lib/python3.12/site-packages/airflow/example_dags/example_setup_teardown.py
[2026-08-08T17:33:42.392+0000] {processor.py:914} INFO - Processing file /home/airflow/.local/lib/python3.12/site-packages/airflow/example_dags/example_setup_teardown.py for tasks to queue
[2026-08-08T17:33:42.394+0000] {logging_mixin.py:190} INFO - [2026-08-08T17:33:42.394+0000] {dagbag.py:587} INFO - Filling up the DagBag from /home/airflow/.local/lib/python3.12/site-packages/airflow/example_dags/example_setup_teardown.py
[2026-08-08T17:33:42.403+0000] {processor.py:925} INFO - DAG(s) 'example_setup_teardown' retrieved from /home/airflow/.local/lib/python3.12/site-packages/airflow/example_dags/example_setup_teardown.py
[2026-08-08T17:33:42.423+0000] {logging_mixin.py:190} INFO - [2026-08-08T17:33:42.422+0000] {dag.py:3211} INFO - Sync 1 DAGs
[2026-08-08T17:33:42.444+0000] {logging_mixin.py:190} INFO - [2026-08-08T17:33:42.444+0000] {dag.py:4138} INFO - Setting next_dagrun for example_setup_teardown to 2026-08-07 00:00:00+00:00, run_after=2026-08-08 00:00:00+00:00
[2026-08-08T17:33:42.465+0000] {processor.py:208} INFO - Processing /home/airflow/.local/lib/python3.12/site-packages/airflow/example_dags/example_setup_teardown.py took 0.080 seconds
[2026-08-08T17:34:12.571+0000] {processor.py:186} INFO - Started process (PID=1214) to work on /home/airflow/.local/lib/python3.12/site-packages/airflow/example_dags/example_setup_teardown.py
[2026-08-08T17:34:12.572+0000] {processor.py:914} INFO - Processing file /home/airflow/.local/lib/python3.12/site-packages/airflow/example_dags/example_setup_teardown.py for tasks to queue
[2026-08-08T17:34:12.576+0000] {logging_mixin.py:190} INFO - [2026-08-08T17:34:12.576+0000] {dagbag.py:587} INFO - Filling up the DagBag from /home/airflow/.local/lib/python3.12/site-packages/airflow/example_dags/example_setup_teardown.py
[2026-08-08T17:34:12.585+0000] {processor.py:925} INFO - DAG(s) 'example_setup_teardown' retrieved from /home/airflow/.local/lib/python3.12/site-packages/airflow/example_dags/example_setup_teardown.py
[2026-08-08T17:34:12.611+0000] {logging_mixin.py:190} INFO - [2026-08-08T17:34:12.611+0000] {dag.py:3211} INFO - Sync 1 DAGs
[2026-08-08T17:34:12.632+0000] {logging_mixin.py:190} INFO - [2026-08-08T17:34:12.632+0000] {dag.py:4138} INFO - Setting next_dagrun for example_setup_teardown to 2026-08-07 00:00:00+00:00, run_after=2026-08-08 00:00:00+00:00
[2026-08-08T17:34:12.653+0000] {processor.py:208} INFO - Processing /home/airflow/.local/lib/python3.12/site-packages/airflow/example_dags/example_setup_teardown.py took 0.087 seconds
[2026-08-08T17:34:43.603+0000] {processor.py:186} INFO - Started process (PID=1277) to work on /home/airflow/.local/lib/python3.12/site-packages/airflow/example_dags/example_setup_teardown.py
[2026-08-08T17:34:43.604+0000] {processor.py:914} INFO - Processing file /home/airflow/.local/lib/python3.12/site-packages/airflow/example_dags/example_setup_teardown.py for tasks to queue
[2026-08-08T17:34:43.607+0000] {logging_mixin.py:190} INFO - [2026-08-08T17:34:43.606+0000] {dagbag.py:587} INFO - Filling up the DagBag from /home/airflow/.local/lib/python3.12/site-packages/airflow/example_dags/example_setup_teardown.py
[2026-08-08T17:34:43.615+0000] {processor.py:925} INFO - DAG(s) 'example_setup_teardown' retrieved from /home/airflow/.local/lib/python3.12/site-packages/airflow/example_dags/example_setup_teardown.py
[2026-08-08T17:34:43.635+0000] {logging_mixin.py:190} INFO - [2026-08-08T17:34:43.634+0000] {dag.py:3211} INFO - Sync 1 DAGs
[2026-08-08T17:34:43.654+0000] {logging_mixin.py:190} INFO - [2026-08-08T17:34:43.654+0000] {dag.py:4138} INFO - Setting next_dagrun for example_setup_teardown to 2026-08-07 00:00:00+00:00, run_after=2026-08-08 00:00:00+00:00
[2026-08-08T17:34:43.676+0000] {processor.py:208} INFO - Processing /home/airflow/.local/lib/python3.12/site-packages/airflow/example_dags/example_setup_teardown.py took 0.079 seconds
[2026-08-08T17:35:14.142+0000] {processor.py:186} INFO - Started process (PID=1340) to work on /home/airflow/.local/lib/python3.12/site-packages/airflow/example_dags/example_setup_teardown.py
[2026-08-08T17:35:14.144+0000] {processor.py:914} INFO - Processing file /home/airflow/.local/lib/python3.12/site-packages/airflow/example_dags/example_setup_teardown.py for tasks to queue
[2026-08-08T17:35:14.146+0000] {logging_mixin.py:190} INFO - [2026-08-08T17:35:14.146+0000] {dagbag.py:587} INFO - Filling up the DagBag from /home/airflow/.local/lib/python3.12/site-packages/airflow/example_dags/example_setup_teardown.py
[2026-08-08T17:35:14.155+0000] {processor.py:925} INFO - DAG(s) 'example_setup_teardown' retrieved from /home/airflow/.local/lib/python3.12/site-packages/airflow/example_dags/example_setup_teardown.py
[2026-08-08T17:35:14.173+0000] {logging_mixin.py:190} INFO - [2026-08-08T17:35:14.173+0000] {dag.py:3211} INFO - Sync 1 DAGs
[2026-08-08T17:35:14.194+0000] {logging_mixin.py:190} INFO - [2026-08-08T17:35:14.193+0000] {dag.py:4138} INFO - Setting next_dagrun for example_setup_teardown to 2026-08-07 00:00:00+00:00, run_after=2026-08-08 00:00:00+00:00
[2026-08-08T17:35:14.214+0000] {processor.py:208} INFO - Processing /home/airflow/.local/lib/python3.12/site-packages/airflow/example_dags/example_setup_teardown.py took 0.077 seconds
[2026-08-08T17:35:44.982+0000] {processor.py:186} INFO - Started process (PID=1403) to work on /home/airflow/.local/lib/python3.12/site-packages/airflow/example_dags/example_setup_teardown.py
[2026-08-08T17:35:44.984+0000] {processor.py:914} INFO - Processing file /home/airflow/.local/lib/python3.12/site-packages/airflow/example_dags/example_setup_teardown.py for tasks to queue
[2026-08-08T17:35:44.986+0000] {logging_mixin.py:190} INFO - [2026-08-08T17:35:44.986+0000] {dagbag.py:587} INFO - Filling up the DagBag from /home/airflow/.local/lib/python3.12/site-packages/airflow/example_dags/example_setup_teardown.py
[2026-08-08T17:35:44.995+0000] {processor.py:925} INFO - DAG(s) 'example_setup_teardown' retrieved from /home/airflow/.local/lib/python3.12/site-packages/airflow/example_dags/example_setup_teardown.py
[2026-08-08T17:35:45.020+0000] {logging_mixin.py:190} INFO - [2026-08-08T17:35:45.020+0000] {dag.py:3211} INFO - Sync 1 DAGs
[2026-08-08T17:35:45.040+0000] {logging_mixin.py:190} INFO - [2026-08-08T17:35:45.040+0000] {dag.py:4138} INFO - Setting next_dagrun for example_setup_teardown to 2026-08-07 00:00:00+00:00, run_after=2026-08-08 00:00:00+00:00
[2026-08-08T17:35:45.057+0000] {processor.py:208} INFO - Processing /home/airflow/.local/lib/python3.12/site-packages/airflow/example_dags/example_setup_teardown.py took 0.081 seconds
[2026-08-08T17:36:15.412+0000] {processor.py:186} INFO - Started process (PID=1466) to work on /home/airflow/.local/lib/python3.12/site-packages/airflow/example_dags/example_setup_teardown.py
[2026-08-08T17:36:15.414+0000] {processor.py:914} INFO - Processing file /home/airflow/.local/lib/python3.12/site-packages/airflow/example_dags/example_setup_teardown.py for tasks to queue
[2026-08-08T17:36:15.418+0000] {logging_mixin.py:190} INFO - [2026-08-08T17:36:15.417+0000] {dagbag.py:587} INFO - Filling up the DagBag from /home/airflow/.local/lib/python3.12/site-packages/airflow/example_dags/example_setup_teardown.py
[2026-08-08T17:36:15.430+0000] {processor.py:925} INFO - DAG(s) 'example_setup_teardown' retrieved from /home/airflow/.local/lib/python3.12/site-packages/airflow/example_dags/example_setup_teardown.py
[2026-08-08T17:36:15.454+0000] {logging_mixin.py:190} INFO - [2026-08-08T17:36:15.454+0000] {dag.py:3211} INFO - Sync 1 DAGs
[2026-08-08T17:36:15.478+0000] {logging_mixin.py:190} INFO - [2026-08-08T17:36:15.478+0000] {dag.py:4138} INFO - Setting next_dagrun for example_setup_teardown to 2026-08-07 00:00:00+00:00, run_after=2026-08-08 00:00:00+00:00
[2026-08-08T17:36:15.506+0000] {processor.py:208} INFO - Processing /home/airflow/.local/lib/python3.12/site-packages/airflow/example_dags/example_setup_teardown.py took 0.102 seconds
[2026-08-08T17:36:45.832+0000] {processor.py:186} INFO - Started process (PID=1528) to work on /home/airflow/.local/lib/python3.12/site-packages/airflow/example_dags/example_setup_teardown.py
[2026-08-08T17:36:45.841+0000] {processor.py:914} INFO - Processing file /home/airflow/.local/lib/python3.12/site-packages/airflow/example_dags/example_setup_teardown.py for tasks to queue
[2026-08-08T17:36:45.855+0000] {logging_mixin.py:190} INFO - [2026-08-08T17:36:45.853+0000] {dagbag.py:587} INFO - Filling up the DagBag from /home/airflow/.local/lib/python3.12/site-packages/airflow/example_dags/example_setup_teardown.py
[2026-08-08T17:36:45.909+0000] {processor.py:925} INFO - DAG(s) 'example_setup_teardown' retrieved from /home/airflow/.local/lib/python3.12/site-packages/airflow/example_dags/example_setup_teardown.py
[2026-08-08T17:36:46.031+0000] {logging_mixin.py:190} INFO - [2026-08-08T17:36:46.030+0000] {dag.py:3211} INFO - Sync 1 DAGs
[2026-08-08T17:36:46.121+0000] {logging_mixin.py:190} INFO - [2026-08-08T17:36:46.120+0000] {dag.py:4138} INFO - Setting next_dagrun for example_setup_teardown to 2026-08-07 00:00:00+00:00, run_after=2026-08-08 00:00:00+00:00
[2026-08-08T17:36:46.173+0000] {processor.py:208} INFO - Processing /home/airflow/.local/lib/python3.12/site-packages/airflow/example_dags/example_setup_teardown.py took 0.390 seconds
[2026-08-08T17:38:13.936+0000] {processor.py:186} INFO - Started process (PID=62) to work on /home/airflow/.local/lib/python3.12/site-packages/airflow/example_dags/example_setup_teardown.py
[2026-08-08T17:38:13.938+0000] {processor.py:914} INFO - Processing file /home/airflow/.local/lib/python3.12/site-packages/airflow/example_dags/example_setup_teardown.py for tasks to queue
[2026-08-08T17:38:13.940+0000] {logging_mixin.py:190} INFO - [2026-08-08T17:38:13.940+0000] {dagbag.py:587} INFO - Filling up the DagBag from /home/airflow/.local/lib/python3.12/site-packages/airflow/example_dags/example_setup_teardown.py
[2026-08-08T17:38:13.951+0000] {processor.py:925} INFO - DAG(s) 'example_setup_teardown' retrieved from /home/airflow/.local/lib/python3.12/site-packages/airflow/example_dags/example_setup_teardown.py
[2026-08-08T17:38:13.978+0000] {logging_mixin.py:190} INFO - [2026-08-08T17:38:13.978+0000] {dag.py:3211} INFO - Sync 1 DAGs
[2026-08-08T17:38:14.012+0000] {logging_mixin.py:190} INFO - [2026-08-08T17:38:14.012+0000] {dag.py:4138} INFO - Setting next_dagrun for example_setup_teardown to 2026-08-07 00:00:00+00:00, run_after=2026-08-08 00:00:00+00:00
[2026-08-08T17:38:14.037+0000] {processor.py:208} INFO - Processing /home/airflow/.local/lib/python3.12/site-packages/airflow/example_dags/example_setup_teardown.py took 0.106 seconds
[2026-08-08T17:38:44.673+0000] {processor.py:186} INFO - Started process (PID=125) to work on /home/airflow/.local/lib/python3.12/site-packages/airflow/example_dags/example_setup_teardown.py
[2026-08-08T17:38:44.677+0000] {processor.py:914} INFO - Processing file /home/airflow/.local/lib/python3.12/site-packages/airflow/example_dags/example_setup_teardown.py for tasks to queue
[2026-08-08T17:38:44.682+0000] {logging_mixin.py:190} INFO - [2026-08-08T17:38:44.682+0000] {dagbag.py:587} INFO - Filling up the DagBag from /home/airflow/.local/lib/python3.12/site-packages/airflow/example_dags/example_setup_teardown.py
[2026-08-08T17:38:44.695+0000] {processor.py:925} INFO - DAG(s) 'example_setup_teardown' retrieved from /home/airflow/.local/lib/python3.12/site-packages/airflow/example_dags/example_setup_teardown.py
[2026-08-08T17:38:44.731+0000] {logging_mixin.py:190} INFO - [2026-08-08T17:38:44.731+0000] {dag.py:3211} INFO - Sync 1 DAGs
[2026-08-08T17:38:44.768+0000] {logging_mixin.py:190} INFO - [2026-08-08T17:38:44.768+0000] {dag.py:4138} INFO - Setting next_dagrun for example_setup_teardown to 2026-08-07 00:00:00+00:00, run_after=2026-08-08 00:00:00+00:00
[2026-08-08T17:38:44.801+0000] {processor.py:208} INFO - Processing /home/airflow/.local/lib/python3.12/site-packages/airflow/example_dags/example_setup_teardown.py took 0.134 seconds
[2026-08-08T17:39:15.454+0000] {processor.py:186} INFO - Started process (PID=194) to work on /home/airflow/.local/lib/python3.12/site-packages/airflow/example_dags/example_setup_teardown.py
[2026-08-08T17:39:15.455+0000] {processor.py:914} INFO - Processing file /home/airflow/.local/lib/python3.12/site-packages/airflow/example_dags/example_setup_teardown.py for tasks to queue
[2026-08-08T17:39:15.458+0000] {logging_mixin.py:190} INFO - [2026-08-08T17:39:15.458+0000] {dagbag.py:587} INFO - Filling up the DagBag from /home/airflow/.local/lib/python3.12/site-packages/airflow/example_dags/example_setup_teardown.py
[2026-08-08T17:39:15.466+0000] {processor.py:925} INFO - DAG(s) 'example_setup_teardown' retrieved from /home/airflow/.local/lib/python3.12/site-packages/airflow/example_dags/example_setup_teardown.py
[2026-08-08T17:39:15.485+0000] {logging_mixin.py:190} INFO - [2026-08-08T17:39:15.484+0000] {dag.py:3211} INFO - Sync 1 DAGs
[2026-08-08T17:39:15.504+0000] {logging_mixin.py:190} INFO - [2026-08-08T17:39:15.503+0000] {dag.py:4138} INFO - Setting next_dagrun for example_setup_teardown to 2026-08-07 00:00:00+00:00, run_after=2026-08-08 00:00:00+00:00
[2026-08-08T17:39:15.523+0000] {processor.py:208} INFO - Processing /home/airflow/.local/lib/python3.12/site-packages/airflow/example_dags/example_setup_teardown.py took 0.074 seconds
[2026-08-08T17:39:46.524+0000] {processor.py:186} INFO - Started process (PID=257) to work on /home/airflow/.local/lib/python3.12/site-packages/airflow/example_dags/example_setup_teardown.py
[2026-08-08T17:39:46.526+0000] {processor.py:914} INFO - Processing file /home/airflow/.local/lib/python3.12/site-packages/airflow/example_dags/example_setup_teardown.py for tasks to queue
[2026-08-08T17:39:46.530+0000] {logging_mixin.py:190} INFO - [2026-08-08T17:39:46.529+0000] {dagbag.py:587} INFO - Filling up the DagBag from /home/airflow/.local/lib/python3.12/site-packages/airflow/example_dags/example_setup_teardown.py
[2026-08-08T17:39:46.541+0000] {processor.py:925} INFO - DAG(s) 'example_setup_teardown' retrieved from /home/airflow/.local/lib/python3.12/site-packages/airflow/example_dags/example_setup_teardown.py
[2026-08-08T17:39:46.564+0000] {logging_mixin.py:190} INFO - [2026-08-08T17:39:46.564+0000] {dag.py:3211} INFO - Sync 1 DAGs
[2026-08-08T17:39:46.585+0000] {logging_mixin.py:190} INFO - [2026-08-08T17:39:46.585+0000] {dag.py:4138} INFO - Setting next_dagrun for example_setup_teardown to 2026-08-07 00:00:00+00:00, run_after=2026-08-08 00:00:00+00:00
[2026-08-08T17:39:46.604+0000] {processor.py:208} INFO - Processing /home/airflow/.local/lib/python3.12/site-packages/airflow/example_dags/example_setup_teardown.py took 0.090 seconds
[2026-08-08T17:42:37.614+0000] {processor.py:186} INFO - Started process (PID=74) to work on /home/airflow/.local/lib/python3.12/site-packages/airflow/example_dags/example_setup_teardown.py
[2026-08-08T17:42:37.616+0000] {processor.py:914} INFO - Processing file /home/airflow/.local/lib/python3.12/site-packages/airflow/example_dags/example_setup_teardown.py for tasks to queue
[2026-08-08T17:42:37.621+0000] {logging_mixin.py:190} INFO - [2026-08-08T17:42:37.621+0000] {dagbag.py:587} INFO - Filling up the DagBag from /home/airflow/.local/lib/python3.12/site-packages/airflow/example_dags/example_setup_teardown.py
[2026-08-08T17:42:37.646+0000] {processor.py:925} INFO - DAG(s) 'example_setup_teardown' retrieved from /home/airflow/.local/lib/python3.12/site-packages/airflow/example_dags/example_setup_teardown.py
[2026-08-08T17:42:37.681+0000] {logging_mixin.py:190} INFO - [2026-08-08T17:42:37.680+0000] {dag.py:3211} INFO - Sync 1 DAGs
[2026-08-08T17:42:37.714+0000] {logging_mixin.py:190} INFO - [2026-08-08T17:42:37.713+0000] {dag.py:4138} INFO - Setting next_dagrun for example_setup_teardown to 2026-08-07 00:00:00+00:00, run_after=2026-08-08 00:00:00+00:00
[2026-08-08T17:42:37.738+0000] {processor.py:208} INFO - Processing /home/airflow/.local/lib/python3.12/site-packages/airflow/example_dags/example_setup_teardown.py took 0.135 seconds
[2026-08-08T17:43:08.271+0000] {processor.py:186} INFO - Started process (PID=137) to work on /home/airflow/.local/lib/python3.12/site-packages/airflow/example_dags/example_setup_teardown.py
[2026-08-08T17:43:08.273+0000] {processor.py:914} INFO - Processing file /home/airflow/.local/lib/python3.12/site-packages/airflow/example_dags/example_setup_teardown.py for tasks to queue
[2026-08-08T17:43:08.276+0000] {logging_mixin.py:190} INFO - [2026-08-08T17:43:08.276+0000] {dagbag.py:587} INFO - Filling up the DagBag from /home/airflow/.local/lib/python3.12/site-packages/airflow/example_dags/example_setup_teardown.py
[2026-08-08T17:43:08.291+0000] {processor.py:925} INFO - DAG(s) 'example_setup_teardown' retrieved from /home/airflow/.local/lib/python3.12/site-packages/airflow/example_dags/example_setup_teardown.py
[2026-08-08T17:43:08.321+0000] {logging_mixin.py:190} INFO - [2026-08-08T17:43:08.321+0000] {dag.py:3211} INFO - Sync 1 DAGs
[2026-08-08T17:43:08.365+0000] {logging_mixin.py:190} INFO - [2026-08-08T17:43:08.365+0000] {dag.py:4138} INFO - Setting next_dagrun for example_setup_teardown to 2026-08-07 00:00:00+00:00, run_after=2026-08-08 00:00:00+00:00
[2026-08-08T17:43:08.400+0000] {processor.py:208} INFO - Processing /home/airflow/.local/lib/python3.12/site-packages/airflow/example_dags/example_setup_teardown.py took 0.137 seconds
[2026-08-08T17:43:38.725+0000] {processor.py:186} INFO - Started process (PID=206) to work on /home/airflow/.local/lib/python3.12/site-packages/airflow/example_dags/example_setup_teardown.py
[2026-08-08T17:43:38.727+0000] {processor.py:914} INFO - Processing file /home/airflow/.local/lib/python3.12/site-packages/airflow/example_dags/example_setup_teardown.py for tasks to queue
[2026-08-08T17:43:38.732+0000] {logging_mixin.py:190} INFO - [2026-08-08T17:43:38.731+0000] {dagbag.py:587} INFO - Filling up the DagBag from /home/airflow/.local/lib/python3.12/site-packages/airflow/example_dags/example_setup_teardown.py
[2026-08-08T17:43:38.744+0000] {processor.py:925} INFO - DAG(s) 'example_setup_teardown' retrieved from /home/airflow/.local/lib/python3.12/site-packages/airflow/example_dags/example_setup_teardown.py
[2026-08-08T17:43:38.778+0000] {logging_mixin.py:190} INFO - [2026-08-08T17:43:38.777+0000] {dag.py:3211} INFO - Sync 1 DAGs
[2026-08-08T17:43:38.812+0000] {logging_mixin.py:190} INFO - [2026-08-08T17:43:38.812+0000] {dag.py:4138} INFO - Setting next_dagrun for example_setup_teardown to 2026-08-07 00:00:00+00:00, run_after=2026-08-08 00:00:00+00:00
[2026-08-08T17:43:38.846+0000] {processor.py:208} INFO - Processing /home/airflow/.local/lib/python3.12/site-packages/airflow/example_dags/example_setup_teardown.py took 0.128 seconds
[2026-08-08T17:44:09.653+0000] {processor.py:186} INFO - Started process (PID=269) to work on /home/airflow/.local/lib/python3.12/site-packages/airflow/example_dags/example_setup_teardown.py
[2026-08-08T17:44:09.654+0000] {processor.py:914} INFO - Processing file /home/airflow/.local/lib/python3.12/site-packages/airflow/example_dags/example_setup_teardown.py for tasks to queue
[2026-08-08T17:44:09.657+0000] {logging_mixin.py:190} INFO - [2026-08-08T17:44:09.657+0000] {dagbag.py:587} INFO - Filling up the DagBag from /home/airflow/.local/lib/python3.12/site-packages/airflow/example_dags/example_setup_teardown.py
[2026-08-08T17:44:09.664+0000] {processor.py:925} INFO - DAG(s) 'example_setup_teardown' retrieved from /home/airflow/.local/lib/python3.12/site-packages/airflow/example_dags/example_setup_teardown.py
[2026-08-08T17:44:09.687+0000] {logging_mixin.py:190} INFO - [2026-08-08T17:44:09.686+0000] {dag.py:3211} INFO - Sync 1 DAGs
[2026-08-08T17:44:09.714+0000] {logging_mixin.py:190} INFO - [2026-08-08T17:44:09.713+0000] {dag.py:4138} INFO - Setting next_dagrun for example_setup_teardown to 2026-08-07 00:00:00+00:00, run_after=2026-08-08 00:00:00+00:00
[2026-08-08T17:44:09.735+0000] {processor.py:208} INFO - Processing /home/airflow/.local/lib/python3.12/site-packages/airflow/example_dags/example_setup_teardown.py took 0.088 seconds
[2026-08-08T17:44:40.120+0000] {processor.py:186} INFO - Started process (PID=332) to work on /home/airflow/.local/lib/python3.12/site-packages/airflow/example_dags/example_setup_teardown.py
[2026-08-08T17:44:40.121+0000] {processor.py:914} INFO - Processing file /home/airflow/.local/lib/python3.12/site-packages/airflow/example_dags/example_setup_teardown.py for tasks to queue
[2026-08-08T17:44:40.124+0000] {logging_mixin.py:190} INFO - [2026-08-08T17:44:40.123+0000] {dagbag.py:587} INFO - Filling up the DagBag from /home/airflow/.local/lib/python3.12/site-packages/airflow/example_dags/example_setup_teardown.py
[2026-08-08T17:44:40.131+0000] {processor.py:925} INFO - DAG(s) 'example_setup_teardown' retrieved from /home/airflow/.local/lib/python3.12/site-packages/airflow/example_dags/example_setup_teardown.py
[2026-08-08T17:44:40.152+0000] {logging_mixin.py:190} INFO - [2026-08-08T17:44:40.151+0000] {dag.py:3211} INFO - Sync 1 DAGs
[2026-08-08T17:44:40.174+0000] {logging_mixin.py:190} INFO - [2026-08-08T17:44:40.174+0000] {dag.py:4138} INFO - Setting next_dagrun for example_setup_teardown to 2026-08-07 00:00:00+00:00, run_after=2026-08-08 00:00:00+00:00
[2026-08-08T17:44:40.197+0000] {processor.py:208} INFO - Processing /home/airflow/.local/lib/python3.12/site-packages/airflow/example_dags/example_setup_teardown.py took 0.082 seconds
[2026-08-08T17:45:10.459+0000] {processor.py:186} INFO - Started process (PID=395) to work on /home/airflow/.local/lib/python3.12/site-packages/airflow/example_dags/example_setup_teardown.py
[2026-08-08T17:45:10.460+0000] {processor.py:914} INFO - Processing file /home/airflow/.local/lib/python3.12/site-packages/airflow/example_dags/example_setup_teardown.py for tasks to queue
[2026-08-08T17:45:10.462+0000] {logging_mixin.py:190} INFO - [2026-08-08T17:45:10.462+0000] {dagbag.py:587} INFO - Filling up the DagBag from /home/airflow/.local/lib/python3.12/site-packages/airflow/example_dags/example_setup_teardown.py
[2026-08-08T17:45:10.471+0000] {processor.py:925} INFO - DAG(s) 'example_setup_teardown' retrieved from /home/airflow/.local/lib/python3.12/site-packages/airflow/example_dags/example_setup_teardown.py
[2026-08-08T17:45:10.489+0000] {logging_mixin.py:190} INFO - [2026-08-08T17:45:10.489+0000] {dag.py:3211} INFO - Sync 1 DAGs
[2026-08-08T17:45:10.507+0000] {logging_mixin.py:190} INFO - [2026-08-08T17:45:10.506+0000] {dag.py:4138} INFO - Setting next_dagrun for example_setup_teardown to 2026-08-07 00:00:00+00:00, run_after=2026-08-08 00:00:00+00:00
[2026-08-08T17:45:10.526+0000] {processor.py:208} INFO - Processing /home/airflow/.local/lib/python3.12/site-packages/airflow/example_dags/example_setup_teardown.py took 0.073 seconds
[2026-08-08T17:45:40.666+0000] {processor.py:186} INFO - Started process (PID=458) to work on /home/airflow/.local/lib/python3.12/site-packages/airflow/example_dags/example_setup_teardown.py
[2026-08-08T17:45:40.668+0000] {processor.py:914} INFO - Processing file /home/airflow/.local/lib/python3.12/site-packages/airflow/example_dags/example_setup_teardown.py for tasks to queue
[2026-08-08T17:45:40.671+0000] {logging_mixin.py:190} INFO - [2026-08-08T17:45:40.670+0000] {dagbag.py:587} INFO - Filling up the DagBag from /home/airflow/.local/lib/python3.12/site-packages/airflow/example_dags/example_setup_teardown.py
[2026-08-08T17:45:40.681+0000] {processor.py:925} INFO - DAG(s) 'example_setup_teardown' retrieved from /home/airflow/.local/lib/python3.12/site-packages/airflow/example_dags/example_setup_teardown.py
[2026-08-08T17:45:40.707+0000] {logging_mixin.py:190} INFO - [2026-08-08T17:45:40.707+0000] {dag.py:3211} INFO - Sync 1 DAGs
[2026-08-08T17:45:40.732+0000] {logging_mixin.py:190} INFO - [2026-08-08T17:45:40.731+0000] {dag.py:4138} INFO - Setting next_dagrun for example_setup_teardown to 2026-08-07 00:00:00+00:00, run_after=2026-08-08 00:00:00+00:00
[2026-08-08T17:45:40.757+0000] {processor.py:208} INFO - Processing /home/airflow/.local/lib/python3.12/site-packages/airflow/example_dags/example_setup_teardown.py took 0.098 seconds
[2026-08-08T17:47:11.488+0000] {processor.py:186} INFO - Started process (PID=75) to work on /home/airflow/.local/lib/python3.12/site-packages/airflow/example_dags/example_setup_teardown.py
[2026-08-08T17:47:11.490+0000] {processor.py:914} INFO - Processing file /home/airflow/.local/lib/python3.12/site-packages/airflow/example_dags/example_setup_teardown.py for tasks to queue
[2026-08-08T17:47:11.494+0000] {logging_mixin.py:190} INFO - [2026-08-08T17:47:11.493+0000] {dagbag.py:587} INFO - Filling up the DagBag from /home/airflow/.local/lib/python3.12/site-packages/airflow/example_dags/example_setup_teardown.py
[2026-08-08T17:47:11.509+0000] {processor.py:925} INFO - DAG(s) 'example_setup_teardown' retrieved from /home/airflow/.local/lib/python3.12/site-packages/airflow/example_dags/example_setup_teardown.py
[2026-08-08T17:47:11.538+0000] {logging_mixin.py:190} INFO - [2026-08-08T17:47:11.537+0000] {dag.py:3211} INFO - Sync 1 DAGs
[2026-08-08T17:47:11.565+0000] {logging_mixin.py:190} INFO - [2026-08-08T17:47:11.565+0000] {dag.py:4138} INFO - Setting next_dagrun for example_setup_teardown to 2026-08-07 00:00:00+00:00, run_after=2026-08-08 00:00:00+00:00
[2026-08-08T17:47:11.598+0000] {processor.py:208} INFO - Processing /home/airflow/.local/lib/python3.12/site-packages/airflow/example_dags/example_setup_teardown.py took 0.115 seconds
[2026-08-08T17:47:42.402+0000] {processor.py:186} INFO - Started process (PID=138) to work on /home/airflow/.local/lib/python3.12/site-packages/airflow/example_dags/example_setup_teardown.py
[2026-08-08T17:47:42.405+0000] {processor.py:914} INFO - Processing file /home/airflow/.local/lib/python3.12/site-packages/airflow/example_dags/example_setup_teardown.py for tasks to queue
[2026-08-08T17:47:42.408+0000] {logging_mixin.py:190} INFO - [2026-08-08T17:47:42.407+0000] {dagbag.py:587} INFO - Filling up the DagBag from /home/airflow/.local/lib/python3.12/site-packages/airflow/example_dags/example_setup_teardown.py
[2026-08-08T17:47:42.419+0000] {processor.py:925} INFO - DAG(s) 'example_setup_teardown' retrieved from /home/airflow/.local/lib/python3.12/site-packages/airflow/example_dags/example_setup_teardown.py
[2026-08-08T17:47:42.449+0000] {logging_mixin.py:190} INFO - [2026-08-08T17:47:42.448+0000] {dag.py:3211} INFO - Sync 1 DAGs
[2026-08-08T17:47:42.480+0000] {logging_mixin.py:190} INFO - [2026-08-08T17:47:42.479+0000] {dag.py:4138} INFO - Setting next_dagrun for example_setup_teardown to 2026-08-07 00:00:00+00:00, run_after=2026-08-08 00:00:00+00:00
[2026-08-08T17:47:42.508+0000] {processor.py:208} INFO - Processing /home/airflow/.local/lib/python3.12/site-packages/airflow/example_dags/example_setup_teardown.py took 0.116 seconds
[2026-08-08T17:48:12.970+0000] {processor.py:186} INFO - Started process (PID=207) to work on /home/airflow/.local/lib/python3.12/site-packages/airflow/example_dags/example_setup_teardown.py
[2026-08-08T17:48:12.972+0000] {processor.py:914} INFO - Processing file /home/airflow/.local/lib/python3.12/site-packages/airflow/example_dags/example_setup_teardown.py for tasks to queue
[2026-08-08T17:48:12.976+0000] {logging_mixin.py:190} INFO - [2026-08-08T17:48:12.976+0000] {dagbag.py:587} INFO - Filling up the DagBag from /home/airflow/.local/lib/python3.12/site-packages/airflow/example_dags/example_setup_teardown.py
[2026-08-08T17:48:12.989+0000] {processor.py:925} INFO - DAG(s) 'example_setup_teardown' retrieved from /home/airflow/.local/lib/python3.12/site-packages/airflow/example_dags/example_setup_teardown.py
[2026-08-08T17:48:13.020+0000] {logging_mixin.py:190} INFO - [2026-08-08T17:48:13.020+0000] {dag.py:3211} INFO - Sync 1 DAGs
[2026-08-08T17:48:13.048+0000] {logging_mixin.py:190} INFO - [2026-08-08T17:48:13.047+0000] {dag.py:4138} INFO - Setting next_dagrun for example_setup_teardown to 2026-08-07 00:00:00+00:00, run_after=2026-08-08 00:00:00+00:00
[2026-08-08T17:48:13.070+0000] {processor.py:208} INFO - Processing /home/airflow/.local/lib/python3.12/site-packages/airflow/example_dags/example_setup_teardown.py took 0.112 seconds
[2026-08-08T17:48:43.839+0000] {processor.py:186} INFO - Started process (PID=276) to work on /home/airflow/.local/lib/python3.12/site-packages/airflow/example_dags/example_setup_teardown.py
[2026-08-08T17:48:43.840+0000] {processor.py:914} INFO - Processing file /home/airflow/.local/lib/python3.12/site-packages/airflow/example_dags/example_setup_teardown.py for tasks to queue
[2026-08-08T17:48:43.843+0000] {logging_mixin.py:190} INFO - [2026-08-08T17:48:43.843+0000] {dagbag.py:587} INFO - Filling up the DagBag from /home/airflow/.local/lib/python3.12/site-packages/airflow/example_dags/example_setup_teardown.py
[2026-08-08T17:48:43.854+0000] {processor.py:925} INFO - DAG(s) 'example_setup_teardown' retrieved from /home/airflow/.local/lib/python3.12/site-packages/airflow/example_dags/example_setup_teardown.py
[2026-08-08T17:48:43.883+0000] {logging_mixin.py:190} INFO - [2026-08-08T17:48:43.883+0000] {dag.py:3211} INFO - Sync 1 DAGs
[2026-08-08T17:48:43.913+0000] {logging_mixin.py:190} INFO - [2026-08-08T17:48:43.913+0000] {dag.py:4138} INFO - Setting next_dagrun for example_setup_teardown to 2026-08-07 00:00:00+00:00, run_after=2026-08-08 00:00:00+00:00
[2026-08-08T17:48:43.938+0000] {processor.py:208} INFO - Processing /home/airflow/.local/lib/python3.12/site-packages/airflow/example_dags/example_setup_teardown.py took 0.106 seconds
[2026-08-08T17:52:35.087+0000] {processor.py:186} INFO - Started process (PID=80) to work on /home/airflow/.local/lib/python3.12/site-packages/airflow/example_dags/example_setup_teardown.py
[2026-08-08T17:52:35.089+0000] {processor.py:914} INFO - Processing file /home/airflow/.local/lib/python3.12/site-packages/airflow/example_dags/example_setup_teardown.py for tasks to queue
[2026-08-08T17:52:35.091+0000] {logging_mixin.py:190} INFO - [2026-08-08T17:52:35.091+0000] {dagbag.py:587} INFO - Filling up the DagBag from /home/airflow/.local/lib/python3.12/site-packages/airflow/example_dags/example_setup_teardown.py
[2026-08-08T17:52:35.108+0000] {processor.py:925} INFO - DAG(s) 'example_setup_teardown' retrieved from /home/airflow/.local/lib/python3.12/site-packages/airflow/example_dags/example_setup_teardown.py
[2026-08-08T17:52:35.141+0000] {logging_mixin.py:190} INFO - [2026-08-08T17:52:35.141+0000] {dag.py:3211} INFO - Sync 1 DAGs
[2026-08-08T17:52:35.167+0000] {logging_mixin.py:190} INFO - [2026-08-08T17:52:35.166+0000] {dag.py:4138} INFO - Setting next_dagrun for example_setup_teardown to 2026-08-07 00:00:00+00:00, run_after=2026-08-08 00:00:00+00:00
[2026-08-08T17:52:35.190+0000] {processor.py:208} INFO - Processing /home/airflow/.local/lib/python3.12/site-packages/airflow/example_dags/example_setup_teardown.py took 0.110 seconds
[2026-08-08T17:53:05.833+0000] {processor.py:186} INFO - Started process (PID=143) to work on /home/airflow/.local/lib/python3.12/site-packages/airflow/example_dags/example_setup_teardown.py
[2026-08-08T17:53:05.835+0000] {processor.py:914} INFO - Processing file /home/airflow/.local/lib/python3.12/site-packages/airflow/example_dags/example_setup_teardown.py for tasks to queue
[2026-08-08T17:53:05.839+0000] {logging_mixin.py:190} INFO - [2026-08-08T17:53:05.838+0000] {dagbag.py:587} INFO - Filling up the DagBag from /home/airflow/.local/lib/python3.12/site-packages/airflow/example_dags/example_setup_teardown.py
[2026-08-08T17:53:05.850+0000] {processor.py:925} INFO - DAG(s) 'example_setup_teardown' retrieved from /home/airflow/.local/lib/python3.12/site-packages/airflow/example_dags/example_setup_teardown.py
[2026-08-08T17:53:05.873+0000] {logging_mixin.py:190} INFO - [2026-08-08T17:53:05.873+0000] {dag.py:3211} INFO - Sync 1 DAGs
[2026-08-08T17:53:05.907+0000] {logging_mixin.py:190} INFO - [2026-08-08T17:53:05.907+0000] {dag.py:4138} INFO - Setting next_dagrun for example_setup_teardown to 2026-08-07 00:00:00+00:00, run_after=2026-08-08 00:00:00+00:00
[2026-08-08T17:53:05.937+0000] {processor.py:208} INFO - Processing /home/airflow/.local/lib/python3.12/site-packages/airflow/example_dags/example_setup_teardown.py took 0.112 seconds
[2026-08-08T17:53:36.368+0000] {processor.py:186} INFO - Started process (PID=206) to work on /home/airflow/.local/lib/python3.12/site-packages/airflow/example_dags/example_setup_teardown.py
[2026-08-08T17:53:36.369+0000] {processor.py:914} INFO - Processing file /home/airflow/.local/lib/python3.12/site-packages/airflow/example_dags/example_setup_teardown.py for tasks to queue
[2026-08-08T17:53:36.373+0000] {logging_mixin.py:190} INFO - [2026-08-08T17:53:36.372+0000] {dagbag.py:587} INFO - Filling up the DagBag from /home/airflow/.local/lib/python3.12/site-packages/airflow/example_dags/example_setup_teardown.py
[2026-08-08T17:53:36.383+0000] {processor.py:925} INFO - DAG(s) 'example_setup_teardown' retrieved from /home/airflow/.local/lib/python3.12/site-packages/airflow/example_dags/example_setup_teardown.py
[2026-08-08T17:53:36.405+0000] {logging_mixin.py:190} INFO - [2026-08-08T17:53:36.405+0000] {dag.py:3211} INFO - Sync 1 DAGs
[2026-08-08T17:53:36.433+0000] {logging_mixin.py:190} INFO - [2026-08-08T17:53:36.433+0000] {dag.py:4138} INFO - Setting next_dagrun for example_setup_teardown to 2026-08-07 00:00:00+00:00, run_after=2026-08-08 00:00:00+00:00
[2026-08-08T17:53:36.462+0000] {processor.py:208} INFO - Processing /home/airflow/.local/lib/python3.12/site-packages/airflow/example_dags/example_setup_teardown.py took 0.100 seconds
[2026-08-08T17:54:07.061+0000] {processor.py:186} INFO - Started process (PID=269) to work on /home/airflow/.local/lib/python3.12/site-packages/airflow/example_dags/example_setup_teardown.py
[2026-08-08T17:54:07.063+0000] {processor.py:914} INFO - Processing file /home/airflow/.local/lib/python3.12/site-packages/airflow/example_dags/example_setup_teardown.py for tasks to queue
[2026-08-08T17:54:07.067+0000] {logging_mixin.py:190} INFO - [2026-08-08T17:54:07.067+0000] {dagbag.py:587} INFO - Filling up the DagBag from /home/airflow/.local/lib/python3.12/site-packages/airflow/example_dags/example_setup_teardown.py
[2026-08-08T17:54:07.077+0000] {processor.py:925} INFO - DAG(s) 'example_setup_teardown' retrieved from /home/airflow/.local/lib/python3.12/site-packages/airflow/example_dags/example_setup_teardown.py
[2026-08-08T17:54:07.105+0000] {logging_mixin.py:190} INFO - [2026-08-08T17:54:07.104+0000] {dag.py:3211} INFO - Sync 1 DAGs
[2026-08-08T17:54:07.133+0000] {logging_mixin.py:190} INFO - [2026-08-08T17:54:07.133+0000] {dag.py:4138} INFO - Setting next_dagrun for example_setup_teardown to 2026-08-07 00:00:00+00:00, run_after=2026-08-08 00:00:00+00:00
[2026-08-08T17:54:07.159+0000] {processor.py:208} INFO - Processing /home/airflow/.local/lib/python3.12/site-packages/airflow/example_dags/example_setup_teardown.py took 0.104 seconds
[2026-08-08T17:54:37.451+0000] {processor.py:186} INFO - Started process (PID=332) to work on /home/airflow/.local/lib/python3.12/site-packages/airflow/example_dags/example_setup_teardown.py
[2026-08-08T17:54:37.452+0000] {processor.py:914} INFO - Processing file /home/airflow/.local/lib/python3.12/site-packages/airflow/example_dags/example_setup_teardown.py for tasks to queue
[2026-08-08T17:54:37.455+0000] {logging_mixin.py:190} INFO - [2026-08-08T17:54:37.455+0000] {dagbag.py:587} INFO - Filling up the DagBag from /home/airflow/.local/lib/python3.12/site-packages/airflow/example_dags/example_setup_teardown.py
[2026-08-08T17:54:37.462+0000] {processor.py:925} INFO - DAG(s) 'example_setup_teardown' retrieved from /home/airflow/.local/lib/python3.12/site-packages/airflow/example_dags/example_setup_teardown.py
[2026-08-08T17:54:37.480+0000] {logging_mixin.py:190} INFO - [2026-08-08T17:54:37.480+0000] {dag.py:3211} INFO - Sync 1 DAGs
[2026-08-08T17:54:37.500+0000] {logging_mixin.py:190} INFO - [2026-08-08T17:54:37.500+0000] {dag.py:4138} INFO - Setting next_dagrun for example_setup_teardown to 2026-08-07 00:00:00+00:00, run_after=2026-08-08 00:00:00+00:00
[2026-08-08T17:54:37.520+0000] {processor.py:208} INFO - Processing /home/airflow/.local/lib/python3.12/site-packages/airflow/example_dags/example_setup_teardown.py took 0.073 seconds
[2026-08-08T17:55:07.674+0000] {processor.py:186} INFO - Started process (PID=395) to work on /home/airflow/.local/lib/python3.12/site-packages/airflow/example_dags/example_setup_teardown.py
[2026-08-08T17:55:07.675+0000] {processor.py:914} INFO - Processing file /home/airflow/.local/lib/python3.12/site-packages/airflow/example_dags/example_setup_teardown.py for tasks to queue
[2026-08-08T17:55:07.677+0000] {logging_mixin.py:190} INFO - [2026-08-08T17:55:07.677+0000] {dagbag.py:587} INFO - Filling up the DagBag from /home/airflow/.local/lib/python3.12/site-packages/airflow/example_dags/example_setup_teardown.py
[2026-08-08T17:55:07.686+0000] {processor.py:925} INFO - DAG(s) 'example_setup_teardown' retrieved from /home/airflow/.local/lib/python3.12/site-packages/airflow/example_dags/example_setup_teardown.py
[2026-08-08T17:55:07.709+0000] {logging_mixin.py:190} INFO - [2026-08-08T17:55:07.709+0000] {dag.py:3211} INFO - Sync 1 DAGs
[2026-08-08T17:55:07.732+0000] {logging_mixin.py:190} INFO - [2026-08-08T17:55:07.732+0000] {dag.py:4138} INFO - Setting next_dagrun for example_setup_teardown to 2026-08-07 00:00:00+00:00, run_after=2026-08-08 00:00:00+00:00
[2026-08-08T17:55:07.754+0000] {processor.py:208} INFO - Processing /home/airflow/.local/lib/python3.12/site-packages/airflow/example_dags/example_setup_teardown.py took 0.085 seconds
[2026-08-08T17:55:37.870+0000] {processor.py:186} INFO - Started process (PID=458) to work on /home/airflow/.local/lib/python3.12/site-packages/airflow/example_dags/example_setup_teardown.py
[2026-08-08T17:55:37.872+0000] {processor.py:914} INFO - Processing file /home/airflow/.local/lib/python3.12/site-packages/airflow/example_dags/example_setup_teardown.py for tasks to queue
[2026-08-08T17:55:37.874+0000] {logging_mixin.py:190} INFO - [2026-08-08T17:55:37.874+0000] {dagbag.py:587} INFO - Filling up the DagBag from /home/airflow/.local/lib/python3.12/site-packages/airflow/example_dags/example_setup_teardown.py
[2026-08-08T17:55:37.883+0000] {processor.py:925} INFO - DAG(s) 'example_setup_teardown' retrieved from /home/airflow/.local/lib/python3.12/site-packages/airflow/example_dags/example_setup_teardown.py
[2026-08-08T17:55:37.904+0000] {logging_mixin.py:190} INFO - [2026-08-08T17:55:37.903+0000] {dag.py:3211} INFO - Sync 1 DAGs
[2026-08-08T17:55:37.925+0000] {logging_mixin.py:190} INFO - [2026-08-08T17:55:37.925+0000] {dag.py:4138} INFO - Setting next_dagrun for example_setup_teardown to 2026-08-07 00:00:00+00:00, run_after=2026-08-08 00:00:00+00:00
[2026-08-08T17:55:37.950+0000] {processor.py:208} INFO - Processing /home/airflow/.local/lib/python3.12/site-packages/airflow/example_dags/example_setup_teardown.py took 0.085 seconds
[2026-08-08T17:56:08.122+0000] {processor.py:186} INFO - Started process (PID=520) to work on /home/airflow/.local/lib/python3.12/site-packages/airflow/example_dags/example_setup_teardown.py
[2026-08-08T17:56:08.124+0000] {processor.py:914} INFO - Processing file /home/airflow/.local/lib/python3.12/site-packages/airflow/example_dags/example_setup_teardown.py for tasks to queue
[2026-08-08T17:56:08.126+0000] {logging_mixin.py:190} INFO - [2026-08-08T17:56:08.126+0000] {dagbag.py:587} INFO - Filling up the DagBag from /home/airflow/.local/lib/python3.12/site-packages/airflow/example_dags/example_setup_teardown.py
[2026-08-08T17:56:08.134+0000] {processor.py:925} INFO - DAG(s) 'example_setup_teardown' retrieved from /home/airflow/.local/lib/python3.12/site-packages/airflow/example_dags/example_setup_teardown.py
[2026-08-08T17:56:08.154+0000] {logging_mixin.py:190} INFO - [2026-08-08T17:56:08.154+0000] {dag.py:3211} INFO - Sync 1 DAGs
[2026-08-08T17:56:08.175+0000] {logging_mixin.py:190} INFO - [2026-08-08T17:56:08.175+0000] {dag.py:4138} INFO - Setting next_dagrun for example_setup_teardown to 2026-08-07 00:00:00+00:00, run_after=2026-08-08 00:00:00+00:00
[2026-08-08T17:56:08.192+0000] {processor.py:208} INFO - Processing /home/airflow/.local/lib/python3.12/site-packages/airflow/example_dags/example_setup_teardown.py took 0.075 seconds
[2026-08-08T17:56:38.657+0000] {processor.py:186} INFO - Started process (PID=583) to work on /home/airflow/.local/lib/python3.12/site-packages/airflow/example_dags/example_setup_teardown.py
[2026-08-08T17:56:38.659+0000] {processor.py:914} INFO - Processing file /home/airflow/.local/lib/python3.12/site-packages/airflow/example_dags/example_setup_teardown.py for tasks to queue
[2026-08-08T17:56:38.662+0000] {logging_mixin.py:190} INFO - [2026-08-08T17:56:38.661+0000] {dagbag.py:587} INFO - Filling up the DagBag from /home/airflow/.local/lib/python3.12/site-packages/airflow/example_dags/example_setup_teardown.py
[2026-08-08T17:56:38.673+0000] {processor.py:925} INFO - DAG(s) 'example_setup_teardown' retrieved from /home/airflow/.local/lib/python3.12/site-packages/airflow/example_dags/example_setup_teardown.py
[2026-08-08T17:56:38.705+0000] {logging_mixin.py:190} INFO - [2026-08-08T17:56:38.704+0000] {dag.py:3211} INFO - Sync 1 DAGs
[2026-08-08T17:56:38.746+0000] {logging_mixin.py:190} INFO - [2026-08-08T17:56:38.746+0000] {dag.py:4138} INFO - Setting next_dagrun for example_setup_teardown to 2026-08-07 00:00:00+00:00, run_after=2026-08-08 00:00:00+00:00
[2026-08-08T17:56:38.776+0000] {processor.py:208} INFO - Processing /home/airflow/.local/lib/python3.12/site-packages/airflow/example_dags/example_setup_teardown.py took 0.127 seconds
[2026-08-08T17:57:09.225+0000] {processor.py:186} INFO - Started process (PID=646) to work on /home/airflow/.local/lib/python3.12/site-packages/airflow/example_dags/example_setup_teardown.py
[2026-08-08T17:57:09.226+0000] {processor.py:914} INFO - Processing file /home/airflow/.local/lib/python3.12/site-packages/airflow/example_dags/example_setup_teardown.py for tasks to queue
[2026-08-08T17:57:09.229+0000] {logging_mixin.py:190} INFO - [2026-08-08T17:57:09.229+0000] {dagbag.py:587} INFO - Filling up the DagBag from /home/airflow/.local/lib/python3.12/site-packages/airflow/example_dags/example_setup_teardown.py
[2026-08-08T17:57:09.237+0000] {processor.py:925} INFO - DAG(s) 'example_setup_teardown' retrieved from /home/airflow/.local/lib/python3.12/site-packages/airflow/example_dags/example_setup_teardown.py
[2026-08-08T17:57:09.255+0000] {logging_mixin.py:190} INFO - [2026-08-08T17:57:09.255+0000] {dag.py:3211} INFO - Sync 1 DAGs
[2026-08-08T17:57:09.273+0000] {logging_mixin.py:190} INFO - [2026-08-08T17:57:09.272+0000] {dag.py:4138} INFO - Setting next_dagrun for example_setup_teardown to 2026-08-07 00:00:00+00:00, run_after=2026-08-08 00:00:00+00:00
[2026-08-08T17:57:09.291+0000] {processor.py:208} INFO - Processing /home/airflow/.local/lib/python3.12/site-packages/airflow/example_dags/example_setup_teardown.py took 0.073 seconds
[2026-08-08T18:08:14.655+0000] {processor.py:186} INFO - Started process (PID=710) to work on /home/airflow/.local/lib/python3.12/site-packages/airflow/example_dags/example_setup_teardown.py
[2026-08-08T18:08:14.662+0000] {processor.py:914} INFO - Processing file /home/airflow/.local/lib/python3.12/site-packages/airflow/example_dags/example_setup_teardown.py for tasks to queue
[2026-08-08T18:08:14.669+0000] {logging_mixin.py:190} INFO - [2026-08-08T18:08:14.668+0000] {dagbag.py:587} INFO - Filling up the DagBag from /home/airflow/.local/lib/python3.12/site-packages/airflow/example_dags/example_setup_teardown.py
[2026-08-08T18:08:14.694+0000] {processor.py:925} INFO - DAG(s) 'example_setup_teardown' retrieved from /home/airflow/.local/lib/python3.12/site-packages/airflow/example_dags/example_setup_teardown.py
[2026-08-08T18:08:14.738+0000] {logging_mixin.py:190} INFO - [2026-08-08T18:08:14.737+0000] {dag.py:3211} INFO - Sync 1 DAGs
[2026-08-08T18:08:14.780+0000] {logging_mixin.py:190} INFO - [2026-08-08T18:08:14.779+0000] {dag.py:4138} INFO - Setting next_dagrun for example_setup_teardown to 2026-08-07 00:00:00+00:00, run_after=2026-08-08 00:00:00+00:00
[2026-08-08T18:08:14.826+0000] {processor.py:208} INFO - Processing /home/airflow/.local/lib/python3.12/site-packages/airflow/example_dags/example_setup_teardown.py took 0.179 seconds
[2026-08-08T18:08:44.946+0000] {processor.py:186} INFO - Started process (PID=773) to work on /home/airflow/.local/lib/python3.12/site-packages/airflow/example_dags/example_setup_teardown.py
[2026-08-08T18:08:44.963+0000] {processor.py:914} INFO - Processing file /home/airflow/.local/lib/python3.12/site-packages/airflow/example_dags/example_setup_teardown.py for tasks to queue
[2026-08-08T18:08:44.968+0000] {logging_mixin.py:190} INFO - [2026-08-08T18:08:44.968+0000] {dagbag.py:587} INFO - Filling up the DagBag from /home/airflow/.local/lib/python3.12/site-packages/airflow/example_dags/example_setup_teardown.py
[2026-08-08T18:08:44.980+0000] {processor.py:925} INFO - DAG(s) 'example_setup_teardown' retrieved from /home/airflow/.local/lib/python3.12/site-packages/airflow/example_dags/example_setup_teardown.py
[2026-08-08T18:08:45.012+0000] {logging_mixin.py:190} INFO - [2026-08-08T18:08:45.011+0000] {dag.py:3211} INFO - Sync 1 DAGs
[2026-08-08T18:08:45.049+0000] {logging_mixin.py:190} INFO - [2026-08-08T18:08:45.049+0000] {dag.py:4138} INFO - Setting next_dagrun for example_setup_teardown to 2026-08-07 00:00:00+00:00, run_after=2026-08-08 00:00:00+00:00
[2026-08-08T18:08:45.134+0000] {processor.py:208} INFO - Processing /home/airflow/.local/lib/python3.12/site-packages/airflow/example_dags/example_setup_teardown.py took 0.196 seconds
[2026-08-08T18:09:15.537+0000] {processor.py:186} INFO - Started process (PID=836) to work on /home/airflow/.local/lib/python3.12/site-packages/airflow/example_dags/example_setup_teardown.py
[2026-08-08T18:09:15.539+0000] {processor.py:914} INFO - Processing file /home/airflow/.local/lib/python3.12/site-packages/airflow/example_dags/example_setup_teardown.py for tasks to queue
[2026-08-08T18:09:15.547+0000] {logging_mixin.py:190} INFO - [2026-08-08T18:09:15.546+0000] {dagbag.py:587} INFO - Filling up the DagBag from /home/airflow/.local/lib/python3.12/site-packages/airflow/example_dags/example_setup_teardown.py
[2026-08-08T18:09:15.567+0000] {processor.py:925} INFO - DAG(s) 'example_setup_teardown' retrieved from /home/airflow/.local/lib/python3.12/site-packages/airflow/example_dags/example_setup_teardown.py
[2026-08-08T18:09:15.604+0000] {logging_mixin.py:190} INFO - [2026-08-08T18:09:15.603+0000] {dag.py:3211} INFO - Sync 1 DAGs
[2026-08-08T18:09:15.642+0000] {logging_mixin.py:190} INFO - [2026-08-08T18:09:15.641+0000] {dag.py:4138} INFO - Setting next_dagrun for example_setup_teardown to 2026-08-07 00:00:00+00:00, run_after=2026-08-08 00:00:00+00:00
[2026-08-08T18:09:15.677+0000] {processor.py:208} INFO - Processing /home/airflow/.local/lib/python3.12/site-packages/airflow/example_dags/example_setup_teardown.py took 0.150 seconds
[2026-08-08T18:09:46.294+0000] {processor.py:186} INFO - Started process (PID=899) to work on /home/airflow/.local/lib/python3.12/site-packages/airflow/example_dags/example_setup_teardown.py
[2026-08-08T18:09:46.296+0000] {processor.py:914} INFO - Processing file /home/airflow/.local/lib/python3.12/site-packages/airflow/example_dags/example_setup_teardown.py for tasks to queue
[2026-08-08T18:09:46.300+0000] {logging_mixin.py:190} INFO - [2026-08-08T18:09:46.300+0000] {dagbag.py:587} INFO - Filling up the DagBag from /home/airflow/.local/lib/python3.12/site-packages/airflow/example_dags/example_setup_teardown.py
[2026-08-08T18:09:46.314+0000] {processor.py:925} INFO - DAG(s) 'example_setup_teardown' retrieved from /home/airflow/.local/lib/python3.12/site-packages/airflow/example_dags/example_setup_teardown.py
[2026-08-08T18:09:46.345+0000] {logging_mixin.py:190} INFO - [2026-08-08T18:09:46.345+0000] {dag.py:3211} INFO - Sync 1 DAGs
[2026-08-08T18:09:46.380+0000] {logging_mixin.py:190} INFO - [2026-08-08T18:09:46.380+0000] {dag.py:4138} INFO - Setting next_dagrun for example_setup_teardown to 2026-08-07 00:00:00+00:00, run_after=2026-08-08 00:00:00+00:00
[2026-08-08T18:09:46.409+0000] {processor.py:208} INFO - Processing /home/airflow/.local/lib/python3.12/site-packages/airflow/example_dags/example_setup_teardown.py took 0.123 seconds
[2026-08-08T18:10:16.968+0000] {processor.py:186} INFO - Started process (PID=962) to work on /home/airflow/.local/lib/python3.12/site-packages/airflow/example_dags/example_setup_teardown.py
[2026-08-08T18:10:16.971+0000] {processor.py:914} INFO - Processing file /home/airflow/.local/lib/python3.12/site-packages/airflow/example_dags/example_setup_teardown.py for tasks to queue
[2026-08-08T18:10:16.977+0000] {logging_mixin.py:190} INFO - [2026-08-08T18:10:16.976+0000] {dagbag.py:587} INFO - Filling up the DagBag from /home/airflow/.local/lib/python3.12/site-packages/airflow/example_dags/example_setup_teardown.py
[2026-08-08T18:10:17.000+0000] {processor.py:925} INFO - DAG(s) 'example_setup_teardown' retrieved from /home/airflow/.local/lib/python3.12/site-packages/airflow/example_dags/example_setup_teardown.py
[2026-08-08T18:10:17.049+0000] {logging_mixin.py:190} INFO - [2026-08-08T18:10:17.048+0000] {dag.py:3211} INFO - Sync 1 DAGs
[2026-08-08T18:10:17.106+0000] {logging_mixin.py:190} INFO - [2026-08-08T18:10:17.105+0000] {dag.py:4138} INFO - Setting next_dagrun for example_setup_teardown to 2026-08-07 00:00:00+00:00, run_after=2026-08-08 00:00:00+00:00
[2026-08-08T18:10:17.147+0000] {processor.py:208} INFO - Processing /home/airflow/.local/lib/python3.12/site-packages/airflow/example_dags/example_setup_teardown.py took 0.197 seconds
[2026-08-08T18:10:47.251+0000] {processor.py:186} INFO - Started process (PID=1025) to work on /home/airflow/.local/lib/python3.12/site-packages/airflow/example_dags/example_setup_teardown.py
[2026-08-08T18:10:47.253+0000] {processor.py:914} INFO - Processing file /home/airflow/.local/lib/python3.12/site-packages/airflow/example_dags/example_setup_teardown.py for tasks to queue
[2026-08-08T18:10:47.255+0000] {logging_mixin.py:190} INFO - [2026-08-08T18:10:47.255+0000] {dagbag.py:587} INFO - Filling up the DagBag from /home/airflow/.local/lib/python3.12/site-packages/airflow/example_dags/example_setup_teardown.py
[2026-08-08T18:10:47.267+0000] {processor.py:925} INFO - DAG(s) 'example_setup_teardown' retrieved from /home/airflow/.local/lib/python3.12/site-packages/airflow/example_dags/example_setup_teardown.py
[2026-08-08T18:10:47.292+0000] {logging_mixin.py:190} INFO - [2026-08-08T18:10:47.292+0000] {dag.py:3211} INFO - Sync 1 DAGs
[2026-08-08T18:10:47.319+0000] {logging_mixin.py:190} INFO - [2026-08-08T18:10:47.319+0000] {dag.py:4138} INFO - Setting next_dagrun for example_setup_teardown to 2026-08-07 00:00:00+00:00, run_after=2026-08-08 00:00:00+00:00
[2026-08-08T18:10:47.345+0000] {processor.py:208} INFO - Processing /home/airflow/.local/lib/python3.12/site-packages/airflow/example_dags/example_setup_teardown.py took 0.101 seconds
[2026-08-08T18:11:18.281+0000] {processor.py:186} INFO - Started process (PID=1088) to work on /home/airflow/.local/lib/python3.12/site-packages/airflow/example_dags/example_setup_teardown.py
[2026-08-08T18:11:18.282+0000] {processor.py:914} INFO - Processing file /home/airflow/.local/lib/python3.12/site-packages/airflow/example_dags/example_setup_teardown.py for tasks to queue
[2026-08-08T18:11:18.285+0000] {logging_mixin.py:190} INFO - [2026-08-08T18:11:18.284+0000] {dagbag.py:587} INFO - Filling up the DagBag from /home/airflow/.local/lib/python3.12/site-packages/airflow/example_dags/example_setup_teardown.py
[2026-08-08T18:11:18.293+0000] {processor.py:925} INFO - DAG(s) 'example_setup_teardown' retrieved from /home/airflow/.local/lib/python3.12/site-packages/airflow/example_dags/example_setup_teardown.py
[2026-08-08T18:11:18.315+0000] {logging_mixin.py:190} INFO - [2026-08-08T18:11:18.315+0000] {dag.py:3211} INFO - Sync 1 DAGs
[2026-08-08T18:11:18.340+0000] {logging_mixin.py:190} INFO - [2026-08-08T18:11:18.339+0000] {dag.py:4138} INFO - Setting next_dagrun for example_setup_teardown to 2026-08-07 00:00:00+00:00, run_after=2026-08-08 00:00:00+00:00
[2026-08-08T18:11:18.359+0000] {processor.py:208} INFO - Processing /home/airflow/.local/lib/python3.12/site-packages/airflow/example_dags/example_setup_teardown.py took 0.085 seconds
[2026-08-08T18:11:49.106+0000] {processor.py:186} INFO - Started process (PID=1151) to work on /home/airflow/.local/lib/python3.12/site-packages/airflow/example_dags/example_setup_teardown.py
[2026-08-08T18:11:49.108+0000] {processor.py:914} INFO - Processing file /home/airflow/.local/lib/python3.12/site-packages/airflow/example_dags/example_setup_teardown.py for tasks to queue
[2026-08-08T18:11:49.112+0000] {logging_mixin.py:190} INFO - [2026-08-08T18:11:49.112+0000] {dagbag.py:587} INFO - Filling up the DagBag from /home/airflow/.local/lib/python3.12/site-packages/airflow/example_dags/example_setup_teardown.py
[2026-08-08T18:11:49.122+0000] {processor.py:925} INFO - DAG(s) 'example_setup_teardown' retrieved from /home/airflow/.local/lib/python3.12/site-packages/airflow/example_dags/example_setup_teardown.py
[2026-08-08T18:11:49.148+0000] {logging_mixin.py:190} INFO - [2026-08-08T18:11:49.147+0000] {dag.py:3211} INFO - Sync 1 DAGs
[2026-08-08T18:11:49.172+0000] {logging_mixin.py:190} INFO - [2026-08-08T18:11:49.172+0000] {dag.py:4138} INFO - Setting next_dagrun for example_setup_teardown to 2026-08-07 00:00:00+00:00, run_after=2026-08-08 00:00:00+00:00
[2026-08-08T18:11:49.193+0000] {processor.py:208} INFO - Processing /home/airflow/.local/lib/python3.12/site-packages/airflow/example_dags/example_setup_teardown.py took 0.095 seconds
[2026-08-08T18:13:05.295+0000] {processor.py:186} INFO - Started process (PID=80) to work on /home/airflow/.local/lib/python3.12/site-packages/airflow/example_dags/example_setup_teardown.py
[2026-08-08T18:13:05.297+0000] {processor.py:914} INFO - Processing file /home/airflow/.local/lib/python3.12/site-packages/airflow/example_dags/example_setup_teardown.py for tasks to queue
[2026-08-08T18:13:05.300+0000] {logging_mixin.py:190} INFO - [2026-08-08T18:13:05.300+0000] {dagbag.py:587} INFO - Filling up the DagBag from /home/airflow/.local/lib/python3.12/site-packages/airflow/example_dags/example_setup_teardown.py
[2026-08-08T18:13:05.316+0000] {processor.py:925} INFO - DAG(s) 'example_setup_teardown' retrieved from /home/airflow/.local/lib/python3.12/site-packages/airflow/example_dags/example_setup_teardown.py
[2026-08-08T18:13:05.352+0000] {logging_mixin.py:190} INFO - [2026-08-08T18:13:05.351+0000] {dag.py:3211} INFO - Sync 1 DAGs
[2026-08-08T18:13:05.377+0000] {logging_mixin.py:190} INFO - [2026-08-08T18:13:05.377+0000] {dag.py:4138} INFO - Setting next_dagrun for example_setup_teardown to 2026-08-07 00:00:00+00:00, run_after=2026-08-08 00:00:00+00:00
[2026-08-08T18:13:05.404+0000] {processor.py:208} INFO - Processing /home/airflow/.local/lib/python3.12/site-packages/airflow/example_dags/example_setup_teardown.py took 0.116 seconds
[2026-08-08T18:13:35.509+0000] {processor.py:186} INFO - Started process (PID=149) to work on /home/airflow/.local/lib/python3.12/site-packages/airflow/example_dags/example_setup_teardown.py
[2026-08-08T18:13:35.511+0000] {processor.py:914} INFO - Processing file /home/airflow/.local/lib/python3.12/site-packages/airflow/example_dags/example_setup_teardown.py for tasks to queue
[2026-08-08T18:13:35.514+0000] {logging_mixin.py:190} INFO - [2026-08-08T18:13:35.513+0000] {dagbag.py:587} INFO - Filling up the DagBag from /home/airflow/.local/lib/python3.12/site-packages/airflow/example_dags/example_setup_teardown.py
[2026-08-08T18:13:35.521+0000] {processor.py:925} INFO - DAG(s) 'example_setup_teardown' retrieved from /home/airflow/.local/lib/python3.12/site-packages/airflow/example_dags/example_setup_teardown.py
[2026-08-08T18:13:35.544+0000] {logging_mixin.py:190} INFO - [2026-08-08T18:13:35.544+0000] {dag.py:3211} INFO - Sync 1 DAGs
[2026-08-08T18:13:35.565+0000] {logging_mixin.py:190} INFO - [2026-08-08T18:13:35.564+0000] {dag.py:4138} INFO - Setting next_dagrun for example_setup_teardown to 2026-08-07 00:00:00+00:00, run_after=2026-08-08 00:00:00+00:00
[2026-08-08T18:13:35.584+0000] {processor.py:208} INFO - Processing /home/airflow/.local/lib/python3.12/site-packages/airflow/example_dags/example_setup_teardown.py took 0.082 seconds
[2026-08-08T18:14:06.270+0000] {processor.py:186} INFO - Started process (PID=212) to work on /home/airflow/.local/lib/python3.12/site-packages/airflow/example_dags/example_setup_teardown.py
[2026-08-08T18:14:06.271+0000] {processor.py:914} INFO - Processing file /home/airflow/.local/lib/python3.12/site-packages/airflow/example_dags/example_setup_teardown.py for tasks to queue
[2026-08-08T18:14:06.275+0000] {logging_mixin.py:190} INFO - [2026-08-08T18:14:06.274+0000] {dagbag.py:587} INFO - Filling up the DagBag from /home/airflow/.local/lib/python3.12/site-packages/airflow/example_dags/example_setup_teardown.py
[2026-08-08T18:14:06.286+0000] {processor.py:925} INFO - DAG(s) 'example_setup_teardown' retrieved from /home/airflow/.local/lib/python3.12/site-packages/airflow/example_dags/example_setup_teardown.py
[2026-08-08T18:14:06.309+0000] {logging_mixin.py:190} INFO - [2026-08-08T18:14:06.308+0000] {dag.py:3211} INFO - Sync 1 DAGs
[2026-08-08T18:14:06.332+0000] {logging_mixin.py:190} INFO - [2026-08-08T18:14:06.331+0000] {dag.py:4138} INFO - Setting next_dagrun for example_setup_teardown to 2026-08-07 00:00:00+00:00, run_after=2026-08-08 00:00:00+00:00
[2026-08-08T18:14:06.353+0000] {processor.py:208} INFO - Processing /home/airflow/.local/lib/python3.12/site-packages/airflow/example_dags/example_setup_teardown.py took 0.091 seconds
[2026-08-08T18:14:36.673+0000] {processor.py:186} INFO - Started process (PID=275) to work on /home/airflow/.local/lib/python3.12/site-packages/airflow/example_dags/example_setup_teardown.py
[2026-08-08T18:14:36.675+0000] {processor.py:914} INFO - Processing file /home/airflow/.local/lib/python3.12/site-packages/airflow/example_dags/example_setup_teardown.py for tasks to queue
[2026-08-08T18:14:36.678+0000] {logging_mixin.py:190} INFO - [2026-08-08T18:14:36.678+0000] {dagbag.py:587} INFO - Filling up the DagBag from /home/airflow/.local/lib/python3.12/site-packages/airflow/example_dags/example_setup_teardown.py
[2026-08-08T18:14:36.687+0000] {processor.py:925} INFO - DAG(s) 'example_setup_teardown' retrieved from /home/airflow/.local/lib/python3.12/site-packages/airflow/example_dags/example_setup_teardown.py
[2026-08-08T18:14:36.708+0000] {logging_mixin.py:190} INFO - [2026-08-08T18:14:36.708+0000] {dag.py:3211} INFO - Sync 1 DAGs
[2026-08-08T18:14:36.733+0000] {logging_mixin.py:190} INFO - [2026-08-08T18:14:36.733+0000] {dag.py:4138} INFO - Setting next_dagrun for example_setup_teardown to 2026-08-07 00:00:00+00:00, run_after=2026-08-08 00:00:00+00:00
[2026-08-08T18:14:36.758+0000] {processor.py:208} INFO - Processing /home/airflow/.local/lib/python3.12/site-packages/airflow/example_dags/example_setup_teardown.py took 0.090 seconds
[2026-08-08T18:15:07.452+0000] {processor.py:186} INFO - Started process (PID=338) to work on /home/airflow/.local/lib/python3.12/site-packages/airflow/example_dags/example_setup_teardown.py
[2026-08-08T18:15:07.454+0000] {processor.py:914} INFO - Processing file /home/airflow/.local/lib/python3.12/site-packages/airflow/example_dags/example_setup_teardown.py for tasks to queue
[2026-08-08T18:15:07.461+0000] {logging_mixin.py:190} INFO - [2026-08-08T18:15:07.460+0000] {dagbag.py:587} INFO - Filling up the DagBag from /home/airflow/.local/lib/python3.12/site-packages/airflow/example_dags/example_setup_teardown.py
[2026-08-08T18:15:07.481+0000] {processor.py:925} INFO - DAG(s) 'example_setup_teardown' retrieved from /home/airflow/.local/lib/python3.12/site-packages/airflow/example_dags/example_setup_teardown.py
[2026-08-08T18:15:07.517+0000] {logging_mixin.py:190} INFO - [2026-08-08T18:15:07.516+0000] {dag.py:3211} INFO - Sync 1 DAGs
[2026-08-08T18:15:07.552+0000] {logging_mixin.py:190} INFO - [2026-08-08T18:15:07.552+0000] {dag.py:4138} INFO - Setting next_dagrun for example_setup_teardown to 2026-08-07 00:00:00+00:00, run_after=2026-08-08 00:00:00+00:00
[2026-08-08T18:15:07.587+0000] {processor.py:208} INFO - Processing /home/airflow/.local/lib/python3.12/site-packages/airflow/example_dags/example_setup_teardown.py took 0.150 seconds
[2026-08-08T18:15:38.334+0000] {processor.py:186} INFO - Started process (PID=401) to work on /home/airflow/.local/lib/python3.12/site-packages/airflow/example_dags/example_setup_teardown.py
[2026-08-08T18:15:38.336+0000] {processor.py:914} INFO - Processing file /home/airflow/.local/lib/python3.12/site-packages/airflow/example_dags/example_setup_teardown.py for tasks to queue
[2026-08-08T18:15:38.339+0000] {logging_mixin.py:190} INFO - [2026-08-08T18:15:38.339+0000] {dagbag.py:587} INFO - Filling up the DagBag from /home/airflow/.local/lib/python3.12/site-packages/airflow/example_dags/example_setup_teardown.py
[2026-08-08T18:15:38.353+0000] {processor.py:925} INFO - DAG(s) 'example_setup_teardown' retrieved from /home/airflow/.local/lib/python3.12/site-packages/airflow/example_dags/example_setup_teardown.py
[2026-08-08T18:15:38.387+0000] {logging_mixin.py:190} INFO - [2026-08-08T18:15:38.387+0000] {dag.py:3211} INFO - Sync 1 DAGs
[2026-08-08T18:15:38.428+0000] {logging_mixin.py:190} INFO - [2026-08-08T18:15:38.428+0000] {dag.py:4138} INFO - Setting next_dagrun for example_setup_teardown to 2026-08-07 00:00:00+00:00, run_after=2026-08-08 00:00:00+00:00
[2026-08-08T18:15:38.460+0000] {processor.py:208} INFO - Processing /home/airflow/.local/lib/python3.12/site-packages/airflow/example_dags/example_setup_teardown.py took 0.135 seconds
[2026-08-08T18:17:10.565+0000] {processor.py:186} INFO - Started process (PID=99) to work on /home/airflow/.local/lib/python3.12/site-packages/airflow/example_dags/example_setup_teardown.py
[2026-08-08T18:17:10.567+0000] {processor.py:914} INFO - Processing file /home/airflow/.local/lib/python3.12/site-packages/airflow/example_dags/example_setup_teardown.py for tasks to queue
[2026-08-08T18:17:10.571+0000] {logging_mixin.py:190} INFO - [2026-08-08T18:17:10.570+0000] {dagbag.py:587} INFO - Filling up the DagBag from /home/airflow/.local/lib/python3.12/site-packages/airflow/example_dags/example_setup_teardown.py
[2026-08-08T18:17:10.589+0000] {processor.py:925} INFO - DAG(s) 'example_setup_teardown' retrieved from /home/airflow/.local/lib/python3.12/site-packages/airflow/example_dags/example_setup_teardown.py
[2026-08-08T18:17:10.634+0000] {logging_mixin.py:190} INFO - [2026-08-08T18:17:10.634+0000] {dag.py:3211} INFO - Sync 1 DAGs
[2026-08-08T18:17:10.669+0000] {logging_mixin.py:190} INFO - [2026-08-08T18:17:10.669+0000] {dag.py:4138} INFO - Setting next_dagrun for example_setup_teardown to 2026-08-07 00:00:00+00:00, run_after=2026-08-08 00:00:00+00:00
[2026-08-08T18:17:10.695+0000] {processor.py:208} INFO - Processing /home/airflow/.local/lib/python3.12/site-packages/airflow/example_dags/example_setup_teardown.py took 0.137 seconds
[2026-08-08T18:17:41.491+0000] {processor.py:186} INFO - Started process (PID=162) to work on /home/airflow/.local/lib/python3.12/site-packages/airflow/example_dags/example_setup_teardown.py
[2026-08-08T18:17:41.492+0000] {processor.py:914} INFO - Processing file /home/airflow/.local/lib/python3.12/site-packages/airflow/example_dags/example_setup_teardown.py for tasks to queue
[2026-08-08T18:17:41.495+0000] {logging_mixin.py:190} INFO - [2026-08-08T18:17:41.494+0000] {dagbag.py:587} INFO - Filling up the DagBag from /home/airflow/.local/lib/python3.12/site-packages/airflow/example_dags/example_setup_teardown.py
[2026-08-08T18:17:41.503+0000] {processor.py:925} INFO - DAG(s) 'example_setup_teardown' retrieved from /home/airflow/.local/lib/python3.12/site-packages/airflow/example_dags/example_setup_teardown.py
[2026-08-08T18:17:41.523+0000] {logging_mixin.py:190} INFO - [2026-08-08T18:17:41.522+0000] {dag.py:3211} INFO - Sync 1 DAGs
[2026-08-08T18:17:41.547+0000] {logging_mixin.py:190} INFO - [2026-08-08T18:17:41.546+0000] {dag.py:4138} INFO - Setting next_dagrun for example_setup_teardown to 2026-08-07 00:00:00+00:00, run_after=2026-08-08 00:00:00+00:00
[2026-08-08T18:17:41.567+0000] {processor.py:208} INFO - Processing /home/airflow/.local/lib/python3.12/site-packages/airflow/example_dags/example_setup_teardown.py took 0.084 seconds
[2026-08-08T18:18:12.060+0000] {processor.py:186} INFO - Started process (PID=225) to work on /home/airflow/.local/lib/python3.12/site-packages/airflow/example_dags/example_setup_teardown.py
[2026-08-08T18:18:12.061+0000] {processor.py:914} INFO - Processing file /home/airflow/.local/lib/python3.12/site-packages/airflow/example_dags/example_setup_teardown.py for tasks to queue
[2026-08-08T18:18:12.063+0000] {logging_mixin.py:190} INFO - [2026-08-08T18:18:12.063+0000] {dagbag.py:587} INFO - Filling up the DagBag from /home/airflow/.local/lib/python3.12/site-packages/airflow/example_dags/example_setup_teardown.py
[2026-08-08T18:18:12.072+0000] {processor.py:925} INFO - DAG(s) 'example_setup_teardown' retrieved from /home/airflow/.local/lib/python3.12/site-packages/airflow/example_dags/example_setup_teardown.py
[2026-08-08T18:18:12.095+0000] {logging_mixin.py:190} INFO - [2026-08-08T18:18:12.095+0000] {dag.py:3211} INFO - Sync 1 DAGs
[2026-08-08T18:18:12.119+0000] {logging_mixin.py:190} INFO - [2026-08-08T18:18:12.119+0000] {dag.py:4138} INFO - Setting next_dagrun for example_setup_teardown to 2026-08-07 00:00:00+00:00, run_after=2026-08-08 00:00:00+00:00
[2026-08-08T18:18:12.148+0000] {processor.py:208} INFO - Processing /home/airflow/.local/lib/python3.12/site-packages/airflow/example_dags/example_setup_teardown.py took 0.098 seconds
[2026-08-08T18:18:42.248+0000] {processor.py:186} INFO - Started process (PID=288) to work on /home/airflow/.local/lib/python3.12/site-packages/airflow/example_dags/example_setup_teardown.py
[2026-08-08T18:18:42.250+0000] {processor.py:914} INFO - Processing file /home/airflow/.local/lib/python3.12/site-packages/airflow/example_dags/example_setup_teardown.py for tasks to queue
[2026-08-08T18:18:42.255+0000] {logging_mixin.py:190} INFO - [2026-08-08T18:18:42.255+0000] {dagbag.py:587} INFO - Filling up the DagBag from /home/airflow/.local/lib/python3.12/site-packages/airflow/example_dags/example_setup_teardown.py
[2026-08-08T18:18:42.272+0000] {processor.py:925} INFO - DAG(s) 'example_setup_teardown' retrieved from /home/airflow/.local/lib/python3.12/site-packages/airflow/example_dags/example_setup_teardown.py
[2026-08-08T18:18:42.306+0000] {logging_mixin.py:190} INFO - [2026-08-08T18:18:42.305+0000] {dag.py:3211} INFO - Sync 1 DAGs
[2026-08-08T18:18:42.339+0000] {logging_mixin.py:190} INFO - [2026-08-08T18:18:42.339+0000] {dag.py:4138} INFO - Setting next_dagrun for example_setup_teardown to 2026-08-07 00:00:00+00:00, run_after=2026-08-08 00:00:00+00:00
[2026-08-08T18:18:42.370+0000] {processor.py:208} INFO - Processing /home/airflow/.local/lib/python3.12/site-packages/airflow/example_dags/example_setup_teardown.py took 0.133 seconds
[2026-08-08T18:19:12.508+0000] {processor.py:186} INFO - Started process (PID=351) to work on /home/airflow/.local/lib/python3.12/site-packages/airflow/example_dags/example_setup_teardown.py
[2026-08-08T18:19:12.509+0000] {processor.py:914} INFO - Processing file /home/airflow/.local/lib/python3.12/site-packages/airflow/example_dags/example_setup_teardown.py for tasks to queue
[2026-08-08T18:19:12.512+0000] {logging_mixin.py:190} INFO - [2026-08-08T18:19:12.511+0000] {dagbag.py:587} INFO - Filling up the DagBag from /home/airflow/.local/lib/python3.12/site-packages/airflow/example_dags/example_setup_teardown.py
[2026-08-08T18:19:12.521+0000] {processor.py:925} INFO - DAG(s) 'example_setup_teardown' retrieved from /home/airflow/.local/lib/python3.12/site-packages/airflow/example_dags/example_setup_teardown.py
[2026-08-08T18:19:12.539+0000] {logging_mixin.py:190} INFO - [2026-08-08T18:19:12.539+0000] {dag.py:3211} INFO - Sync 1 DAGs
[2026-08-08T18:19:12.558+0000] {logging_mixin.py:190} INFO - [2026-08-08T18:19:12.558+0000] {dag.py:4138} INFO - Setting next_dagrun for example_setup_teardown to 2026-08-07 00:00:00+00:00, run_after=2026-08-08 00:00:00+00:00
[2026-08-08T18:19:12.575+0000] {processor.py:208} INFO - Processing /home/airflow/.local/lib/python3.12/site-packages/airflow/example_dags/example_setup_teardown.py took 0.072 seconds
[2026-08-08T18:23:58.146+0000] {processor.py:186} INFO - Started process (PID=414) to work on /home/airflow/.local/lib/python3.12/site-packages/airflow/example_dags/example_setup_teardown.py
[2026-08-08T18:23:58.174+0000] {processor.py:914} INFO - Processing file /home/airflow/.local/lib/python3.12/site-packages/airflow/example_dags/example_setup_teardown.py for tasks to queue
[2026-08-08T18:23:58.180+0000] {logging_mixin.py:190} INFO - [2026-08-08T18:23:58.180+0000] {dagbag.py:587} INFO - Filling up the DagBag from /home/airflow/.local/lib/python3.12/site-packages/airflow/example_dags/example_setup_teardown.py
[2026-08-08T18:23:58.193+0000] {processor.py:925} INFO - DAG(s) 'example_setup_teardown' retrieved from /home/airflow/.local/lib/python3.12/site-packages/airflow/example_dags/example_setup_teardown.py
[2026-08-08T18:23:58.215+0000] {logging_mixin.py:190} INFO - [2026-08-08T18:23:58.214+0000] {dag.py:3211} INFO - Sync 1 DAGs
[2026-08-08T18:23:58.295+0000] {logging_mixin.py:190} INFO - [2026-08-08T18:23:58.295+0000] {dag.py:4138} INFO - Setting next_dagrun for example_setup_teardown to 2026-08-07 00:00:00+00:00, run_after=2026-08-08 00:00:00+00:00
[2026-08-08T18:23:58.368+0000] {processor.py:208} INFO - Processing /home/airflow/.local/lib/python3.12/site-packages/airflow/example_dags/example_setup_teardown.py took 0.228 seconds
[2026-08-08T18:24:28.487+0000] {processor.py:186} INFO - Started process (PID=477) to work on /home/airflow/.local/lib/python3.12/site-packages/airflow/example_dags/example_setup_teardown.py
[2026-08-08T18:24:28.490+0000] {processor.py:914} INFO - Processing file /home/airflow/.local/lib/python3.12/site-packages/airflow/example_dags/example_setup_teardown.py for tasks to queue
[2026-08-08T18:24:28.494+0000] {logging_mixin.py:190} INFO - [2026-08-08T18:24:28.494+0000] {dagbag.py:587} INFO - Filling up the DagBag from /home/airflow/.local/lib/python3.12/site-packages/airflow/example_dags/example_setup_teardown.py
[2026-08-08T18:24:28.504+0000] {processor.py:925} INFO - DAG(s) 'example_setup_teardown' retrieved from /home/airflow/.local/lib/python3.12/site-packages/airflow/example_dags/example_setup_teardown.py
[2026-08-08T18:24:28.527+0000] {logging_mixin.py:190} INFO - [2026-08-08T18:24:28.526+0000] {dag.py:3211} INFO - Sync 1 DAGs
[2026-08-08T18:24:28.550+0000] {logging_mixin.py:190} INFO - [2026-08-08T18:24:28.550+0000] {dag.py:4138} INFO - Setting next_dagrun for example_setup_teardown to 2026-08-07 00:00:00+00:00, run_after=2026-08-08 00:00:00+00:00
[2026-08-08T18:24:28.569+0000] {processor.py:208} INFO - Processing /home/airflow/.local/lib/python3.12/site-packages/airflow/example_dags/example_setup_teardown.py took 0.091 seconds
[2026-08-08T18:24:59.021+0000] {processor.py:186} INFO - Started process (PID=540) to work on /home/airflow/.local/lib/python3.12/site-packages/airflow/example_dags/example_setup_teardown.py
[2026-08-08T18:24:59.023+0000] {processor.py:914} INFO - Processing file /home/airflow/.local/lib/python3.12/site-packages/airflow/example_dags/example_setup_teardown.py for tasks to queue
[2026-08-08T18:24:59.026+0000] {logging_mixin.py:190} INFO - [2026-08-08T18:24:59.025+0000] {dagbag.py:587} INFO - Filling up the DagBag from /home/airflow/.local/lib/python3.12/site-packages/airflow/example_dags/example_setup_teardown.py
[2026-08-08T18:24:59.036+0000] {processor.py:925} INFO - DAG(s) 'example_setup_teardown' retrieved from /home/airflow/.local/lib/python3.12/site-packages/airflow/example_dags/example_setup_teardown.py
[2026-08-08T18:24:59.057+0000] {logging_mixin.py:190} INFO - [2026-08-08T18:24:59.057+0000] {dag.py:3211} INFO - Sync 1 DAGs
[2026-08-08T18:24:59.080+0000] {logging_mixin.py:190} INFO - [2026-08-08T18:24:59.080+0000] {dag.py:4138} INFO - Setting next_dagrun for example_setup_teardown to 2026-08-07 00:00:00+00:00, run_after=2026-08-08 00:00:00+00:00
[2026-08-08T18:24:59.104+0000] {processor.py:208} INFO - Processing /home/airflow/.local/lib/python3.12/site-packages/airflow/example_dags/example_setup_teardown.py took 0.090 seconds
[2026-08-08T18:25:29.252+0000] {processor.py:186} INFO - Started process (PID=602) to work on /home/airflow/.local/lib/python3.12/site-packages/airflow/example_dags/example_setup_teardown.py
[2026-08-08T18:25:29.253+0000] {processor.py:914} INFO - Processing file /home/airflow/.local/lib/python3.12/site-packages/airflow/example_dags/example_setup_teardown.py for tasks to queue
[2026-08-08T18:25:29.256+0000] {logging_mixin.py:190} INFO - [2026-08-08T18:25:29.256+0000] {dagbag.py:587} INFO - Filling up the DagBag from /home/airflow/.local/lib/python3.12/site-packages/airflow/example_dags/example_setup_teardown.py
[2026-08-08T18:25:29.264+0000] {processor.py:925} INFO - DAG(s) 'example_setup_teardown' retrieved from /home/airflow/.local/lib/python3.12/site-packages/airflow/example_dags/example_setup_teardown.py
[2026-08-08T18:25:29.283+0000] {logging_mixin.py:190} INFO - [2026-08-08T18:25:29.283+0000] {dag.py:3211} INFO - Sync 1 DAGs
[2026-08-08T18:25:29.300+0000] {logging_mixin.py:190} INFO - [2026-08-08T18:25:29.300+0000] {dag.py:4138} INFO - Setting next_dagrun for example_setup_teardown to 2026-08-07 00:00:00+00:00, run_after=2026-08-08 00:00:00+00:00
[2026-08-08T18:25:29.317+0000] {processor.py:208} INFO - Processing /home/airflow/.local/lib/python3.12/site-packages/airflow/example_dags/example_setup_teardown.py took 0.071 seconds
[2026-08-08T18:25:59.481+0000] {processor.py:186} INFO - Started process (PID=666) to work on /home/airflow/.local/lib/python3.12/site-packages/airflow/example_dags/example_setup_teardown.py
[2026-08-08T18:25:59.483+0000] {processor.py:914} INFO - Processing file /home/airflow/.local/lib/python3.12/site-packages/airflow/example_dags/example_setup_teardown.py for tasks to queue
[2026-08-08T18:25:59.489+0000] {logging_mixin.py:190} INFO - [2026-08-08T18:25:59.489+0000] {dagbag.py:587} INFO - Filling up the DagBag from /home/airflow/.local/lib/python3.12/site-packages/airflow/example_dags/example_setup_teardown.py
[2026-08-08T18:25:59.498+0000] {processor.py:925} INFO - DAG(s) 'example_setup_teardown' retrieved from /home/airflow/.local/lib/python3.12/site-packages/airflow/example_dags/example_setup_teardown.py
[2026-08-08T18:25:59.524+0000] {logging_mixin.py:190} INFO - [2026-08-08T18:25:59.523+0000] {dag.py:3211} INFO - Sync 1 DAGs
[2026-08-08T18:25:59.545+0000] {logging_mixin.py:190} INFO - [2026-08-08T18:25:59.544+0000] {dag.py:4138} INFO - Setting next_dagrun for example_setup_teardown to 2026-08-07 00:00:00+00:00, run_after=2026-08-08 00:00:00+00:00
[2026-08-08T18:25:59.566+0000] {processor.py:208} INFO - Processing /home/airflow/.local/lib/python3.12/site-packages/airflow/example_dags/example_setup_teardown.py took 0.092 seconds
[2026-08-08T18:26:29.966+0000] {processor.py:186} INFO - Started process (PID=729) to work on /home/airflow/.local/lib/python3.12/site-packages/airflow/example_dags/example_setup_teardown.py
[2026-08-08T18:26:29.967+0000] {processor.py:914} INFO - Processing file /home/airflow/.local/lib/python3.12/site-packages/airflow/example_dags/example_setup_teardown.py for tasks to queue
[2026-08-08T18:26:29.971+0000] {logging_mixin.py:190} INFO - [2026-08-08T18:26:29.971+0000] {dagbag.py:587} INFO - Filling up the DagBag from /home/airflow/.local/lib/python3.12/site-packages/airflow/example_dags/example_setup_teardown.py
[2026-08-08T18:26:29.979+0000] {processor.py:925} INFO - DAG(s) 'example_setup_teardown' retrieved from /home/airflow/.local/lib/python3.12/site-packages/airflow/example_dags/example_setup_teardown.py
[2026-08-08T18:26:30.002+0000] {logging_mixin.py:190} INFO - [2026-08-08T18:26:30.002+0000] {dag.py:3211} INFO - Sync 1 DAGs
[2026-08-08T18:26:30.026+0000] {logging_mixin.py:190} INFO - [2026-08-08T18:26:30.026+0000] {dag.py:4138} INFO - Setting next_dagrun for example_setup_teardown to 2026-08-07 00:00:00+00:00, run_after=2026-08-08 00:00:00+00:00
[2026-08-08T18:26:30.049+0000] {processor.py:208} INFO - Processing /home/airflow/.local/lib/python3.12/site-packages/airflow/example_dags/example_setup_teardown.py took 0.089 seconds
