[2026-08-08T17:25:12.317+0000] {processor.py:186} INFO - Started process (PID=104) to work on /home/airflow/.local/lib/python3.12/site-packages/airflow/example_dags/example_task_group_decorator.py
[2026-08-08T17:25:12.319+0000] {processor.py:914} INFO - Processing file /home/airflow/.local/lib/python3.12/site-packages/airflow/example_dags/example_task_group_decorator.py for tasks to queue
[2026-08-08T17:25:12.322+0000] {logging_mixin.py:190} INFO - [2026-08-08T17:25:12.321+0000] {dagbag.py:587} INFO - Filling up the DagBag from /home/airflow/.local/lib/python3.12/site-packages/airflow/example_dags/example_task_group_decorator.py
[2026-08-08T17:25:12.339+0000] {processor.py:925} INFO - DAG(s) 'example_task_group_decorator' retrieved from /home/airflow/.local/lib/python3.12/site-packages/airflow/example_dags/example_task_group_decorator.py
[2026-08-08T17:25:12.462+0000] {logging_mixin.py:190} INFO - [2026-08-08T17:25:12.461+0000] {override.py:1858} INFO - Created Permission View: can delete on DAG:example_task_group_decorator
[2026-08-08T17:25:12.473+0000] {logging_mixin.py:190} INFO - [2026-08-08T17:25:12.473+0000] {override.py:1858} INFO - Created Permission View: can edit on DAG:example_task_group_decorator
[2026-08-08T17:25:12.480+0000] {logging_mixin.py:190} INFO - [2026-08-08T17:25:12.480+0000] {override.py:1858} INFO - Created Permission View: can read on DAG:example_task_group_decorator
[2026-08-08T17:25:12.482+0000] {logging_mixin.py:190} INFO - [2026-08-08T17:25:12.481+0000] {dag.py:3211} INFO - Sync 1 DAGs
[2026-08-08T17:25:12.494+0000] {logging_mixin.py:190} INFO - [2026-08-08T17:25:12.494+0000] {dag.py:3234} INFO - Creating ORM DAG for example_task_group_decorator
[2026-08-08T17:25:12.504+0000] {logging_mixin.py:190} INFO - [2026-08-08T17:25:12.503+0000] {dag.py:4138} INFO - Setting next_dagrun for example_task_group_decorator to 2026-08-07 00:00:00+00:00, run_after=2026-08-08 00:00:00+00:00
[2026-08-08T17:25:12.520+0000] {processor.py:208} INFO - Processing /home/airflow/.local/lib/python3.12/site-packages/airflow/example_dags/example_task_group_decorator.py took 0.212 seconds
[2026-08-08T17:25:43.351+0000] {processor.py:186} INFO - Started process (PID=167) to work on /home/airflow/.local/lib/python3.12/site-packages/airflow/example_dags/example_task_group_decorator.py
[2026-08-08T17:25:43.353+0000] {processor.py:914} INFO - Processing file /home/airflow/.local/lib/python3.12/site-packages/airflow/example_dags/example_task_group_decorator.py for tasks to queue
[2026-08-08T17:25:43.356+0000] {logging_mixin.py:190} INFO - [2026-08-08T17:25:43.356+0000] {dagbag.py:587} INFO - Filling up the DagBag from /home/airflow/.local/lib/python3.12/site-packages/airflow/example_dags/example_task_group_decorator.py
[2026-08-08T17:25:43.376+0000] {processor.py:925} INFO - DAG(s) 'example_task_group_decorator' retrieved from /home/airflow/.local/lib/python3.12/site-packages/airflow/example_dags/example_task_group_decorator.py
[2026-08-08T17:25:43.399+0000] {logging_mixin.py:190} INFO - [2026-08-08T17:25:43.399+0000] {dag.py:3211} INFO - Sync 1 DAGs
[2026-08-08T17:25:43.424+0000] {logging_mixin.py:190} INFO - [2026-08-08T17:25:43.424+0000] {dag.py:4138} INFO - Setting next_dagrun for example_task_group_decorator to 2026-08-07 00:00:00+00:00, run_after=2026-08-08 00:00:00+00:00
[2026-08-08T17:25:43.446+0000] {processor.py:208} INFO - Processing /home/airflow/.local/lib/python3.12/site-packages/airflow/example_dags/example_task_group_decorator.py took 0.103 seconds
[2026-08-08T17:26:14.023+0000] {processor.py:186} INFO - Started process (PID=230) to work on /home/airflow/.local/lib/python3.12/site-packages/airflow/example_dags/example_task_group_decorator.py
[2026-08-08T17:26:14.025+0000] {processor.py:914} INFO - Processing file /home/airflow/.local/lib/python3.12/site-packages/airflow/example_dags/example_task_group_decorator.py for tasks to queue
[2026-08-08T17:26:14.029+0000] {logging_mixin.py:190} INFO - [2026-08-08T17:26:14.029+0000] {dagbag.py:587} INFO - Filling up the DagBag from /home/airflow/.local/lib/python3.12/site-packages/airflow/example_dags/example_task_group_decorator.py
[2026-08-08T17:26:14.052+0000] {processor.py:925} INFO - DAG(s) 'example_task_group_decorator' retrieved from /home/airflow/.local/lib/python3.12/site-packages/airflow/example_dags/example_task_group_decorator.py
[2026-08-08T17:26:14.086+0000] {logging_mixin.py:190} INFO - [2026-08-08T17:26:14.086+0000] {dag.py:3211} INFO - Sync 1 DAGs
[2026-08-08T17:26:14.117+0000] {logging_mixin.py:190} INFO - [2026-08-08T17:26:14.117+0000] {dag.py:4138} INFO - Setting next_dagrun for example_task_group_decorator to 2026-08-07 00:00:00+00:00, run_after=2026-08-08 00:00:00+00:00
[2026-08-08T17:26:14.147+0000] {processor.py:208} INFO - Processing /home/airflow/.local/lib/python3.12/site-packages/airflow/example_dags/example_task_group_decorator.py took 0.137 seconds
[2026-08-08T17:26:44.259+0000] {processor.py:186} INFO - Started process (PID=293) to work on /home/airflow/.local/lib/python3.12/site-packages/airflow/example_dags/example_task_group_decorator.py
[2026-08-08T17:26:44.260+0000] {processor.py:914} INFO - Processing file /home/airflow/.local/lib/python3.12/site-packages/airflow/example_dags/example_task_group_decorator.py for tasks to queue
[2026-08-08T17:26:44.263+0000] {logging_mixin.py:190} INFO - [2026-08-08T17:26:44.262+0000] {dagbag.py:587} INFO - Filling up the DagBag from /home/airflow/.local/lib/python3.12/site-packages/airflow/example_dags/example_task_group_decorator.py
[2026-08-08T17:26:44.285+0000] {processor.py:925} INFO - DAG(s) 'example_task_group_decorator' retrieved from /home/airflow/.local/lib/python3.12/site-packages/airflow/example_dags/example_task_group_decorator.py
[2026-08-08T17:26:44.315+0000] {logging_mixin.py:190} INFO - [2026-08-08T17:26:44.314+0000] {dag.py:3211} INFO - Sync 1 DAGs
[2026-08-08T17:26:44.338+0000] {logging_mixin.py:190} INFO - [2026-08-08T17:26:44.338+0000] {dag.py:4138} INFO - Setting next_dagrun for example_task_group_decorator to 2026-08-07 00:00:00+00:00, run_after=2026-08-08 00:00:00+00:00
[2026-08-08T17:26:44.360+0000] {processor.py:208} INFO - Processing /home/airflow/.local/lib/python3.12/site-packages/airflow/example_dags/example_task_group_decorator.py took 0.106 seconds
[2026-08-08T17:27:14.573+0000] {processor.py:186} INFO - Started process (PID=356) to work on /home/airflow/.local/lib/python3.12/site-packages/airflow/example_dags/example_task_group_decorator.py
[2026-08-08T17:27:14.575+0000] {processor.py:914} INFO - Processing file /home/airflow/.local/lib/python3.12/site-packages/airflow/example_dags/example_task_group_decorator.py for tasks to queue
[2026-08-08T17:27:14.577+0000] {logging_mixin.py:190} INFO - [2026-08-08T17:27:14.577+0000] {dagbag.py:587} INFO - Filling up the DagBag from /home/airflow/.local/lib/python3.12/site-packages/airflow/example_dags/example_task_group_decorator.py
[2026-08-08T17:27:14.591+0000] {processor.py:925} INFO - DAG(s) 'example_task_group_decorator' retrieved from /home/airflow/.local/lib/python3.12/site-packages/airflow/example_dags/example_task_group_decorator.py
[2026-08-08T17:27:14.614+0000] {logging_mixin.py:190} INFO - [2026-08-08T17:27:14.613+0000] {dag.py:3211} INFO - Sync 1 DAGs
[2026-08-08T17:27:14.634+0000] {logging_mixin.py:190} INFO - [2026-08-08T17:27:14.634+0000] {dag.py:4138} INFO - Setting next_dagrun for example_task_group_decorator to 2026-08-07 00:00:00+00:00, run_after=2026-08-08 00:00:00+00:00
[2026-08-08T17:27:14.653+0000] {processor.py:208} INFO - Processing /home/airflow/.local/lib/python3.12/site-packages/airflow/example_dags/example_task_group_decorator.py took 0.085 seconds
[2026-08-08T17:27:45.075+0000] {processor.py:186} INFO - Started process (PID=419) to work on /home/airflow/.local/lib/python3.12/site-packages/airflow/example_dags/example_task_group_decorator.py
[2026-08-08T17:27:45.076+0000] {processor.py:914} INFO - Processing file /home/airflow/.local/lib/python3.12/site-packages/airflow/example_dags/example_task_group_decorator.py for tasks to queue
[2026-08-08T17:27:45.079+0000] {logging_mixin.py:190} INFO - [2026-08-08T17:27:45.079+0000] {dagbag.py:587} INFO - Filling up the DagBag from /home/airflow/.local/lib/python3.12/site-packages/airflow/example_dags/example_task_group_decorator.py
[2026-08-08T17:27:45.096+0000] {processor.py:925} INFO - DAG(s) 'example_task_group_decorator' retrieved from /home/airflow/.local/lib/python3.12/site-packages/airflow/example_dags/example_task_group_decorator.py
[2026-08-08T17:27:45.125+0000] {logging_mixin.py:190} INFO - [2026-08-08T17:27:45.125+0000] {dag.py:3211} INFO - Sync 1 DAGs
[2026-08-08T17:27:45.147+0000] {logging_mixin.py:190} INFO - [2026-08-08T17:27:45.147+0000] {dag.py:4138} INFO - Setting next_dagrun for example_task_group_decorator to 2026-08-07 00:00:00+00:00, run_after=2026-08-08 00:00:00+00:00
[2026-08-08T17:27:45.165+0000] {processor.py:208} INFO - Processing /home/airflow/.local/lib/python3.12/site-packages/airflow/example_dags/example_task_group_decorator.py took 0.095 seconds
[2026-08-08T17:28:15.614+0000] {processor.py:186} INFO - Started process (PID=482) to work on /home/airflow/.local/lib/python3.12/site-packages/airflow/example_dags/example_task_group_decorator.py
[2026-08-08T17:28:15.616+0000] {processor.py:914} INFO - Processing file /home/airflow/.local/lib/python3.12/site-packages/airflow/example_dags/example_task_group_decorator.py for tasks to queue
[2026-08-08T17:28:15.618+0000] {logging_mixin.py:190} INFO - [2026-08-08T17:28:15.618+0000] {dagbag.py:587} INFO - Filling up the DagBag from /home/airflow/.local/lib/python3.12/site-packages/airflow/example_dags/example_task_group_decorator.py
[2026-08-08T17:28:15.632+0000] {processor.py:925} INFO - DAG(s) 'example_task_group_decorator' retrieved from /home/airflow/.local/lib/python3.12/site-packages/airflow/example_dags/example_task_group_decorator.py
[2026-08-08T17:28:15.653+0000] {logging_mixin.py:190} INFO - [2026-08-08T17:28:15.653+0000] {dag.py:3211} INFO - Sync 1 DAGs
[2026-08-08T17:28:15.674+0000] {logging_mixin.py:190} INFO - [2026-08-08T17:28:15.673+0000] {dag.py:4138} INFO - Setting next_dagrun for example_task_group_decorator to 2026-08-07 00:00:00+00:00, run_after=2026-08-08 00:00:00+00:00
[2026-08-08T17:28:15.694+0000] {processor.py:208} INFO - Processing /home/airflow/.local/lib/python3.12/site-packages/airflow/example_dags/example_task_group_decorator.py took 0.085 seconds
[2026-08-08T17:28:45.864+0000] {processor.py:186} INFO - Started process (PID=545) to work on /home/airflow/.local/lib/python3.12/site-packages/airflow/example_dags/example_task_group_decorator.py
[2026-08-08T17:28:45.866+0000] {processor.py:914} INFO - Processing file /home/airflow/.local/lib/python3.12/site-packages/airflow/example_dags/example_task_group_decorator.py for tasks to queue
[2026-08-08T17:28:45.870+0000] {logging_mixin.py:190} INFO - [2026-08-08T17:28:45.869+0000] {dagbag.py:587} INFO - Filling up the DagBag from /home/airflow/.local/lib/python3.12/site-packages/airflow/example_dags/example_task_group_decorator.py
[2026-08-08T17:28:45.897+0000] {processor.py:925} INFO - DAG(s) 'example_task_group_decorator' retrieved from /home/airflow/.local/lib/python3.12/site-packages/airflow/example_dags/example_task_group_decorator.py
[2026-08-08T17:28:45.929+0000] {logging_mixin.py:190} INFO - [2026-08-08T17:28:45.928+0000] {dag.py:3211} INFO - Sync 1 DAGs
[2026-08-08T17:28:45.956+0000] {logging_mixin.py:190} INFO - [2026-08-08T17:28:45.956+0000] {dag.py:4138} INFO - Setting next_dagrun for example_task_group_decorator to 2026-08-07 00:00:00+00:00, run_after=2026-08-08 00:00:00+00:00
[2026-08-08T17:28:45.979+0000] {processor.py:208} INFO - Processing /home/airflow/.local/lib/python3.12/site-packages/airflow/example_dags/example_task_group_decorator.py took 0.125 seconds
[2026-08-08T17:29:16.811+0000] {processor.py:186} INFO - Started process (PID=608) to work on /home/airflow/.local/lib/python3.12/site-packages/airflow/example_dags/example_task_group_decorator.py
[2026-08-08T17:29:16.812+0000] {processor.py:914} INFO - Processing file /home/airflow/.local/lib/python3.12/site-packages/airflow/example_dags/example_task_group_decorator.py for tasks to queue
[2026-08-08T17:29:16.816+0000] {logging_mixin.py:190} INFO - [2026-08-08T17:29:16.815+0000] {dagbag.py:587} INFO - Filling up the DagBag from /home/airflow/.local/lib/python3.12/site-packages/airflow/example_dags/example_task_group_decorator.py
[2026-08-08T17:29:16.831+0000] {processor.py:925} INFO - DAG(s) 'example_task_group_decorator' retrieved from /home/airflow/.local/lib/python3.12/site-packages/airflow/example_dags/example_task_group_decorator.py
[2026-08-08T17:29:16.855+0000] {logging_mixin.py:190} INFO - [2026-08-08T17:29:16.855+0000] {dag.py:3211} INFO - Sync 1 DAGs
[2026-08-08T17:29:16.879+0000] {logging_mixin.py:190} INFO - [2026-08-08T17:29:16.879+0000] {dag.py:4138} INFO - Setting next_dagrun for example_task_group_decorator to 2026-08-07 00:00:00+00:00, run_after=2026-08-08 00:00:00+00:00
[2026-08-08T17:29:16.901+0000] {processor.py:208} INFO - Processing /home/airflow/.local/lib/python3.12/site-packages/airflow/example_dags/example_task_group_decorator.py took 0.096 seconds
[2026-08-08T17:29:47.050+0000] {processor.py:186} INFO - Started process (PID=671) to work on /home/airflow/.local/lib/python3.12/site-packages/airflow/example_dags/example_task_group_decorator.py
[2026-08-08T17:29:47.051+0000] {processor.py:914} INFO - Processing file /home/airflow/.local/lib/python3.12/site-packages/airflow/example_dags/example_task_group_decorator.py for tasks to queue
[2026-08-08T17:29:47.053+0000] {logging_mixin.py:190} INFO - [2026-08-08T17:29:47.053+0000] {dagbag.py:587} INFO - Filling up the DagBag from /home/airflow/.local/lib/python3.12/site-packages/airflow/example_dags/example_task_group_decorator.py
[2026-08-08T17:29:47.065+0000] {processor.py:925} INFO - DAG(s) 'example_task_group_decorator' retrieved from /home/airflow/.local/lib/python3.12/site-packages/airflow/example_dags/example_task_group_decorator.py
[2026-08-08T17:29:47.084+0000] {logging_mixin.py:190} INFO - [2026-08-08T17:29:47.084+0000] {dag.py:3211} INFO - Sync 1 DAGs
[2026-08-08T17:29:47.099+0000] {logging_mixin.py:190} INFO - [2026-08-08T17:29:47.099+0000] {dag.py:4138} INFO - Setting next_dagrun for example_task_group_decorator to 2026-08-07 00:00:00+00:00, run_after=2026-08-08 00:00:00+00:00
[2026-08-08T17:29:47.116+0000] {processor.py:208} INFO - Processing /home/airflow/.local/lib/python3.12/site-packages/airflow/example_dags/example_task_group_decorator.py took 0.071 seconds
[2026-08-08T17:30:17.839+0000] {processor.py:186} INFO - Started process (PID=734) to work on /home/airflow/.local/lib/python3.12/site-packages/airflow/example_dags/example_task_group_decorator.py
[2026-08-08T17:30:17.841+0000] {processor.py:914} INFO - Processing file /home/airflow/.local/lib/python3.12/site-packages/airflow/example_dags/example_task_group_decorator.py for tasks to queue
[2026-08-08T17:30:17.844+0000] {logging_mixin.py:190} INFO - [2026-08-08T17:30:17.844+0000] {dagbag.py:587} INFO - Filling up the DagBag from /home/airflow/.local/lib/python3.12/site-packages/airflow/example_dags/example_task_group_decorator.py
[2026-08-08T17:30:17.862+0000] {processor.py:925} INFO - DAG(s) 'example_task_group_decorator' retrieved from /home/airflow/.local/lib/python3.12/site-packages/airflow/example_dags/example_task_group_decorator.py
[2026-08-08T17:30:17.890+0000] {logging_mixin.py:190} INFO - [2026-08-08T17:30:17.890+0000] {dag.py:3211} INFO - Sync 1 DAGs
[2026-08-08T17:30:17.916+0000] {logging_mixin.py:190} INFO - [2026-08-08T17:30:17.916+0000] {dag.py:4138} INFO - Setting next_dagrun for example_task_group_decorator to 2026-08-07 00:00:00+00:00, run_after=2026-08-08 00:00:00+00:00
[2026-08-08T17:30:17.936+0000] {processor.py:208} INFO - Processing /home/airflow/.local/lib/python3.12/site-packages/airflow/example_dags/example_task_group_decorator.py took 0.106 seconds
[2026-08-08T17:30:48.206+0000] {processor.py:186} INFO - Started process (PID=797) to work on /home/airflow/.local/lib/python3.12/site-packages/airflow/example_dags/example_task_group_decorator.py
[2026-08-08T17:30:48.207+0000] {processor.py:914} INFO - Processing file /home/airflow/.local/lib/python3.12/site-packages/airflow/example_dags/example_task_group_decorator.py for tasks to queue
[2026-08-08T17:30:48.209+0000] {logging_mixin.py:190} INFO - [2026-08-08T17:30:48.209+0000] {dagbag.py:587} INFO - Filling up the DagBag from /home/airflow/.local/lib/python3.12/site-packages/airflow/example_dags/example_task_group_decorator.py
[2026-08-08T17:30:48.225+0000] {processor.py:925} INFO - DAG(s) 'example_task_group_decorator' retrieved from /home/airflow/.local/lib/python3.12/site-packages/airflow/example_dags/example_task_group_decorator.py
[2026-08-08T17:30:48.248+0000] {logging_mixin.py:190} INFO - [2026-08-08T17:30:48.247+0000] {dag.py:3211} INFO - Sync 1 DAGs
[2026-08-08T17:30:48.270+0000] {logging_mixin.py:190} INFO - [2026-08-08T17:30:48.270+0000] {dag.py:4138} INFO - Setting next_dagrun for example_task_group_decorator to 2026-08-07 00:00:00+00:00, run_after=2026-08-08 00:00:00+00:00
[2026-08-08T17:30:48.287+0000] {processor.py:208} INFO - Processing /home/airflow/.local/lib/python3.12/site-packages/airflow/example_dags/example_task_group_decorator.py took 0.087 seconds
[2026-08-08T17:31:19.547+0000] {processor.py:186} INFO - Started process (PID=860) to work on /home/airflow/.local/lib/python3.12/site-packages/airflow/example_dags/example_task_group_decorator.py
[2026-08-08T17:31:19.549+0000] {processor.py:914} INFO - Processing file /home/airflow/.local/lib/python3.12/site-packages/airflow/example_dags/example_task_group_decorator.py for tasks to queue
[2026-08-08T17:31:19.553+0000] {logging_mixin.py:190} INFO - [2026-08-08T17:31:19.553+0000] {dagbag.py:587} INFO - Filling up the DagBag from /home/airflow/.local/lib/python3.12/site-packages/airflow/example_dags/example_task_group_decorator.py
[2026-08-08T17:31:19.570+0000] {processor.py:925} INFO - DAG(s) 'example_task_group_decorator' retrieved from /home/airflow/.local/lib/python3.12/site-packages/airflow/example_dags/example_task_group_decorator.py
[2026-08-08T17:31:19.609+0000] {logging_mixin.py:190} INFO - [2026-08-08T17:31:19.608+0000] {dag.py:3211} INFO - Sync 1 DAGs
[2026-08-08T17:31:19.633+0000] {logging_mixin.py:190} INFO - [2026-08-08T17:31:19.633+0000] {dag.py:4138} INFO - Setting next_dagrun for example_task_group_decorator to 2026-08-07 00:00:00+00:00, run_after=2026-08-08 00:00:00+00:00
[2026-08-08T17:31:19.661+0000] {processor.py:208} INFO - Processing /home/airflow/.local/lib/python3.12/site-packages/airflow/example_dags/example_task_group_decorator.py took 0.120 seconds
[2026-08-08T17:31:49.760+0000] {processor.py:186} INFO - Started process (PID=923) to work on /home/airflow/.local/lib/python3.12/site-packages/airflow/example_dags/example_task_group_decorator.py
[2026-08-08T17:31:49.761+0000] {processor.py:914} INFO - Processing file /home/airflow/.local/lib/python3.12/site-packages/airflow/example_dags/example_task_group_decorator.py for tasks to queue
[2026-08-08T17:31:49.765+0000] {logging_mixin.py:190} INFO - [2026-08-08T17:31:49.765+0000] {dagbag.py:587} INFO - Filling up the DagBag from /home/airflow/.local/lib/python3.12/site-packages/airflow/example_dags/example_task_group_decorator.py
[2026-08-08T17:31:49.787+0000] {processor.py:925} INFO - DAG(s) 'example_task_group_decorator' retrieved from /home/airflow/.local/lib/python3.12/site-packages/airflow/example_dags/example_task_group_decorator.py
[2026-08-08T17:31:49.823+0000] {logging_mixin.py:190} INFO - [2026-08-08T17:31:49.823+0000] {dag.py:3211} INFO - Sync 1 DAGs
[2026-08-08T17:31:49.858+0000] {logging_mixin.py:190} INFO - [2026-08-08T17:31:49.858+0000] {dag.py:4138} INFO - Setting next_dagrun for example_task_group_decorator to 2026-08-07 00:00:00+00:00, run_after=2026-08-08 00:00:00+00:00
[2026-08-08T17:31:49.885+0000] {processor.py:208} INFO - Processing /home/airflow/.local/lib/python3.12/site-packages/airflow/example_dags/example_task_group_decorator.py took 0.133 seconds
[2026-08-08T17:32:20.743+0000] {processor.py:186} INFO - Started process (PID=986) to work on /home/airflow/.local/lib/python3.12/site-packages/airflow/example_dags/example_task_group_decorator.py
[2026-08-08T17:32:20.745+0000] {processor.py:914} INFO - Processing file /home/airflow/.local/lib/python3.12/site-packages/airflow/example_dags/example_task_group_decorator.py for tasks to queue
[2026-08-08T17:32:20.748+0000] {logging_mixin.py:190} INFO - [2026-08-08T17:32:20.748+0000] {dagbag.py:587} INFO - Filling up the DagBag from /home/airflow/.local/lib/python3.12/site-packages/airflow/example_dags/example_task_group_decorator.py
[2026-08-08T17:32:20.767+0000] {processor.py:925} INFO - DAG(s) 'example_task_group_decorator' retrieved from /home/airflow/.local/lib/python3.12/site-packages/airflow/example_dags/example_task_group_decorator.py
[2026-08-08T17:32:20.794+0000] {logging_mixin.py:190} INFO - [2026-08-08T17:32:20.793+0000] {dag.py:3211} INFO - Sync 1 DAGs
[2026-08-08T17:32:20.815+0000] {logging_mixin.py:190} INFO - [2026-08-08T17:32:20.815+0000] {dag.py:4138} INFO - Setting next_dagrun for example_task_group_decorator to 2026-08-07 00:00:00+00:00, run_after=2026-08-08 00:00:00+00:00
[2026-08-08T17:32:20.836+0000] {processor.py:208} INFO - Processing /home/airflow/.local/lib/python3.12/site-packages/airflow/example_dags/example_task_group_decorator.py took 0.101 seconds
[2026-08-08T17:32:51.227+0000] {processor.py:186} INFO - Started process (PID=1050) to work on /home/airflow/.local/lib/python3.12/site-packages/airflow/example_dags/example_task_group_decorator.py
[2026-08-08T17:32:51.228+0000] {processor.py:914} INFO - Processing file /home/airflow/.local/lib/python3.12/site-packages/airflow/example_dags/example_task_group_decorator.py for tasks to queue
[2026-08-08T17:32:51.233+0000] {logging_mixin.py:190} INFO - [2026-08-08T17:32:51.232+0000] {dagbag.py:587} INFO - Filling up the DagBag from /home/airflow/.local/lib/python3.12/site-packages/airflow/example_dags/example_task_group_decorator.py
[2026-08-08T17:32:51.255+0000] {processor.py:925} INFO - DAG(s) 'example_task_group_decorator' retrieved from /home/airflow/.local/lib/python3.12/site-packages/airflow/example_dags/example_task_group_decorator.py
[2026-08-08T17:32:51.286+0000] {logging_mixin.py:190} INFO - [2026-08-08T17:32:51.286+0000] {dag.py:3211} INFO - Sync 1 DAGs
[2026-08-08T17:32:51.316+0000] {logging_mixin.py:190} INFO - [2026-08-08T17:32:51.316+0000] {dag.py:4138} INFO - Setting next_dagrun for example_task_group_decorator to 2026-08-07 00:00:00+00:00, run_after=2026-08-08 00:00:00+00:00
[2026-08-08T17:32:51.344+0000] {processor.py:208} INFO - Processing /home/airflow/.local/lib/python3.12/site-packages/airflow/example_dags/example_task_group_decorator.py took 0.123 seconds
[2026-08-08T17:33:21.881+0000] {processor.py:186} INFO - Started process (PID=1113) to work on /home/airflow/.local/lib/python3.12/site-packages/airflow/example_dags/example_task_group_decorator.py
[2026-08-08T17:33:21.882+0000] {processor.py:914} INFO - Processing file /home/airflow/.local/lib/python3.12/site-packages/airflow/example_dags/example_task_group_decorator.py for tasks to queue
[2026-08-08T17:33:21.885+0000] {logging_mixin.py:190} INFO - [2026-08-08T17:33:21.885+0000] {dagbag.py:587} INFO - Filling up the DagBag from /home/airflow/.local/lib/python3.12/site-packages/airflow/example_dags/example_task_group_decorator.py
[2026-08-08T17:33:21.901+0000] {processor.py:925} INFO - DAG(s) 'example_task_group_decorator' retrieved from /home/airflow/.local/lib/python3.12/site-packages/airflow/example_dags/example_task_group_decorator.py
[2026-08-08T17:33:21.928+0000] {logging_mixin.py:190} INFO - [2026-08-08T17:33:21.928+0000] {dag.py:3211} INFO - Sync 1 DAGs
[2026-08-08T17:33:21.954+0000] {logging_mixin.py:190} INFO - [2026-08-08T17:33:21.953+0000] {dag.py:4138} INFO - Setting next_dagrun for example_task_group_decorator to 2026-08-07 00:00:00+00:00, run_after=2026-08-08 00:00:00+00:00
[2026-08-08T17:33:21.975+0000] {processor.py:208} INFO - Processing /home/airflow/.local/lib/python3.12/site-packages/airflow/example_dags/example_task_group_decorator.py took 0.102 seconds
[2026-08-08T17:33:52.056+0000] {processor.py:186} INFO - Started process (PID=1175) to work on /home/airflow/.local/lib/python3.12/site-packages/airflow/example_dags/example_task_group_decorator.py
[2026-08-08T17:33:52.061+0000] {processor.py:914} INFO - Processing file /home/airflow/.local/lib/python3.12/site-packages/airflow/example_dags/example_task_group_decorator.py for tasks to queue
[2026-08-08T17:33:52.065+0000] {logging_mixin.py:190} INFO - [2026-08-08T17:33:52.064+0000] {dagbag.py:587} INFO - Filling up the DagBag from /home/airflow/.local/lib/python3.12/site-packages/airflow/example_dags/example_task_group_decorator.py
[2026-08-08T17:33:52.091+0000] {processor.py:925} INFO - DAG(s) 'example_task_group_decorator' retrieved from /home/airflow/.local/lib/python3.12/site-packages/airflow/example_dags/example_task_group_decorator.py
[2026-08-08T17:33:52.132+0000] {logging_mixin.py:190} INFO - [2026-08-08T17:33:52.131+0000] {dag.py:3211} INFO - Sync 1 DAGs
[2026-08-08T17:33:52.174+0000] {logging_mixin.py:190} INFO - [2026-08-08T17:33:52.173+0000] {dag.py:4138} INFO - Setting next_dagrun for example_task_group_decorator to 2026-08-07 00:00:00+00:00, run_after=2026-08-08 00:00:00+00:00
[2026-08-08T17:33:52.207+0000] {processor.py:208} INFO - Processing /home/airflow/.local/lib/python3.12/site-packages/airflow/example_dags/example_task_group_decorator.py took 0.160 seconds
[2026-08-08T17:34:22.371+0000] {processor.py:186} INFO - Started process (PID=1238) to work on /home/airflow/.local/lib/python3.12/site-packages/airflow/example_dags/example_task_group_decorator.py
[2026-08-08T17:34:22.373+0000] {processor.py:914} INFO - Processing file /home/airflow/.local/lib/python3.12/site-packages/airflow/example_dags/example_task_group_decorator.py for tasks to queue
[2026-08-08T17:34:22.375+0000] {logging_mixin.py:190} INFO - [2026-08-08T17:34:22.375+0000] {dagbag.py:587} INFO - Filling up the DagBag from /home/airflow/.local/lib/python3.12/site-packages/airflow/example_dags/example_task_group_decorator.py
[2026-08-08T17:34:22.388+0000] {processor.py:925} INFO - DAG(s) 'example_task_group_decorator' retrieved from /home/airflow/.local/lib/python3.12/site-packages/airflow/example_dags/example_task_group_decorator.py
[2026-08-08T17:34:22.413+0000] {logging_mixin.py:190} INFO - [2026-08-08T17:34:22.413+0000] {dag.py:3211} INFO - Sync 1 DAGs
[2026-08-08T17:34:22.434+0000] {logging_mixin.py:190} INFO - [2026-08-08T17:34:22.434+0000] {dag.py:4138} INFO - Setting next_dagrun for example_task_group_decorator to 2026-08-07 00:00:00+00:00, run_after=2026-08-08 00:00:00+00:00
[2026-08-08T17:34:22.452+0000] {processor.py:208} INFO - Processing /home/airflow/.local/lib/python3.12/site-packages/airflow/example_dags/example_task_group_decorator.py took 0.087 seconds
[2026-08-08T17:34:53.448+0000] {processor.py:186} INFO - Started process (PID=1302) to work on /home/airflow/.local/lib/python3.12/site-packages/airflow/example_dags/example_task_group_decorator.py
[2026-08-08T17:34:53.450+0000] {processor.py:914} INFO - Processing file /home/airflow/.local/lib/python3.12/site-packages/airflow/example_dags/example_task_group_decorator.py for tasks to queue
[2026-08-08T17:34:53.452+0000] {logging_mixin.py:190} INFO - [2026-08-08T17:34:53.452+0000] {dagbag.py:587} INFO - Filling up the DagBag from /home/airflow/.local/lib/python3.12/site-packages/airflow/example_dags/example_task_group_decorator.py
[2026-08-08T17:34:53.466+0000] {processor.py:925} INFO - DAG(s) 'example_task_group_decorator' retrieved from /home/airflow/.local/lib/python3.12/site-packages/airflow/example_dags/example_task_group_decorator.py
[2026-08-08T17:34:53.487+0000] {logging_mixin.py:190} INFO - [2026-08-08T17:34:53.487+0000] {dag.py:3211} INFO - Sync 1 DAGs
[2026-08-08T17:34:53.507+0000] {logging_mixin.py:190} INFO - [2026-08-08T17:34:53.507+0000] {dag.py:4138} INFO - Setting next_dagrun for example_task_group_decorator to 2026-08-07 00:00:00+00:00, run_after=2026-08-08 00:00:00+00:00
[2026-08-08T17:34:53.528+0000] {processor.py:208} INFO - Processing /home/airflow/.local/lib/python3.12/site-packages/airflow/example_dags/example_task_group_decorator.py took 0.085 seconds
[2026-08-08T17:35:24.037+0000] {processor.py:186} INFO - Started process (PID=1365) to work on /home/airflow/.local/lib/python3.12/site-packages/airflow/example_dags/example_task_group_decorator.py
[2026-08-08T17:35:24.038+0000] {processor.py:914} INFO - Processing file /home/airflow/.local/lib/python3.12/site-packages/airflow/example_dags/example_task_group_decorator.py for tasks to queue
[2026-08-08T17:35:24.040+0000] {logging_mixin.py:190} INFO - [2026-08-08T17:35:24.040+0000] {dagbag.py:587} INFO - Filling up the DagBag from /home/airflow/.local/lib/python3.12/site-packages/airflow/example_dags/example_task_group_decorator.py
[2026-08-08T17:35:24.055+0000] {processor.py:925} INFO - DAG(s) 'example_task_group_decorator' retrieved from /home/airflow/.local/lib/python3.12/site-packages/airflow/example_dags/example_task_group_decorator.py
[2026-08-08T17:35:24.080+0000] {logging_mixin.py:190} INFO - [2026-08-08T17:35:24.080+0000] {dag.py:3211} INFO - Sync 1 DAGs
[2026-08-08T17:35:24.104+0000] {logging_mixin.py:190} INFO - [2026-08-08T17:35:24.104+0000] {dag.py:4138} INFO - Setting next_dagrun for example_task_group_decorator to 2026-08-07 00:00:00+00:00, run_after=2026-08-08 00:00:00+00:00
[2026-08-08T17:35:24.123+0000] {processor.py:208} INFO - Processing /home/airflow/.local/lib/python3.12/site-packages/airflow/example_dags/example_task_group_decorator.py took 0.091 seconds
[2026-08-08T17:35:54.195+0000] {processor.py:186} INFO - Started process (PID=1427) to work on /home/airflow/.local/lib/python3.12/site-packages/airflow/example_dags/example_task_group_decorator.py
[2026-08-08T17:35:54.197+0000] {processor.py:914} INFO - Processing file /home/airflow/.local/lib/python3.12/site-packages/airflow/example_dags/example_task_group_decorator.py for tasks to queue
[2026-08-08T17:35:54.200+0000] {logging_mixin.py:190} INFO - [2026-08-08T17:35:54.199+0000] {dagbag.py:587} INFO - Filling up the DagBag from /home/airflow/.local/lib/python3.12/site-packages/airflow/example_dags/example_task_group_decorator.py
[2026-08-08T17:35:54.213+0000] {processor.py:925} INFO - DAG(s) 'example_task_group_decorator' retrieved from /home/airflow/.local/lib/python3.12/site-packages/airflow/example_dags/example_task_group_decorator.py
[2026-08-08T17:35:54.233+0000] {logging_mixin.py:190} INFO - [2026-08-08T17:35:54.233+0000] {dag.py:3211} INFO - Sync 1 DAGs
[2026-08-08T17:35:54.249+0000] {logging_mixin.py:190} INFO - [2026-08-08T17:35:54.248+0000] {dag.py:4138} INFO - Setting next_dagrun for example_task_group_decorator to 2026-08-07 00:00:00+00:00, run_after=2026-08-08 00:00:00+00:00
[2026-08-08T17:35:54.264+0000] {processor.py:208} INFO - Processing /home/airflow/.local/lib/python3.12/site-packages/airflow/example_dags/example_task_group_decorator.py took 0.076 seconds
[2026-08-08T17:36:24.699+0000] {processor.py:186} INFO - Started process (PID=1490) to work on /home/airflow/.local/lib/python3.12/site-packages/airflow/example_dags/example_task_group_decorator.py
[2026-08-08T17:36:24.701+0000] {processor.py:914} INFO - Processing file /home/airflow/.local/lib/python3.12/site-packages/airflow/example_dags/example_task_group_decorator.py for tasks to queue
[2026-08-08T17:36:24.703+0000] {logging_mixin.py:190} INFO - [2026-08-08T17:36:24.703+0000] {dagbag.py:587} INFO - Filling up the DagBag from /home/airflow/.local/lib/python3.12/site-packages/airflow/example_dags/example_task_group_decorator.py
[2026-08-08T17:36:24.720+0000] {processor.py:925} INFO - DAG(s) 'example_task_group_decorator' retrieved from /home/airflow/.local/lib/python3.12/site-packages/airflow/example_dags/example_task_group_decorator.py
[2026-08-08T17:36:24.742+0000] {logging_mixin.py:190} INFO - [2026-08-08T17:36:24.741+0000] {dag.py:3211} INFO - Sync 1 DAGs
[2026-08-08T17:36:24.763+0000] {logging_mixin.py:190} INFO - [2026-08-08T17:36:24.763+0000] {dag.py:4138} INFO - Setting next_dagrun for example_task_group_decorator to 2026-08-07 00:00:00+00:00, run_after=2026-08-08 00:00:00+00:00
[2026-08-08T17:36:24.779+0000] {processor.py:208} INFO - Processing /home/airflow/.local/lib/python3.12/site-packages/airflow/example_dags/example_task_group_decorator.py took 0.088 seconds
[2026-08-08T17:38:16.399+0000] {processor.py:186} INFO - Started process (PID=92) to work on /home/airflow/.local/lib/python3.12/site-packages/airflow/example_dags/example_task_group_decorator.py
[2026-08-08T17:38:16.400+0000] {processor.py:914} INFO - Processing file /home/airflow/.local/lib/python3.12/site-packages/airflow/example_dags/example_task_group_decorator.py for tasks to queue
[2026-08-08T17:38:16.403+0000] {logging_mixin.py:190} INFO - [2026-08-08T17:38:16.403+0000] {dagbag.py:587} INFO - Filling up the DagBag from /home/airflow/.local/lib/python3.12/site-packages/airflow/example_dags/example_task_group_decorator.py
[2026-08-08T17:38:16.416+0000] {processor.py:925} INFO - DAG(s) 'example_task_group_decorator' retrieved from /home/airflow/.local/lib/python3.12/site-packages/airflow/example_dags/example_task_group_decorator.py
[2026-08-08T17:38:16.441+0000] {logging_mixin.py:190} INFO - [2026-08-08T17:38:16.440+0000] {dag.py:3211} INFO - Sync 1 DAGs
[2026-08-08T17:38:16.463+0000] {logging_mixin.py:190} INFO - [2026-08-08T17:38:16.463+0000] {dag.py:4138} INFO - Setting next_dagrun for example_task_group_decorator to 2026-08-07 00:00:00+00:00, run_after=2026-08-08 00:00:00+00:00
[2026-08-08T17:38:16.483+0000] {processor.py:208} INFO - Processing /home/airflow/.local/lib/python3.12/site-packages/airflow/example_dags/example_task_group_decorator.py took 0.088 seconds
[2026-08-08T17:38:47.438+0000] {processor.py:186} INFO - Started process (PID=155) to work on /home/airflow/.local/lib/python3.12/site-packages/airflow/example_dags/example_task_group_decorator.py
[2026-08-08T17:38:47.441+0000] {processor.py:914} INFO - Processing file /home/airflow/.local/lib/python3.12/site-packages/airflow/example_dags/example_task_group_decorator.py for tasks to queue
[2026-08-08T17:38:47.446+0000] {logging_mixin.py:190} INFO - [2026-08-08T17:38:47.446+0000] {dagbag.py:587} INFO - Filling up the DagBag from /home/airflow/.local/lib/python3.12/site-packages/airflow/example_dags/example_task_group_decorator.py
[2026-08-08T17:38:47.474+0000] {processor.py:925} INFO - DAG(s) 'example_task_group_decorator' retrieved from /home/airflow/.local/lib/python3.12/site-packages/airflow/example_dags/example_task_group_decorator.py
[2026-08-08T17:38:47.511+0000] {logging_mixin.py:190} INFO - [2026-08-08T17:38:47.510+0000] {dag.py:3211} INFO - Sync 1 DAGs
[2026-08-08T17:38:47.536+0000] {logging_mixin.py:190} INFO - [2026-08-08T17:38:47.536+0000] {dag.py:4138} INFO - Setting next_dagrun for example_task_group_decorator to 2026-08-07 00:00:00+00:00, run_after=2026-08-08 00:00:00+00:00
[2026-08-08T17:38:47.559+0000] {processor.py:208} INFO - Processing /home/airflow/.local/lib/python3.12/site-packages/airflow/example_dags/example_task_group_decorator.py took 0.129 seconds
[2026-08-08T17:39:18.416+0000] {processor.py:186} INFO - Started process (PID=218) to work on /home/airflow/.local/lib/python3.12/site-packages/airflow/example_dags/example_task_group_decorator.py
[2026-08-08T17:39:18.418+0000] {processor.py:914} INFO - Processing file /home/airflow/.local/lib/python3.12/site-packages/airflow/example_dags/example_task_group_decorator.py for tasks to queue
[2026-08-08T17:39:18.421+0000] {logging_mixin.py:190} INFO - [2026-08-08T17:39:18.420+0000] {dagbag.py:587} INFO - Filling up the DagBag from /home/airflow/.local/lib/python3.12/site-packages/airflow/example_dags/example_task_group_decorator.py
[2026-08-08T17:39:18.433+0000] {processor.py:925} INFO - DAG(s) 'example_task_group_decorator' retrieved from /home/airflow/.local/lib/python3.12/site-packages/airflow/example_dags/example_task_group_decorator.py
[2026-08-08T17:39:18.455+0000] {logging_mixin.py:190} INFO - [2026-08-08T17:39:18.455+0000] {dag.py:3211} INFO - Sync 1 DAGs
[2026-08-08T17:39:18.475+0000] {logging_mixin.py:190} INFO - [2026-08-08T17:39:18.475+0000] {dag.py:4138} INFO - Setting next_dagrun for example_task_group_decorator to 2026-08-07 00:00:00+00:00, run_after=2026-08-08 00:00:00+00:00
[2026-08-08T17:39:18.495+0000] {processor.py:208} INFO - Processing /home/airflow/.local/lib/python3.12/site-packages/airflow/example_dags/example_task_group_decorator.py took 0.084 seconds
[2026-08-08T17:39:48.773+0000] {processor.py:186} INFO - Started process (PID=281) to work on /home/airflow/.local/lib/python3.12/site-packages/airflow/example_dags/example_task_group_decorator.py
[2026-08-08T17:39:48.778+0000] {processor.py:914} INFO - Processing file /home/airflow/.local/lib/python3.12/site-packages/airflow/example_dags/example_task_group_decorator.py for tasks to queue
[2026-08-08T17:39:48.782+0000] {logging_mixin.py:190} INFO - [2026-08-08T17:39:48.781+0000] {dagbag.py:587} INFO - Filling up the DagBag from /home/airflow/.local/lib/python3.12/site-packages/airflow/example_dags/example_task_group_decorator.py
[2026-08-08T17:39:48.807+0000] {processor.py:925} INFO - DAG(s) 'example_task_group_decorator' retrieved from /home/airflow/.local/lib/python3.12/site-packages/airflow/example_dags/example_task_group_decorator.py
[2026-08-08T17:39:48.843+0000] {logging_mixin.py:190} INFO - [2026-08-08T17:39:48.843+0000] {dag.py:3211} INFO - Sync 1 DAGs
[2026-08-08T17:39:48.877+0000] {logging_mixin.py:190} INFO - [2026-08-08T17:39:48.877+0000] {dag.py:4138} INFO - Setting next_dagrun for example_task_group_decorator to 2026-08-07 00:00:00+00:00, run_after=2026-08-08 00:00:00+00:00
[2026-08-08T17:39:48.909+0000] {processor.py:208} INFO - Processing /home/airflow/.local/lib/python3.12/site-packages/airflow/example_dags/example_task_group_decorator.py took 0.144 seconds
[2026-08-08T17:42:40.657+0000] {processor.py:186} INFO - Started process (PID=104) to work on /home/airflow/.local/lib/python3.12/site-packages/airflow/example_dags/example_task_group_decorator.py
[2026-08-08T17:42:40.658+0000] {processor.py:914} INFO - Processing file /home/airflow/.local/lib/python3.12/site-packages/airflow/example_dags/example_task_group_decorator.py for tasks to queue
[2026-08-08T17:42:40.662+0000] {logging_mixin.py:190} INFO - [2026-08-08T17:42:40.662+0000] {dagbag.py:587} INFO - Filling up the DagBag from /home/airflow/.local/lib/python3.12/site-packages/airflow/example_dags/example_task_group_decorator.py
[2026-08-08T17:42:40.683+0000] {processor.py:925} INFO - DAG(s) 'example_task_group_decorator' retrieved from /home/airflow/.local/lib/python3.12/site-packages/airflow/example_dags/example_task_group_decorator.py
[2026-08-08T17:42:40.718+0000] {logging_mixin.py:190} INFO - [2026-08-08T17:42:40.718+0000] {dag.py:3211} INFO - Sync 1 DAGs
[2026-08-08T17:42:40.745+0000] {logging_mixin.py:190} INFO - [2026-08-08T17:42:40.745+0000] {dag.py:4138} INFO - Setting next_dagrun for example_task_group_decorator to 2026-08-07 00:00:00+00:00, run_after=2026-08-08 00:00:00+00:00
[2026-08-08T17:42:40.773+0000] {processor.py:208} INFO - Processing /home/airflow/.local/lib/python3.12/site-packages/airflow/example_dags/example_task_group_decorator.py took 0.124 seconds
[2026-08-08T17:43:11.165+0000] {processor.py:186} INFO - Started process (PID=167) to work on /home/airflow/.local/lib/python3.12/site-packages/airflow/example_dags/example_task_group_decorator.py
[2026-08-08T17:43:11.168+0000] {processor.py:914} INFO - Processing file /home/airflow/.local/lib/python3.12/site-packages/airflow/example_dags/example_task_group_decorator.py for tasks to queue
[2026-08-08T17:43:11.177+0000] {logging_mixin.py:190} INFO - [2026-08-08T17:43:11.176+0000] {dagbag.py:587} INFO - Filling up the DagBag from /home/airflow/.local/lib/python3.12/site-packages/airflow/example_dags/example_task_group_decorator.py
[2026-08-08T17:43:11.198+0000] {processor.py:925} INFO - DAG(s) 'example_task_group_decorator' retrieved from /home/airflow/.local/lib/python3.12/site-packages/airflow/example_dags/example_task_group_decorator.py
[2026-08-08T17:43:11.235+0000] {logging_mixin.py:190} INFO - [2026-08-08T17:43:11.234+0000] {dag.py:3211} INFO - Sync 1 DAGs
[2026-08-08T17:43:11.267+0000] {logging_mixin.py:190} INFO - [2026-08-08T17:43:11.267+0000] {dag.py:4138} INFO - Setting next_dagrun for example_task_group_decorator to 2026-08-07 00:00:00+00:00, run_after=2026-08-08 00:00:00+00:00
[2026-08-08T17:43:11.294+0000] {processor.py:208} INFO - Processing /home/airflow/.local/lib/python3.12/site-packages/airflow/example_dags/example_task_group_decorator.py took 0.137 seconds
[2026-08-08T17:43:42.389+0000] {processor.py:186} INFO - Started process (PID=230) to work on /home/airflow/.local/lib/python3.12/site-packages/airflow/example_dags/example_task_group_decorator.py
[2026-08-08T17:43:42.392+0000] {processor.py:914} INFO - Processing file /home/airflow/.local/lib/python3.12/site-packages/airflow/example_dags/example_task_group_decorator.py for tasks to queue
[2026-08-08T17:43:42.395+0000] {logging_mixin.py:190} INFO - [2026-08-08T17:43:42.394+0000] {dagbag.py:587} INFO - Filling up the DagBag from /home/airflow/.local/lib/python3.12/site-packages/airflow/example_dags/example_task_group_decorator.py
[2026-08-08T17:43:42.413+0000] {processor.py:925} INFO - DAG(s) 'example_task_group_decorator' retrieved from /home/airflow/.local/lib/python3.12/site-packages/airflow/example_dags/example_task_group_decorator.py
[2026-08-08T17:43:42.462+0000] {logging_mixin.py:190} INFO - [2026-08-08T17:43:42.462+0000] {dag.py:3211} INFO - Sync 1 DAGs
[2026-08-08T17:43:42.520+0000] {logging_mixin.py:190} INFO - [2026-08-08T17:43:42.520+0000] {dag.py:4138} INFO - Setting next_dagrun for example_task_group_decorator to 2026-08-07 00:00:00+00:00, run_after=2026-08-08 00:00:00+00:00
[2026-08-08T17:43:42.572+0000] {processor.py:208} INFO - Processing /home/airflow/.local/lib/python3.12/site-packages/airflow/example_dags/example_task_group_decorator.py took 0.192 seconds
[2026-08-08T17:44:13.351+0000] {processor.py:186} INFO - Started process (PID=293) to work on /home/airflow/.local/lib/python3.12/site-packages/airflow/example_dags/example_task_group_decorator.py
[2026-08-08T17:44:13.353+0000] {processor.py:914} INFO - Processing file /home/airflow/.local/lib/python3.12/site-packages/airflow/example_dags/example_task_group_decorator.py for tasks to queue
[2026-08-08T17:44:13.357+0000] {logging_mixin.py:190} INFO - [2026-08-08T17:44:13.356+0000] {dagbag.py:587} INFO - Filling up the DagBag from /home/airflow/.local/lib/python3.12/site-packages/airflow/example_dags/example_task_group_decorator.py
[2026-08-08T17:44:13.376+0000] {processor.py:925} INFO - DAG(s) 'example_task_group_decorator' retrieved from /home/airflow/.local/lib/python3.12/site-packages/airflow/example_dags/example_task_group_decorator.py
[2026-08-08T17:44:13.417+0000] {logging_mixin.py:190} INFO - [2026-08-08T17:44:13.417+0000] {dag.py:3211} INFO - Sync 1 DAGs
[2026-08-08T17:44:13.454+0000] {logging_mixin.py:190} INFO - [2026-08-08T17:44:13.454+0000] {dag.py:4138} INFO - Setting next_dagrun for example_task_group_decorator to 2026-08-07 00:00:00+00:00, run_after=2026-08-08 00:00:00+00:00
[2026-08-08T17:44:13.489+0000] {processor.py:208} INFO - Processing /home/airflow/.local/lib/python3.12/site-packages/airflow/example_dags/example_task_group_decorator.py took 0.146 seconds
[2026-08-08T17:44:44.067+0000] {processor.py:186} INFO - Started process (PID=356) to work on /home/airflow/.local/lib/python3.12/site-packages/airflow/example_dags/example_task_group_decorator.py
[2026-08-08T17:44:44.068+0000] {processor.py:914} INFO - Processing file /home/airflow/.local/lib/python3.12/site-packages/airflow/example_dags/example_task_group_decorator.py for tasks to queue
[2026-08-08T17:44:44.070+0000] {logging_mixin.py:190} INFO - [2026-08-08T17:44:44.070+0000] {dagbag.py:587} INFO - Filling up the DagBag from /home/airflow/.local/lib/python3.12/site-packages/airflow/example_dags/example_task_group_decorator.py
[2026-08-08T17:44:44.081+0000] {processor.py:925} INFO - DAG(s) 'example_task_group_decorator' retrieved from /home/airflow/.local/lib/python3.12/site-packages/airflow/example_dags/example_task_group_decorator.py
[2026-08-08T17:44:44.101+0000] {logging_mixin.py:190} INFO - [2026-08-08T17:44:44.101+0000] {dag.py:3211} INFO - Sync 1 DAGs
[2026-08-08T17:44:44.116+0000] {logging_mixin.py:190} INFO - [2026-08-08T17:44:44.116+0000] {dag.py:4138} INFO - Setting next_dagrun for example_task_group_decorator to 2026-08-07 00:00:00+00:00, run_after=2026-08-08 00:00:00+00:00
[2026-08-08T17:44:44.131+0000] {processor.py:208} INFO - Processing /home/airflow/.local/lib/python3.12/site-packages/airflow/example_dags/example_task_group_decorator.py took 0.068 seconds
[2026-08-08T17:45:14.423+0000] {processor.py:186} INFO - Started process (PID=419) to work on /home/airflow/.local/lib/python3.12/site-packages/airflow/example_dags/example_task_group_decorator.py
[2026-08-08T17:45:14.425+0000] {processor.py:914} INFO - Processing file /home/airflow/.local/lib/python3.12/site-packages/airflow/example_dags/example_task_group_decorator.py for tasks to queue
[2026-08-08T17:45:14.427+0000] {logging_mixin.py:190} INFO - [2026-08-08T17:45:14.427+0000] {dagbag.py:587} INFO - Filling up the DagBag from /home/airflow/.local/lib/python3.12/site-packages/airflow/example_dags/example_task_group_decorator.py
[2026-08-08T17:45:14.443+0000] {processor.py:925} INFO - DAG(s) 'example_task_group_decorator' retrieved from /home/airflow/.local/lib/python3.12/site-packages/airflow/example_dags/example_task_group_decorator.py
[2026-08-08T17:45:14.466+0000] {logging_mixin.py:190} INFO - [2026-08-08T17:45:14.466+0000] {dag.py:3211} INFO - Sync 1 DAGs
[2026-08-08T17:45:14.483+0000] {logging_mixin.py:190} INFO - [2026-08-08T17:45:14.483+0000] {dag.py:4138} INFO - Setting next_dagrun for example_task_group_decorator to 2026-08-07 00:00:00+00:00, run_after=2026-08-08 00:00:00+00:00
[2026-08-08T17:45:14.500+0000] {processor.py:208} INFO - Processing /home/airflow/.local/lib/python3.12/site-packages/airflow/example_dags/example_task_group_decorator.py took 0.083 seconds
[2026-08-08T17:45:44.810+0000] {processor.py:186} INFO - Started process (PID=482) to work on /home/airflow/.local/lib/python3.12/site-packages/airflow/example_dags/example_task_group_decorator.py
[2026-08-08T17:45:44.811+0000] {processor.py:914} INFO - Processing file /home/airflow/.local/lib/python3.12/site-packages/airflow/example_dags/example_task_group_decorator.py for tasks to queue
[2026-08-08T17:45:44.813+0000] {logging_mixin.py:190} INFO - [2026-08-08T17:45:44.813+0000] {dagbag.py:587} INFO - Filling up the DagBag from /home/airflow/.local/lib/python3.12/site-packages/airflow/example_dags/example_task_group_decorator.py
[2026-08-08T17:45:44.842+0000] {processor.py:925} INFO - DAG(s) 'example_task_group_decorator' retrieved from /home/airflow/.local/lib/python3.12/site-packages/airflow/example_dags/example_task_group_decorator.py
[2026-08-08T17:45:44.875+0000] {logging_mixin.py:190} INFO - [2026-08-08T17:45:44.875+0000] {dag.py:3211} INFO - Sync 1 DAGs
[2026-08-08T17:45:44.896+0000] {logging_mixin.py:190} INFO - [2026-08-08T17:45:44.895+0000] {dag.py:4138} INFO - Setting next_dagrun for example_task_group_decorator to 2026-08-07 00:00:00+00:00, run_after=2026-08-08 00:00:00+00:00
[2026-08-08T17:45:44.917+0000] {processor.py:208} INFO - Processing /home/airflow/.local/lib/python3.12/site-packages/airflow/example_dags/example_task_group_decorator.py took 0.113 seconds
[2026-08-08T17:47:14.539+0000] {processor.py:186} INFO - Started process (PID=105) to work on /home/airflow/.local/lib/python3.12/site-packages/airflow/example_dags/example_task_group_decorator.py
[2026-08-08T17:47:14.541+0000] {processor.py:914} INFO - Processing file /home/airflow/.local/lib/python3.12/site-packages/airflow/example_dags/example_task_group_decorator.py for tasks to queue
[2026-08-08T17:47:14.543+0000] {logging_mixin.py:190} INFO - [2026-08-08T17:47:14.543+0000] {dagbag.py:587} INFO - Filling up the DagBag from /home/airflow/.local/lib/python3.12/site-packages/airflow/example_dags/example_task_group_decorator.py
[2026-08-08T17:47:14.562+0000] {processor.py:925} INFO - DAG(s) 'example_task_group_decorator' retrieved from /home/airflow/.local/lib/python3.12/site-packages/airflow/example_dags/example_task_group_decorator.py
[2026-08-08T17:47:14.588+0000] {logging_mixin.py:190} INFO - [2026-08-08T17:47:14.588+0000] {dag.py:3211} INFO - Sync 1 DAGs
[2026-08-08T17:47:14.609+0000] {logging_mixin.py:190} INFO - [2026-08-08T17:47:14.609+0000] {dag.py:4138} INFO - Setting next_dagrun for example_task_group_decorator to 2026-08-07 00:00:00+00:00, run_after=2026-08-08 00:00:00+00:00
[2026-08-08T17:47:14.630+0000] {processor.py:208} INFO - Processing /home/airflow/.local/lib/python3.12/site-packages/airflow/example_dags/example_task_group_decorator.py took 0.095 seconds
[2026-08-08T17:47:45.194+0000] {processor.py:186} INFO - Started process (PID=168) to work on /home/airflow/.local/lib/python3.12/site-packages/airflow/example_dags/example_task_group_decorator.py
[2026-08-08T17:47:45.195+0000] {processor.py:914} INFO - Processing file /home/airflow/.local/lib/python3.12/site-packages/airflow/example_dags/example_task_group_decorator.py for tasks to queue
[2026-08-08T17:47:45.197+0000] {logging_mixin.py:190} INFO - [2026-08-08T17:47:45.197+0000] {dagbag.py:587} INFO - Filling up the DagBag from /home/airflow/.local/lib/python3.12/site-packages/airflow/example_dags/example_task_group_decorator.py
[2026-08-08T17:47:45.211+0000] {processor.py:925} INFO - DAG(s) 'example_task_group_decorator' retrieved from /home/airflow/.local/lib/python3.12/site-packages/airflow/example_dags/example_task_group_decorator.py
[2026-08-08T17:47:45.236+0000] {logging_mixin.py:190} INFO - [2026-08-08T17:47:45.235+0000] {dag.py:3211} INFO - Sync 1 DAGs
[2026-08-08T17:47:45.256+0000] {logging_mixin.py:190} INFO - [2026-08-08T17:47:45.256+0000] {dag.py:4138} INFO - Setting next_dagrun for example_task_group_decorator to 2026-08-07 00:00:00+00:00, run_after=2026-08-08 00:00:00+00:00
[2026-08-08T17:47:45.274+0000] {processor.py:208} INFO - Processing /home/airflow/.local/lib/python3.12/site-packages/airflow/example_dags/example_task_group_decorator.py took 0.085 seconds
[2026-08-08T17:48:16.674+0000] {processor.py:186} INFO - Started process (PID=237) to work on /home/airflow/.local/lib/python3.12/site-packages/airflow/example_dags/example_task_group_decorator.py
[2026-08-08T17:48:16.675+0000] {processor.py:914} INFO - Processing file /home/airflow/.local/lib/python3.12/site-packages/airflow/example_dags/example_task_group_decorator.py for tasks to queue
[2026-08-08T17:48:16.677+0000] {logging_mixin.py:190} INFO - [2026-08-08T17:48:16.677+0000] {dagbag.py:587} INFO - Filling up the DagBag from /home/airflow/.local/lib/python3.12/site-packages/airflow/example_dags/example_task_group_decorator.py
[2026-08-08T17:48:16.692+0000] {processor.py:925} INFO - DAG(s) 'example_task_group_decorator' retrieved from /home/airflow/.local/lib/python3.12/site-packages/airflow/example_dags/example_task_group_decorator.py
[2026-08-08T17:48:16.715+0000] {logging_mixin.py:190} INFO - [2026-08-08T17:48:16.715+0000] {dag.py:3211} INFO - Sync 1 DAGs
[2026-08-08T17:48:16.734+0000] {logging_mixin.py:190} INFO - [2026-08-08T17:48:16.734+0000] {dag.py:4138} INFO - Setting next_dagrun for example_task_group_decorator to 2026-08-07 00:00:00+00:00, run_after=2026-08-08 00:00:00+00:00
[2026-08-08T17:48:16.760+0000] {processor.py:208} INFO - Processing /home/airflow/.local/lib/python3.12/site-packages/airflow/example_dags/example_task_group_decorator.py took 0.094 seconds
[2026-08-08T17:48:47.150+0000] {processor.py:186} INFO - Started process (PID=300) to work on /home/airflow/.local/lib/python3.12/site-packages/airflow/example_dags/example_task_group_decorator.py
[2026-08-08T17:48:47.151+0000] {processor.py:914} INFO - Processing file /home/airflow/.local/lib/python3.12/site-packages/airflow/example_dags/example_task_group_decorator.py for tasks to queue
[2026-08-08T17:48:47.154+0000] {logging_mixin.py:190} INFO - [2026-08-08T17:48:47.154+0000] {dagbag.py:587} INFO - Filling up the DagBag from /home/airflow/.local/lib/python3.12/site-packages/airflow/example_dags/example_task_group_decorator.py
[2026-08-08T17:48:47.172+0000] {processor.py:925} INFO - DAG(s) 'example_task_group_decorator' retrieved from /home/airflow/.local/lib/python3.12/site-packages/airflow/example_dags/example_task_group_decorator.py
[2026-08-08T17:48:47.205+0000] {logging_mixin.py:190} INFO - [2026-08-08T17:48:47.204+0000] {dag.py:3211} INFO - Sync 1 DAGs
[2026-08-08T17:48:47.229+0000] {logging_mixin.py:190} INFO - [2026-08-08T17:48:47.229+0000] {dag.py:4138} INFO - Setting next_dagrun for example_task_group_decorator to 2026-08-07 00:00:00+00:00, run_after=2026-08-08 00:00:00+00:00
[2026-08-08T17:48:47.251+0000] {processor.py:208} INFO - Processing /home/airflow/.local/lib/python3.12/site-packages/airflow/example_dags/example_task_group_decorator.py took 0.109 seconds
[2026-08-08T17:52:38.301+0000] {processor.py:186} INFO - Started process (PID=104) to work on /home/airflow/.local/lib/python3.12/site-packages/airflow/example_dags/example_task_group_decorator.py
[2026-08-08T17:52:38.303+0000] {processor.py:914} INFO - Processing file /home/airflow/.local/lib/python3.12/site-packages/airflow/example_dags/example_task_group_decorator.py for tasks to queue
[2026-08-08T17:52:38.306+0000] {logging_mixin.py:190} INFO - [2026-08-08T17:52:38.306+0000] {dagbag.py:587} INFO - Filling up the DagBag from /home/airflow/.local/lib/python3.12/site-packages/airflow/example_dags/example_task_group_decorator.py
[2026-08-08T17:52:38.329+0000] {processor.py:925} INFO - DAG(s) 'example_task_group_decorator' retrieved from /home/airflow/.local/lib/python3.12/site-packages/airflow/example_dags/example_task_group_decorator.py
[2026-08-08T17:52:38.357+0000] {logging_mixin.py:190} INFO - [2026-08-08T17:52:38.357+0000] {dag.py:3211} INFO - Sync 1 DAGs
[2026-08-08T17:52:38.389+0000] {logging_mixin.py:190} INFO - [2026-08-08T17:52:38.388+0000] {dag.py:4138} INFO - Setting next_dagrun for example_task_group_decorator to 2026-08-07 00:00:00+00:00, run_after=2026-08-08 00:00:00+00:00
[2026-08-08T17:52:38.412+0000] {processor.py:208} INFO - Processing /home/airflow/.local/lib/python3.12/site-packages/airflow/example_dags/example_task_group_decorator.py took 0.117 seconds
[2026-08-08T17:53:08.911+0000] {processor.py:186} INFO - Started process (PID=167) to work on /home/airflow/.local/lib/python3.12/site-packages/airflow/example_dags/example_task_group_decorator.py
[2026-08-08T17:53:08.912+0000] {processor.py:914} INFO - Processing file /home/airflow/.local/lib/python3.12/site-packages/airflow/example_dags/example_task_group_decorator.py for tasks to queue
[2026-08-08T17:53:08.915+0000] {logging_mixin.py:190} INFO - [2026-08-08T17:53:08.915+0000] {dagbag.py:587} INFO - Filling up the DagBag from /home/airflow/.local/lib/python3.12/site-packages/airflow/example_dags/example_task_group_decorator.py
[2026-08-08T17:53:08.926+0000] {processor.py:925} INFO - DAG(s) 'example_task_group_decorator' retrieved from /home/airflow/.local/lib/python3.12/site-packages/airflow/example_dags/example_task_group_decorator.py
[2026-08-08T17:53:08.948+0000] {logging_mixin.py:190} INFO - [2026-08-08T17:53:08.947+0000] {dag.py:3211} INFO - Sync 1 DAGs
[2026-08-08T17:53:08.966+0000] {logging_mixin.py:190} INFO - [2026-08-08T17:53:08.966+0000] {dag.py:4138} INFO - Setting next_dagrun for example_task_group_decorator to 2026-08-07 00:00:00+00:00, run_after=2026-08-08 00:00:00+00:00
[2026-08-08T17:53:08.987+0000] {processor.py:208} INFO - Processing /home/airflow/.local/lib/python3.12/site-packages/airflow/example_dags/example_task_group_decorator.py took 0.082 seconds
[2026-08-08T17:53:39.359+0000] {processor.py:186} INFO - Started process (PID=230) to work on /home/airflow/.local/lib/python3.12/site-packages/airflow/example_dags/example_task_group_decorator.py
[2026-08-08T17:53:39.361+0000] {processor.py:914} INFO - Processing file /home/airflow/.local/lib/python3.12/site-packages/airflow/example_dags/example_task_group_decorator.py for tasks to queue
[2026-08-08T17:53:39.365+0000] {logging_mixin.py:190} INFO - [2026-08-08T17:53:39.364+0000] {dagbag.py:587} INFO - Filling up the DagBag from /home/airflow/.local/lib/python3.12/site-packages/airflow/example_dags/example_task_group_decorator.py
[2026-08-08T17:53:39.378+0000] {processor.py:925} INFO - DAG(s) 'example_task_group_decorator' retrieved from /home/airflow/.local/lib/python3.12/site-packages/airflow/example_dags/example_task_group_decorator.py
[2026-08-08T17:53:39.402+0000] {logging_mixin.py:190} INFO - [2026-08-08T17:53:39.402+0000] {dag.py:3211} INFO - Sync 1 DAGs
[2026-08-08T17:53:39.422+0000] {logging_mixin.py:190} INFO - [2026-08-08T17:53:39.422+0000] {dag.py:4138} INFO - Setting next_dagrun for example_task_group_decorator to 2026-08-07 00:00:00+00:00, run_after=2026-08-08 00:00:00+00:00
[2026-08-08T17:53:39.446+0000] {processor.py:208} INFO - Processing /home/airflow/.local/lib/python3.12/site-packages/airflow/example_dags/example_task_group_decorator.py took 0.093 seconds
[2026-08-08T17:54:10.328+0000] {processor.py:186} INFO - Started process (PID=293) to work on /home/airflow/.local/lib/python3.12/site-packages/airflow/example_dags/example_task_group_decorator.py
[2026-08-08T17:54:10.331+0000] {processor.py:914} INFO - Processing file /home/airflow/.local/lib/python3.12/site-packages/airflow/example_dags/example_task_group_decorator.py for tasks to queue
[2026-08-08T17:54:10.336+0000] {logging_mixin.py:190} INFO - [2026-08-08T17:54:10.336+0000] {dagbag.py:587} INFO - Filling up the DagBag from /home/airflow/.local/lib/python3.12/site-packages/airflow/example_dags/example_task_group_decorator.py
[2026-08-08T17:54:10.360+0000] {processor.py:925} INFO - DAG(s) 'example_task_group_decorator' retrieved from /home/airflow/.local/lib/python3.12/site-packages/airflow/example_dags/example_task_group_decorator.py
[2026-08-08T17:54:10.400+0000] {logging_mixin.py:190} INFO - [2026-08-08T17:54:10.400+0000] {dag.py:3211} INFO - Sync 1 DAGs
[2026-08-08T17:54:10.436+0000] {logging_mixin.py:190} INFO - [2026-08-08T17:54:10.435+0000] {dag.py:4138} INFO - Setting next_dagrun for example_task_group_decorator to 2026-08-07 00:00:00+00:00, run_after=2026-08-08 00:00:00+00:00
[2026-08-08T17:54:10.467+0000] {processor.py:208} INFO - Processing /home/airflow/.local/lib/python3.12/site-packages/airflow/example_dags/example_task_group_decorator.py took 0.150 seconds
[2026-08-08T17:54:41.127+0000] {processor.py:186} INFO - Started process (PID=356) to work on /home/airflow/.local/lib/python3.12/site-packages/airflow/example_dags/example_task_group_decorator.py
[2026-08-08T17:54:41.129+0000] {processor.py:914} INFO - Processing file /home/airflow/.local/lib/python3.12/site-packages/airflow/example_dags/example_task_group_decorator.py for tasks to queue
[2026-08-08T17:54:41.133+0000] {logging_mixin.py:190} INFO - [2026-08-08T17:54:41.132+0000] {dagbag.py:587} INFO - Filling up the DagBag from /home/airflow/.local/lib/python3.12/site-packages/airflow/example_dags/example_task_group_decorator.py
[2026-08-08T17:54:41.161+0000] {processor.py:925} INFO - DAG(s) 'example_task_group_decorator' retrieved from /home/airflow/.local/lib/python3.12/site-packages/airflow/example_dags/example_task_group_decorator.py
[2026-08-08T17:54:41.199+0000] {logging_mixin.py:190} INFO - [2026-08-08T17:54:41.199+0000] {dag.py:3211} INFO - Sync 1 DAGs
[2026-08-08T17:54:41.240+0000] {logging_mixin.py:190} INFO - [2026-08-08T17:54:41.240+0000] {dag.py:4138} INFO - Setting next_dagrun for example_task_group_decorator to 2026-08-07 00:00:00+00:00, run_after=2026-08-08 00:00:00+00:00
[2026-08-08T17:54:41.271+0000] {processor.py:208} INFO - Processing /home/airflow/.local/lib/python3.12/site-packages/airflow/example_dags/example_task_group_decorator.py took 0.151 seconds
[2026-08-08T17:55:11.396+0000] {processor.py:186} INFO - Started process (PID=419) to work on /home/airflow/.local/lib/python3.12/site-packages/airflow/example_dags/example_task_group_decorator.py
[2026-08-08T17:55:11.397+0000] {processor.py:914} INFO - Processing file /home/airflow/.local/lib/python3.12/site-packages/airflow/example_dags/example_task_group_decorator.py for tasks to queue
[2026-08-08T17:55:11.400+0000] {logging_mixin.py:190} INFO - [2026-08-08T17:55:11.400+0000] {dagbag.py:587} INFO - Filling up the DagBag from /home/airflow/.local/lib/python3.12/site-packages/airflow/example_dags/example_task_group_decorator.py
[2026-08-08T17:55:11.416+0000] {processor.py:925} INFO - DAG(s) 'example_task_group_decorator' retrieved from /home/airflow/.local/lib/python3.12/site-packages/airflow/example_dags/example_task_group_decorator.py
[2026-08-08T17:55:11.439+0000] {logging_mixin.py:190} INFO - [2026-08-08T17:55:11.439+0000] {dag.py:3211} INFO - Sync 1 DAGs
[2026-08-08T17:55:11.458+0000] {logging_mixin.py:190} INFO - [2026-08-08T17:55:11.457+0000] {dag.py:4138} INFO - Setting next_dagrun for example_task_group_decorator to 2026-08-07 00:00:00+00:00, run_after=2026-08-08 00:00:00+00:00
[2026-08-08T17:55:11.477+0000] {processor.py:208} INFO - Processing /home/airflow/.local/lib/python3.12/site-packages/airflow/example_dags/example_task_group_decorator.py took 0.087 seconds
[2026-08-08T17:55:42.020+0000] {processor.py:186} INFO - Started process (PID=482) to work on /home/airflow/.local/lib/python3.12/site-packages/airflow/example_dags/example_task_group_decorator.py
[2026-08-08T17:55:42.021+0000] {processor.py:914} INFO - Processing file /home/airflow/.local/lib/python3.12/site-packages/airflow/example_dags/example_task_group_decorator.py for tasks to queue
[2026-08-08T17:55:42.024+0000] {logging_mixin.py:190} INFO - [2026-08-08T17:55:42.024+0000] {dagbag.py:587} INFO - Filling up the DagBag from /home/airflow/.local/lib/python3.12/site-packages/airflow/example_dags/example_task_group_decorator.py
[2026-08-08T17:55:42.038+0000] {processor.py:925} INFO - DAG(s) 'example_task_group_decorator' retrieved from /home/airflow/.local/lib/python3.12/site-packages/airflow/example_dags/example_task_group_decorator.py
[2026-08-08T17:55:42.059+0000] {logging_mixin.py:190} INFO - [2026-08-08T17:55:42.059+0000] {dag.py:3211} INFO - Sync 1 DAGs
[2026-08-08T17:55:42.078+0000] {logging_mixin.py:190} INFO - [2026-08-08T17:55:42.078+0000] {dag.py:4138} INFO - Setting next_dagrun for example_task_group_decorator to 2026-08-07 00:00:00+00:00, run_after=2026-08-08 00:00:00+00:00
[2026-08-08T17:55:42.096+0000] {processor.py:208} INFO - Processing /home/airflow/.local/lib/python3.12/site-packages/airflow/example_dags/example_task_group_decorator.py took 0.081 seconds
[2026-08-08T17:56:12.337+0000] {processor.py:186} INFO - Started process (PID=545) to work on /home/airflow/.local/lib/python3.12/site-packages/airflow/example_dags/example_task_group_decorator.py
[2026-08-08T17:56:12.339+0000] {processor.py:914} INFO - Processing file /home/airflow/.local/lib/python3.12/site-packages/airflow/example_dags/example_task_group_decorator.py for tasks to queue
[2026-08-08T17:56:12.341+0000] {logging_mixin.py:190} INFO - [2026-08-08T17:56:12.341+0000] {dagbag.py:587} INFO - Filling up the DagBag from /home/airflow/.local/lib/python3.12/site-packages/airflow/example_dags/example_task_group_decorator.py
[2026-08-08T17:56:12.355+0000] {processor.py:925} INFO - DAG(s) 'example_task_group_decorator' retrieved from /home/airflow/.local/lib/python3.12/site-packages/airflow/example_dags/example_task_group_decorator.py
[2026-08-08T17:56:12.374+0000] {logging_mixin.py:190} INFO - [2026-08-08T17:56:12.374+0000] {dag.py:3211} INFO - Sync 1 DAGs
[2026-08-08T17:56:12.393+0000] {logging_mixin.py:190} INFO - [2026-08-08T17:56:12.393+0000] {dag.py:4138} INFO - Setting next_dagrun for example_task_group_decorator to 2026-08-07 00:00:00+00:00, run_after=2026-08-08 00:00:00+00:00
[2026-08-08T17:56:12.411+0000] {processor.py:208} INFO - Processing /home/airflow/.local/lib/python3.12/site-packages/airflow/example_dags/example_task_group_decorator.py took 0.080 seconds
[2026-08-08T17:56:42.858+0000] {processor.py:186} INFO - Started process (PID=608) to work on /home/airflow/.local/lib/python3.12/site-packages/airflow/example_dags/example_task_group_decorator.py
[2026-08-08T17:56:42.859+0000] {processor.py:914} INFO - Processing file /home/airflow/.local/lib/python3.12/site-packages/airflow/example_dags/example_task_group_decorator.py for tasks to queue
[2026-08-08T17:56:42.862+0000] {logging_mixin.py:190} INFO - [2026-08-08T17:56:42.862+0000] {dagbag.py:587} INFO - Filling up the DagBag from /home/airflow/.local/lib/python3.12/site-packages/airflow/example_dags/example_task_group_decorator.py
[2026-08-08T17:56:42.876+0000] {processor.py:925} INFO - DAG(s) 'example_task_group_decorator' retrieved from /home/airflow/.local/lib/python3.12/site-packages/airflow/example_dags/example_task_group_decorator.py
[2026-08-08T17:56:42.898+0000] {logging_mixin.py:190} INFO - [2026-08-08T17:56:42.898+0000] {dag.py:3211} INFO - Sync 1 DAGs
[2026-08-08T17:56:42.916+0000] {logging_mixin.py:190} INFO - [2026-08-08T17:56:42.916+0000] {dag.py:4138} INFO - Setting next_dagrun for example_task_group_decorator to 2026-08-07 00:00:00+00:00, run_after=2026-08-08 00:00:00+00:00
[2026-08-08T17:56:42.934+0000] {processor.py:208} INFO - Processing /home/airflow/.local/lib/python3.12/site-packages/airflow/example_dags/example_task_group_decorator.py took 0.081 seconds
[2026-08-08T17:57:13.658+0000] {processor.py:186} INFO - Started process (PID=672) to work on /home/airflow/.local/lib/python3.12/site-packages/airflow/example_dags/example_task_group_decorator.py
[2026-08-08T17:57:13.660+0000] {processor.py:914} INFO - Processing file /home/airflow/.local/lib/python3.12/site-packages/airflow/example_dags/example_task_group_decorator.py for tasks to queue
[2026-08-08T17:57:13.665+0000] {logging_mixin.py:190} INFO - [2026-08-08T17:57:13.665+0000] {dagbag.py:587} INFO - Filling up the DagBag from /home/airflow/.local/lib/python3.12/site-packages/airflow/example_dags/example_task_group_decorator.py
[2026-08-08T17:57:13.694+0000] {processor.py:925} INFO - DAG(s) 'example_task_group_decorator' retrieved from /home/airflow/.local/lib/python3.12/site-packages/airflow/example_dags/example_task_group_decorator.py
[2026-08-08T17:57:13.732+0000] {logging_mixin.py:190} INFO - [2026-08-08T17:57:13.732+0000] {dag.py:3211} INFO - Sync 1 DAGs
[2026-08-08T17:57:13.769+0000] {logging_mixin.py:190} INFO - [2026-08-08T17:57:13.768+0000] {dag.py:4138} INFO - Setting next_dagrun for example_task_group_decorator to 2026-08-07 00:00:00+00:00, run_after=2026-08-08 00:00:00+00:00
[2026-08-08T17:57:13.799+0000] {processor.py:208} INFO - Processing /home/airflow/.local/lib/python3.12/site-packages/airflow/example_dags/example_task_group_decorator.py took 0.154 seconds
[2026-08-08T18:08:19.755+0000] {processor.py:186} INFO - Started process (PID=734) to work on /home/airflow/.local/lib/python3.12/site-packages/airflow/example_dags/example_task_group_decorator.py
[2026-08-08T18:08:19.758+0000] {processor.py:914} INFO - Processing file /home/airflow/.local/lib/python3.12/site-packages/airflow/example_dags/example_task_group_decorator.py for tasks to queue
[2026-08-08T18:08:19.763+0000] {logging_mixin.py:190} INFO - [2026-08-08T18:08:19.763+0000] {dagbag.py:587} INFO - Filling up the DagBag from /home/airflow/.local/lib/python3.12/site-packages/airflow/example_dags/example_task_group_decorator.py
[2026-08-08T18:08:19.792+0000] {processor.py:925} INFO - DAG(s) 'example_task_group_decorator' retrieved from /home/airflow/.local/lib/python3.12/site-packages/airflow/example_dags/example_task_group_decorator.py
[2026-08-08T18:08:19.833+0000] {logging_mixin.py:190} INFO - [2026-08-08T18:08:19.833+0000] {dag.py:3211} INFO - Sync 1 DAGs
[2026-08-08T18:08:19.872+0000] {logging_mixin.py:190} INFO - [2026-08-08T18:08:19.872+0000] {dag.py:4138} INFO - Setting next_dagrun for example_task_group_decorator to 2026-08-07 00:00:00+00:00, run_after=2026-08-08 00:00:00+00:00
[2026-08-08T18:08:19.915+0000] {processor.py:208} INFO - Processing /home/airflow/.local/lib/python3.12/site-packages/airflow/example_dags/example_task_group_decorator.py took 0.170 seconds
[2026-08-08T18:08:50.177+0000] {processor.py:186} INFO - Started process (PID=797) to work on /home/airflow/.local/lib/python3.12/site-packages/airflow/example_dags/example_task_group_decorator.py
[2026-08-08T18:08:50.181+0000] {processor.py:914} INFO - Processing file /home/airflow/.local/lib/python3.12/site-packages/airflow/example_dags/example_task_group_decorator.py for tasks to queue
[2026-08-08T18:08:50.185+0000] {logging_mixin.py:190} INFO - [2026-08-08T18:08:50.184+0000] {dagbag.py:587} INFO - Filling up the DagBag from /home/airflow/.local/lib/python3.12/site-packages/airflow/example_dags/example_task_group_decorator.py
[2026-08-08T18:08:50.208+0000] {processor.py:925} INFO - DAG(s) 'example_task_group_decorator' retrieved from /home/airflow/.local/lib/python3.12/site-packages/airflow/example_dags/example_task_group_decorator.py
[2026-08-08T18:08:50.245+0000] {logging_mixin.py:190} INFO - [2026-08-08T18:08:50.245+0000] {dag.py:3211} INFO - Sync 1 DAGs
[2026-08-08T18:08:50.277+0000] {logging_mixin.py:190} INFO - [2026-08-08T18:08:50.277+0000] {dag.py:4138} INFO - Setting next_dagrun for example_task_group_decorator to 2026-08-07 00:00:00+00:00, run_after=2026-08-08 00:00:00+00:00
[2026-08-08T18:08:50.307+0000] {processor.py:208} INFO - Processing /home/airflow/.local/lib/python3.12/site-packages/airflow/example_dags/example_task_group_decorator.py took 0.140 seconds
[2026-08-08T18:09:21.166+0000] {processor.py:186} INFO - Started process (PID=860) to work on /home/airflow/.local/lib/python3.12/site-packages/airflow/example_dags/example_task_group_decorator.py
[2026-08-08T18:09:21.169+0000] {processor.py:914} INFO - Processing file /home/airflow/.local/lib/python3.12/site-packages/airflow/example_dags/example_task_group_decorator.py for tasks to queue
[2026-08-08T18:09:21.174+0000] {logging_mixin.py:190} INFO - [2026-08-08T18:09:21.173+0000] {dagbag.py:587} INFO - Filling up the DagBag from /home/airflow/.local/lib/python3.12/site-packages/airflow/example_dags/example_task_group_decorator.py
[2026-08-08T18:09:21.206+0000] {processor.py:925} INFO - DAG(s) 'example_task_group_decorator' retrieved from /home/airflow/.local/lib/python3.12/site-packages/airflow/example_dags/example_task_group_decorator.py
[2026-08-08T18:09:21.249+0000] {logging_mixin.py:190} INFO - [2026-08-08T18:09:21.248+0000] {dag.py:3211} INFO - Sync 1 DAGs
[2026-08-08T18:09:21.290+0000] {logging_mixin.py:190} INFO - [2026-08-08T18:09:21.290+0000] {dag.py:4138} INFO - Setting next_dagrun for example_task_group_decorator to 2026-08-07 00:00:00+00:00, run_after=2026-08-08 00:00:00+00:00
[2026-08-08T18:09:21.325+0000] {processor.py:208} INFO - Processing /home/airflow/.local/lib/python3.12/site-packages/airflow/example_dags/example_task_group_decorator.py took 0.170 seconds
[2026-08-08T18:09:51.679+0000] {processor.py:186} INFO - Started process (PID=923) to work on /home/airflow/.local/lib/python3.12/site-packages/airflow/example_dags/example_task_group_decorator.py
[2026-08-08T18:09:51.681+0000] {processor.py:914} INFO - Processing file /home/airflow/.local/lib/python3.12/site-packages/airflow/example_dags/example_task_group_decorator.py for tasks to queue
[2026-08-08T18:09:51.684+0000] {logging_mixin.py:190} INFO - [2026-08-08T18:09:51.684+0000] {dagbag.py:587} INFO - Filling up the DagBag from /home/airflow/.local/lib/python3.12/site-packages/airflow/example_dags/example_task_group_decorator.py
[2026-08-08T18:09:51.703+0000] {processor.py:925} INFO - DAG(s) 'example_task_group_decorator' retrieved from /home/airflow/.local/lib/python3.12/site-packages/airflow/example_dags/example_task_group_decorator.py
[2026-08-08T18:09:51.737+0000] {logging_mixin.py:190} INFO - [2026-08-08T18:09:51.737+0000] {dag.py:3211} INFO - Sync 1 DAGs
[2026-08-08T18:09:51.771+0000] {logging_mixin.py:190} INFO - [2026-08-08T18:09:51.770+0000] {dag.py:4138} INFO - Setting next_dagrun for example_task_group_decorator to 2026-08-07 00:00:00+00:00, run_after=2026-08-08 00:00:00+00:00
[2026-08-08T18:09:51.803+0000] {processor.py:208} INFO - Processing /home/airflow/.local/lib/python3.12/site-packages/airflow/example_dags/example_task_group_decorator.py took 0.130 seconds
[2026-08-08T18:10:22.121+0000] {processor.py:186} INFO - Started process (PID=987) to work on /home/airflow/.local/lib/python3.12/site-packages/airflow/example_dags/example_task_group_decorator.py
[2026-08-08T18:10:22.123+0000] {processor.py:914} INFO - Processing file /home/airflow/.local/lib/python3.12/site-packages/airflow/example_dags/example_task_group_decorator.py for tasks to queue
[2026-08-08T18:10:22.127+0000] {logging_mixin.py:190} INFO - [2026-08-08T18:10:22.127+0000] {dagbag.py:587} INFO - Filling up the DagBag from /home/airflow/.local/lib/python3.12/site-packages/airflow/example_dags/example_task_group_decorator.py
[2026-08-08T18:10:22.150+0000] {processor.py:925} INFO - DAG(s) 'example_task_group_decorator' retrieved from /home/airflow/.local/lib/python3.12/site-packages/airflow/example_dags/example_task_group_decorator.py
[2026-08-08T18:10:22.184+0000] {logging_mixin.py:190} INFO - [2026-08-08T18:10:22.184+0000] {dag.py:3211} INFO - Sync 1 DAGs
[2026-08-08T18:10:22.214+0000] {logging_mixin.py:190} INFO - [2026-08-08T18:10:22.214+0000] {dag.py:4138} INFO - Setting next_dagrun for example_task_group_decorator to 2026-08-07 00:00:00+00:00, run_after=2026-08-08 00:00:00+00:00
[2026-08-08T18:10:22.245+0000] {processor.py:208} INFO - Processing /home/airflow/.local/lib/python3.12/site-packages/airflow/example_dags/example_task_group_decorator.py took 0.134 seconds
[2026-08-08T18:10:53.025+0000] {processor.py:186} INFO - Started process (PID=1049) to work on /home/airflow/.local/lib/python3.12/site-packages/airflow/example_dags/example_task_group_decorator.py
[2026-08-08T18:10:53.027+0000] {processor.py:914} INFO - Processing file /home/airflow/.local/lib/python3.12/site-packages/airflow/example_dags/example_task_group_decorator.py for tasks to queue
[2026-08-08T18:10:53.030+0000] {logging_mixin.py:190} INFO - [2026-08-08T18:10:53.030+0000] {dagbag.py:587} INFO - Filling up the DagBag from /home/airflow/.local/lib/python3.12/site-packages/airflow/example_dags/example_task_group_decorator.py
[2026-08-08T18:10:53.044+0000] {processor.py:925} INFO - DAG(s) 'example_task_group_decorator' retrieved from /home/airflow/.local/lib/python3.12/site-packages/airflow/example_dags/example_task_group_decorator.py
[2026-08-08T18:10:53.067+0000] {logging_mixin.py:190} INFO - [2026-08-08T18:10:53.067+0000] {dag.py:3211} INFO - Sync 1 DAGs
[2026-08-08T18:10:53.089+0000] {logging_mixin.py:190} INFO - [2026-08-08T18:10:53.088+0000] {dag.py:4138} INFO - Setting next_dagrun for example_task_group_decorator to 2026-08-07 00:00:00+00:00, run_after=2026-08-08 00:00:00+00:00
[2026-08-08T18:10:53.106+0000] {processor.py:208} INFO - Processing /home/airflow/.local/lib/python3.12/site-packages/airflow/example_dags/example_task_group_decorator.py took 0.087 seconds
[2026-08-08T18:11:23.386+0000] {processor.py:186} INFO - Started process (PID=1112) to work on /home/airflow/.local/lib/python3.12/site-packages/airflow/example_dags/example_task_group_decorator.py
[2026-08-08T18:11:23.388+0000] {processor.py:914} INFO - Processing file /home/airflow/.local/lib/python3.12/site-packages/airflow/example_dags/example_task_group_decorator.py for tasks to queue
[2026-08-08T18:11:23.392+0000] {logging_mixin.py:190} INFO - [2026-08-08T18:11:23.391+0000] {dagbag.py:587} INFO - Filling up the DagBag from /home/airflow/.local/lib/python3.12/site-packages/airflow/example_dags/example_task_group_decorator.py
[2026-08-08T18:11:23.415+0000] {processor.py:925} INFO - DAG(s) 'example_task_group_decorator' retrieved from /home/airflow/.local/lib/python3.12/site-packages/airflow/example_dags/example_task_group_decorator.py
[2026-08-08T18:11:23.451+0000] {logging_mixin.py:190} INFO - [2026-08-08T18:11:23.451+0000] {dag.py:3211} INFO - Sync 1 DAGs
[2026-08-08T18:11:23.483+0000] {logging_mixin.py:190} INFO - [2026-08-08T18:11:23.483+0000] {dag.py:4138} INFO - Setting next_dagrun for example_task_group_decorator to 2026-08-07 00:00:00+00:00, run_after=2026-08-08 00:00:00+00:00
[2026-08-08T18:11:23.518+0000] {processor.py:208} INFO - Processing /home/airflow/.local/lib/python3.12/site-packages/airflow/example_dags/example_task_group_decorator.py took 0.140 seconds
[2026-08-08T18:11:53.611+0000] {processor.py:186} INFO - Started process (PID=1175) to work on /home/airflow/.local/lib/python3.12/site-packages/airflow/example_dags/example_task_group_decorator.py
[2026-08-08T18:11:53.613+0000] {processor.py:914} INFO - Processing file /home/airflow/.local/lib/python3.12/site-packages/airflow/example_dags/example_task_group_decorator.py for tasks to queue
[2026-08-08T18:11:53.616+0000] {logging_mixin.py:190} INFO - [2026-08-08T18:11:53.616+0000] {dagbag.py:587} INFO - Filling up the DagBag from /home/airflow/.local/lib/python3.12/site-packages/airflow/example_dags/example_task_group_decorator.py
[2026-08-08T18:11:53.632+0000] {processor.py:925} INFO - DAG(s) 'example_task_group_decorator' retrieved from /home/airflow/.local/lib/python3.12/site-packages/airflow/example_dags/example_task_group_decorator.py
[2026-08-08T18:11:53.654+0000] {logging_mixin.py:190} INFO - [2026-08-08T18:11:53.654+0000] {dag.py:3211} INFO - Sync 1 DAGs
[2026-08-08T18:11:53.674+0000] {logging_mixin.py:190} INFO - [2026-08-08T18:11:53.674+0000] {dag.py:4138} INFO - Setting next_dagrun for example_task_group_decorator to 2026-08-07 00:00:00+00:00, run_after=2026-08-08 00:00:00+00:00
[2026-08-08T18:11:53.695+0000] {processor.py:208} INFO - Processing /home/airflow/.local/lib/python3.12/site-packages/airflow/example_dags/example_task_group_decorator.py took 0.091 seconds
[2026-08-08T18:13:08.481+0000] {processor.py:186} INFO - Started process (PID=110) to work on /home/airflow/.local/lib/python3.12/site-packages/airflow/example_dags/example_task_group_decorator.py
[2026-08-08T18:13:08.483+0000] {processor.py:914} INFO - Processing file /home/airflow/.local/lib/python3.12/site-packages/airflow/example_dags/example_task_group_decorator.py for tasks to queue
[2026-08-08T18:13:08.486+0000] {logging_mixin.py:190} INFO - [2026-08-08T18:13:08.485+0000] {dagbag.py:587} INFO - Filling up the DagBag from /home/airflow/.local/lib/python3.12/site-packages/airflow/example_dags/example_task_group_decorator.py
[2026-08-08T18:13:08.504+0000] {processor.py:925} INFO - DAG(s) 'example_task_group_decorator' retrieved from /home/airflow/.local/lib/python3.12/site-packages/airflow/example_dags/example_task_group_decorator.py
[2026-08-08T18:13:08.534+0000] {logging_mixin.py:190} INFO - [2026-08-08T18:13:08.534+0000] {dag.py:3211} INFO - Sync 1 DAGs
[2026-08-08T18:13:08.558+0000] {logging_mixin.py:190} INFO - [2026-08-08T18:13:08.558+0000] {dag.py:4138} INFO - Setting next_dagrun for example_task_group_decorator to 2026-08-07 00:00:00+00:00, run_after=2026-08-08 00:00:00+00:00
[2026-08-08T18:13:08.596+0000] {processor.py:208} INFO - Processing /home/airflow/.local/lib/python3.12/site-packages/airflow/example_dags/example_task_group_decorator.py took 0.121 seconds
[2026-08-08T18:13:38.766+0000] {processor.py:186} INFO - Started process (PID=173) to work on /home/airflow/.local/lib/python3.12/site-packages/airflow/example_dags/example_task_group_decorator.py
[2026-08-08T18:13:38.767+0000] {processor.py:914} INFO - Processing file /home/airflow/.local/lib/python3.12/site-packages/airflow/example_dags/example_task_group_decorator.py for tasks to queue
[2026-08-08T18:13:38.769+0000] {logging_mixin.py:190} INFO - [2026-08-08T18:13:38.769+0000] {dagbag.py:587} INFO - Filling up the DagBag from /home/airflow/.local/lib/python3.12/site-packages/airflow/example_dags/example_task_group_decorator.py
[2026-08-08T18:13:38.784+0000] {processor.py:925} INFO - DAG(s) 'example_task_group_decorator' retrieved from /home/airflow/.local/lib/python3.12/site-packages/airflow/example_dags/example_task_group_decorator.py
[2026-08-08T18:13:38.806+0000] {logging_mixin.py:190} INFO - [2026-08-08T18:13:38.806+0000] {dag.py:3211} INFO - Sync 1 DAGs
[2026-08-08T18:13:38.826+0000] {logging_mixin.py:190} INFO - [2026-08-08T18:13:38.826+0000] {dag.py:4138} INFO - Setting next_dagrun for example_task_group_decorator to 2026-08-07 00:00:00+00:00, run_after=2026-08-08 00:00:00+00:00
[2026-08-08T18:13:38.845+0000] {processor.py:208} INFO - Processing /home/airflow/.local/lib/python3.12/site-packages/airflow/example_dags/example_task_group_decorator.py took 0.084 seconds
[2026-08-08T18:14:09.257+0000] {processor.py:186} INFO - Started process (PID=236) to work on /home/airflow/.local/lib/python3.12/site-packages/airflow/example_dags/example_task_group_decorator.py
[2026-08-08T18:14:09.259+0000] {processor.py:914} INFO - Processing file /home/airflow/.local/lib/python3.12/site-packages/airflow/example_dags/example_task_group_decorator.py for tasks to queue
[2026-08-08T18:14:09.263+0000] {logging_mixin.py:190} INFO - [2026-08-08T18:14:09.262+0000] {dagbag.py:587} INFO - Filling up the DagBag from /home/airflow/.local/lib/python3.12/site-packages/airflow/example_dags/example_task_group_decorator.py
[2026-08-08T18:14:09.285+0000] {processor.py:925} INFO - DAG(s) 'example_task_group_decorator' retrieved from /home/airflow/.local/lib/python3.12/site-packages/airflow/example_dags/example_task_group_decorator.py
[2026-08-08T18:14:09.323+0000] {logging_mixin.py:190} INFO - [2026-08-08T18:14:09.323+0000] {dag.py:3211} INFO - Sync 1 DAGs
[2026-08-08T18:14:09.364+0000] {logging_mixin.py:190} INFO - [2026-08-08T18:14:09.364+0000] {dag.py:4138} INFO - Setting next_dagrun for example_task_group_decorator to 2026-08-07 00:00:00+00:00, run_after=2026-08-08 00:00:00+00:00
[2026-08-08T18:14:09.396+0000] {processor.py:208} INFO - Processing /home/airflow/.local/lib/python3.12/site-packages/airflow/example_dags/example_task_group_decorator.py took 0.147 seconds
[2026-08-08T18:14:39.500+0000] {processor.py:186} INFO - Started process (PID=299) to work on /home/airflow/.local/lib/python3.12/site-packages/airflow/example_dags/example_task_group_decorator.py
[2026-08-08T18:14:39.501+0000] {processor.py:914} INFO - Processing file /home/airflow/.local/lib/python3.12/site-packages/airflow/example_dags/example_task_group_decorator.py for tasks to queue
[2026-08-08T18:14:39.504+0000] {logging_mixin.py:190} INFO - [2026-08-08T18:14:39.504+0000] {dagbag.py:587} INFO - Filling up the DagBag from /home/airflow/.local/lib/python3.12/site-packages/airflow/example_dags/example_task_group_decorator.py
[2026-08-08T18:14:39.521+0000] {processor.py:925} INFO - DAG(s) 'example_task_group_decorator' retrieved from /home/airflow/.local/lib/python3.12/site-packages/airflow/example_dags/example_task_group_decorator.py
[2026-08-08T18:14:39.545+0000] {logging_mixin.py:190} INFO - [2026-08-08T18:14:39.545+0000] {dag.py:3211} INFO - Sync 1 DAGs
[2026-08-08T18:14:39.566+0000] {logging_mixin.py:190} INFO - [2026-08-08T18:14:39.566+0000] {dag.py:4138} INFO - Setting next_dagrun for example_task_group_decorator to 2026-08-07 00:00:00+00:00, run_after=2026-08-08 00:00:00+00:00
[2026-08-08T18:14:39.590+0000] {processor.py:208} INFO - Processing /home/airflow/.local/lib/python3.12/site-packages/airflow/example_dags/example_task_group_decorator.py took 0.096 seconds
[2026-08-08T18:15:11.409+0000] {processor.py:186} INFO - Started process (PID=362) to work on /home/airflow/.local/lib/python3.12/site-packages/airflow/example_dags/example_task_group_decorator.py
[2026-08-08T18:15:11.411+0000] {processor.py:914} INFO - Processing file /home/airflow/.local/lib/python3.12/site-packages/airflow/example_dags/example_task_group_decorator.py for tasks to queue
[2026-08-08T18:15:11.414+0000] {logging_mixin.py:190} INFO - [2026-08-08T18:15:11.414+0000] {dagbag.py:587} INFO - Filling up the DagBag from /home/airflow/.local/lib/python3.12/site-packages/airflow/example_dags/example_task_group_decorator.py
[2026-08-08T18:15:11.437+0000] {processor.py:925} INFO - DAG(s) 'example_task_group_decorator' retrieved from /home/airflow/.local/lib/python3.12/site-packages/airflow/example_dags/example_task_group_decorator.py
[2026-08-08T18:15:11.470+0000] {logging_mixin.py:190} INFO - [2026-08-08T18:15:11.469+0000] {dag.py:3211} INFO - Sync 1 DAGs
[2026-08-08T18:15:11.500+0000] {logging_mixin.py:190} INFO - [2026-08-08T18:15:11.500+0000] {dag.py:4138} INFO - Setting next_dagrun for example_task_group_decorator to 2026-08-07 00:00:00+00:00, run_after=2026-08-08 00:00:00+00:00
[2026-08-08T18:15:11.526+0000] {processor.py:208} INFO - Processing /home/airflow/.local/lib/python3.12/site-packages/airflow/example_dags/example_task_group_decorator.py took 0.125 seconds
[2026-08-08T18:15:42.672+0000] {processor.py:186} INFO - Started process (PID=425) to work on /home/airflow/.local/lib/python3.12/site-packages/airflow/example_dags/example_task_group_decorator.py
[2026-08-08T18:15:42.674+0000] {processor.py:914} INFO - Processing file /home/airflow/.local/lib/python3.12/site-packages/airflow/example_dags/example_task_group_decorator.py for tasks to queue
[2026-08-08T18:15:42.678+0000] {logging_mixin.py:190} INFO - [2026-08-08T18:15:42.678+0000] {dagbag.py:587} INFO - Filling up the DagBag from /home/airflow/.local/lib/python3.12/site-packages/airflow/example_dags/example_task_group_decorator.py
[2026-08-08T18:15:42.702+0000] {processor.py:925} INFO - DAG(s) 'example_task_group_decorator' retrieved from /home/airflow/.local/lib/python3.12/site-packages/airflow/example_dags/example_task_group_decorator.py
[2026-08-08T18:15:42.735+0000] {logging_mixin.py:190} INFO - [2026-08-08T18:15:42.734+0000] {dag.py:3211} INFO - Sync 1 DAGs
[2026-08-08T18:15:42.763+0000] {logging_mixin.py:190} INFO - [2026-08-08T18:15:42.763+0000] {dag.py:4138} INFO - Setting next_dagrun for example_task_group_decorator to 2026-08-07 00:00:00+00:00, run_after=2026-08-08 00:00:00+00:00
[2026-08-08T18:15:42.789+0000] {processor.py:208} INFO - Processing /home/airflow/.local/lib/python3.12/site-packages/airflow/example_dags/example_task_group_decorator.py took 0.128 seconds
[2026-08-08T18:17:13.467+0000] {processor.py:186} INFO - Started process (PID=123) to work on /home/airflow/.local/lib/python3.12/site-packages/airflow/example_dags/example_task_group_decorator.py
[2026-08-08T18:17:13.469+0000] {processor.py:914} INFO - Processing file /home/airflow/.local/lib/python3.12/site-packages/airflow/example_dags/example_task_group_decorator.py for tasks to queue
[2026-08-08T18:17:13.473+0000] {logging_mixin.py:190} INFO - [2026-08-08T18:17:13.472+0000] {dagbag.py:587} INFO - Filling up the DagBag from /home/airflow/.local/lib/python3.12/site-packages/airflow/example_dags/example_task_group_decorator.py
[2026-08-08T18:17:13.492+0000] {processor.py:925} INFO - DAG(s) 'example_task_group_decorator' retrieved from /home/airflow/.local/lib/python3.12/site-packages/airflow/example_dags/example_task_group_decorator.py
[2026-08-08T18:17:13.526+0000] {logging_mixin.py:190} INFO - [2026-08-08T18:17:13.526+0000] {dag.py:3211} INFO - Sync 1 DAGs
[2026-08-08T18:17:13.554+0000] {logging_mixin.py:190} INFO - [2026-08-08T18:17:13.554+0000] {dag.py:4138} INFO - Setting next_dagrun for example_task_group_decorator to 2026-08-07 00:00:00+00:00, run_after=2026-08-08 00:00:00+00:00
[2026-08-08T18:17:13.579+0000] {processor.py:208} INFO - Processing /home/airflow/.local/lib/python3.12/site-packages/airflow/example_dags/example_task_group_decorator.py took 0.118 seconds
[2026-08-08T18:17:43.771+0000] {processor.py:186} INFO - Started process (PID=186) to work on /home/airflow/.local/lib/python3.12/site-packages/airflow/example_dags/example_task_group_decorator.py
[2026-08-08T18:17:43.773+0000] {processor.py:914} INFO - Processing file /home/airflow/.local/lib/python3.12/site-packages/airflow/example_dags/example_task_group_decorator.py for tasks to queue
[2026-08-08T18:17:43.777+0000] {logging_mixin.py:190} INFO - [2026-08-08T18:17:43.776+0000] {dagbag.py:587} INFO - Filling up the DagBag from /home/airflow/.local/lib/python3.12/site-packages/airflow/example_dags/example_task_group_decorator.py
[2026-08-08T18:17:43.792+0000] {processor.py:925} INFO - DAG(s) 'example_task_group_decorator' retrieved from /home/airflow/.local/lib/python3.12/site-packages/airflow/example_dags/example_task_group_decorator.py
[2026-08-08T18:17:43.818+0000] {logging_mixin.py:190} INFO - [2026-08-08T18:17:43.818+0000] {dag.py:3211} INFO - Sync 1 DAGs
[2026-08-08T18:17:43.844+0000] {logging_mixin.py:190} INFO - [2026-08-08T18:17:43.844+0000] {dag.py:4138} INFO - Setting next_dagrun for example_task_group_decorator to 2026-08-07 00:00:00+00:00, run_after=2026-08-08 00:00:00+00:00
[2026-08-08T18:17:43.865+0000] {processor.py:208} INFO - Processing /home/airflow/.local/lib/python3.12/site-packages/airflow/example_dags/example_task_group_decorator.py took 0.101 seconds
[2026-08-08T18:18:14.577+0000] {processor.py:186} INFO - Started process (PID=249) to work on /home/airflow/.local/lib/python3.12/site-packages/airflow/example_dags/example_task_group_decorator.py
[2026-08-08T18:18:14.578+0000] {processor.py:914} INFO - Processing file /home/airflow/.local/lib/python3.12/site-packages/airflow/example_dags/example_task_group_decorator.py for tasks to queue
[2026-08-08T18:18:14.582+0000] {logging_mixin.py:190} INFO - [2026-08-08T18:18:14.581+0000] {dagbag.py:587} INFO - Filling up the DagBag from /home/airflow/.local/lib/python3.12/site-packages/airflow/example_dags/example_task_group_decorator.py
[2026-08-08T18:18:14.601+0000] {processor.py:925} INFO - DAG(s) 'example_task_group_decorator' retrieved from /home/airflow/.local/lib/python3.12/site-packages/airflow/example_dags/example_task_group_decorator.py
[2026-08-08T18:18:14.634+0000] {logging_mixin.py:190} INFO - [2026-08-08T18:18:14.633+0000] {dag.py:3211} INFO - Sync 1 DAGs
[2026-08-08T18:18:14.659+0000] {logging_mixin.py:190} INFO - [2026-08-08T18:18:14.659+0000] {dag.py:4138} INFO - Setting next_dagrun for example_task_group_decorator to 2026-08-07 00:00:00+00:00, run_after=2026-08-08 00:00:00+00:00
[2026-08-08T18:18:14.683+0000] {processor.py:208} INFO - Processing /home/airflow/.local/lib/python3.12/site-packages/airflow/example_dags/example_task_group_decorator.py took 0.115 seconds
[2026-08-08T18:18:45.012+0000] {processor.py:186} INFO - Started process (PID=312) to work on /home/airflow/.local/lib/python3.12/site-packages/airflow/example_dags/example_task_group_decorator.py
[2026-08-08T18:18:45.014+0000] {processor.py:914} INFO - Processing file /home/airflow/.local/lib/python3.12/site-packages/airflow/example_dags/example_task_group_decorator.py for tasks to queue
[2026-08-08T18:18:45.019+0000] {logging_mixin.py:190} INFO - [2026-08-08T18:18:45.019+0000] {dagbag.py:587} INFO - Filling up the DagBag from /home/airflow/.local/lib/python3.12/site-packages/airflow/example_dags/example_task_group_decorator.py
[2026-08-08T18:18:45.041+0000] {processor.py:925} INFO - DAG(s) 'example_task_group_decorator' retrieved from /home/airflow/.local/lib/python3.12/site-packages/airflow/example_dags/example_task_group_decorator.py
[2026-08-08T18:18:45.075+0000] {logging_mixin.py:190} INFO - [2026-08-08T18:18:45.075+0000] {dag.py:3211} INFO - Sync 1 DAGs
[2026-08-08T18:18:45.101+0000] {logging_mixin.py:190} INFO - [2026-08-08T18:18:45.101+0000] {dag.py:4138} INFO - Setting next_dagrun for example_task_group_decorator to 2026-08-07 00:00:00+00:00, run_after=2026-08-08 00:00:00+00:00
[2026-08-08T18:18:45.122+0000] {processor.py:208} INFO - Processing /home/airflow/.local/lib/python3.12/site-packages/airflow/example_dags/example_task_group_decorator.py took 0.119 seconds
[2026-08-08T18:19:15.899+0000] {processor.py:186} INFO - Started process (PID=375) to work on /home/airflow/.local/lib/python3.12/site-packages/airflow/example_dags/example_task_group_decorator.py
[2026-08-08T18:19:15.901+0000] {processor.py:914} INFO - Processing file /home/airflow/.local/lib/python3.12/site-packages/airflow/example_dags/example_task_group_decorator.py for tasks to queue
[2026-08-08T18:19:15.903+0000] {logging_mixin.py:190} INFO - [2026-08-08T18:19:15.903+0000] {dagbag.py:587} INFO - Filling up the DagBag from /home/airflow/.local/lib/python3.12/site-packages/airflow/example_dags/example_task_group_decorator.py
[2026-08-08T18:19:15.922+0000] {processor.py:925} INFO - DAG(s) 'example_task_group_decorator' retrieved from /home/airflow/.local/lib/python3.12/site-packages/airflow/example_dags/example_task_group_decorator.py
[2026-08-08T18:19:15.953+0000] {logging_mixin.py:190} INFO - [2026-08-08T18:19:15.953+0000] {dag.py:3211} INFO - Sync 1 DAGs
[2026-08-08T18:19:15.976+0000] {logging_mixin.py:190} INFO - [2026-08-08T18:19:15.976+0000] {dag.py:4138} INFO - Setting next_dagrun for example_task_group_decorator to 2026-08-07 00:00:00+00:00, run_after=2026-08-08 00:00:00+00:00
[2026-08-08T18:19:15.999+0000] {processor.py:208} INFO - Processing /home/airflow/.local/lib/python3.12/site-packages/airflow/example_dags/example_task_group_decorator.py took 0.106 seconds
[2026-08-08T18:24:03.492+0000] {processor.py:186} INFO - Started process (PID=438) to work on /home/airflow/.local/lib/python3.12/site-packages/airflow/example_dags/example_task_group_decorator.py
[2026-08-08T18:24:03.496+0000] {processor.py:914} INFO - Processing file /home/airflow/.local/lib/python3.12/site-packages/airflow/example_dags/example_task_group_decorator.py for tasks to queue
[2026-08-08T18:24:03.502+0000] {logging_mixin.py:190} INFO - [2026-08-08T18:24:03.501+0000] {dagbag.py:587} INFO - Filling up the DagBag from /home/airflow/.local/lib/python3.12/site-packages/airflow/example_dags/example_task_group_decorator.py
[2026-08-08T18:24:03.518+0000] {processor.py:925} INFO - DAG(s) 'example_task_group_decorator' retrieved from /home/airflow/.local/lib/python3.12/site-packages/airflow/example_dags/example_task_group_decorator.py
[2026-08-08T18:24:03.547+0000] {logging_mixin.py:190} INFO - [2026-08-08T18:24:03.546+0000] {dag.py:3211} INFO - Sync 1 DAGs
[2026-08-08T18:24:03.570+0000] {logging_mixin.py:190} INFO - [2026-08-08T18:24:03.570+0000] {dag.py:4138} INFO - Setting next_dagrun for example_task_group_decorator to 2026-08-07 00:00:00+00:00, run_after=2026-08-08 00:00:00+00:00
[2026-08-08T18:24:03.606+0000] {processor.py:208} INFO - Processing /home/airflow/.local/lib/python3.12/site-packages/airflow/example_dags/example_task_group_decorator.py took 0.119 seconds
[2026-08-08T18:24:33.845+0000] {processor.py:186} INFO - Started process (PID=501) to work on /home/airflow/.local/lib/python3.12/site-packages/airflow/example_dags/example_task_group_decorator.py
[2026-08-08T18:24:33.848+0000] {processor.py:914} INFO - Processing file /home/airflow/.local/lib/python3.12/site-packages/airflow/example_dags/example_task_group_decorator.py for tasks to queue
[2026-08-08T18:24:33.853+0000] {logging_mixin.py:190} INFO - [2026-08-08T18:24:33.852+0000] {dagbag.py:587} INFO - Filling up the DagBag from /home/airflow/.local/lib/python3.12/site-packages/airflow/example_dags/example_task_group_decorator.py
[2026-08-08T18:24:33.880+0000] {processor.py:925} INFO - DAG(s) 'example_task_group_decorator' retrieved from /home/airflow/.local/lib/python3.12/site-packages/airflow/example_dags/example_task_group_decorator.py
[2026-08-08T18:24:33.919+0000] {logging_mixin.py:190} INFO - [2026-08-08T18:24:33.918+0000] {dag.py:3211} INFO - Sync 1 DAGs
[2026-08-08T18:24:33.954+0000] {logging_mixin.py:190} INFO - [2026-08-08T18:24:33.954+0000] {dag.py:4138} INFO - Setting next_dagrun for example_task_group_decorator to 2026-08-07 00:00:00+00:00, run_after=2026-08-08 00:00:00+00:00
[2026-08-08T18:24:33.984+0000] {processor.py:208} INFO - Processing /home/airflow/.local/lib/python3.12/site-packages/airflow/example_dags/example_task_group_decorator.py took 0.149 seconds
[2026-08-08T18:25:04.311+0000] {processor.py:186} INFO - Started process (PID=564) to work on /home/airflow/.local/lib/python3.12/site-packages/airflow/example_dags/example_task_group_decorator.py
[2026-08-08T18:25:04.313+0000] {processor.py:914} INFO - Processing file /home/airflow/.local/lib/python3.12/site-packages/airflow/example_dags/example_task_group_decorator.py for tasks to queue
[2026-08-08T18:25:04.316+0000] {logging_mixin.py:190} INFO - [2026-08-08T18:25:04.316+0000] {dagbag.py:587} INFO - Filling up the DagBag from /home/airflow/.local/lib/python3.12/site-packages/airflow/example_dags/example_task_group_decorator.py
[2026-08-08T18:25:04.334+0000] {processor.py:925} INFO - DAG(s) 'example_task_group_decorator' retrieved from /home/airflow/.local/lib/python3.12/site-packages/airflow/example_dags/example_task_group_decorator.py
[2026-08-08T18:25:04.361+0000] {logging_mixin.py:190} INFO - [2026-08-08T18:25:04.361+0000] {dag.py:3211} INFO - Sync 1 DAGs
[2026-08-08T18:25:04.383+0000] {logging_mixin.py:190} INFO - [2026-08-08T18:25:04.383+0000] {dag.py:4138} INFO - Setting next_dagrun for example_task_group_decorator to 2026-08-07 00:00:00+00:00, run_after=2026-08-08 00:00:00+00:00
[2026-08-08T18:25:04.403+0000] {processor.py:208} INFO - Processing /home/airflow/.local/lib/python3.12/site-packages/airflow/example_dags/example_task_group_decorator.py took 0.100 seconds
[2026-08-08T18:25:34.764+0000] {processor.py:186} INFO - Started process (PID=627) to work on /home/airflow/.local/lib/python3.12/site-packages/airflow/example_dags/example_task_group_decorator.py
[2026-08-08T18:25:34.766+0000] {processor.py:914} INFO - Processing file /home/airflow/.local/lib/python3.12/site-packages/airflow/example_dags/example_task_group_decorator.py for tasks to queue
[2026-08-08T18:25:34.769+0000] {logging_mixin.py:190} INFO - [2026-08-08T18:25:34.769+0000] {dagbag.py:587} INFO - Filling up the DagBag from /home/airflow/.local/lib/python3.12/site-packages/airflow/example_dags/example_task_group_decorator.py
[2026-08-08T18:25:34.788+0000] {processor.py:925} INFO - DAG(s) 'example_task_group_decorator' retrieved from /home/airflow/.local/lib/python3.12/site-packages/airflow/example_dags/example_task_group_decorator.py
[2026-08-08T18:25:34.813+0000] {logging_mixin.py:190} INFO - [2026-08-08T18:25:34.813+0000] {dag.py:3211} INFO - Sync 1 DAGs
[2026-08-08T18:25:34.838+0000] {logging_mixin.py:190} INFO - [2026-08-08T18:25:34.838+0000] {dag.py:4138} INFO - Setting next_dagrun for example_task_group_decorator to 2026-08-07 00:00:00+00:00, run_after=2026-08-08 00:00:00+00:00
[2026-08-08T18:25:34.871+0000] {processor.py:208} INFO - Processing /home/airflow/.local/lib/python3.12/site-packages/airflow/example_dags/example_task_group_decorator.py took 0.116 seconds
[2026-08-08T18:26:05.434+0000] {processor.py:186} INFO - Started process (PID=691) to work on /home/airflow/.local/lib/python3.12/site-packages/airflow/example_dags/example_task_group_decorator.py
[2026-08-08T18:26:05.436+0000] {processor.py:914} INFO - Processing file /home/airflow/.local/lib/python3.12/site-packages/airflow/example_dags/example_task_group_decorator.py for tasks to queue
[2026-08-08T18:26:05.439+0000] {logging_mixin.py:190} INFO - [2026-08-08T18:26:05.439+0000] {dagbag.py:587} INFO - Filling up the DagBag from /home/airflow/.local/lib/python3.12/site-packages/airflow/example_dags/example_task_group_decorator.py
[2026-08-08T18:26:05.454+0000] {processor.py:925} INFO - DAG(s) 'example_task_group_decorator' retrieved from /home/airflow/.local/lib/python3.12/site-packages/airflow/example_dags/example_task_group_decorator.py
[2026-08-08T18:26:05.477+0000] {logging_mixin.py:190} INFO - [2026-08-08T18:26:05.477+0000] {dag.py:3211} INFO - Sync 1 DAGs
[2026-08-08T18:26:05.497+0000] {logging_mixin.py:190} INFO - [2026-08-08T18:26:05.496+0000] {dag.py:4138} INFO - Setting next_dagrun for example_task_group_decorator to 2026-08-07 00:00:00+00:00, run_after=2026-08-08 00:00:00+00:00
[2026-08-08T18:26:05.516+0000] {processor.py:208} INFO - Processing /home/airflow/.local/lib/python3.12/site-packages/airflow/example_dags/example_task_group_decorator.py took 0.088 seconds
[2026-08-08T18:26:36.217+0000] {processor.py:186} INFO - Started process (PID=754) to work on /home/airflow/.local/lib/python3.12/site-packages/airflow/example_dags/example_task_group_decorator.py
[2026-08-08T18:26:36.219+0000] {processor.py:914} INFO - Processing file /home/airflow/.local/lib/python3.12/site-packages/airflow/example_dags/example_task_group_decorator.py for tasks to queue
[2026-08-08T18:26:36.222+0000] {logging_mixin.py:190} INFO - [2026-08-08T18:26:36.222+0000] {dagbag.py:587} INFO - Filling up the DagBag from /home/airflow/.local/lib/python3.12/site-packages/airflow/example_dags/example_task_group_decorator.py
[2026-08-08T18:26:36.238+0000] {processor.py:925} INFO - DAG(s) 'example_task_group_decorator' retrieved from /home/airflow/.local/lib/python3.12/site-packages/airflow/example_dags/example_task_group_decorator.py
[2026-08-08T18:26:36.263+0000] {logging_mixin.py:190} INFO - [2026-08-08T18:26:36.263+0000] {dag.py:3211} INFO - Sync 1 DAGs
[2026-08-08T18:26:36.284+0000] {logging_mixin.py:190} INFO - [2026-08-08T18:26:36.284+0000] {dag.py:4138} INFO - Setting next_dagrun for example_task_group_decorator to 2026-08-07 00:00:00+00:00, run_after=2026-08-08 00:00:00+00:00
[2026-08-08T18:26:36.302+0000] {processor.py:208} INFO - Processing /home/airflow/.local/lib/python3.12/site-packages/airflow/example_dags/example_task_group_decorator.py took 0.091 seconds
