[2026-08-08T17:25:05.479+0000] {processor.py:186} INFO - Started process (PID=88) to work on /home/airflow/.local/lib/python3.12/site-packages/airflow/example_dags/example_subdag_operator.py
[2026-08-08T17:25:05.480+0000] {processor.py:914} INFO - Processing file /home/airflow/.local/lib/python3.12/site-packages/airflow/example_dags/example_subdag_operator.py for tasks to queue
[2026-08-08T17:25:05.483+0000] {logging_mixin.py:190} INFO - [2026-08-08T17:25:05.482+0000] {dagbag.py:587} INFO - Filling up the DagBag from /home/airflow/.local/lib/python3.12/site-packages/airflow/example_dags/example_subdag_operator.py
[2026-08-08T17:25:05.566+0000] {processor.py:925} INFO - DAG(s) 'example_subdag_operator.section-1', 'example_subdag_operator.section-2', 'example_subdag_operator' retrieved from /home/airflow/.local/lib/python3.12/site-packages/airflow/example_dags/example_subdag_operator.py
[2026-08-08T17:25:06.142+0000] {logging_mixin.py:190} INFO - [2026-08-08T17:25:06.141+0000] {override.py:1858} INFO - Created Permission View: can delete on DAG:example_subdag_operator
[2026-08-08T17:25:06.260+0000] {logging_mixin.py:190} INFO - [2026-08-08T17:25:06.260+0000] {override.py:1858} INFO - Created Permission View: can edit on DAG:example_subdag_operator
[2026-08-08T17:25:06.392+0000] {logging_mixin.py:190} INFO - [2026-08-08T17:25:06.391+0000] {override.py:1858} INFO - Created Permission View: can read on DAG:example_subdag_operator
[2026-08-08T17:25:06.393+0000] {logging_mixin.py:190} INFO - [2026-08-08T17:25:06.392+0000] {dag.py:3211} INFO - Sync 3 DAGs
[2026-08-08T17:25:06.409+0000] {logging_mixin.py:190} INFO - [2026-08-08T17:25:06.409+0000] {dag.py:3234} INFO - Creating ORM DAG for example_subdag_operator.section-1
[2026-08-08T17:25:06.410+0000] {logging_mixin.py:190} INFO - [2026-08-08T17:25:06.410+0000] {dag.py:3234} INFO - Creating ORM DAG for example_subdag_operator
[2026-08-08T17:25:06.411+0000] {logging_mixin.py:190} INFO - [2026-08-08T17:25:06.411+0000] {dag.py:3234} INFO - Creating ORM DAG for example_subdag_operator.section-2
[2026-08-08T17:25:06.421+0000] {logging_mixin.py:190} INFO - [2026-08-08T17:25:06.421+0000] {dag.py:4138} INFO - Setting next_dagrun for example_subdag_operator to 2022-01-01 00:00:00+00:00, run_after=2022-01-01 00:00:00+00:00
[2026-08-08T17:25:06.423+0000] {logging_mixin.py:190} INFO - [2026-08-08T17:25:06.422+0000] {dag.py:4138} INFO - Setting next_dagrun for example_subdag_operator.section-1 to None, run_after=None
[2026-08-08T17:25:06.424+0000] {logging_mixin.py:190} INFO - [2026-08-08T17:25:06.424+0000] {dag.py:4138} INFO - Setting next_dagrun for example_subdag_operator.section-2 to None, run_after=None
[2026-08-08T17:25:06.433+0000] {logging_mixin.py:190} INFO - [2026-08-08T17:25:06.433+0000] {dag.py:3211} INFO - Sync 2 DAGs
[2026-08-08T17:25:06.441+0000] {logging_mixin.py:190} INFO - [2026-08-08T17:25:06.440+0000] {dag.py:4138} INFO - Setting next_dagrun for example_subdag_operator.section-1 to None, run_after=None
[2026-08-08T17:25:06.443+0000] {logging_mixin.py:190} INFO - [2026-08-08T17:25:06.443+0000] {dag.py:4138} INFO - Setting next_dagrun for example_subdag_operator.section-2 to None, run_after=None
[2026-08-08T17:25:06.538+0000] {processor.py:208} INFO - Processing /home/airflow/.local/lib/python3.12/site-packages/airflow/example_dags/example_subdag_operator.py took 1.064 seconds
[2026-08-08T17:25:36.876+0000] {processor.py:186} INFO - Started process (PID=150) to work on /home/airflow/.local/lib/python3.12/site-packages/airflow/example_dags/example_subdag_operator.py
[2026-08-08T17:25:36.877+0000] {processor.py:914} INFO - Processing file /home/airflow/.local/lib/python3.12/site-packages/airflow/example_dags/example_subdag_operator.py for tasks to queue
[2026-08-08T17:25:36.880+0000] {logging_mixin.py:190} INFO - [2026-08-08T17:25:36.880+0000] {dagbag.py:587} INFO - Filling up the DagBag from /home/airflow/.local/lib/python3.12/site-packages/airflow/example_dags/example_subdag_operator.py
[2026-08-08T17:25:36.906+0000] {processor.py:925} INFO - DAG(s) 'example_subdag_operator.section-1', 'example_subdag_operator.section-2', 'example_subdag_operator' retrieved from /home/airflow/.local/lib/python3.12/site-packages/airflow/example_dags/example_subdag_operator.py
[2026-08-08T17:25:36.918+0000] {logging_mixin.py:190} INFO - [2026-08-08T17:25:36.918+0000] {dag.py:3211} INFO - Sync 3 DAGs
[2026-08-08T17:25:36.937+0000] {logging_mixin.py:190} INFO - [2026-08-08T17:25:36.936+0000] {dag.py:4138} INFO - Setting next_dagrun for example_subdag_operator to 2022-01-01 00:00:00+00:00, run_after=2022-01-01 00:00:00+00:00
[2026-08-08T17:25:36.940+0000] {logging_mixin.py:190} INFO - [2026-08-08T17:25:36.940+0000] {dag.py:4138} INFO - Setting next_dagrun for example_subdag_operator.section-1 to None, run_after=None
[2026-08-08T17:25:36.941+0000] {logging_mixin.py:190} INFO - [2026-08-08T17:25:36.941+0000] {dag.py:4138} INFO - Setting next_dagrun for example_subdag_operator.section-2 to None, run_after=None
[2026-08-08T17:25:36.947+0000] {logging_mixin.py:190} INFO - [2026-08-08T17:25:36.946+0000] {dag.py:3211} INFO - Sync 2 DAGs
[2026-08-08T17:25:36.951+0000] {logging_mixin.py:190} INFO - [2026-08-08T17:25:36.951+0000] {dag.py:4138} INFO - Setting next_dagrun for example_subdag_operator.section-1 to None, run_after=None
[2026-08-08T17:25:36.952+0000] {logging_mixin.py:190} INFO - [2026-08-08T17:25:36.952+0000] {dag.py:4138} INFO - Setting next_dagrun for example_subdag_operator.section-2 to None, run_after=None
[2026-08-08T17:25:36.964+0000] {processor.py:208} INFO - Processing /home/airflow/.local/lib/python3.12/site-packages/airflow/example_dags/example_subdag_operator.py took 0.094 seconds
[2026-08-08T17:26:07.328+0000] {processor.py:186} INFO - Started process (PID=213) to work on /home/airflow/.local/lib/python3.12/site-packages/airflow/example_dags/example_subdag_operator.py
[2026-08-08T17:26:07.329+0000] {processor.py:914} INFO - Processing file /home/airflow/.local/lib/python3.12/site-packages/airflow/example_dags/example_subdag_operator.py for tasks to queue
[2026-08-08T17:26:07.331+0000] {logging_mixin.py:190} INFO - [2026-08-08T17:26:07.331+0000] {dagbag.py:587} INFO - Filling up the DagBag from /home/airflow/.local/lib/python3.12/site-packages/airflow/example_dags/example_subdag_operator.py
[2026-08-08T17:26:07.351+0000] {processor.py:925} INFO - DAG(s) 'example_subdag_operator.section-1', 'example_subdag_operator.section-2', 'example_subdag_operator' retrieved from /home/airflow/.local/lib/python3.12/site-packages/airflow/example_dags/example_subdag_operator.py
[2026-08-08T17:26:07.361+0000] {logging_mixin.py:190} INFO - [2026-08-08T17:26:07.361+0000] {dag.py:3211} INFO - Sync 3 DAGs
[2026-08-08T17:26:07.380+0000] {logging_mixin.py:190} INFO - [2026-08-08T17:26:07.379+0000] {dag.py:4138} INFO - Setting next_dagrun for example_subdag_operator to 2022-01-01 00:00:00+00:00, run_after=2022-01-01 00:00:00+00:00
[2026-08-08T17:26:07.382+0000] {logging_mixin.py:190} INFO - [2026-08-08T17:26:07.382+0000] {dag.py:4138} INFO - Setting next_dagrun for example_subdag_operator.section-1 to None, run_after=None
[2026-08-08T17:26:07.384+0000] {logging_mixin.py:190} INFO - [2026-08-08T17:26:07.383+0000] {dag.py:4138} INFO - Setting next_dagrun for example_subdag_operator.section-2 to None, run_after=None
[2026-08-08T17:26:07.388+0000] {logging_mixin.py:190} INFO - [2026-08-08T17:26:07.388+0000] {dag.py:3211} INFO - Sync 2 DAGs
[2026-08-08T17:26:07.392+0000] {logging_mixin.py:190} INFO - [2026-08-08T17:26:07.392+0000] {dag.py:4138} INFO - Setting next_dagrun for example_subdag_operator.section-1 to None, run_after=None
[2026-08-08T17:26:07.393+0000] {logging_mixin.py:190} INFO - [2026-08-08T17:26:07.393+0000] {dag.py:4138} INFO - Setting next_dagrun for example_subdag_operator.section-2 to None, run_after=None
[2026-08-08T17:26:07.402+0000] {processor.py:208} INFO - Processing /home/airflow/.local/lib/python3.12/site-packages/airflow/example_dags/example_subdag_operator.py took 0.079 seconds
[2026-08-08T17:26:37.506+0000] {processor.py:186} INFO - Started process (PID=276) to work on /home/airflow/.local/lib/python3.12/site-packages/airflow/example_dags/example_subdag_operator.py
[2026-08-08T17:26:37.507+0000] {processor.py:914} INFO - Processing file /home/airflow/.local/lib/python3.12/site-packages/airflow/example_dags/example_subdag_operator.py for tasks to queue
[2026-08-08T17:26:37.510+0000] {logging_mixin.py:190} INFO - [2026-08-08T17:26:37.509+0000] {dagbag.py:587} INFO - Filling up the DagBag from /home/airflow/.local/lib/python3.12/site-packages/airflow/example_dags/example_subdag_operator.py
[2026-08-08T17:26:37.536+0000] {processor.py:925} INFO - DAG(s) 'example_subdag_operator.section-1', 'example_subdag_operator.section-2', 'example_subdag_operator' retrieved from /home/airflow/.local/lib/python3.12/site-packages/airflow/example_dags/example_subdag_operator.py
[2026-08-08T17:26:37.552+0000] {logging_mixin.py:190} INFO - [2026-08-08T17:26:37.552+0000] {dag.py:3211} INFO - Sync 3 DAGs
[2026-08-08T17:26:37.580+0000] {logging_mixin.py:190} INFO - [2026-08-08T17:26:37.580+0000] {dag.py:4138} INFO - Setting next_dagrun for example_subdag_operator to 2022-01-01 00:00:00+00:00, run_after=2022-01-01 00:00:00+00:00
[2026-08-08T17:26:37.584+0000] {logging_mixin.py:190} INFO - [2026-08-08T17:26:37.584+0000] {dag.py:4138} INFO - Setting next_dagrun for example_subdag_operator.section-1 to None, run_after=None
[2026-08-08T17:26:37.586+0000] {logging_mixin.py:190} INFO - [2026-08-08T17:26:37.586+0000] {dag.py:4138} INFO - Setting next_dagrun for example_subdag_operator.section-2 to None, run_after=None
[2026-08-08T17:26:37.595+0000] {logging_mixin.py:190} INFO - [2026-08-08T17:26:37.594+0000] {dag.py:3211} INFO - Sync 2 DAGs
[2026-08-08T17:26:37.600+0000] {logging_mixin.py:190} INFO - [2026-08-08T17:26:37.600+0000] {dag.py:4138} INFO - Setting next_dagrun for example_subdag_operator.section-1 to None, run_after=None
[2026-08-08T17:26:37.602+0000] {logging_mixin.py:190} INFO - [2026-08-08T17:26:37.601+0000] {dag.py:4138} INFO - Setting next_dagrun for example_subdag_operator.section-2 to None, run_after=None
[2026-08-08T17:26:37.620+0000] {processor.py:208} INFO - Processing /home/airflow/.local/lib/python3.12/site-packages/airflow/example_dags/example_subdag_operator.py took 0.120 seconds
[2026-08-08T17:27:08.452+0000] {processor.py:186} INFO - Started process (PID=339) to work on /home/airflow/.local/lib/python3.12/site-packages/airflow/example_dags/example_subdag_operator.py
[2026-08-08T17:27:08.454+0000] {processor.py:914} INFO - Processing file /home/airflow/.local/lib/python3.12/site-packages/airflow/example_dags/example_subdag_operator.py for tasks to queue
[2026-08-08T17:27:08.457+0000] {logging_mixin.py:190} INFO - [2026-08-08T17:27:08.457+0000] {dagbag.py:587} INFO - Filling up the DagBag from /home/airflow/.local/lib/python3.12/site-packages/airflow/example_dags/example_subdag_operator.py
[2026-08-08T17:27:08.493+0000] {processor.py:925} INFO - DAG(s) 'example_subdag_operator.section-1', 'example_subdag_operator.section-2', 'example_subdag_operator' retrieved from /home/airflow/.local/lib/python3.12/site-packages/airflow/example_dags/example_subdag_operator.py
[2026-08-08T17:27:08.512+0000] {logging_mixin.py:190} INFO - [2026-08-08T17:27:08.511+0000] {dag.py:3211} INFO - Sync 3 DAGs
[2026-08-08T17:27:08.537+0000] {logging_mixin.py:190} INFO - [2026-08-08T17:27:08.537+0000] {dag.py:4138} INFO - Setting next_dagrun for example_subdag_operator to 2022-01-01 00:00:00+00:00, run_after=2022-01-01 00:00:00+00:00
[2026-08-08T17:27:08.541+0000] {logging_mixin.py:190} INFO - [2026-08-08T17:27:08.541+0000] {dag.py:4138} INFO - Setting next_dagrun for example_subdag_operator.section-1 to None, run_after=None
[2026-08-08T17:27:08.544+0000] {logging_mixin.py:190} INFO - [2026-08-08T17:27:08.544+0000] {dag.py:4138} INFO - Setting next_dagrun for example_subdag_operator.section-2 to None, run_after=None
[2026-08-08T17:27:08.552+0000] {logging_mixin.py:190} INFO - [2026-08-08T17:27:08.552+0000] {dag.py:3211} INFO - Sync 2 DAGs
[2026-08-08T17:27:08.556+0000] {logging_mixin.py:190} INFO - [2026-08-08T17:27:08.556+0000] {dag.py:4138} INFO - Setting next_dagrun for example_subdag_operator.section-1 to None, run_after=None
[2026-08-08T17:27:08.557+0000] {logging_mixin.py:190} INFO - [2026-08-08T17:27:08.557+0000] {dag.py:4138} INFO - Setting next_dagrun for example_subdag_operator.section-2 to None, run_after=None
[2026-08-08T17:27:08.572+0000] {processor.py:208} INFO - Processing /home/airflow/.local/lib/python3.12/site-packages/airflow/example_dags/example_subdag_operator.py took 0.128 seconds
[2026-08-08T17:27:38.820+0000] {processor.py:186} INFO - Started process (PID=402) to work on /home/airflow/.local/lib/python3.12/site-packages/airflow/example_dags/example_subdag_operator.py
[2026-08-08T17:27:38.821+0000] {processor.py:914} INFO - Processing file /home/airflow/.local/lib/python3.12/site-packages/airflow/example_dags/example_subdag_operator.py for tasks to queue
[2026-08-08T17:27:38.823+0000] {logging_mixin.py:190} INFO - [2026-08-08T17:27:38.823+0000] {dagbag.py:587} INFO - Filling up the DagBag from /home/airflow/.local/lib/python3.12/site-packages/airflow/example_dags/example_subdag_operator.py
[2026-08-08T17:27:38.847+0000] {processor.py:925} INFO - DAG(s) 'example_subdag_operator.section-1', 'example_subdag_operator.section-2', 'example_subdag_operator' retrieved from /home/airflow/.local/lib/python3.12/site-packages/airflow/example_dags/example_subdag_operator.py
[2026-08-08T17:27:38.859+0000] {logging_mixin.py:190} INFO - [2026-08-08T17:27:38.858+0000] {dag.py:3211} INFO - Sync 3 DAGs
[2026-08-08T17:27:38.876+0000] {logging_mixin.py:190} INFO - [2026-08-08T17:27:38.876+0000] {dag.py:4138} INFO - Setting next_dagrun for example_subdag_operator to 2022-01-01 00:00:00+00:00, run_after=2022-01-01 00:00:00+00:00
[2026-08-08T17:27:38.880+0000] {logging_mixin.py:190} INFO - [2026-08-08T17:27:38.880+0000] {dag.py:4138} INFO - Setting next_dagrun for example_subdag_operator.section-1 to None, run_after=None
[2026-08-08T17:27:38.881+0000] {logging_mixin.py:190} INFO - [2026-08-08T17:27:38.881+0000] {dag.py:4138} INFO - Setting next_dagrun for example_subdag_operator.section-2 to None, run_after=None
[2026-08-08T17:27:38.886+0000] {logging_mixin.py:190} INFO - [2026-08-08T17:27:38.886+0000] {dag.py:3211} INFO - Sync 2 DAGs
[2026-08-08T17:27:38.890+0000] {logging_mixin.py:190} INFO - [2026-08-08T17:27:38.890+0000] {dag.py:4138} INFO - Setting next_dagrun for example_subdag_operator.section-1 to None, run_after=None
[2026-08-08T17:27:38.891+0000] {logging_mixin.py:190} INFO - [2026-08-08T17:27:38.891+0000] {dag.py:4138} INFO - Setting next_dagrun for example_subdag_operator.section-2 to None, run_after=None
[2026-08-08T17:27:38.905+0000] {processor.py:208} INFO - Processing /home/airflow/.local/lib/python3.12/site-packages/airflow/example_dags/example_subdag_operator.py took 0.091 seconds
[2026-08-08T17:28:09.244+0000] {processor.py:186} INFO - Started process (PID=465) to work on /home/airflow/.local/lib/python3.12/site-packages/airflow/example_dags/example_subdag_operator.py
[2026-08-08T17:28:09.245+0000] {processor.py:914} INFO - Processing file /home/airflow/.local/lib/python3.12/site-packages/airflow/example_dags/example_subdag_operator.py for tasks to queue
[2026-08-08T17:28:09.248+0000] {logging_mixin.py:190} INFO - [2026-08-08T17:28:09.248+0000] {dagbag.py:587} INFO - Filling up the DagBag from /home/airflow/.local/lib/python3.12/site-packages/airflow/example_dags/example_subdag_operator.py
[2026-08-08T17:28:09.273+0000] {processor.py:925} INFO - DAG(s) 'example_subdag_operator.section-1', 'example_subdag_operator.section-2', 'example_subdag_operator' retrieved from /home/airflow/.local/lib/python3.12/site-packages/airflow/example_dags/example_subdag_operator.py
[2026-08-08T17:28:09.286+0000] {logging_mixin.py:190} INFO - [2026-08-08T17:28:09.286+0000] {dag.py:3211} INFO - Sync 3 DAGs
[2026-08-08T17:28:09.303+0000] {logging_mixin.py:190} INFO - [2026-08-08T17:28:09.302+0000] {dag.py:4138} INFO - Setting next_dagrun for example_subdag_operator to 2022-01-01 00:00:00+00:00, run_after=2022-01-01 00:00:00+00:00
[2026-08-08T17:28:09.305+0000] {logging_mixin.py:190} INFO - [2026-08-08T17:28:09.305+0000] {dag.py:4138} INFO - Setting next_dagrun for example_subdag_operator.section-1 to None, run_after=None
[2026-08-08T17:28:09.307+0000] {logging_mixin.py:190} INFO - [2026-08-08T17:28:09.307+0000] {dag.py:4138} INFO - Setting next_dagrun for example_subdag_operator.section-2 to None, run_after=None
[2026-08-08T17:28:09.313+0000] {logging_mixin.py:190} INFO - [2026-08-08T17:28:09.313+0000] {dag.py:3211} INFO - Sync 2 DAGs
[2026-08-08T17:28:09.317+0000] {logging_mixin.py:190} INFO - [2026-08-08T17:28:09.317+0000] {dag.py:4138} INFO - Setting next_dagrun for example_subdag_operator.section-1 to None, run_after=None
[2026-08-08T17:28:09.318+0000] {logging_mixin.py:190} INFO - [2026-08-08T17:28:09.318+0000] {dag.py:4138} INFO - Setting next_dagrun for example_subdag_operator.section-2 to None, run_after=None
[2026-08-08T17:28:09.327+0000] {processor.py:208} INFO - Processing /home/airflow/.local/lib/python3.12/site-packages/airflow/example_dags/example_subdag_operator.py took 0.091 seconds
[2026-08-08T17:28:40.093+0000] {processor.py:186} INFO - Started process (PID=528) to work on /home/airflow/.local/lib/python3.12/site-packages/airflow/example_dags/example_subdag_operator.py
[2026-08-08T17:28:40.094+0000] {processor.py:914} INFO - Processing file /home/airflow/.local/lib/python3.12/site-packages/airflow/example_dags/example_subdag_operator.py for tasks to queue
[2026-08-08T17:28:40.097+0000] {logging_mixin.py:190} INFO - [2026-08-08T17:28:40.097+0000] {dagbag.py:587} INFO - Filling up the DagBag from /home/airflow/.local/lib/python3.12/site-packages/airflow/example_dags/example_subdag_operator.py
[2026-08-08T17:28:40.117+0000] {processor.py:925} INFO - DAG(s) 'example_subdag_operator.section-1', 'example_subdag_operator.section-2', 'example_subdag_operator' retrieved from /home/airflow/.local/lib/python3.12/site-packages/airflow/example_dags/example_subdag_operator.py
[2026-08-08T17:28:40.128+0000] {logging_mixin.py:190} INFO - [2026-08-08T17:28:40.128+0000] {dag.py:3211} INFO - Sync 3 DAGs
[2026-08-08T17:28:40.146+0000] {logging_mixin.py:190} INFO - [2026-08-08T17:28:40.145+0000] {dag.py:4138} INFO - Setting next_dagrun for example_subdag_operator to 2022-01-01 00:00:00+00:00, run_after=2022-01-01 00:00:00+00:00
[2026-08-08T17:28:40.149+0000] {logging_mixin.py:190} INFO - [2026-08-08T17:28:40.149+0000] {dag.py:4138} INFO - Setting next_dagrun for example_subdag_operator.section-1 to None, run_after=None
[2026-08-08T17:28:40.150+0000] {logging_mixin.py:190} INFO - [2026-08-08T17:28:40.150+0000] {dag.py:4138} INFO - Setting next_dagrun for example_subdag_operator.section-2 to None, run_after=None
[2026-08-08T17:28:40.156+0000] {logging_mixin.py:190} INFO - [2026-08-08T17:28:40.156+0000] {dag.py:3211} INFO - Sync 2 DAGs
[2026-08-08T17:28:40.160+0000] {logging_mixin.py:190} INFO - [2026-08-08T17:28:40.160+0000] {dag.py:4138} INFO - Setting next_dagrun for example_subdag_operator.section-1 to None, run_after=None
[2026-08-08T17:28:40.161+0000] {logging_mixin.py:190} INFO - [2026-08-08T17:28:40.160+0000] {dag.py:4138} INFO - Setting next_dagrun for example_subdag_operator.section-2 to None, run_after=None
[2026-08-08T17:28:40.173+0000] {processor.py:208} INFO - Processing /home/airflow/.local/lib/python3.12/site-packages/airflow/example_dags/example_subdag_operator.py took 0.086 seconds
[2026-08-08T17:29:11.284+0000] {processor.py:186} INFO - Started process (PID=591) to work on /home/airflow/.local/lib/python3.12/site-packages/airflow/example_dags/example_subdag_operator.py
[2026-08-08T17:29:11.285+0000] {processor.py:914} INFO - Processing file /home/airflow/.local/lib/python3.12/site-packages/airflow/example_dags/example_subdag_operator.py for tasks to queue
[2026-08-08T17:29:11.288+0000] {logging_mixin.py:190} INFO - [2026-08-08T17:29:11.288+0000] {dagbag.py:587} INFO - Filling up the DagBag from /home/airflow/.local/lib/python3.12/site-packages/airflow/example_dags/example_subdag_operator.py
[2026-08-08T17:29:11.314+0000] {processor.py:925} INFO - DAG(s) 'example_subdag_operator.section-1', 'example_subdag_operator.section-2', 'example_subdag_operator' retrieved from /home/airflow/.local/lib/python3.12/site-packages/airflow/example_dags/example_subdag_operator.py
[2026-08-08T17:29:11.326+0000] {logging_mixin.py:190} INFO - [2026-08-08T17:29:11.326+0000] {dag.py:3211} INFO - Sync 3 DAGs
[2026-08-08T17:29:11.342+0000] {logging_mixin.py:190} INFO - [2026-08-08T17:29:11.342+0000] {dag.py:4138} INFO - Setting next_dagrun for example_subdag_operator to 2022-01-01 00:00:00+00:00, run_after=2022-01-01 00:00:00+00:00
[2026-08-08T17:29:11.346+0000] {logging_mixin.py:190} INFO - [2026-08-08T17:29:11.346+0000] {dag.py:4138} INFO - Setting next_dagrun for example_subdag_operator.section-1 to None, run_after=None
[2026-08-08T17:29:11.347+0000] {logging_mixin.py:190} INFO - [2026-08-08T17:29:11.347+0000] {dag.py:4138} INFO - Setting next_dagrun for example_subdag_operator.section-2 to None, run_after=None
[2026-08-08T17:29:11.353+0000] {logging_mixin.py:190} INFO - [2026-08-08T17:29:11.353+0000] {dag.py:3211} INFO - Sync 2 DAGs
[2026-08-08T17:29:11.357+0000] {logging_mixin.py:190} INFO - [2026-08-08T17:29:11.357+0000] {dag.py:4138} INFO - Setting next_dagrun for example_subdag_operator.section-1 to None, run_after=None
[2026-08-08T17:29:11.358+0000] {logging_mixin.py:190} INFO - [2026-08-08T17:29:11.358+0000] {dag.py:4138} INFO - Setting next_dagrun for example_subdag_operator.section-2 to None, run_after=None
[2026-08-08T17:29:11.369+0000] {processor.py:208} INFO - Processing /home/airflow/.local/lib/python3.12/site-packages/airflow/example_dags/example_subdag_operator.py took 0.090 seconds
[2026-08-08T17:29:42.344+0000] {processor.py:186} INFO - Started process (PID=654) to work on /home/airflow/.local/lib/python3.12/site-packages/airflow/example_dags/example_subdag_operator.py
[2026-08-08T17:29:42.346+0000] {processor.py:914} INFO - Processing file /home/airflow/.local/lib/python3.12/site-packages/airflow/example_dags/example_subdag_operator.py for tasks to queue
[2026-08-08T17:29:42.349+0000] {logging_mixin.py:190} INFO - [2026-08-08T17:29:42.349+0000] {dagbag.py:587} INFO - Filling up the DagBag from /home/airflow/.local/lib/python3.12/site-packages/airflow/example_dags/example_subdag_operator.py
[2026-08-08T17:29:42.375+0000] {processor.py:925} INFO - DAG(s) 'example_subdag_operator.section-1', 'example_subdag_operator.section-2', 'example_subdag_operator' retrieved from /home/airflow/.local/lib/python3.12/site-packages/airflow/example_dags/example_subdag_operator.py
[2026-08-08T17:29:42.392+0000] {logging_mixin.py:190} INFO - [2026-08-08T17:29:42.392+0000] {dag.py:3211} INFO - Sync 3 DAGs
[2026-08-08T17:29:42.416+0000] {logging_mixin.py:190} INFO - [2026-08-08T17:29:42.416+0000] {dag.py:4138} INFO - Setting next_dagrun for example_subdag_operator to 2022-01-01 00:00:00+00:00, run_after=2022-01-01 00:00:00+00:00
[2026-08-08T17:29:42.421+0000] {logging_mixin.py:190} INFO - [2026-08-08T17:29:42.421+0000] {dag.py:4138} INFO - Setting next_dagrun for example_subdag_operator.section-1 to None, run_after=None
[2026-08-08T17:29:42.423+0000] {logging_mixin.py:190} INFO - [2026-08-08T17:29:42.423+0000] {dag.py:4138} INFO - Setting next_dagrun for example_subdag_operator.section-2 to None, run_after=None
[2026-08-08T17:29:42.430+0000] {logging_mixin.py:190} INFO - [2026-08-08T17:29:42.430+0000] {dag.py:3211} INFO - Sync 2 DAGs
[2026-08-08T17:29:42.436+0000] {logging_mixin.py:190} INFO - [2026-08-08T17:29:42.436+0000] {dag.py:4138} INFO - Setting next_dagrun for example_subdag_operator.section-1 to None, run_after=None
[2026-08-08T17:29:42.437+0000] {logging_mixin.py:190} INFO - [2026-08-08T17:29:42.437+0000] {dag.py:4138} INFO - Setting next_dagrun for example_subdag_operator.section-2 to None, run_after=None
[2026-08-08T17:29:42.451+0000] {processor.py:208} INFO - Processing /home/airflow/.local/lib/python3.12/site-packages/airflow/example_dags/example_subdag_operator.py took 0.113 seconds
[2026-08-08T17:30:13.166+0000] {processor.py:186} INFO - Started process (PID=717) to work on /home/airflow/.local/lib/python3.12/site-packages/airflow/example_dags/example_subdag_operator.py
[2026-08-08T17:30:13.168+0000] {processor.py:914} INFO - Processing file /home/airflow/.local/lib/python3.12/site-packages/airflow/example_dags/example_subdag_operator.py for tasks to queue
[2026-08-08T17:30:13.172+0000] {logging_mixin.py:190} INFO - [2026-08-08T17:30:13.172+0000] {dagbag.py:587} INFO - Filling up the DagBag from /home/airflow/.local/lib/python3.12/site-packages/airflow/example_dags/example_subdag_operator.py
[2026-08-08T17:30:13.211+0000] {processor.py:925} INFO - DAG(s) 'example_subdag_operator.section-1', 'example_subdag_operator.section-2', 'example_subdag_operator' retrieved from /home/airflow/.local/lib/python3.12/site-packages/airflow/example_dags/example_subdag_operator.py
[2026-08-08T17:30:13.227+0000] {logging_mixin.py:190} INFO - [2026-08-08T17:30:13.227+0000] {dag.py:3211} INFO - Sync 3 DAGs
[2026-08-08T17:30:13.249+0000] {logging_mixin.py:190} INFO - [2026-08-08T17:30:13.249+0000] {dag.py:4138} INFO - Setting next_dagrun for example_subdag_operator to 2022-01-01 00:00:00+00:00, run_after=2022-01-01 00:00:00+00:00
[2026-08-08T17:30:13.254+0000] {logging_mixin.py:190} INFO - [2026-08-08T17:30:13.254+0000] {dag.py:4138} INFO - Setting next_dagrun for example_subdag_operator.section-1 to None, run_after=None
[2026-08-08T17:30:13.256+0000] {logging_mixin.py:190} INFO - [2026-08-08T17:30:13.256+0000] {dag.py:4138} INFO - Setting next_dagrun for example_subdag_operator.section-2 to None, run_after=None
[2026-08-08T17:30:13.262+0000] {logging_mixin.py:190} INFO - [2026-08-08T17:30:13.262+0000] {dag.py:3211} INFO - Sync 2 DAGs
[2026-08-08T17:30:13.265+0000] {logging_mixin.py:190} INFO - [2026-08-08T17:30:13.265+0000] {dag.py:4138} INFO - Setting next_dagrun for example_subdag_operator.section-1 to None, run_after=None
[2026-08-08T17:30:13.266+0000] {logging_mixin.py:190} INFO - [2026-08-08T17:30:13.266+0000] {dag.py:4138} INFO - Setting next_dagrun for example_subdag_operator.section-2 to None, run_after=None
[2026-08-08T17:30:13.280+0000] {processor.py:208} INFO - Processing /home/airflow/.local/lib/python3.12/site-packages/airflow/example_dags/example_subdag_operator.py took 0.119 seconds
[2026-08-08T17:30:43.916+0000] {processor.py:186} INFO - Started process (PID=780) to work on /home/airflow/.local/lib/python3.12/site-packages/airflow/example_dags/example_subdag_operator.py
[2026-08-08T17:30:43.917+0000] {processor.py:914} INFO - Processing file /home/airflow/.local/lib/python3.12/site-packages/airflow/example_dags/example_subdag_operator.py for tasks to queue
[2026-08-08T17:30:43.920+0000] {logging_mixin.py:190} INFO - [2026-08-08T17:30:43.919+0000] {dagbag.py:587} INFO - Filling up the DagBag from /home/airflow/.local/lib/python3.12/site-packages/airflow/example_dags/example_subdag_operator.py
[2026-08-08T17:30:43.947+0000] {processor.py:925} INFO - DAG(s) 'example_subdag_operator.section-1', 'example_subdag_operator.section-2', 'example_subdag_operator' retrieved from /home/airflow/.local/lib/python3.12/site-packages/airflow/example_dags/example_subdag_operator.py
[2026-08-08T17:30:43.964+0000] {logging_mixin.py:190} INFO - [2026-08-08T17:30:43.963+0000] {dag.py:3211} INFO - Sync 3 DAGs
[2026-08-08T17:30:43.983+0000] {logging_mixin.py:190} INFO - [2026-08-08T17:30:43.983+0000] {dag.py:4138} INFO - Setting next_dagrun for example_subdag_operator to 2022-01-01 00:00:00+00:00, run_after=2022-01-01 00:00:00+00:00
[2026-08-08T17:30:43.988+0000] {logging_mixin.py:190} INFO - [2026-08-08T17:30:43.987+0000] {dag.py:4138} INFO - Setting next_dagrun for example_subdag_operator.section-1 to None, run_after=None
[2026-08-08T17:30:43.989+0000] {logging_mixin.py:190} INFO - [2026-08-08T17:30:43.989+0000] {dag.py:4138} INFO - Setting next_dagrun for example_subdag_operator.section-2 to None, run_after=None
[2026-08-08T17:30:43.997+0000] {logging_mixin.py:190} INFO - [2026-08-08T17:30:43.997+0000] {dag.py:3211} INFO - Sync 2 DAGs
[2026-08-08T17:30:44.002+0000] {logging_mixin.py:190} INFO - [2026-08-08T17:30:44.001+0000] {dag.py:4138} INFO - Setting next_dagrun for example_subdag_operator.section-1 to None, run_after=None
[2026-08-08T17:30:44.002+0000] {logging_mixin.py:190} INFO - [2026-08-08T17:30:44.002+0000] {dag.py:4138} INFO - Setting next_dagrun for example_subdag_operator.section-2 to None, run_after=None
[2026-08-08T17:30:44.019+0000] {processor.py:208} INFO - Processing /home/airflow/.local/lib/python3.12/site-packages/airflow/example_dags/example_subdag_operator.py took 0.110 seconds
[2026-08-08T17:31:14.377+0000] {processor.py:186} INFO - Started process (PID=843) to work on /home/airflow/.local/lib/python3.12/site-packages/airflow/example_dags/example_subdag_operator.py
[2026-08-08T17:31:14.378+0000] {processor.py:914} INFO - Processing file /home/airflow/.local/lib/python3.12/site-packages/airflow/example_dags/example_subdag_operator.py for tasks to queue
[2026-08-08T17:31:14.381+0000] {logging_mixin.py:190} INFO - [2026-08-08T17:31:14.381+0000] {dagbag.py:587} INFO - Filling up the DagBag from /home/airflow/.local/lib/python3.12/site-packages/airflow/example_dags/example_subdag_operator.py
[2026-08-08T17:31:14.425+0000] {processor.py:925} INFO - DAG(s) 'example_subdag_operator.section-1', 'example_subdag_operator.section-2', 'example_subdag_operator' retrieved from /home/airflow/.local/lib/python3.12/site-packages/airflow/example_dags/example_subdag_operator.py
[2026-08-08T17:31:14.451+0000] {logging_mixin.py:190} INFO - [2026-08-08T17:31:14.451+0000] {dag.py:3211} INFO - Sync 3 DAGs
[2026-08-08T17:31:14.479+0000] {logging_mixin.py:190} INFO - [2026-08-08T17:31:14.479+0000] {dag.py:4138} INFO - Setting next_dagrun for example_subdag_operator to 2022-01-01 00:00:00+00:00, run_after=2022-01-01 00:00:00+00:00
[2026-08-08T17:31:14.484+0000] {logging_mixin.py:190} INFO - [2026-08-08T17:31:14.484+0000] {dag.py:4138} INFO - Setting next_dagrun for example_subdag_operator.section-1 to None, run_after=None
[2026-08-08T17:31:14.486+0000] {logging_mixin.py:190} INFO - [2026-08-08T17:31:14.486+0000] {dag.py:4138} INFO - Setting next_dagrun for example_subdag_operator.section-2 to None, run_after=None
[2026-08-08T17:31:14.498+0000] {logging_mixin.py:190} INFO - [2026-08-08T17:31:14.498+0000] {dag.py:3211} INFO - Sync 2 DAGs
[2026-08-08T17:31:14.506+0000] {logging_mixin.py:190} INFO - [2026-08-08T17:31:14.506+0000] {dag.py:4138} INFO - Setting next_dagrun for example_subdag_operator.section-1 to None, run_after=None
[2026-08-08T17:31:14.508+0000] {logging_mixin.py:190} INFO - [2026-08-08T17:31:14.507+0000] {dag.py:4138} INFO - Setting next_dagrun for example_subdag_operator.section-2 to None, run_after=None
[2026-08-08T17:31:14.524+0000] {processor.py:208} INFO - Processing /home/airflow/.local/lib/python3.12/site-packages/airflow/example_dags/example_subdag_operator.py took 0.157 seconds
[2026-08-08T17:31:44.972+0000] {processor.py:186} INFO - Started process (PID=906) to work on /home/airflow/.local/lib/python3.12/site-packages/airflow/example_dags/example_subdag_operator.py
[2026-08-08T17:31:44.973+0000] {processor.py:914} INFO - Processing file /home/airflow/.local/lib/python3.12/site-packages/airflow/example_dags/example_subdag_operator.py for tasks to queue
[2026-08-08T17:31:44.977+0000] {logging_mixin.py:190} INFO - [2026-08-08T17:31:44.976+0000] {dagbag.py:587} INFO - Filling up the DagBag from /home/airflow/.local/lib/python3.12/site-packages/airflow/example_dags/example_subdag_operator.py
[2026-08-08T17:31:45.005+0000] {processor.py:925} INFO - DAG(s) 'example_subdag_operator.section-1', 'example_subdag_operator.section-2', 'example_subdag_operator' retrieved from /home/airflow/.local/lib/python3.12/site-packages/airflow/example_dags/example_subdag_operator.py
[2026-08-08T17:31:45.022+0000] {logging_mixin.py:190} INFO - [2026-08-08T17:31:45.021+0000] {dag.py:3211} INFO - Sync 3 DAGs
[2026-08-08T17:31:45.040+0000] {logging_mixin.py:190} INFO - [2026-08-08T17:31:45.040+0000] {dag.py:4138} INFO - Setting next_dagrun for example_subdag_operator to 2022-01-01 00:00:00+00:00, run_after=2022-01-01 00:00:00+00:00
[2026-08-08T17:31:45.043+0000] {logging_mixin.py:190} INFO - [2026-08-08T17:31:45.043+0000] {dag.py:4138} INFO - Setting next_dagrun for example_subdag_operator.section-1 to None, run_after=None
[2026-08-08T17:31:45.045+0000] {logging_mixin.py:190} INFO - [2026-08-08T17:31:45.045+0000] {dag.py:4138} INFO - Setting next_dagrun for example_subdag_operator.section-2 to None, run_after=None
[2026-08-08T17:31:45.053+0000] {logging_mixin.py:190} INFO - [2026-08-08T17:31:45.053+0000] {dag.py:3211} INFO - Sync 2 DAGs
[2026-08-08T17:31:45.057+0000] {logging_mixin.py:190} INFO - [2026-08-08T17:31:45.057+0000] {dag.py:4138} INFO - Setting next_dagrun for example_subdag_operator.section-1 to None, run_after=None
[2026-08-08T17:31:45.058+0000] {logging_mixin.py:190} INFO - [2026-08-08T17:31:45.058+0000] {dag.py:4138} INFO - Setting next_dagrun for example_subdag_operator.section-2 to None, run_after=None
[2026-08-08T17:31:45.073+0000] {processor.py:208} INFO - Processing /home/airflow/.local/lib/python3.12/site-packages/airflow/example_dags/example_subdag_operator.py took 0.108 seconds
[2026-08-08T17:32:15.449+0000] {processor.py:186} INFO - Started process (PID=969) to work on /home/airflow/.local/lib/python3.12/site-packages/airflow/example_dags/example_subdag_operator.py
[2026-08-08T17:32:15.450+0000] {processor.py:914} INFO - Processing file /home/airflow/.local/lib/python3.12/site-packages/airflow/example_dags/example_subdag_operator.py for tasks to queue
[2026-08-08T17:32:15.453+0000] {logging_mixin.py:190} INFO - [2026-08-08T17:32:15.453+0000] {dagbag.py:587} INFO - Filling up the DagBag from /home/airflow/.local/lib/python3.12/site-packages/airflow/example_dags/example_subdag_operator.py
[2026-08-08T17:32:15.474+0000] {processor.py:925} INFO - DAG(s) 'example_subdag_operator.section-1', 'example_subdag_operator.section-2', 'example_subdag_operator' retrieved from /home/airflow/.local/lib/python3.12/site-packages/airflow/example_dags/example_subdag_operator.py
[2026-08-08T17:32:15.484+0000] {logging_mixin.py:190} INFO - [2026-08-08T17:32:15.484+0000] {dag.py:3211} INFO - Sync 3 DAGs
[2026-08-08T17:32:15.500+0000] {logging_mixin.py:190} INFO - [2026-08-08T17:32:15.499+0000] {dag.py:4138} INFO - Setting next_dagrun for example_subdag_operator to 2022-01-01 00:00:00+00:00, run_after=2022-01-01 00:00:00+00:00
[2026-08-08T17:32:15.502+0000] {logging_mixin.py:190} INFO - [2026-08-08T17:32:15.502+0000] {dag.py:4138} INFO - Setting next_dagrun for example_subdag_operator.section-1 to None, run_after=None
[2026-08-08T17:32:15.503+0000] {logging_mixin.py:190} INFO - [2026-08-08T17:32:15.503+0000] {dag.py:4138} INFO - Setting next_dagrun for example_subdag_operator.section-2 to None, run_after=None
[2026-08-08T17:32:15.509+0000] {logging_mixin.py:190} INFO - [2026-08-08T17:32:15.509+0000] {dag.py:3211} INFO - Sync 2 DAGs
[2026-08-08T17:32:15.514+0000] {logging_mixin.py:190} INFO - [2026-08-08T17:32:15.513+0000] {dag.py:4138} INFO - Setting next_dagrun for example_subdag_operator.section-1 to None, run_after=None
[2026-08-08T17:32:15.514+0000] {logging_mixin.py:190} INFO - [2026-08-08T17:32:15.514+0000] {dag.py:4138} INFO - Setting next_dagrun for example_subdag_operator.section-2 to None, run_after=None
[2026-08-08T17:32:15.527+0000] {processor.py:208} INFO - Processing /home/airflow/.local/lib/python3.12/site-packages/airflow/example_dags/example_subdag_operator.py took 0.083 seconds
[2026-08-08T17:32:45.844+0000] {processor.py:186} INFO - Started process (PID=1032) to work on /home/airflow/.local/lib/python3.12/site-packages/airflow/example_dags/example_subdag_operator.py
[2026-08-08T17:32:45.846+0000] {processor.py:914} INFO - Processing file /home/airflow/.local/lib/python3.12/site-packages/airflow/example_dags/example_subdag_operator.py for tasks to queue
[2026-08-08T17:32:45.849+0000] {logging_mixin.py:190} INFO - [2026-08-08T17:32:45.848+0000] {dagbag.py:587} INFO - Filling up the DagBag from /home/airflow/.local/lib/python3.12/site-packages/airflow/example_dags/example_subdag_operator.py
[2026-08-08T17:32:45.871+0000] {processor.py:925} INFO - DAG(s) 'example_subdag_operator.section-1', 'example_subdag_operator.section-2', 'example_subdag_operator' retrieved from /home/airflow/.local/lib/python3.12/site-packages/airflow/example_dags/example_subdag_operator.py
[2026-08-08T17:32:45.884+0000] {logging_mixin.py:190} INFO - [2026-08-08T17:32:45.884+0000] {dag.py:3211} INFO - Sync 3 DAGs
[2026-08-08T17:32:45.902+0000] {logging_mixin.py:190} INFO - [2026-08-08T17:32:45.902+0000] {dag.py:4138} INFO - Setting next_dagrun for example_subdag_operator to 2022-01-01 00:00:00+00:00, run_after=2022-01-01 00:00:00+00:00
[2026-08-08T17:32:45.906+0000] {logging_mixin.py:190} INFO - [2026-08-08T17:32:45.905+0000] {dag.py:4138} INFO - Setting next_dagrun for example_subdag_operator.section-1 to None, run_after=None
[2026-08-08T17:32:45.907+0000] {logging_mixin.py:190} INFO - [2026-08-08T17:32:45.907+0000] {dag.py:4138} INFO - Setting next_dagrun for example_subdag_operator.section-2 to None, run_after=None
[2026-08-08T17:32:45.913+0000] {logging_mixin.py:190} INFO - [2026-08-08T17:32:45.913+0000] {dag.py:3211} INFO - Sync 2 DAGs
[2026-08-08T17:32:45.918+0000] {logging_mixin.py:190} INFO - [2026-08-08T17:32:45.917+0000] {dag.py:4138} INFO - Setting next_dagrun for example_subdag_operator.section-1 to None, run_after=None
[2026-08-08T17:32:45.918+0000] {logging_mixin.py:190} INFO - [2026-08-08T17:32:45.918+0000] {dag.py:4138} INFO - Setting next_dagrun for example_subdag_operator.section-2 to None, run_after=None
[2026-08-08T17:32:45.933+0000] {processor.py:208} INFO - Processing /home/airflow/.local/lib/python3.12/site-packages/airflow/example_dags/example_subdag_operator.py took 0.094 seconds
[2026-08-08T17:33:16.456+0000] {processor.py:186} INFO - Started process (PID=1095) to work on /home/airflow/.local/lib/python3.12/site-packages/airflow/example_dags/example_subdag_operator.py
[2026-08-08T17:33:16.458+0000] {processor.py:914} INFO - Processing file /home/airflow/.local/lib/python3.12/site-packages/airflow/example_dags/example_subdag_operator.py for tasks to queue
[2026-08-08T17:33:16.461+0000] {logging_mixin.py:190} INFO - [2026-08-08T17:33:16.461+0000] {dagbag.py:587} INFO - Filling up the DagBag from /home/airflow/.local/lib/python3.12/site-packages/airflow/example_dags/example_subdag_operator.py
[2026-08-08T17:33:16.492+0000] {processor.py:925} INFO - DAG(s) 'example_subdag_operator.section-1', 'example_subdag_operator.section-2', 'example_subdag_operator' retrieved from /home/airflow/.local/lib/python3.12/site-packages/airflow/example_dags/example_subdag_operator.py
[2026-08-08T17:33:16.516+0000] {logging_mixin.py:190} INFO - [2026-08-08T17:33:16.516+0000] {dag.py:3211} INFO - Sync 3 DAGs
[2026-08-08T17:33:16.539+0000] {logging_mixin.py:190} INFO - [2026-08-08T17:33:16.539+0000] {dag.py:4138} INFO - Setting next_dagrun for example_subdag_operator to 2022-01-01 00:00:00+00:00, run_after=2022-01-01 00:00:00+00:00
[2026-08-08T17:33:16.546+0000] {logging_mixin.py:190} INFO - [2026-08-08T17:33:16.546+0000] {dag.py:4138} INFO - Setting next_dagrun for example_subdag_operator.section-1 to None, run_after=None
[2026-08-08T17:33:16.548+0000] {logging_mixin.py:190} INFO - [2026-08-08T17:33:16.548+0000] {dag.py:4138} INFO - Setting next_dagrun for example_subdag_operator.section-2 to None, run_after=None
[2026-08-08T17:33:16.558+0000] {logging_mixin.py:190} INFO - [2026-08-08T17:33:16.557+0000] {dag.py:3211} INFO - Sync 2 DAGs
[2026-08-08T17:33:16.564+0000] {logging_mixin.py:190} INFO - [2026-08-08T17:33:16.563+0000] {dag.py:4138} INFO - Setting next_dagrun for example_subdag_operator.section-1 to None, run_after=None
[2026-08-08T17:33:16.564+0000] {logging_mixin.py:190} INFO - [2026-08-08T17:33:16.564+0000] {dag.py:4138} INFO - Setting next_dagrun for example_subdag_operator.section-2 to None, run_after=None
[2026-08-08T17:33:16.576+0000] {processor.py:208} INFO - Processing /home/airflow/.local/lib/python3.12/site-packages/airflow/example_dags/example_subdag_operator.py took 0.129 seconds
[2026-08-08T17:33:46.983+0000] {processor.py:186} INFO - Started process (PID=1158) to work on /home/airflow/.local/lib/python3.12/site-packages/airflow/example_dags/example_subdag_operator.py
[2026-08-08T17:33:46.984+0000] {processor.py:914} INFO - Processing file /home/airflow/.local/lib/python3.12/site-packages/airflow/example_dags/example_subdag_operator.py for tasks to queue
[2026-08-08T17:33:46.986+0000] {logging_mixin.py:190} INFO - [2026-08-08T17:33:46.986+0000] {dagbag.py:587} INFO - Filling up the DagBag from /home/airflow/.local/lib/python3.12/site-packages/airflow/example_dags/example_subdag_operator.py
[2026-08-08T17:33:47.006+0000] {processor.py:925} INFO - DAG(s) 'example_subdag_operator.section-1', 'example_subdag_operator.section-2', 'example_subdag_operator' retrieved from /home/airflow/.local/lib/python3.12/site-packages/airflow/example_dags/example_subdag_operator.py
[2026-08-08T17:33:47.017+0000] {logging_mixin.py:190} INFO - [2026-08-08T17:33:47.016+0000] {dag.py:3211} INFO - Sync 3 DAGs
[2026-08-08T17:33:47.031+0000] {logging_mixin.py:190} INFO - [2026-08-08T17:33:47.031+0000] {dag.py:4138} INFO - Setting next_dagrun for example_subdag_operator to 2022-01-01 00:00:00+00:00, run_after=2022-01-01 00:00:00+00:00
[2026-08-08T17:33:47.034+0000] {logging_mixin.py:190} INFO - [2026-08-08T17:33:47.034+0000] {dag.py:4138} INFO - Setting next_dagrun for example_subdag_operator.section-1 to None, run_after=None
[2026-08-08T17:33:47.036+0000] {logging_mixin.py:190} INFO - [2026-08-08T17:33:47.036+0000] {dag.py:4138} INFO - Setting next_dagrun for example_subdag_operator.section-2 to None, run_after=None
[2026-08-08T17:33:47.041+0000] {logging_mixin.py:190} INFO - [2026-08-08T17:33:47.041+0000] {dag.py:3211} INFO - Sync 2 DAGs
[2026-08-08T17:33:47.045+0000] {logging_mixin.py:190} INFO - [2026-08-08T17:33:47.045+0000] {dag.py:4138} INFO - Setting next_dagrun for example_subdag_operator.section-1 to None, run_after=None
[2026-08-08T17:33:47.046+0000] {logging_mixin.py:190} INFO - [2026-08-08T17:33:47.046+0000] {dag.py:4138} INFO - Setting next_dagrun for example_subdag_operator.section-2 to None, run_after=None
[2026-08-08T17:33:47.058+0000] {processor.py:208} INFO - Processing /home/airflow/.local/lib/python3.12/site-packages/airflow/example_dags/example_subdag_operator.py took 0.081 seconds
[2026-08-08T17:34:17.318+0000] {processor.py:186} INFO - Started process (PID=1221) to work on /home/airflow/.local/lib/python3.12/site-packages/airflow/example_dags/example_subdag_operator.py
[2026-08-08T17:34:17.319+0000] {processor.py:914} INFO - Processing file /home/airflow/.local/lib/python3.12/site-packages/airflow/example_dags/example_subdag_operator.py for tasks to queue
[2026-08-08T17:34:17.322+0000] {logging_mixin.py:190} INFO - [2026-08-08T17:34:17.321+0000] {dagbag.py:587} INFO - Filling up the DagBag from /home/airflow/.local/lib/python3.12/site-packages/airflow/example_dags/example_subdag_operator.py
[2026-08-08T17:34:17.340+0000] {processor.py:925} INFO - DAG(s) 'example_subdag_operator.section-1', 'example_subdag_operator.section-2', 'example_subdag_operator' retrieved from /home/airflow/.local/lib/python3.12/site-packages/airflow/example_dags/example_subdag_operator.py
[2026-08-08T17:34:17.351+0000] {logging_mixin.py:190} INFO - [2026-08-08T17:34:17.351+0000] {dag.py:3211} INFO - Sync 3 DAGs
[2026-08-08T17:34:17.365+0000] {logging_mixin.py:190} INFO - [2026-08-08T17:34:17.365+0000] {dag.py:4138} INFO - Setting next_dagrun for example_subdag_operator to 2022-01-01 00:00:00+00:00, run_after=2022-01-01 00:00:00+00:00
[2026-08-08T17:34:17.368+0000] {logging_mixin.py:190} INFO - [2026-08-08T17:34:17.368+0000] {dag.py:4138} INFO - Setting next_dagrun for example_subdag_operator.section-1 to None, run_after=None
[2026-08-08T17:34:17.370+0000] {logging_mixin.py:190} INFO - [2026-08-08T17:34:17.370+0000] {dag.py:4138} INFO - Setting next_dagrun for example_subdag_operator.section-2 to None, run_after=None
[2026-08-08T17:34:17.381+0000] {logging_mixin.py:190} INFO - [2026-08-08T17:34:17.381+0000] {dag.py:3211} INFO - Sync 2 DAGs
[2026-08-08T17:34:17.391+0000] {logging_mixin.py:190} INFO - [2026-08-08T17:34:17.390+0000] {dag.py:4138} INFO - Setting next_dagrun for example_subdag_operator.section-1 to None, run_after=None
[2026-08-08T17:34:17.392+0000] {logging_mixin.py:190} INFO - [2026-08-08T17:34:17.392+0000] {dag.py:4138} INFO - Setting next_dagrun for example_subdag_operator.section-2 to None, run_after=None
[2026-08-08T17:34:17.409+0000] {processor.py:208} INFO - Processing /home/airflow/.local/lib/python3.12/site-packages/airflow/example_dags/example_subdag_operator.py took 0.096 seconds
[2026-08-08T17:34:48.287+0000] {processor.py:186} INFO - Started process (PID=1284) to work on /home/airflow/.local/lib/python3.12/site-packages/airflow/example_dags/example_subdag_operator.py
[2026-08-08T17:34:48.288+0000] {processor.py:914} INFO - Processing file /home/airflow/.local/lib/python3.12/site-packages/airflow/example_dags/example_subdag_operator.py for tasks to queue
[2026-08-08T17:34:48.291+0000] {logging_mixin.py:190} INFO - [2026-08-08T17:34:48.290+0000] {dagbag.py:587} INFO - Filling up the DagBag from /home/airflow/.local/lib/python3.12/site-packages/airflow/example_dags/example_subdag_operator.py
[2026-08-08T17:34:48.310+0000] {processor.py:925} INFO - DAG(s) 'example_subdag_operator.section-1', 'example_subdag_operator.section-2', 'example_subdag_operator' retrieved from /home/airflow/.local/lib/python3.12/site-packages/airflow/example_dags/example_subdag_operator.py
[2026-08-08T17:34:48.320+0000] {logging_mixin.py:190} INFO - [2026-08-08T17:34:48.319+0000] {dag.py:3211} INFO - Sync 3 DAGs
[2026-08-08T17:34:48.335+0000] {logging_mixin.py:190} INFO - [2026-08-08T17:34:48.335+0000] {dag.py:4138} INFO - Setting next_dagrun for example_subdag_operator to 2022-01-01 00:00:00+00:00, run_after=2022-01-01 00:00:00+00:00
[2026-08-08T17:34:48.338+0000] {logging_mixin.py:190} INFO - [2026-08-08T17:34:48.337+0000] {dag.py:4138} INFO - Setting next_dagrun for example_subdag_operator.section-1 to None, run_after=None
[2026-08-08T17:34:48.339+0000] {logging_mixin.py:190} INFO - [2026-08-08T17:34:48.339+0000] {dag.py:4138} INFO - Setting next_dagrun for example_subdag_operator.section-2 to None, run_after=None
[2026-08-08T17:34:48.345+0000] {logging_mixin.py:190} INFO - [2026-08-08T17:34:48.345+0000] {dag.py:3211} INFO - Sync 2 DAGs
[2026-08-08T17:34:48.349+0000] {logging_mixin.py:190} INFO - [2026-08-08T17:34:48.349+0000] {dag.py:4138} INFO - Setting next_dagrun for example_subdag_operator.section-1 to None, run_after=None
[2026-08-08T17:34:48.349+0000] {logging_mixin.py:190} INFO - [2026-08-08T17:34:48.349+0000] {dag.py:4138} INFO - Setting next_dagrun for example_subdag_operator.section-2 to None, run_after=None
[2026-08-08T17:34:48.362+0000] {processor.py:208} INFO - Processing /home/airflow/.local/lib/python3.12/site-packages/airflow/example_dags/example_subdag_operator.py took 0.080 seconds
[2026-08-08T17:35:18.860+0000] {processor.py:186} INFO - Started process (PID=1347) to work on /home/airflow/.local/lib/python3.12/site-packages/airflow/example_dags/example_subdag_operator.py
[2026-08-08T17:35:18.861+0000] {processor.py:914} INFO - Processing file /home/airflow/.local/lib/python3.12/site-packages/airflow/example_dags/example_subdag_operator.py for tasks to queue
[2026-08-08T17:35:18.864+0000] {logging_mixin.py:190} INFO - [2026-08-08T17:35:18.864+0000] {dagbag.py:587} INFO - Filling up the DagBag from /home/airflow/.local/lib/python3.12/site-packages/airflow/example_dags/example_subdag_operator.py
[2026-08-08T17:35:18.885+0000] {processor.py:925} INFO - DAG(s) 'example_subdag_operator.section-1', 'example_subdag_operator.section-2', 'example_subdag_operator' retrieved from /home/airflow/.local/lib/python3.12/site-packages/airflow/example_dags/example_subdag_operator.py
[2026-08-08T17:35:18.896+0000] {logging_mixin.py:190} INFO - [2026-08-08T17:35:18.896+0000] {dag.py:3211} INFO - Sync 3 DAGs
[2026-08-08T17:35:18.912+0000] {logging_mixin.py:190} INFO - [2026-08-08T17:35:18.912+0000] {dag.py:4138} INFO - Setting next_dagrun for example_subdag_operator to 2022-01-01 00:00:00+00:00, run_after=2022-01-01 00:00:00+00:00
[2026-08-08T17:35:18.915+0000] {logging_mixin.py:190} INFO - [2026-08-08T17:35:18.915+0000] {dag.py:4138} INFO - Setting next_dagrun for example_subdag_operator.section-1 to None, run_after=None
[2026-08-08T17:35:18.917+0000] {logging_mixin.py:190} INFO - [2026-08-08T17:35:18.917+0000] {dag.py:4138} INFO - Setting next_dagrun for example_subdag_operator.section-2 to None, run_after=None
[2026-08-08T17:35:18.922+0000] {logging_mixin.py:190} INFO - [2026-08-08T17:35:18.922+0000] {dag.py:3211} INFO - Sync 2 DAGs
[2026-08-08T17:35:18.926+0000] {logging_mixin.py:190} INFO - [2026-08-08T17:35:18.926+0000] {dag.py:4138} INFO - Setting next_dagrun for example_subdag_operator.section-1 to None, run_after=None
[2026-08-08T17:35:18.927+0000] {logging_mixin.py:190} INFO - [2026-08-08T17:35:18.927+0000] {dag.py:4138} INFO - Setting next_dagrun for example_subdag_operator.section-2 to None, run_after=None
[2026-08-08T17:35:18.938+0000] {processor.py:208} INFO - Processing /home/airflow/.local/lib/python3.12/site-packages/airflow/example_dags/example_subdag_operator.py took 0.082 seconds
[2026-08-08T17:35:49.796+0000] {processor.py:186} INFO - Started process (PID=1410) to work on /home/airflow/.local/lib/python3.12/site-packages/airflow/example_dags/example_subdag_operator.py
[2026-08-08T17:35:49.798+0000] {processor.py:914} INFO - Processing file /home/airflow/.local/lib/python3.12/site-packages/airflow/example_dags/example_subdag_operator.py for tasks to queue
[2026-08-08T17:35:49.800+0000] {logging_mixin.py:190} INFO - [2026-08-08T17:35:49.800+0000] {dagbag.py:587} INFO - Filling up the DagBag from /home/airflow/.local/lib/python3.12/site-packages/airflow/example_dags/example_subdag_operator.py
[2026-08-08T17:35:49.821+0000] {processor.py:925} INFO - DAG(s) 'example_subdag_operator.section-1', 'example_subdag_operator.section-2', 'example_subdag_operator' retrieved from /home/airflow/.local/lib/python3.12/site-packages/airflow/example_dags/example_subdag_operator.py
[2026-08-08T17:35:49.832+0000] {logging_mixin.py:190} INFO - [2026-08-08T17:35:49.831+0000] {dag.py:3211} INFO - Sync 3 DAGs
[2026-08-08T17:35:49.849+0000] {logging_mixin.py:190} INFO - [2026-08-08T17:35:49.848+0000] {dag.py:4138} INFO - Setting next_dagrun for example_subdag_operator to 2022-01-01 00:00:00+00:00, run_after=2022-01-01 00:00:00+00:00
[2026-08-08T17:35:49.852+0000] {logging_mixin.py:190} INFO - [2026-08-08T17:35:49.852+0000] {dag.py:4138} INFO - Setting next_dagrun for example_subdag_operator.section-1 to None, run_after=None
[2026-08-08T17:35:49.853+0000] {logging_mixin.py:190} INFO - [2026-08-08T17:35:49.853+0000] {dag.py:4138} INFO - Setting next_dagrun for example_subdag_operator.section-2 to None, run_after=None
[2026-08-08T17:35:49.858+0000] {logging_mixin.py:190} INFO - [2026-08-08T17:35:49.858+0000] {dag.py:3211} INFO - Sync 2 DAGs
[2026-08-08T17:35:49.862+0000] {logging_mixin.py:190} INFO - [2026-08-08T17:35:49.862+0000] {dag.py:4138} INFO - Setting next_dagrun for example_subdag_operator.section-1 to None, run_after=None
[2026-08-08T17:35:49.863+0000] {logging_mixin.py:190} INFO - [2026-08-08T17:35:49.862+0000] {dag.py:4138} INFO - Setting next_dagrun for example_subdag_operator.section-2 to None, run_after=None
[2026-08-08T17:35:49.873+0000] {processor.py:208} INFO - Processing /home/airflow/.local/lib/python3.12/site-packages/airflow/example_dags/example_subdag_operator.py took 0.082 seconds
[2026-08-08T17:36:20.300+0000] {processor.py:186} INFO - Started process (PID=1473) to work on /home/airflow/.local/lib/python3.12/site-packages/airflow/example_dags/example_subdag_operator.py
[2026-08-08T17:36:20.301+0000] {processor.py:914} INFO - Processing file /home/airflow/.local/lib/python3.12/site-packages/airflow/example_dags/example_subdag_operator.py for tasks to queue
[2026-08-08T17:36:20.304+0000] {logging_mixin.py:190} INFO - [2026-08-08T17:36:20.303+0000] {dagbag.py:587} INFO - Filling up the DagBag from /home/airflow/.local/lib/python3.12/site-packages/airflow/example_dags/example_subdag_operator.py
[2026-08-08T17:36:20.326+0000] {processor.py:925} INFO - DAG(s) 'example_subdag_operator.section-1', 'example_subdag_operator.section-2', 'example_subdag_operator' retrieved from /home/airflow/.local/lib/python3.12/site-packages/airflow/example_dags/example_subdag_operator.py
[2026-08-08T17:36:20.339+0000] {logging_mixin.py:190} INFO - [2026-08-08T17:36:20.338+0000] {dag.py:3211} INFO - Sync 3 DAGs
[2026-08-08T17:36:20.357+0000] {logging_mixin.py:190} INFO - [2026-08-08T17:36:20.357+0000] {dag.py:4138} INFO - Setting next_dagrun for example_subdag_operator to 2022-01-01 00:00:00+00:00, run_after=2022-01-01 00:00:00+00:00
[2026-08-08T17:36:20.361+0000] {logging_mixin.py:190} INFO - [2026-08-08T17:36:20.361+0000] {dag.py:4138} INFO - Setting next_dagrun for example_subdag_operator.section-1 to None, run_after=None
[2026-08-08T17:36:20.363+0000] {logging_mixin.py:190} INFO - [2026-08-08T17:36:20.363+0000] {dag.py:4138} INFO - Setting next_dagrun for example_subdag_operator.section-2 to None, run_after=None
[2026-08-08T17:36:20.369+0000] {logging_mixin.py:190} INFO - [2026-08-08T17:36:20.369+0000] {dag.py:3211} INFO - Sync 2 DAGs
[2026-08-08T17:36:20.373+0000] {logging_mixin.py:190} INFO - [2026-08-08T17:36:20.373+0000] {dag.py:4138} INFO - Setting next_dagrun for example_subdag_operator.section-1 to None, run_after=None
[2026-08-08T17:36:20.373+0000] {logging_mixin.py:190} INFO - [2026-08-08T17:36:20.373+0000] {dag.py:4138} INFO - Setting next_dagrun for example_subdag_operator.section-2 to None, run_after=None
[2026-08-08T17:36:20.393+0000] {processor.py:208} INFO - Processing /home/airflow/.local/lib/python3.12/site-packages/airflow/example_dags/example_subdag_operator.py took 0.099 seconds
[2026-08-08T17:38:14.806+0000] {processor.py:186} INFO - Started process (PID=70) to work on /home/airflow/.local/lib/python3.12/site-packages/airflow/example_dags/example_subdag_operator.py
[2026-08-08T17:38:14.807+0000] {processor.py:914} INFO - Processing file /home/airflow/.local/lib/python3.12/site-packages/airflow/example_dags/example_subdag_operator.py for tasks to queue
[2026-08-08T17:38:14.809+0000] {logging_mixin.py:190} INFO - [2026-08-08T17:38:14.809+0000] {dagbag.py:587} INFO - Filling up the DagBag from /home/airflow/.local/lib/python3.12/site-packages/airflow/example_dags/example_subdag_operator.py
[2026-08-08T17:38:14.835+0000] {processor.py:925} INFO - DAG(s) 'example_subdag_operator.section-1', 'example_subdag_operator.section-2', 'example_subdag_operator' retrieved from /home/airflow/.local/lib/python3.12/site-packages/airflow/example_dags/example_subdag_operator.py
[2026-08-08T17:38:14.858+0000] {logging_mixin.py:190} INFO - [2026-08-08T17:38:14.857+0000] {dag.py:3211} INFO - Sync 3 DAGs
[2026-08-08T17:38:14.880+0000] {logging_mixin.py:190} INFO - [2026-08-08T17:38:14.880+0000] {dag.py:4138} INFO - Setting next_dagrun for example_subdag_operator to 2022-01-01 00:00:00+00:00, run_after=2022-01-01 00:00:00+00:00
[2026-08-08T17:38:14.884+0000] {logging_mixin.py:190} INFO - [2026-08-08T17:38:14.884+0000] {dag.py:4138} INFO - Setting next_dagrun for example_subdag_operator.section-1 to None, run_after=None
[2026-08-08T17:38:14.886+0000] {logging_mixin.py:190} INFO - [2026-08-08T17:38:14.885+0000] {dag.py:4138} INFO - Setting next_dagrun for example_subdag_operator.section-2 to None, run_after=None
[2026-08-08T17:38:14.893+0000] {logging_mixin.py:190} INFO - [2026-08-08T17:38:14.893+0000] {dag.py:3211} INFO - Sync 2 DAGs
[2026-08-08T17:38:14.899+0000] {logging_mixin.py:190} INFO - [2026-08-08T17:38:14.899+0000] {dag.py:4138} INFO - Setting next_dagrun for example_subdag_operator.section-1 to None, run_after=None
[2026-08-08T17:38:14.900+0000] {logging_mixin.py:190} INFO - [2026-08-08T17:38:14.900+0000] {dag.py:4138} INFO - Setting next_dagrun for example_subdag_operator.section-2 to None, run_after=None
[2026-08-08T17:38:14.914+0000] {processor.py:208} INFO - Processing /home/airflow/.local/lib/python3.12/site-packages/airflow/example_dags/example_subdag_operator.py took 0.115 seconds
[2026-08-08T17:38:45.718+0000] {processor.py:186} INFO - Started process (PID=139) to work on /home/airflow/.local/lib/python3.12/site-packages/airflow/example_dags/example_subdag_operator.py
[2026-08-08T17:38:45.720+0000] {processor.py:914} INFO - Processing file /home/airflow/.local/lib/python3.12/site-packages/airflow/example_dags/example_subdag_operator.py for tasks to queue
[2026-08-08T17:38:45.723+0000] {logging_mixin.py:190} INFO - [2026-08-08T17:38:45.722+0000] {dagbag.py:587} INFO - Filling up the DagBag from /home/airflow/.local/lib/python3.12/site-packages/airflow/example_dags/example_subdag_operator.py
[2026-08-08T17:38:45.754+0000] {processor.py:925} INFO - DAG(s) 'example_subdag_operator.section-1', 'example_subdag_operator.section-2', 'example_subdag_operator' retrieved from /home/airflow/.local/lib/python3.12/site-packages/airflow/example_dags/example_subdag_operator.py
[2026-08-08T17:38:45.770+0000] {logging_mixin.py:190} INFO - [2026-08-08T17:38:45.769+0000] {dag.py:3211} INFO - Sync 3 DAGs
[2026-08-08T17:38:45.792+0000] {logging_mixin.py:190} INFO - [2026-08-08T17:38:45.792+0000] {dag.py:4138} INFO - Setting next_dagrun for example_subdag_operator to 2022-01-01 00:00:00+00:00, run_after=2022-01-01 00:00:00+00:00
[2026-08-08T17:38:45.796+0000] {logging_mixin.py:190} INFO - [2026-08-08T17:38:45.796+0000] {dag.py:4138} INFO - Setting next_dagrun for example_subdag_operator.section-1 to None, run_after=None
[2026-08-08T17:38:45.797+0000] {logging_mixin.py:190} INFO - [2026-08-08T17:38:45.797+0000] {dag.py:4138} INFO - Setting next_dagrun for example_subdag_operator.section-2 to None, run_after=None
[2026-08-08T17:38:45.805+0000] {logging_mixin.py:190} INFO - [2026-08-08T17:38:45.805+0000] {dag.py:3211} INFO - Sync 2 DAGs
[2026-08-08T17:38:45.810+0000] {logging_mixin.py:190} INFO - [2026-08-08T17:38:45.810+0000] {dag.py:4138} INFO - Setting next_dagrun for example_subdag_operator.section-1 to None, run_after=None
[2026-08-08T17:38:45.811+0000] {logging_mixin.py:190} INFO - [2026-08-08T17:38:45.811+0000] {dag.py:4138} INFO - Setting next_dagrun for example_subdag_operator.section-2 to None, run_after=None
[2026-08-08T17:38:45.826+0000] {processor.py:208} INFO - Processing /home/airflow/.local/lib/python3.12/site-packages/airflow/example_dags/example_subdag_operator.py took 0.116 seconds
[2026-08-08T17:39:15.949+0000] {processor.py:186} INFO - Started process (PID=201) to work on /home/airflow/.local/lib/python3.12/site-packages/airflow/example_dags/example_subdag_operator.py
[2026-08-08T17:39:15.950+0000] {processor.py:914} INFO - Processing file /home/airflow/.local/lib/python3.12/site-packages/airflow/example_dags/example_subdag_operator.py for tasks to queue
[2026-08-08T17:39:15.953+0000] {logging_mixin.py:190} INFO - [2026-08-08T17:39:15.952+0000] {dagbag.py:587} INFO - Filling up the DagBag from /home/airflow/.local/lib/python3.12/site-packages/airflow/example_dags/example_subdag_operator.py
[2026-08-08T17:39:15.976+0000] {processor.py:925} INFO - DAG(s) 'example_subdag_operator.section-1', 'example_subdag_operator.section-2', 'example_subdag_operator' retrieved from /home/airflow/.local/lib/python3.12/site-packages/airflow/example_dags/example_subdag_operator.py
[2026-08-08T17:39:15.992+0000] {logging_mixin.py:190} INFO - [2026-08-08T17:39:15.992+0000] {dag.py:3211} INFO - Sync 3 DAGs
[2026-08-08T17:39:16.009+0000] {logging_mixin.py:190} INFO - [2026-08-08T17:39:16.009+0000] {dag.py:4138} INFO - Setting next_dagrun for example_subdag_operator to 2022-01-01 00:00:00+00:00, run_after=2022-01-01 00:00:00+00:00
[2026-08-08T17:39:16.013+0000] {logging_mixin.py:190} INFO - [2026-08-08T17:39:16.013+0000] {dag.py:4138} INFO - Setting next_dagrun for example_subdag_operator.section-1 to None, run_after=None
[2026-08-08T17:39:16.015+0000] {logging_mixin.py:190} INFO - [2026-08-08T17:39:16.014+0000] {dag.py:4138} INFO - Setting next_dagrun for example_subdag_operator.section-2 to None, run_after=None
[2026-08-08T17:39:16.021+0000] {logging_mixin.py:190} INFO - [2026-08-08T17:39:16.021+0000] {dag.py:3211} INFO - Sync 2 DAGs
[2026-08-08T17:39:16.026+0000] {logging_mixin.py:190} INFO - [2026-08-08T17:39:16.026+0000] {dag.py:4138} INFO - Setting next_dagrun for example_subdag_operator.section-1 to None, run_after=None
[2026-08-08T17:39:16.027+0000] {logging_mixin.py:190} INFO - [2026-08-08T17:39:16.026+0000] {dag.py:4138} INFO - Setting next_dagrun for example_subdag_operator.section-2 to None, run_after=None
[2026-08-08T17:39:16.040+0000] {processor.py:208} INFO - Processing /home/airflow/.local/lib/python3.12/site-packages/airflow/example_dags/example_subdag_operator.py took 0.096 seconds
[2026-08-08T17:39:47.048+0000] {processor.py:186} INFO - Started process (PID=264) to work on /home/airflow/.local/lib/python3.12/site-packages/airflow/example_dags/example_subdag_operator.py
[2026-08-08T17:39:47.050+0000] {processor.py:914} INFO - Processing file /home/airflow/.local/lib/python3.12/site-packages/airflow/example_dags/example_subdag_operator.py for tasks to queue
[2026-08-08T17:39:47.052+0000] {logging_mixin.py:190} INFO - [2026-08-08T17:39:47.052+0000] {dagbag.py:587} INFO - Filling up the DagBag from /home/airflow/.local/lib/python3.12/site-packages/airflow/example_dags/example_subdag_operator.py
[2026-08-08T17:39:47.075+0000] {processor.py:925} INFO - DAG(s) 'example_subdag_operator.section-1', 'example_subdag_operator.section-2', 'example_subdag_operator' retrieved from /home/airflow/.local/lib/python3.12/site-packages/airflow/example_dags/example_subdag_operator.py
[2026-08-08T17:39:47.088+0000] {logging_mixin.py:190} INFO - [2026-08-08T17:39:47.088+0000] {dag.py:3211} INFO - Sync 3 DAGs
[2026-08-08T17:39:47.105+0000] {logging_mixin.py:190} INFO - [2026-08-08T17:39:47.105+0000] {dag.py:4138} INFO - Setting next_dagrun for example_subdag_operator to 2022-01-01 00:00:00+00:00, run_after=2022-01-01 00:00:00+00:00
[2026-08-08T17:39:47.108+0000] {logging_mixin.py:190} INFO - [2026-08-08T17:39:47.108+0000] {dag.py:4138} INFO - Setting next_dagrun for example_subdag_operator.section-1 to None, run_after=None
[2026-08-08T17:39:47.110+0000] {logging_mixin.py:190} INFO - [2026-08-08T17:39:47.109+0000] {dag.py:4138} INFO - Setting next_dagrun for example_subdag_operator.section-2 to None, run_after=None
[2026-08-08T17:39:47.116+0000] {logging_mixin.py:190} INFO - [2026-08-08T17:39:47.116+0000] {dag.py:3211} INFO - Sync 2 DAGs
[2026-08-08T17:39:47.121+0000] {logging_mixin.py:190} INFO - [2026-08-08T17:39:47.121+0000] {dag.py:4138} INFO - Setting next_dagrun for example_subdag_operator.section-1 to None, run_after=None
[2026-08-08T17:39:47.125+0000] {logging_mixin.py:190} INFO - [2026-08-08T17:39:47.125+0000] {dag.py:4138} INFO - Setting next_dagrun for example_subdag_operator.section-2 to None, run_after=None
[2026-08-08T17:39:47.140+0000] {processor.py:208} INFO - Processing /home/airflow/.local/lib/python3.12/site-packages/airflow/example_dags/example_subdag_operator.py took 0.097 seconds
[2026-08-08T17:42:38.813+0000] {processor.py:186} INFO - Started process (PID=88) to work on /home/airflow/.local/lib/python3.12/site-packages/airflow/example_dags/example_subdag_operator.py
[2026-08-08T17:42:38.816+0000] {processor.py:914} INFO - Processing file /home/airflow/.local/lib/python3.12/site-packages/airflow/example_dags/example_subdag_operator.py for tasks to queue
[2026-08-08T17:42:38.821+0000] {logging_mixin.py:190} INFO - [2026-08-08T17:42:38.821+0000] {dagbag.py:587} INFO - Filling up the DagBag from /home/airflow/.local/lib/python3.12/site-packages/airflow/example_dags/example_subdag_operator.py
[2026-08-08T17:42:38.860+0000] {processor.py:925} INFO - DAG(s) 'example_subdag_operator.section-1', 'example_subdag_operator.section-2', 'example_subdag_operator' retrieved from /home/airflow/.local/lib/python3.12/site-packages/airflow/example_dags/example_subdag_operator.py
[2026-08-08T17:42:38.885+0000] {logging_mixin.py:190} INFO - [2026-08-08T17:42:38.885+0000] {dag.py:3211} INFO - Sync 3 DAGs
[2026-08-08T17:42:38.911+0000] {logging_mixin.py:190} INFO - [2026-08-08T17:42:38.911+0000] {dag.py:4138} INFO - Setting next_dagrun for example_subdag_operator to 2022-01-01 00:00:00+00:00, run_after=2022-01-01 00:00:00+00:00
[2026-08-08T17:42:38.915+0000] {logging_mixin.py:190} INFO - [2026-08-08T17:42:38.915+0000] {dag.py:4138} INFO - Setting next_dagrun for example_subdag_operator.section-1 to None, run_after=None
[2026-08-08T17:42:38.920+0000] {logging_mixin.py:190} INFO - [2026-08-08T17:42:38.919+0000] {dag.py:4138} INFO - Setting next_dagrun for example_subdag_operator.section-2 to None, run_after=None
[2026-08-08T17:42:38.928+0000] {logging_mixin.py:190} INFO - [2026-08-08T17:42:38.927+0000] {dag.py:3211} INFO - Sync 2 DAGs
[2026-08-08T17:42:38.935+0000] {logging_mixin.py:190} INFO - [2026-08-08T17:42:38.935+0000] {dag.py:4138} INFO - Setting next_dagrun for example_subdag_operator.section-1 to None, run_after=None
[2026-08-08T17:42:38.936+0000] {logging_mixin.py:190} INFO - [2026-08-08T17:42:38.935+0000] {dag.py:4138} INFO - Setting next_dagrun for example_subdag_operator.section-2 to None, run_after=None
[2026-08-08T17:42:38.949+0000] {processor.py:208} INFO - Processing /home/airflow/.local/lib/python3.12/site-packages/airflow/example_dags/example_subdag_operator.py took 0.144 seconds
[2026-08-08T17:43:09.364+0000] {processor.py:186} INFO - Started process (PID=151) to work on /home/airflow/.local/lib/python3.12/site-packages/airflow/example_dags/example_subdag_operator.py
[2026-08-08T17:43:09.367+0000] {processor.py:914} INFO - Processing file /home/airflow/.local/lib/python3.12/site-packages/airflow/example_dags/example_subdag_operator.py for tasks to queue
[2026-08-08T17:43:09.372+0000] {logging_mixin.py:190} INFO - [2026-08-08T17:43:09.372+0000] {dagbag.py:587} INFO - Filling up the DagBag from /home/airflow/.local/lib/python3.12/site-packages/airflow/example_dags/example_subdag_operator.py
[2026-08-08T17:43:09.419+0000] {processor.py:925} INFO - DAG(s) 'example_subdag_operator.section-1', 'example_subdag_operator.section-2', 'example_subdag_operator' retrieved from /home/airflow/.local/lib/python3.12/site-packages/airflow/example_dags/example_subdag_operator.py
[2026-08-08T17:43:09.441+0000] {logging_mixin.py:190} INFO - [2026-08-08T17:43:09.441+0000] {dag.py:3211} INFO - Sync 3 DAGs
[2026-08-08T17:43:09.475+0000] {logging_mixin.py:190} INFO - [2026-08-08T17:43:09.474+0000] {dag.py:4138} INFO - Setting next_dagrun for example_subdag_operator to 2022-01-01 00:00:00+00:00, run_after=2022-01-01 00:00:00+00:00
[2026-08-08T17:43:09.479+0000] {logging_mixin.py:190} INFO - [2026-08-08T17:43:09.479+0000] {dag.py:4138} INFO - Setting next_dagrun for example_subdag_operator.section-1 to None, run_after=None
[2026-08-08T17:43:09.482+0000] {logging_mixin.py:190} INFO - [2026-08-08T17:43:09.481+0000] {dag.py:4138} INFO - Setting next_dagrun for example_subdag_operator.section-2 to None, run_after=None
[2026-08-08T17:43:09.491+0000] {logging_mixin.py:190} INFO - [2026-08-08T17:43:09.491+0000] {dag.py:3211} INFO - Sync 2 DAGs
[2026-08-08T17:43:09.499+0000] {logging_mixin.py:190} INFO - [2026-08-08T17:43:09.499+0000] {dag.py:4138} INFO - Setting next_dagrun for example_subdag_operator.section-1 to None, run_after=None
[2026-08-08T17:43:09.501+0000] {logging_mixin.py:190} INFO - [2026-08-08T17:43:09.500+0000] {dag.py:4138} INFO - Setting next_dagrun for example_subdag_operator.section-2 to None, run_after=None
[2026-08-08T17:43:09.522+0000] {processor.py:208} INFO - Processing /home/airflow/.local/lib/python3.12/site-packages/airflow/example_dags/example_subdag_operator.py took 0.169 seconds
[2026-08-08T17:43:40.045+0000] {processor.py:186} INFO - Started process (PID=214) to work on /home/airflow/.local/lib/python3.12/site-packages/airflow/example_dags/example_subdag_operator.py
[2026-08-08T17:43:40.048+0000] {processor.py:914} INFO - Processing file /home/airflow/.local/lib/python3.12/site-packages/airflow/example_dags/example_subdag_operator.py for tasks to queue
[2026-08-08T17:43:40.052+0000] {logging_mixin.py:190} INFO - [2026-08-08T17:43:40.051+0000] {dagbag.py:587} INFO - Filling up the DagBag from /home/airflow/.local/lib/python3.12/site-packages/airflow/example_dags/example_subdag_operator.py
[2026-08-08T17:43:40.092+0000] {processor.py:925} INFO - DAG(s) 'example_subdag_operator.section-1', 'example_subdag_operator.section-2', 'example_subdag_operator' retrieved from /home/airflow/.local/lib/python3.12/site-packages/airflow/example_dags/example_subdag_operator.py
[2026-08-08T17:43:40.114+0000] {logging_mixin.py:190} INFO - [2026-08-08T17:43:40.113+0000] {dag.py:3211} INFO - Sync 3 DAGs
[2026-08-08T17:43:40.153+0000] {logging_mixin.py:190} INFO - [2026-08-08T17:43:40.152+0000] {dag.py:4138} INFO - Setting next_dagrun for example_subdag_operator to 2022-01-01 00:00:00+00:00, run_after=2022-01-01 00:00:00+00:00
[2026-08-08T17:43:40.161+0000] {logging_mixin.py:190} INFO - [2026-08-08T17:43:40.161+0000] {dag.py:4138} INFO - Setting next_dagrun for example_subdag_operator.section-1 to None, run_after=None
[2026-08-08T17:43:40.165+0000] {logging_mixin.py:190} INFO - [2026-08-08T17:43:40.164+0000] {dag.py:4138} INFO - Setting next_dagrun for example_subdag_operator.section-2 to None, run_after=None
[2026-08-08T17:43:40.180+0000] {logging_mixin.py:190} INFO - [2026-08-08T17:43:40.180+0000] {dag.py:3211} INFO - Sync 2 DAGs
[2026-08-08T17:43:40.189+0000] {logging_mixin.py:190} INFO - [2026-08-08T17:43:40.189+0000] {dag.py:4138} INFO - Setting next_dagrun for example_subdag_operator.section-1 to None, run_after=None
[2026-08-08T17:43:40.191+0000] {logging_mixin.py:190} INFO - [2026-08-08T17:43:40.190+0000] {dag.py:4138} INFO - Setting next_dagrun for example_subdag_operator.section-2 to None, run_after=None
[2026-08-08T17:43:40.213+0000] {processor.py:208} INFO - Processing /home/airflow/.local/lib/python3.12/site-packages/airflow/example_dags/example_subdag_operator.py took 0.179 seconds
[2026-08-08T17:44:10.380+0000] {processor.py:186} INFO - Started process (PID=276) to work on /home/airflow/.local/lib/python3.12/site-packages/airflow/example_dags/example_subdag_operator.py
[2026-08-08T17:44:10.381+0000] {processor.py:914} INFO - Processing file /home/airflow/.local/lib/python3.12/site-packages/airflow/example_dags/example_subdag_operator.py for tasks to queue
[2026-08-08T17:44:10.384+0000] {logging_mixin.py:190} INFO - [2026-08-08T17:44:10.384+0000] {dagbag.py:587} INFO - Filling up the DagBag from /home/airflow/.local/lib/python3.12/site-packages/airflow/example_dags/example_subdag_operator.py
[2026-08-08T17:44:10.404+0000] {processor.py:925} INFO - DAG(s) 'example_subdag_operator.section-1', 'example_subdag_operator.section-2', 'example_subdag_operator' retrieved from /home/airflow/.local/lib/python3.12/site-packages/airflow/example_dags/example_subdag_operator.py
[2026-08-08T17:44:10.415+0000] {logging_mixin.py:190} INFO - [2026-08-08T17:44:10.415+0000] {dag.py:3211} INFO - Sync 3 DAGs
[2026-08-08T17:44:10.431+0000] {logging_mixin.py:190} INFO - [2026-08-08T17:44:10.430+0000] {dag.py:4138} INFO - Setting next_dagrun for example_subdag_operator to 2022-01-01 00:00:00+00:00, run_after=2022-01-01 00:00:00+00:00
[2026-08-08T17:44:10.433+0000] {logging_mixin.py:190} INFO - [2026-08-08T17:44:10.433+0000] {dag.py:4138} INFO - Setting next_dagrun for example_subdag_operator.section-1 to None, run_after=None
[2026-08-08T17:44:10.434+0000] {logging_mixin.py:190} INFO - [2026-08-08T17:44:10.434+0000] {dag.py:4138} INFO - Setting next_dagrun for example_subdag_operator.section-2 to None, run_after=None
[2026-08-08T17:44:10.439+0000] {logging_mixin.py:190} INFO - [2026-08-08T17:44:10.439+0000] {dag.py:3211} INFO - Sync 2 DAGs
[2026-08-08T17:44:10.443+0000] {logging_mixin.py:190} INFO - [2026-08-08T17:44:10.443+0000] {dag.py:4138} INFO - Setting next_dagrun for example_subdag_operator.section-1 to None, run_after=None
[2026-08-08T17:44:10.444+0000] {logging_mixin.py:190} INFO - [2026-08-08T17:44:10.443+0000] {dag.py:4138} INFO - Setting next_dagrun for example_subdag_operator.section-2 to None, run_after=None
[2026-08-08T17:44:10.456+0000] {processor.py:208} INFO - Processing /home/airflow/.local/lib/python3.12/site-packages/airflow/example_dags/example_subdag_operator.py took 0.081 seconds
[2026-08-08T17:44:40.628+0000] {processor.py:186} INFO - Started process (PID=339) to work on /home/airflow/.local/lib/python3.12/site-packages/airflow/example_dags/example_subdag_operator.py
[2026-08-08T17:44:40.629+0000] {processor.py:914} INFO - Processing file /home/airflow/.local/lib/python3.12/site-packages/airflow/example_dags/example_subdag_operator.py for tasks to queue
[2026-08-08T17:44:40.631+0000] {logging_mixin.py:190} INFO - [2026-08-08T17:44:40.631+0000] {dagbag.py:587} INFO - Filling up the DagBag from /home/airflow/.local/lib/python3.12/site-packages/airflow/example_dags/example_subdag_operator.py
[2026-08-08T17:44:40.653+0000] {processor.py:925} INFO - DAG(s) 'example_subdag_operator.section-1', 'example_subdag_operator.section-2', 'example_subdag_operator' retrieved from /home/airflow/.local/lib/python3.12/site-packages/airflow/example_dags/example_subdag_operator.py
[2026-08-08T17:44:40.668+0000] {logging_mixin.py:190} INFO - [2026-08-08T17:44:40.667+0000] {dag.py:3211} INFO - Sync 3 DAGs
[2026-08-08T17:44:40.687+0000] {logging_mixin.py:190} INFO - [2026-08-08T17:44:40.687+0000] {dag.py:4138} INFO - Setting next_dagrun for example_subdag_operator to 2022-01-01 00:00:00+00:00, run_after=2022-01-01 00:00:00+00:00
[2026-08-08T17:44:40.691+0000] {logging_mixin.py:190} INFO - [2026-08-08T17:44:40.691+0000] {dag.py:4138} INFO - Setting next_dagrun for example_subdag_operator.section-1 to None, run_after=None
[2026-08-08T17:44:40.692+0000] {logging_mixin.py:190} INFO - [2026-08-08T17:44:40.692+0000] {dag.py:4138} INFO - Setting next_dagrun for example_subdag_operator.section-2 to None, run_after=None
[2026-08-08T17:44:40.699+0000] {logging_mixin.py:190} INFO - [2026-08-08T17:44:40.698+0000] {dag.py:3211} INFO - Sync 2 DAGs
[2026-08-08T17:44:40.703+0000] {logging_mixin.py:190} INFO - [2026-08-08T17:44:40.702+0000] {dag.py:4138} INFO - Setting next_dagrun for example_subdag_operator.section-1 to None, run_after=None
[2026-08-08T17:44:40.703+0000] {logging_mixin.py:190} INFO - [2026-08-08T17:44:40.703+0000] {dag.py:4138} INFO - Setting next_dagrun for example_subdag_operator.section-2 to None, run_after=None
[2026-08-08T17:44:40.715+0000] {processor.py:208} INFO - Processing /home/airflow/.local/lib/python3.12/site-packages/airflow/example_dags/example_subdag_operator.py took 0.093 seconds
[2026-08-08T17:45:11.054+0000] {processor.py:186} INFO - Started process (PID=402) to work on /home/airflow/.local/lib/python3.12/site-packages/airflow/example_dags/example_subdag_operator.py
[2026-08-08T17:45:11.055+0000] {processor.py:914} INFO - Processing file /home/airflow/.local/lib/python3.12/site-packages/airflow/example_dags/example_subdag_operator.py for tasks to queue
[2026-08-08T17:45:11.058+0000] {logging_mixin.py:190} INFO - [2026-08-08T17:45:11.057+0000] {dagbag.py:587} INFO - Filling up the DagBag from /home/airflow/.local/lib/python3.12/site-packages/airflow/example_dags/example_subdag_operator.py
[2026-08-08T17:45:11.081+0000] {processor.py:925} INFO - DAG(s) 'example_subdag_operator.section-1', 'example_subdag_operator.section-2', 'example_subdag_operator' retrieved from /home/airflow/.local/lib/python3.12/site-packages/airflow/example_dags/example_subdag_operator.py
[2026-08-08T17:45:11.093+0000] {logging_mixin.py:190} INFO - [2026-08-08T17:45:11.093+0000] {dag.py:3211} INFO - Sync 3 DAGs
[2026-08-08T17:45:11.110+0000] {logging_mixin.py:190} INFO - [2026-08-08T17:45:11.110+0000] {dag.py:4138} INFO - Setting next_dagrun for example_subdag_operator to 2022-01-01 00:00:00+00:00, run_after=2022-01-01 00:00:00+00:00
[2026-08-08T17:45:11.113+0000] {logging_mixin.py:190} INFO - [2026-08-08T17:45:11.113+0000] {dag.py:4138} INFO - Setting next_dagrun for example_subdag_operator.section-1 to None, run_after=None
[2026-08-08T17:45:11.115+0000] {logging_mixin.py:190} INFO - [2026-08-08T17:45:11.115+0000] {dag.py:4138} INFO - Setting next_dagrun for example_subdag_operator.section-2 to None, run_after=None
[2026-08-08T17:45:11.122+0000] {logging_mixin.py:190} INFO - [2026-08-08T17:45:11.122+0000] {dag.py:3211} INFO - Sync 2 DAGs
[2026-08-08T17:45:11.126+0000] {logging_mixin.py:190} INFO - [2026-08-08T17:45:11.126+0000] {dag.py:4138} INFO - Setting next_dagrun for example_subdag_operator.section-1 to None, run_after=None
[2026-08-08T17:45:11.127+0000] {logging_mixin.py:190} INFO - [2026-08-08T17:45:11.127+0000] {dag.py:4138} INFO - Setting next_dagrun for example_subdag_operator.section-2 to None, run_after=None
[2026-08-08T17:45:11.139+0000] {processor.py:208} INFO - Processing /home/airflow/.local/lib/python3.12/site-packages/airflow/example_dags/example_subdag_operator.py took 0.091 seconds
[2026-08-08T17:45:41.344+0000] {processor.py:186} INFO - Started process (PID=465) to work on /home/airflow/.local/lib/python3.12/site-packages/airflow/example_dags/example_subdag_operator.py
[2026-08-08T17:45:41.345+0000] {processor.py:914} INFO - Processing file /home/airflow/.local/lib/python3.12/site-packages/airflow/example_dags/example_subdag_operator.py for tasks to queue
[2026-08-08T17:45:41.348+0000] {logging_mixin.py:190} INFO - [2026-08-08T17:45:41.348+0000] {dagbag.py:587} INFO - Filling up the DagBag from /home/airflow/.local/lib/python3.12/site-packages/airflow/example_dags/example_subdag_operator.py
[2026-08-08T17:45:41.374+0000] {processor.py:925} INFO - DAG(s) 'example_subdag_operator.section-1', 'example_subdag_operator.section-2', 'example_subdag_operator' retrieved from /home/airflow/.local/lib/python3.12/site-packages/airflow/example_dags/example_subdag_operator.py
[2026-08-08T17:45:41.391+0000] {logging_mixin.py:190} INFO - [2026-08-08T17:45:41.391+0000] {dag.py:3211} INFO - Sync 3 DAGs
[2026-08-08T17:45:41.416+0000] {logging_mixin.py:190} INFO - [2026-08-08T17:45:41.416+0000] {dag.py:4138} INFO - Setting next_dagrun for example_subdag_operator to 2022-01-01 00:00:00+00:00, run_after=2022-01-01 00:00:00+00:00
[2026-08-08T17:45:41.421+0000] {logging_mixin.py:190} INFO - [2026-08-08T17:45:41.420+0000] {dag.py:4138} INFO - Setting next_dagrun for example_subdag_operator.section-1 to None, run_after=None
[2026-08-08T17:45:41.422+0000] {logging_mixin.py:190} INFO - [2026-08-08T17:45:41.422+0000] {dag.py:4138} INFO - Setting next_dagrun for example_subdag_operator.section-2 to None, run_after=None
[2026-08-08T17:45:41.431+0000] {logging_mixin.py:190} INFO - [2026-08-08T17:45:41.430+0000] {dag.py:3211} INFO - Sync 2 DAGs
[2026-08-08T17:45:41.436+0000] {logging_mixin.py:190} INFO - [2026-08-08T17:45:41.436+0000] {dag.py:4138} INFO - Setting next_dagrun for example_subdag_operator.section-1 to None, run_after=None
[2026-08-08T17:45:41.437+0000] {logging_mixin.py:190} INFO - [2026-08-08T17:45:41.437+0000] {dag.py:4138} INFO - Setting next_dagrun for example_subdag_operator.section-2 to None, run_after=None
[2026-08-08T17:45:41.451+0000] {processor.py:208} INFO - Processing /home/airflow/.local/lib/python3.12/site-packages/airflow/example_dags/example_subdag_operator.py took 0.114 seconds
[2026-08-08T17:47:12.350+0000] {processor.py:186} INFO - Started process (PID=83) to work on /home/airflow/.local/lib/python3.12/site-packages/airflow/example_dags/example_subdag_operator.py
[2026-08-08T17:47:12.353+0000] {processor.py:914} INFO - Processing file /home/airflow/.local/lib/python3.12/site-packages/airflow/example_dags/example_subdag_operator.py for tasks to queue
[2026-08-08T17:47:12.357+0000] {logging_mixin.py:190} INFO - [2026-08-08T17:47:12.356+0000] {dagbag.py:587} INFO - Filling up the DagBag from /home/airflow/.local/lib/python3.12/site-packages/airflow/example_dags/example_subdag_operator.py
[2026-08-08T17:47:12.391+0000] {processor.py:925} INFO - DAG(s) 'example_subdag_operator.section-1', 'example_subdag_operator.section-2', 'example_subdag_operator' retrieved from /home/airflow/.local/lib/python3.12/site-packages/airflow/example_dags/example_subdag_operator.py
[2026-08-08T17:47:12.414+0000] {logging_mixin.py:190} INFO - [2026-08-08T17:47:12.414+0000] {dag.py:3211} INFO - Sync 3 DAGs
[2026-08-08T17:47:12.443+0000] {logging_mixin.py:190} INFO - [2026-08-08T17:47:12.443+0000] {dag.py:4138} INFO - Setting next_dagrun for example_subdag_operator to 2022-01-01 00:00:00+00:00, run_after=2022-01-01 00:00:00+00:00
[2026-08-08T17:47:12.448+0000] {logging_mixin.py:190} INFO - [2026-08-08T17:47:12.447+0000] {dag.py:4138} INFO - Setting next_dagrun for example_subdag_operator.section-1 to None, run_after=None
[2026-08-08T17:47:12.451+0000] {logging_mixin.py:190} INFO - [2026-08-08T17:47:12.451+0000] {dag.py:4138} INFO - Setting next_dagrun for example_subdag_operator.section-2 to None, run_after=None
[2026-08-08T17:47:12.459+0000] {logging_mixin.py:190} INFO - [2026-08-08T17:47:12.459+0000] {dag.py:3211} INFO - Sync 2 DAGs
[2026-08-08T17:47:12.465+0000] {logging_mixin.py:190} INFO - [2026-08-08T17:47:12.465+0000] {dag.py:4138} INFO - Setting next_dagrun for example_subdag_operator.section-1 to None, run_after=None
[2026-08-08T17:47:12.466+0000] {logging_mixin.py:190} INFO - [2026-08-08T17:47:12.466+0000] {dag.py:4138} INFO - Setting next_dagrun for example_subdag_operator.section-2 to None, run_after=None
[2026-08-08T17:47:12.483+0000] {processor.py:208} INFO - Processing /home/airflow/.local/lib/python3.12/site-packages/airflow/example_dags/example_subdag_operator.py took 0.138 seconds
[2026-08-08T17:47:43.397+0000] {processor.py:186} INFO - Started process (PID=152) to work on /home/airflow/.local/lib/python3.12/site-packages/airflow/example_dags/example_subdag_operator.py
[2026-08-08T17:47:43.400+0000] {processor.py:914} INFO - Processing file /home/airflow/.local/lib/python3.12/site-packages/airflow/example_dags/example_subdag_operator.py for tasks to queue
[2026-08-08T17:47:43.405+0000] {logging_mixin.py:190} INFO - [2026-08-08T17:47:43.404+0000] {dagbag.py:587} INFO - Filling up the DagBag from /home/airflow/.local/lib/python3.12/site-packages/airflow/example_dags/example_subdag_operator.py
[2026-08-08T17:47:43.452+0000] {processor.py:925} INFO - DAG(s) 'example_subdag_operator.section-1', 'example_subdag_operator.section-2', 'example_subdag_operator' retrieved from /home/airflow/.local/lib/python3.12/site-packages/airflow/example_dags/example_subdag_operator.py
[2026-08-08T17:47:43.471+0000] {logging_mixin.py:190} INFO - [2026-08-08T17:47:43.470+0000] {dag.py:3211} INFO - Sync 3 DAGs
[2026-08-08T17:47:43.492+0000] {logging_mixin.py:190} INFO - [2026-08-08T17:47:43.492+0000] {dag.py:4138} INFO - Setting next_dagrun for example_subdag_operator to 2022-01-01 00:00:00+00:00, run_after=2022-01-01 00:00:00+00:00
[2026-08-08T17:47:43.496+0000] {logging_mixin.py:190} INFO - [2026-08-08T17:47:43.496+0000] {dag.py:4138} INFO - Setting next_dagrun for example_subdag_operator.section-1 to None, run_after=None
[2026-08-08T17:47:43.497+0000] {logging_mixin.py:190} INFO - [2026-08-08T17:47:43.497+0000] {dag.py:4138} INFO - Setting next_dagrun for example_subdag_operator.section-2 to None, run_after=None
[2026-08-08T17:47:43.505+0000] {logging_mixin.py:190} INFO - [2026-08-08T17:47:43.504+0000] {dag.py:3211} INFO - Sync 2 DAGs
[2026-08-08T17:47:43.510+0000] {logging_mixin.py:190} INFO - [2026-08-08T17:47:43.510+0000] {dag.py:4138} INFO - Setting next_dagrun for example_subdag_operator.section-1 to None, run_after=None
[2026-08-08T17:47:43.511+0000] {logging_mixin.py:190} INFO - [2026-08-08T17:47:43.511+0000] {dag.py:4138} INFO - Setting next_dagrun for example_subdag_operator.section-2 to None, run_after=None
[2026-08-08T17:47:43.530+0000] {processor.py:208} INFO - Processing /home/airflow/.local/lib/python3.12/site-packages/airflow/example_dags/example_subdag_operator.py took 0.149 seconds
[2026-08-08T17:48:13.653+0000] {processor.py:186} INFO - Started process (PID=220) to work on /home/airflow/.local/lib/python3.12/site-packages/airflow/example_dags/example_subdag_operator.py
[2026-08-08T17:48:13.654+0000] {processor.py:914} INFO - Processing file /home/airflow/.local/lib/python3.12/site-packages/airflow/example_dags/example_subdag_operator.py for tasks to queue
[2026-08-08T17:48:13.656+0000] {logging_mixin.py:190} INFO - [2026-08-08T17:48:13.656+0000] {dagbag.py:587} INFO - Filling up the DagBag from /home/airflow/.local/lib/python3.12/site-packages/airflow/example_dags/example_subdag_operator.py
[2026-08-08T17:48:13.678+0000] {processor.py:925} INFO - DAG(s) 'example_subdag_operator.section-1', 'example_subdag_operator.section-2', 'example_subdag_operator' retrieved from /home/airflow/.local/lib/python3.12/site-packages/airflow/example_dags/example_subdag_operator.py
[2026-08-08T17:48:13.693+0000] {logging_mixin.py:190} INFO - [2026-08-08T17:48:13.692+0000] {dag.py:3211} INFO - Sync 3 DAGs
[2026-08-08T17:48:13.711+0000] {logging_mixin.py:190} INFO - [2026-08-08T17:48:13.711+0000] {dag.py:4138} INFO - Setting next_dagrun for example_subdag_operator to 2022-01-01 00:00:00+00:00, run_after=2022-01-01 00:00:00+00:00
[2026-08-08T17:48:13.714+0000] {logging_mixin.py:190} INFO - [2026-08-08T17:48:13.714+0000] {dag.py:4138} INFO - Setting next_dagrun for example_subdag_operator.section-1 to None, run_after=None
[2026-08-08T17:48:13.715+0000] {logging_mixin.py:190} INFO - [2026-08-08T17:48:13.715+0000] {dag.py:4138} INFO - Setting next_dagrun for example_subdag_operator.section-2 to None, run_after=None
[2026-08-08T17:48:13.722+0000] {logging_mixin.py:190} INFO - [2026-08-08T17:48:13.721+0000] {dag.py:3211} INFO - Sync 2 DAGs
[2026-08-08T17:48:13.726+0000] {logging_mixin.py:190} INFO - [2026-08-08T17:48:13.726+0000] {dag.py:4138} INFO - Setting next_dagrun for example_subdag_operator.section-1 to None, run_after=None
[2026-08-08T17:48:13.727+0000] {logging_mixin.py:190} INFO - [2026-08-08T17:48:13.727+0000] {dag.py:4138} INFO - Setting next_dagrun for example_subdag_operator.section-2 to None, run_after=None
[2026-08-08T17:48:13.741+0000] {processor.py:208} INFO - Processing /home/airflow/.local/lib/python3.12/site-packages/airflow/example_dags/example_subdag_operator.py took 0.094 seconds
[2026-08-08T17:48:44.563+0000] {processor.py:186} INFO - Started process (PID=284) to work on /home/airflow/.local/lib/python3.12/site-packages/airflow/example_dags/example_subdag_operator.py
[2026-08-08T17:48:44.565+0000] {processor.py:914} INFO - Processing file /home/airflow/.local/lib/python3.12/site-packages/airflow/example_dags/example_subdag_operator.py for tasks to queue
[2026-08-08T17:48:44.567+0000] {logging_mixin.py:190} INFO - [2026-08-08T17:48:44.567+0000] {dagbag.py:587} INFO - Filling up the DagBag from /home/airflow/.local/lib/python3.12/site-packages/airflow/example_dags/example_subdag_operator.py
[2026-08-08T17:48:44.592+0000] {processor.py:925} INFO - DAG(s) 'example_subdag_operator.section-1', 'example_subdag_operator.section-2', 'example_subdag_operator' retrieved from /home/airflow/.local/lib/python3.12/site-packages/airflow/example_dags/example_subdag_operator.py
[2026-08-08T17:48:44.606+0000] {logging_mixin.py:190} INFO - [2026-08-08T17:48:44.606+0000] {dag.py:3211} INFO - Sync 3 DAGs
[2026-08-08T17:48:44.628+0000] {logging_mixin.py:190} INFO - [2026-08-08T17:48:44.627+0000] {dag.py:4138} INFO - Setting next_dagrun for example_subdag_operator to 2022-01-01 00:00:00+00:00, run_after=2022-01-01 00:00:00+00:00
[2026-08-08T17:48:44.631+0000] {logging_mixin.py:190} INFO - [2026-08-08T17:48:44.631+0000] {dag.py:4138} INFO - Setting next_dagrun for example_subdag_operator.section-1 to None, run_after=None
[2026-08-08T17:48:44.632+0000] {logging_mixin.py:190} INFO - [2026-08-08T17:48:44.632+0000] {dag.py:4138} INFO - Setting next_dagrun for example_subdag_operator.section-2 to None, run_after=None
[2026-08-08T17:48:44.638+0000] {logging_mixin.py:190} INFO - [2026-08-08T17:48:44.637+0000] {dag.py:3211} INFO - Sync 2 DAGs
[2026-08-08T17:48:44.642+0000] {logging_mixin.py:190} INFO - [2026-08-08T17:48:44.642+0000] {dag.py:4138} INFO - Setting next_dagrun for example_subdag_operator.section-1 to None, run_after=None
[2026-08-08T17:48:44.643+0000] {logging_mixin.py:190} INFO - [2026-08-08T17:48:44.643+0000] {dag.py:4138} INFO - Setting next_dagrun for example_subdag_operator.section-2 to None, run_after=None
[2026-08-08T17:48:44.658+0000] {processor.py:208} INFO - Processing /home/airflow/.local/lib/python3.12/site-packages/airflow/example_dags/example_subdag_operator.py took 0.101 seconds
[2026-08-08T17:52:36.131+0000] {processor.py:186} INFO - Started process (PID=88) to work on /home/airflow/.local/lib/python3.12/site-packages/airflow/example_dags/example_subdag_operator.py
[2026-08-08T17:52:36.133+0000] {processor.py:914} INFO - Processing file /home/airflow/.local/lib/python3.12/site-packages/airflow/example_dags/example_subdag_operator.py for tasks to queue
[2026-08-08T17:52:36.136+0000] {logging_mixin.py:190} INFO - [2026-08-08T17:52:36.136+0000] {dagbag.py:587} INFO - Filling up the DagBag from /home/airflow/.local/lib/python3.12/site-packages/airflow/example_dags/example_subdag_operator.py
[2026-08-08T17:52:36.175+0000] {processor.py:925} INFO - DAG(s) 'example_subdag_operator.section-1', 'example_subdag_operator.section-2', 'example_subdag_operator' retrieved from /home/airflow/.local/lib/python3.12/site-packages/airflow/example_dags/example_subdag_operator.py
[2026-08-08T17:52:36.205+0000] {logging_mixin.py:190} INFO - [2026-08-08T17:52:36.205+0000] {dag.py:3211} INFO - Sync 3 DAGs
[2026-08-08T17:52:36.231+0000] {logging_mixin.py:190} INFO - [2026-08-08T17:52:36.231+0000] {dag.py:4138} INFO - Setting next_dagrun for example_subdag_operator to 2022-01-01 00:00:00+00:00, run_after=2022-01-01 00:00:00+00:00
[2026-08-08T17:52:36.235+0000] {logging_mixin.py:190} INFO - [2026-08-08T17:52:36.235+0000] {dag.py:4138} INFO - Setting next_dagrun for example_subdag_operator.section-1 to None, run_after=None
[2026-08-08T17:52:36.238+0000] {logging_mixin.py:190} INFO - [2026-08-08T17:52:36.238+0000] {dag.py:4138} INFO - Setting next_dagrun for example_subdag_operator.section-2 to None, run_after=None
[2026-08-08T17:52:36.246+0000] {logging_mixin.py:190} INFO - [2026-08-08T17:52:36.246+0000] {dag.py:3211} INFO - Sync 2 DAGs
[2026-08-08T17:52:36.252+0000] {logging_mixin.py:190} INFO - [2026-08-08T17:52:36.252+0000] {dag.py:4138} INFO - Setting next_dagrun for example_subdag_operator.section-1 to None, run_after=None
[2026-08-08T17:52:36.253+0000] {logging_mixin.py:190} INFO - [2026-08-08T17:52:36.253+0000] {dag.py:4138} INFO - Setting next_dagrun for example_subdag_operator.section-2 to None, run_after=None
[2026-08-08T17:52:36.375+0000] {processor.py:208} INFO - Processing /home/airflow/.local/lib/python3.12/site-packages/airflow/example_dags/example_subdag_operator.py took 0.252 seconds
[2026-08-08T17:53:06.609+0000] {processor.py:186} INFO - Started process (PID=151) to work on /home/airflow/.local/lib/python3.12/site-packages/airflow/example_dags/example_subdag_operator.py
[2026-08-08T17:53:06.611+0000] {processor.py:914} INFO - Processing file /home/airflow/.local/lib/python3.12/site-packages/airflow/example_dags/example_subdag_operator.py for tasks to queue
[2026-08-08T17:53:06.616+0000] {logging_mixin.py:190} INFO - [2026-08-08T17:53:06.615+0000] {dagbag.py:587} INFO - Filling up the DagBag from /home/airflow/.local/lib/python3.12/site-packages/airflow/example_dags/example_subdag_operator.py
[2026-08-08T17:53:06.650+0000] {processor.py:925} INFO - DAG(s) 'example_subdag_operator.section-1', 'example_subdag_operator.section-2', 'example_subdag_operator' retrieved from /home/airflow/.local/lib/python3.12/site-packages/airflow/example_dags/example_subdag_operator.py
[2026-08-08T17:53:06.666+0000] {logging_mixin.py:190} INFO - [2026-08-08T17:53:06.666+0000] {dag.py:3211} INFO - Sync 3 DAGs
[2026-08-08T17:53:06.687+0000] {logging_mixin.py:190} INFO - [2026-08-08T17:53:06.687+0000] {dag.py:4138} INFO - Setting next_dagrun for example_subdag_operator to 2022-01-01 00:00:00+00:00, run_after=2022-01-01 00:00:00+00:00
[2026-08-08T17:53:06.691+0000] {logging_mixin.py:190} INFO - [2026-08-08T17:53:06.690+0000] {dag.py:4138} INFO - Setting next_dagrun for example_subdag_operator.section-1 to None, run_after=None
[2026-08-08T17:53:06.692+0000] {logging_mixin.py:190} INFO - [2026-08-08T17:53:06.692+0000] {dag.py:4138} INFO - Setting next_dagrun for example_subdag_operator.section-2 to None, run_after=None
[2026-08-08T17:53:06.700+0000] {logging_mixin.py:190} INFO - [2026-08-08T17:53:06.700+0000] {dag.py:3211} INFO - Sync 2 DAGs
[2026-08-08T17:53:06.705+0000] {logging_mixin.py:190} INFO - [2026-08-08T17:53:06.705+0000] {dag.py:4138} INFO - Setting next_dagrun for example_subdag_operator.section-1 to None, run_after=None
[2026-08-08T17:53:06.706+0000] {logging_mixin.py:190} INFO - [2026-08-08T17:53:06.706+0000] {dag.py:4138} INFO - Setting next_dagrun for example_subdag_operator.section-2 to None, run_after=None
[2026-08-08T17:53:06.720+0000] {processor.py:208} INFO - Processing /home/airflow/.local/lib/python3.12/site-packages/airflow/example_dags/example_subdag_operator.py took 0.119 seconds
[2026-08-08T17:53:37.411+0000] {processor.py:186} INFO - Started process (PID=214) to work on /home/airflow/.local/lib/python3.12/site-packages/airflow/example_dags/example_subdag_operator.py
[2026-08-08T17:53:37.415+0000] {processor.py:914} INFO - Processing file /home/airflow/.local/lib/python3.12/site-packages/airflow/example_dags/example_subdag_operator.py for tasks to queue
[2026-08-08T17:53:37.418+0000] {logging_mixin.py:190} INFO - [2026-08-08T17:53:37.418+0000] {dagbag.py:587} INFO - Filling up the DagBag from /home/airflow/.local/lib/python3.12/site-packages/airflow/example_dags/example_subdag_operator.py
[2026-08-08T17:53:37.467+0000] {processor.py:925} INFO - DAG(s) 'example_subdag_operator.section-1', 'example_subdag_operator.section-2', 'example_subdag_operator' retrieved from /home/airflow/.local/lib/python3.12/site-packages/airflow/example_dags/example_subdag_operator.py
[2026-08-08T17:53:37.495+0000] {logging_mixin.py:190} INFO - [2026-08-08T17:53:37.495+0000] {dag.py:3211} INFO - Sync 3 DAGs
[2026-08-08T17:53:37.542+0000] {logging_mixin.py:190} INFO - [2026-08-08T17:53:37.541+0000] {dag.py:4138} INFO - Setting next_dagrun for example_subdag_operator to 2022-01-01 00:00:00+00:00, run_after=2022-01-01 00:00:00+00:00
[2026-08-08T17:53:37.551+0000] {logging_mixin.py:190} INFO - [2026-08-08T17:53:37.551+0000] {dag.py:4138} INFO - Setting next_dagrun for example_subdag_operator.section-1 to None, run_after=None
[2026-08-08T17:53:37.555+0000] {logging_mixin.py:190} INFO - [2026-08-08T17:53:37.554+0000] {dag.py:4138} INFO - Setting next_dagrun for example_subdag_operator.section-2 to None, run_after=None
[2026-08-08T17:53:37.569+0000] {logging_mixin.py:190} INFO - [2026-08-08T17:53:37.569+0000] {dag.py:3211} INFO - Sync 2 DAGs
[2026-08-08T17:53:37.581+0000] {logging_mixin.py:190} INFO - [2026-08-08T17:53:37.581+0000] {dag.py:4138} INFO - Setting next_dagrun for example_subdag_operator.section-1 to None, run_after=None
[2026-08-08T17:53:37.582+0000] {logging_mixin.py:190} INFO - [2026-08-08T17:53:37.582+0000] {dag.py:4138} INFO - Setting next_dagrun for example_subdag_operator.section-2 to None, run_after=None
[2026-08-08T17:53:37.611+0000] {processor.py:208} INFO - Processing /home/airflow/.local/lib/python3.12/site-packages/airflow/example_dags/example_subdag_operator.py took 0.211 seconds
[2026-08-08T17:54:08.189+0000] {processor.py:186} INFO - Started process (PID=277) to work on /home/airflow/.local/lib/python3.12/site-packages/airflow/example_dags/example_subdag_operator.py
[2026-08-08T17:54:08.190+0000] {processor.py:914} INFO - Processing file /home/airflow/.local/lib/python3.12/site-packages/airflow/example_dags/example_subdag_operator.py for tasks to queue
[2026-08-08T17:54:08.195+0000] {logging_mixin.py:190} INFO - [2026-08-08T17:54:08.194+0000] {dagbag.py:587} INFO - Filling up the DagBag from /home/airflow/.local/lib/python3.12/site-packages/airflow/example_dags/example_subdag_operator.py
[2026-08-08T17:54:08.233+0000] {processor.py:925} INFO - DAG(s) 'example_subdag_operator.section-1', 'example_subdag_operator.section-2', 'example_subdag_operator' retrieved from /home/airflow/.local/lib/python3.12/site-packages/airflow/example_dags/example_subdag_operator.py
[2026-08-08T17:54:08.254+0000] {logging_mixin.py:190} INFO - [2026-08-08T17:54:08.254+0000] {dag.py:3211} INFO - Sync 3 DAGs
[2026-08-08T17:54:08.284+0000] {logging_mixin.py:190} INFO - [2026-08-08T17:54:08.284+0000] {dag.py:4138} INFO - Setting next_dagrun for example_subdag_operator to 2022-01-01 00:00:00+00:00, run_after=2022-01-01 00:00:00+00:00
[2026-08-08T17:54:08.291+0000] {logging_mixin.py:190} INFO - [2026-08-08T17:54:08.291+0000] {dag.py:4138} INFO - Setting next_dagrun for example_subdag_operator.section-1 to None, run_after=None
[2026-08-08T17:54:08.293+0000] {logging_mixin.py:190} INFO - [2026-08-08T17:54:08.293+0000] {dag.py:4138} INFO - Setting next_dagrun for example_subdag_operator.section-2 to None, run_after=None
[2026-08-08T17:54:08.304+0000] {logging_mixin.py:190} INFO - [2026-08-08T17:54:08.304+0000] {dag.py:3211} INFO - Sync 2 DAGs
[2026-08-08T17:54:08.311+0000] {logging_mixin.py:190} INFO - [2026-08-08T17:54:08.311+0000] {dag.py:4138} INFO - Setting next_dagrun for example_subdag_operator.section-1 to None, run_after=None
[2026-08-08T17:54:08.312+0000] {logging_mixin.py:190} INFO - [2026-08-08T17:54:08.312+0000] {dag.py:4138} INFO - Setting next_dagrun for example_subdag_operator.section-2 to None, run_after=None
[2026-08-08T17:54:08.330+0000] {processor.py:208} INFO - Processing /home/airflow/.local/lib/python3.12/site-packages/airflow/example_dags/example_subdag_operator.py took 0.149 seconds
[2026-08-08T17:54:39.106+0000] {processor.py:186} INFO - Started process (PID=340) to work on /home/airflow/.local/lib/python3.12/site-packages/airflow/example_dags/example_subdag_operator.py
[2026-08-08T17:54:39.107+0000] {processor.py:914} INFO - Processing file /home/airflow/.local/lib/python3.12/site-packages/airflow/example_dags/example_subdag_operator.py for tasks to queue
[2026-08-08T17:54:39.110+0000] {logging_mixin.py:190} INFO - [2026-08-08T17:54:39.109+0000] {dagbag.py:587} INFO - Filling up the DagBag from /home/airflow/.local/lib/python3.12/site-packages/airflow/example_dags/example_subdag_operator.py
[2026-08-08T17:54:39.133+0000] {processor.py:925} INFO - DAG(s) 'example_subdag_operator.section-1', 'example_subdag_operator.section-2', 'example_subdag_operator' retrieved from /home/airflow/.local/lib/python3.12/site-packages/airflow/example_dags/example_subdag_operator.py
[2026-08-08T17:54:39.146+0000] {logging_mixin.py:190} INFO - [2026-08-08T17:54:39.146+0000] {dag.py:3211} INFO - Sync 3 DAGs
[2026-08-08T17:54:39.165+0000] {logging_mixin.py:190} INFO - [2026-08-08T17:54:39.165+0000] {dag.py:4138} INFO - Setting next_dagrun for example_subdag_operator to 2022-01-01 00:00:00+00:00, run_after=2022-01-01 00:00:00+00:00
[2026-08-08T17:54:39.168+0000] {logging_mixin.py:190} INFO - [2026-08-08T17:54:39.168+0000] {dag.py:4138} INFO - Setting next_dagrun for example_subdag_operator.section-1 to None, run_after=None
[2026-08-08T17:54:39.169+0000] {logging_mixin.py:190} INFO - [2026-08-08T17:54:39.169+0000] {dag.py:4138} INFO - Setting next_dagrun for example_subdag_operator.section-2 to None, run_after=None
[2026-08-08T17:54:39.175+0000] {logging_mixin.py:190} INFO - [2026-08-08T17:54:39.175+0000] {dag.py:3211} INFO - Sync 2 DAGs
[2026-08-08T17:54:39.180+0000] {logging_mixin.py:190} INFO - [2026-08-08T17:54:39.180+0000] {dag.py:4138} INFO - Setting next_dagrun for example_subdag_operator.section-1 to None, run_after=None
[2026-08-08T17:54:39.180+0000] {logging_mixin.py:190} INFO - [2026-08-08T17:54:39.180+0000] {dag.py:4138} INFO - Setting next_dagrun for example_subdag_operator.section-2 to None, run_after=None
[2026-08-08T17:54:39.195+0000] {processor.py:208} INFO - Processing /home/airflow/.local/lib/python3.12/site-packages/airflow/example_dags/example_subdag_operator.py took 0.095 seconds
[2026-08-08T17:55:09.468+0000] {processor.py:186} INFO - Started process (PID=403) to work on /home/airflow/.local/lib/python3.12/site-packages/airflow/example_dags/example_subdag_operator.py
[2026-08-08T17:55:09.469+0000] {processor.py:914} INFO - Processing file /home/airflow/.local/lib/python3.12/site-packages/airflow/example_dags/example_subdag_operator.py for tasks to queue
[2026-08-08T17:55:09.471+0000] {logging_mixin.py:190} INFO - [2026-08-08T17:55:09.471+0000] {dagbag.py:587} INFO - Filling up the DagBag from /home/airflow/.local/lib/python3.12/site-packages/airflow/example_dags/example_subdag_operator.py
[2026-08-08T17:55:09.494+0000] {processor.py:925} INFO - DAG(s) 'example_subdag_operator.section-1', 'example_subdag_operator.section-2', 'example_subdag_operator' retrieved from /home/airflow/.local/lib/python3.12/site-packages/airflow/example_dags/example_subdag_operator.py
[2026-08-08T17:55:09.509+0000] {logging_mixin.py:190} INFO - [2026-08-08T17:55:09.508+0000] {dag.py:3211} INFO - Sync 3 DAGs
[2026-08-08T17:55:09.528+0000] {logging_mixin.py:190} INFO - [2026-08-08T17:55:09.528+0000] {dag.py:4138} INFO - Setting next_dagrun for example_subdag_operator to 2022-01-01 00:00:00+00:00, run_after=2022-01-01 00:00:00+00:00
[2026-08-08T17:55:09.531+0000] {logging_mixin.py:190} INFO - [2026-08-08T17:55:09.531+0000] {dag.py:4138} INFO - Setting next_dagrun for example_subdag_operator.section-1 to None, run_after=None
[2026-08-08T17:55:09.533+0000] {logging_mixin.py:190} INFO - [2026-08-08T17:55:09.532+0000] {dag.py:4138} INFO - Setting next_dagrun for example_subdag_operator.section-2 to None, run_after=None
[2026-08-08T17:55:09.538+0000] {logging_mixin.py:190} INFO - [2026-08-08T17:55:09.538+0000] {dag.py:3211} INFO - Sync 2 DAGs
[2026-08-08T17:55:09.542+0000] {logging_mixin.py:190} INFO - [2026-08-08T17:55:09.542+0000] {dag.py:4138} INFO - Setting next_dagrun for example_subdag_operator.section-1 to None, run_after=None
[2026-08-08T17:55:09.543+0000] {logging_mixin.py:190} INFO - [2026-08-08T17:55:09.543+0000] {dag.py:4138} INFO - Setting next_dagrun for example_subdag_operator.section-2 to None, run_after=None
[2026-08-08T17:55:09.556+0000] {processor.py:208} INFO - Processing /home/airflow/.local/lib/python3.12/site-packages/airflow/example_dags/example_subdag_operator.py took 0.094 seconds
[2026-08-08T17:55:39.693+0000] {processor.py:186} INFO - Started process (PID=466) to work on /home/airflow/.local/lib/python3.12/site-packages/airflow/example_dags/example_subdag_operator.py
[2026-08-08T17:55:39.694+0000] {processor.py:914} INFO - Processing file /home/airflow/.local/lib/python3.12/site-packages/airflow/example_dags/example_subdag_operator.py for tasks to queue
[2026-08-08T17:55:39.697+0000] {logging_mixin.py:190} INFO - [2026-08-08T17:55:39.696+0000] {dagbag.py:587} INFO - Filling up the DagBag from /home/airflow/.local/lib/python3.12/site-packages/airflow/example_dags/example_subdag_operator.py
[2026-08-08T17:55:39.721+0000] {processor.py:925} INFO - DAG(s) 'example_subdag_operator.section-1', 'example_subdag_operator.section-2', 'example_subdag_operator' retrieved from /home/airflow/.local/lib/python3.12/site-packages/airflow/example_dags/example_subdag_operator.py
[2026-08-08T17:55:39.732+0000] {logging_mixin.py:190} INFO - [2026-08-08T17:55:39.732+0000] {dag.py:3211} INFO - Sync 3 DAGs
[2026-08-08T17:55:39.750+0000] {logging_mixin.py:190} INFO - [2026-08-08T17:55:39.750+0000] {dag.py:4138} INFO - Setting next_dagrun for example_subdag_operator to 2022-01-01 00:00:00+00:00, run_after=2022-01-01 00:00:00+00:00
[2026-08-08T17:55:39.753+0000] {logging_mixin.py:190} INFO - [2026-08-08T17:55:39.753+0000] {dag.py:4138} INFO - Setting next_dagrun for example_subdag_operator.section-1 to None, run_after=None
[2026-08-08T17:55:39.755+0000] {logging_mixin.py:190} INFO - [2026-08-08T17:55:39.755+0000] {dag.py:4138} INFO - Setting next_dagrun for example_subdag_operator.section-2 to None, run_after=None
[2026-08-08T17:55:39.762+0000] {logging_mixin.py:190} INFO - [2026-08-08T17:55:39.762+0000] {dag.py:3211} INFO - Sync 2 DAGs
[2026-08-08T17:55:39.766+0000] {logging_mixin.py:190} INFO - [2026-08-08T17:55:39.766+0000] {dag.py:4138} INFO - Setting next_dagrun for example_subdag_operator.section-1 to None, run_after=None
[2026-08-08T17:55:39.767+0000] {logging_mixin.py:190} INFO - [2026-08-08T17:55:39.767+0000] {dag.py:4138} INFO - Setting next_dagrun for example_subdag_operator.section-2 to None, run_after=None
[2026-08-08T17:55:39.781+0000] {processor.py:208} INFO - Processing /home/airflow/.local/lib/python3.12/site-packages/airflow/example_dags/example_subdag_operator.py took 0.094 seconds
[2026-08-08T17:56:10.015+0000] {processor.py:186} INFO - Started process (PID=529) to work on /home/airflow/.local/lib/python3.12/site-packages/airflow/example_dags/example_subdag_operator.py
[2026-08-08T17:56:10.017+0000] {processor.py:914} INFO - Processing file /home/airflow/.local/lib/python3.12/site-packages/airflow/example_dags/example_subdag_operator.py for tasks to queue
[2026-08-08T17:56:10.020+0000] {logging_mixin.py:190} INFO - [2026-08-08T17:56:10.019+0000] {dagbag.py:587} INFO - Filling up the DagBag from /home/airflow/.local/lib/python3.12/site-packages/airflow/example_dags/example_subdag_operator.py
[2026-08-08T17:56:10.043+0000] {processor.py:925} INFO - DAG(s) 'example_subdag_operator.section-1', 'example_subdag_operator.section-2', 'example_subdag_operator' retrieved from /home/airflow/.local/lib/python3.12/site-packages/airflow/example_dags/example_subdag_operator.py
[2026-08-08T17:56:10.054+0000] {logging_mixin.py:190} INFO - [2026-08-08T17:56:10.054+0000] {dag.py:3211} INFO - Sync 3 DAGs
[2026-08-08T17:56:10.072+0000] {logging_mixin.py:190} INFO - [2026-08-08T17:56:10.071+0000] {dag.py:4138} INFO - Setting next_dagrun for example_subdag_operator to 2022-01-01 00:00:00+00:00, run_after=2022-01-01 00:00:00+00:00
[2026-08-08T17:56:10.075+0000] {logging_mixin.py:190} INFO - [2026-08-08T17:56:10.075+0000] {dag.py:4138} INFO - Setting next_dagrun for example_subdag_operator.section-1 to None, run_after=None
[2026-08-08T17:56:10.077+0000] {logging_mixin.py:190} INFO - [2026-08-08T17:56:10.077+0000] {dag.py:4138} INFO - Setting next_dagrun for example_subdag_operator.section-2 to None, run_after=None
[2026-08-08T17:56:10.083+0000] {logging_mixin.py:190} INFO - [2026-08-08T17:56:10.083+0000] {dag.py:3211} INFO - Sync 2 DAGs
[2026-08-08T17:56:10.089+0000] {logging_mixin.py:190} INFO - [2026-08-08T17:56:10.088+0000] {dag.py:4138} INFO - Setting next_dagrun for example_subdag_operator.section-1 to None, run_after=None
[2026-08-08T17:56:10.090+0000] {logging_mixin.py:190} INFO - [2026-08-08T17:56:10.090+0000] {dag.py:4138} INFO - Setting next_dagrun for example_subdag_operator.section-2 to None, run_after=None
[2026-08-08T17:56:10.106+0000] {processor.py:208} INFO - Processing /home/airflow/.local/lib/python3.12/site-packages/airflow/example_dags/example_subdag_operator.py took 0.097 seconds
[2026-08-08T17:56:40.532+0000] {processor.py:186} INFO - Started process (PID=591) to work on /home/airflow/.local/lib/python3.12/site-packages/airflow/example_dags/example_subdag_operator.py
[2026-08-08T17:56:40.533+0000] {processor.py:914} INFO - Processing file /home/airflow/.local/lib/python3.12/site-packages/airflow/example_dags/example_subdag_operator.py for tasks to queue
[2026-08-08T17:56:40.536+0000] {logging_mixin.py:190} INFO - [2026-08-08T17:56:40.535+0000] {dagbag.py:587} INFO - Filling up the DagBag from /home/airflow/.local/lib/python3.12/site-packages/airflow/example_dags/example_subdag_operator.py
[2026-08-08T17:56:40.562+0000] {processor.py:925} INFO - DAG(s) 'example_subdag_operator.section-1', 'example_subdag_operator.section-2', 'example_subdag_operator' retrieved from /home/airflow/.local/lib/python3.12/site-packages/airflow/example_dags/example_subdag_operator.py
[2026-08-08T17:56:40.574+0000] {logging_mixin.py:190} INFO - [2026-08-08T17:56:40.574+0000] {dag.py:3211} INFO - Sync 3 DAGs
[2026-08-08T17:56:40.592+0000] {logging_mixin.py:190} INFO - [2026-08-08T17:56:40.592+0000] {dag.py:4138} INFO - Setting next_dagrun for example_subdag_operator to 2022-01-01 00:00:00+00:00, run_after=2022-01-01 00:00:00+00:00
[2026-08-08T17:56:40.595+0000] {logging_mixin.py:190} INFO - [2026-08-08T17:56:40.595+0000] {dag.py:4138} INFO - Setting next_dagrun for example_subdag_operator.section-1 to None, run_after=None
[2026-08-08T17:56:40.596+0000] {logging_mixin.py:190} INFO - [2026-08-08T17:56:40.596+0000] {dag.py:4138} INFO - Setting next_dagrun for example_subdag_operator.section-2 to None, run_after=None
[2026-08-08T17:56:40.602+0000] {logging_mixin.py:190} INFO - [2026-08-08T17:56:40.602+0000] {dag.py:3211} INFO - Sync 2 DAGs
[2026-08-08T17:56:40.605+0000] {logging_mixin.py:190} INFO - [2026-08-08T17:56:40.605+0000] {dag.py:4138} INFO - Setting next_dagrun for example_subdag_operator.section-1 to None, run_after=None
[2026-08-08T17:56:40.607+0000] {logging_mixin.py:190} INFO - [2026-08-08T17:56:40.606+0000] {dag.py:4138} INFO - Setting next_dagrun for example_subdag_operator.section-2 to None, run_after=None
[2026-08-08T17:56:40.619+0000] {processor.py:208} INFO - Processing /home/airflow/.local/lib/python3.12/site-packages/airflow/example_dags/example_subdag_operator.py took 0.093 seconds
[2026-08-08T17:57:10.935+0000] {processor.py:186} INFO - Started process (PID=654) to work on /home/airflow/.local/lib/python3.12/site-packages/airflow/example_dags/example_subdag_operator.py
[2026-08-08T17:57:10.936+0000] {processor.py:914} INFO - Processing file /home/airflow/.local/lib/python3.12/site-packages/airflow/example_dags/example_subdag_operator.py for tasks to queue
[2026-08-08T17:57:10.939+0000] {logging_mixin.py:190} INFO - [2026-08-08T17:57:10.938+0000] {dagbag.py:587} INFO - Filling up the DagBag from /home/airflow/.local/lib/python3.12/site-packages/airflow/example_dags/example_subdag_operator.py
[2026-08-08T17:57:10.974+0000] {processor.py:925} INFO - DAG(s) 'example_subdag_operator.section-1', 'example_subdag_operator.section-2', 'example_subdag_operator' retrieved from /home/airflow/.local/lib/python3.12/site-packages/airflow/example_dags/example_subdag_operator.py
[2026-08-08T17:57:10.990+0000] {logging_mixin.py:190} INFO - [2026-08-08T17:57:10.989+0000] {dag.py:3211} INFO - Sync 3 DAGs
[2026-08-08T17:57:11.011+0000] {logging_mixin.py:190} INFO - [2026-08-08T17:57:11.011+0000] {dag.py:4138} INFO - Setting next_dagrun for example_subdag_operator to 2022-01-01 00:00:00+00:00, run_after=2022-01-01 00:00:00+00:00
[2026-08-08T17:57:11.021+0000] {logging_mixin.py:190} INFO - [2026-08-08T17:57:11.021+0000] {dag.py:4138} INFO - Setting next_dagrun for example_subdag_operator.section-1 to None, run_after=None
[2026-08-08T17:57:11.024+0000] {logging_mixin.py:190} INFO - [2026-08-08T17:57:11.024+0000] {dag.py:4138} INFO - Setting next_dagrun for example_subdag_operator.section-2 to None, run_after=None
[2026-08-08T17:57:11.039+0000] {logging_mixin.py:190} INFO - [2026-08-08T17:57:11.039+0000] {dag.py:3211} INFO - Sync 2 DAGs
[2026-08-08T17:57:11.044+0000] {logging_mixin.py:190} INFO - [2026-08-08T17:57:11.044+0000] {dag.py:4138} INFO - Setting next_dagrun for example_subdag_operator.section-1 to None, run_after=None
[2026-08-08T17:57:11.045+0000] {logging_mixin.py:190} INFO - [2026-08-08T17:57:11.045+0000] {dag.py:4138} INFO - Setting next_dagrun for example_subdag_operator.section-2 to None, run_after=None
[2026-08-08T17:57:11.090+0000] {processor.py:208} INFO - Processing /home/airflow/.local/lib/python3.12/site-packages/airflow/example_dags/example_subdag_operator.py took 0.163 seconds
[2026-08-08T18:08:16.572+0000] {processor.py:186} INFO - Started process (PID=718) to work on /home/airflow/.local/lib/python3.12/site-packages/airflow/example_dags/example_subdag_operator.py
[2026-08-08T18:08:16.579+0000] {processor.py:914} INFO - Processing file /home/airflow/.local/lib/python3.12/site-packages/airflow/example_dags/example_subdag_operator.py for tasks to queue
[2026-08-08T18:08:16.586+0000] {logging_mixin.py:190} INFO - [2026-08-08T18:08:16.585+0000] {dagbag.py:587} INFO - Filling up the DagBag from /home/airflow/.local/lib/python3.12/site-packages/airflow/example_dags/example_subdag_operator.py
[2026-08-08T18:08:16.646+0000] {processor.py:925} INFO - DAG(s) 'example_subdag_operator.section-1', 'example_subdag_operator.section-2', 'example_subdag_operator' retrieved from /home/airflow/.local/lib/python3.12/site-packages/airflow/example_dags/example_subdag_operator.py
[2026-08-08T18:08:16.694+0000] {logging_mixin.py:190} INFO - [2026-08-08T18:08:16.694+0000] {dag.py:3211} INFO - Sync 3 DAGs
[2026-08-08T18:08:16.761+0000] {logging_mixin.py:190} INFO - [2026-08-08T18:08:16.760+0000] {dag.py:4138} INFO - Setting next_dagrun for example_subdag_operator to 2022-01-01 00:00:00+00:00, run_after=2022-01-01 00:00:00+00:00
[2026-08-08T18:08:16.777+0000] {logging_mixin.py:190} INFO - [2026-08-08T18:08:16.776+0000] {dag.py:4138} INFO - Setting next_dagrun for example_subdag_operator.section-1 to None, run_after=None
[2026-08-08T18:08:16.785+0000] {logging_mixin.py:190} INFO - [2026-08-08T18:08:16.785+0000] {dag.py:4138} INFO - Setting next_dagrun for example_subdag_operator.section-2 to None, run_after=None
[2026-08-08T18:08:16.821+0000] {logging_mixin.py:190} INFO - [2026-08-08T18:08:16.820+0000] {dag.py:3211} INFO - Sync 2 DAGs
[2026-08-08T18:08:16.839+0000] {logging_mixin.py:190} INFO - [2026-08-08T18:08:16.839+0000] {dag.py:4138} INFO - Setting next_dagrun for example_subdag_operator.section-1 to None, run_after=None
[2026-08-08T18:08:16.841+0000] {logging_mixin.py:190} INFO - [2026-08-08T18:08:16.841+0000] {dag.py:4138} INFO - Setting next_dagrun for example_subdag_operator.section-2 to None, run_after=None
[2026-08-08T18:08:16.875+0000] {processor.py:208} INFO - Processing /home/airflow/.local/lib/python3.12/site-packages/airflow/example_dags/example_subdag_operator.py took 0.316 seconds
[2026-08-08T18:08:47.360+0000] {processor.py:186} INFO - Started process (PID=781) to work on /home/airflow/.local/lib/python3.12/site-packages/airflow/example_dags/example_subdag_operator.py
[2026-08-08T18:08:47.363+0000] {processor.py:914} INFO - Processing file /home/airflow/.local/lib/python3.12/site-packages/airflow/example_dags/example_subdag_operator.py for tasks to queue
[2026-08-08T18:08:47.369+0000] {logging_mixin.py:190} INFO - [2026-08-08T18:08:47.368+0000] {dagbag.py:587} INFO - Filling up the DagBag from /home/airflow/.local/lib/python3.12/site-packages/airflow/example_dags/example_subdag_operator.py
[2026-08-08T18:08:47.416+0000] {processor.py:925} INFO - DAG(s) 'example_subdag_operator.section-1', 'example_subdag_operator.section-2', 'example_subdag_operator' retrieved from /home/airflow/.local/lib/python3.12/site-packages/airflow/example_dags/example_subdag_operator.py
[2026-08-08T18:08:47.439+0000] {logging_mixin.py:190} INFO - [2026-08-08T18:08:47.439+0000] {dag.py:3211} INFO - Sync 3 DAGs
[2026-08-08T18:08:47.474+0000] {logging_mixin.py:190} INFO - [2026-08-08T18:08:47.474+0000] {dag.py:4138} INFO - Setting next_dagrun for example_subdag_operator to 2022-01-01 00:00:00+00:00, run_after=2022-01-01 00:00:00+00:00
[2026-08-08T18:08:47.479+0000] {logging_mixin.py:190} INFO - [2026-08-08T18:08:47.479+0000] {dag.py:4138} INFO - Setting next_dagrun for example_subdag_operator.section-1 to None, run_after=None
[2026-08-08T18:08:47.483+0000] {logging_mixin.py:190} INFO - [2026-08-08T18:08:47.482+0000] {dag.py:4138} INFO - Setting next_dagrun for example_subdag_operator.section-2 to None, run_after=None
[2026-08-08T18:08:47.494+0000] {logging_mixin.py:190} INFO - [2026-08-08T18:08:47.494+0000] {dag.py:3211} INFO - Sync 2 DAGs
[2026-08-08T18:08:47.504+0000] {logging_mixin.py:190} INFO - [2026-08-08T18:08:47.503+0000] {dag.py:4138} INFO - Setting next_dagrun for example_subdag_operator.section-1 to None, run_after=None
[2026-08-08T18:08:47.505+0000] {logging_mixin.py:190} INFO - [2026-08-08T18:08:47.505+0000] {dag.py:4138} INFO - Setting next_dagrun for example_subdag_operator.section-2 to None, run_after=None
[2026-08-08T18:08:47.526+0000] {processor.py:208} INFO - Processing /home/airflow/.local/lib/python3.12/site-packages/airflow/example_dags/example_subdag_operator.py took 0.180 seconds
[2026-08-08T18:09:18.202+0000] {processor.py:186} INFO - Started process (PID=844) to work on /home/airflow/.local/lib/python3.12/site-packages/airflow/example_dags/example_subdag_operator.py
[2026-08-08T18:09:18.207+0000] {processor.py:914} INFO - Processing file /home/airflow/.local/lib/python3.12/site-packages/airflow/example_dags/example_subdag_operator.py for tasks to queue
[2026-08-08T18:09:18.219+0000] {logging_mixin.py:190} INFO - [2026-08-08T18:09:18.218+0000] {dagbag.py:587} INFO - Filling up the DagBag from /home/airflow/.local/lib/python3.12/site-packages/airflow/example_dags/example_subdag_operator.py
[2026-08-08T18:09:18.269+0000] {processor.py:925} INFO - DAG(s) 'example_subdag_operator.section-1', 'example_subdag_operator.section-2', 'example_subdag_operator' retrieved from /home/airflow/.local/lib/python3.12/site-packages/airflow/example_dags/example_subdag_operator.py
[2026-08-08T18:09:18.295+0000] {logging_mixin.py:190} INFO - [2026-08-08T18:09:18.295+0000] {dag.py:3211} INFO - Sync 3 DAGs
[2026-08-08T18:09:18.334+0000] {logging_mixin.py:190} INFO - [2026-08-08T18:09:18.333+0000] {dag.py:4138} INFO - Setting next_dagrun for example_subdag_operator to 2022-01-01 00:00:00+00:00, run_after=2022-01-01 00:00:00+00:00
[2026-08-08T18:09:18.342+0000] {logging_mixin.py:190} INFO - [2026-08-08T18:09:18.341+0000] {dag.py:4138} INFO - Setting next_dagrun for example_subdag_operator.section-1 to None, run_after=None
[2026-08-08T18:09:18.344+0000] {logging_mixin.py:190} INFO - [2026-08-08T18:09:18.343+0000] {dag.py:4138} INFO - Setting next_dagrun for example_subdag_operator.section-2 to None, run_after=None
[2026-08-08T18:09:18.354+0000] {logging_mixin.py:190} INFO - [2026-08-08T18:09:18.353+0000] {dag.py:3211} INFO - Sync 2 DAGs
[2026-08-08T18:09:18.364+0000] {logging_mixin.py:190} INFO - [2026-08-08T18:09:18.364+0000] {dag.py:4138} INFO - Setting next_dagrun for example_subdag_operator.section-1 to None, run_after=None
[2026-08-08T18:09:18.365+0000] {logging_mixin.py:190} INFO - [2026-08-08T18:09:18.365+0000] {dag.py:4138} INFO - Setting next_dagrun for example_subdag_operator.section-2 to None, run_after=None
[2026-08-08T18:09:18.384+0000] {processor.py:208} INFO - Processing /home/airflow/.local/lib/python3.12/site-packages/airflow/example_dags/example_subdag_operator.py took 0.190 seconds
[2026-08-08T18:09:48.562+0000] {processor.py:186} INFO - Started process (PID=907) to work on /home/airflow/.local/lib/python3.12/site-packages/airflow/example_dags/example_subdag_operator.py
[2026-08-08T18:09:48.564+0000] {processor.py:914} INFO - Processing file /home/airflow/.local/lib/python3.12/site-packages/airflow/example_dags/example_subdag_operator.py for tasks to queue
[2026-08-08T18:09:48.571+0000] {logging_mixin.py:190} INFO - [2026-08-08T18:09:48.570+0000] {dagbag.py:587} INFO - Filling up the DagBag from /home/airflow/.local/lib/python3.12/site-packages/airflow/example_dags/example_subdag_operator.py
[2026-08-08T18:09:48.615+0000] {processor.py:925} INFO - DAG(s) 'example_subdag_operator.section-1', 'example_subdag_operator.section-2', 'example_subdag_operator' retrieved from /home/airflow/.local/lib/python3.12/site-packages/airflow/example_dags/example_subdag_operator.py
[2026-08-08T18:09:48.636+0000] {logging_mixin.py:190} INFO - [2026-08-08T18:09:48.636+0000] {dag.py:3211} INFO - Sync 3 DAGs
[2026-08-08T18:09:48.666+0000] {logging_mixin.py:190} INFO - [2026-08-08T18:09:48.666+0000] {dag.py:4138} INFO - Setting next_dagrun for example_subdag_operator to 2022-01-01 00:00:00+00:00, run_after=2022-01-01 00:00:00+00:00
[2026-08-08T18:09:48.673+0000] {logging_mixin.py:190} INFO - [2026-08-08T18:09:48.672+0000] {dag.py:4138} INFO - Setting next_dagrun for example_subdag_operator.section-1 to None, run_after=None
[2026-08-08T18:09:48.675+0000] {logging_mixin.py:190} INFO - [2026-08-08T18:09:48.675+0000] {dag.py:4138} INFO - Setting next_dagrun for example_subdag_operator.section-2 to None, run_after=None
[2026-08-08T18:09:48.685+0000] {logging_mixin.py:190} INFO - [2026-08-08T18:09:48.684+0000] {dag.py:3211} INFO - Sync 2 DAGs
[2026-08-08T18:09:48.691+0000] {logging_mixin.py:190} INFO - [2026-08-08T18:09:48.691+0000] {dag.py:4138} INFO - Setting next_dagrun for example_subdag_operator.section-1 to None, run_after=None
[2026-08-08T18:09:48.693+0000] {logging_mixin.py:190} INFO - [2026-08-08T18:09:48.692+0000] {dag.py:4138} INFO - Setting next_dagrun for example_subdag_operator.section-2 to None, run_after=None
[2026-08-08T18:09:48.715+0000] {processor.py:208} INFO - Processing /home/airflow/.local/lib/python3.12/site-packages/airflow/example_dags/example_subdag_operator.py took 0.166 seconds
[2026-08-08T18:10:18.821+0000] {processor.py:186} INFO - Started process (PID=969) to work on /home/airflow/.local/lib/python3.12/site-packages/airflow/example_dags/example_subdag_operator.py
[2026-08-08T18:10:18.824+0000] {processor.py:914} INFO - Processing file /home/airflow/.local/lib/python3.12/site-packages/airflow/example_dags/example_subdag_operator.py for tasks to queue
[2026-08-08T18:10:18.828+0000] {logging_mixin.py:190} INFO - [2026-08-08T18:10:18.827+0000] {dagbag.py:587} INFO - Filling up the DagBag from /home/airflow/.local/lib/python3.12/site-packages/airflow/example_dags/example_subdag_operator.py
[2026-08-08T18:10:18.869+0000] {processor.py:925} INFO - DAG(s) 'example_subdag_operator.section-1', 'example_subdag_operator.section-2', 'example_subdag_operator' retrieved from /home/airflow/.local/lib/python3.12/site-packages/airflow/example_dags/example_subdag_operator.py
[2026-08-08T18:10:18.893+0000] {logging_mixin.py:190} INFO - [2026-08-08T18:10:18.892+0000] {dag.py:3211} INFO - Sync 3 DAGs
[2026-08-08T18:10:18.926+0000] {logging_mixin.py:190} INFO - [2026-08-08T18:10:18.926+0000] {dag.py:4138} INFO - Setting next_dagrun for example_subdag_operator to 2022-01-01 00:00:00+00:00, run_after=2022-01-01 00:00:00+00:00
[2026-08-08T18:10:18.935+0000] {logging_mixin.py:190} INFO - [2026-08-08T18:10:18.934+0000] {dag.py:4138} INFO - Setting next_dagrun for example_subdag_operator.section-1 to None, run_after=None
[2026-08-08T18:10:18.939+0000] {logging_mixin.py:190} INFO - [2026-08-08T18:10:18.938+0000] {dag.py:4138} INFO - Setting next_dagrun for example_subdag_operator.section-2 to None, run_after=None
[2026-08-08T18:10:18.953+0000] {logging_mixin.py:190} INFO - [2026-08-08T18:10:18.952+0000] {dag.py:3211} INFO - Sync 2 DAGs
[2026-08-08T18:10:18.962+0000] {logging_mixin.py:190} INFO - [2026-08-08T18:10:18.962+0000] {dag.py:4138} INFO - Setting next_dagrun for example_subdag_operator.section-1 to None, run_after=None
[2026-08-08T18:10:18.963+0000] {logging_mixin.py:190} INFO - [2026-08-08T18:10:18.963+0000] {dag.py:4138} INFO - Setting next_dagrun for example_subdag_operator.section-2 to None, run_after=None
[2026-08-08T18:10:18.983+0000] {processor.py:208} INFO - Processing /home/airflow/.local/lib/python3.12/site-packages/airflow/example_dags/example_subdag_operator.py took 0.172 seconds
[2026-08-08T18:10:49.220+0000] {processor.py:186} INFO - Started process (PID=1032) to work on /home/airflow/.local/lib/python3.12/site-packages/airflow/example_dags/example_subdag_operator.py
[2026-08-08T18:10:49.221+0000] {processor.py:914} INFO - Processing file /home/airflow/.local/lib/python3.12/site-packages/airflow/example_dags/example_subdag_operator.py for tasks to queue
[2026-08-08T18:10:49.224+0000] {logging_mixin.py:190} INFO - [2026-08-08T18:10:49.224+0000] {dagbag.py:587} INFO - Filling up the DagBag from /home/airflow/.local/lib/python3.12/site-packages/airflow/example_dags/example_subdag_operator.py
[2026-08-08T18:10:49.269+0000] {processor.py:925} INFO - DAG(s) 'example_subdag_operator.section-1', 'example_subdag_operator.section-2', 'example_subdag_operator' retrieved from /home/airflow/.local/lib/python3.12/site-packages/airflow/example_dags/example_subdag_operator.py
[2026-08-08T18:10:49.294+0000] {logging_mixin.py:190} INFO - [2026-08-08T18:10:49.294+0000] {dag.py:3211} INFO - Sync 3 DAGs
[2026-08-08T18:10:49.326+0000] {logging_mixin.py:190} INFO - [2026-08-08T18:10:49.326+0000] {dag.py:4138} INFO - Setting next_dagrun for example_subdag_operator to 2022-01-01 00:00:00+00:00, run_after=2022-01-01 00:00:00+00:00
[2026-08-08T18:10:49.331+0000] {logging_mixin.py:190} INFO - [2026-08-08T18:10:49.331+0000] {dag.py:4138} INFO - Setting next_dagrun for example_subdag_operator.section-1 to None, run_after=None
[2026-08-08T18:10:49.333+0000] {logging_mixin.py:190} INFO - [2026-08-08T18:10:49.333+0000] {dag.py:4138} INFO - Setting next_dagrun for example_subdag_operator.section-2 to None, run_after=None
[2026-08-08T18:10:49.341+0000] {logging_mixin.py:190} INFO - [2026-08-08T18:10:49.341+0000] {dag.py:3211} INFO - Sync 2 DAGs
[2026-08-08T18:10:49.348+0000] {logging_mixin.py:190} INFO - [2026-08-08T18:10:49.347+0000] {dag.py:4138} INFO - Setting next_dagrun for example_subdag_operator.section-1 to None, run_after=None
[2026-08-08T18:10:49.349+0000] {logging_mixin.py:190} INFO - [2026-08-08T18:10:49.349+0000] {dag.py:4138} INFO - Setting next_dagrun for example_subdag_operator.section-2 to None, run_after=None
[2026-08-08T18:10:49.369+0000] {processor.py:208} INFO - Processing /home/airflow/.local/lib/python3.12/site-packages/airflow/example_dags/example_subdag_operator.py took 0.159 seconds
[2026-08-08T18:11:19.644+0000] {processor.py:186} INFO - Started process (PID=1094) to work on /home/airflow/.local/lib/python3.12/site-packages/airflow/example_dags/example_subdag_operator.py
[2026-08-08T18:11:19.646+0000] {processor.py:914} INFO - Processing file /home/airflow/.local/lib/python3.12/site-packages/airflow/example_dags/example_subdag_operator.py for tasks to queue
[2026-08-08T18:11:19.648+0000] {logging_mixin.py:190} INFO - [2026-08-08T18:11:19.648+0000] {dagbag.py:587} INFO - Filling up the DagBag from /home/airflow/.local/lib/python3.12/site-packages/airflow/example_dags/example_subdag_operator.py
[2026-08-08T18:11:19.672+0000] {processor.py:925} INFO - DAG(s) 'example_subdag_operator.section-1', 'example_subdag_operator.section-2', 'example_subdag_operator' retrieved from /home/airflow/.local/lib/python3.12/site-packages/airflow/example_dags/example_subdag_operator.py
[2026-08-08T18:11:19.684+0000] {logging_mixin.py:190} INFO - [2026-08-08T18:11:19.684+0000] {dag.py:3211} INFO - Sync 3 DAGs
[2026-08-08T18:11:19.706+0000] {logging_mixin.py:190} INFO - [2026-08-08T18:11:19.706+0000] {dag.py:4138} INFO - Setting next_dagrun for example_subdag_operator to 2022-01-01 00:00:00+00:00, run_after=2022-01-01 00:00:00+00:00
[2026-08-08T18:11:19.709+0000] {logging_mixin.py:190} INFO - [2026-08-08T18:11:19.709+0000] {dag.py:4138} INFO - Setting next_dagrun for example_subdag_operator.section-1 to None, run_after=None
[2026-08-08T18:11:19.711+0000] {logging_mixin.py:190} INFO - [2026-08-08T18:11:19.711+0000] {dag.py:4138} INFO - Setting next_dagrun for example_subdag_operator.section-2 to None, run_after=None
[2026-08-08T18:11:19.717+0000] {logging_mixin.py:190} INFO - [2026-08-08T18:11:19.717+0000] {dag.py:3211} INFO - Sync 2 DAGs
[2026-08-08T18:11:19.722+0000] {logging_mixin.py:190} INFO - [2026-08-08T18:11:19.721+0000] {dag.py:4138} INFO - Setting next_dagrun for example_subdag_operator.section-1 to None, run_after=None
[2026-08-08T18:11:19.722+0000] {logging_mixin.py:190} INFO - [2026-08-08T18:11:19.722+0000] {dag.py:4138} INFO - Setting next_dagrun for example_subdag_operator.section-2 to None, run_after=None
[2026-08-08T18:11:19.734+0000] {processor.py:208} INFO - Processing /home/airflow/.local/lib/python3.12/site-packages/airflow/example_dags/example_subdag_operator.py took 0.095 seconds
[2026-08-08T18:11:50.640+0000] {processor.py:186} INFO - Started process (PID=1158) to work on /home/airflow/.local/lib/python3.12/site-packages/airflow/example_dags/example_subdag_operator.py
[2026-08-08T18:11:50.641+0000] {processor.py:914} INFO - Processing file /home/airflow/.local/lib/python3.12/site-packages/airflow/example_dags/example_subdag_operator.py for tasks to queue
[2026-08-08T18:11:50.644+0000] {logging_mixin.py:190} INFO - [2026-08-08T18:11:50.643+0000] {dagbag.py:587} INFO - Filling up the DagBag from /home/airflow/.local/lib/python3.12/site-packages/airflow/example_dags/example_subdag_operator.py
[2026-08-08T18:11:50.666+0000] {processor.py:925} INFO - DAG(s) 'example_subdag_operator.section-1', 'example_subdag_operator.section-2', 'example_subdag_operator' retrieved from /home/airflow/.local/lib/python3.12/site-packages/airflow/example_dags/example_subdag_operator.py
[2026-08-08T18:11:50.682+0000] {logging_mixin.py:190} INFO - [2026-08-08T18:11:50.682+0000] {dag.py:3211} INFO - Sync 3 DAGs
[2026-08-08T18:11:50.702+0000] {logging_mixin.py:190} INFO - [2026-08-08T18:11:50.702+0000] {dag.py:4138} INFO - Setting next_dagrun for example_subdag_operator to 2022-01-01 00:00:00+00:00, run_after=2022-01-01 00:00:00+00:00
[2026-08-08T18:11:50.705+0000] {logging_mixin.py:190} INFO - [2026-08-08T18:11:50.705+0000] {dag.py:4138} INFO - Setting next_dagrun for example_subdag_operator.section-1 to None, run_after=None
[2026-08-08T18:11:50.707+0000] {logging_mixin.py:190} INFO - [2026-08-08T18:11:50.707+0000] {dag.py:4138} INFO - Setting next_dagrun for example_subdag_operator.section-2 to None, run_after=None
[2026-08-08T18:11:50.714+0000] {logging_mixin.py:190} INFO - [2026-08-08T18:11:50.713+0000] {dag.py:3211} INFO - Sync 2 DAGs
[2026-08-08T18:11:50.719+0000] {logging_mixin.py:190} INFO - [2026-08-08T18:11:50.719+0000] {dag.py:4138} INFO - Setting next_dagrun for example_subdag_operator.section-1 to None, run_after=None
[2026-08-08T18:11:50.720+0000] {logging_mixin.py:190} INFO - [2026-08-08T18:11:50.720+0000] {dag.py:4138} INFO - Setting next_dagrun for example_subdag_operator.section-2 to None, run_after=None
[2026-08-08T18:11:50.735+0000] {processor.py:208} INFO - Processing /home/airflow/.local/lib/python3.12/site-packages/airflow/example_dags/example_subdag_operator.py took 0.101 seconds
[2026-08-08T18:13:06.275+0000] {processor.py:186} INFO - Started process (PID=88) to work on /home/airflow/.local/lib/python3.12/site-packages/airflow/example_dags/example_subdag_operator.py
[2026-08-08T18:13:06.278+0000] {processor.py:914} INFO - Processing file /home/airflow/.local/lib/python3.12/site-packages/airflow/example_dags/example_subdag_operator.py for tasks to queue
[2026-08-08T18:13:06.282+0000] {logging_mixin.py:190} INFO - [2026-08-08T18:13:06.282+0000] {dagbag.py:587} INFO - Filling up the DagBag from /home/airflow/.local/lib/python3.12/site-packages/airflow/example_dags/example_subdag_operator.py
[2026-08-08T18:13:06.318+0000] {processor.py:925} INFO - DAG(s) 'example_subdag_operator.section-1', 'example_subdag_operator.section-2', 'example_subdag_operator' retrieved from /home/airflow/.local/lib/python3.12/site-packages/airflow/example_dags/example_subdag_operator.py
[2026-08-08T18:13:06.348+0000] {logging_mixin.py:190} INFO - [2026-08-08T18:13:06.348+0000] {dag.py:3211} INFO - Sync 3 DAGs
[2026-08-08T18:13:06.376+0000] {logging_mixin.py:190} INFO - [2026-08-08T18:13:06.376+0000] {dag.py:4138} INFO - Setting next_dagrun for example_subdag_operator to 2022-01-01 00:00:00+00:00, run_after=2022-01-01 00:00:00+00:00
[2026-08-08T18:13:06.381+0000] {logging_mixin.py:190} INFO - [2026-08-08T18:13:06.381+0000] {dag.py:4138} INFO - Setting next_dagrun for example_subdag_operator.section-1 to None, run_after=None
[2026-08-08T18:13:06.385+0000] {logging_mixin.py:190} INFO - [2026-08-08T18:13:06.384+0000] {dag.py:4138} INFO - Setting next_dagrun for example_subdag_operator.section-2 to None, run_after=None
[2026-08-08T18:13:06.394+0000] {logging_mixin.py:190} INFO - [2026-08-08T18:13:06.394+0000] {dag.py:3211} INFO - Sync 2 DAGs
[2026-08-08T18:13:06.402+0000] {logging_mixin.py:190} INFO - [2026-08-08T18:13:06.402+0000] {dag.py:4138} INFO - Setting next_dagrun for example_subdag_operator.section-1 to None, run_after=None
[2026-08-08T18:13:06.403+0000] {logging_mixin.py:190} INFO - [2026-08-08T18:13:06.403+0000] {dag.py:4138} INFO - Setting next_dagrun for example_subdag_operator.section-2 to None, run_after=None
[2026-08-08T18:13:06.424+0000] {processor.py:208} INFO - Processing /home/airflow/.local/lib/python3.12/site-packages/airflow/example_dags/example_subdag_operator.py took 0.156 seconds
[2026-08-08T18:13:37.261+0000] {processor.py:186} INFO - Started process (PID=157) to work on /home/airflow/.local/lib/python3.12/site-packages/airflow/example_dags/example_subdag_operator.py
[2026-08-08T18:13:37.262+0000] {processor.py:914} INFO - Processing file /home/airflow/.local/lib/python3.12/site-packages/airflow/example_dags/example_subdag_operator.py for tasks to queue
[2026-08-08T18:13:37.265+0000] {logging_mixin.py:190} INFO - [2026-08-08T18:13:37.265+0000] {dagbag.py:587} INFO - Filling up the DagBag from /home/airflow/.local/lib/python3.12/site-packages/airflow/example_dags/example_subdag_operator.py
[2026-08-08T18:13:37.296+0000] {processor.py:925} INFO - DAG(s) 'example_subdag_operator.section-1', 'example_subdag_operator.section-2', 'example_subdag_operator' retrieved from /home/airflow/.local/lib/python3.12/site-packages/airflow/example_dags/example_subdag_operator.py
[2026-08-08T18:13:37.314+0000] {logging_mixin.py:190} INFO - [2026-08-08T18:13:37.313+0000] {dag.py:3211} INFO - Sync 3 DAGs
[2026-08-08T18:13:37.342+0000] {logging_mixin.py:190} INFO - [2026-08-08T18:13:37.342+0000] {dag.py:4138} INFO - Setting next_dagrun for example_subdag_operator to 2022-01-01 00:00:00+00:00, run_after=2022-01-01 00:00:00+00:00
[2026-08-08T18:13:37.348+0000] {logging_mixin.py:190} INFO - [2026-08-08T18:13:37.348+0000] {dag.py:4138} INFO - Setting next_dagrun for example_subdag_operator.section-1 to None, run_after=None
[2026-08-08T18:13:37.350+0000] {logging_mixin.py:190} INFO - [2026-08-08T18:13:37.350+0000] {dag.py:4138} INFO - Setting next_dagrun for example_subdag_operator.section-2 to None, run_after=None
[2026-08-08T18:13:37.359+0000] {logging_mixin.py:190} INFO - [2026-08-08T18:13:37.359+0000] {dag.py:3211} INFO - Sync 2 DAGs
[2026-08-08T18:13:37.365+0000] {logging_mixin.py:190} INFO - [2026-08-08T18:13:37.364+0000] {dag.py:4138} INFO - Setting next_dagrun for example_subdag_operator.section-1 to None, run_after=None
[2026-08-08T18:13:37.365+0000] {logging_mixin.py:190} INFO - [2026-08-08T18:13:37.365+0000] {dag.py:4138} INFO - Setting next_dagrun for example_subdag_operator.section-2 to None, run_after=None
[2026-08-08T18:13:37.378+0000] {processor.py:208} INFO - Processing /home/airflow/.local/lib/python3.12/site-packages/airflow/example_dags/example_subdag_operator.py took 0.128 seconds
[2026-08-08T18:14:07.981+0000] {processor.py:186} INFO - Started process (PID=220) to work on /home/airflow/.local/lib/python3.12/site-packages/airflow/example_dags/example_subdag_operator.py
[2026-08-08T18:14:07.983+0000] {processor.py:914} INFO - Processing file /home/airflow/.local/lib/python3.12/site-packages/airflow/example_dags/example_subdag_operator.py for tasks to queue
[2026-08-08T18:14:07.986+0000] {logging_mixin.py:190} INFO - [2026-08-08T18:14:07.986+0000] {dagbag.py:587} INFO - Filling up the DagBag from /home/airflow/.local/lib/python3.12/site-packages/airflow/example_dags/example_subdag_operator.py
[2026-08-08T18:14:08.010+0000] {processor.py:925} INFO - DAG(s) 'example_subdag_operator.section-1', 'example_subdag_operator.section-2', 'example_subdag_operator' retrieved from /home/airflow/.local/lib/python3.12/site-packages/airflow/example_dags/example_subdag_operator.py
[2026-08-08T18:14:08.023+0000] {logging_mixin.py:190} INFO - [2026-08-08T18:14:08.023+0000] {dag.py:3211} INFO - Sync 3 DAGs
[2026-08-08T18:14:08.042+0000] {logging_mixin.py:190} INFO - [2026-08-08T18:14:08.042+0000] {dag.py:4138} INFO - Setting next_dagrun for example_subdag_operator to 2022-01-01 00:00:00+00:00, run_after=2022-01-01 00:00:00+00:00
[2026-08-08T18:14:08.046+0000] {logging_mixin.py:190} INFO - [2026-08-08T18:14:08.045+0000] {dag.py:4138} INFO - Setting next_dagrun for example_subdag_operator.section-1 to None, run_after=None
[2026-08-08T18:14:08.047+0000] {logging_mixin.py:190} INFO - [2026-08-08T18:14:08.047+0000] {dag.py:4138} INFO - Setting next_dagrun for example_subdag_operator.section-2 to None, run_after=None
[2026-08-08T18:14:08.053+0000] {logging_mixin.py:190} INFO - [2026-08-08T18:14:08.053+0000] {dag.py:3211} INFO - Sync 2 DAGs
[2026-08-08T18:14:08.058+0000] {logging_mixin.py:190} INFO - [2026-08-08T18:14:08.057+0000] {dag.py:4138} INFO - Setting next_dagrun for example_subdag_operator.section-1 to None, run_after=None
[2026-08-08T18:14:08.058+0000] {logging_mixin.py:190} INFO - [2026-08-08T18:14:08.058+0000] {dag.py:4138} INFO - Setting next_dagrun for example_subdag_operator.section-2 to None, run_after=None
[2026-08-08T18:14:08.072+0000] {processor.py:208} INFO - Processing /home/airflow/.local/lib/python3.12/site-packages/airflow/example_dags/example_subdag_operator.py took 0.097 seconds
[2026-08-08T18:14:38.333+0000] {processor.py:186} INFO - Started process (PID=283) to work on /home/airflow/.local/lib/python3.12/site-packages/airflow/example_dags/example_subdag_operator.py
[2026-08-08T18:14:38.335+0000] {processor.py:914} INFO - Processing file /home/airflow/.local/lib/python3.12/site-packages/airflow/example_dags/example_subdag_operator.py for tasks to queue
[2026-08-08T18:14:38.337+0000] {logging_mixin.py:190} INFO - [2026-08-08T18:14:38.337+0000] {dagbag.py:587} INFO - Filling up the DagBag from /home/airflow/.local/lib/python3.12/site-packages/airflow/example_dags/example_subdag_operator.py
[2026-08-08T18:14:38.359+0000] {processor.py:925} INFO - DAG(s) 'example_subdag_operator.section-1', 'example_subdag_operator.section-2', 'example_subdag_operator' retrieved from /home/airflow/.local/lib/python3.12/site-packages/airflow/example_dags/example_subdag_operator.py
[2026-08-08T18:14:38.373+0000] {logging_mixin.py:190} INFO - [2026-08-08T18:14:38.373+0000] {dag.py:3211} INFO - Sync 3 DAGs
[2026-08-08T18:14:38.391+0000] {logging_mixin.py:190} INFO - [2026-08-08T18:14:38.391+0000] {dag.py:4138} INFO - Setting next_dagrun for example_subdag_operator to 2022-01-01 00:00:00+00:00, run_after=2022-01-01 00:00:00+00:00
[2026-08-08T18:14:38.394+0000] {logging_mixin.py:190} INFO - [2026-08-08T18:14:38.394+0000] {dag.py:4138} INFO - Setting next_dagrun for example_subdag_operator.section-1 to None, run_after=None
[2026-08-08T18:14:38.396+0000] {logging_mixin.py:190} INFO - [2026-08-08T18:14:38.396+0000] {dag.py:4138} INFO - Setting next_dagrun for example_subdag_operator.section-2 to None, run_after=None
[2026-08-08T18:14:38.402+0000] {logging_mixin.py:190} INFO - [2026-08-08T18:14:38.402+0000] {dag.py:3211} INFO - Sync 2 DAGs
[2026-08-08T18:14:38.406+0000] {logging_mixin.py:190} INFO - [2026-08-08T18:14:38.406+0000] {dag.py:4138} INFO - Setting next_dagrun for example_subdag_operator.section-1 to None, run_after=None
[2026-08-08T18:14:38.407+0000] {logging_mixin.py:190} INFO - [2026-08-08T18:14:38.407+0000] {dag.py:4138} INFO - Setting next_dagrun for example_subdag_operator.section-2 to None, run_after=None
[2026-08-08T18:14:38.421+0000] {processor.py:208} INFO - Processing /home/airflow/.local/lib/python3.12/site-packages/airflow/example_dags/example_subdag_operator.py took 0.095 seconds
[2026-08-08T18:15:09.286+0000] {processor.py:186} INFO - Started process (PID=346) to work on /home/airflow/.local/lib/python3.12/site-packages/airflow/example_dags/example_subdag_operator.py
[2026-08-08T18:15:09.288+0000] {processor.py:914} INFO - Processing file /home/airflow/.local/lib/python3.12/site-packages/airflow/example_dags/example_subdag_operator.py for tasks to queue
[2026-08-08T18:15:09.293+0000] {logging_mixin.py:190} INFO - [2026-08-08T18:15:09.292+0000] {dagbag.py:587} INFO - Filling up the DagBag from /home/airflow/.local/lib/python3.12/site-packages/airflow/example_dags/example_subdag_operator.py
[2026-08-08T18:15:09.329+0000] {processor.py:925} INFO - DAG(s) 'example_subdag_operator.section-1', 'example_subdag_operator.section-2', 'example_subdag_operator' retrieved from /home/airflow/.local/lib/python3.12/site-packages/airflow/example_dags/example_subdag_operator.py
[2026-08-08T18:15:09.363+0000] {logging_mixin.py:190} INFO - [2026-08-08T18:15:09.362+0000] {dag.py:3211} INFO - Sync 3 DAGs
[2026-08-08T18:15:09.413+0000] {logging_mixin.py:190} INFO - [2026-08-08T18:15:09.412+0000] {dag.py:4138} INFO - Setting next_dagrun for example_subdag_operator to 2022-01-01 00:00:00+00:00, run_after=2022-01-01 00:00:00+00:00
[2026-08-08T18:15:09.419+0000] {logging_mixin.py:190} INFO - [2026-08-08T18:15:09.419+0000] {dag.py:4138} INFO - Setting next_dagrun for example_subdag_operator.section-1 to None, run_after=None
[2026-08-08T18:15:09.422+0000] {logging_mixin.py:190} INFO - [2026-08-08T18:15:09.422+0000] {dag.py:4138} INFO - Setting next_dagrun for example_subdag_operator.section-2 to None, run_after=None
[2026-08-08T18:15:09.433+0000] {logging_mixin.py:190} INFO - [2026-08-08T18:15:09.433+0000] {dag.py:3211} INFO - Sync 2 DAGs
[2026-08-08T18:15:09.441+0000] {logging_mixin.py:190} INFO - [2026-08-08T18:15:09.441+0000] {dag.py:4138} INFO - Setting next_dagrun for example_subdag_operator.section-1 to None, run_after=None
[2026-08-08T18:15:09.442+0000] {logging_mixin.py:190} INFO - [2026-08-08T18:15:09.442+0000] {dag.py:4138} INFO - Setting next_dagrun for example_subdag_operator.section-2 to None, run_after=None
[2026-08-08T18:15:09.465+0000] {processor.py:208} INFO - Processing /home/airflow/.local/lib/python3.12/site-packages/airflow/example_dags/example_subdag_operator.py took 0.187 seconds
[2026-08-08T18:15:40.219+0000] {processor.py:186} INFO - Started process (PID=409) to work on /home/airflow/.local/lib/python3.12/site-packages/airflow/example_dags/example_subdag_operator.py
[2026-08-08T18:15:40.220+0000] {processor.py:914} INFO - Processing file /home/airflow/.local/lib/python3.12/site-packages/airflow/example_dags/example_subdag_operator.py for tasks to queue
[2026-08-08T18:15:40.223+0000] {logging_mixin.py:190} INFO - [2026-08-08T18:15:40.223+0000] {dagbag.py:587} INFO - Filling up the DagBag from /home/airflow/.local/lib/python3.12/site-packages/airflow/example_dags/example_subdag_operator.py
[2026-08-08T18:15:40.251+0000] {processor.py:925} INFO - DAG(s) 'example_subdag_operator.section-1', 'example_subdag_operator.section-2', 'example_subdag_operator' retrieved from /home/airflow/.local/lib/python3.12/site-packages/airflow/example_dags/example_subdag_operator.py
[2026-08-08T18:15:40.269+0000] {logging_mixin.py:190} INFO - [2026-08-08T18:15:40.268+0000] {dag.py:3211} INFO - Sync 3 DAGs
[2026-08-08T18:15:40.291+0000] {logging_mixin.py:190} INFO - [2026-08-08T18:15:40.291+0000] {dag.py:4138} INFO - Setting next_dagrun for example_subdag_operator to 2022-01-01 00:00:00+00:00, run_after=2022-01-01 00:00:00+00:00
[2026-08-08T18:15:40.295+0000] {logging_mixin.py:190} INFO - [2026-08-08T18:15:40.295+0000] {dag.py:4138} INFO - Setting next_dagrun for example_subdag_operator.section-1 to None, run_after=None
[2026-08-08T18:15:40.297+0000] {logging_mixin.py:190} INFO - [2026-08-08T18:15:40.297+0000] {dag.py:4138} INFO - Setting next_dagrun for example_subdag_operator.section-2 to None, run_after=None
[2026-08-08T18:15:40.304+0000] {logging_mixin.py:190} INFO - [2026-08-08T18:15:40.304+0000] {dag.py:3211} INFO - Sync 2 DAGs
[2026-08-08T18:15:40.309+0000] {logging_mixin.py:190} INFO - [2026-08-08T18:15:40.309+0000] {dag.py:4138} INFO - Setting next_dagrun for example_subdag_operator.section-1 to None, run_after=None
[2026-08-08T18:15:40.310+0000] {logging_mixin.py:190} INFO - [2026-08-08T18:15:40.310+0000] {dag.py:4138} INFO - Setting next_dagrun for example_subdag_operator.section-2 to None, run_after=None
[2026-08-08T18:15:40.331+0000] {processor.py:208} INFO - Processing /home/airflow/.local/lib/python3.12/site-packages/airflow/example_dags/example_subdag_operator.py took 0.120 seconds
[2026-08-08T18:17:11.665+0000] {processor.py:186} INFO - Started process (PID=107) to work on /home/airflow/.local/lib/python3.12/site-packages/airflow/example_dags/example_subdag_operator.py
[2026-08-08T18:17:11.667+0000] {processor.py:914} INFO - Processing file /home/airflow/.local/lib/python3.12/site-packages/airflow/example_dags/example_subdag_operator.py for tasks to queue
[2026-08-08T18:17:11.673+0000] {logging_mixin.py:190} INFO - [2026-08-08T18:17:11.672+0000] {dagbag.py:587} INFO - Filling up the DagBag from /home/airflow/.local/lib/python3.12/site-packages/airflow/example_dags/example_subdag_operator.py
[2026-08-08T18:17:11.704+0000] {processor.py:925} INFO - DAG(s) 'example_subdag_operator.section-1', 'example_subdag_operator.section-2', 'example_subdag_operator' retrieved from /home/airflow/.local/lib/python3.12/site-packages/airflow/example_dags/example_subdag_operator.py
[2026-08-08T18:17:11.738+0000] {logging_mixin.py:190} INFO - [2026-08-08T18:17:11.737+0000] {dag.py:3211} INFO - Sync 3 DAGs
[2026-08-08T18:17:11.764+0000] {logging_mixin.py:190} INFO - [2026-08-08T18:17:11.764+0000] {dag.py:4138} INFO - Setting next_dagrun for example_subdag_operator to 2022-01-01 00:00:00+00:00, run_after=2022-01-01 00:00:00+00:00
[2026-08-08T18:17:11.768+0000] {logging_mixin.py:190} INFO - [2026-08-08T18:17:11.768+0000] {dag.py:4138} INFO - Setting next_dagrun for example_subdag_operator.section-1 to None, run_after=None
[2026-08-08T18:17:11.772+0000] {logging_mixin.py:190} INFO - [2026-08-08T18:17:11.772+0000] {dag.py:4138} INFO - Setting next_dagrun for example_subdag_operator.section-2 to None, run_after=None
[2026-08-08T18:17:11.780+0000] {logging_mixin.py:190} INFO - [2026-08-08T18:17:11.780+0000] {dag.py:3211} INFO - Sync 2 DAGs
[2026-08-08T18:17:11.787+0000] {logging_mixin.py:190} INFO - [2026-08-08T18:17:11.787+0000] {dag.py:4138} INFO - Setting next_dagrun for example_subdag_operator.section-1 to None, run_after=None
[2026-08-08T18:17:11.788+0000] {logging_mixin.py:190} INFO - [2026-08-08T18:17:11.788+0000] {dag.py:4138} INFO - Setting next_dagrun for example_subdag_operator.section-2 to None, run_after=None
[2026-08-08T18:17:11.806+0000] {processor.py:208} INFO - Processing /home/airflow/.local/lib/python3.12/site-packages/airflow/example_dags/example_subdag_operator.py took 0.150 seconds
[2026-08-08T18:17:42.495+0000] {processor.py:186} INFO - Started process (PID=170) to work on /home/airflow/.local/lib/python3.12/site-packages/airflow/example_dags/example_subdag_operator.py
[2026-08-08T18:17:42.497+0000] {processor.py:914} INFO - Processing file /home/airflow/.local/lib/python3.12/site-packages/airflow/example_dags/example_subdag_operator.py for tasks to queue
[2026-08-08T18:17:42.499+0000] {logging_mixin.py:190} INFO - [2026-08-08T18:17:42.499+0000] {dagbag.py:587} INFO - Filling up the DagBag from /home/airflow/.local/lib/python3.12/site-packages/airflow/example_dags/example_subdag_operator.py
[2026-08-08T18:17:42.527+0000] {processor.py:925} INFO - DAG(s) 'example_subdag_operator.section-1', 'example_subdag_operator.section-2', 'example_subdag_operator' retrieved from /home/airflow/.local/lib/python3.12/site-packages/airflow/example_dags/example_subdag_operator.py
[2026-08-08T18:17:42.544+0000] {logging_mixin.py:190} INFO - [2026-08-08T18:17:42.544+0000] {dag.py:3211} INFO - Sync 3 DAGs
[2026-08-08T18:17:42.566+0000] {logging_mixin.py:190} INFO - [2026-08-08T18:17:42.566+0000] {dag.py:4138} INFO - Setting next_dagrun for example_subdag_operator to 2022-01-01 00:00:00+00:00, run_after=2022-01-01 00:00:00+00:00
[2026-08-08T18:17:42.571+0000] {logging_mixin.py:190} INFO - [2026-08-08T18:17:42.570+0000] {dag.py:4138} INFO - Setting next_dagrun for example_subdag_operator.section-1 to None, run_after=None
[2026-08-08T18:17:42.572+0000] {logging_mixin.py:190} INFO - [2026-08-08T18:17:42.572+0000] {dag.py:4138} INFO - Setting next_dagrun for example_subdag_operator.section-2 to None, run_after=None
[2026-08-08T18:17:42.579+0000] {logging_mixin.py:190} INFO - [2026-08-08T18:17:42.579+0000] {dag.py:3211} INFO - Sync 2 DAGs
[2026-08-08T18:17:42.585+0000] {logging_mixin.py:190} INFO - [2026-08-08T18:17:42.584+0000] {dag.py:4138} INFO - Setting next_dagrun for example_subdag_operator.section-1 to None, run_after=None
[2026-08-08T18:17:42.585+0000] {logging_mixin.py:190} INFO - [2026-08-08T18:17:42.585+0000] {dag.py:4138} INFO - Setting next_dagrun for example_subdag_operator.section-2 to None, run_after=None
[2026-08-08T18:17:42.602+0000] {processor.py:208} INFO - Processing /home/airflow/.local/lib/python3.12/site-packages/airflow/example_dags/example_subdag_operator.py took 0.114 seconds
[2026-08-08T18:18:13.386+0000] {processor.py:186} INFO - Started process (PID=233) to work on /home/airflow/.local/lib/python3.12/site-packages/airflow/example_dags/example_subdag_operator.py
[2026-08-08T18:18:13.387+0000] {processor.py:914} INFO - Processing file /home/airflow/.local/lib/python3.12/site-packages/airflow/example_dags/example_subdag_operator.py for tasks to queue
[2026-08-08T18:18:13.391+0000] {logging_mixin.py:190} INFO - [2026-08-08T18:18:13.390+0000] {dagbag.py:587} INFO - Filling up the DagBag from /home/airflow/.local/lib/python3.12/site-packages/airflow/example_dags/example_subdag_operator.py
[2026-08-08T18:18:13.420+0000] {processor.py:925} INFO - DAG(s) 'example_subdag_operator.section-1', 'example_subdag_operator.section-2', 'example_subdag_operator' retrieved from /home/airflow/.local/lib/python3.12/site-packages/airflow/example_dags/example_subdag_operator.py
[2026-08-08T18:18:13.436+0000] {logging_mixin.py:190} INFO - [2026-08-08T18:18:13.436+0000] {dag.py:3211} INFO - Sync 3 DAGs
[2026-08-08T18:18:13.458+0000] {logging_mixin.py:190} INFO - [2026-08-08T18:18:13.458+0000] {dag.py:4138} INFO - Setting next_dagrun for example_subdag_operator to 2022-01-01 00:00:00+00:00, run_after=2022-01-01 00:00:00+00:00
[2026-08-08T18:18:13.462+0000] {logging_mixin.py:190} INFO - [2026-08-08T18:18:13.462+0000] {dag.py:4138} INFO - Setting next_dagrun for example_subdag_operator.section-1 to None, run_after=None
[2026-08-08T18:18:13.463+0000] {logging_mixin.py:190} INFO - [2026-08-08T18:18:13.463+0000] {dag.py:4138} INFO - Setting next_dagrun for example_subdag_operator.section-2 to None, run_after=None
[2026-08-08T18:18:13.470+0000] {logging_mixin.py:190} INFO - [2026-08-08T18:18:13.470+0000] {dag.py:3211} INFO - Sync 2 DAGs
[2026-08-08T18:18:13.476+0000] {logging_mixin.py:190} INFO - [2026-08-08T18:18:13.476+0000] {dag.py:4138} INFO - Setting next_dagrun for example_subdag_operator.section-1 to None, run_after=None
[2026-08-08T18:18:13.477+0000] {logging_mixin.py:190} INFO - [2026-08-08T18:18:13.477+0000] {dag.py:4138} INFO - Setting next_dagrun for example_subdag_operator.section-2 to None, run_after=None
[2026-08-08T18:18:13.490+0000] {processor.py:208} INFO - Processing /home/airflow/.local/lib/python3.12/site-packages/airflow/example_dags/example_subdag_operator.py took 0.111 seconds
[2026-08-08T18:18:43.958+0000] {processor.py:186} INFO - Started process (PID=297) to work on /home/airflow/.local/lib/python3.12/site-packages/airflow/example_dags/example_subdag_operator.py
[2026-08-08T18:18:43.960+0000] {processor.py:914} INFO - Processing file /home/airflow/.local/lib/python3.12/site-packages/airflow/example_dags/example_subdag_operator.py for tasks to queue
[2026-08-08T18:18:43.963+0000] {logging_mixin.py:190} INFO - [2026-08-08T18:18:43.963+0000] {dagbag.py:587} INFO - Filling up the DagBag from /home/airflow/.local/lib/python3.12/site-packages/airflow/example_dags/example_subdag_operator.py
[2026-08-08T18:18:43.989+0000] {processor.py:925} INFO - DAG(s) 'example_subdag_operator.section-1', 'example_subdag_operator.section-2', 'example_subdag_operator' retrieved from /home/airflow/.local/lib/python3.12/site-packages/airflow/example_dags/example_subdag_operator.py
[2026-08-08T18:18:44.005+0000] {logging_mixin.py:190} INFO - [2026-08-08T18:18:44.005+0000] {dag.py:3211} INFO - Sync 3 DAGs
[2026-08-08T18:18:44.027+0000] {logging_mixin.py:190} INFO - [2026-08-08T18:18:44.027+0000] {dag.py:4138} INFO - Setting next_dagrun for example_subdag_operator to 2022-01-01 00:00:00+00:00, run_after=2022-01-01 00:00:00+00:00
[2026-08-08T18:18:44.031+0000] {logging_mixin.py:190} INFO - [2026-08-08T18:18:44.031+0000] {dag.py:4138} INFO - Setting next_dagrun for example_subdag_operator.section-1 to None, run_after=None
[2026-08-08T18:18:44.033+0000] {logging_mixin.py:190} INFO - [2026-08-08T18:18:44.033+0000] {dag.py:4138} INFO - Setting next_dagrun for example_subdag_operator.section-2 to None, run_after=None
[2026-08-08T18:18:44.040+0000] {logging_mixin.py:190} INFO - [2026-08-08T18:18:44.040+0000] {dag.py:3211} INFO - Sync 2 DAGs
[2026-08-08T18:18:44.045+0000] {logging_mixin.py:190} INFO - [2026-08-08T18:18:44.045+0000] {dag.py:4138} INFO - Setting next_dagrun for example_subdag_operator.section-1 to None, run_after=None
[2026-08-08T18:18:44.046+0000] {logging_mixin.py:190} INFO - [2026-08-08T18:18:44.046+0000] {dag.py:4138} INFO - Setting next_dagrun for example_subdag_operator.section-2 to None, run_after=None
[2026-08-08T18:18:44.064+0000] {processor.py:208} INFO - Processing /home/airflow/.local/lib/python3.12/site-packages/airflow/example_dags/example_subdag_operator.py took 0.113 seconds
[2026-08-08T18:19:14.511+0000] {processor.py:186} INFO - Started process (PID=360) to work on /home/airflow/.local/lib/python3.12/site-packages/airflow/example_dags/example_subdag_operator.py
[2026-08-08T18:19:14.512+0000] {processor.py:914} INFO - Processing file /home/airflow/.local/lib/python3.12/site-packages/airflow/example_dags/example_subdag_operator.py for tasks to queue
[2026-08-08T18:19:14.516+0000] {logging_mixin.py:190} INFO - [2026-08-08T18:19:14.515+0000] {dagbag.py:587} INFO - Filling up the DagBag from /home/airflow/.local/lib/python3.12/site-packages/airflow/example_dags/example_subdag_operator.py
[2026-08-08T18:19:14.548+0000] {processor.py:925} INFO - DAG(s) 'example_subdag_operator.section-1', 'example_subdag_operator.section-2', 'example_subdag_operator' retrieved from /home/airflow/.local/lib/python3.12/site-packages/airflow/example_dags/example_subdag_operator.py
[2026-08-08T18:19:14.569+0000] {logging_mixin.py:190} INFO - [2026-08-08T18:19:14.569+0000] {dag.py:3211} INFO - Sync 3 DAGs
[2026-08-08T18:19:14.593+0000] {logging_mixin.py:190} INFO - [2026-08-08T18:19:14.593+0000] {dag.py:4138} INFO - Setting next_dagrun for example_subdag_operator to 2022-01-01 00:00:00+00:00, run_after=2022-01-01 00:00:00+00:00
[2026-08-08T18:19:14.597+0000] {logging_mixin.py:190} INFO - [2026-08-08T18:19:14.597+0000] {dag.py:4138} INFO - Setting next_dagrun for example_subdag_operator.section-1 to None, run_after=None
[2026-08-08T18:19:14.599+0000] {logging_mixin.py:190} INFO - [2026-08-08T18:19:14.599+0000] {dag.py:4138} INFO - Setting next_dagrun for example_subdag_operator.section-2 to None, run_after=None
[2026-08-08T18:19:14.606+0000] {logging_mixin.py:190} INFO - [2026-08-08T18:19:14.606+0000] {dag.py:3211} INFO - Sync 2 DAGs
[2026-08-08T18:19:14.612+0000] {logging_mixin.py:190} INFO - [2026-08-08T18:19:14.612+0000] {dag.py:4138} INFO - Setting next_dagrun for example_subdag_operator.section-1 to None, run_after=None
[2026-08-08T18:19:14.613+0000] {logging_mixin.py:190} INFO - [2026-08-08T18:19:14.613+0000] {dag.py:4138} INFO - Setting next_dagrun for example_subdag_operator.section-2 to None, run_after=None
[2026-08-08T18:19:14.628+0000] {processor.py:208} INFO - Processing /home/airflow/.local/lib/python3.12/site-packages/airflow/example_dags/example_subdag_operator.py took 0.124 seconds
[2026-08-08T18:24:00.774+0000] {processor.py:186} INFO - Started process (PID=422) to work on /home/airflow/.local/lib/python3.12/site-packages/airflow/example_dags/example_subdag_operator.py
[2026-08-08T18:24:00.786+0000] {processor.py:914} INFO - Processing file /home/airflow/.local/lib/python3.12/site-packages/airflow/example_dags/example_subdag_operator.py for tasks to queue
[2026-08-08T18:24:00.789+0000] {logging_mixin.py:190} INFO - [2026-08-08T18:24:00.789+0000] {dagbag.py:587} INFO - Filling up the DagBag from /home/airflow/.local/lib/python3.12/site-packages/airflow/example_dags/example_subdag_operator.py
[2026-08-08T18:24:00.815+0000] {processor.py:925} INFO - DAG(s) 'example_subdag_operator.section-1', 'example_subdag_operator.section-2', 'example_subdag_operator' retrieved from /home/airflow/.local/lib/python3.12/site-packages/airflow/example_dags/example_subdag_operator.py
[2026-08-08T18:24:00.832+0000] {logging_mixin.py:190} INFO - [2026-08-08T18:24:00.832+0000] {dag.py:3211} INFO - Sync 3 DAGs
[2026-08-08T18:24:00.852+0000] {logging_mixin.py:190} INFO - [2026-08-08T18:24:00.851+0000] {dag.py:4138} INFO - Setting next_dagrun for example_subdag_operator to 2022-01-01 00:00:00+00:00, run_after=2022-01-01 00:00:00+00:00
[2026-08-08T18:24:00.855+0000] {logging_mixin.py:190} INFO - [2026-08-08T18:24:00.855+0000] {dag.py:4138} INFO - Setting next_dagrun for example_subdag_operator.section-1 to None, run_after=None
[2026-08-08T18:24:00.856+0000] {logging_mixin.py:190} INFO - [2026-08-08T18:24:00.856+0000] {dag.py:4138} INFO - Setting next_dagrun for example_subdag_operator.section-2 to None, run_after=None
[2026-08-08T18:24:00.862+0000] {logging_mixin.py:190} INFO - [2026-08-08T18:24:00.861+0000] {dag.py:3211} INFO - Sync 2 DAGs
[2026-08-08T18:24:00.870+0000] {logging_mixin.py:190} INFO - [2026-08-08T18:24:00.869+0000] {dag.py:4138} INFO - Setting next_dagrun for example_subdag_operator.section-1 to None, run_after=None
[2026-08-08T18:24:00.870+0000] {logging_mixin.py:190} INFO - [2026-08-08T18:24:00.870+0000] {dag.py:4138} INFO - Setting next_dagrun for example_subdag_operator.section-2 to None, run_after=None
[2026-08-08T18:24:00.906+0000] {processor.py:208} INFO - Processing /home/airflow/.local/lib/python3.12/site-packages/airflow/example_dags/example_subdag_operator.py took 0.140 seconds
[2026-08-08T18:24:31.170+0000] {processor.py:186} INFO - Started process (PID=485) to work on /home/airflow/.local/lib/python3.12/site-packages/airflow/example_dags/example_subdag_operator.py
[2026-08-08T18:24:31.172+0000] {processor.py:914} INFO - Processing file /home/airflow/.local/lib/python3.12/site-packages/airflow/example_dags/example_subdag_operator.py for tasks to queue
[2026-08-08T18:24:31.177+0000] {logging_mixin.py:190} INFO - [2026-08-08T18:24:31.176+0000] {dagbag.py:587} INFO - Filling up the DagBag from /home/airflow/.local/lib/python3.12/site-packages/airflow/example_dags/example_subdag_operator.py
[2026-08-08T18:24:31.219+0000] {processor.py:925} INFO - DAG(s) 'example_subdag_operator.section-1', 'example_subdag_operator.section-2', 'example_subdag_operator' retrieved from /home/airflow/.local/lib/python3.12/site-packages/airflow/example_dags/example_subdag_operator.py
[2026-08-08T18:24:31.248+0000] {logging_mixin.py:190} INFO - [2026-08-08T18:24:31.248+0000] {dag.py:3211} INFO - Sync 3 DAGs
[2026-08-08T18:24:31.285+0000] {logging_mixin.py:190} INFO - [2026-08-08T18:24:31.285+0000] {dag.py:4138} INFO - Setting next_dagrun for example_subdag_operator to 2022-01-01 00:00:00+00:00, run_after=2022-01-01 00:00:00+00:00
[2026-08-08T18:24:31.291+0000] {logging_mixin.py:190} INFO - [2026-08-08T18:24:31.290+0000] {dag.py:4138} INFO - Setting next_dagrun for example_subdag_operator.section-1 to None, run_after=None
[2026-08-08T18:24:31.293+0000] {logging_mixin.py:190} INFO - [2026-08-08T18:24:31.293+0000] {dag.py:4138} INFO - Setting next_dagrun for example_subdag_operator.section-2 to None, run_after=None
[2026-08-08T18:24:31.303+0000] {logging_mixin.py:190} INFO - [2026-08-08T18:24:31.303+0000] {dag.py:3211} INFO - Sync 2 DAGs
[2026-08-08T18:24:31.312+0000] {logging_mixin.py:190} INFO - [2026-08-08T18:24:31.311+0000] {dag.py:4138} INFO - Setting next_dagrun for example_subdag_operator.section-1 to None, run_after=None
[2026-08-08T18:24:31.313+0000] {logging_mixin.py:190} INFO - [2026-08-08T18:24:31.312+0000] {dag.py:4138} INFO - Setting next_dagrun for example_subdag_operator.section-2 to None, run_after=None
[2026-08-08T18:24:31.330+0000] {processor.py:208} INFO - Processing /home/airflow/.local/lib/python3.12/site-packages/airflow/example_dags/example_subdag_operator.py took 0.169 seconds
[2026-08-08T18:25:01.857+0000] {processor.py:186} INFO - Started process (PID=548) to work on /home/airflow/.local/lib/python3.12/site-packages/airflow/example_dags/example_subdag_operator.py
[2026-08-08T18:25:01.859+0000] {processor.py:914} INFO - Processing file /home/airflow/.local/lib/python3.12/site-packages/airflow/example_dags/example_subdag_operator.py for tasks to queue
[2026-08-08T18:25:01.864+0000] {logging_mixin.py:190} INFO - [2026-08-08T18:25:01.863+0000] {dagbag.py:587} INFO - Filling up the DagBag from /home/airflow/.local/lib/python3.12/site-packages/airflow/example_dags/example_subdag_operator.py
[2026-08-08T18:25:01.896+0000] {processor.py:925} INFO - DAG(s) 'example_subdag_operator.section-1', 'example_subdag_operator.section-2', 'example_subdag_operator' retrieved from /home/airflow/.local/lib/python3.12/site-packages/airflow/example_dags/example_subdag_operator.py
[2026-08-08T18:25:01.911+0000] {logging_mixin.py:190} INFO - [2026-08-08T18:25:01.911+0000] {dag.py:3211} INFO - Sync 3 DAGs
[2026-08-08T18:25:01.934+0000] {logging_mixin.py:190} INFO - [2026-08-08T18:25:01.934+0000] {dag.py:4138} INFO - Setting next_dagrun for example_subdag_operator to 2022-01-01 00:00:00+00:00, run_after=2022-01-01 00:00:00+00:00
[2026-08-08T18:25:01.939+0000] {logging_mixin.py:190} INFO - [2026-08-08T18:25:01.938+0000] {dag.py:4138} INFO - Setting next_dagrun for example_subdag_operator.section-1 to None, run_after=None
[2026-08-08T18:25:01.940+0000] {logging_mixin.py:190} INFO - [2026-08-08T18:25:01.940+0000] {dag.py:4138} INFO - Setting next_dagrun for example_subdag_operator.section-2 to None, run_after=None
[2026-08-08T18:25:01.947+0000] {logging_mixin.py:190} INFO - [2026-08-08T18:25:01.947+0000] {dag.py:3211} INFO - Sync 2 DAGs
[2026-08-08T18:25:01.953+0000] {logging_mixin.py:190} INFO - [2026-08-08T18:25:01.952+0000] {dag.py:4138} INFO - Setting next_dagrun for example_subdag_operator.section-1 to None, run_after=None
[2026-08-08T18:25:01.953+0000] {logging_mixin.py:190} INFO - [2026-08-08T18:25:01.953+0000] {dag.py:4138} INFO - Setting next_dagrun for example_subdag_operator.section-2 to None, run_after=None
[2026-08-08T18:25:01.969+0000] {processor.py:208} INFO - Processing /home/airflow/.local/lib/python3.12/site-packages/airflow/example_dags/example_subdag_operator.py took 0.120 seconds
[2026-08-08T18:25:32.337+0000] {processor.py:186} INFO - Started process (PID=611) to work on /home/airflow/.local/lib/python3.12/site-packages/airflow/example_dags/example_subdag_operator.py
[2026-08-08T18:25:32.338+0000] {processor.py:914} INFO - Processing file /home/airflow/.local/lib/python3.12/site-packages/airflow/example_dags/example_subdag_operator.py for tasks to queue
[2026-08-08T18:25:32.341+0000] {logging_mixin.py:190} INFO - [2026-08-08T18:25:32.341+0000] {dagbag.py:587} INFO - Filling up the DagBag from /home/airflow/.local/lib/python3.12/site-packages/airflow/example_dags/example_subdag_operator.py
[2026-08-08T18:25:32.373+0000] {processor.py:925} INFO - DAG(s) 'example_subdag_operator.section-1', 'example_subdag_operator.section-2', 'example_subdag_operator' retrieved from /home/airflow/.local/lib/python3.12/site-packages/airflow/example_dags/example_subdag_operator.py
[2026-08-08T18:25:32.389+0000] {logging_mixin.py:190} INFO - [2026-08-08T18:25:32.388+0000] {dag.py:3211} INFO - Sync 3 DAGs
[2026-08-08T18:25:32.412+0000] {logging_mixin.py:190} INFO - [2026-08-08T18:25:32.411+0000] {dag.py:4138} INFO - Setting next_dagrun for example_subdag_operator to 2022-01-01 00:00:00+00:00, run_after=2022-01-01 00:00:00+00:00
[2026-08-08T18:25:32.416+0000] {logging_mixin.py:190} INFO - [2026-08-08T18:25:32.415+0000] {dag.py:4138} INFO - Setting next_dagrun for example_subdag_operator.section-1 to None, run_after=None
[2026-08-08T18:25:32.417+0000] {logging_mixin.py:190} INFO - [2026-08-08T18:25:32.417+0000] {dag.py:4138} INFO - Setting next_dagrun for example_subdag_operator.section-2 to None, run_after=None
[2026-08-08T18:25:32.425+0000] {logging_mixin.py:190} INFO - [2026-08-08T18:25:32.424+0000] {dag.py:3211} INFO - Sync 2 DAGs
[2026-08-08T18:25:32.431+0000] {logging_mixin.py:190} INFO - [2026-08-08T18:25:32.431+0000] {dag.py:4138} INFO - Setting next_dagrun for example_subdag_operator.section-1 to None, run_after=None
[2026-08-08T18:25:32.432+0000] {logging_mixin.py:190} INFO - [2026-08-08T18:25:32.432+0000] {dag.py:4138} INFO - Setting next_dagrun for example_subdag_operator.section-2 to None, run_after=None
[2026-08-08T18:25:32.446+0000] {processor.py:208} INFO - Processing /home/airflow/.local/lib/python3.12/site-packages/airflow/example_dags/example_subdag_operator.py took 0.118 seconds
[2026-08-08T18:26:02.727+0000] {processor.py:186} INFO - Started process (PID=674) to work on /home/airflow/.local/lib/python3.12/site-packages/airflow/example_dags/example_subdag_operator.py
[2026-08-08T18:26:02.728+0000] {processor.py:914} INFO - Processing file /home/airflow/.local/lib/python3.12/site-packages/airflow/example_dags/example_subdag_operator.py for tasks to queue
[2026-08-08T18:26:02.731+0000] {logging_mixin.py:190} INFO - [2026-08-08T18:26:02.730+0000] {dagbag.py:587} INFO - Filling up the DagBag from /home/airflow/.local/lib/python3.12/site-packages/airflow/example_dags/example_subdag_operator.py
[2026-08-08T18:26:02.759+0000] {processor.py:925} INFO - DAG(s) 'example_subdag_operator.section-1', 'example_subdag_operator.section-2', 'example_subdag_operator' retrieved from /home/airflow/.local/lib/python3.12/site-packages/airflow/example_dags/example_subdag_operator.py
[2026-08-08T18:26:02.775+0000] {logging_mixin.py:190} INFO - [2026-08-08T18:26:02.774+0000] {dag.py:3211} INFO - Sync 3 DAGs
[2026-08-08T18:26:02.799+0000] {logging_mixin.py:190} INFO - [2026-08-08T18:26:02.799+0000] {dag.py:4138} INFO - Setting next_dagrun for example_subdag_operator to 2022-01-01 00:00:00+00:00, run_after=2022-01-01 00:00:00+00:00
[2026-08-08T18:26:02.803+0000] {logging_mixin.py:190} INFO - [2026-08-08T18:26:02.803+0000] {dag.py:4138} INFO - Setting next_dagrun for example_subdag_operator.section-1 to None, run_after=None
[2026-08-08T18:26:02.805+0000] {logging_mixin.py:190} INFO - [2026-08-08T18:26:02.805+0000] {dag.py:4138} INFO - Setting next_dagrun for example_subdag_operator.section-2 to None, run_after=None
[2026-08-08T18:26:02.813+0000] {logging_mixin.py:190} INFO - [2026-08-08T18:26:02.813+0000] {dag.py:3211} INFO - Sync 2 DAGs
[2026-08-08T18:26:02.822+0000] {logging_mixin.py:190} INFO - [2026-08-08T18:26:02.822+0000] {dag.py:4138} INFO - Setting next_dagrun for example_subdag_operator.section-1 to None, run_after=None
[2026-08-08T18:26:02.823+0000] {logging_mixin.py:190} INFO - [2026-08-08T18:26:02.823+0000] {dag.py:4138} INFO - Setting next_dagrun for example_subdag_operator.section-2 to None, run_after=None
[2026-08-08T18:26:02.838+0000] {processor.py:208} INFO - Processing /home/airflow/.local/lib/python3.12/site-packages/airflow/example_dags/example_subdag_operator.py took 0.117 seconds
[2026-08-08T18:26:33.692+0000] {processor.py:186} INFO - Started process (PID=738) to work on /home/airflow/.local/lib/python3.12/site-packages/airflow/example_dags/example_subdag_operator.py
[2026-08-08T18:26:33.694+0000] {processor.py:914} INFO - Processing file /home/airflow/.local/lib/python3.12/site-packages/airflow/example_dags/example_subdag_operator.py for tasks to queue
[2026-08-08T18:26:33.698+0000] {logging_mixin.py:190} INFO - [2026-08-08T18:26:33.698+0000] {dagbag.py:587} INFO - Filling up the DagBag from /home/airflow/.local/lib/python3.12/site-packages/airflow/example_dags/example_subdag_operator.py
[2026-08-08T18:26:33.734+0000] {processor.py:925} INFO - DAG(s) 'example_subdag_operator.section-1', 'example_subdag_operator.section-2', 'example_subdag_operator' retrieved from /home/airflow/.local/lib/python3.12/site-packages/airflow/example_dags/example_subdag_operator.py
[2026-08-08T18:26:33.751+0000] {logging_mixin.py:190} INFO - [2026-08-08T18:26:33.751+0000] {dag.py:3211} INFO - Sync 3 DAGs
[2026-08-08T18:26:33.773+0000] {logging_mixin.py:190} INFO - [2026-08-08T18:26:33.773+0000] {dag.py:4138} INFO - Setting next_dagrun for example_subdag_operator to 2022-01-01 00:00:00+00:00, run_after=2022-01-01 00:00:00+00:00
[2026-08-08T18:26:33.777+0000] {logging_mixin.py:190} INFO - [2026-08-08T18:26:33.777+0000] {dag.py:4138} INFO - Setting next_dagrun for example_subdag_operator.section-1 to None, run_after=None
[2026-08-08T18:26:33.779+0000] {logging_mixin.py:190} INFO - [2026-08-08T18:26:33.778+0000] {dag.py:4138} INFO - Setting next_dagrun for example_subdag_operator.section-2 to None, run_after=None
[2026-08-08T18:26:33.786+0000] {logging_mixin.py:190} INFO - [2026-08-08T18:26:33.786+0000] {dag.py:3211} INFO - Sync 2 DAGs
[2026-08-08T18:26:33.791+0000] {logging_mixin.py:190} INFO - [2026-08-08T18:26:33.791+0000] {dag.py:4138} INFO - Setting next_dagrun for example_subdag_operator.section-1 to None, run_after=None
[2026-08-08T18:26:33.792+0000] {logging_mixin.py:190} INFO - [2026-08-08T18:26:33.792+0000] {dag.py:4138} INFO - Setting next_dagrun for example_subdag_operator.section-2 to None, run_after=None
[2026-08-08T18:26:33.805+0000] {processor.py:208} INFO - Processing /home/airflow/.local/lib/python3.12/site-packages/airflow/example_dags/example_subdag_operator.py took 0.121 seconds
