[2026-08-08T17:25:11.266+0000] {processor.py:186} INFO - Started process (PID=99) to work on /home/airflow/.local/lib/python3.12/site-packages/airflow/example_dags/example_branch_operator_decorator.py
[2026-08-08T17:25:11.267+0000] {processor.py:914} INFO - Processing file /home/airflow/.local/lib/python3.12/site-packages/airflow/example_dags/example_branch_operator_decorator.py for tasks to queue
[2026-08-08T17:25:11.270+0000] {logging_mixin.py:190} INFO - [2026-08-08T17:25:11.269+0000] {dagbag.py:587} INFO - Filling up the DagBag from /home/airflow/.local/lib/python3.12/site-packages/airflow/example_dags/example_branch_operator_decorator.py
[2026-08-08T17:25:11.294+0000] {processor.py:925} INFO - DAG(s) 'example_branch_python_operator_decorator' retrieved from /home/airflow/.local/lib/python3.12/site-packages/airflow/example_dags/example_branch_operator_decorator.py
[2026-08-08T17:25:11.468+0000] {logging_mixin.py:190} INFO - [2026-08-08T17:25:11.467+0000] {override.py:1858} INFO - Created Permission View: can delete on DAG:example_branch_python_operator_decorator
[2026-08-08T17:25:11.483+0000] {logging_mixin.py:190} INFO - [2026-08-08T17:25:11.482+0000] {override.py:1858} INFO - Created Permission View: can edit on DAG:example_branch_python_operator_decorator
[2026-08-08T17:25:11.492+0000] {logging_mixin.py:190} INFO - [2026-08-08T17:25:11.492+0000] {override.py:1858} INFO - Created Permission View: can read on DAG:example_branch_python_operator_decorator
[2026-08-08T17:25:11.493+0000] {logging_mixin.py:190} INFO - [2026-08-08T17:25:11.493+0000] {dag.py:3211} INFO - Sync 1 DAGs
[2026-08-08T17:25:11.510+0000] {logging_mixin.py:190} INFO - [2026-08-08T17:25:11.510+0000] {dag.py:3234} INFO - Creating ORM DAG for example_branch_python_operator_decorator
[2026-08-08T17:25:11.524+0000] {logging_mixin.py:190} INFO - [2026-08-08T17:25:11.523+0000] {dag.py:4138} INFO - Setting next_dagrun for example_branch_python_operator_decorator to 2026-08-07 00:00:00+00:00, run_after=2026-08-08 00:00:00+00:00
[2026-08-08T17:25:11.557+0000] {processor.py:208} INFO - Processing /home/airflow/.local/lib/python3.12/site-packages/airflow/example_dags/example_branch_operator_decorator.py took 0.300 seconds
[2026-08-08T17:25:41.870+0000] {processor.py:186} INFO - Started process (PID=162) to work on /home/airflow/.local/lib/python3.12/site-packages/airflow/example_dags/example_branch_operator_decorator.py
[2026-08-08T17:25:41.873+0000] {processor.py:914} INFO - Processing file /home/airflow/.local/lib/python3.12/site-packages/airflow/example_dags/example_branch_operator_decorator.py for tasks to queue
[2026-08-08T17:25:41.878+0000] {logging_mixin.py:190} INFO - [2026-08-08T17:25:41.877+0000] {dagbag.py:587} INFO - Filling up the DagBag from /home/airflow/.local/lib/python3.12/site-packages/airflow/example_dags/example_branch_operator_decorator.py
[2026-08-08T17:25:41.929+0000] {processor.py:925} INFO - DAG(s) 'example_branch_python_operator_decorator' retrieved from /home/airflow/.local/lib/python3.12/site-packages/airflow/example_dags/example_branch_operator_decorator.py
[2026-08-08T17:25:41.966+0000] {logging_mixin.py:190} INFO - [2026-08-08T17:25:41.965+0000] {dag.py:3211} INFO - Sync 1 DAGs
[2026-08-08T17:25:41.992+0000] {logging_mixin.py:190} INFO - [2026-08-08T17:25:41.991+0000] {dag.py:4138} INFO - Setting next_dagrun for example_branch_python_operator_decorator to 2026-08-07 00:00:00+00:00, run_after=2026-08-08 00:00:00+00:00
[2026-08-08T17:25:42.014+0000] {processor.py:208} INFO - Processing /home/airflow/.local/lib/python3.12/site-packages/airflow/example_dags/example_branch_operator_decorator.py took 0.155 seconds
[2026-08-08T17:26:12.456+0000] {processor.py:186} INFO - Started process (PID=225) to work on /home/airflow/.local/lib/python3.12/site-packages/airflow/example_dags/example_branch_operator_decorator.py
[2026-08-08T17:26:12.458+0000] {processor.py:914} INFO - Processing file /home/airflow/.local/lib/python3.12/site-packages/airflow/example_dags/example_branch_operator_decorator.py for tasks to queue
[2026-08-08T17:26:12.462+0000] {logging_mixin.py:190} INFO - [2026-08-08T17:26:12.462+0000] {dagbag.py:587} INFO - Filling up the DagBag from /home/airflow/.local/lib/python3.12/site-packages/airflow/example_dags/example_branch_operator_decorator.py
[2026-08-08T17:26:12.487+0000] {processor.py:925} INFO - DAG(s) 'example_branch_python_operator_decorator' retrieved from /home/airflow/.local/lib/python3.12/site-packages/airflow/example_dags/example_branch_operator_decorator.py
[2026-08-08T17:26:12.538+0000] {logging_mixin.py:190} INFO - [2026-08-08T17:26:12.537+0000] {dag.py:3211} INFO - Sync 1 DAGs
[2026-08-08T17:26:12.583+0000] {logging_mixin.py:190} INFO - [2026-08-08T17:26:12.582+0000] {dag.py:4138} INFO - Setting next_dagrun for example_branch_python_operator_decorator to 2026-08-07 00:00:00+00:00, run_after=2026-08-08 00:00:00+00:00
[2026-08-08T17:26:12.617+0000] {processor.py:208} INFO - Processing /home/airflow/.local/lib/python3.12/site-packages/airflow/example_dags/example_branch_operator_decorator.py took 0.168 seconds
[2026-08-08T17:26:42.732+0000] {processor.py:186} INFO - Started process (PID=287) to work on /home/airflow/.local/lib/python3.12/site-packages/airflow/example_dags/example_branch_operator_decorator.py
[2026-08-08T17:26:42.733+0000] {processor.py:914} INFO - Processing file /home/airflow/.local/lib/python3.12/site-packages/airflow/example_dags/example_branch_operator_decorator.py for tasks to queue
[2026-08-08T17:26:42.737+0000] {logging_mixin.py:190} INFO - [2026-08-08T17:26:42.736+0000] {dagbag.py:587} INFO - Filling up the DagBag from /home/airflow/.local/lib/python3.12/site-packages/airflow/example_dags/example_branch_operator_decorator.py
[2026-08-08T17:26:42.757+0000] {processor.py:925} INFO - DAG(s) 'example_branch_python_operator_decorator' retrieved from /home/airflow/.local/lib/python3.12/site-packages/airflow/example_dags/example_branch_operator_decorator.py
[2026-08-08T17:26:42.783+0000] {logging_mixin.py:190} INFO - [2026-08-08T17:26:42.783+0000] {dag.py:3211} INFO - Sync 1 DAGs
[2026-08-08T17:26:42.802+0000] {logging_mixin.py:190} INFO - [2026-08-08T17:26:42.802+0000] {dag.py:4138} INFO - Setting next_dagrun for example_branch_python_operator_decorator to 2026-08-07 00:00:00+00:00, run_after=2026-08-08 00:00:00+00:00
[2026-08-08T17:26:42.821+0000] {processor.py:208} INFO - Processing /home/airflow/.local/lib/python3.12/site-packages/airflow/example_dags/example_branch_operator_decorator.py took 0.094 seconds
[2026-08-08T17:27:13.104+0000] {processor.py:186} INFO - Started process (PID=350) to work on /home/airflow/.local/lib/python3.12/site-packages/airflow/example_dags/example_branch_operator_decorator.py
[2026-08-08T17:27:13.105+0000] {processor.py:914} INFO - Processing file /home/airflow/.local/lib/python3.12/site-packages/airflow/example_dags/example_branch_operator_decorator.py for tasks to queue
[2026-08-08T17:27:13.107+0000] {logging_mixin.py:190} INFO - [2026-08-08T17:27:13.107+0000] {dagbag.py:587} INFO - Filling up the DagBag from /home/airflow/.local/lib/python3.12/site-packages/airflow/example_dags/example_branch_operator_decorator.py
[2026-08-08T17:27:13.126+0000] {processor.py:925} INFO - DAG(s) 'example_branch_python_operator_decorator' retrieved from /home/airflow/.local/lib/python3.12/site-packages/airflow/example_dags/example_branch_operator_decorator.py
[2026-08-08T17:27:13.154+0000] {logging_mixin.py:190} INFO - [2026-08-08T17:27:13.153+0000] {dag.py:3211} INFO - Sync 1 DAGs
[2026-08-08T17:27:13.173+0000] {logging_mixin.py:190} INFO - [2026-08-08T17:27:13.173+0000] {dag.py:4138} INFO - Setting next_dagrun for example_branch_python_operator_decorator to 2026-08-07 00:00:00+00:00, run_after=2026-08-08 00:00:00+00:00
[2026-08-08T17:27:13.191+0000] {processor.py:208} INFO - Processing /home/airflow/.local/lib/python3.12/site-packages/airflow/example_dags/example_branch_operator_decorator.py took 0.093 seconds
[2026-08-08T17:27:43.665+0000] {processor.py:186} INFO - Started process (PID=414) to work on /home/airflow/.local/lib/python3.12/site-packages/airflow/example_dags/example_branch_operator_decorator.py
[2026-08-08T17:27:43.666+0000] {processor.py:914} INFO - Processing file /home/airflow/.local/lib/python3.12/site-packages/airflow/example_dags/example_branch_operator_decorator.py for tasks to queue
[2026-08-08T17:27:43.668+0000] {logging_mixin.py:190} INFO - [2026-08-08T17:27:43.668+0000] {dagbag.py:587} INFO - Filling up the DagBag from /home/airflow/.local/lib/python3.12/site-packages/airflow/example_dags/example_branch_operator_decorator.py
[2026-08-08T17:27:43.687+0000] {processor.py:925} INFO - DAG(s) 'example_branch_python_operator_decorator' retrieved from /home/airflow/.local/lib/python3.12/site-packages/airflow/example_dags/example_branch_operator_decorator.py
[2026-08-08T17:27:43.715+0000] {logging_mixin.py:190} INFO - [2026-08-08T17:27:43.715+0000] {dag.py:3211} INFO - Sync 1 DAGs
[2026-08-08T17:27:43.738+0000] {logging_mixin.py:190} INFO - [2026-08-08T17:27:43.738+0000] {dag.py:4138} INFO - Setting next_dagrun for example_branch_python_operator_decorator to 2026-08-07 00:00:00+00:00, run_after=2026-08-08 00:00:00+00:00
[2026-08-08T17:27:43.761+0000] {processor.py:208} INFO - Processing /home/airflow/.local/lib/python3.12/site-packages/airflow/example_dags/example_branch_operator_decorator.py took 0.103 seconds
[2026-08-08T17:28:14.171+0000] {processor.py:186} INFO - Started process (PID=477) to work on /home/airflow/.local/lib/python3.12/site-packages/airflow/example_dags/example_branch_operator_decorator.py
[2026-08-08T17:28:14.173+0000] {processor.py:914} INFO - Processing file /home/airflow/.local/lib/python3.12/site-packages/airflow/example_dags/example_branch_operator_decorator.py for tasks to queue
[2026-08-08T17:28:14.176+0000] {logging_mixin.py:190} INFO - [2026-08-08T17:28:14.175+0000] {dagbag.py:587} INFO - Filling up the DagBag from /home/airflow/.local/lib/python3.12/site-packages/airflow/example_dags/example_branch_operator_decorator.py
[2026-08-08T17:28:14.195+0000] {processor.py:925} INFO - DAG(s) 'example_branch_python_operator_decorator' retrieved from /home/airflow/.local/lib/python3.12/site-packages/airflow/example_dags/example_branch_operator_decorator.py
[2026-08-08T17:28:14.227+0000] {logging_mixin.py:190} INFO - [2026-08-08T17:28:14.226+0000] {dag.py:3211} INFO - Sync 1 DAGs
[2026-08-08T17:28:14.249+0000] {logging_mixin.py:190} INFO - [2026-08-08T17:28:14.249+0000] {dag.py:4138} INFO - Setting next_dagrun for example_branch_python_operator_decorator to 2026-08-07 00:00:00+00:00, run_after=2026-08-08 00:00:00+00:00
[2026-08-08T17:28:14.273+0000] {processor.py:208} INFO - Processing /home/airflow/.local/lib/python3.12/site-packages/airflow/example_dags/example_branch_operator_decorator.py took 0.108 seconds
[2026-08-08T17:28:45.064+0000] {processor.py:186} INFO - Started process (PID=539) to work on /home/airflow/.local/lib/python3.12/site-packages/airflow/example_dags/example_branch_operator_decorator.py
[2026-08-08T17:28:45.065+0000] {processor.py:914} INFO - Processing file /home/airflow/.local/lib/python3.12/site-packages/airflow/example_dags/example_branch_operator_decorator.py for tasks to queue
[2026-08-08T17:28:45.067+0000] {logging_mixin.py:190} INFO - [2026-08-08T17:28:45.067+0000] {dagbag.py:587} INFO - Filling up the DagBag from /home/airflow/.local/lib/python3.12/site-packages/airflow/example_dags/example_branch_operator_decorator.py
[2026-08-08T17:28:45.085+0000] {processor.py:925} INFO - DAG(s) 'example_branch_python_operator_decorator' retrieved from /home/airflow/.local/lib/python3.12/site-packages/airflow/example_dags/example_branch_operator_decorator.py
[2026-08-08T17:28:45.109+0000] {logging_mixin.py:190} INFO - [2026-08-08T17:28:45.108+0000] {dag.py:3211} INFO - Sync 1 DAGs
[2026-08-08T17:28:45.128+0000] {logging_mixin.py:190} INFO - [2026-08-08T17:28:45.128+0000] {dag.py:4138} INFO - Setting next_dagrun for example_branch_python_operator_decorator to 2026-08-07 00:00:00+00:00, run_after=2026-08-08 00:00:00+00:00
[2026-08-08T17:28:45.150+0000] {processor.py:208} INFO - Processing /home/airflow/.local/lib/python3.12/site-packages/airflow/example_dags/example_branch_operator_decorator.py took 0.093 seconds
[2026-08-08T17:29:15.280+0000] {processor.py:186} INFO - Started process (PID=602) to work on /home/airflow/.local/lib/python3.12/site-packages/airflow/example_dags/example_branch_operator_decorator.py
[2026-08-08T17:29:15.282+0000] {processor.py:914} INFO - Processing file /home/airflow/.local/lib/python3.12/site-packages/airflow/example_dags/example_branch_operator_decorator.py for tasks to queue
[2026-08-08T17:29:15.284+0000] {logging_mixin.py:190} INFO - [2026-08-08T17:29:15.284+0000] {dagbag.py:587} INFO - Filling up the DagBag from /home/airflow/.local/lib/python3.12/site-packages/airflow/example_dags/example_branch_operator_decorator.py
[2026-08-08T17:29:15.302+0000] {processor.py:925} INFO - DAG(s) 'example_branch_python_operator_decorator' retrieved from /home/airflow/.local/lib/python3.12/site-packages/airflow/example_dags/example_branch_operator_decorator.py
[2026-08-08T17:29:15.325+0000] {logging_mixin.py:190} INFO - [2026-08-08T17:29:15.325+0000] {dag.py:3211} INFO - Sync 1 DAGs
[2026-08-08T17:29:15.343+0000] {logging_mixin.py:190} INFO - [2026-08-08T17:29:15.343+0000] {dag.py:4138} INFO - Setting next_dagrun for example_branch_python_operator_decorator to 2026-08-07 00:00:00+00:00, run_after=2026-08-08 00:00:00+00:00
[2026-08-08T17:29:15.365+0000] {processor.py:208} INFO - Processing /home/airflow/.local/lib/python3.12/site-packages/airflow/example_dags/example_branch_operator_decorator.py took 0.090 seconds
[2026-08-08T17:29:45.440+0000] {processor.py:186} INFO - Started process (PID=665) to work on /home/airflow/.local/lib/python3.12/site-packages/airflow/example_dags/example_branch_operator_decorator.py
[2026-08-08T17:29:45.442+0000] {processor.py:914} INFO - Processing file /home/airflow/.local/lib/python3.12/site-packages/airflow/example_dags/example_branch_operator_decorator.py for tasks to queue
[2026-08-08T17:29:45.445+0000] {logging_mixin.py:190} INFO - [2026-08-08T17:29:45.445+0000] {dagbag.py:587} INFO - Filling up the DagBag from /home/airflow/.local/lib/python3.12/site-packages/airflow/example_dags/example_branch_operator_decorator.py
[2026-08-08T17:29:45.462+0000] {processor.py:925} INFO - DAG(s) 'example_branch_python_operator_decorator' retrieved from /home/airflow/.local/lib/python3.12/site-packages/airflow/example_dags/example_branch_operator_decorator.py
[2026-08-08T17:29:45.483+0000] {logging_mixin.py:190} INFO - [2026-08-08T17:29:45.483+0000] {dag.py:3211} INFO - Sync 1 DAGs
[2026-08-08T17:29:45.501+0000] {logging_mixin.py:190} INFO - [2026-08-08T17:29:45.501+0000] {dag.py:4138} INFO - Setting next_dagrun for example_branch_python_operator_decorator to 2026-08-07 00:00:00+00:00, run_after=2026-08-08 00:00:00+00:00
[2026-08-08T17:29:45.519+0000] {processor.py:208} INFO - Processing /home/airflow/.local/lib/python3.12/site-packages/airflow/example_dags/example_branch_operator_decorator.py took 0.086 seconds
[2026-08-08T17:30:16.411+0000] {processor.py:186} INFO - Started process (PID=728) to work on /home/airflow/.local/lib/python3.12/site-packages/airflow/example_dags/example_branch_operator_decorator.py
[2026-08-08T17:30:16.413+0000] {processor.py:914} INFO - Processing file /home/airflow/.local/lib/python3.12/site-packages/airflow/example_dags/example_branch_operator_decorator.py for tasks to queue
[2026-08-08T17:30:16.416+0000] {logging_mixin.py:190} INFO - [2026-08-08T17:30:16.415+0000] {dagbag.py:587} INFO - Filling up the DagBag from /home/airflow/.local/lib/python3.12/site-packages/airflow/example_dags/example_branch_operator_decorator.py
[2026-08-08T17:30:16.444+0000] {processor.py:925} INFO - DAG(s) 'example_branch_python_operator_decorator' retrieved from /home/airflow/.local/lib/python3.12/site-packages/airflow/example_dags/example_branch_operator_decorator.py
[2026-08-08T17:30:16.477+0000] {logging_mixin.py:190} INFO - [2026-08-08T17:30:16.476+0000] {dag.py:3211} INFO - Sync 1 DAGs
[2026-08-08T17:30:16.503+0000] {logging_mixin.py:190} INFO - [2026-08-08T17:30:16.503+0000] {dag.py:4138} INFO - Setting next_dagrun for example_branch_python_operator_decorator to 2026-08-07 00:00:00+00:00, run_after=2026-08-08 00:00:00+00:00
[2026-08-08T17:30:16.526+0000] {processor.py:208} INFO - Processing /home/airflow/.local/lib/python3.12/site-packages/airflow/example_dags/example_branch_operator_decorator.py took 0.123 seconds
[2026-08-08T17:30:46.942+0000] {processor.py:186} INFO - Started process (PID=791) to work on /home/airflow/.local/lib/python3.12/site-packages/airflow/example_dags/example_branch_operator_decorator.py
[2026-08-08T17:30:46.944+0000] {processor.py:914} INFO - Processing file /home/airflow/.local/lib/python3.12/site-packages/airflow/example_dags/example_branch_operator_decorator.py for tasks to queue
[2026-08-08T17:30:46.946+0000] {logging_mixin.py:190} INFO - [2026-08-08T17:30:46.946+0000] {dagbag.py:587} INFO - Filling up the DagBag from /home/airflow/.local/lib/python3.12/site-packages/airflow/example_dags/example_branch_operator_decorator.py
[2026-08-08T17:30:46.967+0000] {processor.py:925} INFO - DAG(s) 'example_branch_python_operator_decorator' retrieved from /home/airflow/.local/lib/python3.12/site-packages/airflow/example_dags/example_branch_operator_decorator.py
[2026-08-08T17:30:46.988+0000] {logging_mixin.py:190} INFO - [2026-08-08T17:30:46.988+0000] {dag.py:3211} INFO - Sync 1 DAGs
[2026-08-08T17:30:47.008+0000] {logging_mixin.py:190} INFO - [2026-08-08T17:30:47.008+0000] {dag.py:4138} INFO - Setting next_dagrun for example_branch_python_operator_decorator to 2026-08-07 00:00:00+00:00, run_after=2026-08-08 00:00:00+00:00
[2026-08-08T17:30:47.024+0000] {processor.py:208} INFO - Processing /home/airflow/.local/lib/python3.12/site-packages/airflow/example_dags/example_branch_operator_decorator.py took 0.087 seconds
[2026-08-08T17:31:17.727+0000] {processor.py:186} INFO - Started process (PID=854) to work on /home/airflow/.local/lib/python3.12/site-packages/airflow/example_dags/example_branch_operator_decorator.py
[2026-08-08T17:31:17.732+0000] {processor.py:914} INFO - Processing file /home/airflow/.local/lib/python3.12/site-packages/airflow/example_dags/example_branch_operator_decorator.py for tasks to queue
[2026-08-08T17:31:17.744+0000] {logging_mixin.py:190} INFO - [2026-08-08T17:31:17.743+0000] {dagbag.py:587} INFO - Filling up the DagBag from /home/airflow/.local/lib/python3.12/site-packages/airflow/example_dags/example_branch_operator_decorator.py
[2026-08-08T17:31:17.788+0000] {processor.py:925} INFO - DAG(s) 'example_branch_python_operator_decorator' retrieved from /home/airflow/.local/lib/python3.12/site-packages/airflow/example_dags/example_branch_operator_decorator.py
[2026-08-08T17:31:17.824+0000] {logging_mixin.py:190} INFO - [2026-08-08T17:31:17.824+0000] {dag.py:3211} INFO - Sync 1 DAGs
[2026-08-08T17:31:17.854+0000] {logging_mixin.py:190} INFO - [2026-08-08T17:31:17.854+0000] {dag.py:4138} INFO - Setting next_dagrun for example_branch_python_operator_decorator to 2026-08-07 00:00:00+00:00, run_after=2026-08-08 00:00:00+00:00
[2026-08-08T17:31:17.891+0000] {processor.py:208} INFO - Processing /home/airflow/.local/lib/python3.12/site-packages/airflow/example_dags/example_branch_operator_decorator.py took 0.201 seconds
[2026-08-08T17:31:47.947+0000] {processor.py:186} INFO - Started process (PID=917) to work on /home/airflow/.local/lib/python3.12/site-packages/airflow/example_dags/example_branch_operator_decorator.py
[2026-08-08T17:31:47.949+0000] {processor.py:914} INFO - Processing file /home/airflow/.local/lib/python3.12/site-packages/airflow/example_dags/example_branch_operator_decorator.py for tasks to queue
[2026-08-08T17:31:47.951+0000] {logging_mixin.py:190} INFO - [2026-08-08T17:31:47.951+0000] {dagbag.py:587} INFO - Filling up the DagBag from /home/airflow/.local/lib/python3.12/site-packages/airflow/example_dags/example_branch_operator_decorator.py
[2026-08-08T17:31:47.967+0000] {processor.py:925} INFO - DAG(s) 'example_branch_python_operator_decorator' retrieved from /home/airflow/.local/lib/python3.12/site-packages/airflow/example_dags/example_branch_operator_decorator.py
[2026-08-08T17:31:47.991+0000] {logging_mixin.py:190} INFO - [2026-08-08T17:31:47.990+0000] {dag.py:3211} INFO - Sync 1 DAGs
[2026-08-08T17:31:48.011+0000] {logging_mixin.py:190} INFO - [2026-08-08T17:31:48.011+0000] {dag.py:4138} INFO - Setting next_dagrun for example_branch_python_operator_decorator to 2026-08-07 00:00:00+00:00, run_after=2026-08-08 00:00:00+00:00
[2026-08-08T17:31:48.036+0000] {processor.py:208} INFO - Processing /home/airflow/.local/lib/python3.12/site-packages/airflow/example_dags/example_branch_operator_decorator.py took 0.093 seconds
[2026-08-08T17:32:18.289+0000] {processor.py:186} INFO - Started process (PID=980) to work on /home/airflow/.local/lib/python3.12/site-packages/airflow/example_dags/example_branch_operator_decorator.py
[2026-08-08T17:32:18.291+0000] {processor.py:914} INFO - Processing file /home/airflow/.local/lib/python3.12/site-packages/airflow/example_dags/example_branch_operator_decorator.py for tasks to queue
[2026-08-08T17:32:18.294+0000] {logging_mixin.py:190} INFO - [2026-08-08T17:32:18.294+0000] {dagbag.py:587} INFO - Filling up the DagBag from /home/airflow/.local/lib/python3.12/site-packages/airflow/example_dags/example_branch_operator_decorator.py
[2026-08-08T17:32:18.313+0000] {processor.py:925} INFO - DAG(s) 'example_branch_python_operator_decorator' retrieved from /home/airflow/.local/lib/python3.12/site-packages/airflow/example_dags/example_branch_operator_decorator.py
[2026-08-08T17:32:18.339+0000] {logging_mixin.py:190} INFO - [2026-08-08T17:32:18.338+0000] {dag.py:3211} INFO - Sync 1 DAGs
[2026-08-08T17:32:18.364+0000] {logging_mixin.py:190} INFO - [2026-08-08T17:32:18.364+0000] {dag.py:4138} INFO - Setting next_dagrun for example_branch_python_operator_decorator to 2026-08-07 00:00:00+00:00, run_after=2026-08-08 00:00:00+00:00
[2026-08-08T17:32:18.382+0000] {processor.py:208} INFO - Processing /home/airflow/.local/lib/python3.12/site-packages/airflow/example_dags/example_branch_operator_decorator.py took 0.100 seconds
[2026-08-08T17:32:48.721+0000] {processor.py:186} INFO - Started process (PID=1043) to work on /home/airflow/.local/lib/python3.12/site-packages/airflow/example_dags/example_branch_operator_decorator.py
[2026-08-08T17:32:48.723+0000] {processor.py:914} INFO - Processing file /home/airflow/.local/lib/python3.12/site-packages/airflow/example_dags/example_branch_operator_decorator.py for tasks to queue
[2026-08-08T17:32:48.727+0000] {logging_mixin.py:190} INFO - [2026-08-08T17:32:48.727+0000] {dagbag.py:587} INFO - Filling up the DagBag from /home/airflow/.local/lib/python3.12/site-packages/airflow/example_dags/example_branch_operator_decorator.py
[2026-08-08T17:32:48.751+0000] {processor.py:925} INFO - DAG(s) 'example_branch_python_operator_decorator' retrieved from /home/airflow/.local/lib/python3.12/site-packages/airflow/example_dags/example_branch_operator_decorator.py
[2026-08-08T17:32:48.781+0000] {logging_mixin.py:190} INFO - [2026-08-08T17:32:48.780+0000] {dag.py:3211} INFO - Sync 1 DAGs
[2026-08-08T17:32:48.807+0000] {logging_mixin.py:190} INFO - [2026-08-08T17:32:48.807+0000] {dag.py:4138} INFO - Setting next_dagrun for example_branch_python_operator_decorator to 2026-08-07 00:00:00+00:00, run_after=2026-08-08 00:00:00+00:00
[2026-08-08T17:32:48.827+0000] {processor.py:208} INFO - Processing /home/airflow/.local/lib/python3.12/site-packages/airflow/example_dags/example_branch_operator_decorator.py took 0.114 seconds
[2026-08-08T17:33:19.435+0000] {processor.py:186} INFO - Started process (PID=1106) to work on /home/airflow/.local/lib/python3.12/site-packages/airflow/example_dags/example_branch_operator_decorator.py
[2026-08-08T17:33:19.437+0000] {processor.py:914} INFO - Processing file /home/airflow/.local/lib/python3.12/site-packages/airflow/example_dags/example_branch_operator_decorator.py for tasks to queue
[2026-08-08T17:33:19.440+0000] {logging_mixin.py:190} INFO - [2026-08-08T17:33:19.440+0000] {dagbag.py:587} INFO - Filling up the DagBag from /home/airflow/.local/lib/python3.12/site-packages/airflow/example_dags/example_branch_operator_decorator.py
[2026-08-08T17:33:19.460+0000] {processor.py:925} INFO - DAG(s) 'example_branch_python_operator_decorator' retrieved from /home/airflow/.local/lib/python3.12/site-packages/airflow/example_dags/example_branch_operator_decorator.py
[2026-08-08T17:33:19.489+0000] {logging_mixin.py:190} INFO - [2026-08-08T17:33:19.489+0000] {dag.py:3211} INFO - Sync 1 DAGs
[2026-08-08T17:33:19.515+0000] {logging_mixin.py:190} INFO - [2026-08-08T17:33:19.514+0000] {dag.py:4138} INFO - Setting next_dagrun for example_branch_python_operator_decorator to 2026-08-07 00:00:00+00:00, run_after=2026-08-08 00:00:00+00:00
[2026-08-08T17:33:19.538+0000] {processor.py:208} INFO - Processing /home/airflow/.local/lib/python3.12/site-packages/airflow/example_dags/example_branch_operator_decorator.py took 0.111 seconds
[2026-08-08T17:33:49.745+0000] {processor.py:186} INFO - Started process (PID=1169) to work on /home/airflow/.local/lib/python3.12/site-packages/airflow/example_dags/example_branch_operator_decorator.py
[2026-08-08T17:33:49.747+0000] {processor.py:914} INFO - Processing file /home/airflow/.local/lib/python3.12/site-packages/airflow/example_dags/example_branch_operator_decorator.py for tasks to queue
[2026-08-08T17:33:49.750+0000] {logging_mixin.py:190} INFO - [2026-08-08T17:33:49.750+0000] {dagbag.py:587} INFO - Filling up the DagBag from /home/airflow/.local/lib/python3.12/site-packages/airflow/example_dags/example_branch_operator_decorator.py
[2026-08-08T17:33:49.772+0000] {processor.py:925} INFO - DAG(s) 'example_branch_python_operator_decorator' retrieved from /home/airflow/.local/lib/python3.12/site-packages/airflow/example_dags/example_branch_operator_decorator.py
[2026-08-08T17:33:49.797+0000] {logging_mixin.py:190} INFO - [2026-08-08T17:33:49.797+0000] {dag.py:3211} INFO - Sync 1 DAGs
[2026-08-08T17:33:49.819+0000] {logging_mixin.py:190} INFO - [2026-08-08T17:33:49.819+0000] {dag.py:4138} INFO - Setting next_dagrun for example_branch_python_operator_decorator to 2026-08-07 00:00:00+00:00, run_after=2026-08-08 00:00:00+00:00
[2026-08-08T17:33:49.840+0000] {processor.py:208} INFO - Processing /home/airflow/.local/lib/python3.12/site-packages/airflow/example_dags/example_branch_operator_decorator.py took 0.102 seconds
[2026-08-08T17:34:20.089+0000] {processor.py:186} INFO - Started process (PID=1232) to work on /home/airflow/.local/lib/python3.12/site-packages/airflow/example_dags/example_branch_operator_decorator.py
[2026-08-08T17:34:20.091+0000] {processor.py:914} INFO - Processing file /home/airflow/.local/lib/python3.12/site-packages/airflow/example_dags/example_branch_operator_decorator.py for tasks to queue
[2026-08-08T17:34:20.093+0000] {logging_mixin.py:190} INFO - [2026-08-08T17:34:20.093+0000] {dagbag.py:587} INFO - Filling up the DagBag from /home/airflow/.local/lib/python3.12/site-packages/airflow/example_dags/example_branch_operator_decorator.py
[2026-08-08T17:34:20.114+0000] {processor.py:925} INFO - DAG(s) 'example_branch_python_operator_decorator' retrieved from /home/airflow/.local/lib/python3.12/site-packages/airflow/example_dags/example_branch_operator_decorator.py
[2026-08-08T17:34:20.141+0000] {logging_mixin.py:190} INFO - [2026-08-08T17:34:20.141+0000] {dag.py:3211} INFO - Sync 1 DAGs
[2026-08-08T17:34:20.161+0000] {logging_mixin.py:190} INFO - [2026-08-08T17:34:20.161+0000] {dag.py:4138} INFO - Setting next_dagrun for example_branch_python_operator_decorator to 2026-08-07 00:00:00+00:00, run_after=2026-08-08 00:00:00+00:00
[2026-08-08T17:34:20.182+0000] {processor.py:208} INFO - Processing /home/airflow/.local/lib/python3.12/site-packages/airflow/example_dags/example_branch_operator_decorator.py took 0.098 seconds
[2026-08-08T17:34:50.996+0000] {processor.py:186} INFO - Started process (PID=1295) to work on /home/airflow/.local/lib/python3.12/site-packages/airflow/example_dags/example_branch_operator_decorator.py
[2026-08-08T17:34:50.998+0000] {processor.py:914} INFO - Processing file /home/airflow/.local/lib/python3.12/site-packages/airflow/example_dags/example_branch_operator_decorator.py for tasks to queue
[2026-08-08T17:34:51.000+0000] {logging_mixin.py:190} INFO - [2026-08-08T17:34:51.000+0000] {dagbag.py:587} INFO - Filling up the DagBag from /home/airflow/.local/lib/python3.12/site-packages/airflow/example_dags/example_branch_operator_decorator.py
[2026-08-08T17:34:51.019+0000] {processor.py:925} INFO - DAG(s) 'example_branch_python_operator_decorator' retrieved from /home/airflow/.local/lib/python3.12/site-packages/airflow/example_dags/example_branch_operator_decorator.py
[2026-08-08T17:34:51.045+0000] {logging_mixin.py:190} INFO - [2026-08-08T17:34:51.044+0000] {dag.py:3211} INFO - Sync 1 DAGs
[2026-08-08T17:34:51.065+0000] {logging_mixin.py:190} INFO - [2026-08-08T17:34:51.065+0000] {dag.py:4138} INFO - Setting next_dagrun for example_branch_python_operator_decorator to 2026-08-07 00:00:00+00:00, run_after=2026-08-08 00:00:00+00:00
[2026-08-08T17:34:51.084+0000] {processor.py:208} INFO - Processing /home/airflow/.local/lib/python3.12/site-packages/airflow/example_dags/example_branch_operator_decorator.py took 0.093 seconds
[2026-08-08T17:35:21.623+0000] {processor.py:186} INFO - Started process (PID=1358) to work on /home/airflow/.local/lib/python3.12/site-packages/airflow/example_dags/example_branch_operator_decorator.py
[2026-08-08T17:35:21.625+0000] {processor.py:914} INFO - Processing file /home/airflow/.local/lib/python3.12/site-packages/airflow/example_dags/example_branch_operator_decorator.py for tasks to queue
[2026-08-08T17:35:21.627+0000] {logging_mixin.py:190} INFO - [2026-08-08T17:35:21.627+0000] {dagbag.py:587} INFO - Filling up the DagBag from /home/airflow/.local/lib/python3.12/site-packages/airflow/example_dags/example_branch_operator_decorator.py
[2026-08-08T17:35:21.647+0000] {processor.py:925} INFO - DAG(s) 'example_branch_python_operator_decorator' retrieved from /home/airflow/.local/lib/python3.12/site-packages/airflow/example_dags/example_branch_operator_decorator.py
[2026-08-08T17:35:21.674+0000] {logging_mixin.py:190} INFO - [2026-08-08T17:35:21.673+0000] {dag.py:3211} INFO - Sync 1 DAGs
[2026-08-08T17:35:21.693+0000] {logging_mixin.py:190} INFO - [2026-08-08T17:35:21.693+0000] {dag.py:4138} INFO - Setting next_dagrun for example_branch_python_operator_decorator to 2026-08-07 00:00:00+00:00, run_after=2026-08-08 00:00:00+00:00
[2026-08-08T17:35:21.713+0000] {processor.py:208} INFO - Processing /home/airflow/.local/lib/python3.12/site-packages/airflow/example_dags/example_branch_operator_decorator.py took 0.095 seconds
[2026-08-08T17:35:52.676+0000] {processor.py:186} INFO - Started process (PID=1421) to work on /home/airflow/.local/lib/python3.12/site-packages/airflow/example_dags/example_branch_operator_decorator.py
[2026-08-08T17:35:52.677+0000] {processor.py:914} INFO - Processing file /home/airflow/.local/lib/python3.12/site-packages/airflow/example_dags/example_branch_operator_decorator.py for tasks to queue
[2026-08-08T17:35:52.680+0000] {logging_mixin.py:190} INFO - [2026-08-08T17:35:52.680+0000] {dagbag.py:587} INFO - Filling up the DagBag from /home/airflow/.local/lib/python3.12/site-packages/airflow/example_dags/example_branch_operator_decorator.py
[2026-08-08T17:35:52.697+0000] {processor.py:925} INFO - DAG(s) 'example_branch_python_operator_decorator' retrieved from /home/airflow/.local/lib/python3.12/site-packages/airflow/example_dags/example_branch_operator_decorator.py
[2026-08-08T17:35:52.720+0000] {logging_mixin.py:190} INFO - [2026-08-08T17:35:52.720+0000] {dag.py:3211} INFO - Sync 1 DAGs
[2026-08-08T17:35:52.741+0000] {logging_mixin.py:190} INFO - [2026-08-08T17:35:52.741+0000] {dag.py:4138} INFO - Setting next_dagrun for example_branch_python_operator_decorator to 2026-08-07 00:00:00+00:00, run_after=2026-08-08 00:00:00+00:00
[2026-08-08T17:35:52.761+0000] {processor.py:208} INFO - Processing /home/airflow/.local/lib/python3.12/site-packages/airflow/example_dags/example_branch_operator_decorator.py took 0.092 seconds
[2026-08-08T17:36:23.281+0000] {processor.py:186} INFO - Started process (PID=1484) to work on /home/airflow/.local/lib/python3.12/site-packages/airflow/example_dags/example_branch_operator_decorator.py
[2026-08-08T17:36:23.282+0000] {processor.py:914} INFO - Processing file /home/airflow/.local/lib/python3.12/site-packages/airflow/example_dags/example_branch_operator_decorator.py for tasks to queue
[2026-08-08T17:36:23.285+0000] {logging_mixin.py:190} INFO - [2026-08-08T17:36:23.284+0000] {dagbag.py:587} INFO - Filling up the DagBag from /home/airflow/.local/lib/python3.12/site-packages/airflow/example_dags/example_branch_operator_decorator.py
[2026-08-08T17:36:23.305+0000] {processor.py:925} INFO - DAG(s) 'example_branch_python_operator_decorator' retrieved from /home/airflow/.local/lib/python3.12/site-packages/airflow/example_dags/example_branch_operator_decorator.py
[2026-08-08T17:36:23.328+0000] {logging_mixin.py:190} INFO - [2026-08-08T17:36:23.328+0000] {dag.py:3211} INFO - Sync 1 DAGs
[2026-08-08T17:36:23.347+0000] {logging_mixin.py:190} INFO - [2026-08-08T17:36:23.347+0000] {dag.py:4138} INFO - Setting next_dagrun for example_branch_python_operator_decorator to 2026-08-07 00:00:00+00:00, run_after=2026-08-08 00:00:00+00:00
[2026-08-08T17:36:23.364+0000] {processor.py:208} INFO - Processing /home/airflow/.local/lib/python3.12/site-packages/airflow/example_dags/example_branch_operator_decorator.py took 0.088 seconds
[2026-08-08T17:38:16.008+0000] {processor.py:186} INFO - Started process (PID=87) to work on /home/airflow/.local/lib/python3.12/site-packages/airflow/example_dags/example_branch_operator_decorator.py
[2026-08-08T17:38:16.010+0000] {processor.py:914} INFO - Processing file /home/airflow/.local/lib/python3.12/site-packages/airflow/example_dags/example_branch_operator_decorator.py for tasks to queue
[2026-08-08T17:38:16.014+0000] {logging_mixin.py:190} INFO - [2026-08-08T17:38:16.013+0000] {dagbag.py:587} INFO - Filling up the DagBag from /home/airflow/.local/lib/python3.12/site-packages/airflow/example_dags/example_branch_operator_decorator.py
[2026-08-08T17:38:16.035+0000] {processor.py:925} INFO - DAG(s) 'example_branch_python_operator_decorator' retrieved from /home/airflow/.local/lib/python3.12/site-packages/airflow/example_dags/example_branch_operator_decorator.py
[2026-08-08T17:38:16.119+0000] {logging_mixin.py:190} INFO - [2026-08-08T17:38:16.119+0000] {dag.py:3211} INFO - Sync 1 DAGs
[2026-08-08T17:38:16.140+0000] {logging_mixin.py:190} INFO - [2026-08-08T17:38:16.140+0000] {dag.py:4138} INFO - Setting next_dagrun for example_branch_python_operator_decorator to 2026-08-07 00:00:00+00:00, run_after=2026-08-08 00:00:00+00:00
[2026-08-08T17:38:16.161+0000] {processor.py:208} INFO - Processing /home/airflow/.local/lib/python3.12/site-packages/airflow/example_dags/example_branch_operator_decorator.py took 0.160 seconds
[2026-08-08T17:38:46.815+0000] {processor.py:186} INFO - Started process (PID=150) to work on /home/airflow/.local/lib/python3.12/site-packages/airflow/example_dags/example_branch_operator_decorator.py
[2026-08-08T17:38:46.817+0000] {processor.py:914} INFO - Processing file /home/airflow/.local/lib/python3.12/site-packages/airflow/example_dags/example_branch_operator_decorator.py for tasks to queue
[2026-08-08T17:38:46.821+0000] {logging_mixin.py:190} INFO - [2026-08-08T17:38:46.820+0000] {dagbag.py:587} INFO - Filling up the DagBag from /home/airflow/.local/lib/python3.12/site-packages/airflow/example_dags/example_branch_operator_decorator.py
[2026-08-08T17:38:46.851+0000] {processor.py:925} INFO - DAG(s) 'example_branch_python_operator_decorator' retrieved from /home/airflow/.local/lib/python3.12/site-packages/airflow/example_dags/example_branch_operator_decorator.py
[2026-08-08T17:38:46.901+0000] {logging_mixin.py:190} INFO - [2026-08-08T17:38:46.900+0000] {dag.py:3211} INFO - Sync 1 DAGs
[2026-08-08T17:38:46.940+0000] {logging_mixin.py:190} INFO - [2026-08-08T17:38:46.939+0000] {dag.py:4138} INFO - Setting next_dagrun for example_branch_python_operator_decorator to 2026-08-07 00:00:00+00:00, run_after=2026-08-08 00:00:00+00:00
[2026-08-08T17:38:46.970+0000] {processor.py:208} INFO - Processing /home/airflow/.local/lib/python3.12/site-packages/airflow/example_dags/example_branch_operator_decorator.py took 0.165 seconds
[2026-08-08T17:39:17.886+0000] {processor.py:186} INFO - Started process (PID=213) to work on /home/airflow/.local/lib/python3.12/site-packages/airflow/example_dags/example_branch_operator_decorator.py
[2026-08-08T17:39:17.888+0000] {processor.py:914} INFO - Processing file /home/airflow/.local/lib/python3.12/site-packages/airflow/example_dags/example_branch_operator_decorator.py for tasks to queue
[2026-08-08T17:39:17.891+0000] {logging_mixin.py:190} INFO - [2026-08-08T17:39:17.890+0000] {dagbag.py:587} INFO - Filling up the DagBag from /home/airflow/.local/lib/python3.12/site-packages/airflow/example_dags/example_branch_operator_decorator.py
[2026-08-08T17:39:17.913+0000] {processor.py:925} INFO - DAG(s) 'example_branch_python_operator_decorator' retrieved from /home/airflow/.local/lib/python3.12/site-packages/airflow/example_dags/example_branch_operator_decorator.py
[2026-08-08T17:39:17.946+0000] {logging_mixin.py:190} INFO - [2026-08-08T17:39:17.946+0000] {dag.py:3211} INFO - Sync 1 DAGs
[2026-08-08T17:39:17.972+0000] {logging_mixin.py:190} INFO - [2026-08-08T17:39:17.972+0000] {dag.py:4138} INFO - Setting next_dagrun for example_branch_python_operator_decorator to 2026-08-07 00:00:00+00:00, run_after=2026-08-08 00:00:00+00:00
[2026-08-08T17:39:17.995+0000] {processor.py:208} INFO - Processing /home/airflow/.local/lib/python3.12/site-packages/airflow/example_dags/example_branch_operator_decorator.py took 0.116 seconds
[2026-08-08T17:39:48.072+0000] {processor.py:186} INFO - Started process (PID=275) to work on /home/airflow/.local/lib/python3.12/site-packages/airflow/example_dags/example_branch_operator_decorator.py
[2026-08-08T17:39:48.074+0000] {processor.py:914} INFO - Processing file /home/airflow/.local/lib/python3.12/site-packages/airflow/example_dags/example_branch_operator_decorator.py for tasks to queue
[2026-08-08T17:39:48.076+0000] {logging_mixin.py:190} INFO - [2026-08-08T17:39:48.076+0000] {dagbag.py:587} INFO - Filling up the DagBag from /home/airflow/.local/lib/python3.12/site-packages/airflow/example_dags/example_branch_operator_decorator.py
[2026-08-08T17:39:48.094+0000] {processor.py:925} INFO - DAG(s) 'example_branch_python_operator_decorator' retrieved from /home/airflow/.local/lib/python3.12/site-packages/airflow/example_dags/example_branch_operator_decorator.py
[2026-08-08T17:39:48.117+0000] {logging_mixin.py:190} INFO - [2026-08-08T17:39:48.117+0000] {dag.py:3211} INFO - Sync 1 DAGs
[2026-08-08T17:39:48.138+0000] {logging_mixin.py:190} INFO - [2026-08-08T17:39:48.137+0000] {dag.py:4138} INFO - Setting next_dagrun for example_branch_python_operator_decorator to 2026-08-07 00:00:00+00:00, run_after=2026-08-08 00:00:00+00:00
[2026-08-08T17:39:48.160+0000] {processor.py:208} INFO - Processing /home/airflow/.local/lib/python3.12/site-packages/airflow/example_dags/example_branch_operator_decorator.py took 0.093 seconds
[2026-08-08T17:42:40.043+0000] {processor.py:186} INFO - Started process (PID=99) to work on /home/airflow/.local/lib/python3.12/site-packages/airflow/example_dags/example_branch_operator_decorator.py
[2026-08-08T17:42:40.045+0000] {processor.py:914} INFO - Processing file /home/airflow/.local/lib/python3.12/site-packages/airflow/example_dags/example_branch_operator_decorator.py for tasks to queue
[2026-08-08T17:42:40.047+0000] {logging_mixin.py:190} INFO - [2026-08-08T17:42:40.047+0000] {dagbag.py:587} INFO - Filling up the DagBag from /home/airflow/.local/lib/python3.12/site-packages/airflow/example_dags/example_branch_operator_decorator.py
[2026-08-08T17:42:40.073+0000] {processor.py:925} INFO - DAG(s) 'example_branch_python_operator_decorator' retrieved from /home/airflow/.local/lib/python3.12/site-packages/airflow/example_dags/example_branch_operator_decorator.py
[2026-08-08T17:42:40.222+0000] {logging_mixin.py:190} INFO - [2026-08-08T17:42:40.222+0000] {dag.py:3211} INFO - Sync 1 DAGs
[2026-08-08T17:42:40.246+0000] {logging_mixin.py:190} INFO - [2026-08-08T17:42:40.246+0000] {dag.py:4138} INFO - Setting next_dagrun for example_branch_python_operator_decorator to 2026-08-07 00:00:00+00:00, run_after=2026-08-08 00:00:00+00:00
[2026-08-08T17:42:40.277+0000] {processor.py:208} INFO - Processing /home/airflow/.local/lib/python3.12/site-packages/airflow/example_dags/example_branch_operator_decorator.py took 0.240 seconds
[2026-08-08T17:43:10.604+0000] {processor.py:186} INFO - Started process (PID=162) to work on /home/airflow/.local/lib/python3.12/site-packages/airflow/example_dags/example_branch_operator_decorator.py
[2026-08-08T17:43:10.606+0000] {processor.py:914} INFO - Processing file /home/airflow/.local/lib/python3.12/site-packages/airflow/example_dags/example_branch_operator_decorator.py for tasks to queue
[2026-08-08T17:43:10.610+0000] {logging_mixin.py:190} INFO - [2026-08-08T17:43:10.609+0000] {dagbag.py:587} INFO - Filling up the DagBag from /home/airflow/.local/lib/python3.12/site-packages/airflow/example_dags/example_branch_operator_decorator.py
[2026-08-08T17:43:10.639+0000] {processor.py:925} INFO - DAG(s) 'example_branch_python_operator_decorator' retrieved from /home/airflow/.local/lib/python3.12/site-packages/airflow/example_dags/example_branch_operator_decorator.py
[2026-08-08T17:43:10.686+0000] {logging_mixin.py:190} INFO - [2026-08-08T17:43:10.685+0000] {dag.py:3211} INFO - Sync 1 DAGs
[2026-08-08T17:43:10.721+0000] {logging_mixin.py:190} INFO - [2026-08-08T17:43:10.721+0000] {dag.py:4138} INFO - Setting next_dagrun for example_branch_python_operator_decorator to 2026-08-07 00:00:00+00:00, run_after=2026-08-08 00:00:00+00:00
[2026-08-08T17:43:10.756+0000] {processor.py:208} INFO - Processing /home/airflow/.local/lib/python3.12/site-packages/airflow/example_dags/example_branch_operator_decorator.py took 0.163 seconds
[2026-08-08T17:43:41.845+0000] {processor.py:186} INFO - Started process (PID=225) to work on /home/airflow/.local/lib/python3.12/site-packages/airflow/example_dags/example_branch_operator_decorator.py
[2026-08-08T17:43:41.847+0000] {processor.py:914} INFO - Processing file /home/airflow/.local/lib/python3.12/site-packages/airflow/example_dags/example_branch_operator_decorator.py for tasks to queue
[2026-08-08T17:43:41.850+0000] {logging_mixin.py:190} INFO - [2026-08-08T17:43:41.850+0000] {dagbag.py:587} INFO - Filling up the DagBag from /home/airflow/.local/lib/python3.12/site-packages/airflow/example_dags/example_branch_operator_decorator.py
[2026-08-08T17:43:41.872+0000] {processor.py:925} INFO - DAG(s) 'example_branch_python_operator_decorator' retrieved from /home/airflow/.local/lib/python3.12/site-packages/airflow/example_dags/example_branch_operator_decorator.py
[2026-08-08T17:43:41.903+0000] {logging_mixin.py:190} INFO - [2026-08-08T17:43:41.903+0000] {dag.py:3211} INFO - Sync 1 DAGs
[2026-08-08T17:43:41.929+0000] {logging_mixin.py:190} INFO - [2026-08-08T17:43:41.928+0000] {dag.py:4138} INFO - Setting next_dagrun for example_branch_python_operator_decorator to 2026-08-07 00:00:00+00:00, run_after=2026-08-08 00:00:00+00:00
[2026-08-08T17:43:41.952+0000] {processor.py:208} INFO - Processing /home/airflow/.local/lib/python3.12/site-packages/airflow/example_dags/example_branch_operator_decorator.py took 0.115 seconds
[2026-08-08T17:44:12.966+0000] {processor.py:186} INFO - Started process (PID=288) to work on /home/airflow/.local/lib/python3.12/site-packages/airflow/example_dags/example_branch_operator_decorator.py
[2026-08-08T17:44:12.967+0000] {processor.py:914} INFO - Processing file /home/airflow/.local/lib/python3.12/site-packages/airflow/example_dags/example_branch_operator_decorator.py for tasks to queue
[2026-08-08T17:44:12.970+0000] {logging_mixin.py:190} INFO - [2026-08-08T17:44:12.970+0000] {dagbag.py:587} INFO - Filling up the DagBag from /home/airflow/.local/lib/python3.12/site-packages/airflow/example_dags/example_branch_operator_decorator.py
[2026-08-08T17:44:12.990+0000] {processor.py:925} INFO - DAG(s) 'example_branch_python_operator_decorator' retrieved from /home/airflow/.local/lib/python3.12/site-packages/airflow/example_dags/example_branch_operator_decorator.py
[2026-08-08T17:44:13.019+0000] {logging_mixin.py:190} INFO - [2026-08-08T17:44:13.019+0000] {dag.py:3211} INFO - Sync 1 DAGs
[2026-08-08T17:44:13.042+0000] {logging_mixin.py:190} INFO - [2026-08-08T17:44:13.042+0000] {dag.py:4138} INFO - Setting next_dagrun for example_branch_python_operator_decorator to 2026-08-07 00:00:00+00:00, run_after=2026-08-08 00:00:00+00:00
[2026-08-08T17:44:13.065+0000] {processor.py:208} INFO - Processing /home/airflow/.local/lib/python3.12/site-packages/airflow/example_dags/example_branch_operator_decorator.py took 0.105 seconds
[2026-08-08T17:44:43.583+0000] {processor.py:186} INFO - Started process (PID=351) to work on /home/airflow/.local/lib/python3.12/site-packages/airflow/example_dags/example_branch_operator_decorator.py
[2026-08-08T17:44:43.584+0000] {processor.py:914} INFO - Processing file /home/airflow/.local/lib/python3.12/site-packages/airflow/example_dags/example_branch_operator_decorator.py for tasks to queue
[2026-08-08T17:44:43.587+0000] {logging_mixin.py:190} INFO - [2026-08-08T17:44:43.587+0000] {dagbag.py:587} INFO - Filling up the DagBag from /home/airflow/.local/lib/python3.12/site-packages/airflow/example_dags/example_branch_operator_decorator.py
[2026-08-08T17:44:43.605+0000] {processor.py:925} INFO - DAG(s) 'example_branch_python_operator_decorator' retrieved from /home/airflow/.local/lib/python3.12/site-packages/airflow/example_dags/example_branch_operator_decorator.py
[2026-08-08T17:44:43.630+0000] {logging_mixin.py:190} INFO - [2026-08-08T17:44:43.629+0000] {dag.py:3211} INFO - Sync 1 DAGs
[2026-08-08T17:44:43.650+0000] {logging_mixin.py:190} INFO - [2026-08-08T17:44:43.650+0000] {dag.py:4138} INFO - Setting next_dagrun for example_branch_python_operator_decorator to 2026-08-07 00:00:00+00:00, run_after=2026-08-08 00:00:00+00:00
[2026-08-08T17:44:43.668+0000] {processor.py:208} INFO - Processing /home/airflow/.local/lib/python3.12/site-packages/airflow/example_dags/example_branch_operator_decorator.py took 0.090 seconds
[2026-08-08T17:45:13.963+0000] {processor.py:186} INFO - Started process (PID=414) to work on /home/airflow/.local/lib/python3.12/site-packages/airflow/example_dags/example_branch_operator_decorator.py
[2026-08-08T17:45:13.964+0000] {processor.py:914} INFO - Processing file /home/airflow/.local/lib/python3.12/site-packages/airflow/example_dags/example_branch_operator_decorator.py for tasks to queue
[2026-08-08T17:45:13.966+0000] {logging_mixin.py:190} INFO - [2026-08-08T17:45:13.966+0000] {dagbag.py:587} INFO - Filling up the DagBag from /home/airflow/.local/lib/python3.12/site-packages/airflow/example_dags/example_branch_operator_decorator.py
[2026-08-08T17:45:13.981+0000] {processor.py:925} INFO - DAG(s) 'example_branch_python_operator_decorator' retrieved from /home/airflow/.local/lib/python3.12/site-packages/airflow/example_dags/example_branch_operator_decorator.py
[2026-08-08T17:45:14.003+0000] {logging_mixin.py:190} INFO - [2026-08-08T17:45:14.003+0000] {dag.py:3211} INFO - Sync 1 DAGs
[2026-08-08T17:45:14.019+0000] {logging_mixin.py:190} INFO - [2026-08-08T17:45:14.019+0000] {dag.py:4138} INFO - Setting next_dagrun for example_branch_python_operator_decorator to 2026-08-07 00:00:00+00:00, run_after=2026-08-08 00:00:00+00:00
[2026-08-08T17:45:14.037+0000] {processor.py:208} INFO - Processing /home/airflow/.local/lib/python3.12/site-packages/airflow/example_dags/example_branch_operator_decorator.py took 0.078 seconds
[2026-08-08T17:45:44.370+0000] {processor.py:186} INFO - Started process (PID=477) to work on /home/airflow/.local/lib/python3.12/site-packages/airflow/example_dags/example_branch_operator_decorator.py
[2026-08-08T17:45:44.371+0000] {processor.py:914} INFO - Processing file /home/airflow/.local/lib/python3.12/site-packages/airflow/example_dags/example_branch_operator_decorator.py for tasks to queue
[2026-08-08T17:45:44.373+0000] {logging_mixin.py:190} INFO - [2026-08-08T17:45:44.373+0000] {dagbag.py:587} INFO - Filling up the DagBag from /home/airflow/.local/lib/python3.12/site-packages/airflow/example_dags/example_branch_operator_decorator.py
[2026-08-08T17:45:44.386+0000] {processor.py:925} INFO - DAG(s) 'example_branch_python_operator_decorator' retrieved from /home/airflow/.local/lib/python3.12/site-packages/airflow/example_dags/example_branch_operator_decorator.py
[2026-08-08T17:45:44.406+0000] {logging_mixin.py:190} INFO - [2026-08-08T17:45:44.406+0000] {dag.py:3211} INFO - Sync 1 DAGs
[2026-08-08T17:45:44.422+0000] {logging_mixin.py:190} INFO - [2026-08-08T17:45:44.421+0000] {dag.py:4138} INFO - Setting next_dagrun for example_branch_python_operator_decorator to 2026-08-07 00:00:00+00:00, run_after=2026-08-08 00:00:00+00:00
[2026-08-08T17:45:44.440+0000] {processor.py:208} INFO - Processing /home/airflow/.local/lib/python3.12/site-packages/airflow/example_dags/example_branch_operator_decorator.py took 0.074 seconds
[2026-08-08T17:47:14.006+0000] {processor.py:186} INFO - Started process (PID=100) to work on /home/airflow/.local/lib/python3.12/site-packages/airflow/example_dags/example_branch_operator_decorator.py
[2026-08-08T17:47:14.009+0000] {processor.py:914} INFO - Processing file /home/airflow/.local/lib/python3.12/site-packages/airflow/example_dags/example_branch_operator_decorator.py for tasks to queue
[2026-08-08T17:47:14.012+0000] {logging_mixin.py:190} INFO - [2026-08-08T17:47:14.012+0000] {dagbag.py:587} INFO - Filling up the DagBag from /home/airflow/.local/lib/python3.12/site-packages/airflow/example_dags/example_branch_operator_decorator.py
[2026-08-08T17:47:14.041+0000] {processor.py:925} INFO - DAG(s) 'example_branch_python_operator_decorator' retrieved from /home/airflow/.local/lib/python3.12/site-packages/airflow/example_dags/example_branch_operator_decorator.py
[2026-08-08T17:47:14.157+0000] {logging_mixin.py:190} INFO - [2026-08-08T17:47:14.156+0000] {dag.py:3211} INFO - Sync 1 DAGs
[2026-08-08T17:47:14.181+0000] {logging_mixin.py:190} INFO - [2026-08-08T17:47:14.181+0000] {dag.py:4138} INFO - Setting next_dagrun for example_branch_python_operator_decorator to 2026-08-07 00:00:00+00:00, run_after=2026-08-08 00:00:00+00:00
[2026-08-08T17:47:14.205+0000] {processor.py:208} INFO - Processing /home/airflow/.local/lib/python3.12/site-packages/airflow/example_dags/example_branch_operator_decorator.py took 0.208 seconds
[2026-08-08T17:47:44.707+0000] {processor.py:186} INFO - Started process (PID=163) to work on /home/airflow/.local/lib/python3.12/site-packages/airflow/example_dags/example_branch_operator_decorator.py
[2026-08-08T17:47:44.708+0000] {processor.py:914} INFO - Processing file /home/airflow/.local/lib/python3.12/site-packages/airflow/example_dags/example_branch_operator_decorator.py for tasks to queue
[2026-08-08T17:47:44.711+0000] {logging_mixin.py:190} INFO - [2026-08-08T17:47:44.711+0000] {dagbag.py:587} INFO - Filling up the DagBag from /home/airflow/.local/lib/python3.12/site-packages/airflow/example_dags/example_branch_operator_decorator.py
[2026-08-08T17:47:44.730+0000] {processor.py:925} INFO - DAG(s) 'example_branch_python_operator_decorator' retrieved from /home/airflow/.local/lib/python3.12/site-packages/airflow/example_dags/example_branch_operator_decorator.py
[2026-08-08T17:47:44.755+0000] {logging_mixin.py:190} INFO - [2026-08-08T17:47:44.755+0000] {dag.py:3211} INFO - Sync 1 DAGs
[2026-08-08T17:47:44.779+0000] {logging_mixin.py:190} INFO - [2026-08-08T17:47:44.779+0000] {dag.py:4138} INFO - Setting next_dagrun for example_branch_python_operator_decorator to 2026-08-07 00:00:00+00:00, run_after=2026-08-08 00:00:00+00:00
[2026-08-08T17:47:44.806+0000] {processor.py:208} INFO - Processing /home/airflow/.local/lib/python3.12/site-packages/airflow/example_dags/example_branch_operator_decorator.py took 0.104 seconds
[2026-08-08T17:48:15.946+0000] {processor.py:186} INFO - Started process (PID=232) to work on /home/airflow/.local/lib/python3.12/site-packages/airflow/example_dags/example_branch_operator_decorator.py
[2026-08-08T17:48:15.947+0000] {processor.py:914} INFO - Processing file /home/airflow/.local/lib/python3.12/site-packages/airflow/example_dags/example_branch_operator_decorator.py for tasks to queue
[2026-08-08T17:48:15.950+0000] {logging_mixin.py:190} INFO - [2026-08-08T17:48:15.950+0000] {dagbag.py:587} INFO - Filling up the DagBag from /home/airflow/.local/lib/python3.12/site-packages/airflow/example_dags/example_branch_operator_decorator.py
[2026-08-08T17:48:15.975+0000] {processor.py:925} INFO - DAG(s) 'example_branch_python_operator_decorator' retrieved from /home/airflow/.local/lib/python3.12/site-packages/airflow/example_dags/example_branch_operator_decorator.py
[2026-08-08T17:48:16.017+0000] {logging_mixin.py:190} INFO - [2026-08-08T17:48:16.016+0000] {dag.py:3211} INFO - Sync 1 DAGs
[2026-08-08T17:48:16.050+0000] {logging_mixin.py:190} INFO - [2026-08-08T17:48:16.049+0000] {dag.py:4138} INFO - Setting next_dagrun for example_branch_python_operator_decorator to 2026-08-07 00:00:00+00:00, run_after=2026-08-08 00:00:00+00:00
[2026-08-08T17:48:16.083+0000] {processor.py:208} INFO - Processing /home/airflow/.local/lib/python3.12/site-packages/airflow/example_dags/example_branch_operator_decorator.py took 0.143 seconds
[2026-08-08T17:48:46.702+0000] {processor.py:186} INFO - Started process (PID=295) to work on /home/airflow/.local/lib/python3.12/site-packages/airflow/example_dags/example_branch_operator_decorator.py
[2026-08-08T17:48:46.704+0000] {processor.py:914} INFO - Processing file /home/airflow/.local/lib/python3.12/site-packages/airflow/example_dags/example_branch_operator_decorator.py for tasks to queue
[2026-08-08T17:48:46.708+0000] {logging_mixin.py:190} INFO - [2026-08-08T17:48:46.707+0000] {dagbag.py:587} INFO - Filling up the DagBag from /home/airflow/.local/lib/python3.12/site-packages/airflow/example_dags/example_branch_operator_decorator.py
[2026-08-08T17:48:46.732+0000] {processor.py:925} INFO - DAG(s) 'example_branch_python_operator_decorator' retrieved from /home/airflow/.local/lib/python3.12/site-packages/airflow/example_dags/example_branch_operator_decorator.py
[2026-08-08T17:48:46.769+0000] {logging_mixin.py:190} INFO - [2026-08-08T17:48:46.769+0000] {dag.py:3211} INFO - Sync 1 DAGs
[2026-08-08T17:48:46.796+0000] {logging_mixin.py:190} INFO - [2026-08-08T17:48:46.796+0000] {dag.py:4138} INFO - Setting next_dagrun for example_branch_python_operator_decorator to 2026-08-07 00:00:00+00:00, run_after=2026-08-08 00:00:00+00:00
[2026-08-08T17:48:46.821+0000] {processor.py:208} INFO - Processing /home/airflow/.local/lib/python3.12/site-packages/airflow/example_dags/example_branch_operator_decorator.py took 0.125 seconds
[2026-08-08T17:52:37.692+0000] {processor.py:186} INFO - Started process (PID=99) to work on /home/airflow/.local/lib/python3.12/site-packages/airflow/example_dags/example_branch_operator_decorator.py
[2026-08-08T17:52:37.694+0000] {processor.py:914} INFO - Processing file /home/airflow/.local/lib/python3.12/site-packages/airflow/example_dags/example_branch_operator_decorator.py for tasks to queue
[2026-08-08T17:52:37.698+0000] {logging_mixin.py:190} INFO - [2026-08-08T17:52:37.698+0000] {dagbag.py:587} INFO - Filling up the DagBag from /home/airflow/.local/lib/python3.12/site-packages/airflow/example_dags/example_branch_operator_decorator.py
[2026-08-08T17:52:37.727+0000] {processor.py:925} INFO - DAG(s) 'example_branch_python_operator_decorator' retrieved from /home/airflow/.local/lib/python3.12/site-packages/airflow/example_dags/example_branch_operator_decorator.py
[2026-08-08T17:52:37.854+0000] {logging_mixin.py:190} INFO - [2026-08-08T17:52:37.854+0000] {dag.py:3211} INFO - Sync 1 DAGs
[2026-08-08T17:52:37.880+0000] {logging_mixin.py:190} INFO - [2026-08-08T17:52:37.880+0000] {dag.py:4138} INFO - Setting next_dagrun for example_branch_python_operator_decorator to 2026-08-07 00:00:00+00:00, run_after=2026-08-08 00:00:00+00:00
[2026-08-08T17:52:37.911+0000] {processor.py:208} INFO - Processing /home/airflow/.local/lib/python3.12/site-packages/airflow/example_dags/example_branch_operator_decorator.py took 0.228 seconds
[2026-08-08T17:53:08.435+0000] {processor.py:186} INFO - Started process (PID=162) to work on /home/airflow/.local/lib/python3.12/site-packages/airflow/example_dags/example_branch_operator_decorator.py
[2026-08-08T17:53:08.436+0000] {processor.py:914} INFO - Processing file /home/airflow/.local/lib/python3.12/site-packages/airflow/example_dags/example_branch_operator_decorator.py for tasks to queue
[2026-08-08T17:53:08.439+0000] {logging_mixin.py:190} INFO - [2026-08-08T17:53:08.439+0000] {dagbag.py:587} INFO - Filling up the DagBag from /home/airflow/.local/lib/python3.12/site-packages/airflow/example_dags/example_branch_operator_decorator.py
[2026-08-08T17:53:08.456+0000] {processor.py:925} INFO - DAG(s) 'example_branch_python_operator_decorator' retrieved from /home/airflow/.local/lib/python3.12/site-packages/airflow/example_dags/example_branch_operator_decorator.py
[2026-08-08T17:53:08.480+0000] {logging_mixin.py:190} INFO - [2026-08-08T17:53:08.480+0000] {dag.py:3211} INFO - Sync 1 DAGs
[2026-08-08T17:53:08.501+0000] {logging_mixin.py:190} INFO - [2026-08-08T17:53:08.501+0000] {dag.py:4138} INFO - Setting next_dagrun for example_branch_python_operator_decorator to 2026-08-07 00:00:00+00:00, run_after=2026-08-08 00:00:00+00:00
[2026-08-08T17:53:08.521+0000] {processor.py:208} INFO - Processing /home/airflow/.local/lib/python3.12/site-packages/airflow/example_dags/example_branch_operator_decorator.py took 0.092 seconds
[2026-08-08T17:53:38.710+0000] {processor.py:186} INFO - Started process (PID=225) to work on /home/airflow/.local/lib/python3.12/site-packages/airflow/example_dags/example_branch_operator_decorator.py
[2026-08-08T17:53:38.712+0000] {processor.py:914} INFO - Processing file /home/airflow/.local/lib/python3.12/site-packages/airflow/example_dags/example_branch_operator_decorator.py for tasks to queue
[2026-08-08T17:53:38.714+0000] {logging_mixin.py:190} INFO - [2026-08-08T17:53:38.714+0000] {dagbag.py:587} INFO - Filling up the DagBag from /home/airflow/.local/lib/python3.12/site-packages/airflow/example_dags/example_branch_operator_decorator.py
[2026-08-08T17:53:38.733+0000] {processor.py:925} INFO - DAG(s) 'example_branch_python_operator_decorator' retrieved from /home/airflow/.local/lib/python3.12/site-packages/airflow/example_dags/example_branch_operator_decorator.py
[2026-08-08T17:53:38.760+0000] {logging_mixin.py:190} INFO - [2026-08-08T17:53:38.760+0000] {dag.py:3211} INFO - Sync 1 DAGs
[2026-08-08T17:53:38.780+0000] {logging_mixin.py:190} INFO - [2026-08-08T17:53:38.779+0000] {dag.py:4138} INFO - Setting next_dagrun for example_branch_python_operator_decorator to 2026-08-07 00:00:00+00:00, run_after=2026-08-08 00:00:00+00:00
[2026-08-08T17:53:38.810+0000] {processor.py:208} INFO - Processing /home/airflow/.local/lib/python3.12/site-packages/airflow/example_dags/example_branch_operator_decorator.py took 0.106 seconds
[2026-08-08T17:54:09.480+0000] {processor.py:186} INFO - Started process (PID=288) to work on /home/airflow/.local/lib/python3.12/site-packages/airflow/example_dags/example_branch_operator_decorator.py
[2026-08-08T17:54:09.483+0000] {processor.py:914} INFO - Processing file /home/airflow/.local/lib/python3.12/site-packages/airflow/example_dags/example_branch_operator_decorator.py for tasks to queue
[2026-08-08T17:54:09.486+0000] {logging_mixin.py:190} INFO - [2026-08-08T17:54:09.485+0000] {dagbag.py:587} INFO - Filling up the DagBag from /home/airflow/.local/lib/python3.12/site-packages/airflow/example_dags/example_branch_operator_decorator.py
[2026-08-08T17:54:09.508+0000] {processor.py:925} INFO - DAG(s) 'example_branch_python_operator_decorator' retrieved from /home/airflow/.local/lib/python3.12/site-packages/airflow/example_dags/example_branch_operator_decorator.py
[2026-08-08T17:54:09.550+0000] {logging_mixin.py:190} INFO - [2026-08-08T17:54:09.550+0000] {dag.py:3211} INFO - Sync 1 DAGs
[2026-08-08T17:54:09.584+0000] {logging_mixin.py:190} INFO - [2026-08-08T17:54:09.584+0000] {dag.py:4138} INFO - Setting next_dagrun for example_branch_python_operator_decorator to 2026-08-07 00:00:00+00:00, run_after=2026-08-08 00:00:00+00:00
[2026-08-08T17:54:09.620+0000] {processor.py:208} INFO - Processing /home/airflow/.local/lib/python3.12/site-packages/airflow/example_dags/example_branch_operator_decorator.py took 0.148 seconds
[2026-08-08T17:54:39.709+0000] {processor.py:186} INFO - Started process (PID=350) to work on /home/airflow/.local/lib/python3.12/site-packages/airflow/example_dags/example_branch_operator_decorator.py
[2026-08-08T17:54:39.710+0000] {processor.py:914} INFO - Processing file /home/airflow/.local/lib/python3.12/site-packages/airflow/example_dags/example_branch_operator_decorator.py for tasks to queue
[2026-08-08T17:54:39.713+0000] {logging_mixin.py:190} INFO - [2026-08-08T17:54:39.712+0000] {dagbag.py:587} INFO - Filling up the DagBag from /home/airflow/.local/lib/python3.12/site-packages/airflow/example_dags/example_branch_operator_decorator.py
[2026-08-08T17:54:39.732+0000] {processor.py:925} INFO - DAG(s) 'example_branch_python_operator_decorator' retrieved from /home/airflow/.local/lib/python3.12/site-packages/airflow/example_dags/example_branch_operator_decorator.py
[2026-08-08T17:54:39.758+0000] {logging_mixin.py:190} INFO - [2026-08-08T17:54:39.757+0000] {dag.py:3211} INFO - Sync 1 DAGs
[2026-08-08T17:54:39.777+0000] {logging_mixin.py:190} INFO - [2026-08-08T17:54:39.777+0000] {dag.py:4138} INFO - Setting next_dagrun for example_branch_python_operator_decorator to 2026-08-07 00:00:00+00:00, run_after=2026-08-08 00:00:00+00:00
[2026-08-08T17:54:39.797+0000] {processor.py:208} INFO - Processing /home/airflow/.local/lib/python3.12/site-packages/airflow/example_dags/example_branch_operator_decorator.py took 0.095 seconds
[2026-08-08T17:55:10.062+0000] {processor.py:186} INFO - Started process (PID=413) to work on /home/airflow/.local/lib/python3.12/site-packages/airflow/example_dags/example_branch_operator_decorator.py
[2026-08-08T17:55:10.063+0000] {processor.py:914} INFO - Processing file /home/airflow/.local/lib/python3.12/site-packages/airflow/example_dags/example_branch_operator_decorator.py for tasks to queue
[2026-08-08T17:55:10.066+0000] {logging_mixin.py:190} INFO - [2026-08-08T17:55:10.065+0000] {dagbag.py:587} INFO - Filling up the DagBag from /home/airflow/.local/lib/python3.12/site-packages/airflow/example_dags/example_branch_operator_decorator.py
[2026-08-08T17:55:10.084+0000] {processor.py:925} INFO - DAG(s) 'example_branch_python_operator_decorator' retrieved from /home/airflow/.local/lib/python3.12/site-packages/airflow/example_dags/example_branch_operator_decorator.py
[2026-08-08T17:55:10.107+0000] {logging_mixin.py:190} INFO - [2026-08-08T17:55:10.107+0000] {dag.py:3211} INFO - Sync 1 DAGs
[2026-08-08T17:55:10.124+0000] {logging_mixin.py:190} INFO - [2026-08-08T17:55:10.124+0000] {dag.py:4138} INFO - Setting next_dagrun for example_branch_python_operator_decorator to 2026-08-07 00:00:00+00:00, run_after=2026-08-08 00:00:00+00:00
[2026-08-08T17:55:10.139+0000] {processor.py:208} INFO - Processing /home/airflow/.local/lib/python3.12/site-packages/airflow/example_dags/example_branch_operator_decorator.py took 0.083 seconds
[2026-08-08T17:55:40.571+0000] {processor.py:186} INFO - Started process (PID=476) to work on /home/airflow/.local/lib/python3.12/site-packages/airflow/example_dags/example_branch_operator_decorator.py
[2026-08-08T17:55:40.573+0000] {processor.py:914} INFO - Processing file /home/airflow/.local/lib/python3.12/site-packages/airflow/example_dags/example_branch_operator_decorator.py for tasks to queue
[2026-08-08T17:55:40.576+0000] {logging_mixin.py:190} INFO - [2026-08-08T17:55:40.575+0000] {dagbag.py:587} INFO - Filling up the DagBag from /home/airflow/.local/lib/python3.12/site-packages/airflow/example_dags/example_branch_operator_decorator.py
[2026-08-08T17:55:40.594+0000] {processor.py:925} INFO - DAG(s) 'example_branch_python_operator_decorator' retrieved from /home/airflow/.local/lib/python3.12/site-packages/airflow/example_dags/example_branch_operator_decorator.py
[2026-08-08T17:55:40.616+0000] {logging_mixin.py:190} INFO - [2026-08-08T17:55:40.616+0000] {dag.py:3211} INFO - Sync 1 DAGs
[2026-08-08T17:55:40.632+0000] {logging_mixin.py:190} INFO - [2026-08-08T17:55:40.632+0000] {dag.py:4138} INFO - Setting next_dagrun for example_branch_python_operator_decorator to 2026-08-07 00:00:00+00:00, run_after=2026-08-08 00:00:00+00:00
[2026-08-08T17:55:40.647+0000] {processor.py:208} INFO - Processing /home/airflow/.local/lib/python3.12/site-packages/airflow/example_dags/example_branch_operator_decorator.py took 0.082 seconds
[2026-08-08T17:56:10.889+0000] {processor.py:186} INFO - Started process (PID=539) to work on /home/airflow/.local/lib/python3.12/site-packages/airflow/example_dags/example_branch_operator_decorator.py
[2026-08-08T17:56:10.890+0000] {processor.py:914} INFO - Processing file /home/airflow/.local/lib/python3.12/site-packages/airflow/example_dags/example_branch_operator_decorator.py for tasks to queue
[2026-08-08T17:56:10.892+0000] {logging_mixin.py:190} INFO - [2026-08-08T17:56:10.892+0000] {dagbag.py:587} INFO - Filling up the DagBag from /home/airflow/.local/lib/python3.12/site-packages/airflow/example_dags/example_branch_operator_decorator.py
[2026-08-08T17:56:10.908+0000] {processor.py:925} INFO - DAG(s) 'example_branch_python_operator_decorator' retrieved from /home/airflow/.local/lib/python3.12/site-packages/airflow/example_dags/example_branch_operator_decorator.py
[2026-08-08T17:56:10.929+0000] {logging_mixin.py:190} INFO - [2026-08-08T17:56:10.929+0000] {dag.py:3211} INFO - Sync 1 DAGs
[2026-08-08T17:56:10.946+0000] {logging_mixin.py:190} INFO - [2026-08-08T17:56:10.946+0000] {dag.py:4138} INFO - Setting next_dagrun for example_branch_python_operator_decorator to 2026-08-07 00:00:00+00:00, run_after=2026-08-08 00:00:00+00:00
[2026-08-08T17:56:10.964+0000] {processor.py:208} INFO - Processing /home/airflow/.local/lib/python3.12/site-packages/airflow/example_dags/example_branch_operator_decorator.py took 0.081 seconds
[2026-08-08T17:56:41.370+0000] {processor.py:186} INFO - Started process (PID=602) to work on /home/airflow/.local/lib/python3.12/site-packages/airflow/example_dags/example_branch_operator_decorator.py
[2026-08-08T17:56:41.371+0000] {processor.py:914} INFO - Processing file /home/airflow/.local/lib/python3.12/site-packages/airflow/example_dags/example_branch_operator_decorator.py for tasks to queue
[2026-08-08T17:56:41.374+0000] {logging_mixin.py:190} INFO - [2026-08-08T17:56:41.373+0000] {dagbag.py:587} INFO - Filling up the DagBag from /home/airflow/.local/lib/python3.12/site-packages/airflow/example_dags/example_branch_operator_decorator.py
[2026-08-08T17:56:41.395+0000] {processor.py:925} INFO - DAG(s) 'example_branch_python_operator_decorator' retrieved from /home/airflow/.local/lib/python3.12/site-packages/airflow/example_dags/example_branch_operator_decorator.py
[2026-08-08T17:56:41.420+0000] {logging_mixin.py:190} INFO - [2026-08-08T17:56:41.419+0000] {dag.py:3211} INFO - Sync 1 DAGs
[2026-08-08T17:56:41.439+0000] {logging_mixin.py:190} INFO - [2026-08-08T17:56:41.439+0000] {dag.py:4138} INFO - Setting next_dagrun for example_branch_python_operator_decorator to 2026-08-07 00:00:00+00:00, run_after=2026-08-08 00:00:00+00:00
[2026-08-08T17:56:41.458+0000] {processor.py:208} INFO - Processing /home/airflow/.local/lib/python3.12/site-packages/airflow/example_dags/example_branch_operator_decorator.py took 0.095 seconds
[2026-08-08T17:57:11.919+0000] {processor.py:186} INFO - Started process (PID=665) to work on /home/airflow/.local/lib/python3.12/site-packages/airflow/example_dags/example_branch_operator_decorator.py
[2026-08-08T17:57:11.920+0000] {processor.py:914} INFO - Processing file /home/airflow/.local/lib/python3.12/site-packages/airflow/example_dags/example_branch_operator_decorator.py for tasks to queue
[2026-08-08T17:57:11.923+0000] {logging_mixin.py:190} INFO - [2026-08-08T17:57:11.923+0000] {dagbag.py:587} INFO - Filling up the DagBag from /home/airflow/.local/lib/python3.12/site-packages/airflow/example_dags/example_branch_operator_decorator.py
[2026-08-08T17:57:11.952+0000] {processor.py:925} INFO - DAG(s) 'example_branch_python_operator_decorator' retrieved from /home/airflow/.local/lib/python3.12/site-packages/airflow/example_dags/example_branch_operator_decorator.py
[2026-08-08T17:57:11.983+0000] {logging_mixin.py:190} INFO - [2026-08-08T17:57:11.983+0000] {dag.py:3211} INFO - Sync 1 DAGs
[2026-08-08T17:57:12.009+0000] {logging_mixin.py:190} INFO - [2026-08-08T17:57:12.009+0000] {dag.py:4138} INFO - Setting next_dagrun for example_branch_python_operator_decorator to 2026-08-07 00:00:00+00:00, run_after=2026-08-08 00:00:00+00:00
[2026-08-08T17:57:12.032+0000] {processor.py:208} INFO - Processing /home/airflow/.local/lib/python3.12/site-packages/airflow/example_dags/example_branch_operator_decorator.py took 0.121 seconds
[2026-08-08T18:08:18.716+0000] {processor.py:186} INFO - Started process (PID=729) to work on /home/airflow/.local/lib/python3.12/site-packages/airflow/example_dags/example_branch_operator_decorator.py
[2026-08-08T18:08:18.720+0000] {processor.py:914} INFO - Processing file /home/airflow/.local/lib/python3.12/site-packages/airflow/example_dags/example_branch_operator_decorator.py for tasks to queue
[2026-08-08T18:08:18.727+0000] {logging_mixin.py:190} INFO - [2026-08-08T18:08:18.726+0000] {dagbag.py:587} INFO - Filling up the DagBag from /home/airflow/.local/lib/python3.12/site-packages/airflow/example_dags/example_branch_operator_decorator.py
[2026-08-08T18:08:18.783+0000] {processor.py:925} INFO - DAG(s) 'example_branch_python_operator_decorator' retrieved from /home/airflow/.local/lib/python3.12/site-packages/airflow/example_dags/example_branch_operator_decorator.py
[2026-08-08T18:08:18.864+0000] {logging_mixin.py:190} INFO - [2026-08-08T18:08:18.863+0000] {dag.py:3211} INFO - Sync 1 DAGs
[2026-08-08T18:08:18.933+0000] {logging_mixin.py:190} INFO - [2026-08-08T18:08:18.933+0000] {dag.py:4138} INFO - Setting next_dagrun for example_branch_python_operator_decorator to 2026-08-07 00:00:00+00:00, run_after=2026-08-08 00:00:00+00:00
[2026-08-08T18:08:18.991+0000] {processor.py:208} INFO - Processing /home/airflow/.local/lib/python3.12/site-packages/airflow/example_dags/example_branch_operator_decorator.py took 0.290 seconds
[2026-08-08T18:08:49.151+0000] {processor.py:186} INFO - Started process (PID=791) to work on /home/airflow/.local/lib/python3.12/site-packages/airflow/example_dags/example_branch_operator_decorator.py
[2026-08-08T18:08:49.153+0000] {processor.py:914} INFO - Processing file /home/airflow/.local/lib/python3.12/site-packages/airflow/example_dags/example_branch_operator_decorator.py for tasks to queue
[2026-08-08T18:08:49.157+0000] {logging_mixin.py:190} INFO - [2026-08-08T18:08:49.156+0000] {dagbag.py:587} INFO - Filling up the DagBag from /home/airflow/.local/lib/python3.12/site-packages/airflow/example_dags/example_branch_operator_decorator.py
[2026-08-08T18:08:49.191+0000] {processor.py:925} INFO - DAG(s) 'example_branch_python_operator_decorator' retrieved from /home/airflow/.local/lib/python3.12/site-packages/airflow/example_dags/example_branch_operator_decorator.py
[2026-08-08T18:08:49.236+0000] {logging_mixin.py:190} INFO - [2026-08-08T18:08:49.235+0000] {dag.py:3211} INFO - Sync 1 DAGs
[2026-08-08T18:08:49.272+0000] {logging_mixin.py:190} INFO - [2026-08-08T18:08:49.272+0000] {dag.py:4138} INFO - Setting next_dagrun for example_branch_python_operator_decorator to 2026-08-07 00:00:00+00:00, run_after=2026-08-08 00:00:00+00:00
[2026-08-08T18:08:49.307+0000] {processor.py:208} INFO - Processing /home/airflow/.local/lib/python3.12/site-packages/airflow/example_dags/example_branch_operator_decorator.py took 0.165 seconds
[2026-08-08T18:09:20.336+0000] {processor.py:186} INFO - Started process (PID=855) to work on /home/airflow/.local/lib/python3.12/site-packages/airflow/example_dags/example_branch_operator_decorator.py
[2026-08-08T18:09:20.338+0000] {processor.py:914} INFO - Processing file /home/airflow/.local/lib/python3.12/site-packages/airflow/example_dags/example_branch_operator_decorator.py for tasks to queue
[2026-08-08T18:09:20.341+0000] {logging_mixin.py:190} INFO - [2026-08-08T18:09:20.341+0000] {dagbag.py:587} INFO - Filling up the DagBag from /home/airflow/.local/lib/python3.12/site-packages/airflow/example_dags/example_branch_operator_decorator.py
[2026-08-08T18:09:20.368+0000] {processor.py:925} INFO - DAG(s) 'example_branch_python_operator_decorator' retrieved from /home/airflow/.local/lib/python3.12/site-packages/airflow/example_dags/example_branch_operator_decorator.py
[2026-08-08T18:09:20.404+0000] {logging_mixin.py:190} INFO - [2026-08-08T18:09:20.403+0000] {dag.py:3211} INFO - Sync 1 DAGs
[2026-08-08T18:09:20.436+0000] {logging_mixin.py:190} INFO - [2026-08-08T18:09:20.436+0000] {dag.py:4138} INFO - Setting next_dagrun for example_branch_python_operator_decorator to 2026-08-07 00:00:00+00:00, run_after=2026-08-08 00:00:00+00:00
[2026-08-08T18:09:20.467+0000] {processor.py:208} INFO - Processing /home/airflow/.local/lib/python3.12/site-packages/airflow/example_dags/example_branch_operator_decorator.py took 0.139 seconds
[2026-08-08T18:09:50.956+0000] {processor.py:186} INFO - Started process (PID=918) to work on /home/airflow/.local/lib/python3.12/site-packages/airflow/example_dags/example_branch_operator_decorator.py
[2026-08-08T18:09:50.957+0000] {processor.py:914} INFO - Processing file /home/airflow/.local/lib/python3.12/site-packages/airflow/example_dags/example_branch_operator_decorator.py for tasks to queue
[2026-08-08T18:09:50.961+0000] {logging_mixin.py:190} INFO - [2026-08-08T18:09:50.960+0000] {dagbag.py:587} INFO - Filling up the DagBag from /home/airflow/.local/lib/python3.12/site-packages/airflow/example_dags/example_branch_operator_decorator.py
[2026-08-08T18:09:50.988+0000] {processor.py:925} INFO - DAG(s) 'example_branch_python_operator_decorator' retrieved from /home/airflow/.local/lib/python3.12/site-packages/airflow/example_dags/example_branch_operator_decorator.py
[2026-08-08T18:09:51.023+0000] {logging_mixin.py:190} INFO - [2026-08-08T18:09:51.022+0000] {dag.py:3211} INFO - Sync 1 DAGs
[2026-08-08T18:09:51.052+0000] {logging_mixin.py:190} INFO - [2026-08-08T18:09:51.051+0000] {dag.py:4138} INFO - Setting next_dagrun for example_branch_python_operator_decorator to 2026-08-07 00:00:00+00:00, run_after=2026-08-08 00:00:00+00:00
[2026-08-08T18:09:51.087+0000] {processor.py:208} INFO - Processing /home/airflow/.local/lib/python3.12/site-packages/airflow/example_dags/example_branch_operator_decorator.py took 0.137 seconds
[2026-08-08T18:10:21.239+0000] {processor.py:186} INFO - Started process (PID=980) to work on /home/airflow/.local/lib/python3.12/site-packages/airflow/example_dags/example_branch_operator_decorator.py
[2026-08-08T18:10:21.241+0000] {processor.py:914} INFO - Processing file /home/airflow/.local/lib/python3.12/site-packages/airflow/example_dags/example_branch_operator_decorator.py for tasks to queue
[2026-08-08T18:10:21.244+0000] {logging_mixin.py:190} INFO - [2026-08-08T18:10:21.243+0000] {dagbag.py:587} INFO - Filling up the DagBag from /home/airflow/.local/lib/python3.12/site-packages/airflow/example_dags/example_branch_operator_decorator.py
[2026-08-08T18:10:21.273+0000] {processor.py:925} INFO - DAG(s) 'example_branch_python_operator_decorator' retrieved from /home/airflow/.local/lib/python3.12/site-packages/airflow/example_dags/example_branch_operator_decorator.py
[2026-08-08T18:10:21.309+0000] {logging_mixin.py:190} INFO - [2026-08-08T18:10:21.309+0000] {dag.py:3211} INFO - Sync 1 DAGs
[2026-08-08T18:10:21.341+0000] {logging_mixin.py:190} INFO - [2026-08-08T18:10:21.340+0000] {dag.py:4138} INFO - Setting next_dagrun for example_branch_python_operator_decorator to 2026-08-07 00:00:00+00:00, run_after=2026-08-08 00:00:00+00:00
[2026-08-08T18:10:21.366+0000] {processor.py:208} INFO - Processing /home/airflow/.local/lib/python3.12/site-packages/airflow/example_dags/example_branch_operator_decorator.py took 0.136 seconds
[2026-08-08T18:10:51.632+0000] {processor.py:186} INFO - Started process (PID=1043) to work on /home/airflow/.local/lib/python3.12/site-packages/airflow/example_dags/example_branch_operator_decorator.py
[2026-08-08T18:10:51.633+0000] {processor.py:914} INFO - Processing file /home/airflow/.local/lib/python3.12/site-packages/airflow/example_dags/example_branch_operator_decorator.py for tasks to queue
[2026-08-08T18:10:51.635+0000] {logging_mixin.py:190} INFO - [2026-08-08T18:10:51.635+0000] {dagbag.py:587} INFO - Filling up the DagBag from /home/airflow/.local/lib/python3.12/site-packages/airflow/example_dags/example_branch_operator_decorator.py
[2026-08-08T18:10:51.658+0000] {processor.py:925} INFO - DAG(s) 'example_branch_python_operator_decorator' retrieved from /home/airflow/.local/lib/python3.12/site-packages/airflow/example_dags/example_branch_operator_decorator.py
[2026-08-08T18:10:51.689+0000] {logging_mixin.py:190} INFO - [2026-08-08T18:10:51.689+0000] {dag.py:3211} INFO - Sync 1 DAGs
[2026-08-08T18:10:51.710+0000] {logging_mixin.py:190} INFO - [2026-08-08T18:10:51.710+0000] {dag.py:4138} INFO - Setting next_dagrun for example_branch_python_operator_decorator to 2026-08-07 00:00:00+00:00, run_after=2026-08-08 00:00:00+00:00
[2026-08-08T18:10:51.733+0000] {processor.py:208} INFO - Processing /home/airflow/.local/lib/python3.12/site-packages/airflow/example_dags/example_branch_operator_decorator.py took 0.107 seconds
[2026-08-08T18:11:21.864+0000] {processor.py:186} INFO - Started process (PID=1106) to work on /home/airflow/.local/lib/python3.12/site-packages/airflow/example_dags/example_branch_operator_decorator.py
[2026-08-08T18:11:21.865+0000] {processor.py:914} INFO - Processing file /home/airflow/.local/lib/python3.12/site-packages/airflow/example_dags/example_branch_operator_decorator.py for tasks to queue
[2026-08-08T18:11:21.870+0000] {logging_mixin.py:190} INFO - [2026-08-08T18:11:21.869+0000] {dagbag.py:587} INFO - Filling up the DagBag from /home/airflow/.local/lib/python3.12/site-packages/airflow/example_dags/example_branch_operator_decorator.py
[2026-08-08T18:11:21.914+0000] {processor.py:925} INFO - DAG(s) 'example_branch_python_operator_decorator' retrieved from /home/airflow/.local/lib/python3.12/site-packages/airflow/example_dags/example_branch_operator_decorator.py
[2026-08-08T18:11:21.965+0000] {logging_mixin.py:190} INFO - [2026-08-08T18:11:21.965+0000] {dag.py:3211} INFO - Sync 1 DAGs
[2026-08-08T18:11:22.007+0000] {logging_mixin.py:190} INFO - [2026-08-08T18:11:22.006+0000] {dag.py:4138} INFO - Setting next_dagrun for example_branch_python_operator_decorator to 2026-08-07 00:00:00+00:00, run_after=2026-08-08 00:00:00+00:00
[2026-08-08T18:11:22.038+0000] {processor.py:208} INFO - Processing /home/airflow/.local/lib/python3.12/site-packages/airflow/example_dags/example_branch_operator_decorator.py took 0.181 seconds
[2026-08-08T18:11:52.106+0000] {processor.py:186} INFO - Started process (PID=1169) to work on /home/airflow/.local/lib/python3.12/site-packages/airflow/example_dags/example_branch_operator_decorator.py
[2026-08-08T18:11:52.108+0000] {processor.py:914} INFO - Processing file /home/airflow/.local/lib/python3.12/site-packages/airflow/example_dags/example_branch_operator_decorator.py for tasks to queue
[2026-08-08T18:11:52.111+0000] {logging_mixin.py:190} INFO - [2026-08-08T18:11:52.111+0000] {dagbag.py:587} INFO - Filling up the DagBag from /home/airflow/.local/lib/python3.12/site-packages/airflow/example_dags/example_branch_operator_decorator.py
[2026-08-08T18:11:52.131+0000] {processor.py:925} INFO - DAG(s) 'example_branch_python_operator_decorator' retrieved from /home/airflow/.local/lib/python3.12/site-packages/airflow/example_dags/example_branch_operator_decorator.py
[2026-08-08T18:11:52.158+0000] {logging_mixin.py:190} INFO - [2026-08-08T18:11:52.158+0000] {dag.py:3211} INFO - Sync 1 DAGs
[2026-08-08T18:11:52.179+0000] {logging_mixin.py:190} INFO - [2026-08-08T18:11:52.179+0000] {dag.py:4138} INFO - Setting next_dagrun for example_branch_python_operator_decorator to 2026-08-07 00:00:00+00:00, run_after=2026-08-08 00:00:00+00:00
[2026-08-08T18:11:52.201+0000] {processor.py:208} INFO - Processing /home/airflow/.local/lib/python3.12/site-packages/airflow/example_dags/example_branch_operator_decorator.py took 0.101 seconds
[2026-08-08T18:13:07.982+0000] {processor.py:186} INFO - Started process (PID=105) to work on /home/airflow/.local/lib/python3.12/site-packages/airflow/example_dags/example_branch_operator_decorator.py
[2026-08-08T18:13:07.984+0000] {processor.py:914} INFO - Processing file /home/airflow/.local/lib/python3.12/site-packages/airflow/example_dags/example_branch_operator_decorator.py for tasks to queue
[2026-08-08T18:13:07.988+0000] {logging_mixin.py:190} INFO - [2026-08-08T18:13:07.987+0000] {dagbag.py:587} INFO - Filling up the DagBag from /home/airflow/.local/lib/python3.12/site-packages/airflow/example_dags/example_branch_operator_decorator.py
[2026-08-08T18:13:08.014+0000] {processor.py:925} INFO - DAG(s) 'example_branch_python_operator_decorator' retrieved from /home/airflow/.local/lib/python3.12/site-packages/airflow/example_dags/example_branch_operator_decorator.py
[2026-08-08T18:13:08.164+0000] {logging_mixin.py:190} INFO - [2026-08-08T18:13:08.164+0000] {dag.py:3211} INFO - Sync 1 DAGs
[2026-08-08T18:13:08.194+0000] {logging_mixin.py:190} INFO - [2026-08-08T18:13:08.194+0000] {dag.py:4138} INFO - Setting next_dagrun for example_branch_python_operator_decorator to 2026-08-07 00:00:00+00:00, run_after=2026-08-08 00:00:00+00:00
[2026-08-08T18:13:08.222+0000] {processor.py:208} INFO - Processing /home/airflow/.local/lib/python3.12/site-packages/airflow/example_dags/example_branch_operator_decorator.py took 0.248 seconds
[2026-08-08T18:13:38.382+0000] {processor.py:186} INFO - Started process (PID=168) to work on /home/airflow/.local/lib/python3.12/site-packages/airflow/example_dags/example_branch_operator_decorator.py
[2026-08-08T18:13:38.384+0000] {processor.py:914} INFO - Processing file /home/airflow/.local/lib/python3.12/site-packages/airflow/example_dags/example_branch_operator_decorator.py for tasks to queue
[2026-08-08T18:13:38.386+0000] {logging_mixin.py:190} INFO - [2026-08-08T18:13:38.386+0000] {dagbag.py:587} INFO - Filling up the DagBag from /home/airflow/.local/lib/python3.12/site-packages/airflow/example_dags/example_branch_operator_decorator.py
[2026-08-08T18:13:38.406+0000] {processor.py:925} INFO - DAG(s) 'example_branch_python_operator_decorator' retrieved from /home/airflow/.local/lib/python3.12/site-packages/airflow/example_dags/example_branch_operator_decorator.py
[2026-08-08T18:13:38.440+0000] {logging_mixin.py:190} INFO - [2026-08-08T18:13:38.440+0000] {dag.py:3211} INFO - Sync 1 DAGs
[2026-08-08T18:13:38.467+0000] {logging_mixin.py:190} INFO - [2026-08-08T18:13:38.466+0000] {dag.py:4138} INFO - Setting next_dagrun for example_branch_python_operator_decorator to 2026-08-07 00:00:00+00:00, run_after=2026-08-08 00:00:00+00:00
[2026-08-08T18:13:38.492+0000] {processor.py:208} INFO - Processing /home/airflow/.local/lib/python3.12/site-packages/airflow/example_dags/example_branch_operator_decorator.py took 0.115 seconds
[2026-08-08T18:14:08.772+0000] {processor.py:186} INFO - Started process (PID=231) to work on /home/airflow/.local/lib/python3.12/site-packages/airflow/example_dags/example_branch_operator_decorator.py
[2026-08-08T18:14:08.773+0000] {processor.py:914} INFO - Processing file /home/airflow/.local/lib/python3.12/site-packages/airflow/example_dags/example_branch_operator_decorator.py for tasks to queue
[2026-08-08T18:14:08.776+0000] {logging_mixin.py:190} INFO - [2026-08-08T18:14:08.776+0000] {dagbag.py:587} INFO - Filling up the DagBag from /home/airflow/.local/lib/python3.12/site-packages/airflow/example_dags/example_branch_operator_decorator.py
[2026-08-08T18:14:08.796+0000] {processor.py:925} INFO - DAG(s) 'example_branch_python_operator_decorator' retrieved from /home/airflow/.local/lib/python3.12/site-packages/airflow/example_dags/example_branch_operator_decorator.py
[2026-08-08T18:14:08.837+0000] {logging_mixin.py:190} INFO - [2026-08-08T18:14:08.836+0000] {dag.py:3211} INFO - Sync 1 DAGs
[2026-08-08T18:14:08.862+0000] {logging_mixin.py:190} INFO - [2026-08-08T18:14:08.862+0000] {dag.py:4138} INFO - Setting next_dagrun for example_branch_python_operator_decorator to 2026-08-07 00:00:00+00:00, run_after=2026-08-08 00:00:00+00:00
[2026-08-08T18:14:08.882+0000] {processor.py:208} INFO - Processing /home/airflow/.local/lib/python3.12/site-packages/airflow/example_dags/example_branch_operator_decorator.py took 0.117 seconds
[2026-08-08T18:14:39.021+0000] {processor.py:186} INFO - Started process (PID=293) to work on /home/airflow/.local/lib/python3.12/site-packages/airflow/example_dags/example_branch_operator_decorator.py
[2026-08-08T18:14:39.023+0000] {processor.py:914} INFO - Processing file /home/airflow/.local/lib/python3.12/site-packages/airflow/example_dags/example_branch_operator_decorator.py for tasks to queue
[2026-08-08T18:14:39.028+0000] {logging_mixin.py:190} INFO - [2026-08-08T18:14:39.027+0000] {dagbag.py:587} INFO - Filling up the DagBag from /home/airflow/.local/lib/python3.12/site-packages/airflow/example_dags/example_branch_operator_decorator.py
[2026-08-08T18:14:39.062+0000] {processor.py:925} INFO - DAG(s) 'example_branch_python_operator_decorator' retrieved from /home/airflow/.local/lib/python3.12/site-packages/airflow/example_dags/example_branch_operator_decorator.py
[2026-08-08T18:14:39.096+0000] {logging_mixin.py:190} INFO - [2026-08-08T18:14:39.096+0000] {dag.py:3211} INFO - Sync 1 DAGs
[2026-08-08T18:14:39.123+0000] {logging_mixin.py:190} INFO - [2026-08-08T18:14:39.122+0000] {dag.py:4138} INFO - Setting next_dagrun for example_branch_python_operator_decorator to 2026-08-07 00:00:00+00:00, run_after=2026-08-08 00:00:00+00:00
[2026-08-08T18:14:39.145+0000] {processor.py:208} INFO - Processing /home/airflow/.local/lib/python3.12/site-packages/airflow/example_dags/example_branch_operator_decorator.py took 0.135 seconds
[2026-08-08T18:15:10.731+0000] {processor.py:186} INFO - Started process (PID=357) to work on /home/airflow/.local/lib/python3.12/site-packages/airflow/example_dags/example_branch_operator_decorator.py
[2026-08-08T18:15:10.733+0000] {processor.py:914} INFO - Processing file /home/airflow/.local/lib/python3.12/site-packages/airflow/example_dags/example_branch_operator_decorator.py for tasks to queue
[2026-08-08T18:15:10.737+0000] {logging_mixin.py:190} INFO - [2026-08-08T18:15:10.737+0000] {dagbag.py:587} INFO - Filling up the DagBag from /home/airflow/.local/lib/python3.12/site-packages/airflow/example_dags/example_branch_operator_decorator.py
[2026-08-08T18:15:10.768+0000] {processor.py:925} INFO - DAG(s) 'example_branch_python_operator_decorator' retrieved from /home/airflow/.local/lib/python3.12/site-packages/airflow/example_dags/example_branch_operator_decorator.py
[2026-08-08T18:15:10.820+0000] {logging_mixin.py:190} INFO - [2026-08-08T18:15:10.819+0000] {dag.py:3211} INFO - Sync 1 DAGs
[2026-08-08T18:15:10.865+0000] {logging_mixin.py:190} INFO - [2026-08-08T18:15:10.864+0000] {dag.py:4138} INFO - Setting next_dagrun for example_branch_python_operator_decorator to 2026-08-07 00:00:00+00:00, run_after=2026-08-08 00:00:00+00:00
[2026-08-08T18:15:10.899+0000] {processor.py:208} INFO - Processing /home/airflow/.local/lib/python3.12/site-packages/airflow/example_dags/example_branch_operator_decorator.py took 0.179 seconds
[2026-08-08T18:15:41.920+0000] {processor.py:186} INFO - Started process (PID=420) to work on /home/airflow/.local/lib/python3.12/site-packages/airflow/example_dags/example_branch_operator_decorator.py
[2026-08-08T18:15:41.922+0000] {processor.py:914} INFO - Processing file /home/airflow/.local/lib/python3.12/site-packages/airflow/example_dags/example_branch_operator_decorator.py for tasks to queue
[2026-08-08T18:15:41.925+0000] {logging_mixin.py:190} INFO - [2026-08-08T18:15:41.925+0000] {dagbag.py:587} INFO - Filling up the DagBag from /home/airflow/.local/lib/python3.12/site-packages/airflow/example_dags/example_branch_operator_decorator.py
[2026-08-08T18:15:41.949+0000] {processor.py:925} INFO - DAG(s) 'example_branch_python_operator_decorator' retrieved from /home/airflow/.local/lib/python3.12/site-packages/airflow/example_dags/example_branch_operator_decorator.py
[2026-08-08T18:15:41.985+0000] {logging_mixin.py:190} INFO - [2026-08-08T18:15:41.985+0000] {dag.py:3211} INFO - Sync 1 DAGs
[2026-08-08T18:15:42.013+0000] {logging_mixin.py:190} INFO - [2026-08-08T18:15:42.012+0000] {dag.py:4138} INFO - Setting next_dagrun for example_branch_python_operator_decorator to 2026-08-07 00:00:00+00:00, run_after=2026-08-08 00:00:00+00:00
[2026-08-08T18:15:42.043+0000] {processor.py:208} INFO - Processing /home/airflow/.local/lib/python3.12/site-packages/airflow/example_dags/example_branch_operator_decorator.py took 0.130 seconds
[2026-08-08T18:17:12.942+0000] {processor.py:186} INFO - Started process (PID=118) to work on /home/airflow/.local/lib/python3.12/site-packages/airflow/example_dags/example_branch_operator_decorator.py
[2026-08-08T18:17:12.943+0000] {processor.py:914} INFO - Processing file /home/airflow/.local/lib/python3.12/site-packages/airflow/example_dags/example_branch_operator_decorator.py for tasks to queue
[2026-08-08T18:17:12.946+0000] {logging_mixin.py:190} INFO - [2026-08-08T18:17:12.946+0000] {dagbag.py:587} INFO - Filling up the DagBag from /home/airflow/.local/lib/python3.12/site-packages/airflow/example_dags/example_branch_operator_decorator.py
[2026-08-08T18:17:12.979+0000] {processor.py:925} INFO - DAG(s) 'example_branch_python_operator_decorator' retrieved from /home/airflow/.local/lib/python3.12/site-packages/airflow/example_dags/example_branch_operator_decorator.py
[2026-08-08T18:17:13.114+0000] {logging_mixin.py:190} INFO - [2026-08-08T18:17:13.114+0000] {dag.py:3211} INFO - Sync 1 DAGs
[2026-08-08T18:17:13.139+0000] {logging_mixin.py:190} INFO - [2026-08-08T18:17:13.139+0000] {dag.py:4138} INFO - Setting next_dagrun for example_branch_python_operator_decorator to 2026-08-07 00:00:00+00:00, run_after=2026-08-08 00:00:00+00:00
[2026-08-08T18:17:13.168+0000] {processor.py:208} INFO - Processing /home/airflow/.local/lib/python3.12/site-packages/airflow/example_dags/example_branch_operator_decorator.py took 0.233 seconds
[2026-08-08T18:17:43.277+0000] {processor.py:186} INFO - Started process (PID=181) to work on /home/airflow/.local/lib/python3.12/site-packages/airflow/example_dags/example_branch_operator_decorator.py
[2026-08-08T18:17:43.278+0000] {processor.py:914} INFO - Processing file /home/airflow/.local/lib/python3.12/site-packages/airflow/example_dags/example_branch_operator_decorator.py for tasks to queue
[2026-08-08T18:17:43.281+0000] {logging_mixin.py:190} INFO - [2026-08-08T18:17:43.281+0000] {dagbag.py:587} INFO - Filling up the DagBag from /home/airflow/.local/lib/python3.12/site-packages/airflow/example_dags/example_branch_operator_decorator.py
[2026-08-08T18:17:43.301+0000] {processor.py:925} INFO - DAG(s) 'example_branch_python_operator_decorator' retrieved from /home/airflow/.local/lib/python3.12/site-packages/airflow/example_dags/example_branch_operator_decorator.py
[2026-08-08T18:17:43.327+0000] {logging_mixin.py:190} INFO - [2026-08-08T18:17:43.327+0000] {dag.py:3211} INFO - Sync 1 DAGs
[2026-08-08T18:17:43.355+0000] {logging_mixin.py:190} INFO - [2026-08-08T18:17:43.355+0000] {dag.py:4138} INFO - Setting next_dagrun for example_branch_python_operator_decorator to 2026-08-07 00:00:00+00:00, run_after=2026-08-08 00:00:00+00:00
[2026-08-08T18:17:43.379+0000] {processor.py:208} INFO - Processing /home/airflow/.local/lib/python3.12/site-packages/airflow/example_dags/example_branch_operator_decorator.py took 0.107 seconds
[2026-08-08T18:18:14.098+0000] {processor.py:186} INFO - Started process (PID=243) to work on /home/airflow/.local/lib/python3.12/site-packages/airflow/example_dags/example_branch_operator_decorator.py
[2026-08-08T18:18:14.099+0000] {processor.py:914} INFO - Processing file /home/airflow/.local/lib/python3.12/site-packages/airflow/example_dags/example_branch_operator_decorator.py for tasks to queue
[2026-08-08T18:18:14.102+0000] {logging_mixin.py:190} INFO - [2026-08-08T18:18:14.102+0000] {dagbag.py:587} INFO - Filling up the DagBag from /home/airflow/.local/lib/python3.12/site-packages/airflow/example_dags/example_branch_operator_decorator.py
[2026-08-08T18:18:14.128+0000] {processor.py:925} INFO - DAG(s) 'example_branch_python_operator_decorator' retrieved from /home/airflow/.local/lib/python3.12/site-packages/airflow/example_dags/example_branch_operator_decorator.py
[2026-08-08T18:18:14.155+0000] {logging_mixin.py:190} INFO - [2026-08-08T18:18:14.155+0000] {dag.py:3211} INFO - Sync 1 DAGs
[2026-08-08T18:18:14.180+0000] {logging_mixin.py:190} INFO - [2026-08-08T18:18:14.180+0000] {dag.py:4138} INFO - Setting next_dagrun for example_branch_python_operator_decorator to 2026-08-07 00:00:00+00:00, run_after=2026-08-08 00:00:00+00:00
[2026-08-08T18:18:14.206+0000] {processor.py:208} INFO - Processing /home/airflow/.local/lib/python3.12/site-packages/airflow/example_dags/example_branch_operator_decorator.py took 0.116 seconds
[2026-08-08T18:18:44.653+0000] {processor.py:186} INFO - Started process (PID=307) to work on /home/airflow/.local/lib/python3.12/site-packages/airflow/example_dags/example_branch_operator_decorator.py
[2026-08-08T18:18:44.654+0000] {processor.py:914} INFO - Processing file /home/airflow/.local/lib/python3.12/site-packages/airflow/example_dags/example_branch_operator_decorator.py for tasks to queue
[2026-08-08T18:18:44.657+0000] {logging_mixin.py:190} INFO - [2026-08-08T18:18:44.657+0000] {dagbag.py:587} INFO - Filling up the DagBag from /home/airflow/.local/lib/python3.12/site-packages/airflow/example_dags/example_branch_operator_decorator.py
[2026-08-08T18:18:44.685+0000] {processor.py:925} INFO - DAG(s) 'example_branch_python_operator_decorator' retrieved from /home/airflow/.local/lib/python3.12/site-packages/airflow/example_dags/example_branch_operator_decorator.py
[2026-08-08T18:18:44.714+0000] {logging_mixin.py:190} INFO - [2026-08-08T18:18:44.714+0000] {dag.py:3211} INFO - Sync 1 DAGs
[2026-08-08T18:18:44.740+0000] {logging_mixin.py:190} INFO - [2026-08-08T18:18:44.740+0000] {dag.py:4138} INFO - Setting next_dagrun for example_branch_python_operator_decorator to 2026-08-07 00:00:00+00:00, run_after=2026-08-08 00:00:00+00:00
[2026-08-08T18:18:44.768+0000] {processor.py:208} INFO - Processing /home/airflow/.local/lib/python3.12/site-packages/airflow/example_dags/example_branch_operator_decorator.py took 0.122 seconds
[2026-08-08T18:19:15.507+0000] {processor.py:186} INFO - Started process (PID=370) to work on /home/airflow/.local/lib/python3.12/site-packages/airflow/example_dags/example_branch_operator_decorator.py
[2026-08-08T18:19:15.509+0000] {processor.py:914} INFO - Processing file /home/airflow/.local/lib/python3.12/site-packages/airflow/example_dags/example_branch_operator_decorator.py for tasks to queue
[2026-08-08T18:19:15.513+0000] {logging_mixin.py:190} INFO - [2026-08-08T18:19:15.512+0000] {dagbag.py:587} INFO - Filling up the DagBag from /home/airflow/.local/lib/python3.12/site-packages/airflow/example_dags/example_branch_operator_decorator.py
[2026-08-08T18:19:15.537+0000] {processor.py:925} INFO - DAG(s) 'example_branch_python_operator_decorator' retrieved from /home/airflow/.local/lib/python3.12/site-packages/airflow/example_dags/example_branch_operator_decorator.py
[2026-08-08T18:19:15.578+0000] {logging_mixin.py:190} INFO - [2026-08-08T18:19:15.578+0000] {dag.py:3211} INFO - Sync 1 DAGs
[2026-08-08T18:19:15.620+0000] {logging_mixin.py:190} INFO - [2026-08-08T18:19:15.619+0000] {dag.py:4138} INFO - Setting next_dagrun for example_branch_python_operator_decorator to 2026-08-07 00:00:00+00:00, run_after=2026-08-08 00:00:00+00:00
[2026-08-08T18:19:15.649+0000] {processor.py:208} INFO - Processing /home/airflow/.local/lib/python3.12/site-packages/airflow/example_dags/example_branch_operator_decorator.py took 0.149 seconds
[2026-08-08T18:24:01.990+0000] {processor.py:186} INFO - Started process (PID=433) to work on /home/airflow/.local/lib/python3.12/site-packages/airflow/example_dags/example_branch_operator_decorator.py
[2026-08-08T18:24:02.060+0000] {processor.py:914} INFO - Processing file /home/airflow/.local/lib/python3.12/site-packages/airflow/example_dags/example_branch_operator_decorator.py for tasks to queue
[2026-08-08T18:24:02.063+0000] {logging_mixin.py:190} INFO - [2026-08-08T18:24:02.063+0000] {dagbag.py:587} INFO - Filling up the DagBag from /home/airflow/.local/lib/python3.12/site-packages/airflow/example_dags/example_branch_operator_decorator.py
[2026-08-08T18:24:02.089+0000] {processor.py:925} INFO - DAG(s) 'example_branch_python_operator_decorator' retrieved from /home/airflow/.local/lib/python3.12/site-packages/airflow/example_dags/example_branch_operator_decorator.py
[2026-08-08T18:24:02.136+0000] {logging_mixin.py:190} INFO - [2026-08-08T18:24:02.135+0000] {dag.py:3211} INFO - Sync 1 DAGs
[2026-08-08T18:24:02.182+0000] {logging_mixin.py:190} INFO - [2026-08-08T18:24:02.182+0000] {dag.py:4138} INFO - Setting next_dagrun for example_branch_python_operator_decorator to 2026-08-07 00:00:00+00:00, run_after=2026-08-08 00:00:00+00:00
[2026-08-08T18:24:02.217+0000] {processor.py:208} INFO - Processing /home/airflow/.local/lib/python3.12/site-packages/airflow/example_dags/example_branch_operator_decorator.py took 0.232 seconds
[2026-08-08T18:24:33.163+0000] {processor.py:186} INFO - Started process (PID=496) to work on /home/airflow/.local/lib/python3.12/site-packages/airflow/example_dags/example_branch_operator_decorator.py
[2026-08-08T18:24:33.164+0000] {processor.py:914} INFO - Processing file /home/airflow/.local/lib/python3.12/site-packages/airflow/example_dags/example_branch_operator_decorator.py for tasks to queue
[2026-08-08T18:24:33.168+0000] {logging_mixin.py:190} INFO - [2026-08-08T18:24:33.168+0000] {dagbag.py:587} INFO - Filling up the DagBag from /home/airflow/.local/lib/python3.12/site-packages/airflow/example_dags/example_branch_operator_decorator.py
[2026-08-08T18:24:33.190+0000] {processor.py:925} INFO - DAG(s) 'example_branch_python_operator_decorator' retrieved from /home/airflow/.local/lib/python3.12/site-packages/airflow/example_dags/example_branch_operator_decorator.py
[2026-08-08T18:24:33.218+0000] {logging_mixin.py:190} INFO - [2026-08-08T18:24:33.218+0000] {dag.py:3211} INFO - Sync 1 DAGs
[2026-08-08T18:24:33.240+0000] {logging_mixin.py:190} INFO - [2026-08-08T18:24:33.240+0000] {dag.py:4138} INFO - Setting next_dagrun for example_branch_python_operator_decorator to 2026-08-07 00:00:00+00:00, run_after=2026-08-08 00:00:00+00:00
[2026-08-08T18:24:33.263+0000] {processor.py:208} INFO - Processing /home/airflow/.local/lib/python3.12/site-packages/airflow/example_dags/example_branch_operator_decorator.py took 0.107 seconds
[2026-08-08T18:25:03.746+0000] {processor.py:186} INFO - Started process (PID=559) to work on /home/airflow/.local/lib/python3.12/site-packages/airflow/example_dags/example_branch_operator_decorator.py
[2026-08-08T18:25:03.748+0000] {processor.py:914} INFO - Processing file /home/airflow/.local/lib/python3.12/site-packages/airflow/example_dags/example_branch_operator_decorator.py for tasks to queue
[2026-08-08T18:25:03.752+0000] {logging_mixin.py:190} INFO - [2026-08-08T18:25:03.751+0000] {dagbag.py:587} INFO - Filling up the DagBag from /home/airflow/.local/lib/python3.12/site-packages/airflow/example_dags/example_branch_operator_decorator.py
[2026-08-08T18:25:03.774+0000] {processor.py:925} INFO - DAG(s) 'example_branch_python_operator_decorator' retrieved from /home/airflow/.local/lib/python3.12/site-packages/airflow/example_dags/example_branch_operator_decorator.py
[2026-08-08T18:25:03.804+0000] {logging_mixin.py:190} INFO - [2026-08-08T18:25:03.804+0000] {dag.py:3211} INFO - Sync 1 DAGs
[2026-08-08T18:25:03.833+0000] {logging_mixin.py:190} INFO - [2026-08-08T18:25:03.833+0000] {dag.py:4138} INFO - Setting next_dagrun for example_branch_python_operator_decorator to 2026-08-07 00:00:00+00:00, run_after=2026-08-08 00:00:00+00:00
[2026-08-08T18:25:03.864+0000] {processor.py:208} INFO - Processing /home/airflow/.local/lib/python3.12/site-packages/airflow/example_dags/example_branch_operator_decorator.py took 0.125 seconds
[2026-08-08T18:25:34.307+0000] {processor.py:186} INFO - Started process (PID=622) to work on /home/airflow/.local/lib/python3.12/site-packages/airflow/example_dags/example_branch_operator_decorator.py
[2026-08-08T18:25:34.308+0000] {processor.py:914} INFO - Processing file /home/airflow/.local/lib/python3.12/site-packages/airflow/example_dags/example_branch_operator_decorator.py for tasks to queue
[2026-08-08T18:25:34.311+0000] {logging_mixin.py:190} INFO - [2026-08-08T18:25:34.311+0000] {dagbag.py:587} INFO - Filling up the DagBag from /home/airflow/.local/lib/python3.12/site-packages/airflow/example_dags/example_branch_operator_decorator.py
[2026-08-08T18:25:34.338+0000] {processor.py:925} INFO - DAG(s) 'example_branch_python_operator_decorator' retrieved from /home/airflow/.local/lib/python3.12/site-packages/airflow/example_dags/example_branch_operator_decorator.py
[2026-08-08T18:25:34.372+0000] {logging_mixin.py:190} INFO - [2026-08-08T18:25:34.372+0000] {dag.py:3211} INFO - Sync 1 DAGs
[2026-08-08T18:25:34.401+0000] {logging_mixin.py:190} INFO - [2026-08-08T18:25:34.401+0000] {dag.py:4138} INFO - Setting next_dagrun for example_branch_python_operator_decorator to 2026-08-07 00:00:00+00:00, run_after=2026-08-08 00:00:00+00:00
[2026-08-08T18:25:34.425+0000] {processor.py:208} INFO - Processing /home/airflow/.local/lib/python3.12/site-packages/airflow/example_dags/example_branch_operator_decorator.py took 0.125 seconds
[2026-08-08T18:26:04.861+0000] {processor.py:186} INFO - Started process (PID=686) to work on /home/airflow/.local/lib/python3.12/site-packages/airflow/example_dags/example_branch_operator_decorator.py
[2026-08-08T18:26:04.864+0000] {processor.py:914} INFO - Processing file /home/airflow/.local/lib/python3.12/site-packages/airflow/example_dags/example_branch_operator_decorator.py for tasks to queue
[2026-08-08T18:26:04.867+0000] {logging_mixin.py:190} INFO - [2026-08-08T18:26:04.866+0000] {dagbag.py:587} INFO - Filling up the DagBag from /home/airflow/.local/lib/python3.12/site-packages/airflow/example_dags/example_branch_operator_decorator.py
[2026-08-08T18:26:04.886+0000] {processor.py:925} INFO - DAG(s) 'example_branch_python_operator_decorator' retrieved from /home/airflow/.local/lib/python3.12/site-packages/airflow/example_dags/example_branch_operator_decorator.py
[2026-08-08T18:26:04.928+0000] {logging_mixin.py:190} INFO - [2026-08-08T18:26:04.927+0000] {dag.py:3211} INFO - Sync 1 DAGs
[2026-08-08T18:26:04.953+0000] {logging_mixin.py:190} INFO - [2026-08-08T18:26:04.953+0000] {dag.py:4138} INFO - Setting next_dagrun for example_branch_python_operator_decorator to 2026-08-07 00:00:00+00:00, run_after=2026-08-08 00:00:00+00:00
[2026-08-08T18:26:04.975+0000] {processor.py:208} INFO - Processing /home/airflow/.local/lib/python3.12/site-packages/airflow/example_dags/example_branch_operator_decorator.py took 0.120 seconds
[2026-08-08T18:26:35.693+0000] {processor.py:186} INFO - Started process (PID=749) to work on /home/airflow/.local/lib/python3.12/site-packages/airflow/example_dags/example_branch_operator_decorator.py
[2026-08-08T18:26:35.694+0000] {processor.py:914} INFO - Processing file /home/airflow/.local/lib/python3.12/site-packages/airflow/example_dags/example_branch_operator_decorator.py for tasks to queue
[2026-08-08T18:26:35.697+0000] {logging_mixin.py:190} INFO - [2026-08-08T18:26:35.697+0000] {dagbag.py:587} INFO - Filling up the DagBag from /home/airflow/.local/lib/python3.12/site-packages/airflow/example_dags/example_branch_operator_decorator.py
[2026-08-08T18:26:35.716+0000] {processor.py:925} INFO - DAG(s) 'example_branch_python_operator_decorator' retrieved from /home/airflow/.local/lib/python3.12/site-packages/airflow/example_dags/example_branch_operator_decorator.py
[2026-08-08T18:26:35.743+0000] {logging_mixin.py:190} INFO - [2026-08-08T18:26:35.743+0000] {dag.py:3211} INFO - Sync 1 DAGs
[2026-08-08T18:26:35.765+0000] {logging_mixin.py:190} INFO - [2026-08-08T18:26:35.765+0000] {dag.py:4138} INFO - Setting next_dagrun for example_branch_python_operator_decorator to 2026-08-07 00:00:00+00:00, run_after=2026-08-08 00:00:00+00:00
[2026-08-08T18:26:35.787+0000] {processor.py:208} INFO - Processing /home/airflow/.local/lib/python3.12/site-packages/airflow/example_dags/example_branch_operator_decorator.py took 0.100 seconds
