[2026-08-08T17:25:10.572+0000] {processor.py:186} INFO - Started process (PID=94) to work on /home/airflow/.local/lib/python3.12/site-packages/airflow/example_dags/example_branch_operator.py
[2026-08-08T17:25:10.575+0000] {processor.py:914} INFO - Processing file /home/airflow/.local/lib/python3.12/site-packages/airflow/example_dags/example_branch_operator.py for tasks to queue
[2026-08-08T17:25:10.579+0000] {logging_mixin.py:190} INFO - [2026-08-08T17:25:10.579+0000] {dagbag.py:587} INFO - Filling up the DagBag from /home/airflow/.local/lib/python3.12/site-packages/airflow/example_dags/example_branch_operator.py
[2026-08-08T17:25:10.604+0000] {processor.py:925} INFO - DAG(s) 'example_branch_operator' retrieved from /home/airflow/.local/lib/python3.12/site-packages/airflow/example_dags/example_branch_operator.py
[2026-08-08T17:25:10.758+0000] {logging_mixin.py:190} INFO - [2026-08-08T17:25:10.757+0000] {override.py:1858} INFO - Created Permission View: can delete on DAG:example_branch_operator
[2026-08-08T17:25:10.770+0000] {logging_mixin.py:190} INFO - [2026-08-08T17:25:10.769+0000] {override.py:1858} INFO - Created Permission View: can edit on DAG:example_branch_operator
[2026-08-08T17:25:10.782+0000] {logging_mixin.py:190} INFO - [2026-08-08T17:25:10.781+0000] {override.py:1858} INFO - Created Permission View: can read on DAG:example_branch_operator
[2026-08-08T17:25:10.783+0000] {logging_mixin.py:190} INFO - [2026-08-08T17:25:10.782+0000] {dag.py:3211} INFO - Sync 1 DAGs
[2026-08-08T17:25:10.798+0000] {logging_mixin.py:190} INFO - [2026-08-08T17:25:10.798+0000] {dag.py:3234} INFO - Creating ORM DAG for example_branch_operator
[2026-08-08T17:25:10.810+0000] {logging_mixin.py:190} INFO - [2026-08-08T17:25:10.810+0000] {dag.py:4138} INFO - Setting next_dagrun for example_branch_operator to 2026-08-07 00:00:00+00:00, run_after=2026-08-08 00:00:00+00:00
[2026-08-08T17:25:10.833+0000] {processor.py:208} INFO - Processing /home/airflow/.local/lib/python3.12/site-packages/airflow/example_dags/example_branch_operator.py took 0.268 seconds
[2026-08-08T17:25:41.390+0000] {processor.py:186} INFO - Started process (PID=157) to work on /home/airflow/.local/lib/python3.12/site-packages/airflow/example_dags/example_branch_operator.py
[2026-08-08T17:25:41.391+0000] {processor.py:914} INFO - Processing file /home/airflow/.local/lib/python3.12/site-packages/airflow/example_dags/example_branch_operator.py for tasks to queue
[2026-08-08T17:25:41.393+0000] {logging_mixin.py:190} INFO - [2026-08-08T17:25:41.393+0000] {dagbag.py:587} INFO - Filling up the DagBag from /home/airflow/.local/lib/python3.12/site-packages/airflow/example_dags/example_branch_operator.py
[2026-08-08T17:25:41.408+0000] {processor.py:925} INFO - DAG(s) 'example_branch_operator' retrieved from /home/airflow/.local/lib/python3.12/site-packages/airflow/example_dags/example_branch_operator.py
[2026-08-08T17:25:41.433+0000] {logging_mixin.py:190} INFO - [2026-08-08T17:25:41.433+0000] {dag.py:3211} INFO - Sync 1 DAGs
[2026-08-08T17:25:41.450+0000] {logging_mixin.py:190} INFO - [2026-08-08T17:25:41.450+0000] {dag.py:4138} INFO - Setting next_dagrun for example_branch_operator to 2026-08-07 00:00:00+00:00, run_after=2026-08-08 00:00:00+00:00
[2026-08-08T17:25:41.490+0000] {processor.py:208} INFO - Processing /home/airflow/.local/lib/python3.12/site-packages/airflow/example_dags/example_branch_operator.py took 0.106 seconds
[2026-08-08T17:26:11.965+0000] {processor.py:186} INFO - Started process (PID=220) to work on /home/airflow/.local/lib/python3.12/site-packages/airflow/example_dags/example_branch_operator.py
[2026-08-08T17:26:11.968+0000] {processor.py:914} INFO - Processing file /home/airflow/.local/lib/python3.12/site-packages/airflow/example_dags/example_branch_operator.py for tasks to queue
[2026-08-08T17:26:11.972+0000] {logging_mixin.py:190} INFO - [2026-08-08T17:26:11.972+0000] {dagbag.py:587} INFO - Filling up the DagBag from /home/airflow/.local/lib/python3.12/site-packages/airflow/example_dags/example_branch_operator.py
[2026-08-08T17:26:12.008+0000] {processor.py:925} INFO - DAG(s) 'example_branch_operator' retrieved from /home/airflow/.local/lib/python3.12/site-packages/airflow/example_dags/example_branch_operator.py
[2026-08-08T17:26:12.043+0000] {logging_mixin.py:190} INFO - [2026-08-08T17:26:12.043+0000] {dag.py:3211} INFO - Sync 1 DAGs
[2026-08-08T17:26:12.066+0000] {logging_mixin.py:190} INFO - [2026-08-08T17:26:12.065+0000] {dag.py:4138} INFO - Setting next_dagrun for example_branch_operator to 2026-08-07 00:00:00+00:00, run_after=2026-08-08 00:00:00+00:00
[2026-08-08T17:26:12.084+0000] {processor.py:208} INFO - Processing /home/airflow/.local/lib/python3.12/site-packages/airflow/example_dags/example_branch_operator.py took 0.135 seconds
[2026-08-08T17:26:42.214+0000] {processor.py:186} INFO - Started process (PID=283) to work on /home/airflow/.local/lib/python3.12/site-packages/airflow/example_dags/example_branch_operator.py
[2026-08-08T17:26:42.215+0000] {processor.py:914} INFO - Processing file /home/airflow/.local/lib/python3.12/site-packages/airflow/example_dags/example_branch_operator.py for tasks to queue
[2026-08-08T17:26:42.217+0000] {logging_mixin.py:190} INFO - [2026-08-08T17:26:42.217+0000] {dagbag.py:587} INFO - Filling up the DagBag from /home/airflow/.local/lib/python3.12/site-packages/airflow/example_dags/example_branch_operator.py
[2026-08-08T17:26:42.232+0000] {processor.py:925} INFO - DAG(s) 'example_branch_operator' retrieved from /home/airflow/.local/lib/python3.12/site-packages/airflow/example_dags/example_branch_operator.py
[2026-08-08T17:26:42.259+0000] {logging_mixin.py:190} INFO - [2026-08-08T17:26:42.259+0000] {dag.py:3211} INFO - Sync 1 DAGs
[2026-08-08T17:26:42.280+0000] {logging_mixin.py:190} INFO - [2026-08-08T17:26:42.280+0000] {dag.py:4138} INFO - Setting next_dagrun for example_branch_operator to 2026-08-07 00:00:00+00:00, run_after=2026-08-08 00:00:00+00:00
[2026-08-08T17:26:42.327+0000] {processor.py:208} INFO - Processing /home/airflow/.local/lib/python3.12/site-packages/airflow/example_dags/example_branch_operator.py took 0.118 seconds
[2026-08-08T17:27:12.764+0000] {processor.py:186} INFO - Started process (PID=346) to work on /home/airflow/.local/lib/python3.12/site-packages/airflow/example_dags/example_branch_operator.py
[2026-08-08T17:27:12.765+0000] {processor.py:914} INFO - Processing file /home/airflow/.local/lib/python3.12/site-packages/airflow/example_dags/example_branch_operator.py for tasks to queue
[2026-08-08T17:27:12.768+0000] {logging_mixin.py:190} INFO - [2026-08-08T17:27:12.767+0000] {dagbag.py:587} INFO - Filling up the DagBag from /home/airflow/.local/lib/python3.12/site-packages/airflow/example_dags/example_branch_operator.py
[2026-08-08T17:27:12.784+0000] {processor.py:925} INFO - DAG(s) 'example_branch_operator' retrieved from /home/airflow/.local/lib/python3.12/site-packages/airflow/example_dags/example_branch_operator.py
[2026-08-08T17:27:12.806+0000] {logging_mixin.py:190} INFO - [2026-08-08T17:27:12.806+0000] {dag.py:3211} INFO - Sync 1 DAGs
[2026-08-08T17:27:12.831+0000] {logging_mixin.py:190} INFO - [2026-08-08T17:27:12.831+0000] {dag.py:4138} INFO - Setting next_dagrun for example_branch_operator to 2026-08-07 00:00:00+00:00, run_after=2026-08-08 00:00:00+00:00
[2026-08-08T17:27:12.849+0000] {processor.py:208} INFO - Processing /home/airflow/.local/lib/python3.12/site-packages/airflow/example_dags/example_branch_operator.py took 0.093 seconds
[2026-08-08T17:27:43.277+0000] {processor.py:186} INFO - Started process (PID=409) to work on /home/airflow/.local/lib/python3.12/site-packages/airflow/example_dags/example_branch_operator.py
[2026-08-08T17:27:43.278+0000] {processor.py:914} INFO - Processing file /home/airflow/.local/lib/python3.12/site-packages/airflow/example_dags/example_branch_operator.py for tasks to queue
[2026-08-08T17:27:43.280+0000] {logging_mixin.py:190} INFO - [2026-08-08T17:27:43.280+0000] {dagbag.py:587} INFO - Filling up the DagBag from /home/airflow/.local/lib/python3.12/site-packages/airflow/example_dags/example_branch_operator.py
[2026-08-08T17:27:43.297+0000] {processor.py:925} INFO - DAG(s) 'example_branch_operator' retrieved from /home/airflow/.local/lib/python3.12/site-packages/airflow/example_dags/example_branch_operator.py
[2026-08-08T17:27:43.323+0000] {logging_mixin.py:190} INFO - [2026-08-08T17:27:43.323+0000] {dag.py:3211} INFO - Sync 1 DAGs
[2026-08-08T17:27:43.342+0000] {logging_mixin.py:190} INFO - [2026-08-08T17:27:43.342+0000] {dag.py:4138} INFO - Setting next_dagrun for example_branch_operator to 2026-08-07 00:00:00+00:00, run_after=2026-08-08 00:00:00+00:00
[2026-08-08T17:27:43.360+0000] {processor.py:208} INFO - Processing /home/airflow/.local/lib/python3.12/site-packages/airflow/example_dags/example_branch_operator.py took 0.089 seconds
[2026-08-08T17:28:13.747+0000] {processor.py:186} INFO - Started process (PID=472) to work on /home/airflow/.local/lib/python3.12/site-packages/airflow/example_dags/example_branch_operator.py
[2026-08-08T17:28:13.748+0000] {processor.py:914} INFO - Processing file /home/airflow/.local/lib/python3.12/site-packages/airflow/example_dags/example_branch_operator.py for tasks to queue
[2026-08-08T17:28:13.750+0000] {logging_mixin.py:190} INFO - [2026-08-08T17:28:13.750+0000] {dagbag.py:587} INFO - Filling up the DagBag from /home/airflow/.local/lib/python3.12/site-packages/airflow/example_dags/example_branch_operator.py
[2026-08-08T17:28:13.767+0000] {processor.py:925} INFO - DAG(s) 'example_branch_operator' retrieved from /home/airflow/.local/lib/python3.12/site-packages/airflow/example_dags/example_branch_operator.py
[2026-08-08T17:28:13.800+0000] {logging_mixin.py:190} INFO - [2026-08-08T17:28:13.800+0000] {dag.py:3211} INFO - Sync 1 DAGs
[2026-08-08T17:28:13.829+0000] {logging_mixin.py:190} INFO - [2026-08-08T17:28:13.829+0000] {dag.py:4138} INFO - Setting next_dagrun for example_branch_operator to 2026-08-07 00:00:00+00:00, run_after=2026-08-08 00:00:00+00:00
[2026-08-08T17:28:13.852+0000] {processor.py:208} INFO - Processing /home/airflow/.local/lib/python3.12/site-packages/airflow/example_dags/example_branch_operator.py took 0.114 seconds
[2026-08-08T17:28:44.632+0000] {processor.py:186} INFO - Started process (PID=535) to work on /home/airflow/.local/lib/python3.12/site-packages/airflow/example_dags/example_branch_operator.py
[2026-08-08T17:28:44.634+0000] {processor.py:914} INFO - Processing file /home/airflow/.local/lib/python3.12/site-packages/airflow/example_dags/example_branch_operator.py for tasks to queue
[2026-08-08T17:28:44.643+0000] {logging_mixin.py:190} INFO - [2026-08-08T17:28:44.641+0000] {dagbag.py:587} INFO - Filling up the DagBag from /home/airflow/.local/lib/python3.12/site-packages/airflow/example_dags/example_branch_operator.py
[2026-08-08T17:28:44.671+0000] {processor.py:925} INFO - DAG(s) 'example_branch_operator' retrieved from /home/airflow/.local/lib/python3.12/site-packages/airflow/example_dags/example_branch_operator.py
[2026-08-08T17:28:44.697+0000] {logging_mixin.py:190} INFO - [2026-08-08T17:28:44.697+0000] {dag.py:3211} INFO - Sync 1 DAGs
[2026-08-08T17:28:44.722+0000] {logging_mixin.py:190} INFO - [2026-08-08T17:28:44.722+0000] {dag.py:4138} INFO - Setting next_dagrun for example_branch_operator to 2026-08-07 00:00:00+00:00, run_after=2026-08-08 00:00:00+00:00
[2026-08-08T17:28:44.747+0000] {processor.py:208} INFO - Processing /home/airflow/.local/lib/python3.12/site-packages/airflow/example_dags/example_branch_operator.py took 0.133 seconds
[2026-08-08T17:29:14.876+0000] {processor.py:186} INFO - Started process (PID=598) to work on /home/airflow/.local/lib/python3.12/site-packages/airflow/example_dags/example_branch_operator.py
[2026-08-08T17:29:14.877+0000] {processor.py:914} INFO - Processing file /home/airflow/.local/lib/python3.12/site-packages/airflow/example_dags/example_branch_operator.py for tasks to queue
[2026-08-08T17:29:14.881+0000] {logging_mixin.py:190} INFO - [2026-08-08T17:29:14.880+0000] {dagbag.py:587} INFO - Filling up the DagBag from /home/airflow/.local/lib/python3.12/site-packages/airflow/example_dags/example_branch_operator.py
[2026-08-08T17:29:14.896+0000] {processor.py:925} INFO - DAG(s) 'example_branch_operator' retrieved from /home/airflow/.local/lib/python3.12/site-packages/airflow/example_dags/example_branch_operator.py
[2026-08-08T17:29:14.924+0000] {logging_mixin.py:190} INFO - [2026-08-08T17:29:14.924+0000] {dag.py:3211} INFO - Sync 1 DAGs
[2026-08-08T17:29:14.949+0000] {logging_mixin.py:190} INFO - [2026-08-08T17:29:14.949+0000] {dag.py:4138} INFO - Setting next_dagrun for example_branch_operator to 2026-08-07 00:00:00+00:00, run_after=2026-08-08 00:00:00+00:00
[2026-08-08T17:29:14.967+0000] {processor.py:208} INFO - Processing /home/airflow/.local/lib/python3.12/site-packages/airflow/example_dags/example_branch_operator.py took 0.096 seconds
[2026-08-08T17:29:45.136+0000] {processor.py:186} INFO - Started process (PID=661) to work on /home/airflow/.local/lib/python3.12/site-packages/airflow/example_dags/example_branch_operator.py
[2026-08-08T17:29:45.137+0000] {processor.py:914} INFO - Processing file /home/airflow/.local/lib/python3.12/site-packages/airflow/example_dags/example_branch_operator.py for tasks to queue
[2026-08-08T17:29:45.139+0000] {logging_mixin.py:190} INFO - [2026-08-08T17:29:45.139+0000] {dagbag.py:587} INFO - Filling up the DagBag from /home/airflow/.local/lib/python3.12/site-packages/airflow/example_dags/example_branch_operator.py
[2026-08-08T17:29:45.156+0000] {processor.py:925} INFO - DAG(s) 'example_branch_operator' retrieved from /home/airflow/.local/lib/python3.12/site-packages/airflow/example_dags/example_branch_operator.py
[2026-08-08T17:29:45.183+0000] {logging_mixin.py:190} INFO - [2026-08-08T17:29:45.183+0000] {dag.py:3211} INFO - Sync 1 DAGs
[2026-08-08T17:29:45.204+0000] {logging_mixin.py:190} INFO - [2026-08-08T17:29:45.204+0000] {dag.py:4138} INFO - Setting next_dagrun for example_branch_operator to 2026-08-07 00:00:00+00:00, run_after=2026-08-08 00:00:00+00:00
[2026-08-08T17:29:45.224+0000] {processor.py:208} INFO - Processing /home/airflow/.local/lib/python3.12/site-packages/airflow/example_dags/example_branch_operator.py took 0.094 seconds
[2026-08-08T17:30:16.059+0000] {processor.py:186} INFO - Started process (PID=724) to work on /home/airflow/.local/lib/python3.12/site-packages/airflow/example_dags/example_branch_operator.py
[2026-08-08T17:30:16.060+0000] {processor.py:914} INFO - Processing file /home/airflow/.local/lib/python3.12/site-packages/airflow/example_dags/example_branch_operator.py for tasks to queue
[2026-08-08T17:30:16.063+0000] {logging_mixin.py:190} INFO - [2026-08-08T17:30:16.063+0000] {dagbag.py:587} INFO - Filling up the DagBag from /home/airflow/.local/lib/python3.12/site-packages/airflow/example_dags/example_branch_operator.py
[2026-08-08T17:30:16.089+0000] {processor.py:925} INFO - DAG(s) 'example_branch_operator' retrieved from /home/airflow/.local/lib/python3.12/site-packages/airflow/example_dags/example_branch_operator.py
[2026-08-08T17:30:16.131+0000] {logging_mixin.py:190} INFO - [2026-08-08T17:30:16.131+0000] {dag.py:3211} INFO - Sync 1 DAGs
[2026-08-08T17:30:16.155+0000] {logging_mixin.py:190} INFO - [2026-08-08T17:30:16.155+0000] {dag.py:4138} INFO - Setting next_dagrun for example_branch_operator to 2026-08-07 00:00:00+00:00, run_after=2026-08-08 00:00:00+00:00
[2026-08-08T17:30:16.181+0000] {processor.py:208} INFO - Processing /home/airflow/.local/lib/python3.12/site-packages/airflow/example_dags/example_branch_operator.py took 0.129 seconds
[2026-08-08T17:30:46.586+0000] {processor.py:186} INFO - Started process (PID=787) to work on /home/airflow/.local/lib/python3.12/site-packages/airflow/example_dags/example_branch_operator.py
[2026-08-08T17:30:46.588+0000] {processor.py:914} INFO - Processing file /home/airflow/.local/lib/python3.12/site-packages/airflow/example_dags/example_branch_operator.py for tasks to queue
[2026-08-08T17:30:46.590+0000] {logging_mixin.py:190} INFO - [2026-08-08T17:30:46.589+0000] {dagbag.py:587} INFO - Filling up the DagBag from /home/airflow/.local/lib/python3.12/site-packages/airflow/example_dags/example_branch_operator.py
[2026-08-08T17:30:46.604+0000] {processor.py:925} INFO - DAG(s) 'example_branch_operator' retrieved from /home/airflow/.local/lib/python3.12/site-packages/airflow/example_dags/example_branch_operator.py
[2026-08-08T17:30:46.625+0000] {logging_mixin.py:190} INFO - [2026-08-08T17:30:46.625+0000] {dag.py:3211} INFO - Sync 1 DAGs
[2026-08-08T17:30:46.643+0000] {logging_mixin.py:190} INFO - [2026-08-08T17:30:46.643+0000] {dag.py:4138} INFO - Setting next_dagrun for example_branch_operator to 2026-08-07 00:00:00+00:00, run_after=2026-08-08 00:00:00+00:00
[2026-08-08T17:30:46.663+0000] {processor.py:208} INFO - Processing /home/airflow/.local/lib/python3.12/site-packages/airflow/example_dags/example_branch_operator.py took 0.081 seconds
[2026-08-08T17:31:17.141+0000] {processor.py:186} INFO - Started process (PID=850) to work on /home/airflow/.local/lib/python3.12/site-packages/airflow/example_dags/example_branch_operator.py
[2026-08-08T17:31:17.143+0000] {processor.py:914} INFO - Processing file /home/airflow/.local/lib/python3.12/site-packages/airflow/example_dags/example_branch_operator.py for tasks to queue
[2026-08-08T17:31:17.152+0000] {logging_mixin.py:190} INFO - [2026-08-08T17:31:17.151+0000] {dagbag.py:587} INFO - Filling up the DagBag from /home/airflow/.local/lib/python3.12/site-packages/airflow/example_dags/example_branch_operator.py
[2026-08-08T17:31:17.208+0000] {processor.py:925} INFO - DAG(s) 'example_branch_operator' retrieved from /home/airflow/.local/lib/python3.12/site-packages/airflow/example_dags/example_branch_operator.py
[2026-08-08T17:31:17.252+0000] {logging_mixin.py:190} INFO - [2026-08-08T17:31:17.251+0000] {dag.py:3211} INFO - Sync 1 DAGs
[2026-08-08T17:31:17.314+0000] {logging_mixin.py:190} INFO - [2026-08-08T17:31:17.314+0000] {dag.py:4138} INFO - Setting next_dagrun for example_branch_operator to 2026-08-07 00:00:00+00:00, run_after=2026-08-08 00:00:00+00:00
[2026-08-08T17:31:17.354+0000] {processor.py:208} INFO - Processing /home/airflow/.local/lib/python3.12/site-packages/airflow/example_dags/example_branch_operator.py took 0.251 seconds
[2026-08-08T17:31:47.507+0000] {processor.py:186} INFO - Started process (PID=913) to work on /home/airflow/.local/lib/python3.12/site-packages/airflow/example_dags/example_branch_operator.py
[2026-08-08T17:31:47.508+0000] {processor.py:914} INFO - Processing file /home/airflow/.local/lib/python3.12/site-packages/airflow/example_dags/example_branch_operator.py for tasks to queue
[2026-08-08T17:31:47.511+0000] {logging_mixin.py:190} INFO - [2026-08-08T17:31:47.511+0000] {dagbag.py:587} INFO - Filling up the DagBag from /home/airflow/.local/lib/python3.12/site-packages/airflow/example_dags/example_branch_operator.py
[2026-08-08T17:31:47.529+0000] {processor.py:925} INFO - DAG(s) 'example_branch_operator' retrieved from /home/airflow/.local/lib/python3.12/site-packages/airflow/example_dags/example_branch_operator.py
[2026-08-08T17:31:47.559+0000] {logging_mixin.py:190} INFO - [2026-08-08T17:31:47.559+0000] {dag.py:3211} INFO - Sync 1 DAGs
[2026-08-08T17:31:47.583+0000] {logging_mixin.py:190} INFO - [2026-08-08T17:31:47.583+0000] {dag.py:4138} INFO - Setting next_dagrun for example_branch_operator to 2026-08-07 00:00:00+00:00, run_after=2026-08-08 00:00:00+00:00
[2026-08-08T17:31:47.603+0000] {processor.py:208} INFO - Processing /home/airflow/.local/lib/python3.12/site-packages/airflow/example_dags/example_branch_operator.py took 0.102 seconds
[2026-08-08T17:32:18.054+0000] {processor.py:186} INFO - Started process (PID=976) to work on /home/airflow/.local/lib/python3.12/site-packages/airflow/example_dags/example_branch_operator.py
[2026-08-08T17:32:18.055+0000] {processor.py:914} INFO - Processing file /home/airflow/.local/lib/python3.12/site-packages/airflow/example_dags/example_branch_operator.py for tasks to queue
[2026-08-08T17:32:18.057+0000] {logging_mixin.py:190} INFO - [2026-08-08T17:32:18.057+0000] {dagbag.py:587} INFO - Filling up the DagBag from /home/airflow/.local/lib/python3.12/site-packages/airflow/example_dags/example_branch_operator.py
[2026-08-08T17:32:18.073+0000] {processor.py:925} INFO - DAG(s) 'example_branch_operator' retrieved from /home/airflow/.local/lib/python3.12/site-packages/airflow/example_dags/example_branch_operator.py
[2026-08-08T17:32:18.097+0000] {logging_mixin.py:190} INFO - [2026-08-08T17:32:18.096+0000] {dag.py:3211} INFO - Sync 1 DAGs
[2026-08-08T17:32:18.118+0000] {logging_mixin.py:190} INFO - [2026-08-08T17:32:18.118+0000] {dag.py:4138} INFO - Setting next_dagrun for example_branch_operator to 2026-08-07 00:00:00+00:00, run_after=2026-08-08 00:00:00+00:00
[2026-08-08T17:32:18.136+0000] {processor.py:208} INFO - Processing /home/airflow/.local/lib/python3.12/site-packages/airflow/example_dags/example_branch_operator.py took 0.088 seconds
[2026-08-08T17:32:48.394+0000] {processor.py:186} INFO - Started process (PID=1039) to work on /home/airflow/.local/lib/python3.12/site-packages/airflow/example_dags/example_branch_operator.py
[2026-08-08T17:32:48.396+0000] {processor.py:914} INFO - Processing file /home/airflow/.local/lib/python3.12/site-packages/airflow/example_dags/example_branch_operator.py for tasks to queue
[2026-08-08T17:32:48.399+0000] {logging_mixin.py:190} INFO - [2026-08-08T17:32:48.399+0000] {dagbag.py:587} INFO - Filling up the DagBag from /home/airflow/.local/lib/python3.12/site-packages/airflow/example_dags/example_branch_operator.py
[2026-08-08T17:32:48.422+0000] {processor.py:925} INFO - DAG(s) 'example_branch_operator' retrieved from /home/airflow/.local/lib/python3.12/site-packages/airflow/example_dags/example_branch_operator.py
[2026-08-08T17:32:48.466+0000] {logging_mixin.py:190} INFO - [2026-08-08T17:32:48.465+0000] {dag.py:3211} INFO - Sync 1 DAGs
[2026-08-08T17:32:48.494+0000] {logging_mixin.py:190} INFO - [2026-08-08T17:32:48.493+0000] {dag.py:4138} INFO - Setting next_dagrun for example_branch_operator to 2026-08-07 00:00:00+00:00, run_after=2026-08-08 00:00:00+00:00
[2026-08-08T17:32:48.519+0000] {processor.py:208} INFO - Processing /home/airflow/.local/lib/python3.12/site-packages/airflow/example_dags/example_branch_operator.py took 0.132 seconds
[2026-08-08T17:33:19.087+0000] {processor.py:186} INFO - Started process (PID=1102) to work on /home/airflow/.local/lib/python3.12/site-packages/airflow/example_dags/example_branch_operator.py
[2026-08-08T17:33:19.089+0000] {processor.py:914} INFO - Processing file /home/airflow/.local/lib/python3.12/site-packages/airflow/example_dags/example_branch_operator.py for tasks to queue
[2026-08-08T17:33:19.092+0000] {logging_mixin.py:190} INFO - [2026-08-08T17:33:19.091+0000] {dagbag.py:587} INFO - Filling up the DagBag from /home/airflow/.local/lib/python3.12/site-packages/airflow/example_dags/example_branch_operator.py
[2026-08-08T17:33:19.111+0000] {processor.py:925} INFO - DAG(s) 'example_branch_operator' retrieved from /home/airflow/.local/lib/python3.12/site-packages/airflow/example_dags/example_branch_operator.py
[2026-08-08T17:33:19.139+0000] {logging_mixin.py:190} INFO - [2026-08-08T17:33:19.139+0000] {dag.py:3211} INFO - Sync 1 DAGs
[2026-08-08T17:33:19.161+0000] {logging_mixin.py:190} INFO - [2026-08-08T17:33:19.161+0000] {dag.py:4138} INFO - Setting next_dagrun for example_branch_operator to 2026-08-07 00:00:00+00:00, run_after=2026-08-08 00:00:00+00:00
[2026-08-08T17:33:19.180+0000] {processor.py:208} INFO - Processing /home/airflow/.local/lib/python3.12/site-packages/airflow/example_dags/example_branch_operator.py took 0.098 seconds
[2026-08-08T17:33:49.496+0000] {processor.py:186} INFO - Started process (PID=1165) to work on /home/airflow/.local/lib/python3.12/site-packages/airflow/example_dags/example_branch_operator.py
[2026-08-08T17:33:49.497+0000] {processor.py:914} INFO - Processing file /home/airflow/.local/lib/python3.12/site-packages/airflow/example_dags/example_branch_operator.py for tasks to queue
[2026-08-08T17:33:49.500+0000] {logging_mixin.py:190} INFO - [2026-08-08T17:33:49.499+0000] {dagbag.py:587} INFO - Filling up the DagBag from /home/airflow/.local/lib/python3.12/site-packages/airflow/example_dags/example_branch_operator.py
[2026-08-08T17:33:49.515+0000] {processor.py:925} INFO - DAG(s) 'example_branch_operator' retrieved from /home/airflow/.local/lib/python3.12/site-packages/airflow/example_dags/example_branch_operator.py
[2026-08-08T17:33:49.543+0000] {logging_mixin.py:190} INFO - [2026-08-08T17:33:49.542+0000] {dag.py:3211} INFO - Sync 1 DAGs
[2026-08-08T17:33:49.565+0000] {logging_mixin.py:190} INFO - [2026-08-08T17:33:49.565+0000] {dag.py:4138} INFO - Setting next_dagrun for example_branch_operator to 2026-08-07 00:00:00+00:00, run_after=2026-08-08 00:00:00+00:00
[2026-08-08T17:33:49.585+0000] {processor.py:208} INFO - Processing /home/airflow/.local/lib/python3.12/site-packages/airflow/example_dags/example_branch_operator.py took 0.094 seconds
[2026-08-08T17:34:19.858+0000] {processor.py:186} INFO - Started process (PID=1228) to work on /home/airflow/.local/lib/python3.12/site-packages/airflow/example_dags/example_branch_operator.py
[2026-08-08T17:34:19.860+0000] {processor.py:914} INFO - Processing file /home/airflow/.local/lib/python3.12/site-packages/airflow/example_dags/example_branch_operator.py for tasks to queue
[2026-08-08T17:34:19.862+0000] {logging_mixin.py:190} INFO - [2026-08-08T17:34:19.862+0000] {dagbag.py:587} INFO - Filling up the DagBag from /home/airflow/.local/lib/python3.12/site-packages/airflow/example_dags/example_branch_operator.py
[2026-08-08T17:34:19.878+0000] {processor.py:925} INFO - DAG(s) 'example_branch_operator' retrieved from /home/airflow/.local/lib/python3.12/site-packages/airflow/example_dags/example_branch_operator.py
[2026-08-08T17:34:19.905+0000] {logging_mixin.py:190} INFO - [2026-08-08T17:34:19.905+0000] {dag.py:3211} INFO - Sync 1 DAGs
[2026-08-08T17:34:19.928+0000] {logging_mixin.py:190} INFO - [2026-08-08T17:34:19.928+0000] {dag.py:4138} INFO - Setting next_dagrun for example_branch_operator to 2026-08-07 00:00:00+00:00, run_after=2026-08-08 00:00:00+00:00
[2026-08-08T17:34:19.944+0000] {processor.py:208} INFO - Processing /home/airflow/.local/lib/python3.12/site-packages/airflow/example_dags/example_branch_operator.py took 0.092 seconds
[2026-08-08T17:34:50.770+0000] {processor.py:186} INFO - Started process (PID=1291) to work on /home/airflow/.local/lib/python3.12/site-packages/airflow/example_dags/example_branch_operator.py
[2026-08-08T17:34:50.771+0000] {processor.py:914} INFO - Processing file /home/airflow/.local/lib/python3.12/site-packages/airflow/example_dags/example_branch_operator.py for tasks to queue
[2026-08-08T17:34:50.774+0000] {logging_mixin.py:190} INFO - [2026-08-08T17:34:50.774+0000] {dagbag.py:587} INFO - Filling up the DagBag from /home/airflow/.local/lib/python3.12/site-packages/airflow/example_dags/example_branch_operator.py
[2026-08-08T17:34:50.791+0000] {processor.py:925} INFO - DAG(s) 'example_branch_operator' retrieved from /home/airflow/.local/lib/python3.12/site-packages/airflow/example_dags/example_branch_operator.py
[2026-08-08T17:34:50.816+0000] {logging_mixin.py:190} INFO - [2026-08-08T17:34:50.816+0000] {dag.py:3211} INFO - Sync 1 DAGs
[2026-08-08T17:34:50.839+0000] {logging_mixin.py:190} INFO - [2026-08-08T17:34:50.839+0000] {dag.py:4138} INFO - Setting next_dagrun for example_branch_operator to 2026-08-07 00:00:00+00:00, run_after=2026-08-08 00:00:00+00:00
[2026-08-08T17:34:50.858+0000] {processor.py:208} INFO - Processing /home/airflow/.local/lib/python3.12/site-packages/airflow/example_dags/example_branch_operator.py took 0.096 seconds
[2026-08-08T17:35:21.387+0000] {processor.py:186} INFO - Started process (PID=1354) to work on /home/airflow/.local/lib/python3.12/site-packages/airflow/example_dags/example_branch_operator.py
[2026-08-08T17:35:21.388+0000] {processor.py:914} INFO - Processing file /home/airflow/.local/lib/python3.12/site-packages/airflow/example_dags/example_branch_operator.py for tasks to queue
[2026-08-08T17:35:21.390+0000] {logging_mixin.py:190} INFO - [2026-08-08T17:35:21.390+0000] {dagbag.py:587} INFO - Filling up the DagBag from /home/airflow/.local/lib/python3.12/site-packages/airflow/example_dags/example_branch_operator.py
[2026-08-08T17:35:21.405+0000] {processor.py:925} INFO - DAG(s) 'example_branch_operator' retrieved from /home/airflow/.local/lib/python3.12/site-packages/airflow/example_dags/example_branch_operator.py
[2026-08-08T17:35:21.434+0000] {logging_mixin.py:190} INFO - [2026-08-08T17:35:21.434+0000] {dag.py:3211} INFO - Sync 1 DAGs
[2026-08-08T17:35:21.453+0000] {logging_mixin.py:190} INFO - [2026-08-08T17:35:21.453+0000] {dag.py:4138} INFO - Setting next_dagrun for example_branch_operator to 2026-08-07 00:00:00+00:00, run_after=2026-08-08 00:00:00+00:00
[2026-08-08T17:35:21.474+0000] {processor.py:208} INFO - Processing /home/airflow/.local/lib/python3.12/site-packages/airflow/example_dags/example_branch_operator.py took 0.093 seconds
[2026-08-08T17:35:52.427+0000] {processor.py:186} INFO - Started process (PID=1417) to work on /home/airflow/.local/lib/python3.12/site-packages/airflow/example_dags/example_branch_operator.py
[2026-08-08T17:35:52.429+0000] {processor.py:914} INFO - Processing file /home/airflow/.local/lib/python3.12/site-packages/airflow/example_dags/example_branch_operator.py for tasks to queue
[2026-08-08T17:35:52.433+0000] {logging_mixin.py:190} INFO - [2026-08-08T17:35:52.432+0000] {dagbag.py:587} INFO - Filling up the DagBag from /home/airflow/.local/lib/python3.12/site-packages/airflow/example_dags/example_branch_operator.py
[2026-08-08T17:35:52.454+0000] {processor.py:925} INFO - DAG(s) 'example_branch_operator' retrieved from /home/airflow/.local/lib/python3.12/site-packages/airflow/example_dags/example_branch_operator.py
[2026-08-08T17:35:52.485+0000] {logging_mixin.py:190} INFO - [2026-08-08T17:35:52.485+0000] {dag.py:3211} INFO - Sync 1 DAGs
[2026-08-08T17:35:52.507+0000] {logging_mixin.py:190} INFO - [2026-08-08T17:35:52.507+0000] {dag.py:4138} INFO - Setting next_dagrun for example_branch_operator to 2026-08-07 00:00:00+00:00, run_after=2026-08-08 00:00:00+00:00
[2026-08-08T17:35:52.526+0000] {processor.py:208} INFO - Processing /home/airflow/.local/lib/python3.12/site-packages/airflow/example_dags/example_branch_operator.py took 0.109 seconds
[2026-08-08T17:36:22.975+0000] {processor.py:186} INFO - Started process (PID=1480) to work on /home/airflow/.local/lib/python3.12/site-packages/airflow/example_dags/example_branch_operator.py
[2026-08-08T17:36:22.976+0000] {processor.py:914} INFO - Processing file /home/airflow/.local/lib/python3.12/site-packages/airflow/example_dags/example_branch_operator.py for tasks to queue
[2026-08-08T17:36:22.980+0000] {logging_mixin.py:190} INFO - [2026-08-08T17:36:22.979+0000] {dagbag.py:587} INFO - Filling up the DagBag from /home/airflow/.local/lib/python3.12/site-packages/airflow/example_dags/example_branch_operator.py
[2026-08-08T17:36:22.996+0000] {processor.py:925} INFO - DAG(s) 'example_branch_operator' retrieved from /home/airflow/.local/lib/python3.12/site-packages/airflow/example_dags/example_branch_operator.py
[2026-08-08T17:36:23.028+0000] {logging_mixin.py:190} INFO - [2026-08-08T17:36:23.027+0000] {dag.py:3211} INFO - Sync 1 DAGs
[2026-08-08T17:36:23.051+0000] {logging_mixin.py:190} INFO - [2026-08-08T17:36:23.051+0000] {dag.py:4138} INFO - Setting next_dagrun for example_branch_operator to 2026-08-07 00:00:00+00:00, run_after=2026-08-08 00:00:00+00:00
[2026-08-08T17:36:23.073+0000] {processor.py:208} INFO - Processing /home/airflow/.local/lib/python3.12/site-packages/airflow/example_dags/example_branch_operator.py took 0.105 seconds
[2026-08-08T17:38:15.625+0000] {processor.py:186} INFO - Started process (PID=82) to work on /home/airflow/.local/lib/python3.12/site-packages/airflow/example_dags/example_branch_operator.py
[2026-08-08T17:38:15.626+0000] {processor.py:914} INFO - Processing file /home/airflow/.local/lib/python3.12/site-packages/airflow/example_dags/example_branch_operator.py for tasks to queue
[2026-08-08T17:38:15.628+0000] {logging_mixin.py:190} INFO - [2026-08-08T17:38:15.628+0000] {dagbag.py:587} INFO - Filling up the DagBag from /home/airflow/.local/lib/python3.12/site-packages/airflow/example_dags/example_branch_operator.py
[2026-08-08T17:38:15.644+0000] {processor.py:925} INFO - DAG(s) 'example_branch_operator' retrieved from /home/airflow/.local/lib/python3.12/site-packages/airflow/example_dags/example_branch_operator.py
[2026-08-08T17:38:15.742+0000] {logging_mixin.py:190} INFO - [2026-08-08T17:38:15.742+0000] {dag.py:3211} INFO - Sync 1 DAGs
[2026-08-08T17:38:15.764+0000] {logging_mixin.py:190} INFO - [2026-08-08T17:38:15.764+0000] {dag.py:4138} INFO - Setting next_dagrun for example_branch_operator to 2026-08-07 00:00:00+00:00, run_after=2026-08-08 00:00:00+00:00
[2026-08-08T17:38:15.785+0000] {processor.py:208} INFO - Processing /home/airflow/.local/lib/python3.12/site-packages/airflow/example_dags/example_branch_operator.py took 0.164 seconds
[2026-08-08T17:38:46.267+0000] {processor.py:186} INFO - Started process (PID=145) to work on /home/airflow/.local/lib/python3.12/site-packages/airflow/example_dags/example_branch_operator.py
[2026-08-08T17:38:46.271+0000] {processor.py:914} INFO - Processing file /home/airflow/.local/lib/python3.12/site-packages/airflow/example_dags/example_branch_operator.py for tasks to queue
[2026-08-08T17:38:46.276+0000] {logging_mixin.py:190} INFO - [2026-08-08T17:38:46.275+0000] {dagbag.py:587} INFO - Filling up the DagBag from /home/airflow/.local/lib/python3.12/site-packages/airflow/example_dags/example_branch_operator.py
[2026-08-08T17:38:46.297+0000] {processor.py:925} INFO - DAG(s) 'example_branch_operator' retrieved from /home/airflow/.local/lib/python3.12/site-packages/airflow/example_dags/example_branch_operator.py
[2026-08-08T17:38:46.330+0000] {logging_mixin.py:190} INFO - [2026-08-08T17:38:46.330+0000] {dag.py:3211} INFO - Sync 1 DAGs
[2026-08-08T17:38:46.364+0000] {logging_mixin.py:190} INFO - [2026-08-08T17:38:46.364+0000] {dag.py:4138} INFO - Setting next_dagrun for example_branch_operator to 2026-08-07 00:00:00+00:00, run_after=2026-08-08 00:00:00+00:00
[2026-08-08T17:38:46.399+0000] {processor.py:208} INFO - Processing /home/airflow/.local/lib/python3.12/site-packages/airflow/example_dags/example_branch_operator.py took 0.141 seconds
[2026-08-08T17:39:16.608+0000] {processor.py:186} INFO - Started process (PID=208) to work on /home/airflow/.local/lib/python3.12/site-packages/airflow/example_dags/example_branch_operator.py
[2026-08-08T17:39:16.609+0000] {processor.py:914} INFO - Processing file /home/airflow/.local/lib/python3.12/site-packages/airflow/example_dags/example_branch_operator.py for tasks to queue
[2026-08-08T17:39:16.611+0000] {logging_mixin.py:190} INFO - [2026-08-08T17:39:16.611+0000] {dagbag.py:587} INFO - Filling up the DagBag from /home/airflow/.local/lib/python3.12/site-packages/airflow/example_dags/example_branch_operator.py
[2026-08-08T17:39:16.625+0000] {processor.py:925} INFO - DAG(s) 'example_branch_operator' retrieved from /home/airflow/.local/lib/python3.12/site-packages/airflow/example_dags/example_branch_operator.py
[2026-08-08T17:39:16.654+0000] {logging_mixin.py:190} INFO - [2026-08-08T17:39:16.654+0000] {dag.py:3211} INFO - Sync 1 DAGs
[2026-08-08T17:39:16.672+0000] {logging_mixin.py:190} INFO - [2026-08-08T17:39:16.672+0000] {dag.py:4138} INFO - Setting next_dagrun for example_branch_operator to 2026-08-07 00:00:00+00:00, run_after=2026-08-08 00:00:00+00:00
[2026-08-08T17:39:16.693+0000] {processor.py:208} INFO - Processing /home/airflow/.local/lib/python3.12/site-packages/airflow/example_dags/example_branch_operator.py took 0.090 seconds
[2026-08-08T17:39:47.800+0000] {processor.py:186} INFO - Started process (PID=271) to work on /home/airflow/.local/lib/python3.12/site-packages/airflow/example_dags/example_branch_operator.py
[2026-08-08T17:39:47.802+0000] {processor.py:914} INFO - Processing file /home/airflow/.local/lib/python3.12/site-packages/airflow/example_dags/example_branch_operator.py for tasks to queue
[2026-08-08T17:39:47.806+0000] {logging_mixin.py:190} INFO - [2026-08-08T17:39:47.806+0000] {dagbag.py:587} INFO - Filling up the DagBag from /home/airflow/.local/lib/python3.12/site-packages/airflow/example_dags/example_branch_operator.py
[2026-08-08T17:39:47.827+0000] {processor.py:925} INFO - DAG(s) 'example_branch_operator' retrieved from /home/airflow/.local/lib/python3.12/site-packages/airflow/example_dags/example_branch_operator.py
[2026-08-08T17:39:47.860+0000] {logging_mixin.py:190} INFO - [2026-08-08T17:39:47.859+0000] {dag.py:3211} INFO - Sync 1 DAGs
[2026-08-08T17:39:47.884+0000] {logging_mixin.py:190} INFO - [2026-08-08T17:39:47.884+0000] {dag.py:4138} INFO - Setting next_dagrun for example_branch_operator to 2026-08-07 00:00:00+00:00, run_after=2026-08-08 00:00:00+00:00
[2026-08-08T17:39:47.912+0000] {processor.py:208} INFO - Processing /home/airflow/.local/lib/python3.12/site-packages/airflow/example_dags/example_branch_operator.py took 0.119 seconds
[2026-08-08T17:42:39.395+0000] {processor.py:186} INFO - Started process (PID=94) to work on /home/airflow/.local/lib/python3.12/site-packages/airflow/example_dags/example_branch_operator.py
[2026-08-08T17:42:39.396+0000] {processor.py:914} INFO - Processing file /home/airflow/.local/lib/python3.12/site-packages/airflow/example_dags/example_branch_operator.py for tasks to queue
[2026-08-08T17:42:39.400+0000] {logging_mixin.py:190} INFO - [2026-08-08T17:42:39.399+0000] {dagbag.py:587} INFO - Filling up the DagBag from /home/airflow/.local/lib/python3.12/site-packages/airflow/example_dags/example_branch_operator.py
[2026-08-08T17:42:39.420+0000] {processor.py:925} INFO - DAG(s) 'example_branch_operator' retrieved from /home/airflow/.local/lib/python3.12/site-packages/airflow/example_dags/example_branch_operator.py
[2026-08-08T17:42:39.533+0000] {logging_mixin.py:190} INFO - [2026-08-08T17:42:39.532+0000] {dag.py:3211} INFO - Sync 1 DAGs
[2026-08-08T17:42:39.571+0000] {logging_mixin.py:190} INFO - [2026-08-08T17:42:39.571+0000] {dag.py:4138} INFO - Setting next_dagrun for example_branch_operator to 2026-08-07 00:00:00+00:00, run_after=2026-08-08 00:00:00+00:00
[2026-08-08T17:42:39.600+0000] {processor.py:208} INFO - Processing /home/airflow/.local/lib/python3.12/site-packages/airflow/example_dags/example_branch_operator.py took 0.212 seconds
[2026-08-08T17:43:10.171+0000] {processor.py:186} INFO - Started process (PID=157) to work on /home/airflow/.local/lib/python3.12/site-packages/airflow/example_dags/example_branch_operator.py
[2026-08-08T17:43:10.174+0000] {processor.py:914} INFO - Processing file /home/airflow/.local/lib/python3.12/site-packages/airflow/example_dags/example_branch_operator.py for tasks to queue
[2026-08-08T17:43:10.179+0000] {logging_mixin.py:190} INFO - [2026-08-08T17:43:10.179+0000] {dagbag.py:587} INFO - Filling up the DagBag from /home/airflow/.local/lib/python3.12/site-packages/airflow/example_dags/example_branch_operator.py
[2026-08-08T17:43:10.201+0000] {processor.py:925} INFO - DAG(s) 'example_branch_operator' retrieved from /home/airflow/.local/lib/python3.12/site-packages/airflow/example_dags/example_branch_operator.py
[2026-08-08T17:43:10.238+0000] {logging_mixin.py:190} INFO - [2026-08-08T17:43:10.238+0000] {dag.py:3211} INFO - Sync 1 DAGs
[2026-08-08T17:43:10.267+0000] {logging_mixin.py:190} INFO - [2026-08-08T17:43:10.266+0000] {dag.py:4138} INFO - Setting next_dagrun for example_branch_operator to 2026-08-07 00:00:00+00:00, run_after=2026-08-08 00:00:00+00:00
[2026-08-08T17:43:10.290+0000] {processor.py:208} INFO - Processing /home/airflow/.local/lib/python3.12/site-packages/airflow/example_dags/example_branch_operator.py took 0.129 seconds
[2026-08-08T17:43:41.162+0000] {processor.py:186} INFO - Started process (PID=220) to work on /home/airflow/.local/lib/python3.12/site-packages/airflow/example_dags/example_branch_operator.py
[2026-08-08T17:43:41.164+0000] {processor.py:914} INFO - Processing file /home/airflow/.local/lib/python3.12/site-packages/airflow/example_dags/example_branch_operator.py for tasks to queue
[2026-08-08T17:43:41.167+0000] {logging_mixin.py:190} INFO - [2026-08-08T17:43:41.166+0000] {dagbag.py:587} INFO - Filling up the DagBag from /home/airflow/.local/lib/python3.12/site-packages/airflow/example_dags/example_branch_operator.py
[2026-08-08T17:43:41.190+0000] {processor.py:925} INFO - DAG(s) 'example_branch_operator' retrieved from /home/airflow/.local/lib/python3.12/site-packages/airflow/example_dags/example_branch_operator.py
[2026-08-08T17:43:41.223+0000] {logging_mixin.py:190} INFO - [2026-08-08T17:43:41.223+0000] {dag.py:3211} INFO - Sync 1 DAGs
[2026-08-08T17:43:41.253+0000] {logging_mixin.py:190} INFO - [2026-08-08T17:43:41.253+0000] {dag.py:4138} INFO - Setting next_dagrun for example_branch_operator to 2026-08-07 00:00:00+00:00, run_after=2026-08-08 00:00:00+00:00
[2026-08-08T17:43:41.286+0000] {processor.py:208} INFO - Processing /home/airflow/.local/lib/python3.12/site-packages/airflow/example_dags/example_branch_operator.py took 0.130 seconds
[2026-08-08T17:44:12.211+0000] {processor.py:186} INFO - Started process (PID=283) to work on /home/airflow/.local/lib/python3.12/site-packages/airflow/example_dags/example_branch_operator.py
[2026-08-08T17:44:12.212+0000] {processor.py:914} INFO - Processing file /home/airflow/.local/lib/python3.12/site-packages/airflow/example_dags/example_branch_operator.py for tasks to queue
[2026-08-08T17:44:12.216+0000] {logging_mixin.py:190} INFO - [2026-08-08T17:44:12.215+0000] {dagbag.py:587} INFO - Filling up the DagBag from /home/airflow/.local/lib/python3.12/site-packages/airflow/example_dags/example_branch_operator.py
[2026-08-08T17:44:12.236+0000] {processor.py:925} INFO - DAG(s) 'example_branch_operator' retrieved from /home/airflow/.local/lib/python3.12/site-packages/airflow/example_dags/example_branch_operator.py
[2026-08-08T17:44:12.274+0000] {logging_mixin.py:190} INFO - [2026-08-08T17:44:12.274+0000] {dag.py:3211} INFO - Sync 1 DAGs
[2026-08-08T17:44:12.307+0000] {logging_mixin.py:190} INFO - [2026-08-08T17:44:12.307+0000] {dag.py:4138} INFO - Setting next_dagrun for example_branch_operator to 2026-08-07 00:00:00+00:00, run_after=2026-08-08 00:00:00+00:00
[2026-08-08T17:44:12.336+0000] {processor.py:208} INFO - Processing /home/airflow/.local/lib/python3.12/site-packages/airflow/example_dags/example_branch_operator.py took 0.132 seconds
[2026-08-08T17:44:43.232+0000] {processor.py:186} INFO - Started process (PID=346) to work on /home/airflow/.local/lib/python3.12/site-packages/airflow/example_dags/example_branch_operator.py
[2026-08-08T17:44:43.233+0000] {processor.py:914} INFO - Processing file /home/airflow/.local/lib/python3.12/site-packages/airflow/example_dags/example_branch_operator.py for tasks to queue
[2026-08-08T17:44:43.236+0000] {logging_mixin.py:190} INFO - [2026-08-08T17:44:43.236+0000] {dagbag.py:587} INFO - Filling up the DagBag from /home/airflow/.local/lib/python3.12/site-packages/airflow/example_dags/example_branch_operator.py
[2026-08-08T17:44:43.252+0000] {processor.py:925} INFO - DAG(s) 'example_branch_operator' retrieved from /home/airflow/.local/lib/python3.12/site-packages/airflow/example_dags/example_branch_operator.py
[2026-08-08T17:44:43.274+0000] {logging_mixin.py:190} INFO - [2026-08-08T17:44:43.274+0000] {dag.py:3211} INFO - Sync 1 DAGs
[2026-08-08T17:44:43.295+0000] {logging_mixin.py:190} INFO - [2026-08-08T17:44:43.295+0000] {dag.py:4138} INFO - Setting next_dagrun for example_branch_operator to 2026-08-07 00:00:00+00:00, run_after=2026-08-08 00:00:00+00:00
[2026-08-08T17:44:43.312+0000] {processor.py:208} INFO - Processing /home/airflow/.local/lib/python3.12/site-packages/airflow/example_dags/example_branch_operator.py took 0.085 seconds
[2026-08-08T17:45:13.508+0000] {processor.py:186} INFO - Started process (PID=409) to work on /home/airflow/.local/lib/python3.12/site-packages/airflow/example_dags/example_branch_operator.py
[2026-08-08T17:45:13.509+0000] {processor.py:914} INFO - Processing file /home/airflow/.local/lib/python3.12/site-packages/airflow/example_dags/example_branch_operator.py for tasks to queue
[2026-08-08T17:45:13.512+0000] {logging_mixin.py:190} INFO - [2026-08-08T17:45:13.512+0000] {dagbag.py:587} INFO - Filling up the DagBag from /home/airflow/.local/lib/python3.12/site-packages/airflow/example_dags/example_branch_operator.py
[2026-08-08T17:45:13.527+0000] {processor.py:925} INFO - DAG(s) 'example_branch_operator' retrieved from /home/airflow/.local/lib/python3.12/site-packages/airflow/example_dags/example_branch_operator.py
[2026-08-08T17:45:13.553+0000] {logging_mixin.py:190} INFO - [2026-08-08T17:45:13.553+0000] {dag.py:3211} INFO - Sync 1 DAGs
[2026-08-08T17:45:13.573+0000] {logging_mixin.py:190} INFO - [2026-08-08T17:45:13.573+0000] {dag.py:4138} INFO - Setting next_dagrun for example_branch_operator to 2026-08-07 00:00:00+00:00, run_after=2026-08-08 00:00:00+00:00
[2026-08-08T17:45:13.592+0000] {processor.py:208} INFO - Processing /home/airflow/.local/lib/python3.12/site-packages/airflow/example_dags/example_branch_operator.py took 0.089 seconds
[2026-08-08T17:45:43.934+0000] {processor.py:186} INFO - Started process (PID=472) to work on /home/airflow/.local/lib/python3.12/site-packages/airflow/example_dags/example_branch_operator.py
[2026-08-08T17:45:43.936+0000] {processor.py:914} INFO - Processing file /home/airflow/.local/lib/python3.12/site-packages/airflow/example_dags/example_branch_operator.py for tasks to queue
[2026-08-08T17:45:43.939+0000] {logging_mixin.py:190} INFO - [2026-08-08T17:45:43.938+0000] {dagbag.py:587} INFO - Filling up the DagBag from /home/airflow/.local/lib/python3.12/site-packages/airflow/example_dags/example_branch_operator.py
[2026-08-08T17:45:43.957+0000] {processor.py:925} INFO - DAG(s) 'example_branch_operator' retrieved from /home/airflow/.local/lib/python3.12/site-packages/airflow/example_dags/example_branch_operator.py
[2026-08-08T17:45:43.982+0000] {logging_mixin.py:190} INFO - [2026-08-08T17:45:43.982+0000] {dag.py:3211} INFO - Sync 1 DAGs
[2026-08-08T17:45:44.008+0000] {logging_mixin.py:190} INFO - [2026-08-08T17:45:44.008+0000] {dag.py:4138} INFO - Setting next_dagrun for example_branch_operator to 2026-08-07 00:00:00+00:00, run_after=2026-08-08 00:00:00+00:00
[2026-08-08T17:45:44.030+0000] {processor.py:208} INFO - Processing /home/airflow/.local/lib/python3.12/site-packages/airflow/example_dags/example_branch_operator.py took 0.101 seconds
[2026-08-08T17:47:13.317+0000] {processor.py:186} INFO - Started process (PID=95) to work on /home/airflow/.local/lib/python3.12/site-packages/airflow/example_dags/example_branch_operator.py
[2026-08-08T17:47:13.319+0000] {processor.py:914} INFO - Processing file /home/airflow/.local/lib/python3.12/site-packages/airflow/example_dags/example_branch_operator.py for tasks to queue
[2026-08-08T17:47:13.323+0000] {logging_mixin.py:190} INFO - [2026-08-08T17:47:13.322+0000] {dagbag.py:587} INFO - Filling up the DagBag from /home/airflow/.local/lib/python3.12/site-packages/airflow/example_dags/example_branch_operator.py
[2026-08-08T17:47:13.347+0000] {processor.py:925} INFO - DAG(s) 'example_branch_operator' retrieved from /home/airflow/.local/lib/python3.12/site-packages/airflow/example_dags/example_branch_operator.py
[2026-08-08T17:47:13.508+0000] {logging_mixin.py:190} INFO - [2026-08-08T17:47:13.508+0000] {dag.py:3211} INFO - Sync 1 DAGs
[2026-08-08T17:47:13.544+0000] {logging_mixin.py:190} INFO - [2026-08-08T17:47:13.543+0000] {dag.py:4138} INFO - Setting next_dagrun for example_branch_operator to 2026-08-07 00:00:00+00:00, run_after=2026-08-08 00:00:00+00:00
[2026-08-08T17:47:13.582+0000] {processor.py:208} INFO - Processing /home/airflow/.local/lib/python3.12/site-packages/airflow/example_dags/example_branch_operator.py took 0.273 seconds
[2026-08-08T17:47:44.295+0000] {processor.py:186} INFO - Started process (PID=158) to work on /home/airflow/.local/lib/python3.12/site-packages/airflow/example_dags/example_branch_operator.py
[2026-08-08T17:47:44.296+0000] {processor.py:914} INFO - Processing file /home/airflow/.local/lib/python3.12/site-packages/airflow/example_dags/example_branch_operator.py for tasks to queue
[2026-08-08T17:47:44.299+0000] {logging_mixin.py:190} INFO - [2026-08-08T17:47:44.299+0000] {dagbag.py:587} INFO - Filling up the DagBag from /home/airflow/.local/lib/python3.12/site-packages/airflow/example_dags/example_branch_operator.py
[2026-08-08T17:47:44.318+0000] {processor.py:925} INFO - DAG(s) 'example_branch_operator' retrieved from /home/airflow/.local/lib/python3.12/site-packages/airflow/example_dags/example_branch_operator.py
[2026-08-08T17:47:44.349+0000] {logging_mixin.py:190} INFO - [2026-08-08T17:47:44.348+0000] {dag.py:3211} INFO - Sync 1 DAGs
[2026-08-08T17:47:44.374+0000] {logging_mixin.py:190} INFO - [2026-08-08T17:47:44.373+0000] {dag.py:4138} INFO - Setting next_dagrun for example_branch_operator to 2026-08-07 00:00:00+00:00, run_after=2026-08-08 00:00:00+00:00
[2026-08-08T17:47:44.397+0000] {processor.py:208} INFO - Processing /home/airflow/.local/lib/python3.12/site-packages/airflow/example_dags/example_branch_operator.py took 0.108 seconds
[2026-08-08T17:48:15.423+0000] {processor.py:186} INFO - Started process (PID=227) to work on /home/airflow/.local/lib/python3.12/site-packages/airflow/example_dags/example_branch_operator.py
[2026-08-08T17:48:15.426+0000] {processor.py:914} INFO - Processing file /home/airflow/.local/lib/python3.12/site-packages/airflow/example_dags/example_branch_operator.py for tasks to queue
[2026-08-08T17:48:15.431+0000] {logging_mixin.py:190} INFO - [2026-08-08T17:48:15.430+0000] {dagbag.py:587} INFO - Filling up the DagBag from /home/airflow/.local/lib/python3.12/site-packages/airflow/example_dags/example_branch_operator.py
[2026-08-08T17:48:15.469+0000] {processor.py:925} INFO - DAG(s) 'example_branch_operator' retrieved from /home/airflow/.local/lib/python3.12/site-packages/airflow/example_dags/example_branch_operator.py
[2026-08-08T17:48:15.507+0000] {logging_mixin.py:190} INFO - [2026-08-08T17:48:15.507+0000] {dag.py:3211} INFO - Sync 1 DAGs
[2026-08-08T17:48:15.540+0000] {logging_mixin.py:190} INFO - [2026-08-08T17:48:15.540+0000] {dag.py:4138} INFO - Setting next_dagrun for example_branch_operator to 2026-08-07 00:00:00+00:00, run_after=2026-08-08 00:00:00+00:00
[2026-08-08T17:48:15.568+0000] {processor.py:208} INFO - Processing /home/airflow/.local/lib/python3.12/site-packages/airflow/example_dags/example_branch_operator.py took 0.155 seconds
[2026-08-08T17:48:46.083+0000] {processor.py:186} INFO - Started process (PID=290) to work on /home/airflow/.local/lib/python3.12/site-packages/airflow/example_dags/example_branch_operator.py
[2026-08-08T17:48:46.085+0000] {processor.py:914} INFO - Processing file /home/airflow/.local/lib/python3.12/site-packages/airflow/example_dags/example_branch_operator.py for tasks to queue
[2026-08-08T17:48:46.087+0000] {logging_mixin.py:190} INFO - [2026-08-08T17:48:46.087+0000] {dagbag.py:587} INFO - Filling up the DagBag from /home/airflow/.local/lib/python3.12/site-packages/airflow/example_dags/example_branch_operator.py
[2026-08-08T17:48:46.105+0000] {processor.py:925} INFO - DAG(s) 'example_branch_operator' retrieved from /home/airflow/.local/lib/python3.12/site-packages/airflow/example_dags/example_branch_operator.py
[2026-08-08T17:48:46.135+0000] {logging_mixin.py:190} INFO - [2026-08-08T17:48:46.134+0000] {dag.py:3211} INFO - Sync 1 DAGs
[2026-08-08T17:48:46.160+0000] {logging_mixin.py:190} INFO - [2026-08-08T17:48:46.160+0000] {dag.py:4138} INFO - Setting next_dagrun for example_branch_operator to 2026-08-07 00:00:00+00:00, run_after=2026-08-08 00:00:00+00:00
[2026-08-08T17:48:46.181+0000] {processor.py:208} INFO - Processing /home/airflow/.local/lib/python3.12/site-packages/airflow/example_dags/example_branch_operator.py took 0.105 seconds
[2026-08-08T17:52:36.892+0000] {processor.py:186} INFO - Started process (PID=94) to work on /home/airflow/.local/lib/python3.12/site-packages/airflow/example_dags/example_branch_operator.py
[2026-08-08T17:52:36.893+0000] {processor.py:914} INFO - Processing file /home/airflow/.local/lib/python3.12/site-packages/airflow/example_dags/example_branch_operator.py for tasks to queue
[2026-08-08T17:52:36.897+0000] {logging_mixin.py:190} INFO - [2026-08-08T17:52:36.897+0000] {dagbag.py:587} INFO - Filling up the DagBag from /home/airflow/.local/lib/python3.12/site-packages/airflow/example_dags/example_branch_operator.py
[2026-08-08T17:52:36.923+0000] {processor.py:925} INFO - DAG(s) 'example_branch_operator' retrieved from /home/airflow/.local/lib/python3.12/site-packages/airflow/example_dags/example_branch_operator.py
[2026-08-08T17:52:37.044+0000] {logging_mixin.py:190} INFO - [2026-08-08T17:52:37.044+0000] {dag.py:3211} INFO - Sync 1 DAGs
[2026-08-08T17:52:37.070+0000] {logging_mixin.py:190} INFO - [2026-08-08T17:52:37.069+0000] {dag.py:4138} INFO - Setting next_dagrun for example_branch_operator to 2026-08-07 00:00:00+00:00, run_after=2026-08-08 00:00:00+00:00
[2026-08-08T17:52:37.094+0000] {processor.py:208} INFO - Processing /home/airflow/.local/lib/python3.12/site-packages/airflow/example_dags/example_branch_operator.py took 0.208 seconds
[2026-08-08T17:53:07.164+0000] {processor.py:186} INFO - Started process (PID=157) to work on /home/airflow/.local/lib/python3.12/site-packages/airflow/example_dags/example_branch_operator.py
[2026-08-08T17:53:07.165+0000] {processor.py:914} INFO - Processing file /home/airflow/.local/lib/python3.12/site-packages/airflow/example_dags/example_branch_operator.py for tasks to queue
[2026-08-08T17:53:07.168+0000] {logging_mixin.py:190} INFO - [2026-08-08T17:53:07.167+0000] {dagbag.py:587} INFO - Filling up the DagBag from /home/airflow/.local/lib/python3.12/site-packages/airflow/example_dags/example_branch_operator.py
[2026-08-08T17:53:07.186+0000] {processor.py:925} INFO - DAG(s) 'example_branch_operator' retrieved from /home/airflow/.local/lib/python3.12/site-packages/airflow/example_dags/example_branch_operator.py
[2026-08-08T17:53:07.220+0000] {logging_mixin.py:190} INFO - [2026-08-08T17:53:07.219+0000] {dag.py:3211} INFO - Sync 1 DAGs
[2026-08-08T17:53:07.248+0000] {logging_mixin.py:190} INFO - [2026-08-08T17:53:07.248+0000] {dag.py:4138} INFO - Setting next_dagrun for example_branch_operator to 2026-08-07 00:00:00+00:00, run_after=2026-08-08 00:00:00+00:00
[2026-08-08T17:53:07.273+0000] {processor.py:208} INFO - Processing /home/airflow/.local/lib/python3.12/site-packages/airflow/example_dags/example_branch_operator.py took 0.115 seconds
[2026-08-08T17:53:38.169+0000] {processor.py:186} INFO - Started process (PID=220) to work on /home/airflow/.local/lib/python3.12/site-packages/airflow/example_dags/example_branch_operator.py
[2026-08-08T17:53:38.173+0000] {processor.py:914} INFO - Processing file /home/airflow/.local/lib/python3.12/site-packages/airflow/example_dags/example_branch_operator.py for tasks to queue
[2026-08-08T17:53:38.176+0000] {logging_mixin.py:190} INFO - [2026-08-08T17:53:38.176+0000] {dagbag.py:587} INFO - Filling up the DagBag from /home/airflow/.local/lib/python3.12/site-packages/airflow/example_dags/example_branch_operator.py
[2026-08-08T17:53:38.198+0000] {processor.py:925} INFO - DAG(s) 'example_branch_operator' retrieved from /home/airflow/.local/lib/python3.12/site-packages/airflow/example_dags/example_branch_operator.py
[2026-08-08T17:53:38.235+0000] {logging_mixin.py:190} INFO - [2026-08-08T17:53:38.235+0000] {dag.py:3211} INFO - Sync 1 DAGs
[2026-08-08T17:53:38.267+0000] {logging_mixin.py:190} INFO - [2026-08-08T17:53:38.266+0000] {dag.py:4138} INFO - Setting next_dagrun for example_branch_operator to 2026-08-07 00:00:00+00:00, run_after=2026-08-08 00:00:00+00:00
[2026-08-08T17:53:38.296+0000] {processor.py:208} INFO - Processing /home/airflow/.local/lib/python3.12/site-packages/airflow/example_dags/example_branch_operator.py took 0.135 seconds
[2026-08-08T17:54:08.941+0000] {processor.py:186} INFO - Started process (PID=283) to work on /home/airflow/.local/lib/python3.12/site-packages/airflow/example_dags/example_branch_operator.py
[2026-08-08T17:54:08.942+0000] {processor.py:914} INFO - Processing file /home/airflow/.local/lib/python3.12/site-packages/airflow/example_dags/example_branch_operator.py for tasks to queue
[2026-08-08T17:54:08.946+0000] {logging_mixin.py:190} INFO - [2026-08-08T17:54:08.945+0000] {dagbag.py:587} INFO - Filling up the DagBag from /home/airflow/.local/lib/python3.12/site-packages/airflow/example_dags/example_branch_operator.py
[2026-08-08T17:54:08.971+0000] {processor.py:925} INFO - DAG(s) 'example_branch_operator' retrieved from /home/airflow/.local/lib/python3.12/site-packages/airflow/example_dags/example_branch_operator.py
[2026-08-08T17:54:09.011+0000] {logging_mixin.py:190} INFO - [2026-08-08T17:54:09.011+0000] {dag.py:3211} INFO - Sync 1 DAGs
[2026-08-08T17:54:09.045+0000] {logging_mixin.py:190} INFO - [2026-08-08T17:54:09.045+0000] {dag.py:4138} INFO - Setting next_dagrun for example_branch_operator to 2026-08-07 00:00:00+00:00, run_after=2026-08-08 00:00:00+00:00
[2026-08-08T17:54:09.071+0000] {processor.py:208} INFO - Processing /home/airflow/.local/lib/python3.12/site-packages/airflow/example_dags/example_branch_operator.py took 0.138 seconds
[2026-08-08T17:54:39.449+0000] {processor.py:186} INFO - Started process (PID=346) to work on /home/airflow/.local/lib/python3.12/site-packages/airflow/example_dags/example_branch_operator.py
[2026-08-08T17:54:39.450+0000] {processor.py:914} INFO - Processing file /home/airflow/.local/lib/python3.12/site-packages/airflow/example_dags/example_branch_operator.py for tasks to queue
[2026-08-08T17:54:39.453+0000] {logging_mixin.py:190} INFO - [2026-08-08T17:54:39.452+0000] {dagbag.py:587} INFO - Filling up the DagBag from /home/airflow/.local/lib/python3.12/site-packages/airflow/example_dags/example_branch_operator.py
[2026-08-08T17:54:39.472+0000] {processor.py:925} INFO - DAG(s) 'example_branch_operator' retrieved from /home/airflow/.local/lib/python3.12/site-packages/airflow/example_dags/example_branch_operator.py
[2026-08-08T17:54:39.496+0000] {logging_mixin.py:190} INFO - [2026-08-08T17:54:39.496+0000] {dag.py:3211} INFO - Sync 1 DAGs
[2026-08-08T17:54:39.516+0000] {logging_mixin.py:190} INFO - [2026-08-08T17:54:39.516+0000] {dag.py:4138} INFO - Setting next_dagrun for example_branch_operator to 2026-08-07 00:00:00+00:00, run_after=2026-08-08 00:00:00+00:00
[2026-08-08T17:54:39.537+0000] {processor.py:208} INFO - Processing /home/airflow/.local/lib/python3.12/site-packages/airflow/example_dags/example_branch_operator.py took 0.094 seconds
[2026-08-08T17:55:09.810+0000] {processor.py:186} INFO - Started process (PID=409) to work on /home/airflow/.local/lib/python3.12/site-packages/airflow/example_dags/example_branch_operator.py
[2026-08-08T17:55:09.811+0000] {processor.py:914} INFO - Processing file /home/airflow/.local/lib/python3.12/site-packages/airflow/example_dags/example_branch_operator.py for tasks to queue
[2026-08-08T17:55:09.814+0000] {logging_mixin.py:190} INFO - [2026-08-08T17:55:09.814+0000] {dagbag.py:587} INFO - Filling up the DagBag from /home/airflow/.local/lib/python3.12/site-packages/airflow/example_dags/example_branch_operator.py
[2026-08-08T17:55:09.836+0000] {processor.py:925} INFO - DAG(s) 'example_branch_operator' retrieved from /home/airflow/.local/lib/python3.12/site-packages/airflow/example_dags/example_branch_operator.py
[2026-08-08T17:55:09.862+0000] {logging_mixin.py:190} INFO - [2026-08-08T17:55:09.862+0000] {dag.py:3211} INFO - Sync 1 DAGs
[2026-08-08T17:55:09.882+0000] {logging_mixin.py:190} INFO - [2026-08-08T17:55:09.882+0000] {dag.py:4138} INFO - Setting next_dagrun for example_branch_operator to 2026-08-07 00:00:00+00:00, run_after=2026-08-08 00:00:00+00:00
[2026-08-08T17:55:09.903+0000] {processor.py:208} INFO - Processing /home/airflow/.local/lib/python3.12/site-packages/airflow/example_dags/example_branch_operator.py took 0.100 seconds
[2026-08-08T17:55:40.231+0000] {processor.py:186} INFO - Started process (PID=472) to work on /home/airflow/.local/lib/python3.12/site-packages/airflow/example_dags/example_branch_operator.py
[2026-08-08T17:55:40.232+0000] {processor.py:914} INFO - Processing file /home/airflow/.local/lib/python3.12/site-packages/airflow/example_dags/example_branch_operator.py for tasks to queue
[2026-08-08T17:55:40.235+0000] {logging_mixin.py:190} INFO - [2026-08-08T17:55:40.235+0000] {dagbag.py:587} INFO - Filling up the DagBag from /home/airflow/.local/lib/python3.12/site-packages/airflow/example_dags/example_branch_operator.py
[2026-08-08T17:55:40.251+0000] {processor.py:925} INFO - DAG(s) 'example_branch_operator' retrieved from /home/airflow/.local/lib/python3.12/site-packages/airflow/example_dags/example_branch_operator.py
[2026-08-08T17:55:40.273+0000] {logging_mixin.py:190} INFO - [2026-08-08T17:55:40.273+0000] {dag.py:3211} INFO - Sync 1 DAGs
[2026-08-08T17:55:40.292+0000] {logging_mixin.py:190} INFO - [2026-08-08T17:55:40.292+0000] {dag.py:4138} INFO - Setting next_dagrun for example_branch_operator to 2026-08-07 00:00:00+00:00, run_after=2026-08-08 00:00:00+00:00
[2026-08-08T17:55:40.308+0000] {processor.py:208} INFO - Processing /home/airflow/.local/lib/python3.12/site-packages/airflow/example_dags/example_branch_operator.py took 0.084 seconds
[2026-08-08T17:56:10.648+0000] {processor.py:186} INFO - Started process (PID=535) to work on /home/airflow/.local/lib/python3.12/site-packages/airflow/example_dags/example_branch_operator.py
[2026-08-08T17:56:10.650+0000] {processor.py:914} INFO - Processing file /home/airflow/.local/lib/python3.12/site-packages/airflow/example_dags/example_branch_operator.py for tasks to queue
[2026-08-08T17:56:10.653+0000] {logging_mixin.py:190} INFO - [2026-08-08T17:56:10.652+0000] {dagbag.py:587} INFO - Filling up the DagBag from /home/airflow/.local/lib/python3.12/site-packages/airflow/example_dags/example_branch_operator.py
[2026-08-08T17:56:10.667+0000] {processor.py:925} INFO - DAG(s) 'example_branch_operator' retrieved from /home/airflow/.local/lib/python3.12/site-packages/airflow/example_dags/example_branch_operator.py
[2026-08-08T17:56:10.693+0000] {logging_mixin.py:190} INFO - [2026-08-08T17:56:10.693+0000] {dag.py:3211} INFO - Sync 1 DAGs
[2026-08-08T17:56:10.713+0000] {logging_mixin.py:190} INFO - [2026-08-08T17:56:10.712+0000] {dag.py:4138} INFO - Setting next_dagrun for example_branch_operator to 2026-08-07 00:00:00+00:00, run_after=2026-08-08 00:00:00+00:00
[2026-08-08T17:56:10.733+0000] {processor.py:208} INFO - Processing /home/airflow/.local/lib/python3.12/site-packages/airflow/example_dags/example_branch_operator.py took 0.091 seconds
[2026-08-08T17:56:41.086+0000] {processor.py:186} INFO - Started process (PID=598) to work on /home/airflow/.local/lib/python3.12/site-packages/airflow/example_dags/example_branch_operator.py
[2026-08-08T17:56:41.087+0000] {processor.py:914} INFO - Processing file /home/airflow/.local/lib/python3.12/site-packages/airflow/example_dags/example_branch_operator.py for tasks to queue
[2026-08-08T17:56:41.090+0000] {logging_mixin.py:190} INFO - [2026-08-08T17:56:41.089+0000] {dagbag.py:587} INFO - Filling up the DagBag from /home/airflow/.local/lib/python3.12/site-packages/airflow/example_dags/example_branch_operator.py
[2026-08-08T17:56:41.105+0000] {processor.py:925} INFO - DAG(s) 'example_branch_operator' retrieved from /home/airflow/.local/lib/python3.12/site-packages/airflow/example_dags/example_branch_operator.py
[2026-08-08T17:56:41.131+0000] {logging_mixin.py:190} INFO - [2026-08-08T17:56:41.131+0000] {dag.py:3211} INFO - Sync 1 DAGs
[2026-08-08T17:56:41.156+0000] {logging_mixin.py:190} INFO - [2026-08-08T17:56:41.155+0000] {dag.py:4138} INFO - Setting next_dagrun for example_branch_operator to 2026-08-07 00:00:00+00:00, run_after=2026-08-08 00:00:00+00:00
[2026-08-08T17:56:41.188+0000] {processor.py:208} INFO - Processing /home/airflow/.local/lib/python3.12/site-packages/airflow/example_dags/example_branch_operator.py took 0.107 seconds
[2026-08-08T17:57:11.616+0000] {processor.py:186} INFO - Started process (PID=661) to work on /home/airflow/.local/lib/python3.12/site-packages/airflow/example_dags/example_branch_operator.py
[2026-08-08T17:57:11.618+0000] {processor.py:914} INFO - Processing file /home/airflow/.local/lib/python3.12/site-packages/airflow/example_dags/example_branch_operator.py for tasks to queue
[2026-08-08T17:57:11.621+0000] {logging_mixin.py:190} INFO - [2026-08-08T17:57:11.620+0000] {dagbag.py:587} INFO - Filling up the DagBag from /home/airflow/.local/lib/python3.12/site-packages/airflow/example_dags/example_branch_operator.py
[2026-08-08T17:57:11.643+0000] {processor.py:925} INFO - DAG(s) 'example_branch_operator' retrieved from /home/airflow/.local/lib/python3.12/site-packages/airflow/example_dags/example_branch_operator.py
[2026-08-08T17:57:11.682+0000] {logging_mixin.py:190} INFO - [2026-08-08T17:57:11.682+0000] {dag.py:3211} INFO - Sync 1 DAGs
[2026-08-08T17:57:11.708+0000] {logging_mixin.py:190} INFO - [2026-08-08T17:57:11.707+0000] {dag.py:4138} INFO - Setting next_dagrun for example_branch_operator to 2026-08-07 00:00:00+00:00, run_after=2026-08-08 00:00:00+00:00
[2026-08-08T17:57:11.730+0000] {processor.py:208} INFO - Processing /home/airflow/.local/lib/python3.12/site-packages/airflow/example_dags/example_branch_operator.py took 0.120 seconds
[2026-08-08T18:08:17.977+0000] {processor.py:186} INFO - Started process (PID=724) to work on /home/airflow/.local/lib/python3.12/site-packages/airflow/example_dags/example_branch_operator.py
[2026-08-08T18:08:17.980+0000] {processor.py:914} INFO - Processing file /home/airflow/.local/lib/python3.12/site-packages/airflow/example_dags/example_branch_operator.py for tasks to queue
[2026-08-08T18:08:17.985+0000] {logging_mixin.py:190} INFO - [2026-08-08T18:08:17.984+0000] {dagbag.py:587} INFO - Filling up the DagBag from /home/airflow/.local/lib/python3.12/site-packages/airflow/example_dags/example_branch_operator.py
[2026-08-08T18:08:18.024+0000] {processor.py:925} INFO - DAG(s) 'example_branch_operator' retrieved from /home/airflow/.local/lib/python3.12/site-packages/airflow/example_dags/example_branch_operator.py
[2026-08-08T18:08:18.092+0000] {logging_mixin.py:190} INFO - [2026-08-08T18:08:18.091+0000] {dag.py:3211} INFO - Sync 1 DAGs
[2026-08-08T18:08:18.148+0000] {logging_mixin.py:190} INFO - [2026-08-08T18:08:18.147+0000] {dag.py:4138} INFO - Setting next_dagrun for example_branch_operator to 2026-08-07 00:00:00+00:00, run_after=2026-08-08 00:00:00+00:00
[2026-08-08T18:08:18.195+0000] {processor.py:208} INFO - Processing /home/airflow/.local/lib/python3.12/site-packages/airflow/example_dags/example_branch_operator.py took 0.231 seconds
[2026-08-08T18:08:48.442+0000] {processor.py:186} INFO - Started process (PID=787) to work on /home/airflow/.local/lib/python3.12/site-packages/airflow/example_dags/example_branch_operator.py
[2026-08-08T18:08:48.445+0000] {processor.py:914} INFO - Processing file /home/airflow/.local/lib/python3.12/site-packages/airflow/example_dags/example_branch_operator.py for tasks to queue
[2026-08-08T18:08:48.452+0000] {logging_mixin.py:190} INFO - [2026-08-08T18:08:48.451+0000] {dagbag.py:587} INFO - Filling up the DagBag from /home/airflow/.local/lib/python3.12/site-packages/airflow/example_dags/example_branch_operator.py
[2026-08-08T18:08:48.478+0000] {processor.py:925} INFO - DAG(s) 'example_branch_operator' retrieved from /home/airflow/.local/lib/python3.12/site-packages/airflow/example_dags/example_branch_operator.py
[2026-08-08T18:08:48.525+0000] {logging_mixin.py:190} INFO - [2026-08-08T18:08:48.525+0000] {dag.py:3211} INFO - Sync 1 DAGs
[2026-08-08T18:08:48.561+0000] {logging_mixin.py:190} INFO - [2026-08-08T18:08:48.561+0000] {dag.py:4138} INFO - Setting next_dagrun for example_branch_operator to 2026-08-07 00:00:00+00:00, run_after=2026-08-08 00:00:00+00:00
[2026-08-08T18:08:48.597+0000] {processor.py:208} INFO - Processing /home/airflow/.local/lib/python3.12/site-packages/airflow/example_dags/example_branch_operator.py took 0.165 seconds
[2026-08-08T18:09:18.845+0000] {processor.py:186} INFO - Started process (PID=850) to work on /home/airflow/.local/lib/python3.12/site-packages/airflow/example_dags/example_branch_operator.py
[2026-08-08T18:09:18.846+0000] {processor.py:914} INFO - Processing file /home/airflow/.local/lib/python3.12/site-packages/airflow/example_dags/example_branch_operator.py for tasks to queue
[2026-08-08T18:09:18.850+0000] {logging_mixin.py:190} INFO - [2026-08-08T18:09:18.849+0000] {dagbag.py:587} INFO - Filling up the DagBag from /home/airflow/.local/lib/python3.12/site-packages/airflow/example_dags/example_branch_operator.py
[2026-08-08T18:09:18.878+0000] {processor.py:925} INFO - DAG(s) 'example_branch_operator' retrieved from /home/airflow/.local/lib/python3.12/site-packages/airflow/example_dags/example_branch_operator.py
[2026-08-08T18:09:18.947+0000] {logging_mixin.py:190} INFO - [2026-08-08T18:09:18.946+0000] {dag.py:3211} INFO - Sync 1 DAGs
[2026-08-08T18:09:18.988+0000] {logging_mixin.py:190} INFO - [2026-08-08T18:09:18.988+0000] {dag.py:4138} INFO - Setting next_dagrun for example_branch_operator to 2026-08-07 00:00:00+00:00, run_after=2026-08-08 00:00:00+00:00
[2026-08-08T18:09:19.032+0000] {processor.py:208} INFO - Processing /home/airflow/.local/lib/python3.12/site-packages/airflow/example_dags/example_branch_operator.py took 0.197 seconds
[2026-08-08T18:09:49.552+0000] {processor.py:186} INFO - Started process (PID=913) to work on /home/airflow/.local/lib/python3.12/site-packages/airflow/example_dags/example_branch_operator.py
[2026-08-08T18:09:49.554+0000] {processor.py:914} INFO - Processing file /home/airflow/.local/lib/python3.12/site-packages/airflow/example_dags/example_branch_operator.py for tasks to queue
[2026-08-08T18:09:49.557+0000] {logging_mixin.py:190} INFO - [2026-08-08T18:09:49.556+0000] {dagbag.py:587} INFO - Filling up the DagBag from /home/airflow/.local/lib/python3.12/site-packages/airflow/example_dags/example_branch_operator.py
[2026-08-08T18:09:49.579+0000] {processor.py:925} INFO - DAG(s) 'example_branch_operator' retrieved from /home/airflow/.local/lib/python3.12/site-packages/airflow/example_dags/example_branch_operator.py
[2026-08-08T18:09:49.615+0000] {logging_mixin.py:190} INFO - [2026-08-08T18:09:49.614+0000] {dag.py:3211} INFO - Sync 1 DAGs
[2026-08-08T18:09:49.645+0000] {logging_mixin.py:190} INFO - [2026-08-08T18:09:49.645+0000] {dag.py:4138} INFO - Setting next_dagrun for example_branch_operator to 2026-08-07 00:00:00+00:00, run_after=2026-08-08 00:00:00+00:00
[2026-08-08T18:09:49.673+0000] {processor.py:208} INFO - Processing /home/airflow/.local/lib/python3.12/site-packages/airflow/example_dags/example_branch_operator.py took 0.128 seconds
[2026-08-08T18:10:19.822+0000] {processor.py:186} INFO - Started process (PID=976) to work on /home/airflow/.local/lib/python3.12/site-packages/airflow/example_dags/example_branch_operator.py
[2026-08-08T18:10:19.824+0000] {processor.py:914} INFO - Processing file /home/airflow/.local/lib/python3.12/site-packages/airflow/example_dags/example_branch_operator.py for tasks to queue
[2026-08-08T18:10:19.828+0000] {logging_mixin.py:190} INFO - [2026-08-08T18:10:19.828+0000] {dagbag.py:587} INFO - Filling up the DagBag from /home/airflow/.local/lib/python3.12/site-packages/airflow/example_dags/example_branch_operator.py
[2026-08-08T18:10:19.856+0000] {processor.py:925} INFO - DAG(s) 'example_branch_operator' retrieved from /home/airflow/.local/lib/python3.12/site-packages/airflow/example_dags/example_branch_operator.py
[2026-08-08T18:10:19.900+0000] {logging_mixin.py:190} INFO - [2026-08-08T18:10:19.900+0000] {dag.py:3211} INFO - Sync 1 DAGs
[2026-08-08T18:10:19.940+0000] {logging_mixin.py:190} INFO - [2026-08-08T18:10:19.940+0000] {dag.py:4138} INFO - Setting next_dagrun for example_branch_operator to 2026-08-07 00:00:00+00:00, run_after=2026-08-08 00:00:00+00:00
[2026-08-08T18:10:19.971+0000] {processor.py:208} INFO - Processing /home/airflow/.local/lib/python3.12/site-packages/airflow/example_dags/example_branch_operator.py took 0.160 seconds
[2026-08-08T18:10:50.178+0000] {processor.py:186} INFO - Started process (PID=1039) to work on /home/airflow/.local/lib/python3.12/site-packages/airflow/example_dags/example_branch_operator.py
[2026-08-08T18:10:50.180+0000] {processor.py:914} INFO - Processing file /home/airflow/.local/lib/python3.12/site-packages/airflow/example_dags/example_branch_operator.py for tasks to queue
[2026-08-08T18:10:50.185+0000] {logging_mixin.py:190} INFO - [2026-08-08T18:10:50.184+0000] {dagbag.py:587} INFO - Filling up the DagBag from /home/airflow/.local/lib/python3.12/site-packages/airflow/example_dags/example_branch_operator.py
[2026-08-08T18:10:50.218+0000] {processor.py:925} INFO - DAG(s) 'example_branch_operator' retrieved from /home/airflow/.local/lib/python3.12/site-packages/airflow/example_dags/example_branch_operator.py
[2026-08-08T18:10:50.270+0000] {logging_mixin.py:190} INFO - [2026-08-08T18:10:50.270+0000] {dag.py:3211} INFO - Sync 1 DAGs
[2026-08-08T18:10:50.311+0000] {logging_mixin.py:190} INFO - [2026-08-08T18:10:50.310+0000] {dag.py:4138} INFO - Setting next_dagrun for example_branch_operator to 2026-08-07 00:00:00+00:00, run_after=2026-08-08 00:00:00+00:00
[2026-08-08T18:10:50.349+0000] {processor.py:208} INFO - Processing /home/airflow/.local/lib/python3.12/site-packages/airflow/example_dags/example_branch_operator.py took 0.181 seconds
[2026-08-08T18:11:20.543+0000] {processor.py:186} INFO - Started process (PID=1103) to work on /home/airflow/.local/lib/python3.12/site-packages/airflow/example_dags/example_branch_operator.py
[2026-08-08T18:11:20.544+0000] {processor.py:914} INFO - Processing file /home/airflow/.local/lib/python3.12/site-packages/airflow/example_dags/example_branch_operator.py for tasks to queue
[2026-08-08T18:11:20.547+0000] {logging_mixin.py:190} INFO - [2026-08-08T18:11:20.547+0000] {dagbag.py:587} INFO - Filling up the DagBag from /home/airflow/.local/lib/python3.12/site-packages/airflow/example_dags/example_branch_operator.py
[2026-08-08T18:11:20.565+0000] {processor.py:925} INFO - DAG(s) 'example_branch_operator' retrieved from /home/airflow/.local/lib/python3.12/site-packages/airflow/example_dags/example_branch_operator.py
[2026-08-08T18:11:20.594+0000] {logging_mixin.py:190} INFO - [2026-08-08T18:11:20.594+0000] {dag.py:3211} INFO - Sync 1 DAGs
[2026-08-08T18:11:20.620+0000] {logging_mixin.py:190} INFO - [2026-08-08T18:11:20.620+0000] {dag.py:4138} INFO - Setting next_dagrun for example_branch_operator to 2026-08-07 00:00:00+00:00, run_after=2026-08-08 00:00:00+00:00
[2026-08-08T18:11:20.642+0000] {processor.py:208} INFO - Processing /home/airflow/.local/lib/python3.12/site-packages/airflow/example_dags/example_branch_operator.py took 0.105 seconds
[2026-08-08T18:11:51.354+0000] {processor.py:186} INFO - Started process (PID=1165) to work on /home/airflow/.local/lib/python3.12/site-packages/airflow/example_dags/example_branch_operator.py
[2026-08-08T18:11:51.356+0000] {processor.py:914} INFO - Processing file /home/airflow/.local/lib/python3.12/site-packages/airflow/example_dags/example_branch_operator.py for tasks to queue
[2026-08-08T18:11:51.361+0000] {logging_mixin.py:190} INFO - [2026-08-08T18:11:51.360+0000] {dagbag.py:587} INFO - Filling up the DagBag from /home/airflow/.local/lib/python3.12/site-packages/airflow/example_dags/example_branch_operator.py
[2026-08-08T18:11:51.390+0000] {processor.py:925} INFO - DAG(s) 'example_branch_operator' retrieved from /home/airflow/.local/lib/python3.12/site-packages/airflow/example_dags/example_branch_operator.py
[2026-08-08T18:11:51.466+0000] {logging_mixin.py:190} INFO - [2026-08-08T18:11:51.465+0000] {dag.py:3211} INFO - Sync 1 DAGs
[2026-08-08T18:11:51.554+0000] {logging_mixin.py:190} INFO - [2026-08-08T18:11:51.552+0000] {dag.py:4138} INFO - Setting next_dagrun for example_branch_operator to 2026-08-07 00:00:00+00:00, run_after=2026-08-08 00:00:00+00:00
[2026-08-08T18:11:51.652+0000] {processor.py:208} INFO - Processing /home/airflow/.local/lib/python3.12/site-packages/airflow/example_dags/example_branch_operator.py took 0.305 seconds
[2026-08-08T18:13:07.103+0000] {processor.py:186} INFO - Started process (PID=100) to work on /home/airflow/.local/lib/python3.12/site-packages/airflow/example_dags/example_branch_operator.py
[2026-08-08T18:13:07.106+0000] {processor.py:914} INFO - Processing file /home/airflow/.local/lib/python3.12/site-packages/airflow/example_dags/example_branch_operator.py for tasks to queue
[2026-08-08T18:13:07.112+0000] {logging_mixin.py:190} INFO - [2026-08-08T18:13:07.111+0000] {dagbag.py:587} INFO - Filling up the DagBag from /home/airflow/.local/lib/python3.12/site-packages/airflow/example_dags/example_branch_operator.py
[2026-08-08T18:13:07.175+0000] {processor.py:925} INFO - DAG(s) 'example_branch_operator' retrieved from /home/airflow/.local/lib/python3.12/site-packages/airflow/example_dags/example_branch_operator.py
[2026-08-08T18:13:07.463+0000] {logging_mixin.py:190} INFO - [2026-08-08T18:13:07.462+0000] {dag.py:3211} INFO - Sync 1 DAGs
[2026-08-08T18:13:07.495+0000] {logging_mixin.py:190} INFO - [2026-08-08T18:13:07.495+0000] {dag.py:4138} INFO - Setting next_dagrun for example_branch_operator to 2026-08-07 00:00:00+00:00, run_after=2026-08-08 00:00:00+00:00
[2026-08-08T18:13:07.527+0000] {processor.py:208} INFO - Processing /home/airflow/.local/lib/python3.12/site-packages/airflow/example_dags/example_branch_operator.py took 0.441 seconds
[2026-08-08T18:13:37.768+0000] {processor.py:186} INFO - Started process (PID=163) to work on /home/airflow/.local/lib/python3.12/site-packages/airflow/example_dags/example_branch_operator.py
[2026-08-08T18:13:37.769+0000] {processor.py:914} INFO - Processing file /home/airflow/.local/lib/python3.12/site-packages/airflow/example_dags/example_branch_operator.py for tasks to queue
[2026-08-08T18:13:37.774+0000] {logging_mixin.py:190} INFO - [2026-08-08T18:13:37.773+0000] {dagbag.py:587} INFO - Filling up the DagBag from /home/airflow/.local/lib/python3.12/site-packages/airflow/example_dags/example_branch_operator.py
[2026-08-08T18:13:37.800+0000] {processor.py:925} INFO - DAG(s) 'example_branch_operator' retrieved from /home/airflow/.local/lib/python3.12/site-packages/airflow/example_dags/example_branch_operator.py
[2026-08-08T18:13:37.841+0000] {logging_mixin.py:190} INFO - [2026-08-08T18:13:37.840+0000] {dag.py:3211} INFO - Sync 1 DAGs
[2026-08-08T18:13:37.879+0000] {logging_mixin.py:190} INFO - [2026-08-08T18:13:37.878+0000] {dag.py:4138} INFO - Setting next_dagrun for example_branch_operator to 2026-08-07 00:00:00+00:00, run_after=2026-08-08 00:00:00+00:00
[2026-08-08T18:13:37.906+0000] {processor.py:208} INFO - Processing /home/airflow/.local/lib/python3.12/site-packages/airflow/example_dags/example_branch_operator.py took 0.148 seconds
[2026-08-08T18:14:08.417+0000] {processor.py:186} INFO - Started process (PID=226) to work on /home/airflow/.local/lib/python3.12/site-packages/airflow/example_dags/example_branch_operator.py
[2026-08-08T18:14:08.418+0000] {processor.py:914} INFO - Processing file /home/airflow/.local/lib/python3.12/site-packages/airflow/example_dags/example_branch_operator.py for tasks to queue
[2026-08-08T18:14:08.420+0000] {logging_mixin.py:190} INFO - [2026-08-08T18:14:08.420+0000] {dagbag.py:587} INFO - Filling up the DagBag from /home/airflow/.local/lib/python3.12/site-packages/airflow/example_dags/example_branch_operator.py
[2026-08-08T18:14:08.443+0000] {processor.py:925} INFO - DAG(s) 'example_branch_operator' retrieved from /home/airflow/.local/lib/python3.12/site-packages/airflow/example_dags/example_branch_operator.py
[2026-08-08T18:14:08.481+0000] {logging_mixin.py:190} INFO - [2026-08-08T18:14:08.481+0000] {dag.py:3211} INFO - Sync 1 DAGs
[2026-08-08T18:14:08.511+0000] {logging_mixin.py:190} INFO - [2026-08-08T18:14:08.511+0000] {dag.py:4138} INFO - Setting next_dagrun for example_branch_operator to 2026-08-07 00:00:00+00:00, run_after=2026-08-08 00:00:00+00:00
[2026-08-08T18:14:08.541+0000] {processor.py:208} INFO - Processing /home/airflow/.local/lib/python3.12/site-packages/airflow/example_dags/example_branch_operator.py took 0.132 seconds
[2026-08-08T18:14:38.738+0000] {processor.py:186} INFO - Started process (PID=289) to work on /home/airflow/.local/lib/python3.12/site-packages/airflow/example_dags/example_branch_operator.py
[2026-08-08T18:14:38.739+0000] {processor.py:914} INFO - Processing file /home/airflow/.local/lib/python3.12/site-packages/airflow/example_dags/example_branch_operator.py for tasks to queue
[2026-08-08T18:14:38.742+0000] {logging_mixin.py:190} INFO - [2026-08-08T18:14:38.741+0000] {dagbag.py:587} INFO - Filling up the DagBag from /home/airflow/.local/lib/python3.12/site-packages/airflow/example_dags/example_branch_operator.py
[2026-08-08T18:14:38.760+0000] {processor.py:925} INFO - DAG(s) 'example_branch_operator' retrieved from /home/airflow/.local/lib/python3.12/site-packages/airflow/example_dags/example_branch_operator.py
[2026-08-08T18:14:38.793+0000] {logging_mixin.py:190} INFO - [2026-08-08T18:14:38.793+0000] {dag.py:3211} INFO - Sync 1 DAGs
[2026-08-08T18:14:38.819+0000] {logging_mixin.py:190} INFO - [2026-08-08T18:14:38.818+0000] {dag.py:4138} INFO - Setting next_dagrun for example_branch_operator to 2026-08-07 00:00:00+00:00, run_after=2026-08-08 00:00:00+00:00
[2026-08-08T18:14:38.842+0000] {processor.py:208} INFO - Processing /home/airflow/.local/lib/python3.12/site-packages/airflow/example_dags/example_branch_operator.py took 0.112 seconds
[2026-08-08T18:15:10.017+0000] {processor.py:186} INFO - Started process (PID=352) to work on /home/airflow/.local/lib/python3.12/site-packages/airflow/example_dags/example_branch_operator.py
[2026-08-08T18:15:10.024+0000] {processor.py:914} INFO - Processing file /home/airflow/.local/lib/python3.12/site-packages/airflow/example_dags/example_branch_operator.py for tasks to queue
[2026-08-08T18:15:10.031+0000] {logging_mixin.py:190} INFO - [2026-08-08T18:15:10.030+0000] {dagbag.py:587} INFO - Filling up the DagBag from /home/airflow/.local/lib/python3.12/site-packages/airflow/example_dags/example_branch_operator.py
[2026-08-08T18:15:10.066+0000] {processor.py:925} INFO - DAG(s) 'example_branch_operator' retrieved from /home/airflow/.local/lib/python3.12/site-packages/airflow/example_dags/example_branch_operator.py
[2026-08-08T18:15:10.111+0000] {logging_mixin.py:190} INFO - [2026-08-08T18:15:10.110+0000] {dag.py:3211} INFO - Sync 1 DAGs
[2026-08-08T18:15:10.143+0000] {logging_mixin.py:190} INFO - [2026-08-08T18:15:10.143+0000] {dag.py:4138} INFO - Setting next_dagrun for example_branch_operator to 2026-08-07 00:00:00+00:00, run_after=2026-08-08 00:00:00+00:00
[2026-08-08T18:15:10.171+0000] {processor.py:208} INFO - Processing /home/airflow/.local/lib/python3.12/site-packages/airflow/example_dags/example_branch_operator.py took 0.162 seconds
[2026-08-08T18:15:40.622+0000] {processor.py:186} INFO - Started process (PID=415) to work on /home/airflow/.local/lib/python3.12/site-packages/airflow/example_dags/example_branch_operator.py
[2026-08-08T18:15:40.624+0000] {processor.py:914} INFO - Processing file /home/airflow/.local/lib/python3.12/site-packages/airflow/example_dags/example_branch_operator.py for tasks to queue
[2026-08-08T18:15:40.626+0000] {logging_mixin.py:190} INFO - [2026-08-08T18:15:40.626+0000] {dagbag.py:587} INFO - Filling up the DagBag from /home/airflow/.local/lib/python3.12/site-packages/airflow/example_dags/example_branch_operator.py
[2026-08-08T18:15:40.645+0000] {processor.py:925} INFO - DAG(s) 'example_branch_operator' retrieved from /home/airflow/.local/lib/python3.12/site-packages/airflow/example_dags/example_branch_operator.py
[2026-08-08T18:15:40.677+0000] {logging_mixin.py:190} INFO - [2026-08-08T18:15:40.677+0000] {dag.py:3211} INFO - Sync 1 DAGs
[2026-08-08T18:15:40.702+0000] {logging_mixin.py:190} INFO - [2026-08-08T18:15:40.701+0000] {dag.py:4138} INFO - Setting next_dagrun for example_branch_operator to 2026-08-07 00:00:00+00:00, run_after=2026-08-08 00:00:00+00:00
[2026-08-08T18:15:40.722+0000] {processor.py:208} INFO - Processing /home/airflow/.local/lib/python3.12/site-packages/airflow/example_dags/example_branch_operator.py took 0.107 seconds
[2026-08-08T18:17:12.237+0000] {processor.py:186} INFO - Started process (PID=113) to work on /home/airflow/.local/lib/python3.12/site-packages/airflow/example_dags/example_branch_operator.py
[2026-08-08T18:17:12.239+0000] {processor.py:914} INFO - Processing file /home/airflow/.local/lib/python3.12/site-packages/airflow/example_dags/example_branch_operator.py for tasks to queue
[2026-08-08T18:17:12.244+0000] {logging_mixin.py:190} INFO - [2026-08-08T18:17:12.244+0000] {dagbag.py:587} INFO - Filling up the DagBag from /home/airflow/.local/lib/python3.12/site-packages/airflow/example_dags/example_branch_operator.py
[2026-08-08T18:17:12.277+0000] {processor.py:925} INFO - DAG(s) 'example_branch_operator' retrieved from /home/airflow/.local/lib/python3.12/site-packages/airflow/example_dags/example_branch_operator.py
[2026-08-08T18:17:12.464+0000] {logging_mixin.py:190} INFO - [2026-08-08T18:17:12.464+0000] {dag.py:3211} INFO - Sync 1 DAGs
[2026-08-08T18:17:12.494+0000] {logging_mixin.py:190} INFO - [2026-08-08T18:17:12.494+0000] {dag.py:4138} INFO - Setting next_dagrun for example_branch_operator to 2026-08-07 00:00:00+00:00, run_after=2026-08-08 00:00:00+00:00
[2026-08-08T18:17:12.524+0000] {processor.py:208} INFO - Processing /home/airflow/.local/lib/python3.12/site-packages/airflow/example_dags/example_branch_operator.py took 0.299 seconds
[2026-08-08T18:17:42.960+0000] {processor.py:186} INFO - Started process (PID=176) to work on /home/airflow/.local/lib/python3.12/site-packages/airflow/example_dags/example_branch_operator.py
[2026-08-08T18:17:42.962+0000] {processor.py:914} INFO - Processing file /home/airflow/.local/lib/python3.12/site-packages/airflow/example_dags/example_branch_operator.py for tasks to queue
[2026-08-08T18:17:42.965+0000] {logging_mixin.py:190} INFO - [2026-08-08T18:17:42.965+0000] {dagbag.py:587} INFO - Filling up the DagBag from /home/airflow/.local/lib/python3.12/site-packages/airflow/example_dags/example_branch_operator.py
[2026-08-08T18:17:42.983+0000] {processor.py:925} INFO - DAG(s) 'example_branch_operator' retrieved from /home/airflow/.local/lib/python3.12/site-packages/airflow/example_dags/example_branch_operator.py
[2026-08-08T18:17:43.013+0000] {logging_mixin.py:190} INFO - [2026-08-08T18:17:43.013+0000] {dag.py:3211} INFO - Sync 1 DAGs
[2026-08-08T18:17:43.039+0000] {logging_mixin.py:190} INFO - [2026-08-08T18:17:43.039+0000] {dag.py:4138} INFO - Setting next_dagrun for example_branch_operator to 2026-08-07 00:00:00+00:00, run_after=2026-08-08 00:00:00+00:00
[2026-08-08T18:17:43.058+0000] {processor.py:208} INFO - Processing /home/airflow/.local/lib/python3.12/site-packages/airflow/example_dags/example_branch_operator.py took 0.105 seconds
[2026-08-08T18:18:13.786+0000] {processor.py:186} INFO - Started process (PID=239) to work on /home/airflow/.local/lib/python3.12/site-packages/airflow/example_dags/example_branch_operator.py
[2026-08-08T18:18:13.787+0000] {processor.py:914} INFO - Processing file /home/airflow/.local/lib/python3.12/site-packages/airflow/example_dags/example_branch_operator.py for tasks to queue
[2026-08-08T18:18:13.790+0000] {logging_mixin.py:190} INFO - [2026-08-08T18:18:13.790+0000] {dagbag.py:587} INFO - Filling up the DagBag from /home/airflow/.local/lib/python3.12/site-packages/airflow/example_dags/example_branch_operator.py
[2026-08-08T18:18:13.808+0000] {processor.py:925} INFO - DAG(s) 'example_branch_operator' retrieved from /home/airflow/.local/lib/python3.12/site-packages/airflow/example_dags/example_branch_operator.py
[2026-08-08T18:18:13.841+0000] {logging_mixin.py:190} INFO - [2026-08-08T18:18:13.841+0000] {dag.py:3211} INFO - Sync 1 DAGs
[2026-08-08T18:18:13.869+0000] {logging_mixin.py:190} INFO - [2026-08-08T18:18:13.868+0000] {dag.py:4138} INFO - Setting next_dagrun for example_branch_operator to 2026-08-07 00:00:00+00:00, run_after=2026-08-08 00:00:00+00:00
[2026-08-08T18:18:13.896+0000] {processor.py:208} INFO - Processing /home/airflow/.local/lib/python3.12/site-packages/airflow/example_dags/example_branch_operator.py took 0.116 seconds
[2026-08-08T18:18:44.343+0000] {processor.py:186} INFO - Started process (PID=303) to work on /home/airflow/.local/lib/python3.12/site-packages/airflow/example_dags/example_branch_operator.py
[2026-08-08T18:18:44.344+0000] {processor.py:914} INFO - Processing file /home/airflow/.local/lib/python3.12/site-packages/airflow/example_dags/example_branch_operator.py for tasks to queue
[2026-08-08T18:18:44.347+0000] {logging_mixin.py:190} INFO - [2026-08-08T18:18:44.346+0000] {dagbag.py:587} INFO - Filling up the DagBag from /home/airflow/.local/lib/python3.12/site-packages/airflow/example_dags/example_branch_operator.py
[2026-08-08T18:18:44.363+0000] {processor.py:925} INFO - DAG(s) 'example_branch_operator' retrieved from /home/airflow/.local/lib/python3.12/site-packages/airflow/example_dags/example_branch_operator.py
[2026-08-08T18:18:44.407+0000] {logging_mixin.py:190} INFO - [2026-08-08T18:18:44.406+0000] {dag.py:3211} INFO - Sync 1 DAGs
[2026-08-08T18:18:44.442+0000] {logging_mixin.py:190} INFO - [2026-08-08T18:18:44.442+0000] {dag.py:4138} INFO - Setting next_dagrun for example_branch_operator to 2026-08-07 00:00:00+00:00, run_after=2026-08-08 00:00:00+00:00
[2026-08-08T18:18:44.465+0000] {processor.py:208} INFO - Processing /home/airflow/.local/lib/python3.12/site-packages/airflow/example_dags/example_branch_operator.py took 0.129 seconds
[2026-08-08T18:19:15.164+0000] {processor.py:186} INFO - Started process (PID=366) to work on /home/airflow/.local/lib/python3.12/site-packages/airflow/example_dags/example_branch_operator.py
[2026-08-08T18:19:15.166+0000] {processor.py:914} INFO - Processing file /home/airflow/.local/lib/python3.12/site-packages/airflow/example_dags/example_branch_operator.py for tasks to queue
[2026-08-08T18:19:15.171+0000] {logging_mixin.py:190} INFO - [2026-08-08T18:19:15.171+0000] {dagbag.py:587} INFO - Filling up the DagBag from /home/airflow/.local/lib/python3.12/site-packages/airflow/example_dags/example_branch_operator.py
[2026-08-08T18:19:15.195+0000] {processor.py:925} INFO - DAG(s) 'example_branch_operator' retrieved from /home/airflow/.local/lib/python3.12/site-packages/airflow/example_dags/example_branch_operator.py
[2026-08-08T18:19:15.234+0000] {logging_mixin.py:190} INFO - [2026-08-08T18:19:15.234+0000] {dag.py:3211} INFO - Sync 1 DAGs
[2026-08-08T18:19:15.264+0000] {logging_mixin.py:190} INFO - [2026-08-08T18:19:15.264+0000] {dag.py:4138} INFO - Setting next_dagrun for example_branch_operator to 2026-08-07 00:00:00+00:00, run_after=2026-08-08 00:00:00+00:00
[2026-08-08T18:19:15.292+0000] {processor.py:208} INFO - Processing /home/airflow/.local/lib/python3.12/site-packages/airflow/example_dags/example_branch_operator.py took 0.136 seconds
[2026-08-08T18:24:01.391+0000] {processor.py:186} INFO - Started process (PID=428) to work on /home/airflow/.local/lib/python3.12/site-packages/airflow/example_dags/example_branch_operator.py
[2026-08-08T18:24:01.422+0000] {processor.py:914} INFO - Processing file /home/airflow/.local/lib/python3.12/site-packages/airflow/example_dags/example_branch_operator.py for tasks to queue
[2026-08-08T18:24:01.425+0000] {logging_mixin.py:190} INFO - [2026-08-08T18:24:01.425+0000] {dagbag.py:587} INFO - Filling up the DagBag from /home/airflow/.local/lib/python3.12/site-packages/airflow/example_dags/example_branch_operator.py
[2026-08-08T18:24:01.440+0000] {processor.py:925} INFO - DAG(s) 'example_branch_operator' retrieved from /home/airflow/.local/lib/python3.12/site-packages/airflow/example_dags/example_branch_operator.py
[2026-08-08T18:24:01.480+0000] {logging_mixin.py:190} INFO - [2026-08-08T18:24:01.480+0000] {dag.py:3211} INFO - Sync 1 DAGs
[2026-08-08T18:24:01.508+0000] {logging_mixin.py:190} INFO - [2026-08-08T18:24:01.507+0000] {dag.py:4138} INFO - Setting next_dagrun for example_branch_operator to 2026-08-07 00:00:00+00:00, run_after=2026-08-08 00:00:00+00:00
[2026-08-08T18:24:01.547+0000] {processor.py:208} INFO - Processing /home/airflow/.local/lib/python3.12/site-packages/airflow/example_dags/example_branch_operator.py took 0.160 seconds
[2026-08-08T18:24:31.859+0000] {processor.py:186} INFO - Started process (PID=491) to work on /home/airflow/.local/lib/python3.12/site-packages/airflow/example_dags/example_branch_operator.py
[2026-08-08T18:24:31.861+0000] {processor.py:914} INFO - Processing file /home/airflow/.local/lib/python3.12/site-packages/airflow/example_dags/example_branch_operator.py for tasks to queue
[2026-08-08T18:24:31.864+0000] {logging_mixin.py:190} INFO - [2026-08-08T18:24:31.864+0000] {dagbag.py:587} INFO - Filling up the DagBag from /home/airflow/.local/lib/python3.12/site-packages/airflow/example_dags/example_branch_operator.py
[2026-08-08T18:24:31.883+0000] {processor.py:925} INFO - DAG(s) 'example_branch_operator' retrieved from /home/airflow/.local/lib/python3.12/site-packages/airflow/example_dags/example_branch_operator.py
[2026-08-08T18:24:31.919+0000] {logging_mixin.py:190} INFO - [2026-08-08T18:24:31.918+0000] {dag.py:3211} INFO - Sync 1 DAGs
[2026-08-08T18:24:31.945+0000] {logging_mixin.py:190} INFO - [2026-08-08T18:24:31.945+0000] {dag.py:4138} INFO - Setting next_dagrun for example_branch_operator to 2026-08-07 00:00:00+00:00, run_after=2026-08-08 00:00:00+00:00
[2026-08-08T18:24:31.966+0000] {processor.py:208} INFO - Processing /home/airflow/.local/lib/python3.12/site-packages/airflow/example_dags/example_branch_operator.py took 0.114 seconds
[2026-08-08T18:25:02.377+0000] {processor.py:186} INFO - Started process (PID=554) to work on /home/airflow/.local/lib/python3.12/site-packages/airflow/example_dags/example_branch_operator.py
[2026-08-08T18:25:02.379+0000] {processor.py:914} INFO - Processing file /home/airflow/.local/lib/python3.12/site-packages/airflow/example_dags/example_branch_operator.py for tasks to queue
[2026-08-08T18:25:02.382+0000] {logging_mixin.py:190} INFO - [2026-08-08T18:25:02.381+0000] {dagbag.py:587} INFO - Filling up the DagBag from /home/airflow/.local/lib/python3.12/site-packages/airflow/example_dags/example_branch_operator.py
[2026-08-08T18:25:02.400+0000] {processor.py:925} INFO - DAG(s) 'example_branch_operator' retrieved from /home/airflow/.local/lib/python3.12/site-packages/airflow/example_dags/example_branch_operator.py
[2026-08-08T18:25:02.434+0000] {logging_mixin.py:190} INFO - [2026-08-08T18:25:02.434+0000] {dag.py:3211} INFO - Sync 1 DAGs
[2026-08-08T18:25:02.459+0000] {logging_mixin.py:190} INFO - [2026-08-08T18:25:02.459+0000] {dag.py:4138} INFO - Setting next_dagrun for example_branch_operator to 2026-08-07 00:00:00+00:00, run_after=2026-08-08 00:00:00+00:00
[2026-08-08T18:25:02.482+0000] {processor.py:208} INFO - Processing /home/airflow/.local/lib/python3.12/site-packages/airflow/example_dags/example_branch_operator.py took 0.112 seconds
[2026-08-08T18:25:32.983+0000] {processor.py:186} INFO - Started process (PID=617) to work on /home/airflow/.local/lib/python3.12/site-packages/airflow/example_dags/example_branch_operator.py
[2026-08-08T18:25:32.984+0000] {processor.py:914} INFO - Processing file /home/airflow/.local/lib/python3.12/site-packages/airflow/example_dags/example_branch_operator.py for tasks to queue
[2026-08-08T18:25:32.988+0000] {logging_mixin.py:190} INFO - [2026-08-08T18:25:32.987+0000] {dagbag.py:587} INFO - Filling up the DagBag from /home/airflow/.local/lib/python3.12/site-packages/airflow/example_dags/example_branch_operator.py
[2026-08-08T18:25:33.009+0000] {processor.py:925} INFO - DAG(s) 'example_branch_operator' retrieved from /home/airflow/.local/lib/python3.12/site-packages/airflow/example_dags/example_branch_operator.py
[2026-08-08T18:25:33.042+0000] {logging_mixin.py:190} INFO - [2026-08-08T18:25:33.041+0000] {dag.py:3211} INFO - Sync 1 DAGs
[2026-08-08T18:25:33.066+0000] {logging_mixin.py:190} INFO - [2026-08-08T18:25:33.066+0000] {dag.py:4138} INFO - Setting next_dagrun for example_branch_operator to 2026-08-07 00:00:00+00:00, run_after=2026-08-08 00:00:00+00:00
[2026-08-08T18:25:33.089+0000] {processor.py:208} INFO - Processing /home/airflow/.local/lib/python3.12/site-packages/airflow/example_dags/example_branch_operator.py took 0.114 seconds
[2026-08-08T18:26:03.560+0000] {processor.py:186} INFO - Started process (PID=681) to work on /home/airflow/.local/lib/python3.12/site-packages/airflow/example_dags/example_branch_operator.py
[2026-08-08T18:26:03.562+0000] {processor.py:914} INFO - Processing file /home/airflow/.local/lib/python3.12/site-packages/airflow/example_dags/example_branch_operator.py for tasks to queue
[2026-08-08T18:26:03.565+0000] {logging_mixin.py:190} INFO - [2026-08-08T18:26:03.565+0000] {dagbag.py:587} INFO - Filling up the DagBag from /home/airflow/.local/lib/python3.12/site-packages/airflow/example_dags/example_branch_operator.py
[2026-08-08T18:26:03.585+0000] {processor.py:925} INFO - DAG(s) 'example_branch_operator' retrieved from /home/airflow/.local/lib/python3.12/site-packages/airflow/example_dags/example_branch_operator.py
[2026-08-08T18:26:03.617+0000] {logging_mixin.py:190} INFO - [2026-08-08T18:26:03.617+0000] {dag.py:3211} INFO - Sync 1 DAGs
[2026-08-08T18:26:03.642+0000] {logging_mixin.py:190} INFO - [2026-08-08T18:26:03.642+0000] {dag.py:4138} INFO - Setting next_dagrun for example_branch_operator to 2026-08-07 00:00:00+00:00, run_after=2026-08-08 00:00:00+00:00
[2026-08-08T18:26:03.667+0000] {processor.py:208} INFO - Processing /home/airflow/.local/lib/python3.12/site-packages/airflow/example_dags/example_branch_operator.py took 0.115 seconds
[2026-08-08T18:26:34.346+0000] {processor.py:186} INFO - Started process (PID=744) to work on /home/airflow/.local/lib/python3.12/site-packages/airflow/example_dags/example_branch_operator.py
[2026-08-08T18:26:34.348+0000] {processor.py:914} INFO - Processing file /home/airflow/.local/lib/python3.12/site-packages/airflow/example_dags/example_branch_operator.py for tasks to queue
[2026-08-08T18:26:34.351+0000] {logging_mixin.py:190} INFO - [2026-08-08T18:26:34.350+0000] {dagbag.py:587} INFO - Filling up the DagBag from /home/airflow/.local/lib/python3.12/site-packages/airflow/example_dags/example_branch_operator.py
[2026-08-08T18:26:34.369+0000] {processor.py:925} INFO - DAG(s) 'example_branch_operator' retrieved from /home/airflow/.local/lib/python3.12/site-packages/airflow/example_dags/example_branch_operator.py
[2026-08-08T18:26:34.399+0000] {logging_mixin.py:190} INFO - [2026-08-08T18:26:34.399+0000] {dag.py:3211} INFO - Sync 1 DAGs
[2026-08-08T18:26:34.418+0000] {logging_mixin.py:190} INFO - [2026-08-08T18:26:34.418+0000] {dag.py:4138} INFO - Setting next_dagrun for example_branch_operator to 2026-08-07 00:00:00+00:00, run_after=2026-08-08 00:00:00+00:00
[2026-08-08T18:26:34.437+0000] {processor.py:208} INFO - Processing /home/airflow/.local/lib/python3.12/site-packages/airflow/example_dags/example_branch_operator.py took 0.098 seconds
