[2026-08-08T17:25:16.129+0000] {processor.py:186} INFO - Started process (PID=126) to work on /home/airflow/.local/lib/python3.12/site-packages/airflow/example_dags/example_branch_datetime_operator.py
[2026-08-08T17:25:16.130+0000] {processor.py:914} INFO - Processing file /home/airflow/.local/lib/python3.12/site-packages/airflow/example_dags/example_branch_datetime_operator.py for tasks to queue
[2026-08-08T17:25:16.134+0000] {logging_mixin.py:190} INFO - [2026-08-08T17:25:16.134+0000] {dagbag.py:587} INFO - Filling up the DagBag from /home/airflow/.local/lib/python3.12/site-packages/airflow/example_dags/example_branch_datetime_operator.py
[2026-08-08T17:25:16.148+0000] {processor.py:925} INFO - DAG(s) 'example_branch_datetime_operator', 'example_branch_datetime_operator_3', 'example_branch_datetime_operator_2' retrieved from /home/airflow/.local/lib/python3.12/site-packages/airflow/example_dags/example_branch_datetime_operator.py
[2026-08-08T17:25:16.236+0000] {logging_mixin.py:190} INFO - [2026-08-08T17:25:16.235+0000] {override.py:1858} INFO - Created Permission View: can delete on DAG:example_branch_datetime_operator
[2026-08-08T17:25:16.248+0000] {logging_mixin.py:190} INFO - [2026-08-08T17:25:16.247+0000] {override.py:1858} INFO - Created Permission View: can edit on DAG:example_branch_datetime_operator
[2026-08-08T17:25:16.256+0000] {logging_mixin.py:190} INFO - [2026-08-08T17:25:16.255+0000] {override.py:1858} INFO - Created Permission View: can read on DAG:example_branch_datetime_operator
[2026-08-08T17:25:16.272+0000] {logging_mixin.py:190} INFO - [2026-08-08T17:25:16.272+0000] {override.py:1858} INFO - Created Permission View: can delete on DAG:example_branch_datetime_operator_3
[2026-08-08T17:25:16.280+0000] {logging_mixin.py:190} INFO - [2026-08-08T17:25:16.280+0000] {override.py:1858} INFO - Created Permission View: can edit on DAG:example_branch_datetime_operator_3
[2026-08-08T17:25:16.287+0000] {logging_mixin.py:190} INFO - [2026-08-08T17:25:16.287+0000] {override.py:1858} INFO - Created Permission View: can read on DAG:example_branch_datetime_operator_3
[2026-08-08T17:25:16.302+0000] {logging_mixin.py:190} INFO - [2026-08-08T17:25:16.302+0000] {override.py:1858} INFO - Created Permission View: can delete on DAG:example_branch_datetime_operator_2
[2026-08-08T17:25:16.313+0000] {logging_mixin.py:190} INFO - [2026-08-08T17:25:16.313+0000] {override.py:1858} INFO - Created Permission View: can edit on DAG:example_branch_datetime_operator_2
[2026-08-08T17:25:16.321+0000] {logging_mixin.py:190} INFO - [2026-08-08T17:25:16.320+0000] {override.py:1858} INFO - Created Permission View: can read on DAG:example_branch_datetime_operator_2
[2026-08-08T17:25:16.321+0000] {logging_mixin.py:190} INFO - [2026-08-08T17:25:16.321+0000] {dag.py:3211} INFO - Sync 3 DAGs
[2026-08-08T17:25:16.333+0000] {logging_mixin.py:190} INFO - [2026-08-08T17:25:16.333+0000] {dag.py:3234} INFO - Creating ORM DAG for example_branch_datetime_operator
[2026-08-08T17:25:16.334+0000] {logging_mixin.py:190} INFO - [2026-08-08T17:25:16.334+0000] {dag.py:3234} INFO - Creating ORM DAG for example_branch_datetime_operator_2
[2026-08-08T17:25:16.335+0000] {logging_mixin.py:190} INFO - [2026-08-08T17:25:16.335+0000] {dag.py:3234} INFO - Creating ORM DAG for example_branch_datetime_operator_3
[2026-08-08T17:25:16.344+0000] {logging_mixin.py:190} INFO - [2026-08-08T17:25:16.344+0000] {dag.py:4138} INFO - Setting next_dagrun for example_branch_datetime_operator to 2026-08-07 00:00:00+00:00, run_after=2026-08-08 00:00:00+00:00
[2026-08-08T17:25:16.346+0000] {logging_mixin.py:190} INFO - [2026-08-08T17:25:16.345+0000] {dag.py:4138} INFO - Setting next_dagrun for example_branch_datetime_operator_2 to 2026-08-07 00:00:00+00:00, run_after=2026-08-08 00:00:00+00:00
[2026-08-08T17:25:16.348+0000] {logging_mixin.py:190} INFO - [2026-08-08T17:25:16.347+0000] {dag.py:4138} INFO - Setting next_dagrun for example_branch_datetime_operator_3 to 2026-08-07 00:00:00+00:00, run_after=2026-08-08 00:00:00+00:00
[2026-08-08T17:25:16.365+0000] {processor.py:208} INFO - Processing /home/airflow/.local/lib/python3.12/site-packages/airflow/example_dags/example_branch_datetime_operator.py took 0.242 seconds
[2026-08-08T17:25:47.011+0000] {processor.py:186} INFO - Started process (PID=189) to work on /home/airflow/.local/lib/python3.12/site-packages/airflow/example_dags/example_branch_datetime_operator.py
[2026-08-08T17:25:47.012+0000] {processor.py:914} INFO - Processing file /home/airflow/.local/lib/python3.12/site-packages/airflow/example_dags/example_branch_datetime_operator.py for tasks to queue
[2026-08-08T17:25:47.014+0000] {logging_mixin.py:190} INFO - [2026-08-08T17:25:47.014+0000] {dagbag.py:587} INFO - Filling up the DagBag from /home/airflow/.local/lib/python3.12/site-packages/airflow/example_dags/example_branch_datetime_operator.py
[2026-08-08T17:25:47.023+0000] {processor.py:925} INFO - DAG(s) 'example_branch_datetime_operator_3', 'example_branch_datetime_operator', 'example_branch_datetime_operator_2' retrieved from /home/airflow/.local/lib/python3.12/site-packages/airflow/example_dags/example_branch_datetime_operator.py
[2026-08-08T17:25:47.042+0000] {logging_mixin.py:190} INFO - [2026-08-08T17:25:47.042+0000] {dag.py:3211} INFO - Sync 3 DAGs
[2026-08-08T17:25:47.059+0000] {logging_mixin.py:190} INFO - [2026-08-08T17:25:47.059+0000] {dag.py:4138} INFO - Setting next_dagrun for example_branch_datetime_operator to 2026-08-07 00:00:00+00:00, run_after=2026-08-08 00:00:00+00:00
[2026-08-08T17:25:47.063+0000] {logging_mixin.py:190} INFO - [2026-08-08T17:25:47.063+0000] {dag.py:4138} INFO - Setting next_dagrun for example_branch_datetime_operator_2 to 2026-08-07 00:00:00+00:00, run_after=2026-08-08 00:00:00+00:00
[2026-08-08T17:25:47.065+0000] {logging_mixin.py:190} INFO - [2026-08-08T17:25:47.065+0000] {dag.py:4138} INFO - Setting next_dagrun for example_branch_datetime_operator_3 to 2026-08-07 00:00:00+00:00, run_after=2026-08-08 00:00:00+00:00
[2026-08-08T17:25:47.082+0000] {processor.py:208} INFO - Processing /home/airflow/.local/lib/python3.12/site-packages/airflow/example_dags/example_branch_datetime_operator.py took 0.077 seconds
[2026-08-08T17:26:17.818+0000] {processor.py:186} INFO - Started process (PID=252) to work on /home/airflow/.local/lib/python3.12/site-packages/airflow/example_dags/example_branch_datetime_operator.py
[2026-08-08T17:26:17.820+0000] {processor.py:914} INFO - Processing file /home/airflow/.local/lib/python3.12/site-packages/airflow/example_dags/example_branch_datetime_operator.py for tasks to queue
[2026-08-08T17:26:17.823+0000] {logging_mixin.py:190} INFO - [2026-08-08T17:26:17.823+0000] {dagbag.py:587} INFO - Filling up the DagBag from /home/airflow/.local/lib/python3.12/site-packages/airflow/example_dags/example_branch_datetime_operator.py
[2026-08-08T17:26:17.835+0000] {processor.py:925} INFO - DAG(s) 'example_branch_datetime_operator', 'example_branch_datetime_operator_3', 'example_branch_datetime_operator_2' retrieved from /home/airflow/.local/lib/python3.12/site-packages/airflow/example_dags/example_branch_datetime_operator.py
[2026-08-08T17:26:17.861+0000] {logging_mixin.py:190} INFO - [2026-08-08T17:26:17.861+0000] {dag.py:3211} INFO - Sync 3 DAGs
[2026-08-08T17:26:17.880+0000] {logging_mixin.py:190} INFO - [2026-08-08T17:26:17.880+0000] {dag.py:4138} INFO - Setting next_dagrun for example_branch_datetime_operator to 2026-08-07 00:00:00+00:00, run_after=2026-08-08 00:00:00+00:00
[2026-08-08T17:26:17.883+0000] {logging_mixin.py:190} INFO - [2026-08-08T17:26:17.883+0000] {dag.py:4138} INFO - Setting next_dagrun for example_branch_datetime_operator_2 to 2026-08-07 00:00:00+00:00, run_after=2026-08-08 00:00:00+00:00
[2026-08-08T17:26:17.887+0000] {logging_mixin.py:190} INFO - [2026-08-08T17:26:17.886+0000] {dag.py:4138} INFO - Setting next_dagrun for example_branch_datetime_operator_3 to 2026-08-07 00:00:00+00:00, run_after=2026-08-08 00:00:00+00:00
[2026-08-08T17:26:17.907+0000] {processor.py:208} INFO - Processing /home/airflow/.local/lib/python3.12/site-packages/airflow/example_dags/example_branch_datetime_operator.py took 0.098 seconds
[2026-08-08T17:26:47.992+0000] {processor.py:186} INFO - Started process (PID=315) to work on /home/airflow/.local/lib/python3.12/site-packages/airflow/example_dags/example_branch_datetime_operator.py
[2026-08-08T17:26:47.993+0000] {processor.py:914} INFO - Processing file /home/airflow/.local/lib/python3.12/site-packages/airflow/example_dags/example_branch_datetime_operator.py for tasks to queue
[2026-08-08T17:26:47.995+0000] {logging_mixin.py:190} INFO - [2026-08-08T17:26:47.995+0000] {dagbag.py:587} INFO - Filling up the DagBag from /home/airflow/.local/lib/python3.12/site-packages/airflow/example_dags/example_branch_datetime_operator.py
[2026-08-08T17:26:48.007+0000] {processor.py:925} INFO - DAG(s) 'example_branch_datetime_operator', 'example_branch_datetime_operator_2', 'example_branch_datetime_operator_3' retrieved from /home/airflow/.local/lib/python3.12/site-packages/airflow/example_dags/example_branch_datetime_operator.py
[2026-08-08T17:26:48.029+0000] {logging_mixin.py:190} INFO - [2026-08-08T17:26:48.029+0000] {dag.py:3211} INFO - Sync 3 DAGs
[2026-08-08T17:26:48.049+0000] {logging_mixin.py:190} INFO - [2026-08-08T17:26:48.049+0000] {dag.py:4138} INFO - Setting next_dagrun for example_branch_datetime_operator to 2026-08-07 00:00:00+00:00, run_after=2026-08-08 00:00:00+00:00
[2026-08-08T17:26:48.053+0000] {logging_mixin.py:190} INFO - [2026-08-08T17:26:48.053+0000] {dag.py:4138} INFO - Setting next_dagrun for example_branch_datetime_operator_2 to 2026-08-07 00:00:00+00:00, run_after=2026-08-08 00:00:00+00:00
[2026-08-08T17:26:48.055+0000] {logging_mixin.py:190} INFO - [2026-08-08T17:26:48.055+0000] {dag.py:4138} INFO - Setting next_dagrun for example_branch_datetime_operator_3 to 2026-08-07 00:00:00+00:00, run_after=2026-08-08 00:00:00+00:00
[2026-08-08T17:26:48.072+0000] {processor.py:208} INFO - Processing /home/airflow/.local/lib/python3.12/site-packages/airflow/example_dags/example_branch_datetime_operator.py took 0.084 seconds
[2026-08-08T17:27:18.151+0000] {processor.py:186} INFO - Started process (PID=378) to work on /home/airflow/.local/lib/python3.12/site-packages/airflow/example_dags/example_branch_datetime_operator.py
[2026-08-08T17:27:18.153+0000] {processor.py:914} INFO - Processing file /home/airflow/.local/lib/python3.12/site-packages/airflow/example_dags/example_branch_datetime_operator.py for tasks to queue
[2026-08-08T17:27:18.155+0000] {logging_mixin.py:190} INFO - [2026-08-08T17:27:18.155+0000] {dagbag.py:587} INFO - Filling up the DagBag from /home/airflow/.local/lib/python3.12/site-packages/airflow/example_dags/example_branch_datetime_operator.py
[2026-08-08T17:27:18.163+0000] {processor.py:925} INFO - DAG(s) 'example_branch_datetime_operator_3', 'example_branch_datetime_operator', 'example_branch_datetime_operator_2' retrieved from /home/airflow/.local/lib/python3.12/site-packages/airflow/example_dags/example_branch_datetime_operator.py
[2026-08-08T17:27:18.184+0000] {logging_mixin.py:190} INFO - [2026-08-08T17:27:18.184+0000] {dag.py:3211} INFO - Sync 3 DAGs
[2026-08-08T17:27:18.200+0000] {logging_mixin.py:190} INFO - [2026-08-08T17:27:18.200+0000] {dag.py:4138} INFO - Setting next_dagrun for example_branch_datetime_operator to 2026-08-07 00:00:00+00:00, run_after=2026-08-08 00:00:00+00:00
[2026-08-08T17:27:18.203+0000] {logging_mixin.py:190} INFO - [2026-08-08T17:27:18.203+0000] {dag.py:4138} INFO - Setting next_dagrun for example_branch_datetime_operator_2 to 2026-08-07 00:00:00+00:00, run_after=2026-08-08 00:00:00+00:00
[2026-08-08T17:27:18.205+0000] {logging_mixin.py:190} INFO - [2026-08-08T17:27:18.205+0000] {dag.py:4138} INFO - Setting next_dagrun for example_branch_datetime_operator_3 to 2026-08-07 00:00:00+00:00, run_after=2026-08-08 00:00:00+00:00
[2026-08-08T17:27:18.219+0000] {processor.py:208} INFO - Processing /home/airflow/.local/lib/python3.12/site-packages/airflow/example_dags/example_branch_datetime_operator.py took 0.073 seconds
[2026-08-08T17:27:48.674+0000] {processor.py:186} INFO - Started process (PID=441) to work on /home/airflow/.local/lib/python3.12/site-packages/airflow/example_dags/example_branch_datetime_operator.py
[2026-08-08T17:27:48.675+0000] {processor.py:914} INFO - Processing file /home/airflow/.local/lib/python3.12/site-packages/airflow/example_dags/example_branch_datetime_operator.py for tasks to queue
[2026-08-08T17:27:48.677+0000] {logging_mixin.py:190} INFO - [2026-08-08T17:27:48.677+0000] {dagbag.py:587} INFO - Filling up the DagBag from /home/airflow/.local/lib/python3.12/site-packages/airflow/example_dags/example_branch_datetime_operator.py
[2026-08-08T17:27:48.686+0000] {processor.py:925} INFO - DAG(s) 'example_branch_datetime_operator_3', 'example_branch_datetime_operator_2', 'example_branch_datetime_operator' retrieved from /home/airflow/.local/lib/python3.12/site-packages/airflow/example_dags/example_branch_datetime_operator.py
[2026-08-08T17:27:48.706+0000] {logging_mixin.py:190} INFO - [2026-08-08T17:27:48.705+0000] {dag.py:3211} INFO - Sync 3 DAGs
[2026-08-08T17:27:48.721+0000] {logging_mixin.py:190} INFO - [2026-08-08T17:27:48.721+0000] {dag.py:4138} INFO - Setting next_dagrun for example_branch_datetime_operator to 2026-08-07 00:00:00+00:00, run_after=2026-08-08 00:00:00+00:00
[2026-08-08T17:27:48.724+0000] {logging_mixin.py:190} INFO - [2026-08-08T17:27:48.724+0000] {dag.py:4138} INFO - Setting next_dagrun for example_branch_datetime_operator_2 to 2026-08-07 00:00:00+00:00, run_after=2026-08-08 00:00:00+00:00
[2026-08-08T17:27:48.726+0000] {logging_mixin.py:190} INFO - [2026-08-08T17:27:48.726+0000] {dag.py:4138} INFO - Setting next_dagrun for example_branch_datetime_operator_3 to 2026-08-07 00:00:00+00:00, run_after=2026-08-08 00:00:00+00:00
[2026-08-08T17:27:48.743+0000] {processor.py:208} INFO - Processing /home/airflow/.local/lib/python3.12/site-packages/airflow/example_dags/example_branch_datetime_operator.py took 0.073 seconds
[2026-08-08T17:28:19.597+0000] {processor.py:186} INFO - Started process (PID=504) to work on /home/airflow/.local/lib/python3.12/site-packages/airflow/example_dags/example_branch_datetime_operator.py
[2026-08-08T17:28:19.599+0000] {processor.py:914} INFO - Processing file /home/airflow/.local/lib/python3.12/site-packages/airflow/example_dags/example_branch_datetime_operator.py for tasks to queue
[2026-08-08T17:28:19.602+0000] {logging_mixin.py:190} INFO - [2026-08-08T17:28:19.601+0000] {dagbag.py:587} INFO - Filling up the DagBag from /home/airflow/.local/lib/python3.12/site-packages/airflow/example_dags/example_branch_datetime_operator.py
[2026-08-08T17:28:19.617+0000] {processor.py:925} INFO - DAG(s) 'example_branch_datetime_operator_2', 'example_branch_datetime_operator_3', 'example_branch_datetime_operator' retrieved from /home/airflow/.local/lib/python3.12/site-packages/airflow/example_dags/example_branch_datetime_operator.py
[2026-08-08T17:28:19.655+0000] {logging_mixin.py:190} INFO - [2026-08-08T17:28:19.654+0000] {dag.py:3211} INFO - Sync 3 DAGs
[2026-08-08T17:28:19.688+0000] {logging_mixin.py:190} INFO - [2026-08-08T17:28:19.687+0000] {dag.py:4138} INFO - Setting next_dagrun for example_branch_datetime_operator to 2026-08-07 00:00:00+00:00, run_after=2026-08-08 00:00:00+00:00
[2026-08-08T17:28:19.694+0000] {logging_mixin.py:190} INFO - [2026-08-08T17:28:19.694+0000] {dag.py:4138} INFO - Setting next_dagrun for example_branch_datetime_operator_2 to 2026-08-07 00:00:00+00:00, run_after=2026-08-08 00:00:00+00:00
[2026-08-08T17:28:19.698+0000] {logging_mixin.py:190} INFO - [2026-08-08T17:28:19.697+0000] {dag.py:4138} INFO - Setting next_dagrun for example_branch_datetime_operator_3 to 2026-08-07 00:00:00+00:00, run_after=2026-08-08 00:00:00+00:00
[2026-08-08T17:28:19.721+0000] {processor.py:208} INFO - Processing /home/airflow/.local/lib/python3.12/site-packages/airflow/example_dags/example_branch_datetime_operator.py took 0.134 seconds
[2026-08-08T17:28:50.491+0000] {processor.py:186} INFO - Started process (PID=567) to work on /home/airflow/.local/lib/python3.12/site-packages/airflow/example_dags/example_branch_datetime_operator.py
[2026-08-08T17:28:50.492+0000] {processor.py:914} INFO - Processing file /home/airflow/.local/lib/python3.12/site-packages/airflow/example_dags/example_branch_datetime_operator.py for tasks to queue
[2026-08-08T17:28:50.495+0000] {logging_mixin.py:190} INFO - [2026-08-08T17:28:50.495+0000] {dagbag.py:587} INFO - Filling up the DagBag from /home/airflow/.local/lib/python3.12/site-packages/airflow/example_dags/example_branch_datetime_operator.py
[2026-08-08T17:28:50.505+0000] {processor.py:925} INFO - DAG(s) 'example_branch_datetime_operator_2', 'example_branch_datetime_operator_3', 'example_branch_datetime_operator' retrieved from /home/airflow/.local/lib/python3.12/site-packages/airflow/example_dags/example_branch_datetime_operator.py
[2026-08-08T17:28:50.527+0000] {logging_mixin.py:190} INFO - [2026-08-08T17:28:50.527+0000] {dag.py:3211} INFO - Sync 3 DAGs
[2026-08-08T17:28:50.548+0000] {logging_mixin.py:190} INFO - [2026-08-08T17:28:50.548+0000] {dag.py:4138} INFO - Setting next_dagrun for example_branch_datetime_operator to 2026-08-07 00:00:00+00:00, run_after=2026-08-08 00:00:00+00:00
[2026-08-08T17:28:50.552+0000] {logging_mixin.py:190} INFO - [2026-08-08T17:28:50.552+0000] {dag.py:4138} INFO - Setting next_dagrun for example_branch_datetime_operator_2 to 2026-08-07 00:00:00+00:00, run_after=2026-08-08 00:00:00+00:00
[2026-08-08T17:28:50.554+0000] {logging_mixin.py:190} INFO - [2026-08-08T17:28:50.554+0000] {dag.py:4138} INFO - Setting next_dagrun for example_branch_datetime_operator_3 to 2026-08-07 00:00:00+00:00, run_after=2026-08-08 00:00:00+00:00
[2026-08-08T17:28:50.568+0000] {processor.py:208} INFO - Processing /home/airflow/.local/lib/python3.12/site-packages/airflow/example_dags/example_branch_datetime_operator.py took 0.085 seconds
[2026-08-08T17:29:20.680+0000] {processor.py:186} INFO - Started process (PID=630) to work on /home/airflow/.local/lib/python3.12/site-packages/airflow/example_dags/example_branch_datetime_operator.py
[2026-08-08T17:29:20.681+0000] {processor.py:914} INFO - Processing file /home/airflow/.local/lib/python3.12/site-packages/airflow/example_dags/example_branch_datetime_operator.py for tasks to queue
[2026-08-08T17:29:20.684+0000] {logging_mixin.py:190} INFO - [2026-08-08T17:29:20.684+0000] {dagbag.py:587} INFO - Filling up the DagBag from /home/airflow/.local/lib/python3.12/site-packages/airflow/example_dags/example_branch_datetime_operator.py
[2026-08-08T17:29:20.695+0000] {processor.py:925} INFO - DAG(s) 'example_branch_datetime_operator_3', 'example_branch_datetime_operator', 'example_branch_datetime_operator_2' retrieved from /home/airflow/.local/lib/python3.12/site-packages/airflow/example_dags/example_branch_datetime_operator.py
[2026-08-08T17:29:20.724+0000] {logging_mixin.py:190} INFO - [2026-08-08T17:29:20.724+0000] {dag.py:3211} INFO - Sync 3 DAGs
[2026-08-08T17:29:20.745+0000] {logging_mixin.py:190} INFO - [2026-08-08T17:29:20.745+0000] {dag.py:4138} INFO - Setting next_dagrun for example_branch_datetime_operator to 2026-08-07 00:00:00+00:00, run_after=2026-08-08 00:00:00+00:00
[2026-08-08T17:29:20.749+0000] {logging_mixin.py:190} INFO - [2026-08-08T17:29:20.749+0000] {dag.py:4138} INFO - Setting next_dagrun for example_branch_datetime_operator_2 to 2026-08-07 00:00:00+00:00, run_after=2026-08-08 00:00:00+00:00
[2026-08-08T17:29:20.751+0000] {logging_mixin.py:190} INFO - [2026-08-08T17:29:20.751+0000] {dag.py:4138} INFO - Setting next_dagrun for example_branch_datetime_operator_3 to 2026-08-07 00:00:00+00:00, run_after=2026-08-08 00:00:00+00:00
[2026-08-08T17:29:20.771+0000] {processor.py:208} INFO - Processing /home/airflow/.local/lib/python3.12/site-packages/airflow/example_dags/example_branch_datetime_operator.py took 0.097 seconds
[2026-08-08T17:29:51.584+0000] {processor.py:186} INFO - Started process (PID=693) to work on /home/airflow/.local/lib/python3.12/site-packages/airflow/example_dags/example_branch_datetime_operator.py
[2026-08-08T17:29:51.585+0000] {processor.py:914} INFO - Processing file /home/airflow/.local/lib/python3.12/site-packages/airflow/example_dags/example_branch_datetime_operator.py for tasks to queue
[2026-08-08T17:29:51.588+0000] {logging_mixin.py:190} INFO - [2026-08-08T17:29:51.588+0000] {dagbag.py:587} INFO - Filling up the DagBag from /home/airflow/.local/lib/python3.12/site-packages/airflow/example_dags/example_branch_datetime_operator.py
[2026-08-08T17:29:51.600+0000] {processor.py:925} INFO - DAG(s) 'example_branch_datetime_operator', 'example_branch_datetime_operator_3', 'example_branch_datetime_operator_2' retrieved from /home/airflow/.local/lib/python3.12/site-packages/airflow/example_dags/example_branch_datetime_operator.py
[2026-08-08T17:29:51.632+0000] {logging_mixin.py:190} INFO - [2026-08-08T17:29:51.632+0000] {dag.py:3211} INFO - Sync 3 DAGs
[2026-08-08T17:29:51.657+0000] {logging_mixin.py:190} INFO - [2026-08-08T17:29:51.656+0000] {dag.py:4138} INFO - Setting next_dagrun for example_branch_datetime_operator to 2026-08-07 00:00:00+00:00, run_after=2026-08-08 00:00:00+00:00
[2026-08-08T17:29:51.664+0000] {logging_mixin.py:190} INFO - [2026-08-08T17:29:51.663+0000] {dag.py:4138} INFO - Setting next_dagrun for example_branch_datetime_operator_2 to 2026-08-07 00:00:00+00:00, run_after=2026-08-08 00:00:00+00:00
[2026-08-08T17:29:51.666+0000] {logging_mixin.py:190} INFO - [2026-08-08T17:29:51.666+0000] {dag.py:4138} INFO - Setting next_dagrun for example_branch_datetime_operator_3 to 2026-08-07 00:00:00+00:00, run_after=2026-08-08 00:00:00+00:00
[2026-08-08T17:29:51.685+0000] {processor.py:208} INFO - Processing /home/airflow/.local/lib/python3.12/site-packages/airflow/example_dags/example_branch_datetime_operator.py took 0.110 seconds
[2026-08-08T17:30:22.508+0000] {processor.py:186} INFO - Started process (PID=756) to work on /home/airflow/.local/lib/python3.12/site-packages/airflow/example_dags/example_branch_datetime_operator.py
[2026-08-08T17:30:22.510+0000] {processor.py:914} INFO - Processing file /home/airflow/.local/lib/python3.12/site-packages/airflow/example_dags/example_branch_datetime_operator.py for tasks to queue
[2026-08-08T17:30:22.513+0000] {logging_mixin.py:190} INFO - [2026-08-08T17:30:22.513+0000] {dagbag.py:587} INFO - Filling up the DagBag from /home/airflow/.local/lib/python3.12/site-packages/airflow/example_dags/example_branch_datetime_operator.py
[2026-08-08T17:30:22.530+0000] {processor.py:925} INFO - DAG(s) 'example_branch_datetime_operator_3', 'example_branch_datetime_operator_2', 'example_branch_datetime_operator' retrieved from /home/airflow/.local/lib/python3.12/site-packages/airflow/example_dags/example_branch_datetime_operator.py
[2026-08-08T17:30:22.569+0000] {logging_mixin.py:190} INFO - [2026-08-08T17:30:22.568+0000] {dag.py:3211} INFO - Sync 3 DAGs
[2026-08-08T17:30:22.597+0000] {logging_mixin.py:190} INFO - [2026-08-08T17:30:22.597+0000] {dag.py:4138} INFO - Setting next_dagrun for example_branch_datetime_operator to 2026-08-07 00:00:00+00:00, run_after=2026-08-08 00:00:00+00:00
[2026-08-08T17:30:22.601+0000] {logging_mixin.py:190} INFO - [2026-08-08T17:30:22.601+0000] {dag.py:4138} INFO - Setting next_dagrun for example_branch_datetime_operator_2 to 2026-08-07 00:00:00+00:00, run_after=2026-08-08 00:00:00+00:00
[2026-08-08T17:30:22.605+0000] {logging_mixin.py:190} INFO - [2026-08-08T17:30:22.604+0000] {dag.py:4138} INFO - Setting next_dagrun for example_branch_datetime_operator_3 to 2026-08-07 00:00:00+00:00, run_after=2026-08-08 00:00:00+00:00
[2026-08-08T17:30:22.626+0000] {processor.py:208} INFO - Processing /home/airflow/.local/lib/python3.12/site-packages/airflow/example_dags/example_branch_datetime_operator.py took 0.129 seconds
[2026-08-08T17:30:52.725+0000] {processor.py:186} INFO - Started process (PID=819) to work on /home/airflow/.local/lib/python3.12/site-packages/airflow/example_dags/example_branch_datetime_operator.py
[2026-08-08T17:30:52.726+0000] {processor.py:914} INFO - Processing file /home/airflow/.local/lib/python3.12/site-packages/airflow/example_dags/example_branch_datetime_operator.py for tasks to queue
[2026-08-08T17:30:52.728+0000] {logging_mixin.py:190} INFO - [2026-08-08T17:30:52.728+0000] {dagbag.py:587} INFO - Filling up the DagBag from /home/airflow/.local/lib/python3.12/site-packages/airflow/example_dags/example_branch_datetime_operator.py
[2026-08-08T17:30:52.737+0000] {processor.py:925} INFO - DAG(s) 'example_branch_datetime_operator', 'example_branch_datetime_operator_2', 'example_branch_datetime_operator_3' retrieved from /home/airflow/.local/lib/python3.12/site-packages/airflow/example_dags/example_branch_datetime_operator.py
[2026-08-08T17:30:52.756+0000] {logging_mixin.py:190} INFO - [2026-08-08T17:30:52.756+0000] {dag.py:3211} INFO - Sync 3 DAGs
[2026-08-08T17:30:52.773+0000] {logging_mixin.py:190} INFO - [2026-08-08T17:30:52.773+0000] {dag.py:4138} INFO - Setting next_dagrun for example_branch_datetime_operator to 2026-08-07 00:00:00+00:00, run_after=2026-08-08 00:00:00+00:00
[2026-08-08T17:30:52.776+0000] {logging_mixin.py:190} INFO - [2026-08-08T17:30:52.776+0000] {dag.py:4138} INFO - Setting next_dagrun for example_branch_datetime_operator_2 to 2026-08-07 00:00:00+00:00, run_after=2026-08-08 00:00:00+00:00
[2026-08-08T17:30:52.778+0000] {logging_mixin.py:190} INFO - [2026-08-08T17:30:52.778+0000] {dag.py:4138} INFO - Setting next_dagrun for example_branch_datetime_operator_3 to 2026-08-07 00:00:00+00:00, run_after=2026-08-08 00:00:00+00:00
[2026-08-08T17:30:52.793+0000] {processor.py:208} INFO - Processing /home/airflow/.local/lib/python3.12/site-packages/airflow/example_dags/example_branch_datetime_operator.py took 0.073 seconds
[2026-08-08T17:31:23.479+0000] {processor.py:186} INFO - Started process (PID=882) to work on /home/airflow/.local/lib/python3.12/site-packages/airflow/example_dags/example_branch_datetime_operator.py
[2026-08-08T17:31:23.481+0000] {processor.py:914} INFO - Processing file /home/airflow/.local/lib/python3.12/site-packages/airflow/example_dags/example_branch_datetime_operator.py for tasks to queue
[2026-08-08T17:31:23.485+0000] {logging_mixin.py:190} INFO - [2026-08-08T17:31:23.484+0000] {dagbag.py:587} INFO - Filling up the DagBag from /home/airflow/.local/lib/python3.12/site-packages/airflow/example_dags/example_branch_datetime_operator.py
[2026-08-08T17:31:23.500+0000] {processor.py:925} INFO - DAG(s) 'example_branch_datetime_operator_2', 'example_branch_datetime_operator', 'example_branch_datetime_operator_3' retrieved from /home/airflow/.local/lib/python3.12/site-packages/airflow/example_dags/example_branch_datetime_operator.py
[2026-08-08T17:31:23.533+0000] {logging_mixin.py:190} INFO - [2026-08-08T17:31:23.532+0000] {dag.py:3211} INFO - Sync 3 DAGs
[2026-08-08T17:31:23.567+0000] {logging_mixin.py:190} INFO - [2026-08-08T17:31:23.567+0000] {dag.py:4138} INFO - Setting next_dagrun for example_branch_datetime_operator to 2026-08-07 00:00:00+00:00, run_after=2026-08-08 00:00:00+00:00
[2026-08-08T17:31:23.573+0000] {logging_mixin.py:190} INFO - [2026-08-08T17:31:23.572+0000] {dag.py:4138} INFO - Setting next_dagrun for example_branch_datetime_operator_2 to 2026-08-07 00:00:00+00:00, run_after=2026-08-08 00:00:00+00:00
[2026-08-08T17:31:23.577+0000] {logging_mixin.py:190} INFO - [2026-08-08T17:31:23.576+0000] {dag.py:4138} INFO - Setting next_dagrun for example_branch_datetime_operator_3 to 2026-08-07 00:00:00+00:00, run_after=2026-08-08 00:00:00+00:00
[2026-08-08T17:31:23.597+0000] {processor.py:208} INFO - Processing /home/airflow/.local/lib/python3.12/site-packages/airflow/example_dags/example_branch_datetime_operator.py took 0.126 seconds
[2026-08-08T17:31:55.126+0000] {processor.py:186} INFO - Started process (PID=945) to work on /home/airflow/.local/lib/python3.12/site-packages/airflow/example_dags/example_branch_datetime_operator.py
[2026-08-08T17:31:55.127+0000] {processor.py:914} INFO - Processing file /home/airflow/.local/lib/python3.12/site-packages/airflow/example_dags/example_branch_datetime_operator.py for tasks to queue
[2026-08-08T17:31:55.130+0000] {logging_mixin.py:190} INFO - [2026-08-08T17:31:55.129+0000] {dagbag.py:587} INFO - Filling up the DagBag from /home/airflow/.local/lib/python3.12/site-packages/airflow/example_dags/example_branch_datetime_operator.py
[2026-08-08T17:31:55.142+0000] {processor.py:925} INFO - DAG(s) 'example_branch_datetime_operator_3', 'example_branch_datetime_operator_2', 'example_branch_datetime_operator' retrieved from /home/airflow/.local/lib/python3.12/site-packages/airflow/example_dags/example_branch_datetime_operator.py
[2026-08-08T17:31:55.171+0000] {logging_mixin.py:190} INFO - [2026-08-08T17:31:55.171+0000] {dag.py:3211} INFO - Sync 3 DAGs
[2026-08-08T17:31:55.199+0000] {logging_mixin.py:190} INFO - [2026-08-08T17:31:55.199+0000] {dag.py:4138} INFO - Setting next_dagrun for example_branch_datetime_operator to 2026-08-07 00:00:00+00:00, run_after=2026-08-08 00:00:00+00:00
[2026-08-08T17:31:55.203+0000] {logging_mixin.py:190} INFO - [2026-08-08T17:31:55.203+0000] {dag.py:4138} INFO - Setting next_dagrun for example_branch_datetime_operator_2 to 2026-08-07 00:00:00+00:00, run_after=2026-08-08 00:00:00+00:00
[2026-08-08T17:31:55.206+0000] {logging_mixin.py:190} INFO - [2026-08-08T17:31:55.205+0000] {dag.py:4138} INFO - Setting next_dagrun for example_branch_datetime_operator_3 to 2026-08-07 00:00:00+00:00, run_after=2026-08-08 00:00:00+00:00
[2026-08-08T17:31:55.226+0000] {processor.py:208} INFO - Processing /home/airflow/.local/lib/python3.12/site-packages/airflow/example_dags/example_branch_datetime_operator.py took 0.108 seconds
[2026-08-08T17:32:25.417+0000] {processor.py:186} INFO - Started process (PID=1008) to work on /home/airflow/.local/lib/python3.12/site-packages/airflow/example_dags/example_branch_datetime_operator.py
[2026-08-08T17:32:25.420+0000] {processor.py:914} INFO - Processing file /home/airflow/.local/lib/python3.12/site-packages/airflow/example_dags/example_branch_datetime_operator.py for tasks to queue
[2026-08-08T17:32:25.423+0000] {logging_mixin.py:190} INFO - [2026-08-08T17:32:25.423+0000] {dagbag.py:587} INFO - Filling up the DagBag from /home/airflow/.local/lib/python3.12/site-packages/airflow/example_dags/example_branch_datetime_operator.py
[2026-08-08T17:32:25.436+0000] {processor.py:925} INFO - DAG(s) 'example_branch_datetime_operator', 'example_branch_datetime_operator_2', 'example_branch_datetime_operator_3' retrieved from /home/airflow/.local/lib/python3.12/site-packages/airflow/example_dags/example_branch_datetime_operator.py
[2026-08-08T17:32:25.468+0000] {logging_mixin.py:190} INFO - [2026-08-08T17:32:25.468+0000] {dag.py:3211} INFO - Sync 3 DAGs
[2026-08-08T17:32:25.493+0000] {logging_mixin.py:190} INFO - [2026-08-08T17:32:25.493+0000] {dag.py:4138} INFO - Setting next_dagrun for example_branch_datetime_operator to 2026-08-07 00:00:00+00:00, run_after=2026-08-08 00:00:00+00:00
[2026-08-08T17:32:25.499+0000] {logging_mixin.py:190} INFO - [2026-08-08T17:32:25.499+0000] {dag.py:4138} INFO - Setting next_dagrun for example_branch_datetime_operator_2 to 2026-08-07 00:00:00+00:00, run_after=2026-08-08 00:00:00+00:00
[2026-08-08T17:32:25.503+0000] {logging_mixin.py:190} INFO - [2026-08-08T17:32:25.502+0000] {dag.py:4138} INFO - Setting next_dagrun for example_branch_datetime_operator_3 to 2026-08-07 00:00:00+00:00, run_after=2026-08-08 00:00:00+00:00
[2026-08-08T17:32:25.527+0000] {processor.py:208} INFO - Processing /home/airflow/.local/lib/python3.12/site-packages/airflow/example_dags/example_branch_datetime_operator.py took 0.119 seconds
[2026-08-08T17:32:55.906+0000] {processor.py:186} INFO - Started process (PID=1072) to work on /home/airflow/.local/lib/python3.12/site-packages/airflow/example_dags/example_branch_datetime_operator.py
[2026-08-08T17:32:55.908+0000] {processor.py:914} INFO - Processing file /home/airflow/.local/lib/python3.12/site-packages/airflow/example_dags/example_branch_datetime_operator.py for tasks to queue
[2026-08-08T17:32:55.925+0000] {logging_mixin.py:190} INFO - [2026-08-08T17:32:55.923+0000] {dagbag.py:587} INFO - Filling up the DagBag from /home/airflow/.local/lib/python3.12/site-packages/airflow/example_dags/example_branch_datetime_operator.py
[2026-08-08T17:32:55.989+0000] {processor.py:925} INFO - DAG(s) 'example_branch_datetime_operator', 'example_branch_datetime_operator_2', 'example_branch_datetime_operator_3' retrieved from /home/airflow/.local/lib/python3.12/site-packages/airflow/example_dags/example_branch_datetime_operator.py
[2026-08-08T17:32:56.061+0000] {logging_mixin.py:190} INFO - [2026-08-08T17:32:56.060+0000] {dag.py:3211} INFO - Sync 3 DAGs
[2026-08-08T17:32:56.088+0000] {logging_mixin.py:190} INFO - [2026-08-08T17:32:56.087+0000] {dag.py:4138} INFO - Setting next_dagrun for example_branch_datetime_operator to 2026-08-07 00:00:00+00:00, run_after=2026-08-08 00:00:00+00:00
[2026-08-08T17:32:56.109+0000] {logging_mixin.py:190} INFO - [2026-08-08T17:32:56.108+0000] {dag.py:4138} INFO - Setting next_dagrun for example_branch_datetime_operator_2 to 2026-08-07 00:00:00+00:00, run_after=2026-08-08 00:00:00+00:00
[2026-08-08T17:32:56.112+0000] {logging_mixin.py:190} INFO - [2026-08-08T17:32:56.111+0000] {dag.py:4138} INFO - Setting next_dagrun for example_branch_datetime_operator_3 to 2026-08-07 00:00:00+00:00, run_after=2026-08-08 00:00:00+00:00
[2026-08-08T17:32:56.135+0000] {processor.py:208} INFO - Processing /home/airflow/.local/lib/python3.12/site-packages/airflow/example_dags/example_branch_datetime_operator.py took 0.238 seconds
[2026-08-08T17:33:26.614+0000] {processor.py:186} INFO - Started process (PID=1135) to work on /home/airflow/.local/lib/python3.12/site-packages/airflow/example_dags/example_branch_datetime_operator.py
[2026-08-08T17:33:26.616+0000] {processor.py:914} INFO - Processing file /home/airflow/.local/lib/python3.12/site-packages/airflow/example_dags/example_branch_datetime_operator.py for tasks to queue
[2026-08-08T17:33:26.619+0000] {logging_mixin.py:190} INFO - [2026-08-08T17:33:26.619+0000] {dagbag.py:587} INFO - Filling up the DagBag from /home/airflow/.local/lib/python3.12/site-packages/airflow/example_dags/example_branch_datetime_operator.py
[2026-08-08T17:33:26.634+0000] {processor.py:925} INFO - DAG(s) 'example_branch_datetime_operator_3', 'example_branch_datetime_operator_2', 'example_branch_datetime_operator' retrieved from /home/airflow/.local/lib/python3.12/site-packages/airflow/example_dags/example_branch_datetime_operator.py
[2026-08-08T17:33:26.670+0000] {logging_mixin.py:190} INFO - [2026-08-08T17:33:26.669+0000] {dag.py:3211} INFO - Sync 3 DAGs
[2026-08-08T17:33:26.697+0000] {logging_mixin.py:190} INFO - [2026-08-08T17:33:26.696+0000] {dag.py:4138} INFO - Setting next_dagrun for example_branch_datetime_operator to 2026-08-07 00:00:00+00:00, run_after=2026-08-08 00:00:00+00:00
[2026-08-08T17:33:26.702+0000] {logging_mixin.py:190} INFO - [2026-08-08T17:33:26.702+0000] {dag.py:4138} INFO - Setting next_dagrun for example_branch_datetime_operator_2 to 2026-08-07 00:00:00+00:00, run_after=2026-08-08 00:00:00+00:00
[2026-08-08T17:33:26.704+0000] {logging_mixin.py:190} INFO - [2026-08-08T17:33:26.704+0000] {dag.py:4138} INFO - Setting next_dagrun for example_branch_datetime_operator_3 to 2026-08-07 00:00:00+00:00, run_after=2026-08-08 00:00:00+00:00
[2026-08-08T17:33:26.724+0000] {processor.py:208} INFO - Processing /home/airflow/.local/lib/python3.12/site-packages/airflow/example_dags/example_branch_datetime_operator.py took 0.116 seconds
[2026-08-08T17:33:56.891+0000] {processor.py:186} INFO - Started process (PID=1198) to work on /home/airflow/.local/lib/python3.12/site-packages/airflow/example_dags/example_branch_datetime_operator.py
[2026-08-08T17:33:56.892+0000] {processor.py:914} INFO - Processing file /home/airflow/.local/lib/python3.12/site-packages/airflow/example_dags/example_branch_datetime_operator.py for tasks to queue
[2026-08-08T17:33:56.897+0000] {logging_mixin.py:190} INFO - [2026-08-08T17:33:56.896+0000] {dagbag.py:587} INFO - Filling up the DagBag from /home/airflow/.local/lib/python3.12/site-packages/airflow/example_dags/example_branch_datetime_operator.py
[2026-08-08T17:33:56.910+0000] {processor.py:925} INFO - DAG(s) 'example_branch_datetime_operator_2', 'example_branch_datetime_operator', 'example_branch_datetime_operator_3' retrieved from /home/airflow/.local/lib/python3.12/site-packages/airflow/example_dags/example_branch_datetime_operator.py
[2026-08-08T17:33:56.937+0000] {logging_mixin.py:190} INFO - [2026-08-08T17:33:56.937+0000] {dag.py:3211} INFO - Sync 3 DAGs
[2026-08-08T17:33:56.960+0000] {logging_mixin.py:190} INFO - [2026-08-08T17:33:56.959+0000] {dag.py:4138} INFO - Setting next_dagrun for example_branch_datetime_operator to 2026-08-07 00:00:00+00:00, run_after=2026-08-08 00:00:00+00:00
[2026-08-08T17:33:56.964+0000] {logging_mixin.py:190} INFO - [2026-08-08T17:33:56.964+0000] {dag.py:4138} INFO - Setting next_dagrun for example_branch_datetime_operator_2 to 2026-08-07 00:00:00+00:00, run_after=2026-08-08 00:00:00+00:00
[2026-08-08T17:33:56.966+0000] {logging_mixin.py:190} INFO - [2026-08-08T17:33:56.966+0000] {dag.py:4138} INFO - Setting next_dagrun for example_branch_datetime_operator_3 to 2026-08-07 00:00:00+00:00, run_after=2026-08-08 00:00:00+00:00
[2026-08-08T17:33:56.986+0000] {processor.py:208} INFO - Processing /home/airflow/.local/lib/python3.12/site-packages/airflow/example_dags/example_branch_datetime_operator.py took 0.103 seconds
[2026-08-08T17:34:27.101+0000] {processor.py:186} INFO - Started process (PID=1261) to work on /home/airflow/.local/lib/python3.12/site-packages/airflow/example_dags/example_branch_datetime_operator.py
[2026-08-08T17:34:27.102+0000] {processor.py:914} INFO - Processing file /home/airflow/.local/lib/python3.12/site-packages/airflow/example_dags/example_branch_datetime_operator.py for tasks to queue
[2026-08-08T17:34:27.105+0000] {logging_mixin.py:190} INFO - [2026-08-08T17:34:27.104+0000] {dagbag.py:587} INFO - Filling up the DagBag from /home/airflow/.local/lib/python3.12/site-packages/airflow/example_dags/example_branch_datetime_operator.py
[2026-08-08T17:34:27.118+0000] {processor.py:925} INFO - DAG(s) 'example_branch_datetime_operator', 'example_branch_datetime_operator_2', 'example_branch_datetime_operator_3' retrieved from /home/airflow/.local/lib/python3.12/site-packages/airflow/example_dags/example_branch_datetime_operator.py
[2026-08-08T17:34:27.148+0000] {logging_mixin.py:190} INFO - [2026-08-08T17:34:27.148+0000] {dag.py:3211} INFO - Sync 3 DAGs
[2026-08-08T17:34:27.171+0000] {logging_mixin.py:190} INFO - [2026-08-08T17:34:27.171+0000] {dag.py:4138} INFO - Setting next_dagrun for example_branch_datetime_operator to 2026-08-07 00:00:00+00:00, run_after=2026-08-08 00:00:00+00:00
[2026-08-08T17:34:27.175+0000] {logging_mixin.py:190} INFO - [2026-08-08T17:34:27.175+0000] {dag.py:4138} INFO - Setting next_dagrun for example_branch_datetime_operator_2 to 2026-08-07 00:00:00+00:00, run_after=2026-08-08 00:00:00+00:00
[2026-08-08T17:34:27.177+0000] {logging_mixin.py:190} INFO - [2026-08-08T17:34:27.177+0000] {dag.py:4138} INFO - Setting next_dagrun for example_branch_datetime_operator_3 to 2026-08-07 00:00:00+00:00, run_after=2026-08-08 00:00:00+00:00
[2026-08-08T17:34:27.197+0000] {processor.py:208} INFO - Processing /home/airflow/.local/lib/python3.12/site-packages/airflow/example_dags/example_branch_datetime_operator.py took 0.102 seconds
[2026-08-08T17:34:57.677+0000] {processor.py:186} INFO - Started process (PID=1324) to work on /home/airflow/.local/lib/python3.12/site-packages/airflow/example_dags/example_branch_datetime_operator.py
[2026-08-08T17:34:57.679+0000] {processor.py:914} INFO - Processing file /home/airflow/.local/lib/python3.12/site-packages/airflow/example_dags/example_branch_datetime_operator.py for tasks to queue
[2026-08-08T17:34:57.681+0000] {logging_mixin.py:190} INFO - [2026-08-08T17:34:57.681+0000] {dagbag.py:587} INFO - Filling up the DagBag from /home/airflow/.local/lib/python3.12/site-packages/airflow/example_dags/example_branch_datetime_operator.py
[2026-08-08T17:34:57.693+0000] {processor.py:925} INFO - DAG(s) 'example_branch_datetime_operator', 'example_branch_datetime_operator_3', 'example_branch_datetime_operator_2' retrieved from /home/airflow/.local/lib/python3.12/site-packages/airflow/example_dags/example_branch_datetime_operator.py
[2026-08-08T17:34:57.718+0000] {logging_mixin.py:190} INFO - [2026-08-08T17:34:57.718+0000] {dag.py:3211} INFO - Sync 3 DAGs
[2026-08-08T17:34:57.742+0000] {logging_mixin.py:190} INFO - [2026-08-08T17:34:57.742+0000] {dag.py:4138} INFO - Setting next_dagrun for example_branch_datetime_operator to 2026-08-07 00:00:00+00:00, run_after=2026-08-08 00:00:00+00:00
[2026-08-08T17:34:57.747+0000] {logging_mixin.py:190} INFO - [2026-08-08T17:34:57.747+0000] {dag.py:4138} INFO - Setting next_dagrun for example_branch_datetime_operator_2 to 2026-08-07 00:00:00+00:00, run_after=2026-08-08 00:00:00+00:00
[2026-08-08T17:34:57.749+0000] {logging_mixin.py:190} INFO - [2026-08-08T17:34:57.749+0000] {dag.py:4138} INFO - Setting next_dagrun for example_branch_datetime_operator_3 to 2026-08-07 00:00:00+00:00, run_after=2026-08-08 00:00:00+00:00
[2026-08-08T17:34:57.768+0000] {processor.py:208} INFO - Processing /home/airflow/.local/lib/python3.12/site-packages/airflow/example_dags/example_branch_datetime_operator.py took 0.097 seconds
[2026-08-08T17:35:28.456+0000] {processor.py:186} INFO - Started process (PID=1387) to work on /home/airflow/.local/lib/python3.12/site-packages/airflow/example_dags/example_branch_datetime_operator.py
[2026-08-08T17:35:28.457+0000] {processor.py:914} INFO - Processing file /home/airflow/.local/lib/python3.12/site-packages/airflow/example_dags/example_branch_datetime_operator.py for tasks to queue
[2026-08-08T17:35:28.460+0000] {logging_mixin.py:190} INFO - [2026-08-08T17:35:28.460+0000] {dagbag.py:587} INFO - Filling up the DagBag from /home/airflow/.local/lib/python3.12/site-packages/airflow/example_dags/example_branch_datetime_operator.py
[2026-08-08T17:35:28.474+0000] {processor.py:925} INFO - DAG(s) 'example_branch_datetime_operator', 'example_branch_datetime_operator_2', 'example_branch_datetime_operator_3' retrieved from /home/airflow/.local/lib/python3.12/site-packages/airflow/example_dags/example_branch_datetime_operator.py
[2026-08-08T17:35:28.501+0000] {logging_mixin.py:190} INFO - [2026-08-08T17:35:28.500+0000] {dag.py:3211} INFO - Sync 3 DAGs
[2026-08-08T17:35:28.523+0000] {logging_mixin.py:190} INFO - [2026-08-08T17:35:28.523+0000] {dag.py:4138} INFO - Setting next_dagrun for example_branch_datetime_operator to 2026-08-07 00:00:00+00:00, run_after=2026-08-08 00:00:00+00:00
[2026-08-08T17:35:28.527+0000] {logging_mixin.py:190} INFO - [2026-08-08T17:35:28.527+0000] {dag.py:4138} INFO - Setting next_dagrun for example_branch_datetime_operator_2 to 2026-08-07 00:00:00+00:00, run_after=2026-08-08 00:00:00+00:00
[2026-08-08T17:35:28.529+0000] {logging_mixin.py:190} INFO - [2026-08-08T17:35:28.529+0000] {dag.py:4138} INFO - Setting next_dagrun for example_branch_datetime_operator_3 to 2026-08-07 00:00:00+00:00, run_after=2026-08-08 00:00:00+00:00
[2026-08-08T17:35:28.549+0000] {processor.py:208} INFO - Processing /home/airflow/.local/lib/python3.12/site-packages/airflow/example_dags/example_branch_datetime_operator.py took 0.100 seconds
[2026-08-08T17:35:58.884+0000] {processor.py:186} INFO - Started process (PID=1450) to work on /home/airflow/.local/lib/python3.12/site-packages/airflow/example_dags/example_branch_datetime_operator.py
[2026-08-08T17:35:58.886+0000] {processor.py:914} INFO - Processing file /home/airflow/.local/lib/python3.12/site-packages/airflow/example_dags/example_branch_datetime_operator.py for tasks to queue
[2026-08-08T17:35:58.888+0000] {logging_mixin.py:190} INFO - [2026-08-08T17:35:58.888+0000] {dagbag.py:587} INFO - Filling up the DagBag from /home/airflow/.local/lib/python3.12/site-packages/airflow/example_dags/example_branch_datetime_operator.py
[2026-08-08T17:35:58.900+0000] {processor.py:925} INFO - DAG(s) 'example_branch_datetime_operator_3', 'example_branch_datetime_operator_2', 'example_branch_datetime_operator' retrieved from /home/airflow/.local/lib/python3.12/site-packages/airflow/example_dags/example_branch_datetime_operator.py
[2026-08-08T17:35:58.927+0000] {logging_mixin.py:190} INFO - [2026-08-08T17:35:58.927+0000] {dag.py:3211} INFO - Sync 3 DAGs
[2026-08-08T17:35:58.951+0000] {logging_mixin.py:190} INFO - [2026-08-08T17:35:58.950+0000] {dag.py:4138} INFO - Setting next_dagrun for example_branch_datetime_operator to 2026-08-07 00:00:00+00:00, run_after=2026-08-08 00:00:00+00:00
[2026-08-08T17:35:58.954+0000] {logging_mixin.py:190} INFO - [2026-08-08T17:35:58.954+0000] {dag.py:4138} INFO - Setting next_dagrun for example_branch_datetime_operator_2 to 2026-08-07 00:00:00+00:00, run_after=2026-08-08 00:00:00+00:00
[2026-08-08T17:35:58.956+0000] {logging_mixin.py:190} INFO - [2026-08-08T17:35:58.956+0000] {dag.py:4138} INFO - Setting next_dagrun for example_branch_datetime_operator_3 to 2026-08-07 00:00:00+00:00, run_after=2026-08-08 00:00:00+00:00
[2026-08-08T17:35:58.975+0000] {processor.py:208} INFO - Processing /home/airflow/.local/lib/python3.12/site-packages/airflow/example_dags/example_branch_datetime_operator.py took 0.098 seconds
[2026-08-08T17:36:29.217+0000] {processor.py:186} INFO - Started process (PID=1513) to work on /home/airflow/.local/lib/python3.12/site-packages/airflow/example_dags/example_branch_datetime_operator.py
[2026-08-08T17:36:29.218+0000] {processor.py:914} INFO - Processing file /home/airflow/.local/lib/python3.12/site-packages/airflow/example_dags/example_branch_datetime_operator.py for tasks to queue
[2026-08-08T17:36:29.221+0000] {logging_mixin.py:190} INFO - [2026-08-08T17:36:29.221+0000] {dagbag.py:587} INFO - Filling up the DagBag from /home/airflow/.local/lib/python3.12/site-packages/airflow/example_dags/example_branch_datetime_operator.py
[2026-08-08T17:36:29.233+0000] {processor.py:925} INFO - DAG(s) 'example_branch_datetime_operator_3', 'example_branch_datetime_operator', 'example_branch_datetime_operator_2' retrieved from /home/airflow/.local/lib/python3.12/site-packages/airflow/example_dags/example_branch_datetime_operator.py
[2026-08-08T17:36:29.258+0000] {logging_mixin.py:190} INFO - [2026-08-08T17:36:29.258+0000] {dag.py:3211} INFO - Sync 3 DAGs
[2026-08-08T17:36:29.284+0000] {logging_mixin.py:190} INFO - [2026-08-08T17:36:29.284+0000] {dag.py:4138} INFO - Setting next_dagrun for example_branch_datetime_operator to 2026-08-07 00:00:00+00:00, run_after=2026-08-08 00:00:00+00:00
[2026-08-08T17:36:29.291+0000] {logging_mixin.py:190} INFO - [2026-08-08T17:36:29.291+0000] {dag.py:4138} INFO - Setting next_dagrun for example_branch_datetime_operator_2 to 2026-08-07 00:00:00+00:00, run_after=2026-08-08 00:00:00+00:00
[2026-08-08T17:36:29.295+0000] {logging_mixin.py:190} INFO - [2026-08-08T17:36:29.295+0000] {dag.py:4138} INFO - Setting next_dagrun for example_branch_datetime_operator_3 to 2026-08-07 00:00:00+00:00, run_after=2026-08-08 00:00:00+00:00
[2026-08-08T17:36:29.317+0000] {processor.py:208} INFO - Processing /home/airflow/.local/lib/python3.12/site-packages/airflow/example_dags/example_branch_datetime_operator.py took 0.106 seconds
[2026-08-08T17:38:18.385+0000] {processor.py:186} INFO - Started process (PID=114) to work on /home/airflow/.local/lib/python3.12/site-packages/airflow/example_dags/example_branch_datetime_operator.py
[2026-08-08T17:38:18.386+0000] {processor.py:914} INFO - Processing file /home/airflow/.local/lib/python3.12/site-packages/airflow/example_dags/example_branch_datetime_operator.py for tasks to queue
[2026-08-08T17:38:18.389+0000] {logging_mixin.py:190} INFO - [2026-08-08T17:38:18.388+0000] {dagbag.py:587} INFO - Filling up the DagBag from /home/airflow/.local/lib/python3.12/site-packages/airflow/example_dags/example_branch_datetime_operator.py
[2026-08-08T17:38:18.400+0000] {processor.py:925} INFO - DAG(s) 'example_branch_datetime_operator', 'example_branch_datetime_operator_3', 'example_branch_datetime_operator_2' retrieved from /home/airflow/.local/lib/python3.12/site-packages/airflow/example_dags/example_branch_datetime_operator.py
[2026-08-08T17:38:18.425+0000] {logging_mixin.py:190} INFO - [2026-08-08T17:38:18.425+0000] {dag.py:3211} INFO - Sync 3 DAGs
[2026-08-08T17:38:18.449+0000] {logging_mixin.py:190} INFO - [2026-08-08T17:38:18.449+0000] {dag.py:4138} INFO - Setting next_dagrun for example_branch_datetime_operator to 2026-08-07 00:00:00+00:00, run_after=2026-08-08 00:00:00+00:00
[2026-08-08T17:38:18.458+0000] {logging_mixin.py:190} INFO - [2026-08-08T17:38:18.457+0000] {dag.py:4138} INFO - Setting next_dagrun for example_branch_datetime_operator_2 to 2026-08-07 00:00:00+00:00, run_after=2026-08-08 00:00:00+00:00
[2026-08-08T17:38:18.461+0000] {logging_mixin.py:190} INFO - [2026-08-08T17:38:18.461+0000] {dag.py:4138} INFO - Setting next_dagrun for example_branch_datetime_operator_3 to 2026-08-07 00:00:00+00:00, run_after=2026-08-08 00:00:00+00:00
[2026-08-08T17:38:18.481+0000] {processor.py:208} INFO - Processing /home/airflow/.local/lib/python3.12/site-packages/airflow/example_dags/example_branch_datetime_operator.py took 0.101 seconds
[2026-08-08T17:38:49.662+0000] {processor.py:186} INFO - Started process (PID=177) to work on /home/airflow/.local/lib/python3.12/site-packages/airflow/example_dags/example_branch_datetime_operator.py
[2026-08-08T17:38:49.663+0000] {processor.py:914} INFO - Processing file /home/airflow/.local/lib/python3.12/site-packages/airflow/example_dags/example_branch_datetime_operator.py for tasks to queue
[2026-08-08T17:38:49.666+0000] {logging_mixin.py:190} INFO - [2026-08-08T17:38:49.665+0000] {dagbag.py:587} INFO - Filling up the DagBag from /home/airflow/.local/lib/python3.12/site-packages/airflow/example_dags/example_branch_datetime_operator.py
[2026-08-08T17:38:49.677+0000] {processor.py:925} INFO - DAG(s) 'example_branch_datetime_operator', 'example_branch_datetime_operator_3', 'example_branch_datetime_operator_2' retrieved from /home/airflow/.local/lib/python3.12/site-packages/airflow/example_dags/example_branch_datetime_operator.py
[2026-08-08T17:38:49.702+0000] {logging_mixin.py:190} INFO - [2026-08-08T17:38:49.702+0000] {dag.py:3211} INFO - Sync 3 DAGs
[2026-08-08T17:38:49.724+0000] {logging_mixin.py:190} INFO - [2026-08-08T17:38:49.724+0000] {dag.py:4138} INFO - Setting next_dagrun for example_branch_datetime_operator to 2026-08-07 00:00:00+00:00, run_after=2026-08-08 00:00:00+00:00
[2026-08-08T17:38:49.729+0000] {logging_mixin.py:190} INFO - [2026-08-08T17:38:49.729+0000] {dag.py:4138} INFO - Setting next_dagrun for example_branch_datetime_operator_2 to 2026-08-07 00:00:00+00:00, run_after=2026-08-08 00:00:00+00:00
[2026-08-08T17:38:49.732+0000] {logging_mixin.py:190} INFO - [2026-08-08T17:38:49.732+0000] {dag.py:4138} INFO - Setting next_dagrun for example_branch_datetime_operator_3 to 2026-08-07 00:00:00+00:00, run_after=2026-08-08 00:00:00+00:00
[2026-08-08T17:38:49.753+0000] {processor.py:208} INFO - Processing /home/airflow/.local/lib/python3.12/site-packages/airflow/example_dags/example_branch_datetime_operator.py took 0.097 seconds
[2026-08-08T17:39:20.651+0000] {processor.py:186} INFO - Started process (PID=240) to work on /home/airflow/.local/lib/python3.12/site-packages/airflow/example_dags/example_branch_datetime_operator.py
[2026-08-08T17:39:20.652+0000] {processor.py:914} INFO - Processing file /home/airflow/.local/lib/python3.12/site-packages/airflow/example_dags/example_branch_datetime_operator.py for tasks to queue
[2026-08-08T17:39:20.656+0000] {logging_mixin.py:190} INFO - [2026-08-08T17:39:20.655+0000] {dagbag.py:587} INFO - Filling up the DagBag from /home/airflow/.local/lib/python3.12/site-packages/airflow/example_dags/example_branch_datetime_operator.py
[2026-08-08T17:39:20.669+0000] {processor.py:925} INFO - DAG(s) 'example_branch_datetime_operator_2', 'example_branch_datetime_operator_3', 'example_branch_datetime_operator' retrieved from /home/airflow/.local/lib/python3.12/site-packages/airflow/example_dags/example_branch_datetime_operator.py
[2026-08-08T17:39:20.705+0000] {logging_mixin.py:190} INFO - [2026-08-08T17:39:20.704+0000] {dag.py:3211} INFO - Sync 3 DAGs
[2026-08-08T17:39:20.735+0000] {logging_mixin.py:190} INFO - [2026-08-08T17:39:20.735+0000] {dag.py:4138} INFO - Setting next_dagrun for example_branch_datetime_operator to 2026-08-07 00:00:00+00:00, run_after=2026-08-08 00:00:00+00:00
[2026-08-08T17:39:20.742+0000] {logging_mixin.py:190} INFO - [2026-08-08T17:39:20.742+0000] {dag.py:4138} INFO - Setting next_dagrun for example_branch_datetime_operator_2 to 2026-08-07 00:00:00+00:00, run_after=2026-08-08 00:00:00+00:00
[2026-08-08T17:39:20.746+0000] {logging_mixin.py:190} INFO - [2026-08-08T17:39:20.745+0000] {dag.py:4138} INFO - Setting next_dagrun for example_branch_datetime_operator_3 to 2026-08-07 00:00:00+00:00, run_after=2026-08-08 00:00:00+00:00
[2026-08-08T17:39:20.772+0000] {processor.py:208} INFO - Processing /home/airflow/.local/lib/python3.12/site-packages/airflow/example_dags/example_branch_datetime_operator.py took 0.127 seconds
[2026-08-08T17:39:51.098+0000] {processor.py:186} INFO - Started process (PID=303) to work on /home/airflow/.local/lib/python3.12/site-packages/airflow/example_dags/example_branch_datetime_operator.py
[2026-08-08T17:39:51.100+0000] {processor.py:914} INFO - Processing file /home/airflow/.local/lib/python3.12/site-packages/airflow/example_dags/example_branch_datetime_operator.py for tasks to queue
[2026-08-08T17:39:51.103+0000] {logging_mixin.py:190} INFO - [2026-08-08T17:39:51.103+0000] {dagbag.py:587} INFO - Filling up the DagBag from /home/airflow/.local/lib/python3.12/site-packages/airflow/example_dags/example_branch_datetime_operator.py
[2026-08-08T17:39:51.116+0000] {processor.py:925} INFO - DAG(s) 'example_branch_datetime_operator_3', 'example_branch_datetime_operator_2', 'example_branch_datetime_operator' retrieved from /home/airflow/.local/lib/python3.12/site-packages/airflow/example_dags/example_branch_datetime_operator.py
[2026-08-08T17:39:51.154+0000] {logging_mixin.py:190} INFO - [2026-08-08T17:39:51.154+0000] {dag.py:3211} INFO - Sync 3 DAGs
[2026-08-08T17:39:51.186+0000] {logging_mixin.py:190} INFO - [2026-08-08T17:39:51.186+0000] {dag.py:4138} INFO - Setting next_dagrun for example_branch_datetime_operator to 2026-08-07 00:00:00+00:00, run_after=2026-08-08 00:00:00+00:00
[2026-08-08T17:39:51.191+0000] {logging_mixin.py:190} INFO - [2026-08-08T17:39:51.191+0000] {dag.py:4138} INFO - Setting next_dagrun for example_branch_datetime_operator_2 to 2026-08-07 00:00:00+00:00, run_after=2026-08-08 00:00:00+00:00
[2026-08-08T17:39:51.195+0000] {logging_mixin.py:190} INFO - [2026-08-08T17:39:51.195+0000] {dag.py:4138} INFO - Setting next_dagrun for example_branch_datetime_operator_3 to 2026-08-07 00:00:00+00:00, run_after=2026-08-08 00:00:00+00:00
[2026-08-08T17:39:51.215+0000] {processor.py:208} INFO - Processing /home/airflow/.local/lib/python3.12/site-packages/airflow/example_dags/example_branch_datetime_operator.py took 0.129 seconds
[2026-08-08T17:42:43.064+0000] {processor.py:186} INFO - Started process (PID=126) to work on /home/airflow/.local/lib/python3.12/site-packages/airflow/example_dags/example_branch_datetime_operator.py
[2026-08-08T17:42:43.066+0000] {processor.py:914} INFO - Processing file /home/airflow/.local/lib/python3.12/site-packages/airflow/example_dags/example_branch_datetime_operator.py for tasks to queue
[2026-08-08T17:42:43.070+0000] {logging_mixin.py:190} INFO - [2026-08-08T17:42:43.070+0000] {dagbag.py:587} INFO - Filling up the DagBag from /home/airflow/.local/lib/python3.12/site-packages/airflow/example_dags/example_branch_datetime_operator.py
[2026-08-08T17:42:43.089+0000] {processor.py:925} INFO - DAG(s) 'example_branch_datetime_operator_3', 'example_branch_datetime_operator', 'example_branch_datetime_operator_2' retrieved from /home/airflow/.local/lib/python3.12/site-packages/airflow/example_dags/example_branch_datetime_operator.py
[2026-08-08T17:42:43.134+0000] {logging_mixin.py:190} INFO - [2026-08-08T17:42:43.133+0000] {dag.py:3211} INFO - Sync 3 DAGs
[2026-08-08T17:42:43.170+0000] {logging_mixin.py:190} INFO - [2026-08-08T17:42:43.169+0000] {dag.py:4138} INFO - Setting next_dagrun for example_branch_datetime_operator to 2026-08-07 00:00:00+00:00, run_after=2026-08-08 00:00:00+00:00
[2026-08-08T17:42:43.182+0000] {logging_mixin.py:190} INFO - [2026-08-08T17:42:43.182+0000] {dag.py:4138} INFO - Setting next_dagrun for example_branch_datetime_operator_2 to 2026-08-07 00:00:00+00:00, run_after=2026-08-08 00:00:00+00:00
[2026-08-08T17:42:43.188+0000] {logging_mixin.py:190} INFO - [2026-08-08T17:42:43.187+0000] {dag.py:4138} INFO - Setting next_dagrun for example_branch_datetime_operator_3 to 2026-08-07 00:00:00+00:00, run_after=2026-08-08 00:00:00+00:00
[2026-08-08T17:42:43.217+0000] {processor.py:208} INFO - Processing /home/airflow/.local/lib/python3.12/site-packages/airflow/example_dags/example_branch_datetime_operator.py took 0.163 seconds
[2026-08-08T17:43:13.555+0000] {processor.py:186} INFO - Started process (PID=189) to work on /home/airflow/.local/lib/python3.12/site-packages/airflow/example_dags/example_branch_datetime_operator.py
[2026-08-08T17:43:13.558+0000] {processor.py:914} INFO - Processing file /home/airflow/.local/lib/python3.12/site-packages/airflow/example_dags/example_branch_datetime_operator.py for tasks to queue
[2026-08-08T17:43:13.561+0000] {logging_mixin.py:190} INFO - [2026-08-08T17:43:13.560+0000] {dagbag.py:587} INFO - Filling up the DagBag from /home/airflow/.local/lib/python3.12/site-packages/airflow/example_dags/example_branch_datetime_operator.py
[2026-08-08T17:43:13.578+0000] {processor.py:925} INFO - DAG(s) 'example_branch_datetime_operator', 'example_branch_datetime_operator_2', 'example_branch_datetime_operator_3' retrieved from /home/airflow/.local/lib/python3.12/site-packages/airflow/example_dags/example_branch_datetime_operator.py
[2026-08-08T17:43:13.622+0000] {logging_mixin.py:190} INFO - [2026-08-08T17:43:13.621+0000] {dag.py:3211} INFO - Sync 3 DAGs
[2026-08-08T17:43:13.665+0000] {logging_mixin.py:190} INFO - [2026-08-08T17:43:13.665+0000] {dag.py:4138} INFO - Setting next_dagrun for example_branch_datetime_operator to 2026-08-07 00:00:00+00:00, run_after=2026-08-08 00:00:00+00:00
[2026-08-08T17:43:13.672+0000] {logging_mixin.py:190} INFO - [2026-08-08T17:43:13.671+0000] {dag.py:4138} INFO - Setting next_dagrun for example_branch_datetime_operator_2 to 2026-08-07 00:00:00+00:00, run_after=2026-08-08 00:00:00+00:00
[2026-08-08T17:43:13.675+0000] {logging_mixin.py:190} INFO - [2026-08-08T17:43:13.675+0000] {dag.py:4138} INFO - Setting next_dagrun for example_branch_datetime_operator_3 to 2026-08-07 00:00:00+00:00, run_after=2026-08-08 00:00:00+00:00
[2026-08-08T17:43:13.701+0000] {processor.py:208} INFO - Processing /home/airflow/.local/lib/python3.12/site-packages/airflow/example_dags/example_branch_datetime_operator.py took 0.154 seconds
[2026-08-08T17:43:44.844+0000] {processor.py:186} INFO - Started process (PID=252) to work on /home/airflow/.local/lib/python3.12/site-packages/airflow/example_dags/example_branch_datetime_operator.py
[2026-08-08T17:43:44.846+0000] {processor.py:914} INFO - Processing file /home/airflow/.local/lib/python3.12/site-packages/airflow/example_dags/example_branch_datetime_operator.py for tasks to queue
[2026-08-08T17:43:44.849+0000] {logging_mixin.py:190} INFO - [2026-08-08T17:43:44.848+0000] {dagbag.py:587} INFO - Filling up the DagBag from /home/airflow/.local/lib/python3.12/site-packages/airflow/example_dags/example_branch_datetime_operator.py
[2026-08-08T17:43:44.859+0000] {processor.py:925} INFO - DAG(s) 'example_branch_datetime_operator', 'example_branch_datetime_operator_2', 'example_branch_datetime_operator_3' retrieved from /home/airflow/.local/lib/python3.12/site-packages/airflow/example_dags/example_branch_datetime_operator.py
[2026-08-08T17:43:44.884+0000] {logging_mixin.py:190} INFO - [2026-08-08T17:43:44.884+0000] {dag.py:3211} INFO - Sync 3 DAGs
[2026-08-08T17:43:44.903+0000] {logging_mixin.py:190} INFO - [2026-08-08T17:43:44.903+0000] {dag.py:4138} INFO - Setting next_dagrun for example_branch_datetime_operator to 2026-08-07 00:00:00+00:00, run_after=2026-08-08 00:00:00+00:00
[2026-08-08T17:43:44.906+0000] {logging_mixin.py:190} INFO - [2026-08-08T17:43:44.906+0000] {dag.py:4138} INFO - Setting next_dagrun for example_branch_datetime_operator_2 to 2026-08-07 00:00:00+00:00, run_after=2026-08-08 00:00:00+00:00
[2026-08-08T17:43:44.908+0000] {logging_mixin.py:190} INFO - [2026-08-08T17:43:44.908+0000] {dag.py:4138} INFO - Setting next_dagrun for example_branch_datetime_operator_3 to 2026-08-07 00:00:00+00:00, run_after=2026-08-08 00:00:00+00:00
[2026-08-08T17:43:44.928+0000] {processor.py:208} INFO - Processing /home/airflow/.local/lib/python3.12/site-packages/airflow/example_dags/example_branch_datetime_operator.py took 0.092 seconds
[2026-08-08T17:44:15.352+0000] {processor.py:186} INFO - Started process (PID=315) to work on /home/airflow/.local/lib/python3.12/site-packages/airflow/example_dags/example_branch_datetime_operator.py
[2026-08-08T17:44:15.353+0000] {processor.py:914} INFO - Processing file /home/airflow/.local/lib/python3.12/site-packages/airflow/example_dags/example_branch_datetime_operator.py for tasks to queue
[2026-08-08T17:44:15.357+0000] {logging_mixin.py:190} INFO - [2026-08-08T17:44:15.356+0000] {dagbag.py:587} INFO - Filling up the DagBag from /home/airflow/.local/lib/python3.12/site-packages/airflow/example_dags/example_branch_datetime_operator.py
[2026-08-08T17:44:15.371+0000] {processor.py:925} INFO - DAG(s) 'example_branch_datetime_operator_2', 'example_branch_datetime_operator_3', 'example_branch_datetime_operator' retrieved from /home/airflow/.local/lib/python3.12/site-packages/airflow/example_dags/example_branch_datetime_operator.py
[2026-08-08T17:44:15.404+0000] {logging_mixin.py:190} INFO - [2026-08-08T17:44:15.404+0000] {dag.py:3211} INFO - Sync 3 DAGs
[2026-08-08T17:44:15.438+0000] {logging_mixin.py:190} INFO - [2026-08-08T17:44:15.438+0000] {dag.py:4138} INFO - Setting next_dagrun for example_branch_datetime_operator to 2026-08-07 00:00:00+00:00, run_after=2026-08-08 00:00:00+00:00
[2026-08-08T17:44:15.443+0000] {logging_mixin.py:190} INFO - [2026-08-08T17:44:15.443+0000] {dag.py:4138} INFO - Setting next_dagrun for example_branch_datetime_operator_2 to 2026-08-07 00:00:00+00:00, run_after=2026-08-08 00:00:00+00:00
[2026-08-08T17:44:15.447+0000] {logging_mixin.py:190} INFO - [2026-08-08T17:44:15.446+0000] {dag.py:4138} INFO - Setting next_dagrun for example_branch_datetime_operator_3 to 2026-08-07 00:00:00+00:00, run_after=2026-08-08 00:00:00+00:00
[2026-08-08T17:44:15.471+0000] {processor.py:208} INFO - Processing /home/airflow/.local/lib/python3.12/site-packages/airflow/example_dags/example_branch_datetime_operator.py took 0.126 seconds
[2026-08-08T17:44:45.647+0000] {processor.py:186} INFO - Started process (PID=378) to work on /home/airflow/.local/lib/python3.12/site-packages/airflow/example_dags/example_branch_datetime_operator.py
[2026-08-08T17:44:45.648+0000] {processor.py:914} INFO - Processing file /home/airflow/.local/lib/python3.12/site-packages/airflow/example_dags/example_branch_datetime_operator.py for tasks to queue
[2026-08-08T17:44:45.652+0000] {logging_mixin.py:190} INFO - [2026-08-08T17:44:45.651+0000] {dagbag.py:587} INFO - Filling up the DagBag from /home/airflow/.local/lib/python3.12/site-packages/airflow/example_dags/example_branch_datetime_operator.py
[2026-08-08T17:44:45.662+0000] {processor.py:925} INFO - DAG(s) 'example_branch_datetime_operator_2', 'example_branch_datetime_operator_3', 'example_branch_datetime_operator' retrieved from /home/airflow/.local/lib/python3.12/site-packages/airflow/example_dags/example_branch_datetime_operator.py
[2026-08-08T17:44:45.693+0000] {logging_mixin.py:190} INFO - [2026-08-08T17:44:45.693+0000] {dag.py:3211} INFO - Sync 3 DAGs
[2026-08-08T17:44:45.717+0000] {logging_mixin.py:190} INFO - [2026-08-08T17:44:45.717+0000] {dag.py:4138} INFO - Setting next_dagrun for example_branch_datetime_operator to 2026-08-07 00:00:00+00:00, run_after=2026-08-08 00:00:00+00:00
[2026-08-08T17:44:45.722+0000] {logging_mixin.py:190} INFO - [2026-08-08T17:44:45.721+0000] {dag.py:4138} INFO - Setting next_dagrun for example_branch_datetime_operator_2 to 2026-08-07 00:00:00+00:00, run_after=2026-08-08 00:00:00+00:00
[2026-08-08T17:44:45.724+0000] {logging_mixin.py:190} INFO - [2026-08-08T17:44:45.724+0000] {dag.py:4138} INFO - Setting next_dagrun for example_branch_datetime_operator_3 to 2026-08-07 00:00:00+00:00, run_after=2026-08-08 00:00:00+00:00
[2026-08-08T17:44:45.741+0000] {processor.py:208} INFO - Processing /home/airflow/.local/lib/python3.12/site-packages/airflow/example_dags/example_branch_datetime_operator.py took 0.100 seconds
[2026-08-08T17:45:15.936+0000] {processor.py:186} INFO - Started process (PID=441) to work on /home/airflow/.local/lib/python3.12/site-packages/airflow/example_dags/example_branch_datetime_operator.py
[2026-08-08T17:45:15.937+0000] {processor.py:914} INFO - Processing file /home/airflow/.local/lib/python3.12/site-packages/airflow/example_dags/example_branch_datetime_operator.py for tasks to queue
[2026-08-08T17:45:15.940+0000] {logging_mixin.py:190} INFO - [2026-08-08T17:45:15.940+0000] {dagbag.py:587} INFO - Filling up the DagBag from /home/airflow/.local/lib/python3.12/site-packages/airflow/example_dags/example_branch_datetime_operator.py
[2026-08-08T17:45:15.953+0000] {processor.py:925} INFO - DAG(s) 'example_branch_datetime_operator_2', 'example_branch_datetime_operator', 'example_branch_datetime_operator_3' retrieved from /home/airflow/.local/lib/python3.12/site-packages/airflow/example_dags/example_branch_datetime_operator.py
[2026-08-08T17:45:15.978+0000] {logging_mixin.py:190} INFO - [2026-08-08T17:45:15.977+0000] {dag.py:3211} INFO - Sync 3 DAGs
[2026-08-08T17:45:15.998+0000] {logging_mixin.py:190} INFO - [2026-08-08T17:45:15.998+0000] {dag.py:4138} INFO - Setting next_dagrun for example_branch_datetime_operator to 2026-08-07 00:00:00+00:00, run_after=2026-08-08 00:00:00+00:00
[2026-08-08T17:45:16.003+0000] {logging_mixin.py:190} INFO - [2026-08-08T17:45:16.002+0000] {dag.py:4138} INFO - Setting next_dagrun for example_branch_datetime_operator_2 to 2026-08-07 00:00:00+00:00, run_after=2026-08-08 00:00:00+00:00
[2026-08-08T17:45:16.005+0000] {logging_mixin.py:190} INFO - [2026-08-08T17:45:16.005+0000] {dag.py:4138} INFO - Setting next_dagrun for example_branch_datetime_operator_3 to 2026-08-07 00:00:00+00:00, run_after=2026-08-08 00:00:00+00:00
[2026-08-08T17:45:16.021+0000] {processor.py:208} INFO - Processing /home/airflow/.local/lib/python3.12/site-packages/airflow/example_dags/example_branch_datetime_operator.py took 0.091 seconds
[2026-08-08T17:45:46.184+0000] {processor.py:186} INFO - Started process (PID=504) to work on /home/airflow/.local/lib/python3.12/site-packages/airflow/example_dags/example_branch_datetime_operator.py
[2026-08-08T17:45:46.185+0000] {processor.py:914} INFO - Processing file /home/airflow/.local/lib/python3.12/site-packages/airflow/example_dags/example_branch_datetime_operator.py for tasks to queue
[2026-08-08T17:45:46.188+0000] {logging_mixin.py:190} INFO - [2026-08-08T17:45:46.188+0000] {dagbag.py:587} INFO - Filling up the DagBag from /home/airflow/.local/lib/python3.12/site-packages/airflow/example_dags/example_branch_datetime_operator.py
[2026-08-08T17:45:46.202+0000] {processor.py:925} INFO - DAG(s) 'example_branch_datetime_operator', 'example_branch_datetime_operator_2', 'example_branch_datetime_operator_3' retrieved from /home/airflow/.local/lib/python3.12/site-packages/airflow/example_dags/example_branch_datetime_operator.py
[2026-08-08T17:45:46.228+0000] {logging_mixin.py:190} INFO - [2026-08-08T17:45:46.228+0000] {dag.py:3211} INFO - Sync 3 DAGs
[2026-08-08T17:45:46.252+0000] {logging_mixin.py:190} INFO - [2026-08-08T17:45:46.252+0000] {dag.py:4138} INFO - Setting next_dagrun for example_branch_datetime_operator to 2026-08-07 00:00:00+00:00, run_after=2026-08-08 00:00:00+00:00
[2026-08-08T17:45:46.258+0000] {logging_mixin.py:190} INFO - [2026-08-08T17:45:46.257+0000] {dag.py:4138} INFO - Setting next_dagrun for example_branch_datetime_operator_2 to 2026-08-07 00:00:00+00:00, run_after=2026-08-08 00:00:00+00:00
[2026-08-08T17:45:46.260+0000] {logging_mixin.py:190} INFO - [2026-08-08T17:45:46.260+0000] {dag.py:4138} INFO - Setting next_dagrun for example_branch_datetime_operator_3 to 2026-08-07 00:00:00+00:00, run_after=2026-08-08 00:00:00+00:00
[2026-08-08T17:45:46.276+0000] {processor.py:208} INFO - Processing /home/airflow/.local/lib/python3.12/site-packages/airflow/example_dags/example_branch_datetime_operator.py took 0.098 seconds
[2026-08-08T17:47:17.220+0000] {processor.py:186} INFO - Started process (PID=127) to work on /home/airflow/.local/lib/python3.12/site-packages/airflow/example_dags/example_branch_datetime_operator.py
[2026-08-08T17:47:17.223+0000] {processor.py:914} INFO - Processing file /home/airflow/.local/lib/python3.12/site-packages/airflow/example_dags/example_branch_datetime_operator.py for tasks to queue
[2026-08-08T17:47:17.228+0000] {logging_mixin.py:190} INFO - [2026-08-08T17:47:17.228+0000] {dagbag.py:587} INFO - Filling up the DagBag from /home/airflow/.local/lib/python3.12/site-packages/airflow/example_dags/example_branch_datetime_operator.py
[2026-08-08T17:47:17.258+0000] {processor.py:925} INFO - DAG(s) 'example_branch_datetime_operator_2', 'example_branch_datetime_operator_3', 'example_branch_datetime_operator' retrieved from /home/airflow/.local/lib/python3.12/site-packages/airflow/example_dags/example_branch_datetime_operator.py
[2026-08-08T17:47:17.309+0000] {logging_mixin.py:190} INFO - [2026-08-08T17:47:17.309+0000] {dag.py:3211} INFO - Sync 3 DAGs
[2026-08-08T17:47:17.348+0000] {logging_mixin.py:190} INFO - [2026-08-08T17:47:17.348+0000] {dag.py:4138} INFO - Setting next_dagrun for example_branch_datetime_operator to 2026-08-07 00:00:00+00:00, run_after=2026-08-08 00:00:00+00:00
[2026-08-08T17:47:17.356+0000] {logging_mixin.py:190} INFO - [2026-08-08T17:47:17.355+0000] {dag.py:4138} INFO - Setting next_dagrun for example_branch_datetime_operator_2 to 2026-08-07 00:00:00+00:00, run_after=2026-08-08 00:00:00+00:00
[2026-08-08T17:47:17.372+0000] {logging_mixin.py:190} INFO - [2026-08-08T17:47:17.372+0000] {dag.py:4138} INFO - Setting next_dagrun for example_branch_datetime_operator_3 to 2026-08-07 00:00:00+00:00, run_after=2026-08-08 00:00:00+00:00
[2026-08-08T17:47:17.408+0000] {processor.py:208} INFO - Processing /home/airflow/.local/lib/python3.12/site-packages/airflow/example_dags/example_branch_datetime_operator.py took 0.203 seconds
[2026-08-08T17:47:47.890+0000] {processor.py:186} INFO - Started process (PID=190) to work on /home/airflow/.local/lib/python3.12/site-packages/airflow/example_dags/example_branch_datetime_operator.py
[2026-08-08T17:47:47.892+0000] {processor.py:914} INFO - Processing file /home/airflow/.local/lib/python3.12/site-packages/airflow/example_dags/example_branch_datetime_operator.py for tasks to queue
[2026-08-08T17:47:47.895+0000] {logging_mixin.py:190} INFO - [2026-08-08T17:47:47.894+0000] {dagbag.py:587} INFO - Filling up the DagBag from /home/airflow/.local/lib/python3.12/site-packages/airflow/example_dags/example_branch_datetime_operator.py
[2026-08-08T17:47:47.905+0000] {processor.py:925} INFO - DAG(s) 'example_branch_datetime_operator', 'example_branch_datetime_operator_3', 'example_branch_datetime_operator_2' retrieved from /home/airflow/.local/lib/python3.12/site-packages/airflow/example_dags/example_branch_datetime_operator.py
[2026-08-08T17:47:47.937+0000] {logging_mixin.py:190} INFO - [2026-08-08T17:47:47.936+0000] {dag.py:3211} INFO - Sync 3 DAGs
[2026-08-08T17:47:47.963+0000] {logging_mixin.py:190} INFO - [2026-08-08T17:47:47.963+0000] {dag.py:4138} INFO - Setting next_dagrun for example_branch_datetime_operator to 2026-08-07 00:00:00+00:00, run_after=2026-08-08 00:00:00+00:00
[2026-08-08T17:47:47.969+0000] {logging_mixin.py:190} INFO - [2026-08-08T17:47:47.969+0000] {dag.py:4138} INFO - Setting next_dagrun for example_branch_datetime_operator_2 to 2026-08-07 00:00:00+00:00, run_after=2026-08-08 00:00:00+00:00
[2026-08-08T17:47:47.972+0000] {logging_mixin.py:190} INFO - [2026-08-08T17:47:47.972+0000] {dag.py:4138} INFO - Setting next_dagrun for example_branch_datetime_operator_3 to 2026-08-07 00:00:00+00:00, run_after=2026-08-08 00:00:00+00:00
[2026-08-08T17:47:47.989+0000] {processor.py:208} INFO - Processing /home/airflow/.local/lib/python3.12/site-packages/airflow/example_dags/example_branch_datetime_operator.py took 0.103 seconds
[2026-08-08T17:48:18.947+0000] {processor.py:186} INFO - Started process (PID=259) to work on /home/airflow/.local/lib/python3.12/site-packages/airflow/example_dags/example_branch_datetime_operator.py
[2026-08-08T17:48:18.949+0000] {processor.py:914} INFO - Processing file /home/airflow/.local/lib/python3.12/site-packages/airflow/example_dags/example_branch_datetime_operator.py for tasks to queue
[2026-08-08T17:48:18.953+0000] {logging_mixin.py:190} INFO - [2026-08-08T17:48:18.952+0000] {dagbag.py:587} INFO - Filling up the DagBag from /home/airflow/.local/lib/python3.12/site-packages/airflow/example_dags/example_branch_datetime_operator.py
[2026-08-08T17:48:18.965+0000] {processor.py:925} INFO - DAG(s) 'example_branch_datetime_operator', 'example_branch_datetime_operator_3', 'example_branch_datetime_operator_2' retrieved from /home/airflow/.local/lib/python3.12/site-packages/airflow/example_dags/example_branch_datetime_operator.py
[2026-08-08T17:48:18.999+0000] {logging_mixin.py:190} INFO - [2026-08-08T17:48:18.998+0000] {dag.py:3211} INFO - Sync 3 DAGs
[2026-08-08T17:48:19.022+0000] {logging_mixin.py:190} INFO - [2026-08-08T17:48:19.022+0000] {dag.py:4138} INFO - Setting next_dagrun for example_branch_datetime_operator to 2026-08-07 00:00:00+00:00, run_after=2026-08-08 00:00:00+00:00
[2026-08-08T17:48:19.027+0000] {logging_mixin.py:190} INFO - [2026-08-08T17:48:19.027+0000] {dag.py:4138} INFO - Setting next_dagrun for example_branch_datetime_operator_2 to 2026-08-07 00:00:00+00:00, run_after=2026-08-08 00:00:00+00:00
[2026-08-08T17:48:19.031+0000] {logging_mixin.py:190} INFO - [2026-08-08T17:48:19.031+0000] {dag.py:4138} INFO - Setting next_dagrun for example_branch_datetime_operator_3 to 2026-08-07 00:00:00+00:00, run_after=2026-08-08 00:00:00+00:00
[2026-08-08T17:48:19.051+0000] {processor.py:208} INFO - Processing /home/airflow/.local/lib/python3.12/site-packages/airflow/example_dags/example_branch_datetime_operator.py took 0.110 seconds
[2026-08-08T17:48:50.433+0000] {processor.py:186} INFO - Started process (PID=323) to work on /home/airflow/.local/lib/python3.12/site-packages/airflow/example_dags/example_branch_datetime_operator.py
[2026-08-08T17:48:50.438+0000] {processor.py:914} INFO - Processing file /home/airflow/.local/lib/python3.12/site-packages/airflow/example_dags/example_branch_datetime_operator.py for tasks to queue
[2026-08-08T17:48:50.446+0000] {logging_mixin.py:190} INFO - [2026-08-08T17:48:50.445+0000] {dagbag.py:587} INFO - Filling up the DagBag from /home/airflow/.local/lib/python3.12/site-packages/airflow/example_dags/example_branch_datetime_operator.py
[2026-08-08T17:48:50.477+0000] {processor.py:925} INFO - DAG(s) 'example_branch_datetime_operator_3', 'example_branch_datetime_operator', 'example_branch_datetime_operator_2' retrieved from /home/airflow/.local/lib/python3.12/site-packages/airflow/example_dags/example_branch_datetime_operator.py
[2026-08-08T17:48:50.511+0000] {logging_mixin.py:190} INFO - [2026-08-08T17:48:50.511+0000] {dag.py:3211} INFO - Sync 3 DAGs
[2026-08-08T17:48:50.540+0000] {logging_mixin.py:190} INFO - [2026-08-08T17:48:50.540+0000] {dag.py:4138} INFO - Setting next_dagrun for example_branch_datetime_operator to 2026-08-07 00:00:00+00:00, run_after=2026-08-08 00:00:00+00:00
[2026-08-08T17:48:50.546+0000] {logging_mixin.py:190} INFO - [2026-08-08T17:48:50.546+0000] {dag.py:4138} INFO - Setting next_dagrun for example_branch_datetime_operator_2 to 2026-08-07 00:00:00+00:00, run_after=2026-08-08 00:00:00+00:00
[2026-08-08T17:48:50.550+0000] {logging_mixin.py:190} INFO - [2026-08-08T17:48:50.550+0000] {dag.py:4138} INFO - Setting next_dagrun for example_branch_datetime_operator_3 to 2026-08-07 00:00:00+00:00, run_after=2026-08-08 00:00:00+00:00
[2026-08-08T17:48:50.575+0000] {processor.py:208} INFO - Processing /home/airflow/.local/lib/python3.12/site-packages/airflow/example_dags/example_branch_datetime_operator.py took 0.160 seconds
[2026-08-08T17:52:41.799+0000] {processor.py:186} INFO - Started process (PID=126) to work on /home/airflow/.local/lib/python3.12/site-packages/airflow/example_dags/example_branch_datetime_operator.py
[2026-08-08T17:52:41.801+0000] {processor.py:914} INFO - Processing file /home/airflow/.local/lib/python3.12/site-packages/airflow/example_dags/example_branch_datetime_operator.py for tasks to queue
[2026-08-08T17:52:41.806+0000] {logging_mixin.py:190} INFO - [2026-08-08T17:52:41.805+0000] {dagbag.py:587} INFO - Filling up the DagBag from /home/airflow/.local/lib/python3.12/site-packages/airflow/example_dags/example_branch_datetime_operator.py
[2026-08-08T17:52:41.831+0000] {processor.py:925} INFO - DAG(s) 'example_branch_datetime_operator_2', 'example_branch_datetime_operator', 'example_branch_datetime_operator_3' retrieved from /home/airflow/.local/lib/python3.12/site-packages/airflow/example_dags/example_branch_datetime_operator.py
[2026-08-08T17:52:41.884+0000] {logging_mixin.py:190} INFO - [2026-08-08T17:52:41.883+0000] {dag.py:3211} INFO - Sync 3 DAGs
[2026-08-08T17:52:41.924+0000] {logging_mixin.py:190} INFO - [2026-08-08T17:52:41.924+0000] {dag.py:4138} INFO - Setting next_dagrun for example_branch_datetime_operator to 2026-08-07 00:00:00+00:00, run_after=2026-08-08 00:00:00+00:00
[2026-08-08T17:52:41.932+0000] {logging_mixin.py:190} INFO - [2026-08-08T17:52:41.932+0000] {dag.py:4138} INFO - Setting next_dagrun for example_branch_datetime_operator_2 to 2026-08-07 00:00:00+00:00, run_after=2026-08-08 00:00:00+00:00
[2026-08-08T17:52:41.937+0000] {logging_mixin.py:190} INFO - [2026-08-08T17:52:41.937+0000] {dag.py:4138} INFO - Setting next_dagrun for example_branch_datetime_operator_3 to 2026-08-07 00:00:00+00:00, run_after=2026-08-08 00:00:00+00:00
[2026-08-08T17:52:41.969+0000] {processor.py:208} INFO - Processing /home/airflow/.local/lib/python3.12/site-packages/airflow/example_dags/example_branch_datetime_operator.py took 0.182 seconds
[2026-08-08T17:53:12.554+0000] {processor.py:186} INFO - Started process (PID=189) to work on /home/airflow/.local/lib/python3.12/site-packages/airflow/example_dags/example_branch_datetime_operator.py
[2026-08-08T17:53:12.555+0000] {processor.py:914} INFO - Processing file /home/airflow/.local/lib/python3.12/site-packages/airflow/example_dags/example_branch_datetime_operator.py for tasks to queue
[2026-08-08T17:53:12.558+0000] {logging_mixin.py:190} INFO - [2026-08-08T17:53:12.558+0000] {dagbag.py:587} INFO - Filling up the DagBag from /home/airflow/.local/lib/python3.12/site-packages/airflow/example_dags/example_branch_datetime_operator.py
[2026-08-08T17:53:12.574+0000] {processor.py:925} INFO - DAG(s) 'example_branch_datetime_operator_2', 'example_branch_datetime_operator_3', 'example_branch_datetime_operator' retrieved from /home/airflow/.local/lib/python3.12/site-packages/airflow/example_dags/example_branch_datetime_operator.py
[2026-08-08T17:53:12.604+0000] {logging_mixin.py:190} INFO - [2026-08-08T17:53:12.604+0000] {dag.py:3211} INFO - Sync 3 DAGs
[2026-08-08T17:53:12.633+0000] {logging_mixin.py:190} INFO - [2026-08-08T17:53:12.632+0000] {dag.py:4138} INFO - Setting next_dagrun for example_branch_datetime_operator to 2026-08-07 00:00:00+00:00, run_after=2026-08-08 00:00:00+00:00
[2026-08-08T17:53:12.638+0000] {logging_mixin.py:190} INFO - [2026-08-08T17:53:12.638+0000] {dag.py:4138} INFO - Setting next_dagrun for example_branch_datetime_operator_2 to 2026-08-07 00:00:00+00:00, run_after=2026-08-08 00:00:00+00:00
[2026-08-08T17:53:12.641+0000] {logging_mixin.py:190} INFO - [2026-08-08T17:53:12.640+0000] {dag.py:4138} INFO - Setting next_dagrun for example_branch_datetime_operator_3 to 2026-08-07 00:00:00+00:00, run_after=2026-08-08 00:00:00+00:00
[2026-08-08T17:53:12.665+0000] {processor.py:208} INFO - Processing /home/airflow/.local/lib/python3.12/site-packages/airflow/example_dags/example_branch_datetime_operator.py took 0.119 seconds
[2026-08-08T17:53:43.135+0000] {processor.py:186} INFO - Started process (PID=252) to work on /home/airflow/.local/lib/python3.12/site-packages/airflow/example_dags/example_branch_datetime_operator.py
[2026-08-08T17:53:43.137+0000] {processor.py:914} INFO - Processing file /home/airflow/.local/lib/python3.12/site-packages/airflow/example_dags/example_branch_datetime_operator.py for tasks to queue
[2026-08-08T17:53:43.141+0000] {logging_mixin.py:190} INFO - [2026-08-08T17:53:43.140+0000] {dagbag.py:587} INFO - Filling up the DagBag from /home/airflow/.local/lib/python3.12/site-packages/airflow/example_dags/example_branch_datetime_operator.py
[2026-08-08T17:53:43.162+0000] {processor.py:925} INFO - DAG(s) 'example_branch_datetime_operator_2', 'example_branch_datetime_operator', 'example_branch_datetime_operator_3' retrieved from /home/airflow/.local/lib/python3.12/site-packages/airflow/example_dags/example_branch_datetime_operator.py
[2026-08-08T17:53:43.212+0000] {logging_mixin.py:190} INFO - [2026-08-08T17:53:43.212+0000] {dag.py:3211} INFO - Sync 3 DAGs
[2026-08-08T17:53:43.288+0000] {logging_mixin.py:190} INFO - [2026-08-08T17:53:43.288+0000] {dag.py:4138} INFO - Setting next_dagrun for example_branch_datetime_operator to 2026-08-07 00:00:00+00:00, run_after=2026-08-08 00:00:00+00:00
[2026-08-08T17:53:43.308+0000] {logging_mixin.py:190} INFO - [2026-08-08T17:53:43.307+0000] {dag.py:4138} INFO - Setting next_dagrun for example_branch_datetime_operator_2 to 2026-08-07 00:00:00+00:00, run_after=2026-08-08 00:00:00+00:00
[2026-08-08T17:53:43.314+0000] {logging_mixin.py:190} INFO - [2026-08-08T17:53:43.313+0000] {dag.py:4138} INFO - Setting next_dagrun for example_branch_datetime_operator_3 to 2026-08-07 00:00:00+00:00, run_after=2026-08-08 00:00:00+00:00
[2026-08-08T17:53:43.349+0000] {processor.py:208} INFO - Processing /home/airflow/.local/lib/python3.12/site-packages/airflow/example_dags/example_branch_datetime_operator.py took 0.225 seconds
[2026-08-08T17:54:13.655+0000] {processor.py:186} INFO - Started process (PID=315) to work on /home/airflow/.local/lib/python3.12/site-packages/airflow/example_dags/example_branch_datetime_operator.py
[2026-08-08T17:54:13.659+0000] {processor.py:914} INFO - Processing file /home/airflow/.local/lib/python3.12/site-packages/airflow/example_dags/example_branch_datetime_operator.py for tasks to queue
[2026-08-08T17:54:13.663+0000] {logging_mixin.py:190} INFO - [2026-08-08T17:54:13.662+0000] {dagbag.py:587} INFO - Filling up the DagBag from /home/airflow/.local/lib/python3.12/site-packages/airflow/example_dags/example_branch_datetime_operator.py
[2026-08-08T17:54:13.679+0000] {processor.py:925} INFO - DAG(s) 'example_branch_datetime_operator_3', 'example_branch_datetime_operator', 'example_branch_datetime_operator_2' retrieved from /home/airflow/.local/lib/python3.12/site-packages/airflow/example_dags/example_branch_datetime_operator.py
[2026-08-08T17:54:13.708+0000] {logging_mixin.py:190} INFO - [2026-08-08T17:54:13.707+0000] {dag.py:3211} INFO - Sync 3 DAGs
[2026-08-08T17:54:13.728+0000] {logging_mixin.py:190} INFO - [2026-08-08T17:54:13.727+0000] {dag.py:4138} INFO - Setting next_dagrun for example_branch_datetime_operator to 2026-08-07 00:00:00+00:00, run_after=2026-08-08 00:00:00+00:00
[2026-08-08T17:54:13.732+0000] {logging_mixin.py:190} INFO - [2026-08-08T17:54:13.731+0000] {dag.py:4138} INFO - Setting next_dagrun for example_branch_datetime_operator_2 to 2026-08-07 00:00:00+00:00, run_after=2026-08-08 00:00:00+00:00
[2026-08-08T17:54:13.734+0000] {logging_mixin.py:190} INFO - [2026-08-08T17:54:13.734+0000] {dag.py:4138} INFO - Setting next_dagrun for example_branch_datetime_operator_3 to 2026-08-07 00:00:00+00:00, run_after=2026-08-08 00:00:00+00:00
[2026-08-08T17:54:13.750+0000] {processor.py:208} INFO - Processing /home/airflow/.local/lib/python3.12/site-packages/airflow/example_dags/example_branch_datetime_operator.py took 0.108 seconds
[2026-08-08T17:54:44.764+0000] {processor.py:186} INFO - Started process (PID=378) to work on /home/airflow/.local/lib/python3.12/site-packages/airflow/example_dags/example_branch_datetime_operator.py
[2026-08-08T17:54:44.766+0000] {processor.py:914} INFO - Processing file /home/airflow/.local/lib/python3.12/site-packages/airflow/example_dags/example_branch_datetime_operator.py for tasks to queue
[2026-08-08T17:54:44.768+0000] {logging_mixin.py:190} INFO - [2026-08-08T17:54:44.768+0000] {dagbag.py:587} INFO - Filling up the DagBag from /home/airflow/.local/lib/python3.12/site-packages/airflow/example_dags/example_branch_datetime_operator.py
[2026-08-08T17:54:44.779+0000] {processor.py:925} INFO - DAG(s) 'example_branch_datetime_operator', 'example_branch_datetime_operator_2', 'example_branch_datetime_operator_3' retrieved from /home/airflow/.local/lib/python3.12/site-packages/airflow/example_dags/example_branch_datetime_operator.py
[2026-08-08T17:54:44.801+0000] {logging_mixin.py:190} INFO - [2026-08-08T17:54:44.801+0000] {dag.py:3211} INFO - Sync 3 DAGs
[2026-08-08T17:54:44.820+0000] {logging_mixin.py:190} INFO - [2026-08-08T17:54:44.820+0000] {dag.py:4138} INFO - Setting next_dagrun for example_branch_datetime_operator to 2026-08-07 00:00:00+00:00, run_after=2026-08-08 00:00:00+00:00
[2026-08-08T17:54:44.824+0000] {logging_mixin.py:190} INFO - [2026-08-08T17:54:44.824+0000] {dag.py:4138} INFO - Setting next_dagrun for example_branch_datetime_operator_2 to 2026-08-07 00:00:00+00:00, run_after=2026-08-08 00:00:00+00:00
[2026-08-08T17:54:44.827+0000] {logging_mixin.py:190} INFO - [2026-08-08T17:54:44.827+0000] {dag.py:4138} INFO - Setting next_dagrun for example_branch_datetime_operator_3 to 2026-08-07 00:00:00+00:00, run_after=2026-08-08 00:00:00+00:00
[2026-08-08T17:54:44.844+0000] {processor.py:208} INFO - Processing /home/airflow/.local/lib/python3.12/site-packages/airflow/example_dags/example_branch_datetime_operator.py took 0.085 seconds
[2026-08-08T17:55:14.988+0000] {processor.py:186} INFO - Started process (PID=441) to work on /home/airflow/.local/lib/python3.12/site-packages/airflow/example_dags/example_branch_datetime_operator.py
[2026-08-08T17:55:14.989+0000] {processor.py:914} INFO - Processing file /home/airflow/.local/lib/python3.12/site-packages/airflow/example_dags/example_branch_datetime_operator.py for tasks to queue
[2026-08-08T17:55:14.992+0000] {logging_mixin.py:190} INFO - [2026-08-08T17:55:14.992+0000] {dagbag.py:587} INFO - Filling up the DagBag from /home/airflow/.local/lib/python3.12/site-packages/airflow/example_dags/example_branch_datetime_operator.py
[2026-08-08T17:55:15.004+0000] {processor.py:925} INFO - DAG(s) 'example_branch_datetime_operator_2', 'example_branch_datetime_operator_3', 'example_branch_datetime_operator' retrieved from /home/airflow/.local/lib/python3.12/site-packages/airflow/example_dags/example_branch_datetime_operator.py
[2026-08-08T17:55:15.029+0000] {logging_mixin.py:190} INFO - [2026-08-08T17:55:15.029+0000] {dag.py:3211} INFO - Sync 3 DAGs
[2026-08-08T17:55:15.047+0000] {logging_mixin.py:190} INFO - [2026-08-08T17:55:15.047+0000] {dag.py:4138} INFO - Setting next_dagrun for example_branch_datetime_operator to 2026-08-07 00:00:00+00:00, run_after=2026-08-08 00:00:00+00:00
[2026-08-08T17:55:15.051+0000] {logging_mixin.py:190} INFO - [2026-08-08T17:55:15.051+0000] {dag.py:4138} INFO - Setting next_dagrun for example_branch_datetime_operator_2 to 2026-08-07 00:00:00+00:00, run_after=2026-08-08 00:00:00+00:00
[2026-08-08T17:55:15.054+0000] {logging_mixin.py:190} INFO - [2026-08-08T17:55:15.054+0000] {dag.py:4138} INFO - Setting next_dagrun for example_branch_datetime_operator_3 to 2026-08-07 00:00:00+00:00, run_after=2026-08-08 00:00:00+00:00
[2026-08-08T17:55:15.070+0000] {processor.py:208} INFO - Processing /home/airflow/.local/lib/python3.12/site-packages/airflow/example_dags/example_branch_datetime_operator.py took 0.088 seconds
[2026-08-08T17:55:45.352+0000] {processor.py:186} INFO - Started process (PID=504) to work on /home/airflow/.local/lib/python3.12/site-packages/airflow/example_dags/example_branch_datetime_operator.py
[2026-08-08T17:55:45.353+0000] {processor.py:914} INFO - Processing file /home/airflow/.local/lib/python3.12/site-packages/airflow/example_dags/example_branch_datetime_operator.py for tasks to queue
[2026-08-08T17:55:45.356+0000] {logging_mixin.py:190} INFO - [2026-08-08T17:55:45.355+0000] {dagbag.py:587} INFO - Filling up the DagBag from /home/airflow/.local/lib/python3.12/site-packages/airflow/example_dags/example_branch_datetime_operator.py
[2026-08-08T17:55:45.370+0000] {processor.py:925} INFO - DAG(s) 'example_branch_datetime_operator_2', 'example_branch_datetime_operator', 'example_branch_datetime_operator_3' retrieved from /home/airflow/.local/lib/python3.12/site-packages/airflow/example_dags/example_branch_datetime_operator.py
[2026-08-08T17:55:45.419+0000] {logging_mixin.py:190} INFO - [2026-08-08T17:55:45.419+0000] {dag.py:3211} INFO - Sync 3 DAGs
[2026-08-08T17:55:45.454+0000] {logging_mixin.py:190} INFO - [2026-08-08T17:55:45.453+0000] {dag.py:4138} INFO - Setting next_dagrun for example_branch_datetime_operator to 2026-08-07 00:00:00+00:00, run_after=2026-08-08 00:00:00+00:00
[2026-08-08T17:55:45.459+0000] {logging_mixin.py:190} INFO - [2026-08-08T17:55:45.459+0000] {dag.py:4138} INFO - Setting next_dagrun for example_branch_datetime_operator_2 to 2026-08-07 00:00:00+00:00, run_after=2026-08-08 00:00:00+00:00
[2026-08-08T17:55:45.463+0000] {logging_mixin.py:190} INFO - [2026-08-08T17:55:45.463+0000] {dag.py:4138} INFO - Setting next_dagrun for example_branch_datetime_operator_3 to 2026-08-07 00:00:00+00:00, run_after=2026-08-08 00:00:00+00:00
[2026-08-08T17:55:45.484+0000] {processor.py:208} INFO - Processing /home/airflow/.local/lib/python3.12/site-packages/airflow/example_dags/example_branch_datetime_operator.py took 0.140 seconds
[2026-08-08T17:56:15.930+0000] {processor.py:186} INFO - Started process (PID=567) to work on /home/airflow/.local/lib/python3.12/site-packages/airflow/example_dags/example_branch_datetime_operator.py
[2026-08-08T17:56:15.931+0000] {processor.py:914} INFO - Processing file /home/airflow/.local/lib/python3.12/site-packages/airflow/example_dags/example_branch_datetime_operator.py for tasks to queue
[2026-08-08T17:56:15.934+0000] {logging_mixin.py:190} INFO - [2026-08-08T17:56:15.933+0000] {dagbag.py:587} INFO - Filling up the DagBag from /home/airflow/.local/lib/python3.12/site-packages/airflow/example_dags/example_branch_datetime_operator.py
[2026-08-08T17:56:15.944+0000] {processor.py:925} INFO - DAG(s) 'example_branch_datetime_operator_3', 'example_branch_datetime_operator', 'example_branch_datetime_operator_2' retrieved from /home/airflow/.local/lib/python3.12/site-packages/airflow/example_dags/example_branch_datetime_operator.py
[2026-08-08T17:56:15.967+0000] {logging_mixin.py:190} INFO - [2026-08-08T17:56:15.967+0000] {dag.py:3211} INFO - Sync 3 DAGs
[2026-08-08T17:56:15.986+0000] {logging_mixin.py:190} INFO - [2026-08-08T17:56:15.986+0000] {dag.py:4138} INFO - Setting next_dagrun for example_branch_datetime_operator to 2026-08-07 00:00:00+00:00, run_after=2026-08-08 00:00:00+00:00
[2026-08-08T17:56:15.990+0000] {logging_mixin.py:190} INFO - [2026-08-08T17:56:15.990+0000] {dag.py:4138} INFO - Setting next_dagrun for example_branch_datetime_operator_2 to 2026-08-07 00:00:00+00:00, run_after=2026-08-08 00:00:00+00:00
[2026-08-08T17:56:15.992+0000] {logging_mixin.py:190} INFO - [2026-08-08T17:56:15.992+0000] {dag.py:4138} INFO - Setting next_dagrun for example_branch_datetime_operator_3 to 2026-08-07 00:00:00+00:00, run_after=2026-08-08 00:00:00+00:00
[2026-08-08T17:56:16.010+0000] {processor.py:208} INFO - Processing /home/airflow/.local/lib/python3.12/site-packages/airflow/example_dags/example_branch_datetime_operator.py took 0.086 seconds
[2026-08-08T17:56:46.546+0000] {processor.py:186} INFO - Started process (PID=630) to work on /home/airflow/.local/lib/python3.12/site-packages/airflow/example_dags/example_branch_datetime_operator.py
[2026-08-08T17:56:46.548+0000] {processor.py:914} INFO - Processing file /home/airflow/.local/lib/python3.12/site-packages/airflow/example_dags/example_branch_datetime_operator.py for tasks to queue
[2026-08-08T17:56:46.550+0000] {logging_mixin.py:190} INFO - [2026-08-08T17:56:46.550+0000] {dagbag.py:587} INFO - Filling up the DagBag from /home/airflow/.local/lib/python3.12/site-packages/airflow/example_dags/example_branch_datetime_operator.py
[2026-08-08T17:56:46.561+0000] {processor.py:925} INFO - DAG(s) 'example_branch_datetime_operator', 'example_branch_datetime_operator_2', 'example_branch_datetime_operator_3' retrieved from /home/airflow/.local/lib/python3.12/site-packages/airflow/example_dags/example_branch_datetime_operator.py
[2026-08-08T17:56:46.584+0000] {logging_mixin.py:190} INFO - [2026-08-08T17:56:46.584+0000] {dag.py:3211} INFO - Sync 3 DAGs
[2026-08-08T17:56:46.605+0000] {logging_mixin.py:190} INFO - [2026-08-08T17:56:46.605+0000] {dag.py:4138} INFO - Setting next_dagrun for example_branch_datetime_operator to 2026-08-07 00:00:00+00:00, run_after=2026-08-08 00:00:00+00:00
[2026-08-08T17:56:46.610+0000] {logging_mixin.py:190} INFO - [2026-08-08T17:56:46.609+0000] {dag.py:4138} INFO - Setting next_dagrun for example_branch_datetime_operator_2 to 2026-08-07 00:00:00+00:00, run_after=2026-08-08 00:00:00+00:00
[2026-08-08T17:56:46.612+0000] {logging_mixin.py:190} INFO - [2026-08-08T17:56:46.612+0000] {dag.py:4138} INFO - Setting next_dagrun for example_branch_datetime_operator_3 to 2026-08-07 00:00:00+00:00, run_after=2026-08-08 00:00:00+00:00
[2026-08-08T17:56:46.627+0000] {processor.py:208} INFO - Processing /home/airflow/.local/lib/python3.12/site-packages/airflow/example_dags/example_branch_datetime_operator.py took 0.085 seconds
[2026-08-08T17:57:17.351+0000] {processor.py:186} INFO - Started process (PID=693) to work on /home/airflow/.local/lib/python3.12/site-packages/airflow/example_dags/example_branch_datetime_operator.py
[2026-08-08T17:57:17.353+0000] {processor.py:914} INFO - Processing file /home/airflow/.local/lib/python3.12/site-packages/airflow/example_dags/example_branch_datetime_operator.py for tasks to queue
[2026-08-08T17:57:17.355+0000] {logging_mixin.py:190} INFO - [2026-08-08T17:57:17.355+0000] {dagbag.py:587} INFO - Filling up the DagBag from /home/airflow/.local/lib/python3.12/site-packages/airflow/example_dags/example_branch_datetime_operator.py
[2026-08-08T17:57:17.366+0000] {processor.py:925} INFO - DAG(s) 'example_branch_datetime_operator_3', 'example_branch_datetime_operator', 'example_branch_datetime_operator_2' retrieved from /home/airflow/.local/lib/python3.12/site-packages/airflow/example_dags/example_branch_datetime_operator.py
[2026-08-08T17:57:17.392+0000] {logging_mixin.py:190} INFO - [2026-08-08T17:57:17.392+0000] {dag.py:3211} INFO - Sync 3 DAGs
[2026-08-08T17:57:17.414+0000] {logging_mixin.py:190} INFO - [2026-08-08T17:57:17.414+0000] {dag.py:4138} INFO - Setting next_dagrun for example_branch_datetime_operator to 2026-08-07 00:00:00+00:00, run_after=2026-08-08 00:00:00+00:00
[2026-08-08T17:57:17.419+0000] {logging_mixin.py:190} INFO - [2026-08-08T17:57:17.419+0000] {dag.py:4138} INFO - Setting next_dagrun for example_branch_datetime_operator_2 to 2026-08-07 00:00:00+00:00, run_after=2026-08-08 00:00:00+00:00
[2026-08-08T17:57:17.421+0000] {logging_mixin.py:190} INFO - [2026-08-08T17:57:17.421+0000] {dag.py:4138} INFO - Setting next_dagrun for example_branch_datetime_operator_3 to 2026-08-07 00:00:00+00:00, run_after=2026-08-08 00:00:00+00:00
[2026-08-08T17:57:17.440+0000] {processor.py:208} INFO - Processing /home/airflow/.local/lib/python3.12/site-packages/airflow/example_dags/example_branch_datetime_operator.py took 0.093 seconds
[2026-08-08T18:08:23.006+0000] {processor.py:186} INFO - Started process (PID=756) to work on /home/airflow/.local/lib/python3.12/site-packages/airflow/example_dags/example_branch_datetime_operator.py
[2026-08-08T18:08:23.009+0000] {processor.py:914} INFO - Processing file /home/airflow/.local/lib/python3.12/site-packages/airflow/example_dags/example_branch_datetime_operator.py for tasks to queue
[2026-08-08T18:08:23.017+0000] {logging_mixin.py:190} INFO - [2026-08-08T18:08:23.016+0000] {dagbag.py:587} INFO - Filling up the DagBag from /home/airflow/.local/lib/python3.12/site-packages/airflow/example_dags/example_branch_datetime_operator.py
[2026-08-08T18:08:23.039+0000] {processor.py:925} INFO - DAG(s) 'example_branch_datetime_operator', 'example_branch_datetime_operator_3', 'example_branch_datetime_operator_2' retrieved from /home/airflow/.local/lib/python3.12/site-packages/airflow/example_dags/example_branch_datetime_operator.py
[2026-08-08T18:08:23.099+0000] {logging_mixin.py:190} INFO - [2026-08-08T18:08:23.098+0000] {dag.py:3211} INFO - Sync 3 DAGs
[2026-08-08T18:08:23.152+0000] {logging_mixin.py:190} INFO - [2026-08-08T18:08:23.151+0000] {dag.py:4138} INFO - Setting next_dagrun for example_branch_datetime_operator to 2026-08-07 00:00:00+00:00, run_after=2026-08-08 00:00:00+00:00
[2026-08-08T18:08:23.166+0000] {logging_mixin.py:190} INFO - [2026-08-08T18:08:23.165+0000] {dag.py:4138} INFO - Setting next_dagrun for example_branch_datetime_operator_2 to 2026-08-07 00:00:00+00:00, run_after=2026-08-08 00:00:00+00:00
[2026-08-08T18:08:23.172+0000] {logging_mixin.py:190} INFO - [2026-08-08T18:08:23.172+0000] {dag.py:4138} INFO - Setting next_dagrun for example_branch_datetime_operator_3 to 2026-08-07 00:00:00+00:00, run_after=2026-08-08 00:00:00+00:00
[2026-08-08T18:08:23.217+0000] {processor.py:208} INFO - Processing /home/airflow/.local/lib/python3.12/site-packages/airflow/example_dags/example_branch_datetime_operator.py took 0.224 seconds
[2026-08-08T18:08:53.903+0000] {processor.py:186} INFO - Started process (PID=819) to work on /home/airflow/.local/lib/python3.12/site-packages/airflow/example_dags/example_branch_datetime_operator.py
[2026-08-08T18:08:53.906+0000] {processor.py:914} INFO - Processing file /home/airflow/.local/lib/python3.12/site-packages/airflow/example_dags/example_branch_datetime_operator.py for tasks to queue
[2026-08-08T18:08:53.910+0000] {logging_mixin.py:190} INFO - [2026-08-08T18:08:53.909+0000] {dagbag.py:587} INFO - Filling up the DagBag from /home/airflow/.local/lib/python3.12/site-packages/airflow/example_dags/example_branch_datetime_operator.py
[2026-08-08T18:08:53.929+0000] {processor.py:925} INFO - DAG(s) 'example_branch_datetime_operator_3', 'example_branch_datetime_operator_2', 'example_branch_datetime_operator' retrieved from /home/airflow/.local/lib/python3.12/site-packages/airflow/example_dags/example_branch_datetime_operator.py
[2026-08-08T18:08:53.976+0000] {logging_mixin.py:190} INFO - [2026-08-08T18:08:53.975+0000] {dag.py:3211} INFO - Sync 3 DAGs
[2026-08-08T18:08:54.022+0000] {logging_mixin.py:190} INFO - [2026-08-08T18:08:54.022+0000] {dag.py:4138} INFO - Setting next_dagrun for example_branch_datetime_operator to 2026-08-07 00:00:00+00:00, run_after=2026-08-08 00:00:00+00:00
[2026-08-08T18:08:54.032+0000] {logging_mixin.py:190} INFO - [2026-08-08T18:08:54.032+0000] {dag.py:4138} INFO - Setting next_dagrun for example_branch_datetime_operator_2 to 2026-08-07 00:00:00+00:00, run_after=2026-08-08 00:00:00+00:00
[2026-08-08T18:08:54.037+0000] {logging_mixin.py:190} INFO - [2026-08-08T18:08:54.036+0000] {dag.py:4138} INFO - Setting next_dagrun for example_branch_datetime_operator_3 to 2026-08-07 00:00:00+00:00, run_after=2026-08-08 00:00:00+00:00
[2026-08-08T18:08:54.067+0000] {processor.py:208} INFO - Processing /home/airflow/.local/lib/python3.12/site-packages/airflow/example_dags/example_branch_datetime_operator.py took 0.173 seconds
[2026-08-08T18:09:24.226+0000] {processor.py:186} INFO - Started process (PID=882) to work on /home/airflow/.local/lib/python3.12/site-packages/airflow/example_dags/example_branch_datetime_operator.py
[2026-08-08T18:09:24.231+0000] {processor.py:914} INFO - Processing file /home/airflow/.local/lib/python3.12/site-packages/airflow/example_dags/example_branch_datetime_operator.py for tasks to queue
[2026-08-08T18:09:24.236+0000] {logging_mixin.py:190} INFO - [2026-08-08T18:09:24.236+0000] {dagbag.py:587} INFO - Filling up the DagBag from /home/airflow/.local/lib/python3.12/site-packages/airflow/example_dags/example_branch_datetime_operator.py
[2026-08-08T18:09:24.256+0000] {processor.py:925} INFO - DAG(s) 'example_branch_datetime_operator_2', 'example_branch_datetime_operator', 'example_branch_datetime_operator_3' retrieved from /home/airflow/.local/lib/python3.12/site-packages/airflow/example_dags/example_branch_datetime_operator.py
[2026-08-08T18:09:24.299+0000] {logging_mixin.py:190} INFO - [2026-08-08T18:09:24.299+0000] {dag.py:3211} INFO - Sync 3 DAGs
[2026-08-08T18:09:24.343+0000] {logging_mixin.py:190} INFO - [2026-08-08T18:09:24.343+0000] {dag.py:4138} INFO - Setting next_dagrun for example_branch_datetime_operator to 2026-08-07 00:00:00+00:00, run_after=2026-08-08 00:00:00+00:00
[2026-08-08T18:09:24.349+0000] {logging_mixin.py:190} INFO - [2026-08-08T18:09:24.349+0000] {dag.py:4138} INFO - Setting next_dagrun for example_branch_datetime_operator_2 to 2026-08-07 00:00:00+00:00, run_after=2026-08-08 00:00:00+00:00
[2026-08-08T18:09:24.353+0000] {logging_mixin.py:190} INFO - [2026-08-08T18:09:24.353+0000] {dag.py:4138} INFO - Setting next_dagrun for example_branch_datetime_operator_3 to 2026-08-07 00:00:00+00:00, run_after=2026-08-08 00:00:00+00:00
[2026-08-08T18:09:24.380+0000] {processor.py:208} INFO - Processing /home/airflow/.local/lib/python3.12/site-packages/airflow/example_dags/example_branch_datetime_operator.py took 0.164 seconds
[2026-08-08T18:09:54.495+0000] {processor.py:186} INFO - Started process (PID=946) to work on /home/airflow/.local/lib/python3.12/site-packages/airflow/example_dags/example_branch_datetime_operator.py
[2026-08-08T18:09:54.497+0000] {processor.py:914} INFO - Processing file /home/airflow/.local/lib/python3.12/site-packages/airflow/example_dags/example_branch_datetime_operator.py for tasks to queue
[2026-08-08T18:09:54.501+0000] {logging_mixin.py:190} INFO - [2026-08-08T18:09:54.500+0000] {dagbag.py:587} INFO - Filling up the DagBag from /home/airflow/.local/lib/python3.12/site-packages/airflow/example_dags/example_branch_datetime_operator.py
[2026-08-08T18:09:54.516+0000] {processor.py:925} INFO - DAG(s) 'example_branch_datetime_operator_3', 'example_branch_datetime_operator', 'example_branch_datetime_operator_2' retrieved from /home/airflow/.local/lib/python3.12/site-packages/airflow/example_dags/example_branch_datetime_operator.py
[2026-08-08T18:09:54.548+0000] {logging_mixin.py:190} INFO - [2026-08-08T18:09:54.548+0000] {dag.py:3211} INFO - Sync 3 DAGs
[2026-08-08T18:09:54.576+0000] {logging_mixin.py:190} INFO - [2026-08-08T18:09:54.576+0000] {dag.py:4138} INFO - Setting next_dagrun for example_branch_datetime_operator to 2026-08-07 00:00:00+00:00, run_after=2026-08-08 00:00:00+00:00
[2026-08-08T18:09:54.582+0000] {logging_mixin.py:190} INFO - [2026-08-08T18:09:54.581+0000] {dag.py:4138} INFO - Setting next_dagrun for example_branch_datetime_operator_2 to 2026-08-07 00:00:00+00:00, run_after=2026-08-08 00:00:00+00:00
[2026-08-08T18:09:54.585+0000] {logging_mixin.py:190} INFO - [2026-08-08T18:09:54.585+0000] {dag.py:4138} INFO - Setting next_dagrun for example_branch_datetime_operator_3 to 2026-08-07 00:00:00+00:00, run_after=2026-08-08 00:00:00+00:00
[2026-08-08T18:09:54.608+0000] {processor.py:208} INFO - Processing /home/airflow/.local/lib/python3.12/site-packages/airflow/example_dags/example_branch_datetime_operator.py took 0.121 seconds
[2026-08-08T18:10:25.383+0000] {processor.py:186} INFO - Started process (PID=1008) to work on /home/airflow/.local/lib/python3.12/site-packages/airflow/example_dags/example_branch_datetime_operator.py
[2026-08-08T18:10:25.385+0000] {processor.py:914} INFO - Processing file /home/airflow/.local/lib/python3.12/site-packages/airflow/example_dags/example_branch_datetime_operator.py for tasks to queue
[2026-08-08T18:10:25.388+0000] {logging_mixin.py:190} INFO - [2026-08-08T18:10:25.388+0000] {dagbag.py:587} INFO - Filling up the DagBag from /home/airflow/.local/lib/python3.12/site-packages/airflow/example_dags/example_branch_datetime_operator.py
[2026-08-08T18:10:25.403+0000] {processor.py:925} INFO - DAG(s) 'example_branch_datetime_operator_3', 'example_branch_datetime_operator', 'example_branch_datetime_operator_2' retrieved from /home/airflow/.local/lib/python3.12/site-packages/airflow/example_dags/example_branch_datetime_operator.py
[2026-08-08T18:10:25.433+0000] {logging_mixin.py:190} INFO - [2026-08-08T18:10:25.433+0000] {dag.py:3211} INFO - Sync 3 DAGs
[2026-08-08T18:10:25.461+0000] {logging_mixin.py:190} INFO - [2026-08-08T18:10:25.460+0000] {dag.py:4138} INFO - Setting next_dagrun for example_branch_datetime_operator to 2026-08-07 00:00:00+00:00, run_after=2026-08-08 00:00:00+00:00
[2026-08-08T18:10:25.467+0000] {logging_mixin.py:190} INFO - [2026-08-08T18:10:25.467+0000] {dag.py:4138} INFO - Setting next_dagrun for example_branch_datetime_operator_2 to 2026-08-07 00:00:00+00:00, run_after=2026-08-08 00:00:00+00:00
[2026-08-08T18:10:25.472+0000] {logging_mixin.py:190} INFO - [2026-08-08T18:10:25.472+0000] {dag.py:4138} INFO - Setting next_dagrun for example_branch_datetime_operator_3 to 2026-08-07 00:00:00+00:00, run_after=2026-08-08 00:00:00+00:00
[2026-08-08T18:10:25.494+0000] {processor.py:208} INFO - Processing /home/airflow/.local/lib/python3.12/site-packages/airflow/example_dags/example_branch_datetime_operator.py took 0.118 seconds
[2026-08-08T18:10:55.573+0000] {processor.py:186} INFO - Started process (PID=1072) to work on /home/airflow/.local/lib/python3.12/site-packages/airflow/example_dags/example_branch_datetime_operator.py
[2026-08-08T18:10:55.575+0000] {processor.py:914} INFO - Processing file /home/airflow/.local/lib/python3.12/site-packages/airflow/example_dags/example_branch_datetime_operator.py for tasks to queue
[2026-08-08T18:10:55.579+0000] {logging_mixin.py:190} INFO - [2026-08-08T18:10:55.578+0000] {dagbag.py:587} INFO - Filling up the DagBag from /home/airflow/.local/lib/python3.12/site-packages/airflow/example_dags/example_branch_datetime_operator.py
[2026-08-08T18:10:55.591+0000] {processor.py:925} INFO - DAG(s) 'example_branch_datetime_operator_2', 'example_branch_datetime_operator_3', 'example_branch_datetime_operator' retrieved from /home/airflow/.local/lib/python3.12/site-packages/airflow/example_dags/example_branch_datetime_operator.py
[2026-08-08T18:10:55.617+0000] {logging_mixin.py:190} INFO - [2026-08-08T18:10:55.617+0000] {dag.py:3211} INFO - Sync 3 DAGs
[2026-08-08T18:10:55.638+0000] {logging_mixin.py:190} INFO - [2026-08-08T18:10:55.638+0000] {dag.py:4138} INFO - Setting next_dagrun for example_branch_datetime_operator to 2026-08-07 00:00:00+00:00, run_after=2026-08-08 00:00:00+00:00
[2026-08-08T18:10:55.644+0000] {logging_mixin.py:190} INFO - [2026-08-08T18:10:55.644+0000] {dag.py:4138} INFO - Setting next_dagrun for example_branch_datetime_operator_2 to 2026-08-07 00:00:00+00:00, run_after=2026-08-08 00:00:00+00:00
[2026-08-08T18:10:55.647+0000] {logging_mixin.py:190} INFO - [2026-08-08T18:10:55.647+0000] {dag.py:4138} INFO - Setting next_dagrun for example_branch_datetime_operator_3 to 2026-08-07 00:00:00+00:00, run_after=2026-08-08 00:00:00+00:00
[2026-08-08T18:10:55.664+0000] {processor.py:208} INFO - Processing /home/airflow/.local/lib/python3.12/site-packages/airflow/example_dags/example_branch_datetime_operator.py took 0.097 seconds
[2026-08-08T18:11:26.001+0000] {processor.py:186} INFO - Started process (PID=1134) to work on /home/airflow/.local/lib/python3.12/site-packages/airflow/example_dags/example_branch_datetime_operator.py
[2026-08-08T18:11:26.002+0000] {processor.py:914} INFO - Processing file /home/airflow/.local/lib/python3.12/site-packages/airflow/example_dags/example_branch_datetime_operator.py for tasks to queue
[2026-08-08T18:11:26.006+0000] {logging_mixin.py:190} INFO - [2026-08-08T18:11:26.005+0000] {dagbag.py:587} INFO - Filling up the DagBag from /home/airflow/.local/lib/python3.12/site-packages/airflow/example_dags/example_branch_datetime_operator.py
[2026-08-08T18:11:26.021+0000] {processor.py:925} INFO - DAG(s) 'example_branch_datetime_operator_2', 'example_branch_datetime_operator', 'example_branch_datetime_operator_3' retrieved from /home/airflow/.local/lib/python3.12/site-packages/airflow/example_dags/example_branch_datetime_operator.py
[2026-08-08T18:11:26.054+0000] {logging_mixin.py:190} INFO - [2026-08-08T18:11:26.054+0000] {dag.py:3211} INFO - Sync 3 DAGs
[2026-08-08T18:11:26.085+0000] {logging_mixin.py:190} INFO - [2026-08-08T18:11:26.084+0000] {dag.py:4138} INFO - Setting next_dagrun for example_branch_datetime_operator to 2026-08-07 00:00:00+00:00, run_after=2026-08-08 00:00:00+00:00
[2026-08-08T18:11:26.090+0000] {logging_mixin.py:190} INFO - [2026-08-08T18:11:26.089+0000] {dag.py:4138} INFO - Setting next_dagrun for example_branch_datetime_operator_2 to 2026-08-07 00:00:00+00:00, run_after=2026-08-08 00:00:00+00:00
[2026-08-08T18:11:26.092+0000] {logging_mixin.py:190} INFO - [2026-08-08T18:11:26.092+0000] {dag.py:4138} INFO - Setting next_dagrun for example_branch_datetime_operator_3 to 2026-08-07 00:00:00+00:00, run_after=2026-08-08 00:00:00+00:00
[2026-08-08T18:11:26.118+0000] {processor.py:208} INFO - Processing /home/airflow/.local/lib/python3.12/site-packages/airflow/example_dags/example_branch_datetime_operator.py took 0.123 seconds
[2026-08-08T18:11:56.649+0000] {processor.py:186} INFO - Started process (PID=1197) to work on /home/airflow/.local/lib/python3.12/site-packages/airflow/example_dags/example_branch_datetime_operator.py
[2026-08-08T18:11:56.651+0000] {processor.py:914} INFO - Processing file /home/airflow/.local/lib/python3.12/site-packages/airflow/example_dags/example_branch_datetime_operator.py for tasks to queue
[2026-08-08T18:11:56.655+0000] {logging_mixin.py:190} INFO - [2026-08-08T18:11:56.654+0000] {dagbag.py:587} INFO - Filling up the DagBag from /home/airflow/.local/lib/python3.12/site-packages/airflow/example_dags/example_branch_datetime_operator.py
[2026-08-08T18:11:56.675+0000] {processor.py:925} INFO - DAG(s) 'example_branch_datetime_operator_3', 'example_branch_datetime_operator', 'example_branch_datetime_operator_2' retrieved from /home/airflow/.local/lib/python3.12/site-packages/airflow/example_dags/example_branch_datetime_operator.py
[2026-08-08T18:11:56.709+0000] {logging_mixin.py:190} INFO - [2026-08-08T18:11:56.709+0000] {dag.py:3211} INFO - Sync 3 DAGs
[2026-08-08T18:11:56.737+0000] {logging_mixin.py:190} INFO - [2026-08-08T18:11:56.736+0000] {dag.py:4138} INFO - Setting next_dagrun for example_branch_datetime_operator to 2026-08-07 00:00:00+00:00, run_after=2026-08-08 00:00:00+00:00
[2026-08-08T18:11:56.744+0000] {logging_mixin.py:190} INFO - [2026-08-08T18:11:56.743+0000] {dag.py:4138} INFO - Setting next_dagrun for example_branch_datetime_operator_2 to 2026-08-07 00:00:00+00:00, run_after=2026-08-08 00:00:00+00:00
[2026-08-08T18:11:56.747+0000] {logging_mixin.py:190} INFO - [2026-08-08T18:11:56.747+0000] {dag.py:4138} INFO - Setting next_dagrun for example_branch_datetime_operator_3 to 2026-08-07 00:00:00+00:00, run_after=2026-08-08 00:00:00+00:00
[2026-08-08T18:11:56.773+0000] {processor.py:208} INFO - Processing /home/airflow/.local/lib/python3.12/site-packages/airflow/example_dags/example_branch_datetime_operator.py took 0.132 seconds
[2026-08-08T18:13:11.410+0000] {processor.py:186} INFO - Started process (PID=132) to work on /home/airflow/.local/lib/python3.12/site-packages/airflow/example_dags/example_branch_datetime_operator.py
[2026-08-08T18:13:11.412+0000] {processor.py:914} INFO - Processing file /home/airflow/.local/lib/python3.12/site-packages/airflow/example_dags/example_branch_datetime_operator.py for tasks to queue
[2026-08-08T18:13:11.417+0000] {logging_mixin.py:190} INFO - [2026-08-08T18:13:11.416+0000] {dagbag.py:587} INFO - Filling up the DagBag from /home/airflow/.local/lib/python3.12/site-packages/airflow/example_dags/example_branch_datetime_operator.py
[2026-08-08T18:13:11.438+0000] {processor.py:925} INFO - DAG(s) 'example_branch_datetime_operator_3', 'example_branch_datetime_operator', 'example_branch_datetime_operator_2' retrieved from /home/airflow/.local/lib/python3.12/site-packages/airflow/example_dags/example_branch_datetime_operator.py
[2026-08-08T18:13:11.493+0000] {logging_mixin.py:190} INFO - [2026-08-08T18:13:11.492+0000] {dag.py:3211} INFO - Sync 3 DAGs
[2026-08-08T18:13:11.541+0000] {logging_mixin.py:190} INFO - [2026-08-08T18:13:11.540+0000] {dag.py:4138} INFO - Setting next_dagrun for example_branch_datetime_operator to 2026-08-07 00:00:00+00:00, run_after=2026-08-08 00:00:00+00:00
[2026-08-08T18:13:11.550+0000] {logging_mixin.py:190} INFO - [2026-08-08T18:13:11.550+0000] {dag.py:4138} INFO - Setting next_dagrun for example_branch_datetime_operator_2 to 2026-08-07 00:00:00+00:00, run_after=2026-08-08 00:00:00+00:00
[2026-08-08T18:13:11.555+0000] {logging_mixin.py:190} INFO - [2026-08-08T18:13:11.555+0000] {dag.py:4138} INFO - Setting next_dagrun for example_branch_datetime_operator_3 to 2026-08-07 00:00:00+00:00, run_after=2026-08-08 00:00:00+00:00
[2026-08-08T18:13:11.613+0000] {processor.py:208} INFO - Processing /home/airflow/.local/lib/python3.12/site-packages/airflow/example_dags/example_branch_datetime_operator.py took 0.213 seconds
[2026-08-08T18:13:42.392+0000] {processor.py:186} INFO - Started process (PID=195) to work on /home/airflow/.local/lib/python3.12/site-packages/airflow/example_dags/example_branch_datetime_operator.py
[2026-08-08T18:13:42.394+0000] {processor.py:914} INFO - Processing file /home/airflow/.local/lib/python3.12/site-packages/airflow/example_dags/example_branch_datetime_operator.py for tasks to queue
[2026-08-08T18:13:42.397+0000] {logging_mixin.py:190} INFO - [2026-08-08T18:13:42.396+0000] {dagbag.py:587} INFO - Filling up the DagBag from /home/airflow/.local/lib/python3.12/site-packages/airflow/example_dags/example_branch_datetime_operator.py
[2026-08-08T18:13:42.406+0000] {processor.py:925} INFO - DAG(s) 'example_branch_datetime_operator_2', 'example_branch_datetime_operator', 'example_branch_datetime_operator_3' retrieved from /home/airflow/.local/lib/python3.12/site-packages/airflow/example_dags/example_branch_datetime_operator.py
[2026-08-08T18:13:42.430+0000] {logging_mixin.py:190} INFO - [2026-08-08T18:13:42.430+0000] {dag.py:3211} INFO - Sync 3 DAGs
[2026-08-08T18:13:42.447+0000] {logging_mixin.py:190} INFO - [2026-08-08T18:13:42.447+0000] {dag.py:4138} INFO - Setting next_dagrun for example_branch_datetime_operator to 2026-08-07 00:00:00+00:00, run_after=2026-08-08 00:00:00+00:00
[2026-08-08T18:13:42.453+0000] {logging_mixin.py:190} INFO - [2026-08-08T18:13:42.453+0000] {dag.py:4138} INFO - Setting next_dagrun for example_branch_datetime_operator_2 to 2026-08-07 00:00:00+00:00, run_after=2026-08-08 00:00:00+00:00
[2026-08-08T18:13:42.455+0000] {logging_mixin.py:190} INFO - [2026-08-08T18:13:42.455+0000] {dag.py:4138} INFO - Setting next_dagrun for example_branch_datetime_operator_3 to 2026-08-07 00:00:00+00:00, run_after=2026-08-08 00:00:00+00:00
[2026-08-08T18:13:42.471+0000] {processor.py:208} INFO - Processing /home/airflow/.local/lib/python3.12/site-packages/airflow/example_dags/example_branch_datetime_operator.py took 0.086 seconds
[2026-08-08T18:14:12.835+0000] {processor.py:186} INFO - Started process (PID=258) to work on /home/airflow/.local/lib/python3.12/site-packages/airflow/example_dags/example_branch_datetime_operator.py
[2026-08-08T18:14:12.837+0000] {processor.py:914} INFO - Processing file /home/airflow/.local/lib/python3.12/site-packages/airflow/example_dags/example_branch_datetime_operator.py for tasks to queue
[2026-08-08T18:14:12.839+0000] {logging_mixin.py:190} INFO - [2026-08-08T18:14:12.839+0000] {dagbag.py:587} INFO - Filling up the DagBag from /home/airflow/.local/lib/python3.12/site-packages/airflow/example_dags/example_branch_datetime_operator.py
[2026-08-08T18:14:12.848+0000] {processor.py:925} INFO - DAG(s) 'example_branch_datetime_operator', 'example_branch_datetime_operator_2', 'example_branch_datetime_operator_3' retrieved from /home/airflow/.local/lib/python3.12/site-packages/airflow/example_dags/example_branch_datetime_operator.py
[2026-08-08T18:14:12.871+0000] {logging_mixin.py:190} INFO - [2026-08-08T18:14:12.871+0000] {dag.py:3211} INFO - Sync 3 DAGs
[2026-08-08T18:14:12.889+0000] {logging_mixin.py:190} INFO - [2026-08-08T18:14:12.889+0000] {dag.py:4138} INFO - Setting next_dagrun for example_branch_datetime_operator to 2026-08-07 00:00:00+00:00, run_after=2026-08-08 00:00:00+00:00
[2026-08-08T18:14:12.892+0000] {logging_mixin.py:190} INFO - [2026-08-08T18:14:12.892+0000] {dag.py:4138} INFO - Setting next_dagrun for example_branch_datetime_operator_2 to 2026-08-07 00:00:00+00:00, run_after=2026-08-08 00:00:00+00:00
[2026-08-08T18:14:12.895+0000] {logging_mixin.py:190} INFO - [2026-08-08T18:14:12.894+0000] {dag.py:4138} INFO - Setting next_dagrun for example_branch_datetime_operator_3 to 2026-08-07 00:00:00+00:00, run_after=2026-08-08 00:00:00+00:00
[2026-08-08T18:14:12.908+0000] {processor.py:208} INFO - Processing /home/airflow/.local/lib/python3.12/site-packages/airflow/example_dags/example_branch_datetime_operator.py took 0.078 seconds
[2026-08-08T18:14:43.050+0000] {processor.py:186} INFO - Started process (PID=321) to work on /home/airflow/.local/lib/python3.12/site-packages/airflow/example_dags/example_branch_datetime_operator.py
[2026-08-08T18:14:43.052+0000] {processor.py:914} INFO - Processing file /home/airflow/.local/lib/python3.12/site-packages/airflow/example_dags/example_branch_datetime_operator.py for tasks to queue
[2026-08-08T18:14:43.056+0000] {logging_mixin.py:190} INFO - [2026-08-08T18:14:43.055+0000] {dagbag.py:587} INFO - Filling up the DagBag from /home/airflow/.local/lib/python3.12/site-packages/airflow/example_dags/example_branch_datetime_operator.py
[2026-08-08T18:14:43.067+0000] {processor.py:925} INFO - DAG(s) 'example_branch_datetime_operator_3', 'example_branch_datetime_operator_2', 'example_branch_datetime_operator' retrieved from /home/airflow/.local/lib/python3.12/site-packages/airflow/example_dags/example_branch_datetime_operator.py
[2026-08-08T18:14:43.093+0000] {logging_mixin.py:190} INFO - [2026-08-08T18:14:43.093+0000] {dag.py:3211} INFO - Sync 3 DAGs
[2026-08-08T18:14:43.115+0000] {logging_mixin.py:190} INFO - [2026-08-08T18:14:43.115+0000] {dag.py:4138} INFO - Setting next_dagrun for example_branch_datetime_operator to 2026-08-07 00:00:00+00:00, run_after=2026-08-08 00:00:00+00:00
[2026-08-08T18:14:43.120+0000] {logging_mixin.py:190} INFO - [2026-08-08T18:14:43.120+0000] {dag.py:4138} INFO - Setting next_dagrun for example_branch_datetime_operator_2 to 2026-08-07 00:00:00+00:00, run_after=2026-08-08 00:00:00+00:00
[2026-08-08T18:14:43.122+0000] {logging_mixin.py:190} INFO - [2026-08-08T18:14:43.122+0000] {dag.py:4138} INFO - Setting next_dagrun for example_branch_datetime_operator_3 to 2026-08-07 00:00:00+00:00, run_after=2026-08-08 00:00:00+00:00
[2026-08-08T18:14:43.139+0000] {processor.py:208} INFO - Processing /home/airflow/.local/lib/python3.12/site-packages/airflow/example_dags/example_branch_datetime_operator.py took 0.095 seconds
[2026-08-08T18:15:14.189+0000] {processor.py:186} INFO - Started process (PID=384) to work on /home/airflow/.local/lib/python3.12/site-packages/airflow/example_dags/example_branch_datetime_operator.py
[2026-08-08T18:15:14.193+0000] {processor.py:914} INFO - Processing file /home/airflow/.local/lib/python3.12/site-packages/airflow/example_dags/example_branch_datetime_operator.py for tasks to queue
[2026-08-08T18:15:14.198+0000] {logging_mixin.py:190} INFO - [2026-08-08T18:15:14.198+0000] {dagbag.py:587} INFO - Filling up the DagBag from /home/airflow/.local/lib/python3.12/site-packages/airflow/example_dags/example_branch_datetime_operator.py
[2026-08-08T18:15:14.217+0000] {processor.py:925} INFO - DAG(s) 'example_branch_datetime_operator', 'example_branch_datetime_operator_2', 'example_branch_datetime_operator_3' retrieved from /home/airflow/.local/lib/python3.12/site-packages/airflow/example_dags/example_branch_datetime_operator.py
[2026-08-08T18:15:14.258+0000] {logging_mixin.py:190} INFO - [2026-08-08T18:15:14.258+0000] {dag.py:3211} INFO - Sync 3 DAGs
[2026-08-08T18:15:14.299+0000] {logging_mixin.py:190} INFO - [2026-08-08T18:15:14.298+0000] {dag.py:4138} INFO - Setting next_dagrun for example_branch_datetime_operator to 2026-08-07 00:00:00+00:00, run_after=2026-08-08 00:00:00+00:00
[2026-08-08T18:15:14.309+0000] {logging_mixin.py:190} INFO - [2026-08-08T18:15:14.309+0000] {dag.py:4138} INFO - Setting next_dagrun for example_branch_datetime_operator_2 to 2026-08-07 00:00:00+00:00, run_after=2026-08-08 00:00:00+00:00
[2026-08-08T18:15:14.316+0000] {logging_mixin.py:190} INFO - [2026-08-08T18:15:14.315+0000] {dag.py:4138} INFO - Setting next_dagrun for example_branch_datetime_operator_3 to 2026-08-07 00:00:00+00:00, run_after=2026-08-08 00:00:00+00:00
[2026-08-08T18:15:14.341+0000] {processor.py:208} INFO - Processing /home/airflow/.local/lib/python3.12/site-packages/airflow/example_dags/example_branch_datetime_operator.py took 0.161 seconds
[2026-08-08T18:15:44.986+0000] {processor.py:186} INFO - Started process (PID=447) to work on /home/airflow/.local/lib/python3.12/site-packages/airflow/example_dags/example_branch_datetime_operator.py
[2026-08-08T18:15:44.988+0000] {processor.py:914} INFO - Processing file /home/airflow/.local/lib/python3.12/site-packages/airflow/example_dags/example_branch_datetime_operator.py for tasks to queue
[2026-08-08T18:15:44.991+0000] {logging_mixin.py:190} INFO - [2026-08-08T18:15:44.991+0000] {dagbag.py:587} INFO - Filling up the DagBag from /home/airflow/.local/lib/python3.12/site-packages/airflow/example_dags/example_branch_datetime_operator.py
[2026-08-08T18:15:45.007+0000] {processor.py:925} INFO - DAG(s) 'example_branch_datetime_operator', 'example_branch_datetime_operator_2', 'example_branch_datetime_operator_3' retrieved from /home/airflow/.local/lib/python3.12/site-packages/airflow/example_dags/example_branch_datetime_operator.py
[2026-08-08T18:15:45.038+0000] {logging_mixin.py:190} INFO - [2026-08-08T18:15:45.037+0000] {dag.py:3211} INFO - Sync 3 DAGs
[2026-08-08T18:15:45.061+0000] {logging_mixin.py:190} INFO - [2026-08-08T18:15:45.061+0000] {dag.py:4138} INFO - Setting next_dagrun for example_branch_datetime_operator to 2026-08-07 00:00:00+00:00, run_after=2026-08-08 00:00:00+00:00
[2026-08-08T18:15:45.066+0000] {logging_mixin.py:190} INFO - [2026-08-08T18:15:45.066+0000] {dag.py:4138} INFO - Setting next_dagrun for example_branch_datetime_operator_2 to 2026-08-07 00:00:00+00:00, run_after=2026-08-08 00:00:00+00:00
[2026-08-08T18:15:45.069+0000] {logging_mixin.py:190} INFO - [2026-08-08T18:15:45.069+0000] {dag.py:4138} INFO - Setting next_dagrun for example_branch_datetime_operator_3 to 2026-08-07 00:00:00+00:00, run_after=2026-08-08 00:00:00+00:00
[2026-08-08T18:15:45.091+0000] {processor.py:208} INFO - Processing /home/airflow/.local/lib/python3.12/site-packages/airflow/example_dags/example_branch_datetime_operator.py took 0.113 seconds
[2026-08-08T18:17:15.476+0000] {processor.py:186} INFO - Started process (PID=145) to work on /home/airflow/.local/lib/python3.12/site-packages/airflow/example_dags/example_branch_datetime_operator.py
[2026-08-08T18:17:15.478+0000] {processor.py:914} INFO - Processing file /home/airflow/.local/lib/python3.12/site-packages/airflow/example_dags/example_branch_datetime_operator.py for tasks to queue
[2026-08-08T18:17:15.480+0000] {logging_mixin.py:190} INFO - [2026-08-08T18:17:15.480+0000] {dagbag.py:587} INFO - Filling up the DagBag from /home/airflow/.local/lib/python3.12/site-packages/airflow/example_dags/example_branch_datetime_operator.py
[2026-08-08T18:17:15.494+0000] {processor.py:925} INFO - DAG(s) 'example_branch_datetime_operator_3', 'example_branch_datetime_operator_2', 'example_branch_datetime_operator' retrieved from /home/airflow/.local/lib/python3.12/site-packages/airflow/example_dags/example_branch_datetime_operator.py
[2026-08-08T18:17:15.528+0000] {logging_mixin.py:190} INFO - [2026-08-08T18:17:15.527+0000] {dag.py:3211} INFO - Sync 3 DAGs
[2026-08-08T18:17:15.557+0000] {logging_mixin.py:190} INFO - [2026-08-08T18:17:15.557+0000] {dag.py:4138} INFO - Setting next_dagrun for example_branch_datetime_operator to 2026-08-07 00:00:00+00:00, run_after=2026-08-08 00:00:00+00:00
[2026-08-08T18:17:15.563+0000] {logging_mixin.py:190} INFO - [2026-08-08T18:17:15.563+0000] {dag.py:4138} INFO - Setting next_dagrun for example_branch_datetime_operator_2 to 2026-08-07 00:00:00+00:00, run_after=2026-08-08 00:00:00+00:00
[2026-08-08T18:17:15.567+0000] {logging_mixin.py:190} INFO - [2026-08-08T18:17:15.567+0000] {dag.py:4138} INFO - Setting next_dagrun for example_branch_datetime_operator_3 to 2026-08-07 00:00:00+00:00, run_after=2026-08-08 00:00:00+00:00
[2026-08-08T18:17:15.588+0000] {processor.py:208} INFO - Processing /home/airflow/.local/lib/python3.12/site-packages/airflow/example_dags/example_branch_datetime_operator.py took 0.120 seconds
[2026-08-08T18:17:45.951+0000] {processor.py:186} INFO - Started process (PID=208) to work on /home/airflow/.local/lib/python3.12/site-packages/airflow/example_dags/example_branch_datetime_operator.py
[2026-08-08T18:17:45.954+0000] {processor.py:914} INFO - Processing file /home/airflow/.local/lib/python3.12/site-packages/airflow/example_dags/example_branch_datetime_operator.py for tasks to queue
[2026-08-08T18:17:45.959+0000] {logging_mixin.py:190} INFO - [2026-08-08T18:17:45.958+0000] {dagbag.py:587} INFO - Filling up the DagBag from /home/airflow/.local/lib/python3.12/site-packages/airflow/example_dags/example_branch_datetime_operator.py
[2026-08-08T18:17:45.971+0000] {processor.py:925} INFO - DAG(s) 'example_branch_datetime_operator', 'example_branch_datetime_operator_2', 'example_branch_datetime_operator_3' retrieved from /home/airflow/.local/lib/python3.12/site-packages/airflow/example_dags/example_branch_datetime_operator.py
[2026-08-08T18:17:45.997+0000] {logging_mixin.py:190} INFO - [2026-08-08T18:17:45.997+0000] {dag.py:3211} INFO - Sync 3 DAGs
[2026-08-08T18:17:46.018+0000] {logging_mixin.py:190} INFO - [2026-08-08T18:17:46.017+0000] {dag.py:4138} INFO - Setting next_dagrun for example_branch_datetime_operator to 2026-08-07 00:00:00+00:00, run_after=2026-08-08 00:00:00+00:00
[2026-08-08T18:17:46.022+0000] {logging_mixin.py:190} INFO - [2026-08-08T18:17:46.022+0000] {dag.py:4138} INFO - Setting next_dagrun for example_branch_datetime_operator_2 to 2026-08-07 00:00:00+00:00, run_after=2026-08-08 00:00:00+00:00
[2026-08-08T18:17:46.024+0000] {logging_mixin.py:190} INFO - [2026-08-08T18:17:46.024+0000] {dag.py:4138} INFO - Setting next_dagrun for example_branch_datetime_operator_3 to 2026-08-07 00:00:00+00:00, run_after=2026-08-08 00:00:00+00:00
[2026-08-08T18:17:46.043+0000] {processor.py:208} INFO - Processing /home/airflow/.local/lib/python3.12/site-packages/airflow/example_dags/example_branch_datetime_operator.py took 0.099 seconds
[2026-08-08T18:18:17.027+0000] {processor.py:186} INFO - Started process (PID=271) to work on /home/airflow/.local/lib/python3.12/site-packages/airflow/example_dags/example_branch_datetime_operator.py
[2026-08-08T18:18:17.029+0000] {processor.py:914} INFO - Processing file /home/airflow/.local/lib/python3.12/site-packages/airflow/example_dags/example_branch_datetime_operator.py for tasks to queue
[2026-08-08T18:18:17.032+0000] {logging_mixin.py:190} INFO - [2026-08-08T18:18:17.032+0000] {dagbag.py:587} INFO - Filling up the DagBag from /home/airflow/.local/lib/python3.12/site-packages/airflow/example_dags/example_branch_datetime_operator.py
[2026-08-08T18:18:17.046+0000] {processor.py:925} INFO - DAG(s) 'example_branch_datetime_operator_3', 'example_branch_datetime_operator', 'example_branch_datetime_operator_2' retrieved from /home/airflow/.local/lib/python3.12/site-packages/airflow/example_dags/example_branch_datetime_operator.py
[2026-08-08T18:18:17.082+0000] {logging_mixin.py:190} INFO - [2026-08-08T18:18:17.082+0000] {dag.py:3211} INFO - Sync 3 DAGs
[2026-08-08T18:18:17.119+0000] {logging_mixin.py:190} INFO - [2026-08-08T18:18:17.119+0000] {dag.py:4138} INFO - Setting next_dagrun for example_branch_datetime_operator to 2026-08-07 00:00:00+00:00, run_after=2026-08-08 00:00:00+00:00
[2026-08-08T18:18:17.128+0000] {logging_mixin.py:190} INFO - [2026-08-08T18:18:17.127+0000] {dag.py:4138} INFO - Setting next_dagrun for example_branch_datetime_operator_2 to 2026-08-07 00:00:00+00:00, run_after=2026-08-08 00:00:00+00:00
[2026-08-08T18:18:17.134+0000] {logging_mixin.py:190} INFO - [2026-08-08T18:18:17.134+0000] {dag.py:4138} INFO - Setting next_dagrun for example_branch_datetime_operator_3 to 2026-08-07 00:00:00+00:00, run_after=2026-08-08 00:00:00+00:00
[2026-08-08T18:18:17.166+0000] {processor.py:208} INFO - Processing /home/airflow/.local/lib/python3.12/site-packages/airflow/example_dags/example_branch_datetime_operator.py took 0.147 seconds
[2026-08-08T18:18:47.283+0000] {processor.py:186} INFO - Started process (PID=334) to work on /home/airflow/.local/lib/python3.12/site-packages/airflow/example_dags/example_branch_datetime_operator.py
[2026-08-08T18:18:47.286+0000] {processor.py:914} INFO - Processing file /home/airflow/.local/lib/python3.12/site-packages/airflow/example_dags/example_branch_datetime_operator.py for tasks to queue
[2026-08-08T18:18:47.291+0000] {logging_mixin.py:190} INFO - [2026-08-08T18:18:47.290+0000] {dagbag.py:587} INFO - Filling up the DagBag from /home/airflow/.local/lib/python3.12/site-packages/airflow/example_dags/example_branch_datetime_operator.py
[2026-08-08T18:18:47.308+0000] {processor.py:925} INFO - DAG(s) 'example_branch_datetime_operator', 'example_branch_datetime_operator_3', 'example_branch_datetime_operator_2' retrieved from /home/airflow/.local/lib/python3.12/site-packages/airflow/example_dags/example_branch_datetime_operator.py
[2026-08-08T18:18:47.353+0000] {logging_mixin.py:190} INFO - [2026-08-08T18:18:47.353+0000] {dag.py:3211} INFO - Sync 3 DAGs
[2026-08-08T18:18:47.395+0000] {logging_mixin.py:190} INFO - [2026-08-08T18:18:47.394+0000] {dag.py:4138} INFO - Setting next_dagrun for example_branch_datetime_operator to 2026-08-07 00:00:00+00:00, run_after=2026-08-08 00:00:00+00:00
[2026-08-08T18:18:47.402+0000] {logging_mixin.py:190} INFO - [2026-08-08T18:18:47.402+0000] {dag.py:4138} INFO - Setting next_dagrun for example_branch_datetime_operator_2 to 2026-08-07 00:00:00+00:00, run_after=2026-08-08 00:00:00+00:00
[2026-08-08T18:18:47.405+0000] {logging_mixin.py:190} INFO - [2026-08-08T18:18:47.405+0000] {dag.py:4138} INFO - Setting next_dagrun for example_branch_datetime_operator_3 to 2026-08-07 00:00:00+00:00, run_after=2026-08-08 00:00:00+00:00
[2026-08-08T18:18:47.438+0000] {processor.py:208} INFO - Processing /home/airflow/.local/lib/python3.12/site-packages/airflow/example_dags/example_branch_datetime_operator.py took 0.166 seconds
[2026-08-08T18:19:17.616+0000] {processor.py:186} INFO - Started process (PID=397) to work on /home/airflow/.local/lib/python3.12/site-packages/airflow/example_dags/example_branch_datetime_operator.py
[2026-08-08T18:19:17.617+0000] {processor.py:914} INFO - Processing file /home/airflow/.local/lib/python3.12/site-packages/airflow/example_dags/example_branch_datetime_operator.py for tasks to queue
[2026-08-08T18:19:17.622+0000] {logging_mixin.py:190} INFO - [2026-08-08T18:19:17.621+0000] {dagbag.py:587} INFO - Filling up the DagBag from /home/airflow/.local/lib/python3.12/site-packages/airflow/example_dags/example_branch_datetime_operator.py
[2026-08-08T18:19:17.636+0000] {processor.py:925} INFO - DAG(s) 'example_branch_datetime_operator', 'example_branch_datetime_operator_3', 'example_branch_datetime_operator_2' retrieved from /home/airflow/.local/lib/python3.12/site-packages/airflow/example_dags/example_branch_datetime_operator.py
[2026-08-08T18:19:17.667+0000] {logging_mixin.py:190} INFO - [2026-08-08T18:19:17.667+0000] {dag.py:3211} INFO - Sync 3 DAGs
[2026-08-08T18:19:17.695+0000] {logging_mixin.py:190} INFO - [2026-08-08T18:19:17.695+0000] {dag.py:4138} INFO - Setting next_dagrun for example_branch_datetime_operator to 2026-08-07 00:00:00+00:00, run_after=2026-08-08 00:00:00+00:00
[2026-08-08T18:19:17.700+0000] {logging_mixin.py:190} INFO - [2026-08-08T18:19:17.700+0000] {dag.py:4138} INFO - Setting next_dagrun for example_branch_datetime_operator_2 to 2026-08-07 00:00:00+00:00, run_after=2026-08-08 00:00:00+00:00
[2026-08-08T18:19:17.703+0000] {logging_mixin.py:190} INFO - [2026-08-08T18:19:17.703+0000] {dag.py:4138} INFO - Setting next_dagrun for example_branch_datetime_operator_3 to 2026-08-07 00:00:00+00:00, run_after=2026-08-08 00:00:00+00:00
[2026-08-08T18:19:17.722+0000] {processor.py:208} INFO - Processing /home/airflow/.local/lib/python3.12/site-packages/airflow/example_dags/example_branch_datetime_operator.py took 0.113 seconds
[2026-08-08T18:24:04.824+0000] {processor.py:186} INFO - Started process (PID=460) to work on /home/airflow/.local/lib/python3.12/site-packages/airflow/example_dags/example_branch_datetime_operator.py
[2026-08-08T18:24:04.830+0000] {processor.py:914} INFO - Processing file /home/airflow/.local/lib/python3.12/site-packages/airflow/example_dags/example_branch_datetime_operator.py for tasks to queue
[2026-08-08T18:24:04.834+0000] {logging_mixin.py:190} INFO - [2026-08-08T18:24:04.834+0000] {dagbag.py:587} INFO - Filling up the DagBag from /home/airflow/.local/lib/python3.12/site-packages/airflow/example_dags/example_branch_datetime_operator.py
[2026-08-08T18:24:04.845+0000] {processor.py:925} INFO - DAG(s) 'example_branch_datetime_operator', 'example_branch_datetime_operator_3', 'example_branch_datetime_operator_2' retrieved from /home/airflow/.local/lib/python3.12/site-packages/airflow/example_dags/example_branch_datetime_operator.py
[2026-08-08T18:24:04.872+0000] {logging_mixin.py:190} INFO - [2026-08-08T18:24:04.872+0000] {dag.py:3211} INFO - Sync 3 DAGs
[2026-08-08T18:24:04.895+0000] {logging_mixin.py:190} INFO - [2026-08-08T18:24:04.895+0000] {dag.py:4138} INFO - Setting next_dagrun for example_branch_datetime_operator to 2026-08-07 00:00:00+00:00, run_after=2026-08-08 00:00:00+00:00
[2026-08-08T18:24:04.900+0000] {logging_mixin.py:190} INFO - [2026-08-08T18:24:04.899+0000] {dag.py:4138} INFO - Setting next_dagrun for example_branch_datetime_operator_2 to 2026-08-07 00:00:00+00:00, run_after=2026-08-08 00:00:00+00:00
[2026-08-08T18:24:04.902+0000] {logging_mixin.py:190} INFO - [2026-08-08T18:24:04.901+0000] {dag.py:4138} INFO - Setting next_dagrun for example_branch_datetime_operator_3 to 2026-08-07 00:00:00+00:00, run_after=2026-08-08 00:00:00+00:00
[2026-08-08T18:24:04.927+0000] {processor.py:208} INFO - Processing /home/airflow/.local/lib/python3.12/site-packages/airflow/example_dags/example_branch_datetime_operator.py took 0.110 seconds
[2026-08-08T18:24:36.102+0000] {processor.py:186} INFO - Started process (PID=523) to work on /home/airflow/.local/lib/python3.12/site-packages/airflow/example_dags/example_branch_datetime_operator.py
[2026-08-08T18:24:36.104+0000] {processor.py:914} INFO - Processing file /home/airflow/.local/lib/python3.12/site-packages/airflow/example_dags/example_branch_datetime_operator.py for tasks to queue
[2026-08-08T18:24:36.109+0000] {logging_mixin.py:190} INFO - [2026-08-08T18:24:36.108+0000] {dagbag.py:587} INFO - Filling up the DagBag from /home/airflow/.local/lib/python3.12/site-packages/airflow/example_dags/example_branch_datetime_operator.py
[2026-08-08T18:24:36.126+0000] {processor.py:925} INFO - DAG(s) 'example_branch_datetime_operator_2', 'example_branch_datetime_operator', 'example_branch_datetime_operator_3' retrieved from /home/airflow/.local/lib/python3.12/site-packages/airflow/example_dags/example_branch_datetime_operator.py
[2026-08-08T18:24:36.168+0000] {logging_mixin.py:190} INFO - [2026-08-08T18:24:36.168+0000] {dag.py:3211} INFO - Sync 3 DAGs
[2026-08-08T18:24:36.205+0000] {logging_mixin.py:190} INFO - [2026-08-08T18:24:36.205+0000] {dag.py:4138} INFO - Setting next_dagrun for example_branch_datetime_operator to 2026-08-07 00:00:00+00:00, run_after=2026-08-08 00:00:00+00:00
[2026-08-08T18:24:36.212+0000] {logging_mixin.py:190} INFO - [2026-08-08T18:24:36.212+0000] {dag.py:4138} INFO - Setting next_dagrun for example_branch_datetime_operator_2 to 2026-08-07 00:00:00+00:00, run_after=2026-08-08 00:00:00+00:00
[2026-08-08T18:24:36.216+0000] {logging_mixin.py:190} INFO - [2026-08-08T18:24:36.216+0000] {dag.py:4138} INFO - Setting next_dagrun for example_branch_datetime_operator_3 to 2026-08-07 00:00:00+00:00, run_after=2026-08-08 00:00:00+00:00
[2026-08-08T18:24:36.240+0000] {processor.py:208} INFO - Processing /home/airflow/.local/lib/python3.12/site-packages/airflow/example_dags/example_branch_datetime_operator.py took 0.145 seconds
[2026-08-08T18:25:07.184+0000] {processor.py:186} INFO - Started process (PID=586) to work on /home/airflow/.local/lib/python3.12/site-packages/airflow/example_dags/example_branch_datetime_operator.py
[2026-08-08T18:25:07.187+0000] {processor.py:914} INFO - Processing file /home/airflow/.local/lib/python3.12/site-packages/airflow/example_dags/example_branch_datetime_operator.py for tasks to queue
[2026-08-08T18:25:07.191+0000] {logging_mixin.py:190} INFO - [2026-08-08T18:25:07.191+0000] {dagbag.py:587} INFO - Filling up the DagBag from /home/airflow/.local/lib/python3.12/site-packages/airflow/example_dags/example_branch_datetime_operator.py
[2026-08-08T18:25:07.207+0000] {processor.py:925} INFO - DAG(s) 'example_branch_datetime_operator_2', 'example_branch_datetime_operator', 'example_branch_datetime_operator_3' retrieved from /home/airflow/.local/lib/python3.12/site-packages/airflow/example_dags/example_branch_datetime_operator.py
[2026-08-08T18:25:07.239+0000] {logging_mixin.py:190} INFO - [2026-08-08T18:25:07.239+0000] {dag.py:3211} INFO - Sync 3 DAGs
[2026-08-08T18:25:07.266+0000] {logging_mixin.py:190} INFO - [2026-08-08T18:25:07.265+0000] {dag.py:4138} INFO - Setting next_dagrun for example_branch_datetime_operator to 2026-08-07 00:00:00+00:00, run_after=2026-08-08 00:00:00+00:00
[2026-08-08T18:25:07.272+0000] {logging_mixin.py:190} INFO - [2026-08-08T18:25:07.271+0000] {dag.py:4138} INFO - Setting next_dagrun for example_branch_datetime_operator_2 to 2026-08-07 00:00:00+00:00, run_after=2026-08-08 00:00:00+00:00
[2026-08-08T18:25:07.275+0000] {logging_mixin.py:190} INFO - [2026-08-08T18:25:07.275+0000] {dag.py:4138} INFO - Setting next_dagrun for example_branch_datetime_operator_3 to 2026-08-07 00:00:00+00:00, run_after=2026-08-08 00:00:00+00:00
[2026-08-08T18:25:07.295+0000] {processor.py:208} INFO - Processing /home/airflow/.local/lib/python3.12/site-packages/airflow/example_dags/example_branch_datetime_operator.py took 0.117 seconds
[2026-08-08T18:25:37.586+0000] {processor.py:186} INFO - Started process (PID=649) to work on /home/airflow/.local/lib/python3.12/site-packages/airflow/example_dags/example_branch_datetime_operator.py
[2026-08-08T18:25:37.589+0000] {processor.py:914} INFO - Processing file /home/airflow/.local/lib/python3.12/site-packages/airflow/example_dags/example_branch_datetime_operator.py for tasks to queue
[2026-08-08T18:25:37.596+0000] {logging_mixin.py:190} INFO - [2026-08-08T18:25:37.595+0000] {dagbag.py:587} INFO - Filling up the DagBag from /home/airflow/.local/lib/python3.12/site-packages/airflow/example_dags/example_branch_datetime_operator.py
[2026-08-08T18:25:37.615+0000] {processor.py:925} INFO - DAG(s) 'example_branch_datetime_operator', 'example_branch_datetime_operator_3', 'example_branch_datetime_operator_2' retrieved from /home/airflow/.local/lib/python3.12/site-packages/airflow/example_dags/example_branch_datetime_operator.py
[2026-08-08T18:25:37.663+0000] {logging_mixin.py:190} INFO - [2026-08-08T18:25:37.663+0000] {dag.py:3211} INFO - Sync 3 DAGs
[2026-08-08T18:25:37.698+0000] {logging_mixin.py:190} INFO - [2026-08-08T18:25:37.698+0000] {dag.py:4138} INFO - Setting next_dagrun for example_branch_datetime_operator to 2026-08-07 00:00:00+00:00, run_after=2026-08-08 00:00:00+00:00
[2026-08-08T18:25:37.705+0000] {logging_mixin.py:190} INFO - [2026-08-08T18:25:37.705+0000] {dag.py:4138} INFO - Setting next_dagrun for example_branch_datetime_operator_2 to 2026-08-07 00:00:00+00:00, run_after=2026-08-08 00:00:00+00:00
[2026-08-08T18:25:37.709+0000] {logging_mixin.py:190} INFO - [2026-08-08T18:25:37.709+0000] {dag.py:4138} INFO - Setting next_dagrun for example_branch_datetime_operator_3 to 2026-08-07 00:00:00+00:00, run_after=2026-08-08 00:00:00+00:00
[2026-08-08T18:25:37.732+0000] {processor.py:208} INFO - Processing /home/airflow/.local/lib/python3.12/site-packages/airflow/example_dags/example_branch_datetime_operator.py took 0.159 seconds
[2026-08-08T18:26:08.149+0000] {processor.py:186} INFO - Started process (PID=713) to work on /home/airflow/.local/lib/python3.12/site-packages/airflow/example_dags/example_branch_datetime_operator.py
[2026-08-08T18:26:08.150+0000] {processor.py:914} INFO - Processing file /home/airflow/.local/lib/python3.12/site-packages/airflow/example_dags/example_branch_datetime_operator.py for tasks to queue
[2026-08-08T18:26:08.153+0000] {logging_mixin.py:190} INFO - [2026-08-08T18:26:08.153+0000] {dagbag.py:587} INFO - Filling up the DagBag from /home/airflow/.local/lib/python3.12/site-packages/airflow/example_dags/example_branch_datetime_operator.py
[2026-08-08T18:26:08.166+0000] {processor.py:925} INFO - DAG(s) 'example_branch_datetime_operator', 'example_branch_datetime_operator_3', 'example_branch_datetime_operator_2' retrieved from /home/airflow/.local/lib/python3.12/site-packages/airflow/example_dags/example_branch_datetime_operator.py
[2026-08-08T18:26:08.204+0000] {logging_mixin.py:190} INFO - [2026-08-08T18:26:08.204+0000] {dag.py:3211} INFO - Sync 3 DAGs
[2026-08-08T18:26:08.236+0000] {logging_mixin.py:190} INFO - [2026-08-08T18:26:08.235+0000] {dag.py:4138} INFO - Setting next_dagrun for example_branch_datetime_operator to 2026-08-07 00:00:00+00:00, run_after=2026-08-08 00:00:00+00:00
[2026-08-08T18:26:08.246+0000] {logging_mixin.py:190} INFO - [2026-08-08T18:26:08.245+0000] {dag.py:4138} INFO - Setting next_dagrun for example_branch_datetime_operator_2 to 2026-08-07 00:00:00+00:00, run_after=2026-08-08 00:00:00+00:00
[2026-08-08T18:26:08.253+0000] {logging_mixin.py:190} INFO - [2026-08-08T18:26:08.252+0000] {dag.py:4138} INFO - Setting next_dagrun for example_branch_datetime_operator_3 to 2026-08-07 00:00:00+00:00, run_after=2026-08-08 00:00:00+00:00
[2026-08-08T18:26:08.289+0000] {processor.py:208} INFO - Processing /home/airflow/.local/lib/python3.12/site-packages/airflow/example_dags/example_branch_datetime_operator.py took 0.147 seconds
[2026-08-08T18:26:38.746+0000] {processor.py:186} INFO - Started process (PID=776) to work on /home/airflow/.local/lib/python3.12/site-packages/airflow/example_dags/example_branch_datetime_operator.py
[2026-08-08T18:26:38.748+0000] {processor.py:914} INFO - Processing file /home/airflow/.local/lib/python3.12/site-packages/airflow/example_dags/example_branch_datetime_operator.py for tasks to queue
[2026-08-08T18:26:38.751+0000] {logging_mixin.py:190} INFO - [2026-08-08T18:26:38.750+0000] {dagbag.py:587} INFO - Filling up the DagBag from /home/airflow/.local/lib/python3.12/site-packages/airflow/example_dags/example_branch_datetime_operator.py
[2026-08-08T18:26:38.763+0000] {processor.py:925} INFO - DAG(s) 'example_branch_datetime_operator_3', 'example_branch_datetime_operator_2', 'example_branch_datetime_operator' retrieved from /home/airflow/.local/lib/python3.12/site-packages/airflow/example_dags/example_branch_datetime_operator.py
[2026-08-08T18:26:38.791+0000] {logging_mixin.py:190} INFO - [2026-08-08T18:26:38.791+0000] {dag.py:3211} INFO - Sync 3 DAGs
[2026-08-08T18:26:38.814+0000] {logging_mixin.py:190} INFO - [2026-08-08T18:26:38.814+0000] {dag.py:4138} INFO - Setting next_dagrun for example_branch_datetime_operator to 2026-08-07 00:00:00+00:00, run_after=2026-08-08 00:00:00+00:00
[2026-08-08T18:26:38.822+0000] {logging_mixin.py:190} INFO - [2026-08-08T18:26:38.822+0000] {dag.py:4138} INFO - Setting next_dagrun for example_branch_datetime_operator_2 to 2026-08-07 00:00:00+00:00, run_after=2026-08-08 00:00:00+00:00
[2026-08-08T18:26:38.826+0000] {logging_mixin.py:190} INFO - [2026-08-08T18:26:38.826+0000] {dag.py:4138} INFO - Setting next_dagrun for example_branch_datetime_operator_3 to 2026-08-07 00:00:00+00:00, run_after=2026-08-08 00:00:00+00:00
[2026-08-08T18:26:38.847+0000] {processor.py:208} INFO - Processing /home/airflow/.local/lib/python3.12/site-packages/airflow/example_dags/example_branch_datetime_operator.py took 0.107 seconds
