[2026-08-08T17:25:00.346+0000] {processor.py:186} INFO - Started process (PID=77) to work on /home/airflow/.local/lib/python3.12/site-packages/airflow/example_dags/example_task_group.py
[2026-08-08T17:25:00.348+0000] {processor.py:914} INFO - Processing file /home/airflow/.local/lib/python3.12/site-packages/airflow/example_dags/example_task_group.py for tasks to queue
[2026-08-08T17:25:00.354+0000] {logging_mixin.py:190} INFO - [2026-08-08T17:25:00.354+0000] {dagbag.py:587} INFO - Filling up the DagBag from /home/airflow/.local/lib/python3.12/site-packages/airflow/example_dags/example_task_group.py
[2026-08-08T17:25:00.383+0000] {processor.py:925} INFO - DAG(s) 'example_task_group' retrieved from /home/airflow/.local/lib/python3.12/site-packages/airflow/example_dags/example_task_group.py
[2026-08-08T17:25:00.863+0000] {logging_mixin.py:190} INFO - [2026-08-08T17:25:00.863+0000] {override.py:1858} INFO - Created Permission View: can delete on DAG:example_task_group
[2026-08-08T17:25:00.878+0000] {logging_mixin.py:190} INFO - [2026-08-08T17:25:00.878+0000] {override.py:1858} INFO - Created Permission View: can edit on DAG:example_task_group
[2026-08-08T17:25:00.896+0000] {logging_mixin.py:190} INFO - [2026-08-08T17:25:00.896+0000] {override.py:1858} INFO - Created Permission View: can read on DAG:example_task_group
[2026-08-08T17:25:00.897+0000] {logging_mixin.py:190} INFO - [2026-08-08T17:25:00.897+0000] {dag.py:3211} INFO - Sync 1 DAGs
[2026-08-08T17:25:00.913+0000] {logging_mixin.py:190} INFO - [2026-08-08T17:25:00.913+0000] {dag.py:3234} INFO - Creating ORM DAG for example_task_group
[2026-08-08T17:25:00.928+0000] {logging_mixin.py:190} INFO - [2026-08-08T17:25:00.928+0000] {dag.py:4138} INFO - Setting next_dagrun for example_task_group to 2026-08-07 00:00:00+00:00, run_after=2026-08-08 00:00:00+00:00
[2026-08-08T17:25:00.952+0000] {processor.py:208} INFO - Processing /home/airflow/.local/lib/python3.12/site-packages/airflow/example_dags/example_task_group.py took 0.614 seconds
[2026-08-08T17:25:31.661+0000] {processor.py:186} INFO - Started process (PID=140) to work on /home/airflow/.local/lib/python3.12/site-packages/airflow/example_dags/example_task_group.py
[2026-08-08T17:25:31.663+0000] {processor.py:914} INFO - Processing file /home/airflow/.local/lib/python3.12/site-packages/airflow/example_dags/example_task_group.py for tasks to queue
[2026-08-08T17:25:31.668+0000] {logging_mixin.py:190} INFO - [2026-08-08T17:25:31.668+0000] {dagbag.py:587} INFO - Filling up the DagBag from /home/airflow/.local/lib/python3.12/site-packages/airflow/example_dags/example_task_group.py
[2026-08-08T17:25:31.682+0000] {processor.py:925} INFO - DAG(s) 'example_task_group' retrieved from /home/airflow/.local/lib/python3.12/site-packages/airflow/example_dags/example_task_group.py
[2026-08-08T17:25:31.729+0000] {logging_mixin.py:190} INFO - [2026-08-08T17:25:31.729+0000] {dag.py:3211} INFO - Sync 1 DAGs
[2026-08-08T17:25:31.789+0000] {logging_mixin.py:190} INFO - [2026-08-08T17:25:31.788+0000] {dag.py:4138} INFO - Setting next_dagrun for example_task_group to 2026-08-07 00:00:00+00:00, run_after=2026-08-08 00:00:00+00:00
[2026-08-08T17:25:31.832+0000] {processor.py:208} INFO - Processing /home/airflow/.local/lib/python3.12/site-packages/airflow/example_dags/example_task_group.py took 0.180 seconds
[2026-08-08T17:26:02.450+0000] {processor.py:186} INFO - Started process (PID=203) to work on /home/airflow/.local/lib/python3.12/site-packages/airflow/example_dags/example_task_group.py
[2026-08-08T17:26:02.451+0000] {processor.py:914} INFO - Processing file /home/airflow/.local/lib/python3.12/site-packages/airflow/example_dags/example_task_group.py for tasks to queue
[2026-08-08T17:26:02.455+0000] {logging_mixin.py:190} INFO - [2026-08-08T17:26:02.455+0000] {dagbag.py:587} INFO - Filling up the DagBag from /home/airflow/.local/lib/python3.12/site-packages/airflow/example_dags/example_task_group.py
[2026-08-08T17:26:02.469+0000] {processor.py:925} INFO - DAG(s) 'example_task_group' retrieved from /home/airflow/.local/lib/python3.12/site-packages/airflow/example_dags/example_task_group.py
[2026-08-08T17:26:02.507+0000] {logging_mixin.py:190} INFO - [2026-08-08T17:26:02.507+0000] {dag.py:3211} INFO - Sync 1 DAGs
[2026-08-08T17:26:02.540+0000] {logging_mixin.py:190} INFO - [2026-08-08T17:26:02.540+0000] {dag.py:4138} INFO - Setting next_dagrun for example_task_group to 2026-08-07 00:00:00+00:00, run_after=2026-08-08 00:00:00+00:00
[2026-08-08T17:26:02.567+0000] {processor.py:208} INFO - Processing /home/airflow/.local/lib/python3.12/site-packages/airflow/example_dags/example_task_group.py took 0.123 seconds
[2026-08-08T17:26:33.288+0000] {processor.py:186} INFO - Started process (PID=266) to work on /home/airflow/.local/lib/python3.12/site-packages/airflow/example_dags/example_task_group.py
[2026-08-08T17:26:33.291+0000] {processor.py:914} INFO - Processing file /home/airflow/.local/lib/python3.12/site-packages/airflow/example_dags/example_task_group.py for tasks to queue
[2026-08-08T17:26:33.295+0000] {logging_mixin.py:190} INFO - [2026-08-08T17:26:33.295+0000] {dagbag.py:587} INFO - Filling up the DagBag from /home/airflow/.local/lib/python3.12/site-packages/airflow/example_dags/example_task_group.py
[2026-08-08T17:26:33.314+0000] {processor.py:925} INFO - DAG(s) 'example_task_group' retrieved from /home/airflow/.local/lib/python3.12/site-packages/airflow/example_dags/example_task_group.py
[2026-08-08T17:26:33.356+0000] {logging_mixin.py:190} INFO - [2026-08-08T17:26:33.355+0000] {dag.py:3211} INFO - Sync 1 DAGs
[2026-08-08T17:26:33.399+0000] {logging_mixin.py:190} INFO - [2026-08-08T17:26:33.398+0000] {dag.py:4138} INFO - Setting next_dagrun for example_task_group to 2026-08-07 00:00:00+00:00, run_after=2026-08-08 00:00:00+00:00
[2026-08-08T17:26:33.430+0000] {processor.py:208} INFO - Processing /home/airflow/.local/lib/python3.12/site-packages/airflow/example_dags/example_task_group.py took 0.155 seconds
[2026-08-08T17:27:03.535+0000] {processor.py:186} INFO - Started process (PID=328) to work on /home/airflow/.local/lib/python3.12/site-packages/airflow/example_dags/example_task_group.py
[2026-08-08T17:27:03.536+0000] {processor.py:914} INFO - Processing file /home/airflow/.local/lib/python3.12/site-packages/airflow/example_dags/example_task_group.py for tasks to queue
[2026-08-08T17:27:03.538+0000] {logging_mixin.py:190} INFO - [2026-08-08T17:27:03.538+0000] {dagbag.py:587} INFO - Filling up the DagBag from /home/airflow/.local/lib/python3.12/site-packages/airflow/example_dags/example_task_group.py
[2026-08-08T17:27:03.546+0000] {processor.py:925} INFO - DAG(s) 'example_task_group' retrieved from /home/airflow/.local/lib/python3.12/site-packages/airflow/example_dags/example_task_group.py
[2026-08-08T17:27:03.564+0000] {logging_mixin.py:190} INFO - [2026-08-08T17:27:03.564+0000] {dag.py:3211} INFO - Sync 1 DAGs
[2026-08-08T17:27:03.581+0000] {logging_mixin.py:190} INFO - [2026-08-08T17:27:03.581+0000] {dag.py:4138} INFO - Setting next_dagrun for example_task_group to 2026-08-07 00:00:00+00:00, run_after=2026-08-08 00:00:00+00:00
[2026-08-08T17:27:03.600+0000] {processor.py:208} INFO - Processing /home/airflow/.local/lib/python3.12/site-packages/airflow/example_dags/example_task_group.py took 0.069 seconds
[2026-08-08T17:27:33.685+0000] {processor.py:186} INFO - Started process (PID=391) to work on /home/airflow/.local/lib/python3.12/site-packages/airflow/example_dags/example_task_group.py
[2026-08-08T17:27:33.686+0000] {processor.py:914} INFO - Processing file /home/airflow/.local/lib/python3.12/site-packages/airflow/example_dags/example_task_group.py for tasks to queue
[2026-08-08T17:27:33.688+0000] {logging_mixin.py:190} INFO - [2026-08-08T17:27:33.688+0000] {dagbag.py:587} INFO - Filling up the DagBag from /home/airflow/.local/lib/python3.12/site-packages/airflow/example_dags/example_task_group.py
[2026-08-08T17:27:33.696+0000] {processor.py:925} INFO - DAG(s) 'example_task_group' retrieved from /home/airflow/.local/lib/python3.12/site-packages/airflow/example_dags/example_task_group.py
[2026-08-08T17:27:33.713+0000] {logging_mixin.py:190} INFO - [2026-08-08T17:27:33.712+0000] {dag.py:3211} INFO - Sync 1 DAGs
[2026-08-08T17:27:33.729+0000] {logging_mixin.py:190} INFO - [2026-08-08T17:27:33.729+0000] {dag.py:4138} INFO - Setting next_dagrun for example_task_group to 2026-08-07 00:00:00+00:00, run_after=2026-08-08 00:00:00+00:00
[2026-08-08T17:27:33.749+0000] {processor.py:208} INFO - Processing /home/airflow/.local/lib/python3.12/site-packages/airflow/example_dags/example_task_group.py took 0.069 seconds
[2026-08-08T17:28:04.150+0000] {processor.py:186} INFO - Started process (PID=454) to work on /home/airflow/.local/lib/python3.12/site-packages/airflow/example_dags/example_task_group.py
[2026-08-08T17:28:04.152+0000] {processor.py:914} INFO - Processing file /home/airflow/.local/lib/python3.12/site-packages/airflow/example_dags/example_task_group.py for tasks to queue
[2026-08-08T17:28:04.154+0000] {logging_mixin.py:190} INFO - [2026-08-08T17:28:04.154+0000] {dagbag.py:587} INFO - Filling up the DagBag from /home/airflow/.local/lib/python3.12/site-packages/airflow/example_dags/example_task_group.py
[2026-08-08T17:28:04.166+0000] {processor.py:925} INFO - DAG(s) 'example_task_group' retrieved from /home/airflow/.local/lib/python3.12/site-packages/airflow/example_dags/example_task_group.py
[2026-08-08T17:28:04.194+0000] {logging_mixin.py:190} INFO - [2026-08-08T17:28:04.193+0000] {dag.py:3211} INFO - Sync 1 DAGs
[2026-08-08T17:28:04.223+0000] {logging_mixin.py:190} INFO - [2026-08-08T17:28:04.223+0000] {dag.py:4138} INFO - Setting next_dagrun for example_task_group to 2026-08-07 00:00:00+00:00, run_after=2026-08-08 00:00:00+00:00
[2026-08-08T17:28:04.245+0000] {processor.py:208} INFO - Processing /home/airflow/.local/lib/python3.12/site-packages/airflow/example_dags/example_task_group.py took 0.107 seconds
[2026-08-08T17:28:35.127+0000] {processor.py:186} INFO - Started process (PID=518) to work on /home/airflow/.local/lib/python3.12/site-packages/airflow/example_dags/example_task_group.py
[2026-08-08T17:28:35.128+0000] {processor.py:914} INFO - Processing file /home/airflow/.local/lib/python3.12/site-packages/airflow/example_dags/example_task_group.py for tasks to queue
[2026-08-08T17:28:35.131+0000] {logging_mixin.py:190} INFO - [2026-08-08T17:28:35.130+0000] {dagbag.py:587} INFO - Filling up the DagBag from /home/airflow/.local/lib/python3.12/site-packages/airflow/example_dags/example_task_group.py
[2026-08-08T17:28:35.140+0000] {processor.py:925} INFO - DAG(s) 'example_task_group' retrieved from /home/airflow/.local/lib/python3.12/site-packages/airflow/example_dags/example_task_group.py
[2026-08-08T17:28:35.167+0000] {logging_mixin.py:190} INFO - [2026-08-08T17:28:35.166+0000] {dag.py:3211} INFO - Sync 1 DAGs
[2026-08-08T17:28:35.189+0000] {logging_mixin.py:190} INFO - [2026-08-08T17:28:35.189+0000] {dag.py:4138} INFO - Setting next_dagrun for example_task_group to 2026-08-07 00:00:00+00:00, run_after=2026-08-08 00:00:00+00:00
[2026-08-08T17:28:35.207+0000] {processor.py:208} INFO - Processing /home/airflow/.local/lib/python3.12/site-packages/airflow/example_dags/example_task_group.py took 0.087 seconds
[2026-08-08T17:29:05.983+0000] {processor.py:186} INFO - Started process (PID=581) to work on /home/airflow/.local/lib/python3.12/site-packages/airflow/example_dags/example_task_group.py
[2026-08-08T17:29:05.985+0000] {processor.py:914} INFO - Processing file /home/airflow/.local/lib/python3.12/site-packages/airflow/example_dags/example_task_group.py for tasks to queue
[2026-08-08T17:29:05.991+0000] {logging_mixin.py:190} INFO - [2026-08-08T17:29:05.990+0000] {dagbag.py:587} INFO - Filling up the DagBag from /home/airflow/.local/lib/python3.12/site-packages/airflow/example_dags/example_task_group.py
[2026-08-08T17:29:06.007+0000] {processor.py:925} INFO - DAG(s) 'example_task_group' retrieved from /home/airflow/.local/lib/python3.12/site-packages/airflow/example_dags/example_task_group.py
[2026-08-08T17:29:06.044+0000] {logging_mixin.py:190} INFO - [2026-08-08T17:29:06.044+0000] {dag.py:3211} INFO - Sync 1 DAGs
[2026-08-08T17:29:06.076+0000] {logging_mixin.py:190} INFO - [2026-08-08T17:29:06.076+0000] {dag.py:4138} INFO - Setting next_dagrun for example_task_group to 2026-08-07 00:00:00+00:00, run_after=2026-08-08 00:00:00+00:00
[2026-08-08T17:29:06.113+0000] {processor.py:208} INFO - Processing /home/airflow/.local/lib/python3.12/site-packages/airflow/example_dags/example_task_group.py took 0.137 seconds
[2026-08-08T17:29:36.202+0000] {processor.py:186} INFO - Started process (PID=643) to work on /home/airflow/.local/lib/python3.12/site-packages/airflow/example_dags/example_task_group.py
[2026-08-08T17:29:36.204+0000] {processor.py:914} INFO - Processing file /home/airflow/.local/lib/python3.12/site-packages/airflow/example_dags/example_task_group.py for tasks to queue
[2026-08-08T17:29:36.209+0000] {logging_mixin.py:190} INFO - [2026-08-08T17:29:36.209+0000] {dagbag.py:587} INFO - Filling up the DagBag from /home/airflow/.local/lib/python3.12/site-packages/airflow/example_dags/example_task_group.py
[2026-08-08T17:29:36.223+0000] {processor.py:925} INFO - DAG(s) 'example_task_group' retrieved from /home/airflow/.local/lib/python3.12/site-packages/airflow/example_dags/example_task_group.py
[2026-08-08T17:29:36.257+0000] {logging_mixin.py:190} INFO - [2026-08-08T17:29:36.257+0000] {dag.py:3211} INFO - Sync 1 DAGs
[2026-08-08T17:29:36.297+0000] {logging_mixin.py:190} INFO - [2026-08-08T17:29:36.296+0000] {dag.py:4138} INFO - Setting next_dagrun for example_task_group to 2026-08-07 00:00:00+00:00, run_after=2026-08-08 00:00:00+00:00
[2026-08-08T17:29:36.331+0000] {processor.py:208} INFO - Processing /home/airflow/.local/lib/python3.12/site-packages/airflow/example_dags/example_task_group.py took 0.143 seconds
[2026-08-08T17:30:07.123+0000] {processor.py:186} INFO - Started process (PID=706) to work on /home/airflow/.local/lib/python3.12/site-packages/airflow/example_dags/example_task_group.py
[2026-08-08T17:30:07.124+0000] {processor.py:914} INFO - Processing file /home/airflow/.local/lib/python3.12/site-packages/airflow/example_dags/example_task_group.py for tasks to queue
[2026-08-08T17:30:07.127+0000] {logging_mixin.py:190} INFO - [2026-08-08T17:30:07.126+0000] {dagbag.py:587} INFO - Filling up the DagBag from /home/airflow/.local/lib/python3.12/site-packages/airflow/example_dags/example_task_group.py
[2026-08-08T17:30:07.135+0000] {processor.py:925} INFO - DAG(s) 'example_task_group' retrieved from /home/airflow/.local/lib/python3.12/site-packages/airflow/example_dags/example_task_group.py
[2026-08-08T17:30:07.158+0000] {logging_mixin.py:190} INFO - [2026-08-08T17:30:07.158+0000] {dag.py:3211} INFO - Sync 1 DAGs
[2026-08-08T17:30:07.178+0000] {logging_mixin.py:190} INFO - [2026-08-08T17:30:07.178+0000] {dag.py:4138} INFO - Setting next_dagrun for example_task_group to 2026-08-07 00:00:00+00:00, run_after=2026-08-08 00:00:00+00:00
[2026-08-08T17:30:07.195+0000] {processor.py:208} INFO - Processing /home/airflow/.local/lib/python3.12/site-packages/airflow/example_dags/example_task_group.py took 0.078 seconds
[2026-08-08T17:30:38.024+0000] {processor.py:186} INFO - Started process (PID=769) to work on /home/airflow/.local/lib/python3.12/site-packages/airflow/example_dags/example_task_group.py
[2026-08-08T17:30:38.025+0000] {processor.py:914} INFO - Processing file /home/airflow/.local/lib/python3.12/site-packages/airflow/example_dags/example_task_group.py for tasks to queue
[2026-08-08T17:30:38.027+0000] {logging_mixin.py:190} INFO - [2026-08-08T17:30:38.027+0000] {dagbag.py:587} INFO - Filling up the DagBag from /home/airflow/.local/lib/python3.12/site-packages/airflow/example_dags/example_task_group.py
[2026-08-08T17:30:38.035+0000] {processor.py:925} INFO - DAG(s) 'example_task_group' retrieved from /home/airflow/.local/lib/python3.12/site-packages/airflow/example_dags/example_task_group.py
[2026-08-08T17:30:38.054+0000] {logging_mixin.py:190} INFO - [2026-08-08T17:30:38.053+0000] {dag.py:3211} INFO - Sync 1 DAGs
[2026-08-08T17:30:38.072+0000] {logging_mixin.py:190} INFO - [2026-08-08T17:30:38.072+0000] {dag.py:4138} INFO - Setting next_dagrun for example_task_group to 2026-08-07 00:00:00+00:00, run_after=2026-08-08 00:00:00+00:00
[2026-08-08T17:30:38.093+0000] {processor.py:208} INFO - Processing /home/airflow/.local/lib/python3.12/site-packages/airflow/example_dags/example_task_group.py took 0.075 seconds
[2026-08-08T17:31:08.168+0000] {processor.py:186} INFO - Started process (PID=832) to work on /home/airflow/.local/lib/python3.12/site-packages/airflow/example_dags/example_task_group.py
[2026-08-08T17:31:08.170+0000] {processor.py:914} INFO - Processing file /home/airflow/.local/lib/python3.12/site-packages/airflow/example_dags/example_task_group.py for tasks to queue
[2026-08-08T17:31:08.173+0000] {logging_mixin.py:190} INFO - [2026-08-08T17:31:08.173+0000] {dagbag.py:587} INFO - Filling up the DagBag from /home/airflow/.local/lib/python3.12/site-packages/airflow/example_dags/example_task_group.py
[2026-08-08T17:31:08.183+0000] {processor.py:925} INFO - DAG(s) 'example_task_group' retrieved from /home/airflow/.local/lib/python3.12/site-packages/airflow/example_dags/example_task_group.py
[2026-08-08T17:31:08.204+0000] {logging_mixin.py:190} INFO - [2026-08-08T17:31:08.204+0000] {dag.py:3211} INFO - Sync 1 DAGs
[2026-08-08T17:31:08.225+0000] {logging_mixin.py:190} INFO - [2026-08-08T17:31:08.225+0000] {dag.py:4138} INFO - Setting next_dagrun for example_task_group to 2026-08-07 00:00:00+00:00, run_after=2026-08-08 00:00:00+00:00
[2026-08-08T17:31:08.248+0000] {processor.py:208} INFO - Processing /home/airflow/.local/lib/python3.12/site-packages/airflow/example_dags/example_task_group.py took 0.088 seconds
[2026-08-08T17:31:38.972+0000] {processor.py:186} INFO - Started process (PID=895) to work on /home/airflow/.local/lib/python3.12/site-packages/airflow/example_dags/example_task_group.py
[2026-08-08T17:31:38.973+0000] {processor.py:914} INFO - Processing file /home/airflow/.local/lib/python3.12/site-packages/airflow/example_dags/example_task_group.py for tasks to queue
[2026-08-08T17:31:38.975+0000] {logging_mixin.py:190} INFO - [2026-08-08T17:31:38.975+0000] {dagbag.py:587} INFO - Filling up the DagBag from /home/airflow/.local/lib/python3.12/site-packages/airflow/example_dags/example_task_group.py
[2026-08-08T17:31:38.986+0000] {processor.py:925} INFO - DAG(s) 'example_task_group' retrieved from /home/airflow/.local/lib/python3.12/site-packages/airflow/example_dags/example_task_group.py
[2026-08-08T17:31:39.012+0000] {logging_mixin.py:190} INFO - [2026-08-08T17:31:39.011+0000] {dag.py:3211} INFO - Sync 1 DAGs
[2026-08-08T17:31:39.035+0000] {logging_mixin.py:190} INFO - [2026-08-08T17:31:39.035+0000] {dag.py:4138} INFO - Setting next_dagrun for example_task_group to 2026-08-07 00:00:00+00:00, run_after=2026-08-08 00:00:00+00:00
[2026-08-08T17:31:39.057+0000] {processor.py:208} INFO - Processing /home/airflow/.local/lib/python3.12/site-packages/airflow/example_dags/example_task_group.py took 0.091 seconds
[2026-08-08T17:32:09.556+0000] {processor.py:186} INFO - Started process (PID=958) to work on /home/airflow/.local/lib/python3.12/site-packages/airflow/example_dags/example_task_group.py
[2026-08-08T17:32:09.557+0000] {processor.py:914} INFO - Processing file /home/airflow/.local/lib/python3.12/site-packages/airflow/example_dags/example_task_group.py for tasks to queue
[2026-08-08T17:32:09.559+0000] {logging_mixin.py:190} INFO - [2026-08-08T17:32:09.559+0000] {dagbag.py:587} INFO - Filling up the DagBag from /home/airflow/.local/lib/python3.12/site-packages/airflow/example_dags/example_task_group.py
[2026-08-08T17:32:09.566+0000] {processor.py:925} INFO - DAG(s) 'example_task_group' retrieved from /home/airflow/.local/lib/python3.12/site-packages/airflow/example_dags/example_task_group.py
[2026-08-08T17:32:09.582+0000] {logging_mixin.py:190} INFO - [2026-08-08T17:32:09.582+0000] {dag.py:3211} INFO - Sync 1 DAGs
[2026-08-08T17:32:09.601+0000] {logging_mixin.py:190} INFO - [2026-08-08T17:32:09.600+0000] {dag.py:4138} INFO - Setting next_dagrun for example_task_group to 2026-08-07 00:00:00+00:00, run_after=2026-08-08 00:00:00+00:00
[2026-08-08T17:32:09.618+0000] {processor.py:208} INFO - Processing /home/airflow/.local/lib/python3.12/site-packages/airflow/example_dags/example_task_group.py took 0.066 seconds
[2026-08-08T17:32:39.843+0000] {processor.py:186} INFO - Started process (PID=1021) to work on /home/airflow/.local/lib/python3.12/site-packages/airflow/example_dags/example_task_group.py
[2026-08-08T17:32:39.844+0000] {processor.py:914} INFO - Processing file /home/airflow/.local/lib/python3.12/site-packages/airflow/example_dags/example_task_group.py for tasks to queue
[2026-08-08T17:32:39.847+0000] {logging_mixin.py:190} INFO - [2026-08-08T17:32:39.846+0000] {dagbag.py:587} INFO - Filling up the DagBag from /home/airflow/.local/lib/python3.12/site-packages/airflow/example_dags/example_task_group.py
[2026-08-08T17:32:39.854+0000] {processor.py:925} INFO - DAG(s) 'example_task_group' retrieved from /home/airflow/.local/lib/python3.12/site-packages/airflow/example_dags/example_task_group.py
[2026-08-08T17:32:39.870+0000] {logging_mixin.py:190} INFO - [2026-08-08T17:32:39.870+0000] {dag.py:3211} INFO - Sync 1 DAGs
[2026-08-08T17:32:39.887+0000] {logging_mixin.py:190} INFO - [2026-08-08T17:32:39.887+0000] {dag.py:4138} INFO - Setting next_dagrun for example_task_group to 2026-08-07 00:00:00+00:00, run_after=2026-08-08 00:00:00+00:00
[2026-08-08T17:32:39.907+0000] {processor.py:208} INFO - Processing /home/airflow/.local/lib/python3.12/site-packages/airflow/example_dags/example_task_group.py took 0.070 seconds
[2026-08-08T17:33:10.421+0000] {processor.py:186} INFO - Started process (PID=1084) to work on /home/airflow/.local/lib/python3.12/site-packages/airflow/example_dags/example_task_group.py
[2026-08-08T17:33:10.422+0000] {processor.py:914} INFO - Processing file /home/airflow/.local/lib/python3.12/site-packages/airflow/example_dags/example_task_group.py for tasks to queue
[2026-08-08T17:33:10.425+0000] {logging_mixin.py:190} INFO - [2026-08-08T17:33:10.424+0000] {dagbag.py:587} INFO - Filling up the DagBag from /home/airflow/.local/lib/python3.12/site-packages/airflow/example_dags/example_task_group.py
[2026-08-08T17:33:10.434+0000] {processor.py:925} INFO - DAG(s) 'example_task_group' retrieved from /home/airflow/.local/lib/python3.12/site-packages/airflow/example_dags/example_task_group.py
[2026-08-08T17:33:10.455+0000] {logging_mixin.py:190} INFO - [2026-08-08T17:33:10.454+0000] {dag.py:3211} INFO - Sync 1 DAGs
[2026-08-08T17:33:10.472+0000] {logging_mixin.py:190} INFO - [2026-08-08T17:33:10.471+0000] {dag.py:4138} INFO - Setting next_dagrun for example_task_group to 2026-08-07 00:00:00+00:00, run_after=2026-08-08 00:00:00+00:00
[2026-08-08T17:33:10.493+0000] {processor.py:208} INFO - Processing /home/airflow/.local/lib/python3.12/site-packages/airflow/example_dags/example_task_group.py took 0.077 seconds
[2026-08-08T17:33:40.996+0000] {processor.py:186} INFO - Started process (PID=1147) to work on /home/airflow/.local/lib/python3.12/site-packages/airflow/example_dags/example_task_group.py
[2026-08-08T17:33:40.997+0000] {processor.py:914} INFO - Processing file /home/airflow/.local/lib/python3.12/site-packages/airflow/example_dags/example_task_group.py for tasks to queue
[2026-08-08T17:33:40.999+0000] {logging_mixin.py:190} INFO - [2026-08-08T17:33:40.999+0000] {dagbag.py:587} INFO - Filling up the DagBag from /home/airflow/.local/lib/python3.12/site-packages/airflow/example_dags/example_task_group.py
[2026-08-08T17:33:41.006+0000] {processor.py:925} INFO - DAG(s) 'example_task_group' retrieved from /home/airflow/.local/lib/python3.12/site-packages/airflow/example_dags/example_task_group.py
[2026-08-08T17:33:41.023+0000] {logging_mixin.py:190} INFO - [2026-08-08T17:33:41.022+0000] {dag.py:3211} INFO - Sync 1 DAGs
[2026-08-08T17:33:41.038+0000] {logging_mixin.py:190} INFO - [2026-08-08T17:33:41.038+0000] {dag.py:4138} INFO - Setting next_dagrun for example_task_group to 2026-08-07 00:00:00+00:00, run_after=2026-08-08 00:00:00+00:00
[2026-08-08T17:33:41.056+0000] {processor.py:208} INFO - Processing /home/airflow/.local/lib/python3.12/site-packages/airflow/example_dags/example_task_group.py took 0.064 seconds
[2026-08-08T17:34:11.258+0000] {processor.py:186} INFO - Started process (PID=1210) to work on /home/airflow/.local/lib/python3.12/site-packages/airflow/example_dags/example_task_group.py
[2026-08-08T17:34:11.260+0000] {processor.py:914} INFO - Processing file /home/airflow/.local/lib/python3.12/site-packages/airflow/example_dags/example_task_group.py for tasks to queue
[2026-08-08T17:34:11.262+0000] {logging_mixin.py:190} INFO - [2026-08-08T17:34:11.262+0000] {dagbag.py:587} INFO - Filling up the DagBag from /home/airflow/.local/lib/python3.12/site-packages/airflow/example_dags/example_task_group.py
[2026-08-08T17:34:11.270+0000] {processor.py:925} INFO - DAG(s) 'example_task_group' retrieved from /home/airflow/.local/lib/python3.12/site-packages/airflow/example_dags/example_task_group.py
[2026-08-08T17:34:11.289+0000] {logging_mixin.py:190} INFO - [2026-08-08T17:34:11.288+0000] {dag.py:3211} INFO - Sync 1 DAGs
[2026-08-08T17:34:11.306+0000] {logging_mixin.py:190} INFO - [2026-08-08T17:34:11.306+0000] {dag.py:4138} INFO - Setting next_dagrun for example_task_group to 2026-08-07 00:00:00+00:00, run_after=2026-08-08 00:00:00+00:00
[2026-08-08T17:34:11.326+0000] {processor.py:208} INFO - Processing /home/airflow/.local/lib/python3.12/site-packages/airflow/example_dags/example_task_group.py took 0.073 seconds
[2026-08-08T17:34:41.446+0000] {processor.py:186} INFO - Started process (PID=1273) to work on /home/airflow/.local/lib/python3.12/site-packages/airflow/example_dags/example_task_group.py
[2026-08-08T17:34:41.447+0000] {processor.py:914} INFO - Processing file /home/airflow/.local/lib/python3.12/site-packages/airflow/example_dags/example_task_group.py for tasks to queue
[2026-08-08T17:34:41.450+0000] {logging_mixin.py:190} INFO - [2026-08-08T17:34:41.449+0000] {dagbag.py:587} INFO - Filling up the DagBag from /home/airflow/.local/lib/python3.12/site-packages/airflow/example_dags/example_task_group.py
[2026-08-08T17:34:41.456+0000] {processor.py:925} INFO - DAG(s) 'example_task_group' retrieved from /home/airflow/.local/lib/python3.12/site-packages/airflow/example_dags/example_task_group.py
[2026-08-08T17:34:41.470+0000] {logging_mixin.py:190} INFO - [2026-08-08T17:34:41.470+0000] {dag.py:3211} INFO - Sync 1 DAGs
[2026-08-08T17:34:41.487+0000] {logging_mixin.py:190} INFO - [2026-08-08T17:34:41.487+0000] {dag.py:4138} INFO - Setting next_dagrun for example_task_group to 2026-08-07 00:00:00+00:00, run_after=2026-08-08 00:00:00+00:00
[2026-08-08T17:34:41.504+0000] {processor.py:208} INFO - Processing /home/airflow/.local/lib/python3.12/site-packages/airflow/example_dags/example_task_group.py took 0.062 seconds
[2026-08-08T17:35:12.020+0000] {processor.py:186} INFO - Started process (PID=1336) to work on /home/airflow/.local/lib/python3.12/site-packages/airflow/example_dags/example_task_group.py
[2026-08-08T17:35:12.021+0000] {processor.py:914} INFO - Processing file /home/airflow/.local/lib/python3.12/site-packages/airflow/example_dags/example_task_group.py for tasks to queue
[2026-08-08T17:35:12.024+0000] {logging_mixin.py:190} INFO - [2026-08-08T17:35:12.024+0000] {dagbag.py:587} INFO - Filling up the DagBag from /home/airflow/.local/lib/python3.12/site-packages/airflow/example_dags/example_task_group.py
[2026-08-08T17:35:12.031+0000] {processor.py:925} INFO - DAG(s) 'example_task_group' retrieved from /home/airflow/.local/lib/python3.12/site-packages/airflow/example_dags/example_task_group.py
[2026-08-08T17:35:12.048+0000] {logging_mixin.py:190} INFO - [2026-08-08T17:35:12.048+0000] {dag.py:3211} INFO - Sync 1 DAGs
[2026-08-08T17:35:12.063+0000] {logging_mixin.py:190} INFO - [2026-08-08T17:35:12.063+0000] {dag.py:4138} INFO - Setting next_dagrun for example_task_group to 2026-08-07 00:00:00+00:00, run_after=2026-08-08 00:00:00+00:00
[2026-08-08T17:35:12.077+0000] {processor.py:208} INFO - Processing /home/airflow/.local/lib/python3.12/site-packages/airflow/example_dags/example_task_group.py took 0.063 seconds
[2026-08-08T17:35:42.823+0000] {processor.py:186} INFO - Started process (PID=1399) to work on /home/airflow/.local/lib/python3.12/site-packages/airflow/example_dags/example_task_group.py
[2026-08-08T17:35:42.824+0000] {processor.py:914} INFO - Processing file /home/airflow/.local/lib/python3.12/site-packages/airflow/example_dags/example_task_group.py for tasks to queue
[2026-08-08T17:35:42.827+0000] {logging_mixin.py:190} INFO - [2026-08-08T17:35:42.827+0000] {dagbag.py:587} INFO - Filling up the DagBag from /home/airflow/.local/lib/python3.12/site-packages/airflow/example_dags/example_task_group.py
[2026-08-08T17:35:42.838+0000] {processor.py:925} INFO - DAG(s) 'example_task_group' retrieved from /home/airflow/.local/lib/python3.12/site-packages/airflow/example_dags/example_task_group.py
[2026-08-08T17:35:42.864+0000] {logging_mixin.py:190} INFO - [2026-08-08T17:35:42.863+0000] {dag.py:3211} INFO - Sync 1 DAGs
[2026-08-08T17:35:42.886+0000] {logging_mixin.py:190} INFO - [2026-08-08T17:35:42.886+0000] {dag.py:4138} INFO - Setting next_dagrun for example_task_group to 2026-08-07 00:00:00+00:00, run_after=2026-08-08 00:00:00+00:00
[2026-08-08T17:35:42.911+0000] {processor.py:208} INFO - Processing /home/airflow/.local/lib/python3.12/site-packages/airflow/example_dags/example_task_group.py took 0.094 seconds
[2026-08-08T17:36:13.260+0000] {processor.py:186} INFO - Started process (PID=1462) to work on /home/airflow/.local/lib/python3.12/site-packages/airflow/example_dags/example_task_group.py
[2026-08-08T17:36:13.261+0000] {processor.py:914} INFO - Processing file /home/airflow/.local/lib/python3.12/site-packages/airflow/example_dags/example_task_group.py for tasks to queue
[2026-08-08T17:36:13.264+0000] {logging_mixin.py:190} INFO - [2026-08-08T17:36:13.264+0000] {dagbag.py:587} INFO - Filling up the DagBag from /home/airflow/.local/lib/python3.12/site-packages/airflow/example_dags/example_task_group.py
[2026-08-08T17:36:13.275+0000] {processor.py:925} INFO - DAG(s) 'example_task_group' retrieved from /home/airflow/.local/lib/python3.12/site-packages/airflow/example_dags/example_task_group.py
[2026-08-08T17:36:13.295+0000] {logging_mixin.py:190} INFO - [2026-08-08T17:36:13.295+0000] {dag.py:3211} INFO - Sync 1 DAGs
[2026-08-08T17:36:13.314+0000] {logging_mixin.py:190} INFO - [2026-08-08T17:36:13.314+0000] {dag.py:4138} INFO - Setting next_dagrun for example_task_group to 2026-08-07 00:00:00+00:00, run_after=2026-08-08 00:00:00+00:00
[2026-08-08T17:36:13.332+0000] {processor.py:208} INFO - Processing /home/airflow/.local/lib/python3.12/site-packages/airflow/example_dags/example_task_group.py took 0.079 seconds
[2026-08-08T17:36:43.595+0000] {processor.py:186} INFO - Started process (PID=1525) to work on /home/airflow/.local/lib/python3.12/site-packages/airflow/example_dags/example_task_group.py
[2026-08-08T17:36:43.597+0000] {processor.py:914} INFO - Processing file /home/airflow/.local/lib/python3.12/site-packages/airflow/example_dags/example_task_group.py for tasks to queue
[2026-08-08T17:36:43.600+0000] {logging_mixin.py:190} INFO - [2026-08-08T17:36:43.599+0000] {dagbag.py:587} INFO - Filling up the DagBag from /home/airflow/.local/lib/python3.12/site-packages/airflow/example_dags/example_task_group.py
[2026-08-08T17:36:43.606+0000] {processor.py:925} INFO - DAG(s) 'example_task_group' retrieved from /home/airflow/.local/lib/python3.12/site-packages/airflow/example_dags/example_task_group.py
[2026-08-08T17:36:43.625+0000] {logging_mixin.py:190} INFO - [2026-08-08T17:36:43.624+0000] {dag.py:3211} INFO - Sync 1 DAGs
[2026-08-08T17:36:43.643+0000] {logging_mixin.py:190} INFO - [2026-08-08T17:36:43.643+0000] {dag.py:4138} INFO - Setting next_dagrun for example_task_group to 2026-08-07 00:00:00+00:00, run_after=2026-08-08 00:00:00+00:00
[2026-08-08T17:36:43.665+0000] {processor.py:208} INFO - Processing /home/airflow/.local/lib/python3.12/site-packages/airflow/example_dags/example_task_group.py took 0.075 seconds
[2026-08-08T17:37:51.417+0000] {processor.py:186} INFO - Started process (PID=77) to work on /home/airflow/.local/lib/python3.12/site-packages/airflow/example_dags/example_task_group.py
[2026-08-08T17:37:51.419+0000] {processor.py:914} INFO - Processing file /home/airflow/.local/lib/python3.12/site-packages/airflow/example_dags/example_task_group.py for tasks to queue
[2026-08-08T17:37:51.424+0000] {logging_mixin.py:190} INFO - [2026-08-08T17:37:51.423+0000] {dagbag.py:587} INFO - Filling up the DagBag from /home/airflow/.local/lib/python3.12/site-packages/airflow/example_dags/example_task_group.py
[2026-08-08T17:37:51.453+0000] {processor.py:925} INFO - DAG(s) 'example_task_group' retrieved from /home/airflow/.local/lib/python3.12/site-packages/airflow/example_dags/example_task_group.py
[2026-08-08T17:37:51.507+0000] {logging_mixin.py:190} INFO - [2026-08-08T17:37:51.507+0000] {dag.py:3211} INFO - Sync 1 DAGs
[2026-08-08T17:37:51.538+0000] {logging_mixin.py:190} INFO - [2026-08-08T17:37:51.537+0000] {dag.py:4138} INFO - Setting next_dagrun for example_task_group to 2026-08-07 00:00:00+00:00, run_after=2026-08-08 00:00:00+00:00
[2026-08-08T17:37:51.565+0000] {processor.py:208} INFO - Processing /home/airflow/.local/lib/python3.12/site-packages/airflow/example_dags/example_task_group.py took 0.158 seconds
[2026-08-08T17:38:13.638+0000] {processor.py:186} INFO - Started process (PID=59) to work on /home/airflow/.local/lib/python3.12/site-packages/airflow/example_dags/example_task_group.py
[2026-08-08T17:38:13.639+0000] {processor.py:914} INFO - Processing file /home/airflow/.local/lib/python3.12/site-packages/airflow/example_dags/example_task_group.py for tasks to queue
[2026-08-08T17:38:13.642+0000] {logging_mixin.py:190} INFO - [2026-08-08T17:38:13.642+0000] {dagbag.py:587} INFO - Filling up the DagBag from /home/airflow/.local/lib/python3.12/site-packages/airflow/example_dags/example_task_group.py
[2026-08-08T17:38:13.660+0000] {processor.py:925} INFO - DAG(s) 'example_task_group' retrieved from /home/airflow/.local/lib/python3.12/site-packages/airflow/example_dags/example_task_group.py
[2026-08-08T17:38:13.701+0000] {logging_mixin.py:190} INFO - [2026-08-08T17:38:13.700+0000] {dag.py:3211} INFO - Sync 1 DAGs
[2026-08-08T17:38:13.727+0000] {logging_mixin.py:190} INFO - [2026-08-08T17:38:13.726+0000] {dag.py:4138} INFO - Setting next_dagrun for example_task_group to 2026-08-07 00:00:00+00:00, run_after=2026-08-08 00:00:00+00:00
[2026-08-08T17:38:13.748+0000] {processor.py:208} INFO - Processing /home/airflow/.local/lib/python3.12/site-packages/airflow/example_dags/example_task_group.py took 0.116 seconds
[2026-08-08T17:38:44.129+0000] {processor.py:186} INFO - Started process (PID=122) to work on /home/airflow/.local/lib/python3.12/site-packages/airflow/example_dags/example_task_group.py
[2026-08-08T17:38:44.130+0000] {processor.py:914} INFO - Processing file /home/airflow/.local/lib/python3.12/site-packages/airflow/example_dags/example_task_group.py for tasks to queue
[2026-08-08T17:38:44.133+0000] {logging_mixin.py:190} INFO - [2026-08-08T17:38:44.133+0000] {dagbag.py:587} INFO - Filling up the DagBag from /home/airflow/.local/lib/python3.12/site-packages/airflow/example_dags/example_task_group.py
[2026-08-08T17:38:44.147+0000] {processor.py:925} INFO - DAG(s) 'example_task_group' retrieved from /home/airflow/.local/lib/python3.12/site-packages/airflow/example_dags/example_task_group.py
[2026-08-08T17:38:44.180+0000] {logging_mixin.py:190} INFO - [2026-08-08T17:38:44.179+0000] {dag.py:3211} INFO - Sync 1 DAGs
[2026-08-08T17:38:44.218+0000] {logging_mixin.py:190} INFO - [2026-08-08T17:38:44.218+0000] {dag.py:4138} INFO - Setting next_dagrun for example_task_group to 2026-08-07 00:00:00+00:00, run_after=2026-08-08 00:00:00+00:00
[2026-08-08T17:38:44.252+0000] {processor.py:208} INFO - Processing /home/airflow/.local/lib/python3.12/site-packages/airflow/example_dags/example_task_group.py took 0.131 seconds
[2026-08-08T17:39:15.175+0000] {processor.py:186} INFO - Started process (PID=185) to work on /home/airflow/.local/lib/python3.12/site-packages/airflow/example_dags/example_task_group.py
[2026-08-08T17:39:15.177+0000] {processor.py:914} INFO - Processing file /home/airflow/.local/lib/python3.12/site-packages/airflow/example_dags/example_task_group.py for tasks to queue
[2026-08-08T17:39:15.180+0000] {logging_mixin.py:190} INFO - [2026-08-08T17:39:15.179+0000] {dagbag.py:587} INFO - Filling up the DagBag from /home/airflow/.local/lib/python3.12/site-packages/airflow/example_dags/example_task_group.py
[2026-08-08T17:39:15.190+0000] {processor.py:925} INFO - DAG(s) 'example_task_group' retrieved from /home/airflow/.local/lib/python3.12/site-packages/airflow/example_dags/example_task_group.py
[2026-08-08T17:39:15.212+0000] {logging_mixin.py:190} INFO - [2026-08-08T17:39:15.212+0000] {dag.py:3211} INFO - Sync 1 DAGs
[2026-08-08T17:39:15.233+0000] {logging_mixin.py:190} INFO - [2026-08-08T17:39:15.233+0000] {dag.py:4138} INFO - Setting next_dagrun for example_task_group to 2026-08-07 00:00:00+00:00, run_after=2026-08-08 00:00:00+00:00
[2026-08-08T17:39:15.253+0000] {processor.py:208} INFO - Processing /home/airflow/.local/lib/python3.12/site-packages/airflow/example_dags/example_task_group.py took 0.082 seconds
[2026-08-08T17:39:46.198+0000] {processor.py:186} INFO - Started process (PID=254) to work on /home/airflow/.local/lib/python3.12/site-packages/airflow/example_dags/example_task_group.py
[2026-08-08T17:39:46.199+0000] {processor.py:914} INFO - Processing file /home/airflow/.local/lib/python3.12/site-packages/airflow/example_dags/example_task_group.py for tasks to queue
[2026-08-08T17:39:46.202+0000] {logging_mixin.py:190} INFO - [2026-08-08T17:39:46.201+0000] {dagbag.py:587} INFO - Filling up the DagBag from /home/airflow/.local/lib/python3.12/site-packages/airflow/example_dags/example_task_group.py
[2026-08-08T17:39:46.213+0000] {processor.py:925} INFO - DAG(s) 'example_task_group' retrieved from /home/airflow/.local/lib/python3.12/site-packages/airflow/example_dags/example_task_group.py
[2026-08-08T17:39:46.241+0000] {logging_mixin.py:190} INFO - [2026-08-08T17:39:46.241+0000] {dag.py:3211} INFO - Sync 1 DAGs
[2026-08-08T17:39:46.264+0000] {logging_mixin.py:190} INFO - [2026-08-08T17:39:46.264+0000] {dag.py:4138} INFO - Setting next_dagrun for example_task_group to 2026-08-07 00:00:00+00:00, run_after=2026-08-08 00:00:00+00:00
[2026-08-08T17:39:46.288+0000] {processor.py:208} INFO - Processing /home/airflow/.local/lib/python3.12/site-packages/airflow/example_dags/example_task_group.py took 0.095 seconds
[2026-08-08T17:42:36.775+0000] {processor.py:186} INFO - Started process (PID=71) to work on /home/airflow/.local/lib/python3.12/site-packages/airflow/example_dags/example_task_group.py
[2026-08-08T17:42:36.784+0000] {processor.py:914} INFO - Processing file /home/airflow/.local/lib/python3.12/site-packages/airflow/example_dags/example_task_group.py for tasks to queue
[2026-08-08T17:42:36.787+0000] {logging_mixin.py:190} INFO - [2026-08-08T17:42:36.787+0000] {dagbag.py:587} INFO - Filling up the DagBag from /home/airflow/.local/lib/python3.12/site-packages/airflow/example_dags/example_task_group.py
[2026-08-08T17:42:36.807+0000] {processor.py:925} INFO - DAG(s) 'example_task_group' retrieved from /home/airflow/.local/lib/python3.12/site-packages/airflow/example_dags/example_task_group.py
[2026-08-08T17:42:36.869+0000] {logging_mixin.py:190} INFO - [2026-08-08T17:42:36.869+0000] {dag.py:3211} INFO - Sync 1 DAGs
[2026-08-08T17:42:36.903+0000] {logging_mixin.py:190} INFO - [2026-08-08T17:42:36.903+0000] {dag.py:4138} INFO - Setting next_dagrun for example_task_group to 2026-08-07 00:00:00+00:00, run_after=2026-08-08 00:00:00+00:00
[2026-08-08T17:42:36.933+0000] {processor.py:208} INFO - Processing /home/airflow/.local/lib/python3.12/site-packages/airflow/example_dags/example_task_group.py took 0.164 seconds
[2026-08-08T17:43:07.865+0000] {processor.py:186} INFO - Started process (PID=134) to work on /home/airflow/.local/lib/python3.12/site-packages/airflow/example_dags/example_task_group.py
[2026-08-08T17:43:07.868+0000] {processor.py:914} INFO - Processing file /home/airflow/.local/lib/python3.12/site-packages/airflow/example_dags/example_task_group.py for tasks to queue
[2026-08-08T17:43:07.872+0000] {logging_mixin.py:190} INFO - [2026-08-08T17:43:07.872+0000] {dagbag.py:587} INFO - Filling up the DagBag from /home/airflow/.local/lib/python3.12/site-packages/airflow/example_dags/example_task_group.py
[2026-08-08T17:43:07.888+0000] {processor.py:925} INFO - DAG(s) 'example_task_group' retrieved from /home/airflow/.local/lib/python3.12/site-packages/airflow/example_dags/example_task_group.py
[2026-08-08T17:43:07.929+0000] {logging_mixin.py:190} INFO - [2026-08-08T17:43:07.929+0000] {dag.py:3211} INFO - Sync 1 DAGs
[2026-08-08T17:43:07.966+0000] {logging_mixin.py:190} INFO - [2026-08-08T17:43:07.965+0000] {dag.py:4138} INFO - Setting next_dagrun for example_task_group to 2026-08-07 00:00:00+00:00, run_after=2026-08-08 00:00:00+00:00
[2026-08-08T17:43:07.999+0000] {processor.py:208} INFO - Processing /home/airflow/.local/lib/python3.12/site-packages/airflow/example_dags/example_task_group.py took 0.145 seconds
[2026-08-08T17:43:38.135+0000] {processor.py:186} INFO - Started process (PID=196) to work on /home/airflow/.local/lib/python3.12/site-packages/airflow/example_dags/example_task_group.py
[2026-08-08T17:43:38.140+0000] {processor.py:914} INFO - Processing file /home/airflow/.local/lib/python3.12/site-packages/airflow/example_dags/example_task_group.py for tasks to queue
[2026-08-08T17:43:38.145+0000] {logging_mixin.py:190} INFO - [2026-08-08T17:43:38.144+0000] {dagbag.py:587} INFO - Filling up the DagBag from /home/airflow/.local/lib/python3.12/site-packages/airflow/example_dags/example_task_group.py
[2026-08-08T17:43:38.161+0000] {processor.py:925} INFO - DAG(s) 'example_task_group' retrieved from /home/airflow/.local/lib/python3.12/site-packages/airflow/example_dags/example_task_group.py
[2026-08-08T17:43:38.212+0000] {logging_mixin.py:190} INFO - [2026-08-08T17:43:38.212+0000] {dag.py:3211} INFO - Sync 1 DAGs
[2026-08-08T17:43:38.250+0000] {logging_mixin.py:190} INFO - [2026-08-08T17:43:38.250+0000] {dag.py:4138} INFO - Setting next_dagrun for example_task_group to 2026-08-07 00:00:00+00:00, run_after=2026-08-08 00:00:00+00:00
[2026-08-08T17:43:38.279+0000] {processor.py:208} INFO - Processing /home/airflow/.local/lib/python3.12/site-packages/airflow/example_dags/example_task_group.py took 0.155 seconds
[2026-08-08T17:44:08.392+0000] {processor.py:186} INFO - Started process (PID=259) to work on /home/airflow/.local/lib/python3.12/site-packages/airflow/example_dags/example_task_group.py
[2026-08-08T17:44:08.393+0000] {processor.py:914} INFO - Processing file /home/airflow/.local/lib/python3.12/site-packages/airflow/example_dags/example_task_group.py for tasks to queue
[2026-08-08T17:44:08.397+0000] {logging_mixin.py:190} INFO - [2026-08-08T17:44:08.397+0000] {dagbag.py:587} INFO - Filling up the DagBag from /home/airflow/.local/lib/python3.12/site-packages/airflow/example_dags/example_task_group.py
[2026-08-08T17:44:08.407+0000] {processor.py:925} INFO - DAG(s) 'example_task_group' retrieved from /home/airflow/.local/lib/python3.12/site-packages/airflow/example_dags/example_task_group.py
[2026-08-08T17:44:08.434+0000] {logging_mixin.py:190} INFO - [2026-08-08T17:44:08.434+0000] {dag.py:3211} INFO - Sync 1 DAGs
[2026-08-08T17:44:08.459+0000] {logging_mixin.py:190} INFO - [2026-08-08T17:44:08.459+0000] {dag.py:4138} INFO - Setting next_dagrun for example_task_group to 2026-08-07 00:00:00+00:00, run_after=2026-08-08 00:00:00+00:00
[2026-08-08T17:44:08.480+0000] {processor.py:208} INFO - Processing /home/airflow/.local/lib/python3.12/site-packages/airflow/example_dags/example_task_group.py took 0.094 seconds
[2026-08-08T17:44:38.865+0000] {processor.py:186} INFO - Started process (PID=328) to work on /home/airflow/.local/lib/python3.12/site-packages/airflow/example_dags/example_task_group.py
[2026-08-08T17:44:38.866+0000] {processor.py:914} INFO - Processing file /home/airflow/.local/lib/python3.12/site-packages/airflow/example_dags/example_task_group.py for tasks to queue
[2026-08-08T17:44:38.869+0000] {logging_mixin.py:190} INFO - [2026-08-08T17:44:38.868+0000] {dagbag.py:587} INFO - Filling up the DagBag from /home/airflow/.local/lib/python3.12/site-packages/airflow/example_dags/example_task_group.py
[2026-08-08T17:44:38.878+0000] {processor.py:925} INFO - DAG(s) 'example_task_group' retrieved from /home/airflow/.local/lib/python3.12/site-packages/airflow/example_dags/example_task_group.py
[2026-08-08T17:44:38.900+0000] {logging_mixin.py:190} INFO - [2026-08-08T17:44:38.900+0000] {dag.py:3211} INFO - Sync 1 DAGs
[2026-08-08T17:44:38.919+0000] {logging_mixin.py:190} INFO - [2026-08-08T17:44:38.919+0000] {dag.py:4138} INFO - Setting next_dagrun for example_task_group to 2026-08-07 00:00:00+00:00, run_after=2026-08-08 00:00:00+00:00
[2026-08-08T17:44:38.937+0000] {processor.py:208} INFO - Processing /home/airflow/.local/lib/python3.12/site-packages/airflow/example_dags/example_task_group.py took 0.079 seconds
[2026-08-08T17:45:09.191+0000] {processor.py:186} INFO - Started process (PID=391) to work on /home/airflow/.local/lib/python3.12/site-packages/airflow/example_dags/example_task_group.py
[2026-08-08T17:45:09.192+0000] {processor.py:914} INFO - Processing file /home/airflow/.local/lib/python3.12/site-packages/airflow/example_dags/example_task_group.py for tasks to queue
[2026-08-08T17:45:09.196+0000] {logging_mixin.py:190} INFO - [2026-08-08T17:45:09.195+0000] {dagbag.py:587} INFO - Filling up the DagBag from /home/airflow/.local/lib/python3.12/site-packages/airflow/example_dags/example_task_group.py
[2026-08-08T17:45:09.210+0000] {processor.py:925} INFO - DAG(s) 'example_task_group' retrieved from /home/airflow/.local/lib/python3.12/site-packages/airflow/example_dags/example_task_group.py
[2026-08-08T17:45:09.240+0000] {logging_mixin.py:190} INFO - [2026-08-08T17:45:09.240+0000] {dag.py:3211} INFO - Sync 1 DAGs
[2026-08-08T17:45:09.267+0000] {logging_mixin.py:190} INFO - [2026-08-08T17:45:09.267+0000] {dag.py:4138} INFO - Setting next_dagrun for example_task_group to 2026-08-07 00:00:00+00:00, run_after=2026-08-08 00:00:00+00:00
[2026-08-08T17:45:09.291+0000] {processor.py:208} INFO - Processing /home/airflow/.local/lib/python3.12/site-packages/airflow/example_dags/example_task_group.py took 0.106 seconds
[2026-08-08T17:45:39.408+0000] {processor.py:186} INFO - Started process (PID=454) to work on /home/airflow/.local/lib/python3.12/site-packages/airflow/example_dags/example_task_group.py
[2026-08-08T17:45:39.409+0000] {processor.py:914} INFO - Processing file /home/airflow/.local/lib/python3.12/site-packages/airflow/example_dags/example_task_group.py for tasks to queue
[2026-08-08T17:45:39.412+0000] {logging_mixin.py:190} INFO - [2026-08-08T17:45:39.412+0000] {dagbag.py:587} INFO - Filling up the DagBag from /home/airflow/.local/lib/python3.12/site-packages/airflow/example_dags/example_task_group.py
[2026-08-08T17:45:39.421+0000] {processor.py:925} INFO - DAG(s) 'example_task_group' retrieved from /home/airflow/.local/lib/python3.12/site-packages/airflow/example_dags/example_task_group.py
[2026-08-08T17:45:39.443+0000] {logging_mixin.py:190} INFO - [2026-08-08T17:45:39.443+0000] {dag.py:3211} INFO - Sync 1 DAGs
[2026-08-08T17:45:39.463+0000] {logging_mixin.py:190} INFO - [2026-08-08T17:45:39.463+0000] {dag.py:4138} INFO - Setting next_dagrun for example_task_group to 2026-08-07 00:00:00+00:00, run_after=2026-08-08 00:00:00+00:00
[2026-08-08T17:45:39.480+0000] {processor.py:208} INFO - Processing /home/airflow/.local/lib/python3.12/site-packages/airflow/example_dags/example_task_group.py took 0.078 seconds
[2026-08-08T17:46:09.818+0000] {processor.py:186} INFO - Started process (PID=518) to work on /home/airflow/.local/lib/python3.12/site-packages/airflow/example_dags/example_task_group.py
[2026-08-08T17:46:09.821+0000] {processor.py:914} INFO - Processing file /home/airflow/.local/lib/python3.12/site-packages/airflow/example_dags/example_task_group.py for tasks to queue
[2026-08-08T17:46:09.827+0000] {logging_mixin.py:190} INFO - [2026-08-08T17:46:09.826+0000] {dagbag.py:587} INFO - Filling up the DagBag from /home/airflow/.local/lib/python3.12/site-packages/airflow/example_dags/example_task_group.py
[2026-08-08T17:46:09.848+0000] {processor.py:925} INFO - DAG(s) 'example_task_group' retrieved from /home/airflow/.local/lib/python3.12/site-packages/airflow/example_dags/example_task_group.py
[2026-08-08T17:46:09.925+0000] {logging_mixin.py:190} INFO - [2026-08-08T17:46:09.924+0000] {dag.py:3211} INFO - Sync 1 DAGs
[2026-08-08T17:46:10.021+0000] {logging_mixin.py:190} INFO - [2026-08-08T17:46:10.021+0000] {dag.py:4138} INFO - Setting next_dagrun for example_task_group to 2026-08-07 00:00:00+00:00, run_after=2026-08-08 00:00:00+00:00
[2026-08-08T17:46:10.074+0000] {processor.py:208} INFO - Processing /home/airflow/.local/lib/python3.12/site-packages/airflow/example_dags/example_task_group.py took 0.272 seconds
[2026-08-08T17:47:10.867+0000] {processor.py:186} INFO - Started process (PID=72) to work on /home/airflow/.local/lib/python3.12/site-packages/airflow/example_dags/example_task_group.py
[2026-08-08T17:47:10.869+0000] {processor.py:914} INFO - Processing file /home/airflow/.local/lib/python3.12/site-packages/airflow/example_dags/example_task_group.py for tasks to queue
[2026-08-08T17:47:10.873+0000] {logging_mixin.py:190} INFO - [2026-08-08T17:47:10.872+0000] {dagbag.py:587} INFO - Filling up the DagBag from /home/airflow/.local/lib/python3.12/site-packages/airflow/example_dags/example_task_group.py
[2026-08-08T17:47:10.892+0000] {processor.py:925} INFO - DAG(s) 'example_task_group' retrieved from /home/airflow/.local/lib/python3.12/site-packages/airflow/example_dags/example_task_group.py
[2026-08-08T17:47:10.935+0000] {logging_mixin.py:190} INFO - [2026-08-08T17:47:10.934+0000] {dag.py:3211} INFO - Sync 1 DAGs
[2026-08-08T17:47:10.959+0000] {logging_mixin.py:190} INFO - [2026-08-08T17:47:10.959+0000] {dag.py:4138} INFO - Setting next_dagrun for example_task_group to 2026-08-07 00:00:00+00:00, run_after=2026-08-08 00:00:00+00:00
[2026-08-08T17:47:10.989+0000] {processor.py:208} INFO - Processing /home/airflow/.local/lib/python3.12/site-packages/airflow/example_dags/example_task_group.py took 0.130 seconds
[2026-08-08T17:47:41.057+0000] {processor.py:186} INFO - Started process (PID=134) to work on /home/airflow/.local/lib/python3.12/site-packages/airflow/example_dags/example_task_group.py
[2026-08-08T17:47:41.059+0000] {processor.py:914} INFO - Processing file /home/airflow/.local/lib/python3.12/site-packages/airflow/example_dags/example_task_group.py for tasks to queue
[2026-08-08T17:47:41.063+0000] {logging_mixin.py:190} INFO - [2026-08-08T17:47:41.063+0000] {dagbag.py:587} INFO - Filling up the DagBag from /home/airflow/.local/lib/python3.12/site-packages/airflow/example_dags/example_task_group.py
[2026-08-08T17:47:41.075+0000] {processor.py:925} INFO - DAG(s) 'example_task_group' retrieved from /home/airflow/.local/lib/python3.12/site-packages/airflow/example_dags/example_task_group.py
[2026-08-08T17:47:41.109+0000] {logging_mixin.py:190} INFO - [2026-08-08T17:47:41.109+0000] {dag.py:3211} INFO - Sync 1 DAGs
[2026-08-08T17:47:41.139+0000] {logging_mixin.py:190} INFO - [2026-08-08T17:47:41.138+0000] {dag.py:4138} INFO - Setting next_dagrun for example_task_group to 2026-08-07 00:00:00+00:00, run_after=2026-08-08 00:00:00+00:00
[2026-08-08T17:47:41.165+0000] {processor.py:208} INFO - Processing /home/airflow/.local/lib/python3.12/site-packages/airflow/example_dags/example_task_group.py took 0.121 seconds
[2026-08-08T17:48:11.533+0000] {processor.py:186} INFO - Started process (PID=203) to work on /home/airflow/.local/lib/python3.12/site-packages/airflow/example_dags/example_task_group.py
[2026-08-08T17:48:11.534+0000] {processor.py:914} INFO - Processing file /home/airflow/.local/lib/python3.12/site-packages/airflow/example_dags/example_task_group.py for tasks to queue
[2026-08-08T17:48:11.536+0000] {logging_mixin.py:190} INFO - [2026-08-08T17:48:11.536+0000] {dagbag.py:587} INFO - Filling up the DagBag from /home/airflow/.local/lib/python3.12/site-packages/airflow/example_dags/example_task_group.py
[2026-08-08T17:48:11.550+0000] {processor.py:925} INFO - DAG(s) 'example_task_group' retrieved from /home/airflow/.local/lib/python3.12/site-packages/airflow/example_dags/example_task_group.py
[2026-08-08T17:48:11.577+0000] {logging_mixin.py:190} INFO - [2026-08-08T17:48:11.577+0000] {dag.py:3211} INFO - Sync 1 DAGs
[2026-08-08T17:48:11.600+0000] {logging_mixin.py:190} INFO - [2026-08-08T17:48:11.600+0000] {dag.py:4138} INFO - Setting next_dagrun for example_task_group to 2026-08-07 00:00:00+00:00, run_after=2026-08-08 00:00:00+00:00
[2026-08-08T17:48:11.619+0000] {processor.py:208} INFO - Processing /home/airflow/.local/lib/python3.12/site-packages/airflow/example_dags/example_task_group.py took 0.093 seconds
[2026-08-08T17:48:42.464+0000] {processor.py:186} INFO - Started process (PID=266) to work on /home/airflow/.local/lib/python3.12/site-packages/airflow/example_dags/example_task_group.py
[2026-08-08T17:48:42.465+0000] {processor.py:914} INFO - Processing file /home/airflow/.local/lib/python3.12/site-packages/airflow/example_dags/example_task_group.py for tasks to queue
[2026-08-08T17:48:42.468+0000] {logging_mixin.py:190} INFO - [2026-08-08T17:48:42.468+0000] {dagbag.py:587} INFO - Filling up the DagBag from /home/airflow/.local/lib/python3.12/site-packages/airflow/example_dags/example_task_group.py
[2026-08-08T17:48:42.480+0000] {processor.py:925} INFO - DAG(s) 'example_task_group' retrieved from /home/airflow/.local/lib/python3.12/site-packages/airflow/example_dags/example_task_group.py
[2026-08-08T17:48:42.505+0000] {logging_mixin.py:190} INFO - [2026-08-08T17:48:42.505+0000] {dag.py:3211} INFO - Sync 1 DAGs
[2026-08-08T17:48:42.528+0000] {logging_mixin.py:190} INFO - [2026-08-08T17:48:42.528+0000] {dag.py:4138} INFO - Setting next_dagrun for example_task_group to 2026-08-07 00:00:00+00:00, run_after=2026-08-08 00:00:00+00:00
[2026-08-08T17:48:42.547+0000] {processor.py:208} INFO - Processing /home/airflow/.local/lib/python3.12/site-packages/airflow/example_dags/example_task_group.py took 0.092 seconds
[2026-08-08T17:52:34.393+0000] {processor.py:186} INFO - Started process (PID=77) to work on /home/airflow/.local/lib/python3.12/site-packages/airflow/example_dags/example_task_group.py
[2026-08-08T17:52:34.394+0000] {processor.py:914} INFO - Processing file /home/airflow/.local/lib/python3.12/site-packages/airflow/example_dags/example_task_group.py for tasks to queue
[2026-08-08T17:52:34.397+0000] {logging_mixin.py:190} INFO - [2026-08-08T17:52:34.397+0000] {dagbag.py:587} INFO - Filling up the DagBag from /home/airflow/.local/lib/python3.12/site-packages/airflow/example_dags/example_task_group.py
[2026-08-08T17:52:34.420+0000] {processor.py:925} INFO - DAG(s) 'example_task_group' retrieved from /home/airflow/.local/lib/python3.12/site-packages/airflow/example_dags/example_task_group.py
[2026-08-08T17:52:34.467+0000] {logging_mixin.py:190} INFO - [2026-08-08T17:52:34.467+0000] {dag.py:3211} INFO - Sync 1 DAGs
[2026-08-08T17:52:34.500+0000] {logging_mixin.py:190} INFO - [2026-08-08T17:52:34.500+0000] {dag.py:4138} INFO - Setting next_dagrun for example_task_group to 2026-08-07 00:00:00+00:00, run_after=2026-08-08 00:00:00+00:00
[2026-08-08T17:52:34.530+0000] {processor.py:208} INFO - Processing /home/airflow/.local/lib/python3.12/site-packages/airflow/example_dags/example_task_group.py took 0.146 seconds
[2026-08-08T17:53:05.460+0000] {processor.py:186} INFO - Started process (PID=140) to work on /home/airflow/.local/lib/python3.12/site-packages/airflow/example_dags/example_task_group.py
[2026-08-08T17:53:05.462+0000] {processor.py:914} INFO - Processing file /home/airflow/.local/lib/python3.12/site-packages/airflow/example_dags/example_task_group.py for tasks to queue
[2026-08-08T17:53:05.466+0000] {logging_mixin.py:190} INFO - [2026-08-08T17:53:05.466+0000] {dagbag.py:587} INFO - Filling up the DagBag from /home/airflow/.local/lib/python3.12/site-packages/airflow/example_dags/example_task_group.py
[2026-08-08T17:53:05.476+0000] {processor.py:925} INFO - DAG(s) 'example_task_group' retrieved from /home/airflow/.local/lib/python3.12/site-packages/airflow/example_dags/example_task_group.py
[2026-08-08T17:53:05.503+0000] {logging_mixin.py:190} INFO - [2026-08-08T17:53:05.502+0000] {dag.py:3211} INFO - Sync 1 DAGs
[2026-08-08T17:53:05.528+0000] {logging_mixin.py:190} INFO - [2026-08-08T17:53:05.528+0000] {dag.py:4138} INFO - Setting next_dagrun for example_task_group to 2026-08-07 00:00:00+00:00, run_after=2026-08-08 00:00:00+00:00
[2026-08-08T17:53:05.556+0000] {processor.py:208} INFO - Processing /home/airflow/.local/lib/python3.12/site-packages/airflow/example_dags/example_task_group.py took 0.103 seconds
[2026-08-08T17:53:36.071+0000] {processor.py:186} INFO - Started process (PID=203) to work on /home/airflow/.local/lib/python3.12/site-packages/airflow/example_dags/example_task_group.py
[2026-08-08T17:53:36.073+0000] {processor.py:914} INFO - Processing file /home/airflow/.local/lib/python3.12/site-packages/airflow/example_dags/example_task_group.py for tasks to queue
[2026-08-08T17:53:36.077+0000] {logging_mixin.py:190} INFO - [2026-08-08T17:53:36.077+0000] {dagbag.py:587} INFO - Filling up the DagBag from /home/airflow/.local/lib/python3.12/site-packages/airflow/example_dags/example_task_group.py
[2026-08-08T17:53:36.086+0000] {processor.py:925} INFO - DAG(s) 'example_task_group' retrieved from /home/airflow/.local/lib/python3.12/site-packages/airflow/example_dags/example_task_group.py
[2026-08-08T17:53:36.112+0000] {logging_mixin.py:190} INFO - [2026-08-08T17:53:36.112+0000] {dag.py:3211} INFO - Sync 1 DAGs
[2026-08-08T17:53:36.137+0000] {logging_mixin.py:190} INFO - [2026-08-08T17:53:36.137+0000] {dag.py:4138} INFO - Setting next_dagrun for example_task_group to 2026-08-07 00:00:00+00:00, run_after=2026-08-08 00:00:00+00:00
[2026-08-08T17:53:36.162+0000] {processor.py:208} INFO - Processing /home/airflow/.local/lib/python3.12/site-packages/airflow/example_dags/example_task_group.py took 0.100 seconds
[2026-08-08T17:54:06.730+0000] {processor.py:186} INFO - Started process (PID=266) to work on /home/airflow/.local/lib/python3.12/site-packages/airflow/example_dags/example_task_group.py
[2026-08-08T17:54:06.732+0000] {processor.py:914} INFO - Processing file /home/airflow/.local/lib/python3.12/site-packages/airflow/example_dags/example_task_group.py for tasks to queue
[2026-08-08T17:54:06.735+0000] {logging_mixin.py:190} INFO - [2026-08-08T17:54:06.735+0000] {dagbag.py:587} INFO - Filling up the DagBag from /home/airflow/.local/lib/python3.12/site-packages/airflow/example_dags/example_task_group.py
[2026-08-08T17:54:06.748+0000] {processor.py:925} INFO - DAG(s) 'example_task_group' retrieved from /home/airflow/.local/lib/python3.12/site-packages/airflow/example_dags/example_task_group.py
[2026-08-08T17:54:06.778+0000] {logging_mixin.py:190} INFO - [2026-08-08T17:54:06.778+0000] {dag.py:3211} INFO - Sync 1 DAGs
[2026-08-08T17:54:06.807+0000] {logging_mixin.py:190} INFO - [2026-08-08T17:54:06.807+0000] {dag.py:4138} INFO - Setting next_dagrun for example_task_group to 2026-08-07 00:00:00+00:00, run_after=2026-08-08 00:00:00+00:00
[2026-08-08T17:54:06.832+0000] {processor.py:208} INFO - Processing /home/airflow/.local/lib/python3.12/site-packages/airflow/example_dags/example_task_group.py took 0.112 seconds
[2026-08-08T17:54:37.198+0000] {processor.py:186} INFO - Started process (PID=329) to work on /home/airflow/.local/lib/python3.12/site-packages/airflow/example_dags/example_task_group.py
[2026-08-08T17:54:37.200+0000] {processor.py:914} INFO - Processing file /home/airflow/.local/lib/python3.12/site-packages/airflow/example_dags/example_task_group.py for tasks to queue
[2026-08-08T17:54:37.202+0000] {logging_mixin.py:190} INFO - [2026-08-08T17:54:37.202+0000] {dagbag.py:587} INFO - Filling up the DagBag from /home/airflow/.local/lib/python3.12/site-packages/airflow/example_dags/example_task_group.py
[2026-08-08T17:54:37.209+0000] {processor.py:925} INFO - DAG(s) 'example_task_group' retrieved from /home/airflow/.local/lib/python3.12/site-packages/airflow/example_dags/example_task_group.py
[2026-08-08T17:54:37.232+0000] {logging_mixin.py:190} INFO - [2026-08-08T17:54:37.232+0000] {dag.py:3211} INFO - Sync 1 DAGs
[2026-08-08T17:54:37.254+0000] {logging_mixin.py:190} INFO - [2026-08-08T17:54:37.254+0000] {dag.py:4138} INFO - Setting next_dagrun for example_task_group to 2026-08-07 00:00:00+00:00, run_after=2026-08-08 00:00:00+00:00
[2026-08-08T17:54:37.275+0000] {processor.py:208} INFO - Processing /home/airflow/.local/lib/python3.12/site-packages/airflow/example_dags/example_task_group.py took 0.082 seconds
[2026-08-08T17:55:07.337+0000] {processor.py:186} INFO - Started process (PID=391) to work on /home/airflow/.local/lib/python3.12/site-packages/airflow/example_dags/example_task_group.py
[2026-08-08T17:55:07.338+0000] {processor.py:914} INFO - Processing file /home/airflow/.local/lib/python3.12/site-packages/airflow/example_dags/example_task_group.py for tasks to queue
[2026-08-08T17:55:07.341+0000] {logging_mixin.py:190} INFO - [2026-08-08T17:55:07.340+0000] {dagbag.py:587} INFO - Filling up the DagBag from /home/airflow/.local/lib/python3.12/site-packages/airflow/example_dags/example_task_group.py
[2026-08-08T17:55:07.347+0000] {processor.py:925} INFO - DAG(s) 'example_task_group' retrieved from /home/airflow/.local/lib/python3.12/site-packages/airflow/example_dags/example_task_group.py
[2026-08-08T17:55:07.363+0000] {logging_mixin.py:190} INFO - [2026-08-08T17:55:07.363+0000] {dag.py:3211} INFO - Sync 1 DAGs
[2026-08-08T17:55:07.379+0000] {logging_mixin.py:190} INFO - [2026-08-08T17:55:07.379+0000] {dag.py:4138} INFO - Setting next_dagrun for example_task_group to 2026-08-07 00:00:00+00:00, run_after=2026-08-08 00:00:00+00:00
[2026-08-08T17:55:07.396+0000] {processor.py:208} INFO - Processing /home/airflow/.local/lib/python3.12/site-packages/airflow/example_dags/example_task_group.py took 0.065 seconds
[2026-08-08T17:55:37.476+0000] {processor.py:186} INFO - Started process (PID=454) to work on /home/airflow/.local/lib/python3.12/site-packages/airflow/example_dags/example_task_group.py
[2026-08-08T17:55:37.477+0000] {processor.py:914} INFO - Processing file /home/airflow/.local/lib/python3.12/site-packages/airflow/example_dags/example_task_group.py for tasks to queue
[2026-08-08T17:55:37.481+0000] {logging_mixin.py:190} INFO - [2026-08-08T17:55:37.480+0000] {dagbag.py:587} INFO - Filling up the DagBag from /home/airflow/.local/lib/python3.12/site-packages/airflow/example_dags/example_task_group.py
[2026-08-08T17:55:37.491+0000] {processor.py:925} INFO - DAG(s) 'example_task_group' retrieved from /home/airflow/.local/lib/python3.12/site-packages/airflow/example_dags/example_task_group.py
[2026-08-08T17:55:37.514+0000] {logging_mixin.py:190} INFO - [2026-08-08T17:55:37.514+0000] {dag.py:3211} INFO - Sync 1 DAGs
[2026-08-08T17:55:37.554+0000] {logging_mixin.py:190} INFO - [2026-08-08T17:55:37.554+0000] {dag.py:4138} INFO - Setting next_dagrun for example_task_group to 2026-08-07 00:00:00+00:00, run_after=2026-08-08 00:00:00+00:00
[2026-08-08T17:55:37.593+0000] {processor.py:208} INFO - Processing /home/airflow/.local/lib/python3.12/site-packages/airflow/example_dags/example_task_group.py took 0.123 seconds
[2026-08-08T17:56:07.925+0000] {processor.py:186} INFO - Started process (PID=517) to work on /home/airflow/.local/lib/python3.12/site-packages/airflow/example_dags/example_task_group.py
[2026-08-08T17:56:07.927+0000] {processor.py:914} INFO - Processing file /home/airflow/.local/lib/python3.12/site-packages/airflow/example_dags/example_task_group.py for tasks to queue
[2026-08-08T17:56:07.932+0000] {logging_mixin.py:190} INFO - [2026-08-08T17:56:07.931+0000] {dagbag.py:587} INFO - Filling up the DagBag from /home/airflow/.local/lib/python3.12/site-packages/airflow/example_dags/example_task_group.py
[2026-08-08T17:56:07.944+0000] {processor.py:925} INFO - DAG(s) 'example_task_group' retrieved from /home/airflow/.local/lib/python3.12/site-packages/airflow/example_dags/example_task_group.py
[2026-08-08T17:56:07.974+0000] {logging_mixin.py:190} INFO - [2026-08-08T17:56:07.974+0000] {dag.py:3211} INFO - Sync 1 DAGs
[2026-08-08T17:56:08.002+0000] {logging_mixin.py:190} INFO - [2026-08-08T17:56:08.001+0000] {dag.py:4138} INFO - Setting next_dagrun for example_task_group to 2026-08-07 00:00:00+00:00, run_after=2026-08-08 00:00:00+00:00
[2026-08-08T17:56:08.021+0000] {processor.py:208} INFO - Processing /home/airflow/.local/lib/python3.12/site-packages/airflow/example_dags/example_task_group.py took 0.104 seconds
[2026-08-08T17:56:38.446+0000] {processor.py:186} INFO - Started process (PID=580) to work on /home/airflow/.local/lib/python3.12/site-packages/airflow/example_dags/example_task_group.py
[2026-08-08T17:56:38.447+0000] {processor.py:914} INFO - Processing file /home/airflow/.local/lib/python3.12/site-packages/airflow/example_dags/example_task_group.py for tasks to queue
[2026-08-08T17:56:38.452+0000] {logging_mixin.py:190} INFO - [2026-08-08T17:56:38.451+0000] {dagbag.py:587} INFO - Filling up the DagBag from /home/airflow/.local/lib/python3.12/site-packages/airflow/example_dags/example_task_group.py
[2026-08-08T17:56:38.467+0000] {processor.py:925} INFO - DAG(s) 'example_task_group' retrieved from /home/airflow/.local/lib/python3.12/site-packages/airflow/example_dags/example_task_group.py
[2026-08-08T17:56:38.495+0000] {logging_mixin.py:190} INFO - [2026-08-08T17:56:38.495+0000] {dag.py:3211} INFO - Sync 1 DAGs
[2026-08-08T17:56:38.520+0000] {logging_mixin.py:190} INFO - [2026-08-08T17:56:38.520+0000] {dag.py:4138} INFO - Setting next_dagrun for example_task_group to 2026-08-07 00:00:00+00:00, run_after=2026-08-08 00:00:00+00:00
[2026-08-08T17:56:38.542+0000] {processor.py:208} INFO - Processing /home/airflow/.local/lib/python3.12/site-packages/airflow/example_dags/example_task_group.py took 0.103 seconds
[2026-08-08T17:57:09.028+0000] {processor.py:186} INFO - Started process (PID=643) to work on /home/airflow/.local/lib/python3.12/site-packages/airflow/example_dags/example_task_group.py
[2026-08-08T17:57:09.029+0000] {processor.py:914} INFO - Processing file /home/airflow/.local/lib/python3.12/site-packages/airflow/example_dags/example_task_group.py for tasks to queue
[2026-08-08T17:57:09.032+0000] {logging_mixin.py:190} INFO - [2026-08-08T17:57:09.032+0000] {dagbag.py:587} INFO - Filling up the DagBag from /home/airflow/.local/lib/python3.12/site-packages/airflow/example_dags/example_task_group.py
[2026-08-08T17:57:09.043+0000] {processor.py:925} INFO - DAG(s) 'example_task_group' retrieved from /home/airflow/.local/lib/python3.12/site-packages/airflow/example_dags/example_task_group.py
[2026-08-08T17:57:09.068+0000] {logging_mixin.py:190} INFO - [2026-08-08T17:57:09.068+0000] {dag.py:3211} INFO - Sync 1 DAGs
[2026-08-08T17:57:09.090+0000] {logging_mixin.py:190} INFO - [2026-08-08T17:57:09.089+0000] {dag.py:4138} INFO - Setting next_dagrun for example_task_group to 2026-08-07 00:00:00+00:00, run_after=2026-08-08 00:00:00+00:00
[2026-08-08T17:57:09.109+0000] {processor.py:208} INFO - Processing /home/airflow/.local/lib/python3.12/site-packages/airflow/example_dags/example_task_group.py took 0.087 seconds
[2026-08-08T18:08:13.728+0000] {processor.py:186} INFO - Started process (PID=707) to work on /home/airflow/.local/lib/python3.12/site-packages/airflow/example_dags/example_task_group.py
[2026-08-08T18:08:13.741+0000] {processor.py:914} INFO - Processing file /home/airflow/.local/lib/python3.12/site-packages/airflow/example_dags/example_task_group.py for tasks to queue
[2026-08-08T18:08:13.762+0000] {logging_mixin.py:190} INFO - [2026-08-08T18:08:13.760+0000] {dagbag.py:587} INFO - Filling up the DagBag from /home/airflow/.local/lib/python3.12/site-packages/airflow/example_dags/example_task_group.py
[2026-08-08T18:08:13.818+0000] {processor.py:925} INFO - DAG(s) 'example_task_group' retrieved from /home/airflow/.local/lib/python3.12/site-packages/airflow/example_dags/example_task_group.py
[2026-08-08T18:08:13.898+0000] {logging_mixin.py:190} INFO - [2026-08-08T18:08:13.898+0000] {dag.py:3211} INFO - Sync 1 DAGs
[2026-08-08T18:08:13.990+0000] {logging_mixin.py:190} INFO - [2026-08-08T18:08:13.989+0000] {dag.py:4138} INFO - Setting next_dagrun for example_task_group to 2026-08-07 00:00:00+00:00, run_after=2026-08-08 00:00:00+00:00
[2026-08-08T18:08:14.070+0000] {processor.py:208} INFO - Processing /home/airflow/.local/lib/python3.12/site-packages/airflow/example_dags/example_task_group.py took 0.364 seconds
[2026-08-08T18:08:44.676+0000] {processor.py:186} INFO - Started process (PID=770) to work on /home/airflow/.local/lib/python3.12/site-packages/airflow/example_dags/example_task_group.py
[2026-08-08T18:08:44.688+0000] {processor.py:914} INFO - Processing file /home/airflow/.local/lib/python3.12/site-packages/airflow/example_dags/example_task_group.py for tasks to queue
[2026-08-08T18:08:44.692+0000] {logging_mixin.py:190} INFO - [2026-08-08T18:08:44.691+0000] {dagbag.py:587} INFO - Filling up the DagBag from /home/airflow/.local/lib/python3.12/site-packages/airflow/example_dags/example_task_group.py
[2026-08-08T18:08:44.703+0000] {processor.py:925} INFO - DAG(s) 'example_task_group' retrieved from /home/airflow/.local/lib/python3.12/site-packages/airflow/example_dags/example_task_group.py
[2026-08-08T18:08:44.734+0000] {logging_mixin.py:190} INFO - [2026-08-08T18:08:44.733+0000] {dag.py:3211} INFO - Sync 1 DAGs
[2026-08-08T18:08:44.760+0000] {logging_mixin.py:190} INFO - [2026-08-08T18:08:44.760+0000] {dag.py:4138} INFO - Setting next_dagrun for example_task_group to 2026-08-07 00:00:00+00:00, run_after=2026-08-08 00:00:00+00:00
[2026-08-08T18:08:44.829+0000] {processor.py:208} INFO - Processing /home/airflow/.local/lib/python3.12/site-packages/airflow/example_dags/example_task_group.py took 0.160 seconds
[2026-08-08T18:09:15.144+0000] {processor.py:186} INFO - Started process (PID=833) to work on /home/airflow/.local/lib/python3.12/site-packages/airflow/example_dags/example_task_group.py
[2026-08-08T18:09:15.146+0000] {processor.py:914} INFO - Processing file /home/airflow/.local/lib/python3.12/site-packages/airflow/example_dags/example_task_group.py for tasks to queue
[2026-08-08T18:09:15.149+0000] {logging_mixin.py:190} INFO - [2026-08-08T18:09:15.149+0000] {dagbag.py:587} INFO - Filling up the DagBag from /home/airflow/.local/lib/python3.12/site-packages/airflow/example_dags/example_task_group.py
[2026-08-08T18:09:15.160+0000] {processor.py:925} INFO - DAG(s) 'example_task_group' retrieved from /home/airflow/.local/lib/python3.12/site-packages/airflow/example_dags/example_task_group.py
[2026-08-08T18:09:15.188+0000] {logging_mixin.py:190} INFO - [2026-08-08T18:09:15.188+0000] {dag.py:3211} INFO - Sync 1 DAGs
[2026-08-08T18:09:15.219+0000] {logging_mixin.py:190} INFO - [2026-08-08T18:09:15.219+0000] {dag.py:4138} INFO - Setting next_dagrun for example_task_group to 2026-08-07 00:00:00+00:00, run_after=2026-08-08 00:00:00+00:00
[2026-08-08T18:09:15.243+0000] {processor.py:208} INFO - Processing /home/airflow/.local/lib/python3.12/site-packages/airflow/example_dags/example_task_group.py took 0.107 seconds
[2026-08-08T18:09:45.906+0000] {processor.py:186} INFO - Started process (PID=896) to work on /home/airflow/.local/lib/python3.12/site-packages/airflow/example_dags/example_task_group.py
[2026-08-08T18:09:45.907+0000] {processor.py:914} INFO - Processing file /home/airflow/.local/lib/python3.12/site-packages/airflow/example_dags/example_task_group.py for tasks to queue
[2026-08-08T18:09:45.912+0000] {logging_mixin.py:190} INFO - [2026-08-08T18:09:45.912+0000] {dagbag.py:587} INFO - Filling up the DagBag from /home/airflow/.local/lib/python3.12/site-packages/airflow/example_dags/example_task_group.py
[2026-08-08T18:09:45.924+0000] {processor.py:925} INFO - DAG(s) 'example_task_group' retrieved from /home/airflow/.local/lib/python3.12/site-packages/airflow/example_dags/example_task_group.py
[2026-08-08T18:09:45.958+0000] {logging_mixin.py:190} INFO - [2026-08-08T18:09:45.958+0000] {dag.py:3211} INFO - Sync 1 DAGs
[2026-08-08T18:09:45.994+0000] {logging_mixin.py:190} INFO - [2026-08-08T18:09:45.994+0000] {dag.py:4138} INFO - Setting next_dagrun for example_task_group to 2026-08-07 00:00:00+00:00, run_after=2026-08-08 00:00:00+00:00
[2026-08-08T18:09:46.027+0000] {processor.py:208} INFO - Processing /home/airflow/.local/lib/python3.12/site-packages/airflow/example_dags/example_task_group.py took 0.128 seconds
[2026-08-08T18:10:16.248+0000] {processor.py:186} INFO - Started process (PID=958) to work on /home/airflow/.local/lib/python3.12/site-packages/airflow/example_dags/example_task_group.py
[2026-08-08T18:10:16.250+0000] {processor.py:914} INFO - Processing file /home/airflow/.local/lib/python3.12/site-packages/airflow/example_dags/example_task_group.py for tasks to queue
[2026-08-08T18:10:16.257+0000] {logging_mixin.py:190} INFO - [2026-08-08T18:10:16.256+0000] {dagbag.py:587} INFO - Filling up the DagBag from /home/airflow/.local/lib/python3.12/site-packages/airflow/example_dags/example_task_group.py
[2026-08-08T18:10:16.273+0000] {processor.py:925} INFO - DAG(s) 'example_task_group' retrieved from /home/airflow/.local/lib/python3.12/site-packages/airflow/example_dags/example_task_group.py
[2026-08-08T18:10:16.313+0000] {logging_mixin.py:190} INFO - [2026-08-08T18:10:16.313+0000] {dag.py:3211} INFO - Sync 1 DAGs
[2026-08-08T18:10:16.351+0000] {logging_mixin.py:190} INFO - [2026-08-08T18:10:16.350+0000] {dag.py:4138} INFO - Setting next_dagrun for example_task_group to 2026-08-07 00:00:00+00:00, run_after=2026-08-08 00:00:00+00:00
[2026-08-08T18:10:16.380+0000] {processor.py:208} INFO - Processing /home/airflow/.local/lib/python3.12/site-packages/airflow/example_dags/example_task_group.py took 0.143 seconds
[2026-08-08T18:10:46.974+0000] {processor.py:186} INFO - Started process (PID=1021) to work on /home/airflow/.local/lib/python3.12/site-packages/airflow/example_dags/example_task_group.py
[2026-08-08T18:10:46.975+0000] {processor.py:914} INFO - Processing file /home/airflow/.local/lib/python3.12/site-packages/airflow/example_dags/example_task_group.py for tasks to queue
[2026-08-08T18:10:46.981+0000] {logging_mixin.py:190} INFO - [2026-08-08T18:10:46.980+0000] {dagbag.py:587} INFO - Filling up the DagBag from /home/airflow/.local/lib/python3.12/site-packages/airflow/example_dags/example_task_group.py
[2026-08-08T18:10:46.992+0000] {processor.py:925} INFO - DAG(s) 'example_task_group' retrieved from /home/airflow/.local/lib/python3.12/site-packages/airflow/example_dags/example_task_group.py
[2026-08-08T18:10:47.022+0000] {logging_mixin.py:190} INFO - [2026-08-08T18:10:47.022+0000] {dag.py:3211} INFO - Sync 1 DAGs
[2026-08-08T18:10:47.045+0000] {logging_mixin.py:190} INFO - [2026-08-08T18:10:47.045+0000] {dag.py:4138} INFO - Setting next_dagrun for example_task_group to 2026-08-07 00:00:00+00:00, run_after=2026-08-08 00:00:00+00:00
[2026-08-08T18:10:47.064+0000] {processor.py:208} INFO - Processing /home/airflow/.local/lib/python3.12/site-packages/airflow/example_dags/example_task_group.py took 0.096 seconds
[2026-08-08T18:11:18.010+0000] {processor.py:186} INFO - Started process (PID=1085) to work on /home/airflow/.local/lib/python3.12/site-packages/airflow/example_dags/example_task_group.py
[2026-08-08T18:11:18.011+0000] {processor.py:914} INFO - Processing file /home/airflow/.local/lib/python3.12/site-packages/airflow/example_dags/example_task_group.py for tasks to queue
[2026-08-08T18:11:18.014+0000] {logging_mixin.py:190} INFO - [2026-08-08T18:11:18.014+0000] {dagbag.py:587} INFO - Filling up the DagBag from /home/airflow/.local/lib/python3.12/site-packages/airflow/example_dags/example_task_group.py
[2026-08-08T18:11:18.022+0000] {processor.py:925} INFO - DAG(s) 'example_task_group' retrieved from /home/airflow/.local/lib/python3.12/site-packages/airflow/example_dags/example_task_group.py
[2026-08-08T18:11:18.045+0000] {logging_mixin.py:190} INFO - [2026-08-08T18:11:18.045+0000] {dag.py:3211} INFO - Sync 1 DAGs
[2026-08-08T18:11:18.067+0000] {logging_mixin.py:190} INFO - [2026-08-08T18:11:18.067+0000] {dag.py:4138} INFO - Setting next_dagrun for example_task_group to 2026-08-07 00:00:00+00:00, run_after=2026-08-08 00:00:00+00:00
[2026-08-08T18:11:18.088+0000] {processor.py:208} INFO - Processing /home/airflow/.local/lib/python3.12/site-packages/airflow/example_dags/example_task_group.py took 0.085 seconds
[2026-08-08T18:11:48.817+0000] {processor.py:186} INFO - Started process (PID=1148) to work on /home/airflow/.local/lib/python3.12/site-packages/airflow/example_dags/example_task_group.py
[2026-08-08T18:11:48.818+0000] {processor.py:914} INFO - Processing file /home/airflow/.local/lib/python3.12/site-packages/airflow/example_dags/example_task_group.py for tasks to queue
[2026-08-08T18:11:48.821+0000] {logging_mixin.py:190} INFO - [2026-08-08T18:11:48.821+0000] {dagbag.py:587} INFO - Filling up the DagBag from /home/airflow/.local/lib/python3.12/site-packages/airflow/example_dags/example_task_group.py
[2026-08-08T18:11:48.831+0000] {processor.py:925} INFO - DAG(s) 'example_task_group' retrieved from /home/airflow/.local/lib/python3.12/site-packages/airflow/example_dags/example_task_group.py
[2026-08-08T18:11:48.852+0000] {logging_mixin.py:190} INFO - [2026-08-08T18:11:48.852+0000] {dag.py:3211} INFO - Sync 1 DAGs
[2026-08-08T18:11:48.873+0000] {logging_mixin.py:190} INFO - [2026-08-08T18:11:48.872+0000] {dag.py:4138} INFO - Setting next_dagrun for example_task_group to 2026-08-07 00:00:00+00:00, run_after=2026-08-08 00:00:00+00:00
[2026-08-08T18:11:48.894+0000] {processor.py:208} INFO - Processing /home/airflow/.local/lib/python3.12/site-packages/airflow/example_dags/example_task_group.py took 0.083 seconds
[2026-08-08T18:13:04.432+0000] {processor.py:186} INFO - Started process (PID=77) to work on /home/airflow/.local/lib/python3.12/site-packages/airflow/example_dags/example_task_group.py
[2026-08-08T18:13:04.434+0000] {processor.py:914} INFO - Processing file /home/airflow/.local/lib/python3.12/site-packages/airflow/example_dags/example_task_group.py for tasks to queue
[2026-08-08T18:13:04.438+0000] {logging_mixin.py:190} INFO - [2026-08-08T18:13:04.438+0000] {dagbag.py:587} INFO - Filling up the DagBag from /home/airflow/.local/lib/python3.12/site-packages/airflow/example_dags/example_task_group.py
[2026-08-08T18:13:04.470+0000] {processor.py:925} INFO - DAG(s) 'example_task_group' retrieved from /home/airflow/.local/lib/python3.12/site-packages/airflow/example_dags/example_task_group.py
[2026-08-08T18:13:04.543+0000] {logging_mixin.py:190} INFO - [2026-08-08T18:13:04.543+0000] {dag.py:3211} INFO - Sync 1 DAGs
[2026-08-08T18:13:04.584+0000] {logging_mixin.py:190} INFO - [2026-08-08T18:13:04.584+0000] {dag.py:4138} INFO - Setting next_dagrun for example_task_group to 2026-08-07 00:00:00+00:00, run_after=2026-08-08 00:00:00+00:00
[2026-08-08T18:13:04.622+0000] {processor.py:208} INFO - Processing /home/airflow/.local/lib/python3.12/site-packages/airflow/example_dags/example_task_group.py took 0.201 seconds
[2026-08-08T18:13:35.136+0000] {processor.py:186} INFO - Started process (PID=145) to work on /home/airflow/.local/lib/python3.12/site-packages/airflow/example_dags/example_task_group.py
[2026-08-08T18:13:35.137+0000] {processor.py:914} INFO - Processing file /home/airflow/.local/lib/python3.12/site-packages/airflow/example_dags/example_task_group.py for tasks to queue
[2026-08-08T18:13:35.141+0000] {logging_mixin.py:190} INFO - [2026-08-08T18:13:35.141+0000] {dagbag.py:587} INFO - Filling up the DagBag from /home/airflow/.local/lib/python3.12/site-packages/airflow/example_dags/example_task_group.py
[2026-08-08T18:13:35.153+0000] {processor.py:925} INFO - DAG(s) 'example_task_group' retrieved from /home/airflow/.local/lib/python3.12/site-packages/airflow/example_dags/example_task_group.py
[2026-08-08T18:13:35.180+0000] {logging_mixin.py:190} INFO - [2026-08-08T18:13:35.180+0000] {dag.py:3211} INFO - Sync 1 DAGs
[2026-08-08T18:13:35.204+0000] {logging_mixin.py:190} INFO - [2026-08-08T18:13:35.204+0000] {dag.py:4138} INFO - Setting next_dagrun for example_task_group to 2026-08-07 00:00:00+00:00, run_after=2026-08-08 00:00:00+00:00
[2026-08-08T18:13:35.230+0000] {processor.py:208} INFO - Processing /home/airflow/.local/lib/python3.12/site-packages/airflow/example_dags/example_task_group.py took 0.102 seconds
[2026-08-08T18:14:06.003+0000] {processor.py:186} INFO - Started process (PID=209) to work on /home/airflow/.local/lib/python3.12/site-packages/airflow/example_dags/example_task_group.py
[2026-08-08T18:14:06.005+0000] {processor.py:914} INFO - Processing file /home/airflow/.local/lib/python3.12/site-packages/airflow/example_dags/example_task_group.py for tasks to queue
[2026-08-08T18:14:06.008+0000] {logging_mixin.py:190} INFO - [2026-08-08T18:14:06.007+0000] {dagbag.py:587} INFO - Filling up the DagBag from /home/airflow/.local/lib/python3.12/site-packages/airflow/example_dags/example_task_group.py
[2026-08-08T18:14:06.018+0000] {processor.py:925} INFO - DAG(s) 'example_task_group' retrieved from /home/airflow/.local/lib/python3.12/site-packages/airflow/example_dags/example_task_group.py
[2026-08-08T18:14:06.058+0000] {logging_mixin.py:190} INFO - [2026-08-08T18:14:06.058+0000] {dag.py:3211} INFO - Sync 1 DAGs
[2026-08-08T18:14:06.093+0000] {logging_mixin.py:190} INFO - [2026-08-08T18:14:06.093+0000] {dag.py:4138} INFO - Setting next_dagrun for example_task_group to 2026-08-07 00:00:00+00:00, run_after=2026-08-08 00:00:00+00:00
[2026-08-08T18:14:06.124+0000] {processor.py:208} INFO - Processing /home/airflow/.local/lib/python3.12/site-packages/airflow/example_dags/example_task_group.py took 0.128 seconds
[2026-08-08T18:14:36.401+0000] {processor.py:186} INFO - Started process (PID=272) to work on /home/airflow/.local/lib/python3.12/site-packages/airflow/example_dags/example_task_group.py
[2026-08-08T18:14:36.403+0000] {processor.py:914} INFO - Processing file /home/airflow/.local/lib/python3.12/site-packages/airflow/example_dags/example_task_group.py for tasks to queue
[2026-08-08T18:14:36.405+0000] {logging_mixin.py:190} INFO - [2026-08-08T18:14:36.405+0000] {dagbag.py:587} INFO - Filling up the DagBag from /home/airflow/.local/lib/python3.12/site-packages/airflow/example_dags/example_task_group.py
[2026-08-08T18:14:36.415+0000] {processor.py:925} INFO - DAG(s) 'example_task_group' retrieved from /home/airflow/.local/lib/python3.12/site-packages/airflow/example_dags/example_task_group.py
[2026-08-08T18:14:36.442+0000] {logging_mixin.py:190} INFO - [2026-08-08T18:14:36.442+0000] {dag.py:3211} INFO - Sync 1 DAGs
[2026-08-08T18:14:36.473+0000] {logging_mixin.py:190} INFO - [2026-08-08T18:14:36.473+0000] {dag.py:4138} INFO - Setting next_dagrun for example_task_group to 2026-08-07 00:00:00+00:00, run_after=2026-08-08 00:00:00+00:00
[2026-08-08T18:14:36.503+0000] {processor.py:208} INFO - Processing /home/airflow/.local/lib/python3.12/site-packages/airflow/example_dags/example_task_group.py took 0.107 seconds
[2026-08-08T18:15:06.577+0000] {processor.py:186} INFO - Started process (PID=334) to work on /home/airflow/.local/lib/python3.12/site-packages/airflow/example_dags/example_task_group.py
[2026-08-08T18:15:06.578+0000] {processor.py:914} INFO - Processing file /home/airflow/.local/lib/python3.12/site-packages/airflow/example_dags/example_task_group.py for tasks to queue
[2026-08-08T18:15:06.582+0000] {logging_mixin.py:190} INFO - [2026-08-08T18:15:06.582+0000] {dagbag.py:587} INFO - Filling up the DagBag from /home/airflow/.local/lib/python3.12/site-packages/airflow/example_dags/example_task_group.py
[2026-08-08T18:15:06.594+0000] {processor.py:925} INFO - DAG(s) 'example_task_group' retrieved from /home/airflow/.local/lib/python3.12/site-packages/airflow/example_dags/example_task_group.py
[2026-08-08T18:15:06.634+0000] {logging_mixin.py:190} INFO - [2026-08-08T18:15:06.633+0000] {dag.py:3211} INFO - Sync 1 DAGs
[2026-08-08T18:15:06.668+0000] {logging_mixin.py:190} INFO - [2026-08-08T18:15:06.668+0000] {dag.py:4138} INFO - Setting next_dagrun for example_task_group to 2026-08-07 00:00:00+00:00, run_after=2026-08-08 00:00:00+00:00
[2026-08-08T18:15:06.706+0000] {processor.py:208} INFO - Processing /home/airflow/.local/lib/python3.12/site-packages/airflow/example_dags/example_task_group.py took 0.139 seconds
[2026-08-08T18:15:36.814+0000] {processor.py:186} INFO - Started process (PID=397) to work on /home/airflow/.local/lib/python3.12/site-packages/airflow/example_dags/example_task_group.py
[2026-08-08T18:15:36.815+0000] {processor.py:914} INFO - Processing file /home/airflow/.local/lib/python3.12/site-packages/airflow/example_dags/example_task_group.py for tasks to queue
[2026-08-08T18:15:36.817+0000] {logging_mixin.py:190} INFO - [2026-08-08T18:15:36.817+0000] {dagbag.py:587} INFO - Filling up the DagBag from /home/airflow/.local/lib/python3.12/site-packages/airflow/example_dags/example_task_group.py
[2026-08-08T18:15:36.828+0000] {processor.py:925} INFO - DAG(s) 'example_task_group' retrieved from /home/airflow/.local/lib/python3.12/site-packages/airflow/example_dags/example_task_group.py
[2026-08-08T18:15:36.856+0000] {logging_mixin.py:190} INFO - [2026-08-08T18:15:36.856+0000] {dag.py:3211} INFO - Sync 1 DAGs
[2026-08-08T18:15:36.884+0000] {logging_mixin.py:190} INFO - [2026-08-08T18:15:36.884+0000] {dag.py:4138} INFO - Setting next_dagrun for example_task_group to 2026-08-07 00:00:00+00:00, run_after=2026-08-08 00:00:00+00:00
[2026-08-08T18:15:36.905+0000] {processor.py:208} INFO - Processing /home/airflow/.local/lib/python3.12/site-packages/airflow/example_dags/example_task_group.py took 0.098 seconds
[2026-08-08T18:17:09.830+0000] {processor.py:186} INFO - Started process (PID=96) to work on /home/airflow/.local/lib/python3.12/site-packages/airflow/example_dags/example_task_group.py
[2026-08-08T18:17:09.832+0000] {processor.py:914} INFO - Processing file /home/airflow/.local/lib/python3.12/site-packages/airflow/example_dags/example_task_group.py for tasks to queue
[2026-08-08T18:17:09.837+0000] {logging_mixin.py:190} INFO - [2026-08-08T18:17:09.836+0000] {dagbag.py:587} INFO - Filling up the DagBag from /home/airflow/.local/lib/python3.12/site-packages/airflow/example_dags/example_task_group.py
[2026-08-08T18:17:09.859+0000] {processor.py:925} INFO - DAG(s) 'example_task_group' retrieved from /home/airflow/.local/lib/python3.12/site-packages/airflow/example_dags/example_task_group.py
[2026-08-08T18:17:09.899+0000] {logging_mixin.py:190} INFO - [2026-08-08T18:17:09.899+0000] {dag.py:3211} INFO - Sync 1 DAGs
[2026-08-08T18:17:09.931+0000] {logging_mixin.py:190} INFO - [2026-08-08T18:17:09.931+0000] {dag.py:4138} INFO - Setting next_dagrun for example_task_group to 2026-08-07 00:00:00+00:00, run_after=2026-08-08 00:00:00+00:00
[2026-08-08T18:17:09.953+0000] {processor.py:208} INFO - Processing /home/airflow/.local/lib/python3.12/site-packages/airflow/example_dags/example_task_group.py took 0.132 seconds
[2026-08-08T18:17:40.047+0000] {processor.py:186} INFO - Started process (PID=158) to work on /home/airflow/.local/lib/python3.12/site-packages/airflow/example_dags/example_task_group.py
[2026-08-08T18:17:40.049+0000] {processor.py:914} INFO - Processing file /home/airflow/.local/lib/python3.12/site-packages/airflow/example_dags/example_task_group.py for tasks to queue
[2026-08-08T18:17:40.052+0000] {logging_mixin.py:190} INFO - [2026-08-08T18:17:40.051+0000] {dagbag.py:587} INFO - Filling up the DagBag from /home/airflow/.local/lib/python3.12/site-packages/airflow/example_dags/example_task_group.py
[2026-08-08T18:17:40.060+0000] {processor.py:925} INFO - DAG(s) 'example_task_group' retrieved from /home/airflow/.local/lib/python3.12/site-packages/airflow/example_dags/example_task_group.py
[2026-08-08T18:17:40.086+0000] {logging_mixin.py:190} INFO - [2026-08-08T18:17:40.085+0000] {dag.py:3211} INFO - Sync 1 DAGs
[2026-08-08T18:17:40.108+0000] {logging_mixin.py:190} INFO - [2026-08-08T18:17:40.108+0000] {dag.py:4138} INFO - Setting next_dagrun for example_task_group to 2026-08-07 00:00:00+00:00, run_after=2026-08-08 00:00:00+00:00
[2026-08-08T18:17:40.131+0000] {processor.py:208} INFO - Processing /home/airflow/.local/lib/python3.12/site-packages/airflow/example_dags/example_task_group.py took 0.091 seconds
[2026-08-08T18:18:10.615+0000] {processor.py:186} INFO - Started process (PID=221) to work on /home/airflow/.local/lib/python3.12/site-packages/airflow/example_dags/example_task_group.py
[2026-08-08T18:18:10.617+0000] {processor.py:914} INFO - Processing file /home/airflow/.local/lib/python3.12/site-packages/airflow/example_dags/example_task_group.py for tasks to queue
[2026-08-08T18:18:10.621+0000] {logging_mixin.py:190} INFO - [2026-08-08T18:18:10.621+0000] {dagbag.py:587} INFO - Filling up the DagBag from /home/airflow/.local/lib/python3.12/site-packages/airflow/example_dags/example_task_group.py
[2026-08-08T18:18:10.634+0000] {processor.py:925} INFO - DAG(s) 'example_task_group' retrieved from /home/airflow/.local/lib/python3.12/site-packages/airflow/example_dags/example_task_group.py
[2026-08-08T18:18:10.662+0000] {logging_mixin.py:190} INFO - [2026-08-08T18:18:10.662+0000] {dag.py:3211} INFO - Sync 1 DAGs
[2026-08-08T18:18:10.687+0000] {logging_mixin.py:190} INFO - [2026-08-08T18:18:10.686+0000] {dag.py:4138} INFO - Setting next_dagrun for example_task_group to 2026-08-07 00:00:00+00:00, run_after=2026-08-08 00:00:00+00:00
[2026-08-08T18:18:10.711+0000] {processor.py:208} INFO - Processing /home/airflow/.local/lib/python3.12/site-packages/airflow/example_dags/example_task_group.py took 0.103 seconds
[2026-08-08T18:18:40.940+0000] {processor.py:186} INFO - Started process (PID=285) to work on /home/airflow/.local/lib/python3.12/site-packages/airflow/example_dags/example_task_group.py
[2026-08-08T18:18:40.942+0000] {processor.py:914} INFO - Processing file /home/airflow/.local/lib/python3.12/site-packages/airflow/example_dags/example_task_group.py for tasks to queue
[2026-08-08T18:18:40.944+0000] {logging_mixin.py:190} INFO - [2026-08-08T18:18:40.944+0000] {dagbag.py:587} INFO - Filling up the DagBag from /home/airflow/.local/lib/python3.12/site-packages/airflow/example_dags/example_task_group.py
[2026-08-08T18:18:40.954+0000] {processor.py:925} INFO - DAG(s) 'example_task_group' retrieved from /home/airflow/.local/lib/python3.12/site-packages/airflow/example_dags/example_task_group.py
[2026-08-08T18:18:40.988+0000] {logging_mixin.py:190} INFO - [2026-08-08T18:18:40.988+0000] {dag.py:3211} INFO - Sync 1 DAGs
[2026-08-08T18:18:41.015+0000] {logging_mixin.py:190} INFO - [2026-08-08T18:18:41.015+0000] {dag.py:4138} INFO - Setting next_dagrun for example_task_group to 2026-08-07 00:00:00+00:00, run_after=2026-08-08 00:00:00+00:00
[2026-08-08T18:18:41.038+0000] {processor.py:208} INFO - Processing /home/airflow/.local/lib/python3.12/site-packages/airflow/example_dags/example_task_group.py took 0.104 seconds
[2026-08-08T18:19:11.227+0000] {processor.py:186} INFO - Started process (PID=347) to work on /home/airflow/.local/lib/python3.12/site-packages/airflow/example_dags/example_task_group.py
[2026-08-08T18:19:11.228+0000] {processor.py:914} INFO - Processing file /home/airflow/.local/lib/python3.12/site-packages/airflow/example_dags/example_task_group.py for tasks to queue
[2026-08-08T18:19:11.231+0000] {logging_mixin.py:190} INFO - [2026-08-08T18:19:11.230+0000] {dagbag.py:587} INFO - Filling up the DagBag from /home/airflow/.local/lib/python3.12/site-packages/airflow/example_dags/example_task_group.py
[2026-08-08T18:19:11.244+0000] {processor.py:925} INFO - DAG(s) 'example_task_group' retrieved from /home/airflow/.local/lib/python3.12/site-packages/airflow/example_dags/example_task_group.py
[2026-08-08T18:19:11.264+0000] {logging_mixin.py:190} INFO - [2026-08-08T18:19:11.264+0000] {dag.py:3211} INFO - Sync 1 DAGs
[2026-08-08T18:19:11.284+0000] {logging_mixin.py:190} INFO - [2026-08-08T18:19:11.284+0000] {dag.py:4138} INFO - Setting next_dagrun for example_task_group to 2026-08-07 00:00:00+00:00, run_after=2026-08-08 00:00:00+00:00
[2026-08-08T18:19:11.302+0000] {processor.py:208} INFO - Processing /home/airflow/.local/lib/python3.12/site-packages/airflow/example_dags/example_task_group.py took 0.081 seconds
[2026-08-08T18:23:56.538+0000] {processor.py:186} INFO - Started process (PID=411) to work on /home/airflow/.local/lib/python3.12/site-packages/airflow/example_dags/example_task_group.py
[2026-08-08T18:23:56.620+0000] {processor.py:914} INFO - Processing file /home/airflow/.local/lib/python3.12/site-packages/airflow/example_dags/example_task_group.py for tasks to queue
[2026-08-08T18:23:57.740+0000] {logging_mixin.py:190} INFO - [2026-08-08T18:23:57.735+0000] {dagbag.py:587} INFO - Filling up the DagBag from /home/airflow/.local/lib/python3.12/site-packages/airflow/example_dags/example_task_group.py
[2026-08-08T18:23:57.845+0000] {processor.py:925} INFO - DAG(s) 'example_task_group' retrieved from /home/airflow/.local/lib/python3.12/site-packages/airflow/example_dags/example_task_group.py
[2026-08-08T18:23:57.874+0000] {logging_mixin.py:190} INFO - [2026-08-08T18:23:57.874+0000] {dag.py:3211} INFO - Sync 1 DAGs
[2026-08-08T18:23:57.899+0000] {logging_mixin.py:190} INFO - [2026-08-08T18:23:57.899+0000] {dag.py:4138} INFO - Setting next_dagrun for example_task_group to 2026-08-07 00:00:00+00:00, run_after=2026-08-08 00:00:00+00:00
[2026-08-08T18:23:57.948+0000] {processor.py:208} INFO - Processing /home/airflow/.local/lib/python3.12/site-packages/airflow/example_dags/example_task_group.py took 1.416 seconds
[2026-08-08T18:24:28.087+0000] {processor.py:186} INFO - Started process (PID=474) to work on /home/airflow/.local/lib/python3.12/site-packages/airflow/example_dags/example_task_group.py
[2026-08-08T18:24:28.088+0000] {processor.py:914} INFO - Processing file /home/airflow/.local/lib/python3.12/site-packages/airflow/example_dags/example_task_group.py for tasks to queue
[2026-08-08T18:24:28.092+0000] {logging_mixin.py:190} INFO - [2026-08-08T18:24:28.092+0000] {dagbag.py:587} INFO - Filling up the DagBag from /home/airflow/.local/lib/python3.12/site-packages/airflow/example_dags/example_task_group.py
[2026-08-08T18:24:28.101+0000] {processor.py:925} INFO - DAG(s) 'example_task_group' retrieved from /home/airflow/.local/lib/python3.12/site-packages/airflow/example_dags/example_task_group.py
[2026-08-08T18:24:28.125+0000] {logging_mixin.py:190} INFO - [2026-08-08T18:24:28.125+0000] {dag.py:3211} INFO - Sync 1 DAGs
[2026-08-08T18:24:28.146+0000] {logging_mixin.py:190} INFO - [2026-08-08T18:24:28.146+0000] {dag.py:4138} INFO - Setting next_dagrun for example_task_group to 2026-08-07 00:00:00+00:00, run_after=2026-08-08 00:00:00+00:00
[2026-08-08T18:24:28.163+0000] {processor.py:208} INFO - Processing /home/airflow/.local/lib/python3.12/site-packages/airflow/example_dags/example_task_group.py took 0.082 seconds
[2026-08-08T18:24:58.626+0000] {processor.py:186} INFO - Started process (PID=537) to work on /home/airflow/.local/lib/python3.12/site-packages/airflow/example_dags/example_task_group.py
[2026-08-08T18:24:58.627+0000] {processor.py:914} INFO - Processing file /home/airflow/.local/lib/python3.12/site-packages/airflow/example_dags/example_task_group.py for tasks to queue
[2026-08-08T18:24:58.630+0000] {logging_mixin.py:190} INFO - [2026-08-08T18:24:58.630+0000] {dagbag.py:587} INFO - Filling up the DagBag from /home/airflow/.local/lib/python3.12/site-packages/airflow/example_dags/example_task_group.py
[2026-08-08T18:24:58.642+0000] {processor.py:925} INFO - DAG(s) 'example_task_group' retrieved from /home/airflow/.local/lib/python3.12/site-packages/airflow/example_dags/example_task_group.py
[2026-08-08T18:24:58.669+0000] {logging_mixin.py:190} INFO - [2026-08-08T18:24:58.669+0000] {dag.py:3211} INFO - Sync 1 DAGs
[2026-08-08T18:24:58.692+0000] {logging_mixin.py:190} INFO - [2026-08-08T18:24:58.692+0000] {dag.py:4138} INFO - Setting next_dagrun for example_task_group to 2026-08-07 00:00:00+00:00, run_after=2026-08-08 00:00:00+00:00
[2026-08-08T18:24:58.714+0000] {processor.py:208} INFO - Processing /home/airflow/.local/lib/python3.12/site-packages/airflow/example_dags/example_task_group.py took 0.096 seconds
[2026-08-08T18:25:28.953+0000] {processor.py:186} INFO - Started process (PID=599) to work on /home/airflow/.local/lib/python3.12/site-packages/airflow/example_dags/example_task_group.py
[2026-08-08T18:25:28.955+0000] {processor.py:914} INFO - Processing file /home/airflow/.local/lib/python3.12/site-packages/airflow/example_dags/example_task_group.py for tasks to queue
[2026-08-08T18:25:28.959+0000] {logging_mixin.py:190} INFO - [2026-08-08T18:25:28.959+0000] {dagbag.py:587} INFO - Filling up the DagBag from /home/airflow/.local/lib/python3.12/site-packages/airflow/example_dags/example_task_group.py
[2026-08-08T18:25:28.970+0000] {processor.py:925} INFO - DAG(s) 'example_task_group' retrieved from /home/airflow/.local/lib/python3.12/site-packages/airflow/example_dags/example_task_group.py
[2026-08-08T18:25:28.995+0000] {logging_mixin.py:190} INFO - [2026-08-08T18:25:28.995+0000] {dag.py:3211} INFO - Sync 1 DAGs
[2026-08-08T18:25:29.020+0000] {logging_mixin.py:190} INFO - [2026-08-08T18:25:29.020+0000] {dag.py:4138} INFO - Setting next_dagrun for example_task_group to 2026-08-07 00:00:00+00:00, run_after=2026-08-08 00:00:00+00:00
[2026-08-08T18:25:29.039+0000] {processor.py:208} INFO - Processing /home/airflow/.local/lib/python3.12/site-packages/airflow/example_dags/example_task_group.py took 0.092 seconds
[2026-08-08T18:25:59.180+0000] {processor.py:186} INFO - Started process (PID=663) to work on /home/airflow/.local/lib/python3.12/site-packages/airflow/example_dags/example_task_group.py
[2026-08-08T18:25:59.182+0000] {processor.py:914} INFO - Processing file /home/airflow/.local/lib/python3.12/site-packages/airflow/example_dags/example_task_group.py for tasks to queue
[2026-08-08T18:25:59.186+0000] {logging_mixin.py:190} INFO - [2026-08-08T18:25:59.186+0000] {dagbag.py:587} INFO - Filling up the DagBag from /home/airflow/.local/lib/python3.12/site-packages/airflow/example_dags/example_task_group.py
[2026-08-08T18:25:59.197+0000] {processor.py:925} INFO - DAG(s) 'example_task_group' retrieved from /home/airflow/.local/lib/python3.12/site-packages/airflow/example_dags/example_task_group.py
[2026-08-08T18:25:59.224+0000] {logging_mixin.py:190} INFO - [2026-08-08T18:25:59.224+0000] {dag.py:3211} INFO - Sync 1 DAGs
[2026-08-08T18:25:59.247+0000] {logging_mixin.py:190} INFO - [2026-08-08T18:25:59.246+0000] {dag.py:4138} INFO - Setting next_dagrun for example_task_group to 2026-08-07 00:00:00+00:00, run_after=2026-08-08 00:00:00+00:00
[2026-08-08T18:25:59.266+0000] {processor.py:208} INFO - Processing /home/airflow/.local/lib/python3.12/site-packages/airflow/example_dags/example_task_group.py took 0.092 seconds
[2026-08-08T18:26:29.706+0000] {processor.py:186} INFO - Started process (PID=726) to work on /home/airflow/.local/lib/python3.12/site-packages/airflow/example_dags/example_task_group.py
[2026-08-08T18:26:29.707+0000] {processor.py:914} INFO - Processing file /home/airflow/.local/lib/python3.12/site-packages/airflow/example_dags/example_task_group.py for tasks to queue
[2026-08-08T18:26:29.711+0000] {logging_mixin.py:190} INFO - [2026-08-08T18:26:29.710+0000] {dagbag.py:587} INFO - Filling up the DagBag from /home/airflow/.local/lib/python3.12/site-packages/airflow/example_dags/example_task_group.py
[2026-08-08T18:26:29.719+0000] {processor.py:925} INFO - DAG(s) 'example_task_group' retrieved from /home/airflow/.local/lib/python3.12/site-packages/airflow/example_dags/example_task_group.py
[2026-08-08T18:26:29.745+0000] {logging_mixin.py:190} INFO - [2026-08-08T18:26:29.745+0000] {dag.py:3211} INFO - Sync 1 DAGs
[2026-08-08T18:26:29.770+0000] {logging_mixin.py:190} INFO - [2026-08-08T18:26:29.770+0000] {dag.py:4138} INFO - Setting next_dagrun for example_task_group to 2026-08-07 00:00:00+00:00, run_after=2026-08-08 00:00:00+00:00
[2026-08-08T18:26:29.790+0000] {processor.py:208} INFO - Processing /home/airflow/.local/lib/python3.12/site-packages/airflow/example_dags/example_task_group.py took 0.091 seconds
