[2026-08-08T17:25:02.184+0000] {processor.py:186} INFO - Started process (PID=84) to work on /home/airflow/.local/lib/python3.12/site-packages/airflow/example_dags/example_dataset_alias_with_no_taskflow.py
[2026-08-08T17:25:02.186+0000] {processor.py:914} INFO - Processing file /home/airflow/.local/lib/python3.12/site-packages/airflow/example_dags/example_dataset_alias_with_no_taskflow.py for tasks to queue
[2026-08-08T17:25:02.190+0000] {logging_mixin.py:190} INFO - [2026-08-08T17:25:02.189+0000] {dagbag.py:587} INFO - Filling up the DagBag from /home/airflow/.local/lib/python3.12/site-packages/airflow/example_dags/example_dataset_alias_with_no_taskflow.py
[2026-08-08T17:25:02.358+0000] {processor.py:925} INFO - DAG(s) 'dataset_alias_example_alias_consumer_with_no_taskflow', 'dataset_s3_bucket_producer_with_no_taskflow', 'dataset_alias_example_alias_producer_with_no_taskflow', 'dataset_s3_bucket_consumer_with_no_taskflow' retrieved from /home/airflow/.local/lib/python3.12/site-packages/airflow/example_dags/example_dataset_alias_with_no_taskflow.py
[2026-08-08T17:25:02.618+0000] {logging_mixin.py:190} INFO - [2026-08-08T17:25:02.617+0000] {override.py:1858} INFO - Created Permission View: can delete on DAG:dataset_alias_example_alias_consumer_with_no_taskflow
[2026-08-08T17:25:02.723+0000] {logging_mixin.py:190} INFO - [2026-08-08T17:25:02.722+0000] {override.py:1858} INFO - Created Permission View: can edit on DAG:dataset_alias_example_alias_consumer_with_no_taskflow
[2026-08-08T17:25:02.845+0000] {logging_mixin.py:190} INFO - [2026-08-08T17:25:02.845+0000] {override.py:1858} INFO - Created Permission View: can read on DAG:dataset_alias_example_alias_consumer_with_no_taskflow
[2026-08-08T17:25:03.000+0000] {logging_mixin.py:190} INFO - [2026-08-08T17:25:02.999+0000] {override.py:1858} INFO - Created Permission View: can delete on DAG:dataset_s3_bucket_producer_with_no_taskflow
[2026-08-08T17:25:03.085+0000] {logging_mixin.py:190} INFO - [2026-08-08T17:25:03.084+0000] {override.py:1858} INFO - Created Permission View: can edit on DAG:dataset_s3_bucket_producer_with_no_taskflow
[2026-08-08T17:25:03.215+0000] {logging_mixin.py:190} INFO - [2026-08-08T17:25:03.214+0000] {override.py:1858} INFO - Created Permission View: can read on DAG:dataset_s3_bucket_producer_with_no_taskflow
[2026-08-08T17:25:03.509+0000] {logging_mixin.py:190} INFO - [2026-08-08T17:25:03.509+0000] {override.py:1858} INFO - Created Permission View: can delete on DAG:dataset_alias_example_alias_producer_with_no_taskflow
[2026-08-08T17:25:03.628+0000] {logging_mixin.py:190} INFO - [2026-08-08T17:25:03.627+0000] {override.py:1858} INFO - Created Permission View: can edit on DAG:dataset_alias_example_alias_producer_with_no_taskflow
[2026-08-08T17:25:03.756+0000] {logging_mixin.py:190} INFO - [2026-08-08T17:25:03.755+0000] {override.py:1858} INFO - Created Permission View: can read on DAG:dataset_alias_example_alias_producer_with_no_taskflow
[2026-08-08T17:25:03.932+0000] {logging_mixin.py:190} INFO - [2026-08-08T17:25:03.932+0000] {override.py:1858} INFO - Created Permission View: can delete on DAG:dataset_s3_bucket_consumer_with_no_taskflow
[2026-08-08T17:25:03.999+0000] {logging_mixin.py:190} INFO - [2026-08-08T17:25:03.999+0000] {override.py:1858} INFO - Created Permission View: can edit on DAG:dataset_s3_bucket_consumer_with_no_taskflow
[2026-08-08T17:25:04.138+0000] {logging_mixin.py:190} INFO - [2026-08-08T17:25:04.138+0000] {override.py:1858} INFO - Created Permission View: can read on DAG:dataset_s3_bucket_consumer_with_no_taskflow
[2026-08-08T17:25:04.139+0000] {logging_mixin.py:190} INFO - [2026-08-08T17:25:04.139+0000] {dag.py:3211} INFO - Sync 4 DAGs
[2026-08-08T17:25:04.153+0000] {logging_mixin.py:190} INFO - [2026-08-08T17:25:04.153+0000] {dag.py:3234} INFO - Creating ORM DAG for dataset_s3_bucket_consumer_with_no_taskflow
[2026-08-08T17:25:04.154+0000] {logging_mixin.py:190} INFO - [2026-08-08T17:25:04.154+0000] {dag.py:3234} INFO - Creating ORM DAG for dataset_alias_example_alias_producer_with_no_taskflow
[2026-08-08T17:25:04.156+0000] {logging_mixin.py:190} INFO - [2026-08-08T17:25:04.155+0000] {dag.py:3234} INFO - Creating ORM DAG for dataset_alias_example_alias_consumer_with_no_taskflow
[2026-08-08T17:25:04.157+0000] {logging_mixin.py:190} INFO - [2026-08-08T17:25:04.157+0000] {dag.py:3234} INFO - Creating ORM DAG for dataset_s3_bucket_producer_with_no_taskflow
[2026-08-08T17:25:04.170+0000] {logging_mixin.py:190} INFO - [2026-08-08T17:25:04.169+0000] {dag.py:4138} INFO - Setting next_dagrun for dataset_alias_example_alias_consumer_with_no_taskflow to None, run_after=None
[2026-08-08T17:25:04.173+0000] {logging_mixin.py:190} INFO - [2026-08-08T17:25:04.172+0000] {dag.py:4138} INFO - Setting next_dagrun for dataset_alias_example_alias_producer_with_no_taskflow to None, run_after=None
[2026-08-08T17:25:04.174+0000] {logging_mixin.py:190} INFO - [2026-08-08T17:25:04.174+0000] {dag.py:4138} INFO - Setting next_dagrun for dataset_s3_bucket_consumer_with_no_taskflow to None, run_after=None
[2026-08-08T17:25:04.175+0000] {logging_mixin.py:190} INFO - [2026-08-08T17:25:04.175+0000] {dag.py:4138} INFO - Setting next_dagrun for dataset_s3_bucket_producer_with_no_taskflow to None, run_after=None
[2026-08-08T17:25:04.284+0000] {processor.py:208} INFO - Processing /home/airflow/.local/lib/python3.12/site-packages/airflow/example_dags/example_dataset_alias_with_no_taskflow.py took 2.108 seconds
[2026-08-08T17:25:34.575+0000] {processor.py:186} INFO - Started process (PID=147) to work on /home/airflow/.local/lib/python3.12/site-packages/airflow/example_dags/example_dataset_alias_with_no_taskflow.py
[2026-08-08T17:25:34.576+0000] {processor.py:914} INFO - Processing file /home/airflow/.local/lib/python3.12/site-packages/airflow/example_dags/example_dataset_alias_with_no_taskflow.py for tasks to queue
[2026-08-08T17:25:34.579+0000] {logging_mixin.py:190} INFO - [2026-08-08T17:25:34.579+0000] {dagbag.py:587} INFO - Filling up the DagBag from /home/airflow/.local/lib/python3.12/site-packages/airflow/example_dags/example_dataset_alias_with_no_taskflow.py
[2026-08-08T17:25:34.727+0000] {processor.py:925} INFO - DAG(s) 'dataset_alias_example_alias_producer_with_no_taskflow', 'dataset_s3_bucket_producer_with_no_taskflow', 'dataset_alias_example_alias_consumer_with_no_taskflow', 'dataset_s3_bucket_consumer_with_no_taskflow' retrieved from /home/airflow/.local/lib/python3.12/site-packages/airflow/example_dags/example_dataset_alias_with_no_taskflow.py
[2026-08-08T17:25:34.744+0000] {logging_mixin.py:190} INFO - [2026-08-08T17:25:34.744+0000] {dag.py:3211} INFO - Sync 4 DAGs
[2026-08-08T17:25:34.761+0000] {logging_mixin.py:190} INFO - [2026-08-08T17:25:34.761+0000] {dag.py:4138} INFO - Setting next_dagrun for dataset_alias_example_alias_consumer_with_no_taskflow to None, run_after=None
[2026-08-08T17:25:34.763+0000] {logging_mixin.py:190} INFO - [2026-08-08T17:25:34.763+0000] {dag.py:4138} INFO - Setting next_dagrun for dataset_alias_example_alias_producer_with_no_taskflow to None, run_after=None
[2026-08-08T17:25:34.765+0000] {logging_mixin.py:190} INFO - [2026-08-08T17:25:34.765+0000] {dag.py:4138} INFO - Setting next_dagrun for dataset_s3_bucket_consumer_with_no_taskflow to None, run_after=None
[2026-08-08T17:25:34.767+0000] {logging_mixin.py:190} INFO - [2026-08-08T17:25:34.766+0000] {dag.py:4138} INFO - Setting next_dagrun for dataset_s3_bucket_producer_with_no_taskflow to None, run_after=None
[2026-08-08T17:25:34.787+0000] {processor.py:208} INFO - Processing /home/airflow/.local/lib/python3.12/site-packages/airflow/example_dags/example_dataset_alias_with_no_taskflow.py took 0.218 seconds
[2026-08-08T17:26:05.058+0000] {processor.py:186} INFO - Started process (PID=210) to work on /home/airflow/.local/lib/python3.12/site-packages/airflow/example_dags/example_dataset_alias_with_no_taskflow.py
[2026-08-08T17:26:05.059+0000] {processor.py:914} INFO - Processing file /home/airflow/.local/lib/python3.12/site-packages/airflow/example_dags/example_dataset_alias_with_no_taskflow.py for tasks to queue
[2026-08-08T17:26:05.062+0000] {logging_mixin.py:190} INFO - [2026-08-08T17:26:05.062+0000] {dagbag.py:587} INFO - Filling up the DagBag from /home/airflow/.local/lib/python3.12/site-packages/airflow/example_dags/example_dataset_alias_with_no_taskflow.py
[2026-08-08T17:26:05.188+0000] {processor.py:925} INFO - DAG(s) 'dataset_s3_bucket_consumer_with_no_taskflow', 'dataset_alias_example_alias_producer_with_no_taskflow', 'dataset_s3_bucket_producer_with_no_taskflow', 'dataset_alias_example_alias_consumer_with_no_taskflow' retrieved from /home/airflow/.local/lib/python3.12/site-packages/airflow/example_dags/example_dataset_alias_with_no_taskflow.py
[2026-08-08T17:26:05.203+0000] {logging_mixin.py:190} INFO - [2026-08-08T17:26:05.203+0000] {dag.py:3211} INFO - Sync 4 DAGs
[2026-08-08T17:26:05.219+0000] {logging_mixin.py:190} INFO - [2026-08-08T17:26:05.218+0000] {dag.py:4138} INFO - Setting next_dagrun for dataset_alias_example_alias_consumer_with_no_taskflow to None, run_after=None
[2026-08-08T17:26:05.222+0000] {logging_mixin.py:190} INFO - [2026-08-08T17:26:05.222+0000] {dag.py:4138} INFO - Setting next_dagrun for dataset_alias_example_alias_producer_with_no_taskflow to None, run_after=None
[2026-08-08T17:26:05.223+0000] {logging_mixin.py:190} INFO - [2026-08-08T17:26:05.223+0000] {dag.py:4138} INFO - Setting next_dagrun for dataset_s3_bucket_consumer_with_no_taskflow to None, run_after=None
[2026-08-08T17:26:05.224+0000] {logging_mixin.py:190} INFO - [2026-08-08T17:26:05.224+0000] {dag.py:4138} INFO - Setting next_dagrun for dataset_s3_bucket_producer_with_no_taskflow to None, run_after=None
[2026-08-08T17:26:05.243+0000] {processor.py:208} INFO - Processing /home/airflow/.local/lib/python3.12/site-packages/airflow/example_dags/example_dataset_alias_with_no_taskflow.py took 0.190 seconds
[2026-08-08T17:26:36.031+0000] {processor.py:186} INFO - Started process (PID=273) to work on /home/airflow/.local/lib/python3.12/site-packages/airflow/example_dags/example_dataset_alias_with_no_taskflow.py
[2026-08-08T17:26:36.034+0000] {processor.py:914} INFO - Processing file /home/airflow/.local/lib/python3.12/site-packages/airflow/example_dags/example_dataset_alias_with_no_taskflow.py for tasks to queue
[2026-08-08T17:26:36.041+0000] {logging_mixin.py:190} INFO - [2026-08-08T17:26:36.040+0000] {dagbag.py:587} INFO - Filling up the DagBag from /home/airflow/.local/lib/python3.12/site-packages/airflow/example_dags/example_dataset_alias_with_no_taskflow.py
[2026-08-08T17:26:36.284+0000] {processor.py:925} INFO - DAG(s) 'dataset_s3_bucket_consumer_with_no_taskflow', 'dataset_s3_bucket_producer_with_no_taskflow', 'dataset_alias_example_alias_producer_with_no_taskflow', 'dataset_alias_example_alias_consumer_with_no_taskflow' retrieved from /home/airflow/.local/lib/python3.12/site-packages/airflow/example_dags/example_dataset_alias_with_no_taskflow.py
[2026-08-08T17:26:36.312+0000] {logging_mixin.py:190} INFO - [2026-08-08T17:26:36.311+0000] {dag.py:3211} INFO - Sync 4 DAGs
[2026-08-08T17:26:36.346+0000] {logging_mixin.py:190} INFO - [2026-08-08T17:26:36.346+0000] {dag.py:4138} INFO - Setting next_dagrun for dataset_alias_example_alias_consumer_with_no_taskflow to None, run_after=None
[2026-08-08T17:26:36.354+0000] {logging_mixin.py:190} INFO - [2026-08-08T17:26:36.353+0000] {dag.py:4138} INFO - Setting next_dagrun for dataset_alias_example_alias_producer_with_no_taskflow to None, run_after=None
[2026-08-08T17:26:36.359+0000] {logging_mixin.py:190} INFO - [2026-08-08T17:26:36.358+0000] {dag.py:4138} INFO - Setting next_dagrun for dataset_s3_bucket_consumer_with_no_taskflow to None, run_after=None
[2026-08-08T17:26:36.364+0000] {logging_mixin.py:190} INFO - [2026-08-08T17:26:36.364+0000] {dag.py:4138} INFO - Setting next_dagrun for dataset_s3_bucket_producer_with_no_taskflow to None, run_after=None
[2026-08-08T17:26:36.406+0000] {processor.py:208} INFO - Processing /home/airflow/.local/lib/python3.12/site-packages/airflow/example_dags/example_dataset_alias_with_no_taskflow.py took 0.390 seconds
[2026-08-08T17:27:07.327+0000] {processor.py:186} INFO - Started process (PID=337) to work on /home/airflow/.local/lib/python3.12/site-packages/airflow/example_dags/example_dataset_alias_with_no_taskflow.py
[2026-08-08T17:27:07.328+0000] {processor.py:914} INFO - Processing file /home/airflow/.local/lib/python3.12/site-packages/airflow/example_dags/example_dataset_alias_with_no_taskflow.py for tasks to queue
[2026-08-08T17:27:07.332+0000] {logging_mixin.py:190} INFO - [2026-08-08T17:27:07.331+0000] {dagbag.py:587} INFO - Filling up the DagBag from /home/airflow/.local/lib/python3.12/site-packages/airflow/example_dags/example_dataset_alias_with_no_taskflow.py
[2026-08-08T17:27:07.516+0000] {processor.py:925} INFO - DAG(s) 'dataset_alias_example_alias_producer_with_no_taskflow', 'dataset_s3_bucket_consumer_with_no_taskflow', 'dataset_s3_bucket_producer_with_no_taskflow', 'dataset_alias_example_alias_consumer_with_no_taskflow' retrieved from /home/airflow/.local/lib/python3.12/site-packages/airflow/example_dags/example_dataset_alias_with_no_taskflow.py
[2026-08-08T17:27:07.543+0000] {logging_mixin.py:190} INFO - [2026-08-08T17:27:07.542+0000] {dag.py:3211} INFO - Sync 4 DAGs
[2026-08-08T17:27:07.571+0000] {logging_mixin.py:190} INFO - [2026-08-08T17:27:07.571+0000] {dag.py:4138} INFO - Setting next_dagrun for dataset_alias_example_alias_consumer_with_no_taskflow to None, run_after=None
[2026-08-08T17:27:07.575+0000] {logging_mixin.py:190} INFO - [2026-08-08T17:27:07.575+0000] {dag.py:4138} INFO - Setting next_dagrun for dataset_alias_example_alias_producer_with_no_taskflow to None, run_after=None
[2026-08-08T17:27:07.577+0000] {logging_mixin.py:190} INFO - [2026-08-08T17:27:07.577+0000] {dag.py:4138} INFO - Setting next_dagrun for dataset_s3_bucket_consumer_with_no_taskflow to None, run_after=None
[2026-08-08T17:27:07.580+0000] {logging_mixin.py:190} INFO - [2026-08-08T17:27:07.579+0000] {dag.py:4138} INFO - Setting next_dagrun for dataset_s3_bucket_producer_with_no_taskflow to None, run_after=None
[2026-08-08T17:27:07.613+0000] {processor.py:208} INFO - Processing /home/airflow/.local/lib/python3.12/site-packages/airflow/example_dags/example_dataset_alias_with_no_taskflow.py took 0.296 seconds
[2026-08-08T17:27:38.579+0000] {processor.py:186} INFO - Started process (PID=400) to work on /home/airflow/.local/lib/python3.12/site-packages/airflow/example_dags/example_dataset_alias_with_no_taskflow.py
[2026-08-08T17:27:38.580+0000] {processor.py:914} INFO - Processing file /home/airflow/.local/lib/python3.12/site-packages/airflow/example_dags/example_dataset_alias_with_no_taskflow.py for tasks to queue
[2026-08-08T17:27:38.583+0000] {logging_mixin.py:190} INFO - [2026-08-08T17:27:38.583+0000] {dagbag.py:587} INFO - Filling up the DagBag from /home/airflow/.local/lib/python3.12/site-packages/airflow/example_dags/example_dataset_alias_with_no_taskflow.py
[2026-08-08T17:27:38.718+0000] {processor.py:925} INFO - DAG(s) 'dataset_alias_example_alias_producer_with_no_taskflow', 'dataset_s3_bucket_producer_with_no_taskflow', 'dataset_s3_bucket_consumer_with_no_taskflow', 'dataset_alias_example_alias_consumer_with_no_taskflow' retrieved from /home/airflow/.local/lib/python3.12/site-packages/airflow/example_dags/example_dataset_alias_with_no_taskflow.py
[2026-08-08T17:27:38.738+0000] {logging_mixin.py:190} INFO - [2026-08-08T17:27:38.737+0000] {dag.py:3211} INFO - Sync 4 DAGs
[2026-08-08T17:27:38.758+0000] {logging_mixin.py:190} INFO - [2026-08-08T17:27:38.758+0000] {dag.py:4138} INFO - Setting next_dagrun for dataset_alias_example_alias_consumer_with_no_taskflow to None, run_after=None
[2026-08-08T17:27:38.760+0000] {logging_mixin.py:190} INFO - [2026-08-08T17:27:38.760+0000] {dag.py:4138} INFO - Setting next_dagrun for dataset_alias_example_alias_producer_with_no_taskflow to None, run_after=None
[2026-08-08T17:27:38.761+0000] {logging_mixin.py:190} INFO - [2026-08-08T17:27:38.761+0000] {dag.py:4138} INFO - Setting next_dagrun for dataset_s3_bucket_consumer_with_no_taskflow to None, run_after=None
[2026-08-08T17:27:38.763+0000] {logging_mixin.py:190} INFO - [2026-08-08T17:27:38.762+0000] {dag.py:4138} INFO - Setting next_dagrun for dataset_s3_bucket_producer_with_no_taskflow to None, run_after=None
[2026-08-08T17:27:38.782+0000] {processor.py:208} INFO - Processing /home/airflow/.local/lib/python3.12/site-packages/airflow/example_dags/example_dataset_alias_with_no_taskflow.py took 0.210 seconds
[2026-08-08T17:28:08.892+0000] {processor.py:186} INFO - Started process (PID=463) to work on /home/airflow/.local/lib/python3.12/site-packages/airflow/example_dags/example_dataset_alias_with_no_taskflow.py
[2026-08-08T17:28:08.894+0000] {processor.py:914} INFO - Processing file /home/airflow/.local/lib/python3.12/site-packages/airflow/example_dags/example_dataset_alias_with_no_taskflow.py for tasks to queue
[2026-08-08T17:28:08.897+0000] {logging_mixin.py:190} INFO - [2026-08-08T17:28:08.897+0000] {dagbag.py:587} INFO - Filling up the DagBag from /home/airflow/.local/lib/python3.12/site-packages/airflow/example_dags/example_dataset_alias_with_no_taskflow.py
[2026-08-08T17:28:09.089+0000] {processor.py:925} INFO - DAG(s) 'dataset_s3_bucket_consumer_with_no_taskflow', 'dataset_alias_example_alias_producer_with_no_taskflow', 'dataset_s3_bucket_producer_with_no_taskflow', 'dataset_alias_example_alias_consumer_with_no_taskflow' retrieved from /home/airflow/.local/lib/python3.12/site-packages/airflow/example_dags/example_dataset_alias_with_no_taskflow.py
[2026-08-08T17:28:09.128+0000] {logging_mixin.py:190} INFO - [2026-08-08T17:28:09.128+0000] {dag.py:3211} INFO - Sync 4 DAGs
[2026-08-08T17:28:09.161+0000] {logging_mixin.py:190} INFO - [2026-08-08T17:28:09.161+0000] {dag.py:4138} INFO - Setting next_dagrun for dataset_alias_example_alias_consumer_with_no_taskflow to None, run_after=None
[2026-08-08T17:28:09.164+0000] {logging_mixin.py:190} INFO - [2026-08-08T17:28:09.164+0000] {dag.py:4138} INFO - Setting next_dagrun for dataset_alias_example_alias_producer_with_no_taskflow to None, run_after=None
[2026-08-08T17:28:09.165+0000] {logging_mixin.py:190} INFO - [2026-08-08T17:28:09.165+0000] {dag.py:4138} INFO - Setting next_dagrun for dataset_s3_bucket_consumer_with_no_taskflow to None, run_after=None
[2026-08-08T17:28:09.167+0000] {logging_mixin.py:190} INFO - [2026-08-08T17:28:09.167+0000] {dag.py:4138} INFO - Setting next_dagrun for dataset_s3_bucket_producer_with_no_taskflow to None, run_after=None
[2026-08-08T17:28:09.195+0000] {processor.py:208} INFO - Processing /home/airflow/.local/lib/python3.12/site-packages/airflow/example_dags/example_dataset_alias_with_no_taskflow.py took 0.310 seconds
[2026-08-08T17:28:39.802+0000] {processor.py:186} INFO - Started process (PID=526) to work on /home/airflow/.local/lib/python3.12/site-packages/airflow/example_dags/example_dataset_alias_with_no_taskflow.py
[2026-08-08T17:28:39.804+0000] {processor.py:914} INFO - Processing file /home/airflow/.local/lib/python3.12/site-packages/airflow/example_dags/example_dataset_alias_with_no_taskflow.py for tasks to queue
[2026-08-08T17:28:39.807+0000] {logging_mixin.py:190} INFO - [2026-08-08T17:28:39.806+0000] {dagbag.py:587} INFO - Filling up the DagBag from /home/airflow/.local/lib/python3.12/site-packages/airflow/example_dags/example_dataset_alias_with_no_taskflow.py
[2026-08-08T17:28:39.965+0000] {processor.py:925} INFO - DAG(s) 'dataset_s3_bucket_consumer_with_no_taskflow', 'dataset_s3_bucket_producer_with_no_taskflow', 'dataset_alias_example_alias_producer_with_no_taskflow', 'dataset_alias_example_alias_consumer_with_no_taskflow' retrieved from /home/airflow/.local/lib/python3.12/site-packages/airflow/example_dags/example_dataset_alias_with_no_taskflow.py
[2026-08-08T17:28:39.990+0000] {logging_mixin.py:190} INFO - [2026-08-08T17:28:39.990+0000] {dag.py:3211} INFO - Sync 4 DAGs
[2026-08-08T17:28:40.015+0000] {logging_mixin.py:190} INFO - [2026-08-08T17:28:40.015+0000] {dag.py:4138} INFO - Setting next_dagrun for dataset_alias_example_alias_consumer_with_no_taskflow to None, run_after=None
[2026-08-08T17:28:40.018+0000] {logging_mixin.py:190} INFO - [2026-08-08T17:28:40.018+0000] {dag.py:4138} INFO - Setting next_dagrun for dataset_alias_example_alias_producer_with_no_taskflow to None, run_after=None
[2026-08-08T17:28:40.020+0000] {logging_mixin.py:190} INFO - [2026-08-08T17:28:40.020+0000] {dag.py:4138} INFO - Setting next_dagrun for dataset_s3_bucket_consumer_with_no_taskflow to None, run_after=None
[2026-08-08T17:28:40.023+0000] {logging_mixin.py:190} INFO - [2026-08-08T17:28:40.023+0000] {dag.py:4138} INFO - Setting next_dagrun for dataset_s3_bucket_producer_with_no_taskflow to None, run_after=None
[2026-08-08T17:28:40.049+0000] {processor.py:208} INFO - Processing /home/airflow/.local/lib/python3.12/site-packages/airflow/example_dags/example_dataset_alias_with_no_taskflow.py took 0.253 seconds
[2026-08-08T17:29:11.000+0000] {processor.py:186} INFO - Started process (PID=589) to work on /home/airflow/.local/lib/python3.12/site-packages/airflow/example_dags/example_dataset_alias_with_no_taskflow.py
[2026-08-08T17:29:11.002+0000] {processor.py:914} INFO - Processing file /home/airflow/.local/lib/python3.12/site-packages/airflow/example_dags/example_dataset_alias_with_no_taskflow.py for tasks to queue
[2026-08-08T17:29:11.007+0000] {logging_mixin.py:190} INFO - [2026-08-08T17:29:11.007+0000] {dagbag.py:587} INFO - Filling up the DagBag from /home/airflow/.local/lib/python3.12/site-packages/airflow/example_dags/example_dataset_alias_with_no_taskflow.py
[2026-08-08T17:29:11.171+0000] {processor.py:925} INFO - DAG(s) 'dataset_s3_bucket_producer_with_no_taskflow', 'dataset_alias_example_alias_consumer_with_no_taskflow', 'dataset_s3_bucket_consumer_with_no_taskflow', 'dataset_alias_example_alias_producer_with_no_taskflow' retrieved from /home/airflow/.local/lib/python3.12/site-packages/airflow/example_dags/example_dataset_alias_with_no_taskflow.py
[2026-08-08T17:29:11.190+0000] {logging_mixin.py:190} INFO - [2026-08-08T17:29:11.190+0000] {dag.py:3211} INFO - Sync 4 DAGs
[2026-08-08T17:29:11.211+0000] {logging_mixin.py:190} INFO - [2026-08-08T17:29:11.211+0000] {dag.py:4138} INFO - Setting next_dagrun for dataset_alias_example_alias_consumer_with_no_taskflow to None, run_after=None
[2026-08-08T17:29:11.214+0000] {logging_mixin.py:190} INFO - [2026-08-08T17:29:11.214+0000] {dag.py:4138} INFO - Setting next_dagrun for dataset_alias_example_alias_producer_with_no_taskflow to None, run_after=None
[2026-08-08T17:29:11.215+0000] {logging_mixin.py:190} INFO - [2026-08-08T17:29:11.215+0000] {dag.py:4138} INFO - Setting next_dagrun for dataset_s3_bucket_consumer_with_no_taskflow to None, run_after=None
[2026-08-08T17:29:11.217+0000] {logging_mixin.py:190} INFO - [2026-08-08T17:29:11.217+0000] {dag.py:4138} INFO - Setting next_dagrun for dataset_s3_bucket_producer_with_no_taskflow to None, run_after=None
[2026-08-08T17:29:11.239+0000] {processor.py:208} INFO - Processing /home/airflow/.local/lib/python3.12/site-packages/airflow/example_dags/example_dataset_alias_with_no_taskflow.py took 0.247 seconds
[2026-08-08T17:29:41.919+0000] {processor.py:186} INFO - Started process (PID=652) to work on /home/airflow/.local/lib/python3.12/site-packages/airflow/example_dags/example_dataset_alias_with_no_taskflow.py
[2026-08-08T17:29:41.923+0000] {processor.py:914} INFO - Processing file /home/airflow/.local/lib/python3.12/site-packages/airflow/example_dags/example_dataset_alias_with_no_taskflow.py for tasks to queue
[2026-08-08T17:29:41.939+0000] {logging_mixin.py:190} INFO - [2026-08-08T17:29:41.938+0000] {dagbag.py:587} INFO - Filling up the DagBag from /home/airflow/.local/lib/python3.12/site-packages/airflow/example_dags/example_dataset_alias_with_no_taskflow.py
[2026-08-08T17:29:42.228+0000] {processor.py:925} INFO - DAG(s) 'dataset_alias_example_alias_consumer_with_no_taskflow', 'dataset_s3_bucket_consumer_with_no_taskflow', 'dataset_alias_example_alias_producer_with_no_taskflow', 'dataset_s3_bucket_producer_with_no_taskflow' retrieved from /home/airflow/.local/lib/python3.12/site-packages/airflow/example_dags/example_dataset_alias_with_no_taskflow.py
[2026-08-08T17:29:42.250+0000] {logging_mixin.py:190} INFO - [2026-08-08T17:29:42.250+0000] {dag.py:3211} INFO - Sync 4 DAGs
[2026-08-08T17:29:42.269+0000] {logging_mixin.py:190} INFO - [2026-08-08T17:29:42.269+0000] {dag.py:4138} INFO - Setting next_dagrun for dataset_alias_example_alias_consumer_with_no_taskflow to None, run_after=None
[2026-08-08T17:29:42.272+0000] {logging_mixin.py:190} INFO - [2026-08-08T17:29:42.272+0000] {dag.py:4138} INFO - Setting next_dagrun for dataset_alias_example_alias_producer_with_no_taskflow to None, run_after=None
[2026-08-08T17:29:42.273+0000] {logging_mixin.py:190} INFO - [2026-08-08T17:29:42.273+0000] {dag.py:4138} INFO - Setting next_dagrun for dataset_s3_bucket_consumer_with_no_taskflow to None, run_after=None
[2026-08-08T17:29:42.274+0000] {logging_mixin.py:190} INFO - [2026-08-08T17:29:42.274+0000] {dag.py:4138} INFO - Setting next_dagrun for dataset_s3_bucket_producer_with_no_taskflow to None, run_after=None
[2026-08-08T17:29:42.302+0000] {processor.py:208} INFO - Processing /home/airflow/.local/lib/python3.12/site-packages/airflow/example_dags/example_dataset_alias_with_no_taskflow.py took 0.399 seconds
[2026-08-08T17:30:12.784+0000] {processor.py:186} INFO - Started process (PID=715) to work on /home/airflow/.local/lib/python3.12/site-packages/airflow/example_dags/example_dataset_alias_with_no_taskflow.py
[2026-08-08T17:30:12.786+0000] {processor.py:914} INFO - Processing file /home/airflow/.local/lib/python3.12/site-packages/airflow/example_dags/example_dataset_alias_with_no_taskflow.py for tasks to queue
[2026-08-08T17:30:12.792+0000] {logging_mixin.py:190} INFO - [2026-08-08T17:30:12.791+0000] {dagbag.py:587} INFO - Filling up the DagBag from /home/airflow/.local/lib/python3.12/site-packages/airflow/example_dags/example_dataset_alias_with_no_taskflow.py
[2026-08-08T17:30:13.003+0000] {processor.py:925} INFO - DAG(s) 'dataset_s3_bucket_consumer_with_no_taskflow', 'dataset_s3_bucket_producer_with_no_taskflow', 'dataset_alias_example_alias_consumer_with_no_taskflow', 'dataset_alias_example_alias_producer_with_no_taskflow' retrieved from /home/airflow/.local/lib/python3.12/site-packages/airflow/example_dags/example_dataset_alias_with_no_taskflow.py
[2026-08-08T17:30:13.032+0000] {logging_mixin.py:190} INFO - [2026-08-08T17:30:13.031+0000] {dag.py:3211} INFO - Sync 4 DAGs
[2026-08-08T17:30:13.064+0000] {logging_mixin.py:190} INFO - [2026-08-08T17:30:13.064+0000] {dag.py:4138} INFO - Setting next_dagrun for dataset_alias_example_alias_consumer_with_no_taskflow to None, run_after=None
[2026-08-08T17:30:13.068+0000] {logging_mixin.py:190} INFO - [2026-08-08T17:30:13.067+0000] {dag.py:4138} INFO - Setting next_dagrun for dataset_alias_example_alias_producer_with_no_taskflow to None, run_after=None
[2026-08-08T17:30:13.073+0000] {logging_mixin.py:190} INFO - [2026-08-08T17:30:13.072+0000] {dag.py:4138} INFO - Setting next_dagrun for dataset_s3_bucket_consumer_with_no_taskflow to None, run_after=None
[2026-08-08T17:30:13.074+0000] {logging_mixin.py:190} INFO - [2026-08-08T17:30:13.074+0000] {dag.py:4138} INFO - Setting next_dagrun for dataset_s3_bucket_producer_with_no_taskflow to None, run_after=None
[2026-08-08T17:30:13.108+0000] {processor.py:208} INFO - Processing /home/airflow/.local/lib/python3.12/site-packages/airflow/example_dags/example_dataset_alias_with_no_taskflow.py took 0.336 seconds
[2026-08-08T17:30:43.656+0000] {processor.py:186} INFO - Started process (PID=778) to work on /home/airflow/.local/lib/python3.12/site-packages/airflow/example_dags/example_dataset_alias_with_no_taskflow.py
[2026-08-08T17:30:43.658+0000] {processor.py:914} INFO - Processing file /home/airflow/.local/lib/python3.12/site-packages/airflow/example_dags/example_dataset_alias_with_no_taskflow.py for tasks to queue
[2026-08-08T17:30:43.661+0000] {logging_mixin.py:190} INFO - [2026-08-08T17:30:43.661+0000] {dagbag.py:587} INFO - Filling up the DagBag from /home/airflow/.local/lib/python3.12/site-packages/airflow/example_dags/example_dataset_alias_with_no_taskflow.py
[2026-08-08T17:30:43.804+0000] {processor.py:925} INFO - DAG(s) 'dataset_s3_bucket_consumer_with_no_taskflow', 'dataset_s3_bucket_producer_with_no_taskflow', 'dataset_alias_example_alias_consumer_with_no_taskflow', 'dataset_alias_example_alias_producer_with_no_taskflow' retrieved from /home/airflow/.local/lib/python3.12/site-packages/airflow/example_dags/example_dataset_alias_with_no_taskflow.py
[2026-08-08T17:30:43.830+0000] {logging_mixin.py:190} INFO - [2026-08-08T17:30:43.830+0000] {dag.py:3211} INFO - Sync 4 DAGs
[2026-08-08T17:30:43.851+0000] {logging_mixin.py:190} INFO - [2026-08-08T17:30:43.851+0000] {dag.py:4138} INFO - Setting next_dagrun for dataset_alias_example_alias_consumer_with_no_taskflow to None, run_after=None
[2026-08-08T17:30:43.854+0000] {logging_mixin.py:190} INFO - [2026-08-08T17:30:43.854+0000] {dag.py:4138} INFO - Setting next_dagrun for dataset_alias_example_alias_producer_with_no_taskflow to None, run_after=None
[2026-08-08T17:30:43.856+0000] {logging_mixin.py:190} INFO - [2026-08-08T17:30:43.856+0000] {dag.py:4138} INFO - Setting next_dagrun for dataset_s3_bucket_consumer_with_no_taskflow to None, run_after=None
[2026-08-08T17:30:43.857+0000] {logging_mixin.py:190} INFO - [2026-08-08T17:30:43.857+0000] {dag.py:4138} INFO - Setting next_dagrun for dataset_s3_bucket_producer_with_no_taskflow to None, run_after=None
[2026-08-08T17:30:43.880+0000] {processor.py:208} INFO - Processing /home/airflow/.local/lib/python3.12/site-packages/airflow/example_dags/example_dataset_alias_with_no_taskflow.py took 0.230 seconds
[2026-08-08T17:31:14.025+0000] {processor.py:186} INFO - Started process (PID=841) to work on /home/airflow/.local/lib/python3.12/site-packages/airflow/example_dags/example_dataset_alias_with_no_taskflow.py
[2026-08-08T17:31:14.026+0000] {processor.py:914} INFO - Processing file /home/airflow/.local/lib/python3.12/site-packages/airflow/example_dags/example_dataset_alias_with_no_taskflow.py for tasks to queue
[2026-08-08T17:31:14.028+0000] {logging_mixin.py:190} INFO - [2026-08-08T17:31:14.028+0000] {dagbag.py:587} INFO - Filling up the DagBag from /home/airflow/.local/lib/python3.12/site-packages/airflow/example_dags/example_dataset_alias_with_no_taskflow.py
[2026-08-08T17:31:14.241+0000] {processor.py:925} INFO - DAG(s) 'dataset_alias_example_alias_consumer_with_no_taskflow', 'dataset_s3_bucket_consumer_with_no_taskflow', 'dataset_alias_example_alias_producer_with_no_taskflow', 'dataset_s3_bucket_producer_with_no_taskflow' retrieved from /home/airflow/.local/lib/python3.12/site-packages/airflow/example_dags/example_dataset_alias_with_no_taskflow.py
[2026-08-08T17:31:14.271+0000] {logging_mixin.py:190} INFO - [2026-08-08T17:31:14.270+0000] {dag.py:3211} INFO - Sync 4 DAGs
[2026-08-08T17:31:14.299+0000] {logging_mixin.py:190} INFO - [2026-08-08T17:31:14.299+0000] {dag.py:4138} INFO - Setting next_dagrun for dataset_alias_example_alias_consumer_with_no_taskflow to None, run_after=None
[2026-08-08T17:31:14.305+0000] {logging_mixin.py:190} INFO - [2026-08-08T17:31:14.304+0000] {dag.py:4138} INFO - Setting next_dagrun for dataset_alias_example_alias_producer_with_no_taskflow to None, run_after=None
[2026-08-08T17:31:14.307+0000] {logging_mixin.py:190} INFO - [2026-08-08T17:31:14.307+0000] {dag.py:4138} INFO - Setting next_dagrun for dataset_s3_bucket_consumer_with_no_taskflow to None, run_after=None
[2026-08-08T17:31:14.309+0000] {logging_mixin.py:190} INFO - [2026-08-08T17:31:14.309+0000] {dag.py:4138} INFO - Setting next_dagrun for dataset_s3_bucket_producer_with_no_taskflow to None, run_after=None
[2026-08-08T17:31:14.348+0000] {processor.py:208} INFO - Processing /home/airflow/.local/lib/python3.12/site-packages/airflow/example_dags/example_dataset_alias_with_no_taskflow.py took 0.328 seconds
[2026-08-08T17:31:44.673+0000] {processor.py:186} INFO - Started process (PID=904) to work on /home/airflow/.local/lib/python3.12/site-packages/airflow/example_dags/example_dataset_alias_with_no_taskflow.py
[2026-08-08T17:31:44.676+0000] {processor.py:914} INFO - Processing file /home/airflow/.local/lib/python3.12/site-packages/airflow/example_dags/example_dataset_alias_with_no_taskflow.py for tasks to queue
[2026-08-08T17:31:44.680+0000] {logging_mixin.py:190} INFO - [2026-08-08T17:31:44.680+0000] {dagbag.py:587} INFO - Filling up the DagBag from /home/airflow/.local/lib/python3.12/site-packages/airflow/example_dags/example_dataset_alias_with_no_taskflow.py
[2026-08-08T17:31:44.861+0000] {processor.py:925} INFO - DAG(s) 'dataset_alias_example_alias_producer_with_no_taskflow', 'dataset_alias_example_alias_consumer_with_no_taskflow', 'dataset_s3_bucket_consumer_with_no_taskflow', 'dataset_s3_bucket_producer_with_no_taskflow' retrieved from /home/airflow/.local/lib/python3.12/site-packages/airflow/example_dags/example_dataset_alias_with_no_taskflow.py
[2026-08-08T17:31:44.884+0000] {logging_mixin.py:190} INFO - [2026-08-08T17:31:44.884+0000] {dag.py:3211} INFO - Sync 4 DAGs
[2026-08-08T17:31:44.909+0000] {logging_mixin.py:190} INFO - [2026-08-08T17:31:44.909+0000] {dag.py:4138} INFO - Setting next_dagrun for dataset_alias_example_alias_consumer_with_no_taskflow to None, run_after=None
[2026-08-08T17:31:44.912+0000] {logging_mixin.py:190} INFO - [2026-08-08T17:31:44.911+0000] {dag.py:4138} INFO - Setting next_dagrun for dataset_alias_example_alias_producer_with_no_taskflow to None, run_after=None
[2026-08-08T17:31:44.913+0000] {logging_mixin.py:190} INFO - [2026-08-08T17:31:44.913+0000] {dag.py:4138} INFO - Setting next_dagrun for dataset_s3_bucket_consumer_with_no_taskflow to None, run_after=None
[2026-08-08T17:31:44.915+0000] {logging_mixin.py:190} INFO - [2026-08-08T17:31:44.914+0000] {dag.py:4138} INFO - Setting next_dagrun for dataset_s3_bucket_producer_with_no_taskflow to None, run_after=None
[2026-08-08T17:31:44.937+0000] {processor.py:208} INFO - Processing /home/airflow/.local/lib/python3.12/site-packages/airflow/example_dags/example_dataset_alias_with_no_taskflow.py took 0.273 seconds
[2026-08-08T17:32:15.178+0000] {processor.py:186} INFO - Started process (PID=967) to work on /home/airflow/.local/lib/python3.12/site-packages/airflow/example_dags/example_dataset_alias_with_no_taskflow.py
[2026-08-08T17:32:15.179+0000] {processor.py:914} INFO - Processing file /home/airflow/.local/lib/python3.12/site-packages/airflow/example_dags/example_dataset_alias_with_no_taskflow.py for tasks to queue
[2026-08-08T17:32:15.182+0000] {logging_mixin.py:190} INFO - [2026-08-08T17:32:15.182+0000] {dagbag.py:587} INFO - Filling up the DagBag from /home/airflow/.local/lib/python3.12/site-packages/airflow/example_dags/example_dataset_alias_with_no_taskflow.py
[2026-08-08T17:32:15.332+0000] {processor.py:925} INFO - DAG(s) 'dataset_alias_example_alias_consumer_with_no_taskflow', 'dataset_s3_bucket_producer_with_no_taskflow', 'dataset_s3_bucket_consumer_with_no_taskflow', 'dataset_alias_example_alias_producer_with_no_taskflow' retrieved from /home/airflow/.local/lib/python3.12/site-packages/airflow/example_dags/example_dataset_alias_with_no_taskflow.py
[2026-08-08T17:32:15.350+0000] {logging_mixin.py:190} INFO - [2026-08-08T17:32:15.350+0000] {dag.py:3211} INFO - Sync 4 DAGs
[2026-08-08T17:32:15.369+0000] {logging_mixin.py:190} INFO - [2026-08-08T17:32:15.369+0000] {dag.py:4138} INFO - Setting next_dagrun for dataset_alias_example_alias_consumer_with_no_taskflow to None, run_after=None
[2026-08-08T17:32:15.371+0000] {logging_mixin.py:190} INFO - [2026-08-08T17:32:15.371+0000] {dag.py:4138} INFO - Setting next_dagrun for dataset_alias_example_alias_producer_with_no_taskflow to None, run_after=None
[2026-08-08T17:32:15.372+0000] {logging_mixin.py:190} INFO - [2026-08-08T17:32:15.372+0000] {dag.py:4138} INFO - Setting next_dagrun for dataset_s3_bucket_consumer_with_no_taskflow to None, run_after=None
[2026-08-08T17:32:15.373+0000] {logging_mixin.py:190} INFO - [2026-08-08T17:32:15.373+0000] {dag.py:4138} INFO - Setting next_dagrun for dataset_s3_bucket_producer_with_no_taskflow to None, run_after=None
[2026-08-08T17:32:15.398+0000] {processor.py:208} INFO - Processing /home/airflow/.local/lib/python3.12/site-packages/airflow/example_dags/example_dataset_alias_with_no_taskflow.py took 0.226 seconds
[2026-08-08T17:32:45.522+0000] {processor.py:186} INFO - Started process (PID=1030) to work on /home/airflow/.local/lib/python3.12/site-packages/airflow/example_dags/example_dataset_alias_with_no_taskflow.py
[2026-08-08T17:32:45.523+0000] {processor.py:914} INFO - Processing file /home/airflow/.local/lib/python3.12/site-packages/airflow/example_dags/example_dataset_alias_with_no_taskflow.py for tasks to queue
[2026-08-08T17:32:45.526+0000] {logging_mixin.py:190} INFO - [2026-08-08T17:32:45.525+0000] {dagbag.py:587} INFO - Filling up the DagBag from /home/airflow/.local/lib/python3.12/site-packages/airflow/example_dags/example_dataset_alias_with_no_taskflow.py
[2026-08-08T17:32:45.727+0000] {processor.py:925} INFO - DAG(s) 'dataset_alias_example_alias_consumer_with_no_taskflow', 'dataset_alias_example_alias_producer_with_no_taskflow', 'dataset_s3_bucket_consumer_with_no_taskflow', 'dataset_s3_bucket_producer_with_no_taskflow' retrieved from /home/airflow/.local/lib/python3.12/site-packages/airflow/example_dags/example_dataset_alias_with_no_taskflow.py
[2026-08-08T17:32:45.746+0000] {logging_mixin.py:190} INFO - [2026-08-08T17:32:45.746+0000] {dag.py:3211} INFO - Sync 4 DAGs
[2026-08-08T17:32:45.768+0000] {logging_mixin.py:190} INFO - [2026-08-08T17:32:45.768+0000] {dag.py:4138} INFO - Setting next_dagrun for dataset_alias_example_alias_consumer_with_no_taskflow to None, run_after=None
[2026-08-08T17:32:45.771+0000] {logging_mixin.py:190} INFO - [2026-08-08T17:32:45.771+0000] {dag.py:4138} INFO - Setting next_dagrun for dataset_alias_example_alias_producer_with_no_taskflow to None, run_after=None
[2026-08-08T17:32:45.773+0000] {logging_mixin.py:190} INFO - [2026-08-08T17:32:45.773+0000] {dag.py:4138} INFO - Setting next_dagrun for dataset_s3_bucket_consumer_with_no_taskflow to None, run_after=None
[2026-08-08T17:32:45.775+0000] {logging_mixin.py:190} INFO - [2026-08-08T17:32:45.775+0000] {dag.py:4138} INFO - Setting next_dagrun for dataset_s3_bucket_producer_with_no_taskflow to None, run_after=None
[2026-08-08T17:32:45.797+0000] {processor.py:208} INFO - Processing /home/airflow/.local/lib/python3.12/site-packages/airflow/example_dags/example_dataset_alias_with_no_taskflow.py took 0.282 seconds
[2026-08-08T17:33:16.151+0000] {processor.py:186} INFO - Started process (PID=1093) to work on /home/airflow/.local/lib/python3.12/site-packages/airflow/example_dags/example_dataset_alias_with_no_taskflow.py
[2026-08-08T17:33:16.153+0000] {processor.py:914} INFO - Processing file /home/airflow/.local/lib/python3.12/site-packages/airflow/example_dags/example_dataset_alias_with_no_taskflow.py for tasks to queue
[2026-08-08T17:33:16.155+0000] {logging_mixin.py:190} INFO - [2026-08-08T17:33:16.155+0000] {dagbag.py:587} INFO - Filling up the DagBag from /home/airflow/.local/lib/python3.12/site-packages/airflow/example_dags/example_dataset_alias_with_no_taskflow.py
[2026-08-08T17:33:16.308+0000] {processor.py:925} INFO - DAG(s) 'dataset_alias_example_alias_consumer_with_no_taskflow', 'dataset_s3_bucket_consumer_with_no_taskflow', 'dataset_s3_bucket_producer_with_no_taskflow', 'dataset_alias_example_alias_producer_with_no_taskflow' retrieved from /home/airflow/.local/lib/python3.12/site-packages/airflow/example_dags/example_dataset_alias_with_no_taskflow.py
[2026-08-08T17:33:16.335+0000] {logging_mixin.py:190} INFO - [2026-08-08T17:33:16.335+0000] {dag.py:3211} INFO - Sync 4 DAGs
[2026-08-08T17:33:16.362+0000] {logging_mixin.py:190} INFO - [2026-08-08T17:33:16.361+0000] {dag.py:4138} INFO - Setting next_dagrun for dataset_alias_example_alias_consumer_with_no_taskflow to None, run_after=None
[2026-08-08T17:33:16.365+0000] {logging_mixin.py:190} INFO - [2026-08-08T17:33:16.364+0000] {dag.py:4138} INFO - Setting next_dagrun for dataset_alias_example_alias_producer_with_no_taskflow to None, run_after=None
[2026-08-08T17:33:16.367+0000] {logging_mixin.py:190} INFO - [2026-08-08T17:33:16.367+0000] {dag.py:4138} INFO - Setting next_dagrun for dataset_s3_bucket_consumer_with_no_taskflow to None, run_after=None
[2026-08-08T17:33:16.368+0000] {logging_mixin.py:190} INFO - [2026-08-08T17:33:16.368+0000] {dag.py:4138} INFO - Setting next_dagrun for dataset_s3_bucket_producer_with_no_taskflow to None, run_after=None
[2026-08-08T17:33:16.397+0000] {processor.py:208} INFO - Processing /home/airflow/.local/lib/python3.12/site-packages/airflow/example_dags/example_dataset_alias_with_no_taskflow.py took 0.252 seconds
[2026-08-08T17:33:46.732+0000] {processor.py:186} INFO - Started process (PID=1156) to work on /home/airflow/.local/lib/python3.12/site-packages/airflow/example_dags/example_dataset_alias_with_no_taskflow.py
[2026-08-08T17:33:46.734+0000] {processor.py:914} INFO - Processing file /home/airflow/.local/lib/python3.12/site-packages/airflow/example_dags/example_dataset_alias_with_no_taskflow.py for tasks to queue
[2026-08-08T17:33:46.736+0000] {logging_mixin.py:190} INFO - [2026-08-08T17:33:46.736+0000] {dagbag.py:587} INFO - Filling up the DagBag from /home/airflow/.local/lib/python3.12/site-packages/airflow/example_dags/example_dataset_alias_with_no_taskflow.py
[2026-08-08T17:33:46.878+0000] {processor.py:925} INFO - DAG(s) 'dataset_s3_bucket_consumer_with_no_taskflow', 'dataset_alias_example_alias_producer_with_no_taskflow', 'dataset_alias_example_alias_consumer_with_no_taskflow', 'dataset_s3_bucket_producer_with_no_taskflow' retrieved from /home/airflow/.local/lib/python3.12/site-packages/airflow/example_dags/example_dataset_alias_with_no_taskflow.py
[2026-08-08T17:33:46.898+0000] {logging_mixin.py:190} INFO - [2026-08-08T17:33:46.898+0000] {dag.py:3211} INFO - Sync 4 DAGs
[2026-08-08T17:33:46.915+0000] {logging_mixin.py:190} INFO - [2026-08-08T17:33:46.915+0000] {dag.py:4138} INFO - Setting next_dagrun for dataset_alias_example_alias_consumer_with_no_taskflow to None, run_after=None
[2026-08-08T17:33:46.917+0000] {logging_mixin.py:190} INFO - [2026-08-08T17:33:46.917+0000] {dag.py:4138} INFO - Setting next_dagrun for dataset_alias_example_alias_producer_with_no_taskflow to None, run_after=None
[2026-08-08T17:33:46.919+0000] {logging_mixin.py:190} INFO - [2026-08-08T17:33:46.919+0000] {dag.py:4138} INFO - Setting next_dagrun for dataset_s3_bucket_consumer_with_no_taskflow to None, run_after=None
[2026-08-08T17:33:46.920+0000] {logging_mixin.py:190} INFO - [2026-08-08T17:33:46.920+0000] {dag.py:4138} INFO - Setting next_dagrun for dataset_s3_bucket_producer_with_no_taskflow to None, run_after=None
[2026-08-08T17:33:46.938+0000] {processor.py:208} INFO - Processing /home/airflow/.local/lib/python3.12/site-packages/airflow/example_dags/example_dataset_alias_with_no_taskflow.py took 0.212 seconds
[2026-08-08T17:34:17.080+0000] {processor.py:186} INFO - Started process (PID=1219) to work on /home/airflow/.local/lib/python3.12/site-packages/airflow/example_dags/example_dataset_alias_with_no_taskflow.py
[2026-08-08T17:34:17.082+0000] {processor.py:914} INFO - Processing file /home/airflow/.local/lib/python3.12/site-packages/airflow/example_dags/example_dataset_alias_with_no_taskflow.py for tasks to queue
[2026-08-08T17:34:17.085+0000] {logging_mixin.py:190} INFO - [2026-08-08T17:34:17.084+0000] {dagbag.py:587} INFO - Filling up the DagBag from /home/airflow/.local/lib/python3.12/site-packages/airflow/example_dags/example_dataset_alias_with_no_taskflow.py
[2026-08-08T17:34:17.217+0000] {processor.py:925} INFO - DAG(s) 'dataset_s3_bucket_producer_with_no_taskflow', 'dataset_s3_bucket_consumer_with_no_taskflow', 'dataset_alias_example_alias_consumer_with_no_taskflow', 'dataset_alias_example_alias_producer_with_no_taskflow' retrieved from /home/airflow/.local/lib/python3.12/site-packages/airflow/example_dags/example_dataset_alias_with_no_taskflow.py
[2026-08-08T17:34:17.236+0000] {logging_mixin.py:190} INFO - [2026-08-08T17:34:17.235+0000] {dag.py:3211} INFO - Sync 4 DAGs
[2026-08-08T17:34:17.255+0000] {logging_mixin.py:190} INFO - [2026-08-08T17:34:17.255+0000] {dag.py:4138} INFO - Setting next_dagrun for dataset_alias_example_alias_consumer_with_no_taskflow to None, run_after=None
[2026-08-08T17:34:17.258+0000] {logging_mixin.py:190} INFO - [2026-08-08T17:34:17.258+0000] {dag.py:4138} INFO - Setting next_dagrun for dataset_alias_example_alias_producer_with_no_taskflow to None, run_after=None
[2026-08-08T17:34:17.260+0000] {logging_mixin.py:190} INFO - [2026-08-08T17:34:17.259+0000] {dag.py:4138} INFO - Setting next_dagrun for dataset_s3_bucket_consumer_with_no_taskflow to None, run_after=None
[2026-08-08T17:34:17.261+0000] {logging_mixin.py:190} INFO - [2026-08-08T17:34:17.261+0000] {dag.py:4138} INFO - Setting next_dagrun for dataset_s3_bucket_producer_with_no_taskflow to None, run_after=None
[2026-08-08T17:34:17.283+0000] {processor.py:208} INFO - Processing /home/airflow/.local/lib/python3.12/site-packages/airflow/example_dags/example_dataset_alias_with_no_taskflow.py took 0.207 seconds
[2026-08-08T17:34:48.054+0000] {processor.py:186} INFO - Started process (PID=1282) to work on /home/airflow/.local/lib/python3.12/site-packages/airflow/example_dags/example_dataset_alias_with_no_taskflow.py
[2026-08-08T17:34:48.055+0000] {processor.py:914} INFO - Processing file /home/airflow/.local/lib/python3.12/site-packages/airflow/example_dags/example_dataset_alias_with_no_taskflow.py for tasks to queue
[2026-08-08T17:34:48.058+0000] {logging_mixin.py:190} INFO - [2026-08-08T17:34:48.057+0000] {dagbag.py:587} INFO - Filling up the DagBag from /home/airflow/.local/lib/python3.12/site-packages/airflow/example_dags/example_dataset_alias_with_no_taskflow.py
[2026-08-08T17:34:48.187+0000] {processor.py:925} INFO - DAG(s) 'dataset_alias_example_alias_consumer_with_no_taskflow', 'dataset_alias_example_alias_producer_with_no_taskflow', 'dataset_s3_bucket_producer_with_no_taskflow', 'dataset_s3_bucket_consumer_with_no_taskflow' retrieved from /home/airflow/.local/lib/python3.12/site-packages/airflow/example_dags/example_dataset_alias_with_no_taskflow.py
[2026-08-08T17:34:48.204+0000] {logging_mixin.py:190} INFO - [2026-08-08T17:34:48.204+0000] {dag.py:3211} INFO - Sync 4 DAGs
[2026-08-08T17:34:48.223+0000] {logging_mixin.py:190} INFO - [2026-08-08T17:34:48.223+0000] {dag.py:4138} INFO - Setting next_dagrun for dataset_alias_example_alias_consumer_with_no_taskflow to None, run_after=None
[2026-08-08T17:34:48.226+0000] {logging_mixin.py:190} INFO - [2026-08-08T17:34:48.226+0000] {dag.py:4138} INFO - Setting next_dagrun for dataset_alias_example_alias_producer_with_no_taskflow to None, run_after=None
[2026-08-08T17:34:48.227+0000] {logging_mixin.py:190} INFO - [2026-08-08T17:34:48.227+0000] {dag.py:4138} INFO - Setting next_dagrun for dataset_s3_bucket_consumer_with_no_taskflow to None, run_after=None
[2026-08-08T17:34:48.228+0000] {logging_mixin.py:190} INFO - [2026-08-08T17:34:48.228+0000] {dag.py:4138} INFO - Setting next_dagrun for dataset_s3_bucket_producer_with_no_taskflow to None, run_after=None
[2026-08-08T17:34:48.249+0000] {processor.py:208} INFO - Processing /home/airflow/.local/lib/python3.12/site-packages/airflow/example_dags/example_dataset_alias_with_no_taskflow.py took 0.201 seconds
[2026-08-08T17:35:18.581+0000] {processor.py:186} INFO - Started process (PID=1345) to work on /home/airflow/.local/lib/python3.12/site-packages/airflow/example_dags/example_dataset_alias_with_no_taskflow.py
[2026-08-08T17:35:18.582+0000] {processor.py:914} INFO - Processing file /home/airflow/.local/lib/python3.12/site-packages/airflow/example_dags/example_dataset_alias_with_no_taskflow.py for tasks to queue
[2026-08-08T17:35:18.585+0000] {logging_mixin.py:190} INFO - [2026-08-08T17:35:18.585+0000] {dagbag.py:587} INFO - Filling up the DagBag from /home/airflow/.local/lib/python3.12/site-packages/airflow/example_dags/example_dataset_alias_with_no_taskflow.py
[2026-08-08T17:35:18.730+0000] {processor.py:925} INFO - DAG(s) 'dataset_alias_example_alias_consumer_with_no_taskflow', 'dataset_alias_example_alias_producer_with_no_taskflow', 'dataset_s3_bucket_consumer_with_no_taskflow', 'dataset_s3_bucket_producer_with_no_taskflow' retrieved from /home/airflow/.local/lib/python3.12/site-packages/airflow/example_dags/example_dataset_alias_with_no_taskflow.py
[2026-08-08T17:35:18.748+0000] {logging_mixin.py:190} INFO - [2026-08-08T17:35:18.748+0000] {dag.py:3211} INFO - Sync 4 DAGs
[2026-08-08T17:35:18.768+0000] {logging_mixin.py:190} INFO - [2026-08-08T17:35:18.768+0000] {dag.py:4138} INFO - Setting next_dagrun for dataset_alias_example_alias_consumer_with_no_taskflow to None, run_after=None
[2026-08-08T17:35:18.770+0000] {logging_mixin.py:190} INFO - [2026-08-08T17:35:18.770+0000] {dag.py:4138} INFO - Setting next_dagrun for dataset_alias_example_alias_producer_with_no_taskflow to None, run_after=None
[2026-08-08T17:35:18.772+0000] {logging_mixin.py:190} INFO - [2026-08-08T17:35:18.772+0000] {dag.py:4138} INFO - Setting next_dagrun for dataset_s3_bucket_consumer_with_no_taskflow to None, run_after=None
[2026-08-08T17:35:18.773+0000] {logging_mixin.py:190} INFO - [2026-08-08T17:35:18.773+0000] {dag.py:4138} INFO - Setting next_dagrun for dataset_s3_bucket_producer_with_no_taskflow to None, run_after=None
[2026-08-08T17:35:18.800+0000] {processor.py:208} INFO - Processing /home/airflow/.local/lib/python3.12/site-packages/airflow/example_dags/example_dataset_alias_with_no_taskflow.py took 0.225 seconds
[2026-08-08T17:35:49.528+0000] {processor.py:186} INFO - Started process (PID=1408) to work on /home/airflow/.local/lib/python3.12/site-packages/airflow/example_dags/example_dataset_alias_with_no_taskflow.py
[2026-08-08T17:35:49.530+0000] {processor.py:914} INFO - Processing file /home/airflow/.local/lib/python3.12/site-packages/airflow/example_dags/example_dataset_alias_with_no_taskflow.py for tasks to queue
[2026-08-08T17:35:49.532+0000] {logging_mixin.py:190} INFO - [2026-08-08T17:35:49.532+0000] {dagbag.py:587} INFO - Filling up the DagBag from /home/airflow/.local/lib/python3.12/site-packages/airflow/example_dags/example_dataset_alias_with_no_taskflow.py
[2026-08-08T17:35:49.683+0000] {processor.py:925} INFO - DAG(s) 'dataset_s3_bucket_consumer_with_no_taskflow', 'dataset_alias_example_alias_producer_with_no_taskflow', 'dataset_alias_example_alias_consumer_with_no_taskflow', 'dataset_s3_bucket_producer_with_no_taskflow' retrieved from /home/airflow/.local/lib/python3.12/site-packages/airflow/example_dags/example_dataset_alias_with_no_taskflow.py
[2026-08-08T17:35:49.703+0000] {logging_mixin.py:190} INFO - [2026-08-08T17:35:49.703+0000] {dag.py:3211} INFO - Sync 4 DAGs
[2026-08-08T17:35:49.721+0000] {logging_mixin.py:190} INFO - [2026-08-08T17:35:49.721+0000] {dag.py:4138} INFO - Setting next_dagrun for dataset_alias_example_alias_consumer_with_no_taskflow to None, run_after=None
[2026-08-08T17:35:49.724+0000] {logging_mixin.py:190} INFO - [2026-08-08T17:35:49.724+0000] {dag.py:4138} INFO - Setting next_dagrun for dataset_alias_example_alias_producer_with_no_taskflow to None, run_after=None
[2026-08-08T17:35:49.725+0000] {logging_mixin.py:190} INFO - [2026-08-08T17:35:49.725+0000] {dag.py:4138} INFO - Setting next_dagrun for dataset_s3_bucket_consumer_with_no_taskflow to None, run_after=None
[2026-08-08T17:35:49.727+0000] {logging_mixin.py:190} INFO - [2026-08-08T17:35:49.727+0000] {dag.py:4138} INFO - Setting next_dagrun for dataset_s3_bucket_producer_with_no_taskflow to None, run_after=None
[2026-08-08T17:35:49.747+0000] {processor.py:208} INFO - Processing /home/airflow/.local/lib/python3.12/site-packages/airflow/example_dags/example_dataset_alias_with_no_taskflow.py took 0.225 seconds
[2026-08-08T17:36:20.010+0000] {processor.py:186} INFO - Started process (PID=1471) to work on /home/airflow/.local/lib/python3.12/site-packages/airflow/example_dags/example_dataset_alias_with_no_taskflow.py
[2026-08-08T17:36:20.011+0000] {processor.py:914} INFO - Processing file /home/airflow/.local/lib/python3.12/site-packages/airflow/example_dags/example_dataset_alias_with_no_taskflow.py for tasks to queue
[2026-08-08T17:36:20.015+0000] {logging_mixin.py:190} INFO - [2026-08-08T17:36:20.015+0000] {dagbag.py:587} INFO - Filling up the DagBag from /home/airflow/.local/lib/python3.12/site-packages/airflow/example_dags/example_dataset_alias_with_no_taskflow.py
[2026-08-08T17:36:20.176+0000] {processor.py:925} INFO - DAG(s) 'dataset_alias_example_alias_consumer_with_no_taskflow', 'dataset_s3_bucket_producer_with_no_taskflow', 'dataset_s3_bucket_consumer_with_no_taskflow', 'dataset_alias_example_alias_producer_with_no_taskflow' retrieved from /home/airflow/.local/lib/python3.12/site-packages/airflow/example_dags/example_dataset_alias_with_no_taskflow.py
[2026-08-08T17:36:20.198+0000] {logging_mixin.py:190} INFO - [2026-08-08T17:36:20.198+0000] {dag.py:3211} INFO - Sync 4 DAGs
[2026-08-08T17:36:20.218+0000] {logging_mixin.py:190} INFO - [2026-08-08T17:36:20.218+0000] {dag.py:4138} INFO - Setting next_dagrun for dataset_alias_example_alias_consumer_with_no_taskflow to None, run_after=None
[2026-08-08T17:36:20.220+0000] {logging_mixin.py:190} INFO - [2026-08-08T17:36:20.220+0000] {dag.py:4138} INFO - Setting next_dagrun for dataset_alias_example_alias_producer_with_no_taskflow to None, run_after=None
[2026-08-08T17:36:20.222+0000] {logging_mixin.py:190} INFO - [2026-08-08T17:36:20.222+0000] {dag.py:4138} INFO - Setting next_dagrun for dataset_s3_bucket_consumer_with_no_taskflow to None, run_after=None
[2026-08-08T17:36:20.224+0000] {logging_mixin.py:190} INFO - [2026-08-08T17:36:20.223+0000] {dag.py:4138} INFO - Setting next_dagrun for dataset_s3_bucket_producer_with_no_taskflow to None, run_after=None
[2026-08-08T17:36:20.248+0000] {processor.py:208} INFO - Processing /home/airflow/.local/lib/python3.12/site-packages/airflow/example_dags/example_dataset_alias_with_no_taskflow.py took 0.244 seconds
[2026-08-08T17:38:14.265+0000] {processor.py:186} INFO - Started process (PID=66) to work on /home/airflow/.local/lib/python3.12/site-packages/airflow/example_dags/example_dataset_alias_with_no_taskflow.py
[2026-08-08T17:38:14.266+0000] {processor.py:914} INFO - Processing file /home/airflow/.local/lib/python3.12/site-packages/airflow/example_dags/example_dataset_alias_with_no_taskflow.py for tasks to queue
[2026-08-08T17:38:14.268+0000] {logging_mixin.py:190} INFO - [2026-08-08T17:38:14.268+0000] {dagbag.py:587} INFO - Filling up the DagBag from /home/airflow/.local/lib/python3.12/site-packages/airflow/example_dags/example_dataset_alias_with_no_taskflow.py
[2026-08-08T17:38:14.413+0000] {processor.py:925} INFO - DAG(s) 'dataset_alias_example_alias_producer_with_no_taskflow', 'dataset_alias_example_alias_consumer_with_no_taskflow', 'dataset_s3_bucket_consumer_with_no_taskflow', 'dataset_s3_bucket_producer_with_no_taskflow' retrieved from /home/airflow/.local/lib/python3.12/site-packages/airflow/example_dags/example_dataset_alias_with_no_taskflow.py
[2026-08-08T17:38:14.442+0000] {logging_mixin.py:190} INFO - [2026-08-08T17:38:14.441+0000] {dag.py:3211} INFO - Sync 4 DAGs
[2026-08-08T17:38:14.478+0000] {logging_mixin.py:190} INFO - [2026-08-08T17:38:14.477+0000] {dag.py:4138} INFO - Setting next_dagrun for dataset_alias_example_alias_consumer_with_no_taskflow to None, run_after=None
[2026-08-08T17:38:14.483+0000] {logging_mixin.py:190} INFO - [2026-08-08T17:38:14.483+0000] {dag.py:4138} INFO - Setting next_dagrun for dataset_alias_example_alias_producer_with_no_taskflow to None, run_after=None
[2026-08-08T17:38:14.486+0000] {logging_mixin.py:190} INFO - [2026-08-08T17:38:14.486+0000] {dag.py:4138} INFO - Setting next_dagrun for dataset_s3_bucket_consumer_with_no_taskflow to None, run_after=None
[2026-08-08T17:38:14.489+0000] {logging_mixin.py:190} INFO - [2026-08-08T17:38:14.489+0000] {dag.py:4138} INFO - Setting next_dagrun for dataset_s3_bucket_producer_with_no_taskflow to None, run_after=None
[2026-08-08T17:38:14.516+0000] {processor.py:208} INFO - Processing /home/airflow/.local/lib/python3.12/site-packages/airflow/example_dags/example_dataset_alias_with_no_taskflow.py took 0.256 seconds
[2026-08-08T17:38:45.212+0000] {processor.py:186} INFO - Started process (PID=129) to work on /home/airflow/.local/lib/python3.12/site-packages/airflow/example_dags/example_dataset_alias_with_no_taskflow.py
[2026-08-08T17:38:45.214+0000] {processor.py:914} INFO - Processing file /home/airflow/.local/lib/python3.12/site-packages/airflow/example_dags/example_dataset_alias_with_no_taskflow.py for tasks to queue
[2026-08-08T17:38:45.222+0000] {logging_mixin.py:190} INFO - [2026-08-08T17:38:45.222+0000] {dagbag.py:587} INFO - Filling up the DagBag from /home/airflow/.local/lib/python3.12/site-packages/airflow/example_dags/example_dataset_alias_with_no_taskflow.py
[2026-08-08T17:38:45.433+0000] {processor.py:925} INFO - DAG(s) 'dataset_alias_example_alias_consumer_with_no_taskflow', 'dataset_alias_example_alias_producer_with_no_taskflow', 'dataset_s3_bucket_producer_with_no_taskflow', 'dataset_s3_bucket_consumer_with_no_taskflow' retrieved from /home/airflow/.local/lib/python3.12/site-packages/airflow/example_dags/example_dataset_alias_with_no_taskflow.py
[2026-08-08T17:38:45.464+0000] {logging_mixin.py:190} INFO - [2026-08-08T17:38:45.464+0000] {dag.py:3211} INFO - Sync 4 DAGs
[2026-08-08T17:38:45.498+0000] {logging_mixin.py:190} INFO - [2026-08-08T17:38:45.498+0000] {dag.py:4138} INFO - Setting next_dagrun for dataset_alias_example_alias_consumer_with_no_taskflow to None, run_after=None
[2026-08-08T17:38:45.502+0000] {logging_mixin.py:190} INFO - [2026-08-08T17:38:45.501+0000] {dag.py:4138} INFO - Setting next_dagrun for dataset_alias_example_alias_producer_with_no_taskflow to None, run_after=None
[2026-08-08T17:38:45.503+0000] {logging_mixin.py:190} INFO - [2026-08-08T17:38:45.503+0000] {dag.py:4138} INFO - Setting next_dagrun for dataset_s3_bucket_consumer_with_no_taskflow to None, run_after=None
[2026-08-08T17:38:45.505+0000] {logging_mixin.py:190} INFO - [2026-08-08T17:38:45.504+0000] {dag.py:4138} INFO - Setting next_dagrun for dataset_s3_bucket_producer_with_no_taskflow to None, run_after=None
[2026-08-08T17:38:45.537+0000] {processor.py:208} INFO - Processing /home/airflow/.local/lib/python3.12/site-packages/airflow/example_dags/example_dataset_alias_with_no_taskflow.py took 0.334 seconds
[2026-08-08T17:39:15.689+0000] {processor.py:186} INFO - Started process (PID=198) to work on /home/airflow/.local/lib/python3.12/site-packages/airflow/example_dags/example_dataset_alias_with_no_taskflow.py
[2026-08-08T17:39:15.691+0000] {processor.py:914} INFO - Processing file /home/airflow/.local/lib/python3.12/site-packages/airflow/example_dags/example_dataset_alias_with_no_taskflow.py for tasks to queue
[2026-08-08T17:39:15.693+0000] {logging_mixin.py:190} INFO - [2026-08-08T17:39:15.693+0000] {dagbag.py:587} INFO - Filling up the DagBag from /home/airflow/.local/lib/python3.12/site-packages/airflow/example_dags/example_dataset_alias_with_no_taskflow.py
[2026-08-08T17:39:15.836+0000] {processor.py:925} INFO - DAG(s) 'dataset_s3_bucket_consumer_with_no_taskflow', 'dataset_alias_example_alias_consumer_with_no_taskflow', 'dataset_alias_example_alias_producer_with_no_taskflow', 'dataset_s3_bucket_producer_with_no_taskflow' retrieved from /home/airflow/.local/lib/python3.12/site-packages/airflow/example_dags/example_dataset_alias_with_no_taskflow.py
[2026-08-08T17:39:15.853+0000] {logging_mixin.py:190} INFO - [2026-08-08T17:39:15.853+0000] {dag.py:3211} INFO - Sync 4 DAGs
[2026-08-08T17:39:15.881+0000] {logging_mixin.py:190} INFO - [2026-08-08T17:39:15.881+0000] {dag.py:4138} INFO - Setting next_dagrun for dataset_alias_example_alias_consumer_with_no_taskflow to None, run_after=None
[2026-08-08T17:39:15.884+0000] {logging_mixin.py:190} INFO - [2026-08-08T17:39:15.884+0000] {dag.py:4138} INFO - Setting next_dagrun for dataset_alias_example_alias_producer_with_no_taskflow to None, run_after=None
[2026-08-08T17:39:15.886+0000] {logging_mixin.py:190} INFO - [2026-08-08T17:39:15.886+0000] {dag.py:4138} INFO - Setting next_dagrun for dataset_s3_bucket_consumer_with_no_taskflow to None, run_after=None
[2026-08-08T17:39:15.887+0000] {logging_mixin.py:190} INFO - [2026-08-08T17:39:15.887+0000] {dag.py:4138} INFO - Setting next_dagrun for dataset_s3_bucket_producer_with_no_taskflow to None, run_after=None
[2026-08-08T17:39:15.907+0000] {processor.py:208} INFO - Processing /home/airflow/.local/lib/python3.12/site-packages/airflow/example_dags/example_dataset_alias_with_no_taskflow.py took 0.224 seconds
[2026-08-08T17:39:46.776+0000] {processor.py:186} INFO - Started process (PID=261) to work on /home/airflow/.local/lib/python3.12/site-packages/airflow/example_dags/example_dataset_alias_with_no_taskflow.py
[2026-08-08T17:39:46.778+0000] {processor.py:914} INFO - Processing file /home/airflow/.local/lib/python3.12/site-packages/airflow/example_dags/example_dataset_alias_with_no_taskflow.py for tasks to queue
[2026-08-08T17:39:46.780+0000] {logging_mixin.py:190} INFO - [2026-08-08T17:39:46.780+0000] {dagbag.py:587} INFO - Filling up the DagBag from /home/airflow/.local/lib/python3.12/site-packages/airflow/example_dags/example_dataset_alias_with_no_taskflow.py
[2026-08-08T17:39:46.934+0000] {processor.py:925} INFO - DAG(s) 'dataset_alias_example_alias_producer_with_no_taskflow', 'dataset_alias_example_alias_consumer_with_no_taskflow', 'dataset_s3_bucket_consumer_with_no_taskflow', 'dataset_s3_bucket_producer_with_no_taskflow' retrieved from /home/airflow/.local/lib/python3.12/site-packages/airflow/example_dags/example_dataset_alias_with_no_taskflow.py
[2026-08-08T17:39:46.952+0000] {logging_mixin.py:190} INFO - [2026-08-08T17:39:46.952+0000] {dag.py:3211} INFO - Sync 4 DAGs
[2026-08-08T17:39:46.979+0000] {logging_mixin.py:190} INFO - [2026-08-08T17:39:46.979+0000] {dag.py:4138} INFO - Setting next_dagrun for dataset_alias_example_alias_consumer_with_no_taskflow to None, run_after=None
[2026-08-08T17:39:46.982+0000] {logging_mixin.py:190} INFO - [2026-08-08T17:39:46.982+0000] {dag.py:4138} INFO - Setting next_dagrun for dataset_alias_example_alias_producer_with_no_taskflow to None, run_after=None
[2026-08-08T17:39:46.983+0000] {logging_mixin.py:190} INFO - [2026-08-08T17:39:46.983+0000] {dag.py:4138} INFO - Setting next_dagrun for dataset_s3_bucket_consumer_with_no_taskflow to None, run_after=None
[2026-08-08T17:39:46.985+0000] {logging_mixin.py:190} INFO - [2026-08-08T17:39:46.984+0000] {dag.py:4138} INFO - Setting next_dagrun for dataset_s3_bucket_producer_with_no_taskflow to None, run_after=None
[2026-08-08T17:39:47.007+0000] {processor.py:208} INFO - Processing /home/airflow/.local/lib/python3.12/site-packages/airflow/example_dags/example_dataset_alias_with_no_taskflow.py took 0.236 seconds
[2026-08-08T17:42:38.051+0000] {processor.py:186} INFO - Started process (PID=78) to work on /home/airflow/.local/lib/python3.12/site-packages/airflow/example_dags/example_dataset_alias_with_no_taskflow.py
[2026-08-08T17:42:38.052+0000] {processor.py:914} INFO - Processing file /home/airflow/.local/lib/python3.12/site-packages/airflow/example_dags/example_dataset_alias_with_no_taskflow.py for tasks to queue
[2026-08-08T17:42:38.055+0000] {logging_mixin.py:190} INFO - [2026-08-08T17:42:38.055+0000] {dagbag.py:587} INFO - Filling up the DagBag from /home/airflow/.local/lib/python3.12/site-packages/airflow/example_dags/example_dataset_alias_with_no_taskflow.py
[2026-08-08T17:42:38.303+0000] {processor.py:925} INFO - DAG(s) 'dataset_alias_example_alias_consumer_with_no_taskflow', 'dataset_alias_example_alias_producer_with_no_taskflow', 'dataset_s3_bucket_consumer_with_no_taskflow', 'dataset_s3_bucket_producer_with_no_taskflow' retrieved from /home/airflow/.local/lib/python3.12/site-packages/airflow/example_dags/example_dataset_alias_with_no_taskflow.py
[2026-08-08T17:42:38.344+0000] {logging_mixin.py:190} INFO - [2026-08-08T17:42:38.343+0000] {dag.py:3211} INFO - Sync 4 DAGs
[2026-08-08T17:42:38.385+0000] {logging_mixin.py:190} INFO - [2026-08-08T17:42:38.384+0000] {dag.py:4138} INFO - Setting next_dagrun for dataset_alias_example_alias_consumer_with_no_taskflow to None, run_after=None
[2026-08-08T17:42:38.390+0000] {logging_mixin.py:190} INFO - [2026-08-08T17:42:38.390+0000] {dag.py:4138} INFO - Setting next_dagrun for dataset_alias_example_alias_producer_with_no_taskflow to None, run_after=None
[2026-08-08T17:42:38.392+0000] {logging_mixin.py:190} INFO - [2026-08-08T17:42:38.392+0000] {dag.py:4138} INFO - Setting next_dagrun for dataset_s3_bucket_consumer_with_no_taskflow to None, run_after=None
[2026-08-08T17:42:38.395+0000] {logging_mixin.py:190} INFO - [2026-08-08T17:42:38.395+0000] {dag.py:4138} INFO - Setting next_dagrun for dataset_s3_bucket_producer_with_no_taskflow to None, run_after=None
[2026-08-08T17:42:38.464+0000] {processor.py:208} INFO - Processing /home/airflow/.local/lib/python3.12/site-packages/airflow/example_dags/example_dataset_alias_with_no_taskflow.py took 0.420 seconds
[2026-08-08T17:43:08.696+0000] {processor.py:186} INFO - Started process (PID=147) to work on /home/airflow/.local/lib/python3.12/site-packages/airflow/example_dags/example_dataset_alias_with_no_taskflow.py
[2026-08-08T17:43:08.698+0000] {processor.py:914} INFO - Processing file /home/airflow/.local/lib/python3.12/site-packages/airflow/example_dags/example_dataset_alias_with_no_taskflow.py for tasks to queue
[2026-08-08T17:43:08.701+0000] {logging_mixin.py:190} INFO - [2026-08-08T17:43:08.701+0000] {dagbag.py:587} INFO - Filling up the DagBag from /home/airflow/.local/lib/python3.12/site-packages/airflow/example_dags/example_dataset_alias_with_no_taskflow.py
[2026-08-08T17:43:08.909+0000] {processor.py:925} INFO - DAG(s) 'dataset_alias_example_alias_consumer_with_no_taskflow', 'dataset_s3_bucket_producer_with_no_taskflow', 'dataset_s3_bucket_consumer_with_no_taskflow', 'dataset_alias_example_alias_producer_with_no_taskflow' retrieved from /home/airflow/.local/lib/python3.12/site-packages/airflow/example_dags/example_dataset_alias_with_no_taskflow.py
[2026-08-08T17:43:08.945+0000] {logging_mixin.py:190} INFO - [2026-08-08T17:43:08.944+0000] {dag.py:3211} INFO - Sync 4 DAGs
[2026-08-08T17:43:08.976+0000] {logging_mixin.py:190} INFO - [2026-08-08T17:43:08.975+0000] {dag.py:4138} INFO - Setting next_dagrun for dataset_alias_example_alias_consumer_with_no_taskflow to None, run_after=None
[2026-08-08T17:43:08.979+0000] {logging_mixin.py:190} INFO - [2026-08-08T17:43:08.978+0000] {dag.py:4138} INFO - Setting next_dagrun for dataset_alias_example_alias_producer_with_no_taskflow to None, run_after=None
[2026-08-08T17:43:08.981+0000] {logging_mixin.py:190} INFO - [2026-08-08T17:43:08.981+0000] {dag.py:4138} INFO - Setting next_dagrun for dataset_s3_bucket_consumer_with_no_taskflow to None, run_after=None
[2026-08-08T17:43:08.983+0000] {logging_mixin.py:190} INFO - [2026-08-08T17:43:08.983+0000] {dag.py:4138} INFO - Setting next_dagrun for dataset_s3_bucket_producer_with_no_taskflow to None, run_after=None
[2026-08-08T17:43:09.020+0000] {processor.py:208} INFO - Processing /home/airflow/.local/lib/python3.12/site-packages/airflow/example_dags/example_dataset_alias_with_no_taskflow.py took 0.331 seconds
[2026-08-08T17:43:39.176+0000] {processor.py:186} INFO - Started process (PID=211) to work on /home/airflow/.local/lib/python3.12/site-packages/airflow/example_dags/example_dataset_alias_with_no_taskflow.py
[2026-08-08T17:43:39.178+0000] {processor.py:914} INFO - Processing file /home/airflow/.local/lib/python3.12/site-packages/airflow/example_dags/example_dataset_alias_with_no_taskflow.py for tasks to queue
[2026-08-08T17:43:39.182+0000] {logging_mixin.py:190} INFO - [2026-08-08T17:43:39.182+0000] {dagbag.py:587} INFO - Filling up the DagBag from /home/airflow/.local/lib/python3.12/site-packages/airflow/example_dags/example_dataset_alias_with_no_taskflow.py
[2026-08-08T17:43:39.382+0000] {processor.py:925} INFO - DAG(s) 'dataset_s3_bucket_consumer_with_no_taskflow', 'dataset_alias_example_alias_consumer_with_no_taskflow', 'dataset_s3_bucket_producer_with_no_taskflow', 'dataset_alias_example_alias_producer_with_no_taskflow' retrieved from /home/airflow/.local/lib/python3.12/site-packages/airflow/example_dags/example_dataset_alias_with_no_taskflow.py
[2026-08-08T17:43:39.417+0000] {logging_mixin.py:190} INFO - [2026-08-08T17:43:39.416+0000] {dag.py:3211} INFO - Sync 4 DAGs
[2026-08-08T17:43:39.445+0000] {logging_mixin.py:190} INFO - [2026-08-08T17:43:39.445+0000] {dag.py:4138} INFO - Setting next_dagrun for dataset_alias_example_alias_consumer_with_no_taskflow to None, run_after=None
[2026-08-08T17:43:39.449+0000] {logging_mixin.py:190} INFO - [2026-08-08T17:43:39.449+0000] {dag.py:4138} INFO - Setting next_dagrun for dataset_alias_example_alias_producer_with_no_taskflow to None, run_after=None
[2026-08-08T17:43:39.451+0000] {logging_mixin.py:190} INFO - [2026-08-08T17:43:39.451+0000] {dag.py:4138} INFO - Setting next_dagrun for dataset_s3_bucket_consumer_with_no_taskflow to None, run_after=None
[2026-08-08T17:43:39.453+0000] {logging_mixin.py:190} INFO - [2026-08-08T17:43:39.453+0000] {dag.py:4138} INFO - Setting next_dagrun for dataset_s3_bucket_producer_with_no_taskflow to None, run_after=None
[2026-08-08T17:43:39.490+0000] {processor.py:208} INFO - Processing /home/airflow/.local/lib/python3.12/site-packages/airflow/example_dags/example_dataset_alias_with_no_taskflow.py took 0.325 seconds
[2026-08-08T17:44:09.919+0000] {processor.py:186} INFO - Started process (PID=273) to work on /home/airflow/.local/lib/python3.12/site-packages/airflow/example_dags/example_dataset_alias_with_no_taskflow.py
[2026-08-08T17:44:09.921+0000] {processor.py:914} INFO - Processing file /home/airflow/.local/lib/python3.12/site-packages/airflow/example_dags/example_dataset_alias_with_no_taskflow.py for tasks to queue
[2026-08-08T17:44:09.923+0000] {logging_mixin.py:190} INFO - [2026-08-08T17:44:09.923+0000] {dagbag.py:587} INFO - Filling up the DagBag from /home/airflow/.local/lib/python3.12/site-packages/airflow/example_dags/example_dataset_alias_with_no_taskflow.py
[2026-08-08T17:44:10.069+0000] {processor.py:925} INFO - DAG(s) 'dataset_alias_example_alias_producer_with_no_taskflow', 'dataset_s3_bucket_producer_with_no_taskflow', 'dataset_s3_bucket_consumer_with_no_taskflow', 'dataset_alias_example_alias_consumer_with_no_taskflow' retrieved from /home/airflow/.local/lib/python3.12/site-packages/airflow/example_dags/example_dataset_alias_with_no_taskflow.py
[2026-08-08T17:44:10.087+0000] {logging_mixin.py:190} INFO - [2026-08-08T17:44:10.087+0000] {dag.py:3211} INFO - Sync 4 DAGs
[2026-08-08T17:44:10.114+0000] {logging_mixin.py:190} INFO - [2026-08-08T17:44:10.114+0000] {dag.py:4138} INFO - Setting next_dagrun for dataset_alias_example_alias_consumer_with_no_taskflow to None, run_after=None
[2026-08-08T17:44:10.117+0000] {logging_mixin.py:190} INFO - [2026-08-08T17:44:10.117+0000] {dag.py:4138} INFO - Setting next_dagrun for dataset_alias_example_alias_producer_with_no_taskflow to None, run_after=None
[2026-08-08T17:44:10.119+0000] {logging_mixin.py:190} INFO - [2026-08-08T17:44:10.118+0000] {dag.py:4138} INFO - Setting next_dagrun for dataset_s3_bucket_consumer_with_no_taskflow to None, run_after=None
[2026-08-08T17:44:10.120+0000] {logging_mixin.py:190} INFO - [2026-08-08T17:44:10.120+0000] {dag.py:4138} INFO - Setting next_dagrun for dataset_s3_bucket_producer_with_no_taskflow to None, run_after=None
[2026-08-08T17:44:10.164+0000] {processor.py:208} INFO - Processing /home/airflow/.local/lib/python3.12/site-packages/airflow/example_dags/example_dataset_alias_with_no_taskflow.py took 0.250 seconds
[2026-08-08T17:44:40.385+0000] {processor.py:186} INFO - Started process (PID=336) to work on /home/airflow/.local/lib/python3.12/site-packages/airflow/example_dags/example_dataset_alias_with_no_taskflow.py
[2026-08-08T17:44:40.386+0000] {processor.py:914} INFO - Processing file /home/airflow/.local/lib/python3.12/site-packages/airflow/example_dags/example_dataset_alias_with_no_taskflow.py for tasks to queue
[2026-08-08T17:44:40.389+0000] {logging_mixin.py:190} INFO - [2026-08-08T17:44:40.389+0000] {dagbag.py:587} INFO - Filling up the DagBag from /home/airflow/.local/lib/python3.12/site-packages/airflow/example_dags/example_dataset_alias_with_no_taskflow.py
[2026-08-08T17:44:40.523+0000] {processor.py:925} INFO - DAG(s) 'dataset_s3_bucket_producer_with_no_taskflow', 'dataset_alias_example_alias_producer_with_no_taskflow', 'dataset_alias_example_alias_consumer_with_no_taskflow', 'dataset_s3_bucket_consumer_with_no_taskflow' retrieved from /home/airflow/.local/lib/python3.12/site-packages/airflow/example_dags/example_dataset_alias_with_no_taskflow.py
[2026-08-08T17:44:40.540+0000] {logging_mixin.py:190} INFO - [2026-08-08T17:44:40.540+0000] {dag.py:3211} INFO - Sync 4 DAGs
[2026-08-08T17:44:40.562+0000] {logging_mixin.py:190} INFO - [2026-08-08T17:44:40.562+0000] {dag.py:4138} INFO - Setting next_dagrun for dataset_alias_example_alias_consumer_with_no_taskflow to None, run_after=None
[2026-08-08T17:44:40.564+0000] {logging_mixin.py:190} INFO - [2026-08-08T17:44:40.564+0000] {dag.py:4138} INFO - Setting next_dagrun for dataset_alias_example_alias_producer_with_no_taskflow to None, run_after=None
[2026-08-08T17:44:40.566+0000] {logging_mixin.py:190} INFO - [2026-08-08T17:44:40.566+0000] {dag.py:4138} INFO - Setting next_dagrun for dataset_s3_bucket_consumer_with_no_taskflow to None, run_after=None
[2026-08-08T17:44:40.568+0000] {logging_mixin.py:190} INFO - [2026-08-08T17:44:40.568+0000] {dag.py:4138} INFO - Setting next_dagrun for dataset_s3_bucket_producer_with_no_taskflow to None, run_after=None
[2026-08-08T17:44:40.589+0000] {processor.py:208} INFO - Processing /home/airflow/.local/lib/python3.12/site-packages/airflow/example_dags/example_dataset_alias_with_no_taskflow.py took 0.209 seconds
[2026-08-08T17:45:10.808+0000] {processor.py:186} INFO - Started process (PID=400) to work on /home/airflow/.local/lib/python3.12/site-packages/airflow/example_dags/example_dataset_alias_with_no_taskflow.py
[2026-08-08T17:45:10.809+0000] {processor.py:914} INFO - Processing file /home/airflow/.local/lib/python3.12/site-packages/airflow/example_dags/example_dataset_alias_with_no_taskflow.py for tasks to queue
[2026-08-08T17:45:10.812+0000] {logging_mixin.py:190} INFO - [2026-08-08T17:45:10.812+0000] {dagbag.py:587} INFO - Filling up the DagBag from /home/airflow/.local/lib/python3.12/site-packages/airflow/example_dags/example_dataset_alias_with_no_taskflow.py
[2026-08-08T17:45:10.947+0000] {processor.py:925} INFO - DAG(s) 'dataset_alias_example_alias_consumer_with_no_taskflow', 'dataset_s3_bucket_producer_with_no_taskflow', 'dataset_alias_example_alias_producer_with_no_taskflow', 'dataset_s3_bucket_consumer_with_no_taskflow' retrieved from /home/airflow/.local/lib/python3.12/site-packages/airflow/example_dags/example_dataset_alias_with_no_taskflow.py
[2026-08-08T17:45:10.965+0000] {logging_mixin.py:190} INFO - [2026-08-08T17:45:10.964+0000] {dag.py:3211} INFO - Sync 4 DAGs
[2026-08-08T17:45:10.981+0000] {logging_mixin.py:190} INFO - [2026-08-08T17:45:10.981+0000] {dag.py:4138} INFO - Setting next_dagrun for dataset_alias_example_alias_consumer_with_no_taskflow to None, run_after=None
[2026-08-08T17:45:10.984+0000] {logging_mixin.py:190} INFO - [2026-08-08T17:45:10.984+0000] {dag.py:4138} INFO - Setting next_dagrun for dataset_alias_example_alias_producer_with_no_taskflow to None, run_after=None
[2026-08-08T17:45:10.986+0000] {logging_mixin.py:190} INFO - [2026-08-08T17:45:10.986+0000] {dag.py:4138} INFO - Setting next_dagrun for dataset_s3_bucket_consumer_with_no_taskflow to None, run_after=None
[2026-08-08T17:45:10.987+0000] {logging_mixin.py:190} INFO - [2026-08-08T17:45:10.987+0000] {dag.py:4138} INFO - Setting next_dagrun for dataset_s3_bucket_producer_with_no_taskflow to None, run_after=None
[2026-08-08T17:45:11.012+0000] {processor.py:208} INFO - Processing /home/airflow/.local/lib/python3.12/site-packages/airflow/example_dags/example_dataset_alias_with_no_taskflow.py took 0.209 seconds
[2026-08-08T17:45:41.054+0000] {processor.py:186} INFO - Started process (PID=463) to work on /home/airflow/.local/lib/python3.12/site-packages/airflow/example_dags/example_dataset_alias_with_no_taskflow.py
[2026-08-08T17:45:41.056+0000] {processor.py:914} INFO - Processing file /home/airflow/.local/lib/python3.12/site-packages/airflow/example_dags/example_dataset_alias_with_no_taskflow.py for tasks to queue
[2026-08-08T17:45:41.059+0000] {logging_mixin.py:190} INFO - [2026-08-08T17:45:41.058+0000] {dagbag.py:587} INFO - Filling up the DagBag from /home/airflow/.local/lib/python3.12/site-packages/airflow/example_dags/example_dataset_alias_with_no_taskflow.py
[2026-08-08T17:45:41.225+0000] {processor.py:925} INFO - DAG(s) 'dataset_alias_example_alias_consumer_with_no_taskflow', 'dataset_s3_bucket_consumer_with_no_taskflow', 'dataset_s3_bucket_producer_with_no_taskflow', 'dataset_alias_example_alias_producer_with_no_taskflow' retrieved from /home/airflow/.local/lib/python3.12/site-packages/airflow/example_dags/example_dataset_alias_with_no_taskflow.py
[2026-08-08T17:45:41.245+0000] {logging_mixin.py:190} INFO - [2026-08-08T17:45:41.245+0000] {dag.py:3211} INFO - Sync 4 DAGs
[2026-08-08T17:45:41.270+0000] {logging_mixin.py:190} INFO - [2026-08-08T17:45:41.270+0000] {dag.py:4138} INFO - Setting next_dagrun for dataset_alias_example_alias_consumer_with_no_taskflow to None, run_after=None
[2026-08-08T17:45:41.272+0000] {logging_mixin.py:190} INFO - [2026-08-08T17:45:41.272+0000] {dag.py:4138} INFO - Setting next_dagrun for dataset_alias_example_alias_producer_with_no_taskflow to None, run_after=None
[2026-08-08T17:45:41.274+0000] {logging_mixin.py:190} INFO - [2026-08-08T17:45:41.274+0000] {dag.py:4138} INFO - Setting next_dagrun for dataset_s3_bucket_consumer_with_no_taskflow to None, run_after=None
[2026-08-08T17:45:41.276+0000] {logging_mixin.py:190} INFO - [2026-08-08T17:45:41.275+0000] {dag.py:4138} INFO - Setting next_dagrun for dataset_s3_bucket_producer_with_no_taskflow to None, run_after=None
[2026-08-08T17:45:41.304+0000] {processor.py:208} INFO - Processing /home/airflow/.local/lib/python3.12/site-packages/airflow/example_dags/example_dataset_alias_with_no_taskflow.py took 0.257 seconds
[2026-08-08T17:47:11.824+0000] {processor.py:186} INFO - Started process (PID=79) to work on /home/airflow/.local/lib/python3.12/site-packages/airflow/example_dags/example_dataset_alias_with_no_taskflow.py
[2026-08-08T17:47:11.825+0000] {processor.py:914} INFO - Processing file /home/airflow/.local/lib/python3.12/site-packages/airflow/example_dags/example_dataset_alias_with_no_taskflow.py for tasks to queue
[2026-08-08T17:47:11.828+0000] {logging_mixin.py:190} INFO - [2026-08-08T17:47:11.828+0000] {dagbag.py:587} INFO - Filling up the DagBag from /home/airflow/.local/lib/python3.12/site-packages/airflow/example_dags/example_dataset_alias_with_no_taskflow.py
[2026-08-08T17:47:12.000+0000] {processor.py:925} INFO - DAG(s) 'dataset_alias_example_alias_consumer_with_no_taskflow', 'dataset_s3_bucket_consumer_with_no_taskflow', 'dataset_alias_example_alias_producer_with_no_taskflow', 'dataset_s3_bucket_producer_with_no_taskflow' retrieved from /home/airflow/.local/lib/python3.12/site-packages/airflow/example_dags/example_dataset_alias_with_no_taskflow.py
[2026-08-08T17:47:12.027+0000] {logging_mixin.py:190} INFO - [2026-08-08T17:47:12.027+0000] {dag.py:3211} INFO - Sync 4 DAGs
[2026-08-08T17:47:12.048+0000] {logging_mixin.py:190} INFO - [2026-08-08T17:47:12.047+0000] {dag.py:4138} INFO - Setting next_dagrun for dataset_alias_example_alias_consumer_with_no_taskflow to None, run_after=None
[2026-08-08T17:47:12.051+0000] {logging_mixin.py:190} INFO - [2026-08-08T17:47:12.050+0000] {dag.py:4138} INFO - Setting next_dagrun for dataset_alias_example_alias_producer_with_no_taskflow to None, run_after=None
[2026-08-08T17:47:12.052+0000] {logging_mixin.py:190} INFO - [2026-08-08T17:47:12.052+0000] {dag.py:4138} INFO - Setting next_dagrun for dataset_s3_bucket_consumer_with_no_taskflow to None, run_after=None
[2026-08-08T17:47:12.054+0000] {logging_mixin.py:190} INFO - [2026-08-08T17:47:12.054+0000] {dag.py:4138} INFO - Setting next_dagrun for dataset_s3_bucket_producer_with_no_taskflow to None, run_after=None
[2026-08-08T17:47:12.087+0000] {processor.py:208} INFO - Processing /home/airflow/.local/lib/python3.12/site-packages/airflow/example_dags/example_dataset_alias_with_no_taskflow.py took 0.271 seconds
[2026-08-08T17:47:42.918+0000] {processor.py:186} INFO - Started process (PID=143) to work on /home/airflow/.local/lib/python3.12/site-packages/airflow/example_dags/example_dataset_alias_with_no_taskflow.py
[2026-08-08T17:47:42.920+0000] {processor.py:914} INFO - Processing file /home/airflow/.local/lib/python3.12/site-packages/airflow/example_dags/example_dataset_alias_with_no_taskflow.py for tasks to queue
[2026-08-08T17:47:42.925+0000] {logging_mixin.py:190} INFO - [2026-08-08T17:47:42.924+0000] {dagbag.py:587} INFO - Filling up the DagBag from /home/airflow/.local/lib/python3.12/site-packages/airflow/example_dags/example_dataset_alias_with_no_taskflow.py
[2026-08-08T17:47:43.191+0000] {processor.py:925} INFO - DAG(s) 'dataset_alias_example_alias_producer_with_no_taskflow', 'dataset_s3_bucket_consumer_with_no_taskflow', 'dataset_alias_example_alias_consumer_with_no_taskflow', 'dataset_s3_bucket_producer_with_no_taskflow' retrieved from /home/airflow/.local/lib/python3.12/site-packages/airflow/example_dags/example_dataset_alias_with_no_taskflow.py
[2026-08-08T17:47:43.219+0000] {logging_mixin.py:190} INFO - [2026-08-08T17:47:43.219+0000] {dag.py:3211} INFO - Sync 4 DAGs
[2026-08-08T17:47:43.249+0000] {logging_mixin.py:190} INFO - [2026-08-08T17:47:43.249+0000] {dag.py:4138} INFO - Setting next_dagrun for dataset_alias_example_alias_consumer_with_no_taskflow to None, run_after=None
[2026-08-08T17:47:43.254+0000] {logging_mixin.py:190} INFO - [2026-08-08T17:47:43.254+0000] {dag.py:4138} INFO - Setting next_dagrun for dataset_alias_example_alias_producer_with_no_taskflow to None, run_after=None
[2026-08-08T17:47:43.258+0000] {logging_mixin.py:190} INFO - [2026-08-08T17:47:43.258+0000] {dag.py:4138} INFO - Setting next_dagrun for dataset_s3_bucket_consumer_with_no_taskflow to None, run_after=None
[2026-08-08T17:47:43.261+0000] {logging_mixin.py:190} INFO - [2026-08-08T17:47:43.261+0000] {dag.py:4138} INFO - Setting next_dagrun for dataset_s3_bucket_producer_with_no_taskflow to None, run_after=None
[2026-08-08T17:47:43.300+0000] {processor.py:208} INFO - Processing /home/airflow/.local/lib/python3.12/site-packages/airflow/example_dags/example_dataset_alias_with_no_taskflow.py took 0.394 seconds
[2026-08-08T17:48:13.380+0000] {processor.py:186} INFO - Started process (PID=212) to work on /home/airflow/.local/lib/python3.12/site-packages/airflow/example_dags/example_dataset_alias_with_no_taskflow.py
[2026-08-08T17:48:13.381+0000] {processor.py:914} INFO - Processing file /home/airflow/.local/lib/python3.12/site-packages/airflow/example_dags/example_dataset_alias_with_no_taskflow.py for tasks to queue
[2026-08-08T17:48:13.384+0000] {logging_mixin.py:190} INFO - [2026-08-08T17:48:13.384+0000] {dagbag.py:587} INFO - Filling up the DagBag from /home/airflow/.local/lib/python3.12/site-packages/airflow/example_dags/example_dataset_alias_with_no_taskflow.py
[2026-08-08T17:48:13.544+0000] {processor.py:925} INFO - DAG(s) 'dataset_s3_bucket_consumer_with_no_taskflow', 'dataset_s3_bucket_producer_with_no_taskflow', 'dataset_alias_example_alias_consumer_with_no_taskflow', 'dataset_alias_example_alias_producer_with_no_taskflow' retrieved from /home/airflow/.local/lib/python3.12/site-packages/airflow/example_dags/example_dataset_alias_with_no_taskflow.py
[2026-08-08T17:48:13.564+0000] {logging_mixin.py:190} INFO - [2026-08-08T17:48:13.564+0000] {dag.py:3211} INFO - Sync 4 DAGs
[2026-08-08T17:48:13.580+0000] {logging_mixin.py:190} INFO - [2026-08-08T17:48:13.580+0000] {dag.py:4138} INFO - Setting next_dagrun for dataset_alias_example_alias_consumer_with_no_taskflow to None, run_after=None
[2026-08-08T17:48:13.583+0000] {logging_mixin.py:190} INFO - [2026-08-08T17:48:13.583+0000] {dag.py:4138} INFO - Setting next_dagrun for dataset_alias_example_alias_producer_with_no_taskflow to None, run_after=None
[2026-08-08T17:48:13.584+0000] {logging_mixin.py:190} INFO - [2026-08-08T17:48:13.584+0000] {dag.py:4138} INFO - Setting next_dagrun for dataset_s3_bucket_consumer_with_no_taskflow to None, run_after=None
[2026-08-08T17:48:13.586+0000] {logging_mixin.py:190} INFO - [2026-08-08T17:48:13.586+0000] {dag.py:4138} INFO - Setting next_dagrun for dataset_s3_bucket_producer_with_no_taskflow to None, run_after=None
[2026-08-08T17:48:13.607+0000] {processor.py:208} INFO - Processing /home/airflow/.local/lib/python3.12/site-packages/airflow/example_dags/example_dataset_alias_with_no_taskflow.py took 0.236 seconds
[2026-08-08T17:48:44.188+0000] {processor.py:186} INFO - Started process (PID=281) to work on /home/airflow/.local/lib/python3.12/site-packages/airflow/example_dags/example_dataset_alias_with_no_taskflow.py
[2026-08-08T17:48:44.190+0000] {processor.py:914} INFO - Processing file /home/airflow/.local/lib/python3.12/site-packages/airflow/example_dags/example_dataset_alias_with_no_taskflow.py for tasks to queue
[2026-08-08T17:48:44.195+0000] {logging_mixin.py:190} INFO - [2026-08-08T17:48:44.193+0000] {dagbag.py:587} INFO - Filling up the DagBag from /home/airflow/.local/lib/python3.12/site-packages/airflow/example_dags/example_dataset_alias_with_no_taskflow.py
[2026-08-08T17:48:44.379+0000] {processor.py:925} INFO - DAG(s) 'dataset_s3_bucket_consumer_with_no_taskflow', 'dataset_alias_example_alias_consumer_with_no_taskflow', 'dataset_s3_bucket_producer_with_no_taskflow', 'dataset_alias_example_alias_producer_with_no_taskflow' retrieved from /home/airflow/.local/lib/python3.12/site-packages/airflow/example_dags/example_dataset_alias_with_no_taskflow.py
[2026-08-08T17:48:44.399+0000] {logging_mixin.py:190} INFO - [2026-08-08T17:48:44.398+0000] {dag.py:3211} INFO - Sync 4 DAGs
[2026-08-08T17:48:44.424+0000] {logging_mixin.py:190} INFO - [2026-08-08T17:48:44.423+0000] {dag.py:4138} INFO - Setting next_dagrun for dataset_alias_example_alias_consumer_with_no_taskflow to None, run_after=None
[2026-08-08T17:48:44.428+0000] {logging_mixin.py:190} INFO - [2026-08-08T17:48:44.427+0000] {dag.py:4138} INFO - Setting next_dagrun for dataset_alias_example_alias_producer_with_no_taskflow to None, run_after=None
[2026-08-08T17:48:44.429+0000] {logging_mixin.py:190} INFO - [2026-08-08T17:48:44.429+0000] {dag.py:4138} INFO - Setting next_dagrun for dataset_s3_bucket_consumer_with_no_taskflow to None, run_after=None
[2026-08-08T17:48:44.431+0000] {logging_mixin.py:190} INFO - [2026-08-08T17:48:44.431+0000] {dag.py:4138} INFO - Setting next_dagrun for dataset_s3_bucket_producer_with_no_taskflow to None, run_after=None
[2026-08-08T17:48:44.459+0000] {processor.py:208} INFO - Processing /home/airflow/.local/lib/python3.12/site-packages/airflow/example_dags/example_dataset_alias_with_no_taskflow.py took 0.277 seconds
[2026-08-08T17:52:35.495+0000] {processor.py:186} INFO - Started process (PID=84) to work on /home/airflow/.local/lib/python3.12/site-packages/airflow/example_dags/example_dataset_alias_with_no_taskflow.py
[2026-08-08T17:52:35.497+0000] {processor.py:914} INFO - Processing file /home/airflow/.local/lib/python3.12/site-packages/airflow/example_dags/example_dataset_alias_with_no_taskflow.py for tasks to queue
[2026-08-08T17:52:35.500+0000] {logging_mixin.py:190} INFO - [2026-08-08T17:52:35.500+0000] {dagbag.py:587} INFO - Filling up the DagBag from /home/airflow/.local/lib/python3.12/site-packages/airflow/example_dags/example_dataset_alias_with_no_taskflow.py
[2026-08-08T17:52:35.700+0000] {processor.py:925} INFO - DAG(s) 'dataset_alias_example_alias_consumer_with_no_taskflow', 'dataset_alias_example_alias_producer_with_no_taskflow', 'dataset_s3_bucket_consumer_with_no_taskflow', 'dataset_s3_bucket_producer_with_no_taskflow' retrieved from /home/airflow/.local/lib/python3.12/site-packages/airflow/example_dags/example_dataset_alias_with_no_taskflow.py
[2026-08-08T17:52:35.735+0000] {logging_mixin.py:190} INFO - [2026-08-08T17:52:35.735+0000] {dag.py:3211} INFO - Sync 4 DAGs
[2026-08-08T17:52:35.762+0000] {logging_mixin.py:190} INFO - [2026-08-08T17:52:35.762+0000] {dag.py:4138} INFO - Setting next_dagrun for dataset_alias_example_alias_consumer_with_no_taskflow to None, run_after=None
[2026-08-08T17:52:35.765+0000] {logging_mixin.py:190} INFO - [2026-08-08T17:52:35.765+0000] {dag.py:4138} INFO - Setting next_dagrun for dataset_alias_example_alias_producer_with_no_taskflow to None, run_after=None
[2026-08-08T17:52:35.767+0000] {logging_mixin.py:190} INFO - [2026-08-08T17:52:35.767+0000] {dag.py:4138} INFO - Setting next_dagrun for dataset_s3_bucket_consumer_with_no_taskflow to None, run_after=None
[2026-08-08T17:52:35.769+0000] {logging_mixin.py:190} INFO - [2026-08-08T17:52:35.769+0000] {dag.py:4138} INFO - Setting next_dagrun for dataset_s3_bucket_producer_with_no_taskflow to None, run_after=None
[2026-08-08T17:52:35.798+0000] {processor.py:208} INFO - Processing /home/airflow/.local/lib/python3.12/site-packages/airflow/example_dags/example_dataset_alias_with_no_taskflow.py took 0.312 seconds
[2026-08-08T17:53:06.137+0000] {processor.py:186} INFO - Started process (PID=147) to work on /home/airflow/.local/lib/python3.12/site-packages/airflow/example_dags/example_dataset_alias_with_no_taskflow.py
[2026-08-08T17:53:06.138+0000] {processor.py:914} INFO - Processing file /home/airflow/.local/lib/python3.12/site-packages/airflow/example_dags/example_dataset_alias_with_no_taskflow.py for tasks to queue
[2026-08-08T17:53:06.141+0000] {logging_mixin.py:190} INFO - [2026-08-08T17:53:06.140+0000] {dagbag.py:587} INFO - Filling up the DagBag from /home/airflow/.local/lib/python3.12/site-packages/airflow/example_dags/example_dataset_alias_with_no_taskflow.py
[2026-08-08T17:53:06.306+0000] {processor.py:925} INFO - DAG(s) 'dataset_alias_example_alias_consumer_with_no_taskflow', 'dataset_alias_example_alias_producer_with_no_taskflow', 'dataset_s3_bucket_producer_with_no_taskflow', 'dataset_s3_bucket_consumer_with_no_taskflow' retrieved from /home/airflow/.local/lib/python3.12/site-packages/airflow/example_dags/example_dataset_alias_with_no_taskflow.py
[2026-08-08T17:53:06.330+0000] {logging_mixin.py:190} INFO - [2026-08-08T17:53:06.330+0000] {dag.py:3211} INFO - Sync 4 DAGs
[2026-08-08T17:53:06.352+0000] {logging_mixin.py:190} INFO - [2026-08-08T17:53:06.352+0000] {dag.py:4138} INFO - Setting next_dagrun for dataset_alias_example_alias_consumer_with_no_taskflow to None, run_after=None
[2026-08-08T17:53:06.354+0000] {logging_mixin.py:190} INFO - [2026-08-08T17:53:06.354+0000] {dag.py:4138} INFO - Setting next_dagrun for dataset_alias_example_alias_producer_with_no_taskflow to None, run_after=None
[2026-08-08T17:53:06.356+0000] {logging_mixin.py:190} INFO - [2026-08-08T17:53:06.356+0000] {dag.py:4138} INFO - Setting next_dagrun for dataset_s3_bucket_consumer_with_no_taskflow to None, run_after=None
[2026-08-08T17:53:06.357+0000] {logging_mixin.py:190} INFO - [2026-08-08T17:53:06.357+0000] {dag.py:4138} INFO - Setting next_dagrun for dataset_s3_bucket_producer_with_no_taskflow to None, run_after=None
[2026-08-08T17:53:06.378+0000] {processor.py:208} INFO - Processing /home/airflow/.local/lib/python3.12/site-packages/airflow/example_dags/example_dataset_alias_with_no_taskflow.py took 0.248 seconds
[2026-08-08T17:53:36.660+0000] {processor.py:186} INFO - Started process (PID=210) to work on /home/airflow/.local/lib/python3.12/site-packages/airflow/example_dags/example_dataset_alias_with_no_taskflow.py
[2026-08-08T17:53:36.662+0000] {processor.py:914} INFO - Processing file /home/airflow/.local/lib/python3.12/site-packages/airflow/example_dags/example_dataset_alias_with_no_taskflow.py for tasks to queue
[2026-08-08T17:53:36.664+0000] {logging_mixin.py:190} INFO - [2026-08-08T17:53:36.664+0000] {dagbag.py:587} INFO - Filling up the DagBag from /home/airflow/.local/lib/python3.12/site-packages/airflow/example_dags/example_dataset_alias_with_no_taskflow.py
[2026-08-08T17:53:36.881+0000] {processor.py:925} INFO - DAG(s) 'dataset_alias_example_alias_consumer_with_no_taskflow', 'dataset_s3_bucket_producer_with_no_taskflow', 'dataset_s3_bucket_consumer_with_no_taskflow', 'dataset_alias_example_alias_producer_with_no_taskflow' retrieved from /home/airflow/.local/lib/python3.12/site-packages/airflow/example_dags/example_dataset_alias_with_no_taskflow.py
[2026-08-08T17:53:36.958+0000] {logging_mixin.py:190} INFO - [2026-08-08T17:53:36.957+0000] {dag.py:3211} INFO - Sync 4 DAGs
[2026-08-08T17:53:37.006+0000] {logging_mixin.py:190} INFO - [2026-08-08T17:53:37.005+0000] {dag.py:4138} INFO - Setting next_dagrun for dataset_alias_example_alias_consumer_with_no_taskflow to None, run_after=None
[2026-08-08T17:53:37.013+0000] {logging_mixin.py:190} INFO - [2026-08-08T17:53:37.013+0000] {dag.py:4138} INFO - Setting next_dagrun for dataset_alias_example_alias_producer_with_no_taskflow to None, run_after=None
[2026-08-08T17:53:37.017+0000] {logging_mixin.py:190} INFO - [2026-08-08T17:53:37.016+0000] {dag.py:4138} INFO - Setting next_dagrun for dataset_s3_bucket_consumer_with_no_taskflow to None, run_after=None
[2026-08-08T17:53:37.020+0000] {logging_mixin.py:190} INFO - [2026-08-08T17:53:37.020+0000] {dag.py:4138} INFO - Setting next_dagrun for dataset_s3_bucket_producer_with_no_taskflow to None, run_after=None
[2026-08-08T17:53:37.056+0000] {processor.py:208} INFO - Processing /home/airflow/.local/lib/python3.12/site-packages/airflow/example_dags/example_dataset_alias_with_no_taskflow.py took 0.404 seconds
[2026-08-08T17:54:07.350+0000] {processor.py:186} INFO - Started process (PID=273) to work on /home/airflow/.local/lib/python3.12/site-packages/airflow/example_dags/example_dataset_alias_with_no_taskflow.py
[2026-08-08T17:54:07.352+0000] {processor.py:914} INFO - Processing file /home/airflow/.local/lib/python3.12/site-packages/airflow/example_dags/example_dataset_alias_with_no_taskflow.py for tasks to queue
[2026-08-08T17:54:07.354+0000] {logging_mixin.py:190} INFO - [2026-08-08T17:54:07.354+0000] {dagbag.py:587} INFO - Filling up the DagBag from /home/airflow/.local/lib/python3.12/site-packages/airflow/example_dags/example_dataset_alias_with_no_taskflow.py
[2026-08-08T17:54:07.596+0000] {processor.py:925} INFO - DAG(s) 'dataset_alias_example_alias_producer_with_no_taskflow', 'dataset_s3_bucket_consumer_with_no_taskflow', 'dataset_alias_example_alias_consumer_with_no_taskflow', 'dataset_s3_bucket_producer_with_no_taskflow' retrieved from /home/airflow/.local/lib/python3.12/site-packages/airflow/example_dags/example_dataset_alias_with_no_taskflow.py
[2026-08-08T17:54:07.676+0000] {logging_mixin.py:190} INFO - [2026-08-08T17:54:07.675+0000] {dag.py:3211} INFO - Sync 4 DAGs
[2026-08-08T17:54:07.748+0000] {logging_mixin.py:190} INFO - [2026-08-08T17:54:07.747+0000] {dag.py:4138} INFO - Setting next_dagrun for dataset_alias_example_alias_consumer_with_no_taskflow to None, run_after=None
[2026-08-08T17:54:07.754+0000] {logging_mixin.py:190} INFO - [2026-08-08T17:54:07.753+0000] {dag.py:4138} INFO - Setting next_dagrun for dataset_alias_example_alias_producer_with_no_taskflow to None, run_after=None
[2026-08-08T17:54:07.757+0000] {logging_mixin.py:190} INFO - [2026-08-08T17:54:07.757+0000] {dag.py:4138} INFO - Setting next_dagrun for dataset_s3_bucket_consumer_with_no_taskflow to None, run_after=None
[2026-08-08T17:54:07.760+0000] {logging_mixin.py:190} INFO - [2026-08-08T17:54:07.760+0000] {dag.py:4138} INFO - Setting next_dagrun for dataset_s3_bucket_producer_with_no_taskflow to None, run_after=None
[2026-08-08T17:54:07.807+0000] {processor.py:208} INFO - Processing /home/airflow/.local/lib/python3.12/site-packages/airflow/example_dags/example_dataset_alias_with_no_taskflow.py took 0.463 seconds
[2026-08-08T17:54:37.854+0000] {processor.py:186} INFO - Started process (PID=337) to work on /home/airflow/.local/lib/python3.12/site-packages/airflow/example_dags/example_dataset_alias_with_no_taskflow.py
[2026-08-08T17:54:37.856+0000] {processor.py:914} INFO - Processing file /home/airflow/.local/lib/python3.12/site-packages/airflow/example_dags/example_dataset_alias_with_no_taskflow.py for tasks to queue
[2026-08-08T17:54:37.858+0000] {logging_mixin.py:190} INFO - [2026-08-08T17:54:37.858+0000] {dagbag.py:587} INFO - Filling up the DagBag from /home/airflow/.local/lib/python3.12/site-packages/airflow/example_dags/example_dataset_alias_with_no_taskflow.py
[2026-08-08T17:54:37.975+0000] {processor.py:925} INFO - DAG(s) 'dataset_s3_bucket_consumer_with_no_taskflow', 'dataset_alias_example_alias_consumer_with_no_taskflow', 'dataset_s3_bucket_producer_with_no_taskflow', 'dataset_alias_example_alias_producer_with_no_taskflow' retrieved from /home/airflow/.local/lib/python3.12/site-packages/airflow/example_dags/example_dataset_alias_with_no_taskflow.py
[2026-08-08T17:54:37.991+0000] {logging_mixin.py:190} INFO - [2026-08-08T17:54:37.990+0000] {dag.py:3211} INFO - Sync 4 DAGs
[2026-08-08T17:54:38.007+0000] {logging_mixin.py:190} INFO - [2026-08-08T17:54:38.007+0000] {dag.py:4138} INFO - Setting next_dagrun for dataset_alias_example_alias_consumer_with_no_taskflow to None, run_after=None
[2026-08-08T17:54:38.009+0000] {logging_mixin.py:190} INFO - [2026-08-08T17:54:38.009+0000] {dag.py:4138} INFO - Setting next_dagrun for dataset_alias_example_alias_producer_with_no_taskflow to None, run_after=None
[2026-08-08T17:54:38.011+0000] {logging_mixin.py:190} INFO - [2026-08-08T17:54:38.011+0000] {dag.py:4138} INFO - Setting next_dagrun for dataset_s3_bucket_consumer_with_no_taskflow to None, run_after=None
[2026-08-08T17:54:38.012+0000] {logging_mixin.py:190} INFO - [2026-08-08T17:54:38.012+0000] {dag.py:4138} INFO - Setting next_dagrun for dataset_s3_bucket_producer_with_no_taskflow to None, run_after=None
[2026-08-08T17:54:38.031+0000] {processor.py:208} INFO - Processing /home/airflow/.local/lib/python3.12/site-packages/airflow/example_dags/example_dataset_alias_with_no_taskflow.py took 0.182 seconds
[2026-08-08T17:55:09.038+0000] {processor.py:186} INFO - Started process (PID=400) to work on /home/airflow/.local/lib/python3.12/site-packages/airflow/example_dags/example_dataset_alias_with_no_taskflow.py
[2026-08-08T17:55:09.039+0000] {processor.py:914} INFO - Processing file /home/airflow/.local/lib/python3.12/site-packages/airflow/example_dags/example_dataset_alias_with_no_taskflow.py for tasks to queue
[2026-08-08T17:55:09.041+0000] {logging_mixin.py:190} INFO - [2026-08-08T17:55:09.041+0000] {dagbag.py:587} INFO - Filling up the DagBag from /home/airflow/.local/lib/python3.12/site-packages/airflow/example_dags/example_dataset_alias_with_no_taskflow.py
[2026-08-08T17:55:09.142+0000] {processor.py:925} INFO - DAG(s) 'dataset_s3_bucket_consumer_with_no_taskflow', 'dataset_alias_example_alias_consumer_with_no_taskflow', 'dataset_s3_bucket_producer_with_no_taskflow', 'dataset_alias_example_alias_producer_with_no_taskflow' retrieved from /home/airflow/.local/lib/python3.12/site-packages/airflow/example_dags/example_dataset_alias_with_no_taskflow.py
[2026-08-08T17:55:09.158+0000] {logging_mixin.py:190} INFO - [2026-08-08T17:55:09.158+0000] {dag.py:3211} INFO - Sync 4 DAGs
[2026-08-08T17:55:09.173+0000] {logging_mixin.py:190} INFO - [2026-08-08T17:55:09.173+0000] {dag.py:4138} INFO - Setting next_dagrun for dataset_alias_example_alias_consumer_with_no_taskflow to None, run_after=None
[2026-08-08T17:55:09.175+0000] {logging_mixin.py:190} INFO - [2026-08-08T17:55:09.175+0000] {dag.py:4138} INFO - Setting next_dagrun for dataset_alias_example_alias_producer_with_no_taskflow to None, run_after=None
[2026-08-08T17:55:09.177+0000] {logging_mixin.py:190} INFO - [2026-08-08T17:55:09.177+0000] {dag.py:4138} INFO - Setting next_dagrun for dataset_s3_bucket_consumer_with_no_taskflow to None, run_after=None
[2026-08-08T17:55:09.178+0000] {logging_mixin.py:190} INFO - [2026-08-08T17:55:09.178+0000] {dag.py:4138} INFO - Setting next_dagrun for dataset_s3_bucket_producer_with_no_taskflow to None, run_after=None
[2026-08-08T17:55:09.196+0000] {processor.py:208} INFO - Processing /home/airflow/.local/lib/python3.12/site-packages/airflow/example_dags/example_dataset_alias_with_no_taskflow.py took 0.163 seconds
[2026-08-08T17:55:39.283+0000] {processor.py:186} INFO - Started process (PID=463) to work on /home/airflow/.local/lib/python3.12/site-packages/airflow/example_dags/example_dataset_alias_with_no_taskflow.py
[2026-08-08T17:55:39.284+0000] {processor.py:914} INFO - Processing file /home/airflow/.local/lib/python3.12/site-packages/airflow/example_dags/example_dataset_alias_with_no_taskflow.py for tasks to queue
[2026-08-08T17:55:39.287+0000] {logging_mixin.py:190} INFO - [2026-08-08T17:55:39.286+0000] {dagbag.py:587} INFO - Filling up the DagBag from /home/airflow/.local/lib/python3.12/site-packages/airflow/example_dags/example_dataset_alias_with_no_taskflow.py
[2026-08-08T17:55:39.394+0000] {processor.py:925} INFO - DAG(s) 'dataset_s3_bucket_producer_with_no_taskflow', 'dataset_s3_bucket_consumer_with_no_taskflow', 'dataset_alias_example_alias_consumer_with_no_taskflow', 'dataset_alias_example_alias_producer_with_no_taskflow' retrieved from /home/airflow/.local/lib/python3.12/site-packages/airflow/example_dags/example_dataset_alias_with_no_taskflow.py
[2026-08-08T17:55:39.411+0000] {logging_mixin.py:190} INFO - [2026-08-08T17:55:39.411+0000] {dag.py:3211} INFO - Sync 4 DAGs
[2026-08-08T17:55:39.427+0000] {logging_mixin.py:190} INFO - [2026-08-08T17:55:39.427+0000] {dag.py:4138} INFO - Setting next_dagrun for dataset_alias_example_alias_consumer_with_no_taskflow to None, run_after=None
[2026-08-08T17:55:39.429+0000] {logging_mixin.py:190} INFO - [2026-08-08T17:55:39.429+0000] {dag.py:4138} INFO - Setting next_dagrun for dataset_alias_example_alias_producer_with_no_taskflow to None, run_after=None
[2026-08-08T17:55:39.431+0000] {logging_mixin.py:190} INFO - [2026-08-08T17:55:39.430+0000] {dag.py:4138} INFO - Setting next_dagrun for dataset_s3_bucket_consumer_with_no_taskflow to None, run_after=None
[2026-08-08T17:55:39.432+0000] {logging_mixin.py:190} INFO - [2026-08-08T17:55:39.432+0000] {dag.py:4138} INFO - Setting next_dagrun for dataset_s3_bucket_producer_with_no_taskflow to None, run_after=None
[2026-08-08T17:55:39.449+0000] {processor.py:208} INFO - Processing /home/airflow/.local/lib/python3.12/site-packages/airflow/example_dags/example_dataset_alias_with_no_taskflow.py took 0.170 seconds
[2026-08-08T17:56:09.596+0000] {processor.py:186} INFO - Started process (PID=526) to work on /home/airflow/.local/lib/python3.12/site-packages/airflow/example_dags/example_dataset_alias_with_no_taskflow.py
[2026-08-08T17:56:09.597+0000] {processor.py:914} INFO - Processing file /home/airflow/.local/lib/python3.12/site-packages/airflow/example_dags/example_dataset_alias_with_no_taskflow.py for tasks to queue
[2026-08-08T17:56:09.599+0000] {logging_mixin.py:190} INFO - [2026-08-08T17:56:09.599+0000] {dagbag.py:587} INFO - Filling up the DagBag from /home/airflow/.local/lib/python3.12/site-packages/airflow/example_dags/example_dataset_alias_with_no_taskflow.py
[2026-08-08T17:56:09.696+0000] {processor.py:925} INFO - DAG(s) 'dataset_alias_example_alias_producer_with_no_taskflow', 'dataset_s3_bucket_consumer_with_no_taskflow', 'dataset_s3_bucket_producer_with_no_taskflow', 'dataset_alias_example_alias_consumer_with_no_taskflow' retrieved from /home/airflow/.local/lib/python3.12/site-packages/airflow/example_dags/example_dataset_alias_with_no_taskflow.py
[2026-08-08T17:56:09.713+0000] {logging_mixin.py:190} INFO - [2026-08-08T17:56:09.712+0000] {dag.py:3211} INFO - Sync 4 DAGs
[2026-08-08T17:56:09.728+0000] {logging_mixin.py:190} INFO - [2026-08-08T17:56:09.728+0000] {dag.py:4138} INFO - Setting next_dagrun for dataset_alias_example_alias_consumer_with_no_taskflow to None, run_after=None
[2026-08-08T17:56:09.730+0000] {logging_mixin.py:190} INFO - [2026-08-08T17:56:09.730+0000] {dag.py:4138} INFO - Setting next_dagrun for dataset_alias_example_alias_producer_with_no_taskflow to None, run_after=None
[2026-08-08T17:56:09.732+0000] {logging_mixin.py:190} INFO - [2026-08-08T17:56:09.732+0000] {dag.py:4138} INFO - Setting next_dagrun for dataset_s3_bucket_consumer_with_no_taskflow to None, run_after=None
[2026-08-08T17:56:09.733+0000] {logging_mixin.py:190} INFO - [2026-08-08T17:56:09.733+0000] {dag.py:4138} INFO - Setting next_dagrun for dataset_s3_bucket_producer_with_no_taskflow to None, run_after=None
[2026-08-08T17:56:09.751+0000] {processor.py:208} INFO - Processing /home/airflow/.local/lib/python3.12/site-packages/airflow/example_dags/example_dataset_alias_with_no_taskflow.py took 0.160 seconds
[2026-08-08T17:56:40.225+0000] {processor.py:186} INFO - Started process (PID=589) to work on /home/airflow/.local/lib/python3.12/site-packages/airflow/example_dags/example_dataset_alias_with_no_taskflow.py
[2026-08-08T17:56:40.227+0000] {processor.py:914} INFO - Processing file /home/airflow/.local/lib/python3.12/site-packages/airflow/example_dags/example_dataset_alias_with_no_taskflow.py for tasks to queue
[2026-08-08T17:56:40.231+0000] {logging_mixin.py:190} INFO - [2026-08-08T17:56:40.230+0000] {dagbag.py:587} INFO - Filling up the DagBag from /home/airflow/.local/lib/python3.12/site-packages/airflow/example_dags/example_dataset_alias_with_no_taskflow.py
[2026-08-08T17:56:40.387+0000] {processor.py:925} INFO - DAG(s) 'dataset_s3_bucket_producer_with_no_taskflow', 'dataset_alias_example_alias_producer_with_no_taskflow', 'dataset_alias_example_alias_consumer_with_no_taskflow', 'dataset_s3_bucket_consumer_with_no_taskflow' retrieved from /home/airflow/.local/lib/python3.12/site-packages/airflow/example_dags/example_dataset_alias_with_no_taskflow.py
[2026-08-08T17:56:40.411+0000] {logging_mixin.py:190} INFO - [2026-08-08T17:56:40.410+0000] {dag.py:3211} INFO - Sync 4 DAGs
[2026-08-08T17:56:40.443+0000] {logging_mixin.py:190} INFO - [2026-08-08T17:56:40.442+0000] {dag.py:4138} INFO - Setting next_dagrun for dataset_alias_example_alias_consumer_with_no_taskflow to None, run_after=None
[2026-08-08T17:56:40.446+0000] {logging_mixin.py:190} INFO - [2026-08-08T17:56:40.445+0000] {dag.py:4138} INFO - Setting next_dagrun for dataset_alias_example_alias_producer_with_no_taskflow to None, run_after=None
[2026-08-08T17:56:40.447+0000] {logging_mixin.py:190} INFO - [2026-08-08T17:56:40.447+0000] {dag.py:4138} INFO - Setting next_dagrun for dataset_s3_bucket_consumer_with_no_taskflow to None, run_after=None
[2026-08-08T17:56:40.449+0000] {logging_mixin.py:190} INFO - [2026-08-08T17:56:40.449+0000] {dag.py:4138} INFO - Setting next_dagrun for dataset_s3_bucket_producer_with_no_taskflow to None, run_after=None
[2026-08-08T17:56:40.479+0000] {processor.py:208} INFO - Processing /home/airflow/.local/lib/python3.12/site-packages/airflow/example_dags/example_dataset_alias_with_no_taskflow.py took 0.261 seconds
[2026-08-08T17:57:10.635+0000] {processor.py:186} INFO - Started process (PID=652) to work on /home/airflow/.local/lib/python3.12/site-packages/airflow/example_dags/example_dataset_alias_with_no_taskflow.py
[2026-08-08T17:57:10.637+0000] {processor.py:914} INFO - Processing file /home/airflow/.local/lib/python3.12/site-packages/airflow/example_dags/example_dataset_alias_with_no_taskflow.py for tasks to queue
[2026-08-08T17:57:10.640+0000] {logging_mixin.py:190} INFO - [2026-08-08T17:57:10.640+0000] {dagbag.py:587} INFO - Filling up the DagBag from /home/airflow/.local/lib/python3.12/site-packages/airflow/example_dags/example_dataset_alias_with_no_taskflow.py
[2026-08-08T17:57:10.796+0000] {processor.py:925} INFO - DAG(s) 'dataset_alias_example_alias_consumer_with_no_taskflow', 'dataset_s3_bucket_consumer_with_no_taskflow', 'dataset_s3_bucket_producer_with_no_taskflow', 'dataset_alias_example_alias_producer_with_no_taskflow' retrieved from /home/airflow/.local/lib/python3.12/site-packages/airflow/example_dags/example_dataset_alias_with_no_taskflow.py
[2026-08-08T17:57:10.819+0000] {logging_mixin.py:190} INFO - [2026-08-08T17:57:10.818+0000] {dag.py:3211} INFO - Sync 4 DAGs
[2026-08-08T17:57:10.852+0000] {logging_mixin.py:190} INFO - [2026-08-08T17:57:10.852+0000] {dag.py:4138} INFO - Setting next_dagrun for dataset_alias_example_alias_consumer_with_no_taskflow to None, run_after=None
[2026-08-08T17:57:10.859+0000] {logging_mixin.py:190} INFO - [2026-08-08T17:57:10.859+0000] {dag.py:4138} INFO - Setting next_dagrun for dataset_alias_example_alias_producer_with_no_taskflow to None, run_after=None
[2026-08-08T17:57:10.864+0000] {logging_mixin.py:190} INFO - [2026-08-08T17:57:10.864+0000] {dag.py:4138} INFO - Setting next_dagrun for dataset_s3_bucket_consumer_with_no_taskflow to None, run_after=None
[2026-08-08T17:57:10.866+0000] {logging_mixin.py:190} INFO - [2026-08-08T17:57:10.865+0000] {dag.py:4138} INFO - Setting next_dagrun for dataset_s3_bucket_producer_with_no_taskflow to None, run_after=None
[2026-08-08T17:57:10.893+0000] {processor.py:208} INFO - Processing /home/airflow/.local/lib/python3.12/site-packages/airflow/example_dags/example_dataset_alias_with_no_taskflow.py took 0.263 seconds
[2026-08-08T18:08:15.433+0000] {processor.py:186} INFO - Started process (PID=714) to work on /home/airflow/.local/lib/python3.12/site-packages/airflow/example_dags/example_dataset_alias_with_no_taskflow.py
[2026-08-08T18:08:15.449+0000] {processor.py:914} INFO - Processing file /home/airflow/.local/lib/python3.12/site-packages/airflow/example_dags/example_dataset_alias_with_no_taskflow.py for tasks to queue
[2026-08-08T18:08:15.465+0000] {logging_mixin.py:190} INFO - [2026-08-08T18:08:15.464+0000] {dagbag.py:587} INFO - Filling up the DagBag from /home/airflow/.local/lib/python3.12/site-packages/airflow/example_dags/example_dataset_alias_with_no_taskflow.py
[2026-08-08T18:08:15.796+0000] {processor.py:925} INFO - DAG(s) 'dataset_alias_example_alias_consumer_with_no_taskflow', 'dataset_s3_bucket_producer_with_no_taskflow', 'dataset_alias_example_alias_producer_with_no_taskflow', 'dataset_s3_bucket_consumer_with_no_taskflow' retrieved from /home/airflow/.local/lib/python3.12/site-packages/airflow/example_dags/example_dataset_alias_with_no_taskflow.py
[2026-08-08T18:08:15.855+0000] {logging_mixin.py:190} INFO - [2026-08-08T18:08:15.854+0000] {dag.py:3211} INFO - Sync 4 DAGs
[2026-08-08T18:08:15.930+0000] {logging_mixin.py:190} INFO - [2026-08-08T18:08:15.929+0000] {dag.py:4138} INFO - Setting next_dagrun for dataset_alias_example_alias_consumer_with_no_taskflow to None, run_after=None
[2026-08-08T18:08:15.947+0000] {logging_mixin.py:190} INFO - [2026-08-08T18:08:15.946+0000] {dag.py:4138} INFO - Setting next_dagrun for dataset_alias_example_alias_producer_with_no_taskflow to None, run_after=None
[2026-08-08T18:08:15.959+0000] {logging_mixin.py:190} INFO - [2026-08-08T18:08:15.959+0000] {dag.py:4138} INFO - Setting next_dagrun for dataset_s3_bucket_consumer_with_no_taskflow to None, run_after=None
[2026-08-08T18:08:15.973+0000] {logging_mixin.py:190} INFO - [2026-08-08T18:08:15.972+0000] {dag.py:4138} INFO - Setting next_dagrun for dataset_s3_bucket_producer_with_no_taskflow to None, run_after=None
[2026-08-08T18:08:16.066+0000] {processor.py:208} INFO - Processing /home/airflow/.local/lib/python3.12/site-packages/airflow/example_dags/example_dataset_alias_with_no_taskflow.py took 0.653 seconds
[2026-08-08T18:08:46.638+0000] {processor.py:186} INFO - Started process (PID=777) to work on /home/airflow/.local/lib/python3.12/site-packages/airflow/example_dags/example_dataset_alias_with_no_taskflow.py
[2026-08-08T18:08:46.642+0000] {processor.py:914} INFO - Processing file /home/airflow/.local/lib/python3.12/site-packages/airflow/example_dags/example_dataset_alias_with_no_taskflow.py for tasks to queue
[2026-08-08T18:08:46.649+0000] {logging_mixin.py:190} INFO - [2026-08-08T18:08:46.648+0000] {dagbag.py:587} INFO - Filling up the DagBag from /home/airflow/.local/lib/python3.12/site-packages/airflow/example_dags/example_dataset_alias_with_no_taskflow.py
[2026-08-08T18:08:46.984+0000] {processor.py:925} INFO - DAG(s) 'dataset_alias_example_alias_consumer_with_no_taskflow', 'dataset_s3_bucket_producer_with_no_taskflow', 'dataset_alias_example_alias_producer_with_no_taskflow', 'dataset_s3_bucket_consumer_with_no_taskflow' retrieved from /home/airflow/.local/lib/python3.12/site-packages/airflow/example_dags/example_dataset_alias_with_no_taskflow.py
[2026-08-08T18:08:47.030+0000] {logging_mixin.py:190} INFO - [2026-08-08T18:08:47.029+0000] {dag.py:3211} INFO - Sync 4 DAGs
[2026-08-08T18:08:47.072+0000] {logging_mixin.py:190} INFO - [2026-08-08T18:08:47.072+0000] {dag.py:4138} INFO - Setting next_dagrun for dataset_alias_example_alias_consumer_with_no_taskflow to None, run_after=None
[2026-08-08T18:08:47.077+0000] {logging_mixin.py:190} INFO - [2026-08-08T18:08:47.077+0000] {dag.py:4138} INFO - Setting next_dagrun for dataset_alias_example_alias_producer_with_no_taskflow to None, run_after=None
[2026-08-08T18:08:47.081+0000] {logging_mixin.py:190} INFO - [2026-08-08T18:08:47.081+0000] {dag.py:4138} INFO - Setting next_dagrun for dataset_s3_bucket_consumer_with_no_taskflow to None, run_after=None
[2026-08-08T18:08:47.085+0000] {logging_mixin.py:190} INFO - [2026-08-08T18:08:47.084+0000] {dag.py:4138} INFO - Setting next_dagrun for dataset_s3_bucket_producer_with_no_taskflow to None, run_after=None
[2026-08-08T18:08:47.121+0000] {processor.py:208} INFO - Processing /home/airflow/.local/lib/python3.12/site-packages/airflow/example_dags/example_dataset_alias_with_no_taskflow.py took 0.497 seconds
[2026-08-08T18:09:17.334+0000] {processor.py:186} INFO - Started process (PID=841) to work on /home/airflow/.local/lib/python3.12/site-packages/airflow/example_dags/example_dataset_alias_with_no_taskflow.py
[2026-08-08T18:09:17.337+0000] {processor.py:914} INFO - Processing file /home/airflow/.local/lib/python3.12/site-packages/airflow/example_dags/example_dataset_alias_with_no_taskflow.py for tasks to queue
[2026-08-08T18:09:17.342+0000] {logging_mixin.py:190} INFO - [2026-08-08T18:09:17.341+0000] {dagbag.py:587} INFO - Filling up the DagBag from /home/airflow/.local/lib/python3.12/site-packages/airflow/example_dags/example_dataset_alias_with_no_taskflow.py
[2026-08-08T18:09:17.563+0000] {processor.py:925} INFO - DAG(s) 'dataset_s3_bucket_producer_with_no_taskflow', 'dataset_s3_bucket_consumer_with_no_taskflow', 'dataset_alias_example_alias_producer_with_no_taskflow', 'dataset_alias_example_alias_consumer_with_no_taskflow' retrieved from /home/airflow/.local/lib/python3.12/site-packages/airflow/example_dags/example_dataset_alias_with_no_taskflow.py
[2026-08-08T18:09:17.600+0000] {logging_mixin.py:190} INFO - [2026-08-08T18:09:17.600+0000] {dag.py:3211} INFO - Sync 4 DAGs
[2026-08-08T18:09:17.635+0000] {logging_mixin.py:190} INFO - [2026-08-08T18:09:17.634+0000] {dag.py:4138} INFO - Setting next_dagrun for dataset_alias_example_alias_consumer_with_no_taskflow to None, run_after=None
[2026-08-08T18:09:17.638+0000] {logging_mixin.py:190} INFO - [2026-08-08T18:09:17.638+0000] {dag.py:4138} INFO - Setting next_dagrun for dataset_alias_example_alias_producer_with_no_taskflow to None, run_after=None
[2026-08-08T18:09:17.640+0000] {logging_mixin.py:190} INFO - [2026-08-08T18:09:17.640+0000] {dag.py:4138} INFO - Setting next_dagrun for dataset_s3_bucket_consumer_with_no_taskflow to None, run_after=None
[2026-08-08T18:09:17.642+0000] {logging_mixin.py:190} INFO - [2026-08-08T18:09:17.642+0000] {dag.py:4138} INFO - Setting next_dagrun for dataset_s3_bucket_producer_with_no_taskflow to None, run_after=None
[2026-08-08T18:09:17.673+0000] {processor.py:208} INFO - Processing /home/airflow/.local/lib/python3.12/site-packages/airflow/example_dags/example_dataset_alias_with_no_taskflow.py took 0.348 seconds
[2026-08-08T18:09:47.766+0000] {processor.py:186} INFO - Started process (PID=904) to work on /home/airflow/.local/lib/python3.12/site-packages/airflow/example_dags/example_dataset_alias_with_no_taskflow.py
[2026-08-08T18:09:47.768+0000] {processor.py:914} INFO - Processing file /home/airflow/.local/lib/python3.12/site-packages/airflow/example_dags/example_dataset_alias_with_no_taskflow.py for tasks to queue
[2026-08-08T18:09:47.773+0000] {logging_mixin.py:190} INFO - [2026-08-08T18:09:47.772+0000] {dagbag.py:587} INFO - Filling up the DagBag from /home/airflow/.local/lib/python3.12/site-packages/airflow/example_dags/example_dataset_alias_with_no_taskflow.py
[2026-08-08T18:09:48.003+0000] {processor.py:925} INFO - DAG(s) 'dataset_alias_example_alias_consumer_with_no_taskflow', 'dataset_alias_example_alias_producer_with_no_taskflow', 'dataset_s3_bucket_consumer_with_no_taskflow', 'dataset_s3_bucket_producer_with_no_taskflow' retrieved from /home/airflow/.local/lib/python3.12/site-packages/airflow/example_dags/example_dataset_alias_with_no_taskflow.py
[2026-08-08T18:09:48.037+0000] {logging_mixin.py:190} INFO - [2026-08-08T18:09:48.037+0000] {dag.py:3211} INFO - Sync 4 DAGs
[2026-08-08T18:09:48.074+0000] {logging_mixin.py:190} INFO - [2026-08-08T18:09:48.074+0000] {dag.py:4138} INFO - Setting next_dagrun for dataset_alias_example_alias_consumer_with_no_taskflow to None, run_after=None
[2026-08-08T18:09:48.080+0000] {logging_mixin.py:190} INFO - [2026-08-08T18:09:48.080+0000] {dag.py:4138} INFO - Setting next_dagrun for dataset_alias_example_alias_producer_with_no_taskflow to None, run_after=None
[2026-08-08T18:09:48.082+0000] {logging_mixin.py:190} INFO - [2026-08-08T18:09:48.082+0000] {dag.py:4138} INFO - Setting next_dagrun for dataset_s3_bucket_consumer_with_no_taskflow to None, run_after=None
[2026-08-08T18:09:48.084+0000] {logging_mixin.py:190} INFO - [2026-08-08T18:09:48.084+0000] {dag.py:4138} INFO - Setting next_dagrun for dataset_s3_bucket_producer_with_no_taskflow to None, run_after=None
[2026-08-08T18:09:48.114+0000] {processor.py:208} INFO - Processing /home/airflow/.local/lib/python3.12/site-packages/airflow/example_dags/example_dataset_alias_with_no_taskflow.py took 0.359 seconds
[2026-08-08T18:10:18.429+0000] {processor.py:186} INFO - Started process (PID=966) to work on /home/airflow/.local/lib/python3.12/site-packages/airflow/example_dags/example_dataset_alias_with_no_taskflow.py
[2026-08-08T18:10:18.431+0000] {processor.py:914} INFO - Processing file /home/airflow/.local/lib/python3.12/site-packages/airflow/example_dags/example_dataset_alias_with_no_taskflow.py for tasks to queue
[2026-08-08T18:10:18.434+0000] {logging_mixin.py:190} INFO - [2026-08-08T18:10:18.434+0000] {dagbag.py:587} INFO - Filling up the DagBag from /home/airflow/.local/lib/python3.12/site-packages/airflow/example_dags/example_dataset_alias_with_no_taskflow.py
[2026-08-08T18:10:18.649+0000] {processor.py:925} INFO - DAG(s) 'dataset_alias_example_alias_consumer_with_no_taskflow', 'dataset_s3_bucket_consumer_with_no_taskflow', 'dataset_alias_example_alias_producer_with_no_taskflow', 'dataset_s3_bucket_producer_with_no_taskflow' retrieved from /home/airflow/.local/lib/python3.12/site-packages/airflow/example_dags/example_dataset_alias_with_no_taskflow.py
[2026-08-08T18:10:18.683+0000] {logging_mixin.py:190} INFO - [2026-08-08T18:10:18.683+0000] {dag.py:3211} INFO - Sync 4 DAGs
[2026-08-08T18:10:18.719+0000] {logging_mixin.py:190} INFO - [2026-08-08T18:10:18.719+0000] {dag.py:4138} INFO - Setting next_dagrun for dataset_alias_example_alias_consumer_with_no_taskflow to None, run_after=None
[2026-08-08T18:10:18.725+0000] {logging_mixin.py:190} INFO - [2026-08-08T18:10:18.724+0000] {dag.py:4138} INFO - Setting next_dagrun for dataset_alias_example_alias_producer_with_no_taskflow to None, run_after=None
[2026-08-08T18:10:18.727+0000] {logging_mixin.py:190} INFO - [2026-08-08T18:10:18.727+0000] {dag.py:4138} INFO - Setting next_dagrun for dataset_s3_bucket_consumer_with_no_taskflow to None, run_after=None
[2026-08-08T18:10:18.729+0000] {logging_mixin.py:190} INFO - [2026-08-08T18:10:18.729+0000] {dag.py:4138} INFO - Setting next_dagrun for dataset_s3_bucket_producer_with_no_taskflow to None, run_after=None
[2026-08-08T18:10:18.765+0000] {processor.py:208} INFO - Processing /home/airflow/.local/lib/python3.12/site-packages/airflow/example_dags/example_dataset_alias_with_no_taskflow.py took 0.345 seconds
[2026-08-08T18:10:48.837+0000] {processor.py:186} INFO - Started process (PID=1030) to work on /home/airflow/.local/lib/python3.12/site-packages/airflow/example_dags/example_dataset_alias_with_no_taskflow.py
[2026-08-08T18:10:48.838+0000] {processor.py:914} INFO - Processing file /home/airflow/.local/lib/python3.12/site-packages/airflow/example_dags/example_dataset_alias_with_no_taskflow.py for tasks to queue
[2026-08-08T18:10:48.841+0000] {logging_mixin.py:190} INFO - [2026-08-08T18:10:48.841+0000] {dagbag.py:587} INFO - Filling up the DagBag from /home/airflow/.local/lib/python3.12/site-packages/airflow/example_dags/example_dataset_alias_with_no_taskflow.py
[2026-08-08T18:10:49.046+0000] {processor.py:925} INFO - DAG(s) 'dataset_s3_bucket_producer_with_no_taskflow', 'dataset_alias_example_alias_consumer_with_no_taskflow', 'dataset_alias_example_alias_producer_with_no_taskflow', 'dataset_s3_bucket_consumer_with_no_taskflow' retrieved from /home/airflow/.local/lib/python3.12/site-packages/airflow/example_dags/example_dataset_alias_with_no_taskflow.py
[2026-08-08T18:10:49.071+0000] {logging_mixin.py:190} INFO - [2026-08-08T18:10:49.071+0000] {dag.py:3211} INFO - Sync 4 DAGs
[2026-08-08T18:10:49.099+0000] {logging_mixin.py:190} INFO - [2026-08-08T18:10:49.099+0000] {dag.py:4138} INFO - Setting next_dagrun for dataset_alias_example_alias_consumer_with_no_taskflow to None, run_after=None
[2026-08-08T18:10:49.102+0000] {logging_mixin.py:190} INFO - [2026-08-08T18:10:49.102+0000] {dag.py:4138} INFO - Setting next_dagrun for dataset_alias_example_alias_producer_with_no_taskflow to None, run_after=None
[2026-08-08T18:10:49.104+0000] {logging_mixin.py:190} INFO - [2026-08-08T18:10:49.104+0000] {dag.py:4138} INFO - Setting next_dagrun for dataset_s3_bucket_consumer_with_no_taskflow to None, run_after=None
[2026-08-08T18:10:49.106+0000] {logging_mixin.py:190} INFO - [2026-08-08T18:10:49.106+0000] {dag.py:4138} INFO - Setting next_dagrun for dataset_s3_bucket_producer_with_no_taskflow to None, run_after=None
[2026-08-08T18:10:49.137+0000] {processor.py:208} INFO - Processing /home/airflow/.local/lib/python3.12/site-packages/airflow/example_dags/example_dataset_alias_with_no_taskflow.py took 0.306 seconds
[2026-08-08T18:11:19.536+0000] {processor.py:186} INFO - Started process (PID=1092) to work on /home/airflow/.local/lib/python3.12/site-packages/airflow/example_dags/example_dataset_alias_with_no_taskflow.py
[2026-08-08T18:11:19.537+0000] {processor.py:914} INFO - Processing file /home/airflow/.local/lib/python3.12/site-packages/airflow/example_dags/example_dataset_alias_with_no_taskflow.py for tasks to queue
[2026-08-08T18:11:19.540+0000] {logging_mixin.py:190} INFO - [2026-08-08T18:11:19.539+0000] {dagbag.py:587} INFO - Filling up the DagBag from /home/airflow/.local/lib/python3.12/site-packages/airflow/example_dags/example_dataset_alias_with_no_taskflow.py
[2026-08-08T18:11:19.679+0000] {processor.py:925} INFO - DAG(s) 'dataset_alias_example_alias_consumer_with_no_taskflow', 'dataset_s3_bucket_consumer_with_no_taskflow', 'dataset_s3_bucket_producer_with_no_taskflow', 'dataset_alias_example_alias_producer_with_no_taskflow' retrieved from /home/airflow/.local/lib/python3.12/site-packages/airflow/example_dags/example_dataset_alias_with_no_taskflow.py
[2026-08-08T18:11:19.696+0000] {logging_mixin.py:190} INFO - [2026-08-08T18:11:19.696+0000] {dag.py:3211} INFO - Sync 4 DAGs
[2026-08-08T18:11:19.715+0000] {logging_mixin.py:190} INFO - [2026-08-08T18:11:19.714+0000] {dag.py:4138} INFO - Setting next_dagrun for dataset_alias_example_alias_consumer_with_no_taskflow to None, run_after=None
[2026-08-08T18:11:19.717+0000] {logging_mixin.py:190} INFO - [2026-08-08T18:11:19.717+0000] {dag.py:4138} INFO - Setting next_dagrun for dataset_alias_example_alias_producer_with_no_taskflow to None, run_after=None
[2026-08-08T18:11:19.718+0000] {logging_mixin.py:190} INFO - [2026-08-08T18:11:19.718+0000] {dag.py:4138} INFO - Setting next_dagrun for dataset_s3_bucket_consumer_with_no_taskflow to None, run_after=None
[2026-08-08T18:11:19.720+0000] {logging_mixin.py:190} INFO - [2026-08-08T18:11:19.720+0000] {dag.py:4138} INFO - Setting next_dagrun for dataset_s3_bucket_producer_with_no_taskflow to None, run_after=None
[2026-08-08T18:11:19.741+0000] {processor.py:208} INFO - Processing /home/airflow/.local/lib/python3.12/site-packages/airflow/example_dags/example_dataset_alias_with_no_taskflow.py took 0.210 seconds
[2026-08-08T18:11:50.380+0000] {processor.py:186} INFO - Started process (PID=1155) to work on /home/airflow/.local/lib/python3.12/site-packages/airflow/example_dags/example_dataset_alias_with_no_taskflow.py
[2026-08-08T18:11:50.382+0000] {processor.py:914} INFO - Processing file /home/airflow/.local/lib/python3.12/site-packages/airflow/example_dags/example_dataset_alias_with_no_taskflow.py for tasks to queue
[2026-08-08T18:11:50.384+0000] {logging_mixin.py:190} INFO - [2026-08-08T18:11:50.384+0000] {dagbag.py:587} INFO - Filling up the DagBag from /home/airflow/.local/lib/python3.12/site-packages/airflow/example_dags/example_dataset_alias_with_no_taskflow.py
[2026-08-08T18:11:50.532+0000] {processor.py:925} INFO - DAG(s) 'dataset_s3_bucket_producer_with_no_taskflow', 'dataset_alias_example_alias_producer_with_no_taskflow', 'dataset_alias_example_alias_consumer_with_no_taskflow', 'dataset_s3_bucket_consumer_with_no_taskflow' retrieved from /home/airflow/.local/lib/python3.12/site-packages/airflow/example_dags/example_dataset_alias_with_no_taskflow.py
[2026-08-08T18:11:50.552+0000] {logging_mixin.py:190} INFO - [2026-08-08T18:11:50.552+0000] {dag.py:3211} INFO - Sync 4 DAGs
[2026-08-08T18:11:50.572+0000] {logging_mixin.py:190} INFO - [2026-08-08T18:11:50.572+0000] {dag.py:4138} INFO - Setting next_dagrun for dataset_alias_example_alias_consumer_with_no_taskflow to None, run_after=None
[2026-08-08T18:11:50.575+0000] {logging_mixin.py:190} INFO - [2026-08-08T18:11:50.575+0000] {dag.py:4138} INFO - Setting next_dagrun for dataset_alias_example_alias_producer_with_no_taskflow to None, run_after=None
[2026-08-08T18:11:50.576+0000] {logging_mixin.py:190} INFO - [2026-08-08T18:11:50.576+0000] {dag.py:4138} INFO - Setting next_dagrun for dataset_s3_bucket_consumer_with_no_taskflow to None, run_after=None
[2026-08-08T18:11:50.578+0000] {logging_mixin.py:190} INFO - [2026-08-08T18:11:50.578+0000] {dag.py:4138} INFO - Setting next_dagrun for dataset_s3_bucket_producer_with_no_taskflow to None, run_after=None
[2026-08-08T18:11:50.599+0000] {processor.py:208} INFO - Processing /home/airflow/.local/lib/python3.12/site-packages/airflow/example_dags/example_dataset_alias_with_no_taskflow.py took 0.226 seconds
[2026-08-08T18:13:05.639+0000] {processor.py:186} INFO - Started process (PID=84) to work on /home/airflow/.local/lib/python3.12/site-packages/airflow/example_dags/example_dataset_alias_with_no_taskflow.py
[2026-08-08T18:13:05.641+0000] {processor.py:914} INFO - Processing file /home/airflow/.local/lib/python3.12/site-packages/airflow/example_dags/example_dataset_alias_with_no_taskflow.py for tasks to queue
[2026-08-08T18:13:05.645+0000] {logging_mixin.py:190} INFO - [2026-08-08T18:13:05.645+0000] {dagbag.py:587} INFO - Filling up the DagBag from /home/airflow/.local/lib/python3.12/site-packages/airflow/example_dags/example_dataset_alias_with_no_taskflow.py
[2026-08-08T18:13:05.838+0000] {processor.py:925} INFO - DAG(s) 'dataset_s3_bucket_producer_with_no_taskflow', 'dataset_s3_bucket_consumer_with_no_taskflow', 'dataset_alias_example_alias_consumer_with_no_taskflow', 'dataset_alias_example_alias_producer_with_no_taskflow' retrieved from /home/airflow/.local/lib/python3.12/site-packages/airflow/example_dags/example_dataset_alias_with_no_taskflow.py
[2026-08-08T18:13:05.871+0000] {logging_mixin.py:190} INFO - [2026-08-08T18:13:05.871+0000] {dag.py:3211} INFO - Sync 4 DAGs
[2026-08-08T18:13:05.895+0000] {logging_mixin.py:190} INFO - [2026-08-08T18:13:05.894+0000] {dag.py:4138} INFO - Setting next_dagrun for dataset_alias_example_alias_consumer_with_no_taskflow to None, run_after=None
[2026-08-08T18:13:05.900+0000] {logging_mixin.py:190} INFO - [2026-08-08T18:13:05.899+0000] {dag.py:4138} INFO - Setting next_dagrun for dataset_alias_example_alias_producer_with_no_taskflow to None, run_after=None
[2026-08-08T18:13:05.902+0000] {logging_mixin.py:190} INFO - [2026-08-08T18:13:05.902+0000] {dag.py:4138} INFO - Setting next_dagrun for dataset_s3_bucket_consumer_with_no_taskflow to None, run_after=None
[2026-08-08T18:13:05.906+0000] {logging_mixin.py:190} INFO - [2026-08-08T18:13:05.906+0000] {dag.py:4138} INFO - Setting next_dagrun for dataset_s3_bucket_producer_with_no_taskflow to None, run_after=None
[2026-08-08T18:13:05.935+0000] {processor.py:208} INFO - Processing /home/airflow/.local/lib/python3.12/site-packages/airflow/example_dags/example_dataset_alias_with_no_taskflow.py took 0.302 seconds
[2026-08-08T18:13:36.783+0000] {processor.py:186} INFO - Started process (PID=153) to work on /home/airflow/.local/lib/python3.12/site-packages/airflow/example_dags/example_dataset_alias_with_no_taskflow.py
[2026-08-08T18:13:36.784+0000] {processor.py:914} INFO - Processing file /home/airflow/.local/lib/python3.12/site-packages/airflow/example_dags/example_dataset_alias_with_no_taskflow.py for tasks to queue
[2026-08-08T18:13:36.786+0000] {logging_mixin.py:190} INFO - [2026-08-08T18:13:36.786+0000] {dagbag.py:587} INFO - Filling up the DagBag from /home/airflow/.local/lib/python3.12/site-packages/airflow/example_dags/example_dataset_alias_with_no_taskflow.py
[2026-08-08T18:13:37.000+0000] {processor.py:925} INFO - DAG(s) 'dataset_s3_bucket_producer_with_no_taskflow', 'dataset_alias_example_alias_producer_with_no_taskflow', 'dataset_alias_example_alias_consumer_with_no_taskflow', 'dataset_s3_bucket_consumer_with_no_taskflow' retrieved from /home/airflow/.local/lib/python3.12/site-packages/airflow/example_dags/example_dataset_alias_with_no_taskflow.py
[2026-08-08T18:13:37.039+0000] {logging_mixin.py:190} INFO - [2026-08-08T18:13:37.039+0000] {dag.py:3211} INFO - Sync 4 DAGs
[2026-08-08T18:13:37.082+0000] {logging_mixin.py:190} INFO - [2026-08-08T18:13:37.081+0000] {dag.py:4138} INFO - Setting next_dagrun for dataset_alias_example_alias_consumer_with_no_taskflow to None, run_after=None
[2026-08-08T18:13:37.086+0000] {logging_mixin.py:190} INFO - [2026-08-08T18:13:37.086+0000] {dag.py:4138} INFO - Setting next_dagrun for dataset_alias_example_alias_producer_with_no_taskflow to None, run_after=None
[2026-08-08T18:13:37.088+0000] {logging_mixin.py:190} INFO - [2026-08-08T18:13:37.088+0000] {dag.py:4138} INFO - Setting next_dagrun for dataset_s3_bucket_consumer_with_no_taskflow to None, run_after=None
[2026-08-08T18:13:37.090+0000] {logging_mixin.py:190} INFO - [2026-08-08T18:13:37.090+0000] {dag.py:4138} INFO - Setting next_dagrun for dataset_s3_bucket_producer_with_no_taskflow to None, run_after=None
[2026-08-08T18:13:37.116+0000] {processor.py:208} INFO - Processing /home/airflow/.local/lib/python3.12/site-packages/airflow/example_dags/example_dataset_alias_with_no_taskflow.py took 0.338 seconds
[2026-08-08T18:14:07.560+0000] {processor.py:186} INFO - Started process (PID=216) to work on /home/airflow/.local/lib/python3.12/site-packages/airflow/example_dags/example_dataset_alias_with_no_taskflow.py
[2026-08-08T18:14:07.562+0000] {processor.py:914} INFO - Processing file /home/airflow/.local/lib/python3.12/site-packages/airflow/example_dags/example_dataset_alias_with_no_taskflow.py for tasks to queue
[2026-08-08T18:14:07.564+0000] {logging_mixin.py:190} INFO - [2026-08-08T18:14:07.564+0000] {dagbag.py:587} INFO - Filling up the DagBag from /home/airflow/.local/lib/python3.12/site-packages/airflow/example_dags/example_dataset_alias_with_no_taskflow.py
[2026-08-08T18:14:07.748+0000] {processor.py:925} INFO - DAG(s) 'dataset_s3_bucket_consumer_with_no_taskflow', 'dataset_alias_example_alias_consumer_with_no_taskflow', 'dataset_s3_bucket_producer_with_no_taskflow', 'dataset_alias_example_alias_producer_with_no_taskflow' retrieved from /home/airflow/.local/lib/python3.12/site-packages/airflow/example_dags/example_dataset_alias_with_no_taskflow.py
[2026-08-08T18:14:07.778+0000] {logging_mixin.py:190} INFO - [2026-08-08T18:14:07.778+0000] {dag.py:3211} INFO - Sync 4 DAGs
[2026-08-08T18:14:07.808+0000] {logging_mixin.py:190} INFO - [2026-08-08T18:14:07.808+0000] {dag.py:4138} INFO - Setting next_dagrun for dataset_alias_example_alias_consumer_with_no_taskflow to None, run_after=None
[2026-08-08T18:14:07.812+0000] {logging_mixin.py:190} INFO - [2026-08-08T18:14:07.811+0000] {dag.py:4138} INFO - Setting next_dagrun for dataset_alias_example_alias_producer_with_no_taskflow to None, run_after=None
[2026-08-08T18:14:07.815+0000] {logging_mixin.py:190} INFO - [2026-08-08T18:14:07.815+0000] {dag.py:4138} INFO - Setting next_dagrun for dataset_s3_bucket_consumer_with_no_taskflow to None, run_after=None
[2026-08-08T18:14:07.818+0000] {logging_mixin.py:190} INFO - [2026-08-08T18:14:07.817+0000] {dag.py:4138} INFO - Setting next_dagrun for dataset_s3_bucket_producer_with_no_taskflow to None, run_after=None
[2026-08-08T18:14:07.847+0000] {processor.py:208} INFO - Processing /home/airflow/.local/lib/python3.12/site-packages/airflow/example_dags/example_dataset_alias_with_no_taskflow.py took 0.293 seconds
[2026-08-08T18:14:37.976+0000] {processor.py:186} INFO - Started process (PID=279) to work on /home/airflow/.local/lib/python3.12/site-packages/airflow/example_dags/example_dataset_alias_with_no_taskflow.py
[2026-08-08T18:14:37.977+0000] {processor.py:914} INFO - Processing file /home/airflow/.local/lib/python3.12/site-packages/airflow/example_dags/example_dataset_alias_with_no_taskflow.py for tasks to queue
[2026-08-08T18:14:37.980+0000] {logging_mixin.py:190} INFO - [2026-08-08T18:14:37.980+0000] {dagbag.py:587} INFO - Filling up the DagBag from /home/airflow/.local/lib/python3.12/site-packages/airflow/example_dags/example_dataset_alias_with_no_taskflow.py
[2026-08-08T18:14:38.113+0000] {processor.py:925} INFO - DAG(s) 'dataset_s3_bucket_producer_with_no_taskflow', 'dataset_alias_example_alias_producer_with_no_taskflow', 'dataset_alias_example_alias_consumer_with_no_taskflow', 'dataset_s3_bucket_consumer_with_no_taskflow' retrieved from /home/airflow/.local/lib/python3.12/site-packages/airflow/example_dags/example_dataset_alias_with_no_taskflow.py
[2026-08-08T18:14:38.137+0000] {logging_mixin.py:190} INFO - [2026-08-08T18:14:38.137+0000] {dag.py:3211} INFO - Sync 4 DAGs
[2026-08-08T18:14:38.165+0000] {logging_mixin.py:190} INFO - [2026-08-08T18:14:38.164+0000] {dag.py:4138} INFO - Setting next_dagrun for dataset_alias_example_alias_consumer_with_no_taskflow to None, run_after=None
[2026-08-08T18:14:38.167+0000] {logging_mixin.py:190} INFO - [2026-08-08T18:14:38.167+0000] {dag.py:4138} INFO - Setting next_dagrun for dataset_alias_example_alias_producer_with_no_taskflow to None, run_after=None
[2026-08-08T18:14:38.169+0000] {logging_mixin.py:190} INFO - [2026-08-08T18:14:38.169+0000] {dag.py:4138} INFO - Setting next_dagrun for dataset_s3_bucket_consumer_with_no_taskflow to None, run_after=None
[2026-08-08T18:14:38.170+0000] {logging_mixin.py:190} INFO - [2026-08-08T18:14:38.170+0000] {dag.py:4138} INFO - Setting next_dagrun for dataset_s3_bucket_producer_with_no_taskflow to None, run_after=None
[2026-08-08T18:14:38.189+0000] {processor.py:208} INFO - Processing /home/airflow/.local/lib/python3.12/site-packages/airflow/example_dags/example_dataset_alias_with_no_taskflow.py took 0.219 seconds
[2026-08-08T18:15:08.431+0000] {processor.py:186} INFO - Started process (PID=343) to work on /home/airflow/.local/lib/python3.12/site-packages/airflow/example_dags/example_dataset_alias_with_no_taskflow.py
[2026-08-08T18:15:08.432+0000] {processor.py:914} INFO - Processing file /home/airflow/.local/lib/python3.12/site-packages/airflow/example_dags/example_dataset_alias_with_no_taskflow.py for tasks to queue
[2026-08-08T18:15:08.436+0000] {logging_mixin.py:190} INFO - [2026-08-08T18:15:08.436+0000] {dagbag.py:587} INFO - Filling up the DagBag from /home/airflow/.local/lib/python3.12/site-packages/airflow/example_dags/example_dataset_alias_with_no_taskflow.py
[2026-08-08T18:15:08.648+0000] {processor.py:925} INFO - DAG(s) 'dataset_alias_example_alias_consumer_with_no_taskflow', 'dataset_s3_bucket_consumer_with_no_taskflow', 'dataset_alias_example_alias_producer_with_no_taskflow', 'dataset_s3_bucket_producer_with_no_taskflow' retrieved from /home/airflow/.local/lib/python3.12/site-packages/airflow/example_dags/example_dataset_alias_with_no_taskflow.py
[2026-08-08T18:15:08.682+0000] {logging_mixin.py:190} INFO - [2026-08-08T18:15:08.681+0000] {dag.py:3211} INFO - Sync 4 DAGs
[2026-08-08T18:15:08.714+0000] {logging_mixin.py:190} INFO - [2026-08-08T18:15:08.713+0000] {dag.py:4138} INFO - Setting next_dagrun for dataset_alias_example_alias_consumer_with_no_taskflow to None, run_after=None
[2026-08-08T18:15:08.718+0000] {logging_mixin.py:190} INFO - [2026-08-08T18:15:08.717+0000] {dag.py:4138} INFO - Setting next_dagrun for dataset_alias_example_alias_producer_with_no_taskflow to None, run_after=None
[2026-08-08T18:15:08.720+0000] {logging_mixin.py:190} INFO - [2026-08-08T18:15:08.720+0000] {dag.py:4138} INFO - Setting next_dagrun for dataset_s3_bucket_consumer_with_no_taskflow to None, run_after=None
[2026-08-08T18:15:08.722+0000] {logging_mixin.py:190} INFO - [2026-08-08T18:15:08.722+0000] {dag.py:4138} INFO - Setting next_dagrun for dataset_s3_bucket_producer_with_no_taskflow to None, run_after=None
[2026-08-08T18:15:08.757+0000] {processor.py:208} INFO - Processing /home/airflow/.local/lib/python3.12/site-packages/airflow/example_dags/example_dataset_alias_with_no_taskflow.py took 0.334 seconds
[2026-08-08T18:15:38.826+0000] {processor.py:186} INFO - Started process (PID=406) to work on /home/airflow/.local/lib/python3.12/site-packages/airflow/example_dags/example_dataset_alias_with_no_taskflow.py
[2026-08-08T18:15:38.827+0000] {processor.py:914} INFO - Processing file /home/airflow/.local/lib/python3.12/site-packages/airflow/example_dags/example_dataset_alias_with_no_taskflow.py for tasks to queue
[2026-08-08T18:15:38.831+0000] {logging_mixin.py:190} INFO - [2026-08-08T18:15:38.831+0000] {dagbag.py:587} INFO - Filling up the DagBag from /home/airflow/.local/lib/python3.12/site-packages/airflow/example_dags/example_dataset_alias_with_no_taskflow.py
[2026-08-08T18:15:38.998+0000] {processor.py:925} INFO - DAG(s) 'dataset_alias_example_alias_producer_with_no_taskflow', 'dataset_s3_bucket_producer_with_no_taskflow', 'dataset_s3_bucket_consumer_with_no_taskflow', 'dataset_alias_example_alias_consumer_with_no_taskflow' retrieved from /home/airflow/.local/lib/python3.12/site-packages/airflow/example_dags/example_dataset_alias_with_no_taskflow.py
[2026-08-08T18:15:39.020+0000] {logging_mixin.py:190} INFO - [2026-08-08T18:15:39.020+0000] {dag.py:3211} INFO - Sync 4 DAGs
[2026-08-08T18:15:39.039+0000] {logging_mixin.py:190} INFO - [2026-08-08T18:15:39.039+0000] {dag.py:4138} INFO - Setting next_dagrun for dataset_alias_example_alias_consumer_with_no_taskflow to None, run_after=None
[2026-08-08T18:15:39.041+0000] {logging_mixin.py:190} INFO - [2026-08-08T18:15:39.041+0000] {dag.py:4138} INFO - Setting next_dagrun for dataset_alias_example_alias_producer_with_no_taskflow to None, run_after=None
[2026-08-08T18:15:39.043+0000] {logging_mixin.py:190} INFO - [2026-08-08T18:15:39.042+0000] {dag.py:4138} INFO - Setting next_dagrun for dataset_s3_bucket_consumer_with_no_taskflow to None, run_after=None
[2026-08-08T18:15:39.044+0000] {logging_mixin.py:190} INFO - [2026-08-08T18:15:39.044+0000] {dag.py:4138} INFO - Setting next_dagrun for dataset_s3_bucket_producer_with_no_taskflow to None, run_after=None
[2026-08-08T18:15:39.063+0000] {processor.py:208} INFO - Processing /home/airflow/.local/lib/python3.12/site-packages/airflow/example_dags/example_dataset_alias_with_no_taskflow.py took 0.249 seconds
[2026-08-08T18:17:10.948+0000] {processor.py:186} INFO - Started process (PID=103) to work on /home/airflow/.local/lib/python3.12/site-packages/airflow/example_dags/example_dataset_alias_with_no_taskflow.py
[2026-08-08T18:17:10.950+0000] {processor.py:914} INFO - Processing file /home/airflow/.local/lib/python3.12/site-packages/airflow/example_dags/example_dataset_alias_with_no_taskflow.py for tasks to queue
[2026-08-08T18:17:10.955+0000] {logging_mixin.py:190} INFO - [2026-08-08T18:17:10.954+0000] {dagbag.py:587} INFO - Filling up the DagBag from /home/airflow/.local/lib/python3.12/site-packages/airflow/example_dags/example_dataset_alias_with_no_taskflow.py
[2026-08-08T18:17:11.149+0000] {processor.py:925} INFO - DAG(s) 'dataset_s3_bucket_consumer_with_no_taskflow', 'dataset_s3_bucket_producer_with_no_taskflow', 'dataset_alias_example_alias_consumer_with_no_taskflow', 'dataset_alias_example_alias_producer_with_no_taskflow' retrieved from /home/airflow/.local/lib/python3.12/site-packages/airflow/example_dags/example_dataset_alias_with_no_taskflow.py
[2026-08-08T18:17:11.178+0000] {logging_mixin.py:190} INFO - [2026-08-08T18:17:11.178+0000] {dag.py:3211} INFO - Sync 4 DAGs
[2026-08-08T18:17:11.203+0000] {logging_mixin.py:190} INFO - [2026-08-08T18:17:11.203+0000] {dag.py:4138} INFO - Setting next_dagrun for dataset_alias_example_alias_consumer_with_no_taskflow to None, run_after=None
[2026-08-08T18:17:11.206+0000] {logging_mixin.py:190} INFO - [2026-08-08T18:17:11.206+0000] {dag.py:4138} INFO - Setting next_dagrun for dataset_alias_example_alias_producer_with_no_taskflow to None, run_after=None
[2026-08-08T18:17:11.208+0000] {logging_mixin.py:190} INFO - [2026-08-08T18:17:11.208+0000] {dag.py:4138} INFO - Setting next_dagrun for dataset_s3_bucket_consumer_with_no_taskflow to None, run_after=None
[2026-08-08T18:17:11.210+0000] {logging_mixin.py:190} INFO - [2026-08-08T18:17:11.210+0000] {dag.py:4138} INFO - Setting next_dagrun for dataset_s3_bucket_producer_with_no_taskflow to None, run_after=None
[2026-08-08T18:17:11.238+0000] {processor.py:208} INFO - Processing /home/airflow/.local/lib/python3.12/site-packages/airflow/example_dags/example_dataset_alias_with_no_taskflow.py took 0.297 seconds
[2026-08-08T18:17:42.010+0000] {processor.py:186} INFO - Started process (PID=166) to work on /home/airflow/.local/lib/python3.12/site-packages/airflow/example_dags/example_dataset_alias_with_no_taskflow.py
[2026-08-08T18:17:42.012+0000] {processor.py:914} INFO - Processing file /home/airflow/.local/lib/python3.12/site-packages/airflow/example_dags/example_dataset_alias_with_no_taskflow.py for tasks to queue
[2026-08-08T18:17:42.015+0000] {logging_mixin.py:190} INFO - [2026-08-08T18:17:42.014+0000] {dagbag.py:587} INFO - Filling up the DagBag from /home/airflow/.local/lib/python3.12/site-packages/airflow/example_dags/example_dataset_alias_with_no_taskflow.py
[2026-08-08T18:17:42.189+0000] {processor.py:925} INFO - DAG(s) 'dataset_alias_example_alias_producer_with_no_taskflow', 'dataset_s3_bucket_consumer_with_no_taskflow', 'dataset_alias_example_alias_consumer_with_no_taskflow', 'dataset_s3_bucket_producer_with_no_taskflow' retrieved from /home/airflow/.local/lib/python3.12/site-packages/airflow/example_dags/example_dataset_alias_with_no_taskflow.py
[2026-08-08T18:17:42.229+0000] {logging_mixin.py:190} INFO - [2026-08-08T18:17:42.229+0000] {dag.py:3211} INFO - Sync 4 DAGs
[2026-08-08T18:17:42.271+0000] {logging_mixin.py:190} INFO - [2026-08-08T18:17:42.270+0000] {dag.py:4138} INFO - Setting next_dagrun for dataset_alias_example_alias_consumer_with_no_taskflow to None, run_after=None
[2026-08-08T18:17:42.275+0000] {logging_mixin.py:190} INFO - [2026-08-08T18:17:42.274+0000] {dag.py:4138} INFO - Setting next_dagrun for dataset_alias_example_alias_producer_with_no_taskflow to None, run_after=None
[2026-08-08T18:17:42.278+0000] {logging_mixin.py:190} INFO - [2026-08-08T18:17:42.277+0000] {dag.py:4138} INFO - Setting next_dagrun for dataset_s3_bucket_consumer_with_no_taskflow to None, run_after=None
[2026-08-08T18:17:42.280+0000] {logging_mixin.py:190} INFO - [2026-08-08T18:17:42.280+0000] {dag.py:4138} INFO - Setting next_dagrun for dataset_s3_bucket_producer_with_no_taskflow to None, run_after=None
[2026-08-08T18:17:42.313+0000] {processor.py:208} INFO - Processing /home/airflow/.local/lib/python3.12/site-packages/airflow/example_dags/example_dataset_alias_with_no_taskflow.py took 0.310 seconds
[2026-08-08T18:18:12.712+0000] {processor.py:186} INFO - Started process (PID=230) to work on /home/airflow/.local/lib/python3.12/site-packages/airflow/example_dags/example_dataset_alias_with_no_taskflow.py
[2026-08-08T18:18:12.714+0000] {processor.py:914} INFO - Processing file /home/airflow/.local/lib/python3.12/site-packages/airflow/example_dags/example_dataset_alias_with_no_taskflow.py for tasks to queue
[2026-08-08T18:18:12.716+0000] {logging_mixin.py:190} INFO - [2026-08-08T18:18:12.716+0000] {dagbag.py:587} INFO - Filling up the DagBag from /home/airflow/.local/lib/python3.12/site-packages/airflow/example_dags/example_dataset_alias_with_no_taskflow.py
[2026-08-08T18:18:12.905+0000] {processor.py:925} INFO - DAG(s) 'dataset_alias_example_alias_consumer_with_no_taskflow', 'dataset_alias_example_alias_producer_with_no_taskflow', 'dataset_s3_bucket_consumer_with_no_taskflow', 'dataset_s3_bucket_producer_with_no_taskflow' retrieved from /home/airflow/.local/lib/python3.12/site-packages/airflow/example_dags/example_dataset_alias_with_no_taskflow.py
[2026-08-08T18:18:12.935+0000] {logging_mixin.py:190} INFO - [2026-08-08T18:18:12.935+0000] {dag.py:3211} INFO - Sync 4 DAGs
[2026-08-08T18:18:12.968+0000] {logging_mixin.py:190} INFO - [2026-08-08T18:18:12.968+0000] {dag.py:4138} INFO - Setting next_dagrun for dataset_alias_example_alias_consumer_with_no_taskflow to None, run_after=None
[2026-08-08T18:18:12.972+0000] {logging_mixin.py:190} INFO - [2026-08-08T18:18:12.971+0000] {dag.py:4138} INFO - Setting next_dagrun for dataset_alias_example_alias_producer_with_no_taskflow to None, run_after=None
[2026-08-08T18:18:12.974+0000] {logging_mixin.py:190} INFO - [2026-08-08T18:18:12.974+0000] {dag.py:4138} INFO - Setting next_dagrun for dataset_s3_bucket_consumer_with_no_taskflow to None, run_after=None
[2026-08-08T18:18:12.976+0000] {logging_mixin.py:190} INFO - [2026-08-08T18:18:12.976+0000] {dag.py:4138} INFO - Setting next_dagrun for dataset_s3_bucket_producer_with_no_taskflow to None, run_after=None
[2026-08-08T18:18:13.009+0000] {processor.py:208} INFO - Processing /home/airflow/.local/lib/python3.12/site-packages/airflow/example_dags/example_dataset_alias_with_no_taskflow.py took 0.303 seconds
[2026-08-08T18:18:43.327+0000] {processor.py:186} INFO - Started process (PID=293) to work on /home/airflow/.local/lib/python3.12/site-packages/airflow/example_dags/example_dataset_alias_with_no_taskflow.py
[2026-08-08T18:18:43.328+0000] {processor.py:914} INFO - Processing file /home/airflow/.local/lib/python3.12/site-packages/airflow/example_dags/example_dataset_alias_with_no_taskflow.py for tasks to queue
[2026-08-08T18:18:43.331+0000] {logging_mixin.py:190} INFO - [2026-08-08T18:18:43.331+0000] {dagbag.py:587} INFO - Filling up the DagBag from /home/airflow/.local/lib/python3.12/site-packages/airflow/example_dags/example_dataset_alias_with_no_taskflow.py
[2026-08-08T18:18:43.460+0000] {processor.py:925} INFO - DAG(s) 'dataset_s3_bucket_producer_with_no_taskflow', 'dataset_alias_example_alias_consumer_with_no_taskflow', 'dataset_alias_example_alias_producer_with_no_taskflow', 'dataset_s3_bucket_consumer_with_no_taskflow' retrieved from /home/airflow/.local/lib/python3.12/site-packages/airflow/example_dags/example_dataset_alias_with_no_taskflow.py
[2026-08-08T18:18:43.476+0000] {logging_mixin.py:190} INFO - [2026-08-08T18:18:43.476+0000] {dag.py:3211} INFO - Sync 4 DAGs
[2026-08-08T18:18:43.494+0000] {logging_mixin.py:190} INFO - [2026-08-08T18:18:43.494+0000] {dag.py:4138} INFO - Setting next_dagrun for dataset_alias_example_alias_consumer_with_no_taskflow to None, run_after=None
[2026-08-08T18:18:43.496+0000] {logging_mixin.py:190} INFO - [2026-08-08T18:18:43.496+0000] {dag.py:4138} INFO - Setting next_dagrun for dataset_alias_example_alias_producer_with_no_taskflow to None, run_after=None
[2026-08-08T18:18:43.498+0000] {logging_mixin.py:190} INFO - [2026-08-08T18:18:43.498+0000] {dag.py:4138} INFO - Setting next_dagrun for dataset_s3_bucket_consumer_with_no_taskflow to None, run_after=None
[2026-08-08T18:18:43.499+0000] {logging_mixin.py:190} INFO - [2026-08-08T18:18:43.499+0000] {dag.py:4138} INFO - Setting next_dagrun for dataset_s3_bucket_producer_with_no_taskflow to None, run_after=None
[2026-08-08T18:18:43.519+0000] {processor.py:208} INFO - Processing /home/airflow/.local/lib/python3.12/site-packages/airflow/example_dags/example_dataset_alias_with_no_taskflow.py took 0.198 seconds
[2026-08-08T18:19:13.925+0000] {processor.py:186} INFO - Started process (PID=356) to work on /home/airflow/.local/lib/python3.12/site-packages/airflow/example_dags/example_dataset_alias_with_no_taskflow.py
[2026-08-08T18:19:13.926+0000] {processor.py:914} INFO - Processing file /home/airflow/.local/lib/python3.12/site-packages/airflow/example_dags/example_dataset_alias_with_no_taskflow.py for tasks to queue
[2026-08-08T18:19:13.928+0000] {logging_mixin.py:190} INFO - [2026-08-08T18:19:13.928+0000] {dagbag.py:587} INFO - Filling up the DagBag from /home/airflow/.local/lib/python3.12/site-packages/airflow/example_dags/example_dataset_alias_with_no_taskflow.py
[2026-08-08T18:19:14.081+0000] {processor.py:925} INFO - DAG(s) 'dataset_alias_example_alias_consumer_with_no_taskflow', 'dataset_alias_example_alias_producer_with_no_taskflow', 'dataset_s3_bucket_producer_with_no_taskflow', 'dataset_s3_bucket_consumer_with_no_taskflow' retrieved from /home/airflow/.local/lib/python3.12/site-packages/airflow/example_dags/example_dataset_alias_with_no_taskflow.py
[2026-08-08T18:19:14.105+0000] {logging_mixin.py:190} INFO - [2026-08-08T18:19:14.105+0000] {dag.py:3211} INFO - Sync 4 DAGs
[2026-08-08T18:19:14.129+0000] {logging_mixin.py:190} INFO - [2026-08-08T18:19:14.129+0000] {dag.py:4138} INFO - Setting next_dagrun for dataset_alias_example_alias_consumer_with_no_taskflow to None, run_after=None
[2026-08-08T18:19:14.132+0000] {logging_mixin.py:190} INFO - [2026-08-08T18:19:14.132+0000] {dag.py:4138} INFO - Setting next_dagrun for dataset_alias_example_alias_producer_with_no_taskflow to None, run_after=None
[2026-08-08T18:19:14.133+0000] {logging_mixin.py:190} INFO - [2026-08-08T18:19:14.133+0000] {dag.py:4138} INFO - Setting next_dagrun for dataset_s3_bucket_consumer_with_no_taskflow to None, run_after=None
[2026-08-08T18:19:14.135+0000] {logging_mixin.py:190} INFO - [2026-08-08T18:19:14.135+0000] {dag.py:4138} INFO - Setting next_dagrun for dataset_s3_bucket_producer_with_no_taskflow to None, run_after=None
[2026-08-08T18:19:14.161+0000] {processor.py:208} INFO - Processing /home/airflow/.local/lib/python3.12/site-packages/airflow/example_dags/example_dataset_alias_with_no_taskflow.py took 0.243 seconds
[2026-08-08T18:23:59.309+0000] {processor.py:186} INFO - Started process (PID=418) to work on /home/airflow/.local/lib/python3.12/site-packages/airflow/example_dags/example_dataset_alias_with_no_taskflow.py
[2026-08-08T18:23:59.325+0000] {processor.py:914} INFO - Processing file /home/airflow/.local/lib/python3.12/site-packages/airflow/example_dags/example_dataset_alias_with_no_taskflow.py for tasks to queue
[2026-08-08T18:23:59.333+0000] {logging_mixin.py:190} INFO - [2026-08-08T18:23:59.332+0000] {dagbag.py:587} INFO - Filling up the DagBag from /home/airflow/.local/lib/python3.12/site-packages/airflow/example_dags/example_dataset_alias_with_no_taskflow.py
[2026-08-08T18:23:59.569+0000] {processor.py:925} INFO - DAG(s) 'dataset_s3_bucket_consumer_with_no_taskflow', 'dataset_alias_example_alias_consumer_with_no_taskflow', 'dataset_s3_bucket_producer_with_no_taskflow', 'dataset_alias_example_alias_producer_with_no_taskflow' retrieved from /home/airflow/.local/lib/python3.12/site-packages/airflow/example_dags/example_dataset_alias_with_no_taskflow.py
[2026-08-08T18:23:59.623+0000] {logging_mixin.py:190} INFO - [2026-08-08T18:23:59.622+0000] {dag.py:3211} INFO - Sync 4 DAGs
[2026-08-08T18:23:59.680+0000] {logging_mixin.py:190} INFO - [2026-08-08T18:23:59.680+0000] {dag.py:4138} INFO - Setting next_dagrun for dataset_alias_example_alias_consumer_with_no_taskflow to None, run_after=None
[2026-08-08T18:23:59.695+0000] {logging_mixin.py:190} INFO - [2026-08-08T18:23:59.695+0000] {dag.py:4138} INFO - Setting next_dagrun for dataset_alias_example_alias_producer_with_no_taskflow to None, run_after=None
[2026-08-08T18:23:59.704+0000] {logging_mixin.py:190} INFO - [2026-08-08T18:23:59.703+0000] {dag.py:4138} INFO - Setting next_dagrun for dataset_s3_bucket_consumer_with_no_taskflow to None, run_after=None
[2026-08-08T18:23:59.711+0000] {logging_mixin.py:190} INFO - [2026-08-08T18:23:59.710+0000] {dag.py:4138} INFO - Setting next_dagrun for dataset_s3_bucket_producer_with_no_taskflow to None, run_after=None
[2026-08-08T18:23:59.849+0000] {processor.py:208} INFO - Processing /home/airflow/.local/lib/python3.12/site-packages/airflow/example_dags/example_dataset_alias_with_no_taskflow.py took 0.546 seconds
[2026-08-08T18:24:30.676+0000] {processor.py:186} INFO - Started process (PID=481) to work on /home/airflow/.local/lib/python3.12/site-packages/airflow/example_dags/example_dataset_alias_with_no_taskflow.py
[2026-08-08T18:24:30.679+0000] {processor.py:914} INFO - Processing file /home/airflow/.local/lib/python3.12/site-packages/airflow/example_dags/example_dataset_alias_with_no_taskflow.py for tasks to queue
[2026-08-08T18:24:30.683+0000] {logging_mixin.py:190} INFO - [2026-08-08T18:24:30.683+0000] {dagbag.py:587} INFO - Filling up the DagBag from /home/airflow/.local/lib/python3.12/site-packages/airflow/example_dags/example_dataset_alias_with_no_taskflow.py
[2026-08-08T18:24:30.878+0000] {processor.py:925} INFO - DAG(s) 'dataset_alias_example_alias_consumer_with_no_taskflow', 'dataset_s3_bucket_producer_with_no_taskflow', 'dataset_alias_example_alias_producer_with_no_taskflow', 'dataset_s3_bucket_consumer_with_no_taskflow' retrieved from /home/airflow/.local/lib/python3.12/site-packages/airflow/example_dags/example_dataset_alias_with_no_taskflow.py
[2026-08-08T18:24:30.905+0000] {logging_mixin.py:190} INFO - [2026-08-08T18:24:30.904+0000] {dag.py:3211} INFO - Sync 4 DAGs
[2026-08-08T18:24:30.937+0000] {logging_mixin.py:190} INFO - [2026-08-08T18:24:30.936+0000] {dag.py:4138} INFO - Setting next_dagrun for dataset_alias_example_alias_consumer_with_no_taskflow to None, run_after=None
[2026-08-08T18:24:30.941+0000] {logging_mixin.py:190} INFO - [2026-08-08T18:24:30.940+0000] {dag.py:4138} INFO - Setting next_dagrun for dataset_alias_example_alias_producer_with_no_taskflow to None, run_after=None
[2026-08-08T18:24:30.943+0000] {logging_mixin.py:190} INFO - [2026-08-08T18:24:30.942+0000] {dag.py:4138} INFO - Setting next_dagrun for dataset_s3_bucket_consumer_with_no_taskflow to None, run_after=None
[2026-08-08T18:24:30.945+0000] {logging_mixin.py:190} INFO - [2026-08-08T18:24:30.945+0000] {dag.py:4138} INFO - Setting next_dagrun for dataset_s3_bucket_producer_with_no_taskflow to None, run_after=None
[2026-08-08T18:24:30.974+0000] {processor.py:208} INFO - Processing /home/airflow/.local/lib/python3.12/site-packages/airflow/example_dags/example_dataset_alias_with_no_taskflow.py took 0.307 seconds
[2026-08-08T18:25:01.328+0000] {processor.py:186} INFO - Started process (PID=544) to work on /home/airflow/.local/lib/python3.12/site-packages/airflow/example_dags/example_dataset_alias_with_no_taskflow.py
[2026-08-08T18:25:01.330+0000] {processor.py:914} INFO - Processing file /home/airflow/.local/lib/python3.12/site-packages/airflow/example_dags/example_dataset_alias_with_no_taskflow.py for tasks to queue
[2026-08-08T18:25:01.333+0000] {logging_mixin.py:190} INFO - [2026-08-08T18:25:01.333+0000] {dagbag.py:587} INFO - Filling up the DagBag from /home/airflow/.local/lib/python3.12/site-packages/airflow/example_dags/example_dataset_alias_with_no_taskflow.py
[2026-08-08T18:25:01.544+0000] {processor.py:925} INFO - DAG(s) 'dataset_alias_example_alias_producer_with_no_taskflow', 'dataset_s3_bucket_consumer_with_no_taskflow', 'dataset_alias_example_alias_consumer_with_no_taskflow', 'dataset_s3_bucket_producer_with_no_taskflow' retrieved from /home/airflow/.local/lib/python3.12/site-packages/airflow/example_dags/example_dataset_alias_with_no_taskflow.py
[2026-08-08T18:25:01.585+0000] {logging_mixin.py:190} INFO - [2026-08-08T18:25:01.584+0000] {dag.py:3211} INFO - Sync 4 DAGs
[2026-08-08T18:25:01.622+0000] {logging_mixin.py:190} INFO - [2026-08-08T18:25:01.622+0000] {dag.py:4138} INFO - Setting next_dagrun for dataset_alias_example_alias_consumer_with_no_taskflow to None, run_after=None
[2026-08-08T18:25:01.626+0000] {logging_mixin.py:190} INFO - [2026-08-08T18:25:01.626+0000] {dag.py:4138} INFO - Setting next_dagrun for dataset_alias_example_alias_producer_with_no_taskflow to None, run_after=None
[2026-08-08T18:25:01.628+0000] {logging_mixin.py:190} INFO - [2026-08-08T18:25:01.628+0000] {dag.py:4138} INFO - Setting next_dagrun for dataset_s3_bucket_consumer_with_no_taskflow to None, run_after=None
[2026-08-08T18:25:01.631+0000] {logging_mixin.py:190} INFO - [2026-08-08T18:25:01.631+0000] {dag.py:4138} INFO - Setting next_dagrun for dataset_s3_bucket_producer_with_no_taskflow to None, run_after=None
[2026-08-08T18:25:01.667+0000] {processor.py:208} INFO - Processing /home/airflow/.local/lib/python3.12/site-packages/airflow/example_dags/example_dataset_alias_with_no_taskflow.py took 0.347 seconds
[2026-08-08T18:25:31.739+0000] {processor.py:186} INFO - Started process (PID=608) to work on /home/airflow/.local/lib/python3.12/site-packages/airflow/example_dags/example_dataset_alias_with_no_taskflow.py
[2026-08-08T18:25:31.741+0000] {processor.py:914} INFO - Processing file /home/airflow/.local/lib/python3.12/site-packages/airflow/example_dags/example_dataset_alias_with_no_taskflow.py for tasks to queue
[2026-08-08T18:25:31.745+0000] {logging_mixin.py:190} INFO - [2026-08-08T18:25:31.744+0000] {dagbag.py:587} INFO - Filling up the DagBag from /home/airflow/.local/lib/python3.12/site-packages/airflow/example_dags/example_dataset_alias_with_no_taskflow.py
[2026-08-08T18:25:31.883+0000] {processor.py:925} INFO - DAG(s) 'dataset_s3_bucket_producer_with_no_taskflow', 'dataset_alias_example_alias_producer_with_no_taskflow', 'dataset_s3_bucket_consumer_with_no_taskflow', 'dataset_alias_example_alias_consumer_with_no_taskflow' retrieved from /home/airflow/.local/lib/python3.12/site-packages/airflow/example_dags/example_dataset_alias_with_no_taskflow.py
[2026-08-08T18:25:31.902+0000] {logging_mixin.py:190} INFO - [2026-08-08T18:25:31.902+0000] {dag.py:3211} INFO - Sync 4 DAGs
[2026-08-08T18:25:31.926+0000] {logging_mixin.py:190} INFO - [2026-08-08T18:25:31.925+0000] {dag.py:4138} INFO - Setting next_dagrun for dataset_alias_example_alias_consumer_with_no_taskflow to None, run_after=None
[2026-08-08T18:25:31.930+0000] {logging_mixin.py:190} INFO - [2026-08-08T18:25:31.930+0000] {dag.py:4138} INFO - Setting next_dagrun for dataset_alias_example_alias_producer_with_no_taskflow to None, run_after=None
[2026-08-08T18:25:31.932+0000] {logging_mixin.py:190} INFO - [2026-08-08T18:25:31.931+0000] {dag.py:4138} INFO - Setting next_dagrun for dataset_s3_bucket_consumer_with_no_taskflow to None, run_after=None
[2026-08-08T18:25:31.933+0000] {logging_mixin.py:190} INFO - [2026-08-08T18:25:31.933+0000] {dag.py:4138} INFO - Setting next_dagrun for dataset_s3_bucket_producer_with_no_taskflow to None, run_after=None
[2026-08-08T18:25:31.959+0000] {processor.py:208} INFO - Processing /home/airflow/.local/lib/python3.12/site-packages/airflow/example_dags/example_dataset_alias_with_no_taskflow.py took 0.228 seconds
[2026-08-08T18:26:02.160+0000] {processor.py:186} INFO - Started process (PID=671) to work on /home/airflow/.local/lib/python3.12/site-packages/airflow/example_dags/example_dataset_alias_with_no_taskflow.py
[2026-08-08T18:26:02.163+0000] {processor.py:914} INFO - Processing file /home/airflow/.local/lib/python3.12/site-packages/airflow/example_dags/example_dataset_alias_with_no_taskflow.py for tasks to queue
[2026-08-08T18:26:02.167+0000] {logging_mixin.py:190} INFO - [2026-08-08T18:26:02.166+0000] {dagbag.py:587} INFO - Filling up the DagBag from /home/airflow/.local/lib/python3.12/site-packages/airflow/example_dags/example_dataset_alias_with_no_taskflow.py
[2026-08-08T18:26:02.326+0000] {processor.py:925} INFO - DAG(s) 'dataset_alias_example_alias_producer_with_no_taskflow', 'dataset_s3_bucket_consumer_with_no_taskflow', 'dataset_s3_bucket_producer_with_no_taskflow', 'dataset_alias_example_alias_consumer_with_no_taskflow' retrieved from /home/airflow/.local/lib/python3.12/site-packages/airflow/example_dags/example_dataset_alias_with_no_taskflow.py
[2026-08-08T18:26:02.349+0000] {logging_mixin.py:190} INFO - [2026-08-08T18:26:02.349+0000] {dag.py:3211} INFO - Sync 4 DAGs
[2026-08-08T18:26:02.377+0000] {logging_mixin.py:190} INFO - [2026-08-08T18:26:02.376+0000] {dag.py:4138} INFO - Setting next_dagrun for dataset_alias_example_alias_consumer_with_no_taskflow to None, run_after=None
[2026-08-08T18:26:02.379+0000] {logging_mixin.py:190} INFO - [2026-08-08T18:26:02.379+0000] {dag.py:4138} INFO - Setting next_dagrun for dataset_alias_example_alias_producer_with_no_taskflow to None, run_after=None
[2026-08-08T18:26:02.381+0000] {logging_mixin.py:190} INFO - [2026-08-08T18:26:02.381+0000] {dag.py:4138} INFO - Setting next_dagrun for dataset_s3_bucket_consumer_with_no_taskflow to None, run_after=None
[2026-08-08T18:26:02.382+0000] {logging_mixin.py:190} INFO - [2026-08-08T18:26:02.382+0000] {dag.py:4138} INFO - Setting next_dagrun for dataset_s3_bucket_producer_with_no_taskflow to None, run_after=None
[2026-08-08T18:26:02.404+0000] {processor.py:208} INFO - Processing /home/airflow/.local/lib/python3.12/site-packages/airflow/example_dags/example_dataset_alias_with_no_taskflow.py took 0.250 seconds
[2026-08-08T18:26:33.217+0000] {processor.py:186} INFO - Started process (PID=734) to work on /home/airflow/.local/lib/python3.12/site-packages/airflow/example_dags/example_dataset_alias_with_no_taskflow.py
[2026-08-08T18:26:33.218+0000] {processor.py:914} INFO - Processing file /home/airflow/.local/lib/python3.12/site-packages/airflow/example_dags/example_dataset_alias_with_no_taskflow.py for tasks to queue
[2026-08-08T18:26:33.221+0000] {logging_mixin.py:190} INFO - [2026-08-08T18:26:33.221+0000] {dagbag.py:587} INFO - Filling up the DagBag from /home/airflow/.local/lib/python3.12/site-packages/airflow/example_dags/example_dataset_alias_with_no_taskflow.py
[2026-08-08T18:26:33.371+0000] {processor.py:925} INFO - DAG(s) 'dataset_alias_example_alias_producer_with_no_taskflow', 'dataset_s3_bucket_consumer_with_no_taskflow', 'dataset_s3_bucket_producer_with_no_taskflow', 'dataset_alias_example_alias_consumer_with_no_taskflow' retrieved from /home/airflow/.local/lib/python3.12/site-packages/airflow/example_dags/example_dataset_alias_with_no_taskflow.py
[2026-08-08T18:26:33.403+0000] {logging_mixin.py:190} INFO - [2026-08-08T18:26:33.402+0000] {dag.py:3211} INFO - Sync 4 DAGs
[2026-08-08T18:26:33.446+0000] {logging_mixin.py:190} INFO - [2026-08-08T18:26:33.445+0000] {dag.py:4138} INFO - Setting next_dagrun for dataset_alias_example_alias_consumer_with_no_taskflow to None, run_after=None
[2026-08-08T18:26:33.452+0000] {logging_mixin.py:190} INFO - [2026-08-08T18:26:33.452+0000] {dag.py:4138} INFO - Setting next_dagrun for dataset_alias_example_alias_producer_with_no_taskflow to None, run_after=None
[2026-08-08T18:26:33.457+0000] {logging_mixin.py:190} INFO - [2026-08-08T18:26:33.456+0000] {dag.py:4138} INFO - Setting next_dagrun for dataset_s3_bucket_consumer_with_no_taskflow to None, run_after=None
[2026-08-08T18:26:33.459+0000] {logging_mixin.py:190} INFO - [2026-08-08T18:26:33.459+0000] {dag.py:4138} INFO - Setting next_dagrun for dataset_s3_bucket_producer_with_no_taskflow to None, run_after=None
[2026-08-08T18:26:33.491+0000] {processor.py:208} INFO - Processing /home/airflow/.local/lib/python3.12/site-packages/airflow/example_dags/example_dataset_alias_with_no_taskflow.py took 0.280 seconds
