[2026-08-08T17:25:00.180+0000] {processor.py:186} INFO - Started process (PID=76) to work on /home/airflow/.local/lib/python3.12/site-packages/airflow/example_dags/example_dataset_alias.py
[2026-08-08T17:25:00.181+0000] {processor.py:914} INFO - Processing file /home/airflow/.local/lib/python3.12/site-packages/airflow/example_dags/example_dataset_alias.py for tasks to queue
[2026-08-08T17:25:00.183+0000] {logging_mixin.py:190} INFO - [2026-08-08T17:25:00.182+0000] {dagbag.py:587} INFO - Filling up the DagBag from /home/airflow/.local/lib/python3.12/site-packages/airflow/example_dags/example_dataset_alias.py
[2026-08-08T17:25:01.013+0000] {processor.py:925} INFO - DAG(s) 'dataset_s3_bucket_producer', 'dataset_s3_bucket_consumer', 'dataset_alias_example_alias_producer', 'dataset_alias_example_alias_consumer' retrieved from /home/airflow/.local/lib/python3.12/site-packages/airflow/example_dags/example_dataset_alias.py
[2026-08-08T17:25:01.122+0000] {logging_mixin.py:190} INFO - [2026-08-08T17:25:01.121+0000] {override.py:1858} INFO - Created Permission View: can delete on DAG:dataset_s3_bucket_producer
[2026-08-08T17:25:01.135+0000] {logging_mixin.py:190} INFO - [2026-08-08T17:25:01.134+0000] {override.py:1858} INFO - Created Permission View: can edit on DAG:dataset_s3_bucket_producer
[2026-08-08T17:25:01.143+0000] {logging_mixin.py:190} INFO - [2026-08-08T17:25:01.143+0000] {override.py:1858} INFO - Created Permission View: can read on DAG:dataset_s3_bucket_producer
[2026-08-08T17:25:01.163+0000] {logging_mixin.py:190} INFO - [2026-08-08T17:25:01.163+0000] {override.py:1858} INFO - Created Permission View: can delete on DAG:dataset_s3_bucket_consumer
[2026-08-08T17:25:01.178+0000] {logging_mixin.py:190} INFO - [2026-08-08T17:25:01.177+0000] {override.py:1858} INFO - Created Permission View: can edit on DAG:dataset_s3_bucket_consumer
[2026-08-08T17:25:01.193+0000] {logging_mixin.py:190} INFO - [2026-08-08T17:25:01.193+0000] {override.py:1858} INFO - Created Permission View: can read on DAG:dataset_s3_bucket_consumer
[2026-08-08T17:25:01.218+0000] {logging_mixin.py:190} INFO - [2026-08-08T17:25:01.217+0000] {override.py:1858} INFO - Created Permission View: can delete on DAG:dataset_alias_example_alias_producer
[2026-08-08T17:25:01.231+0000] {logging_mixin.py:190} INFO - [2026-08-08T17:25:01.230+0000] {override.py:1858} INFO - Created Permission View: can edit on DAG:dataset_alias_example_alias_producer
[2026-08-08T17:25:01.242+0000] {logging_mixin.py:190} INFO - [2026-08-08T17:25:01.242+0000] {override.py:1858} INFO - Created Permission View: can read on DAG:dataset_alias_example_alias_producer
[2026-08-08T17:25:01.263+0000] {logging_mixin.py:190} INFO - [2026-08-08T17:25:01.262+0000] {override.py:1858} INFO - Created Permission View: can delete on DAG:dataset_alias_example_alias_consumer
[2026-08-08T17:25:01.281+0000] {logging_mixin.py:190} INFO - [2026-08-08T17:25:01.280+0000] {override.py:1858} INFO - Created Permission View: can edit on DAG:dataset_alias_example_alias_consumer
[2026-08-08T17:25:01.292+0000] {logging_mixin.py:190} INFO - [2026-08-08T17:25:01.292+0000] {override.py:1858} INFO - Created Permission View: can read on DAG:dataset_alias_example_alias_consumer
[2026-08-08T17:25:01.296+0000] {logging_mixin.py:190} INFO - [2026-08-08T17:25:01.296+0000] {dag.py:3211} INFO - Sync 4 DAGs
[2026-08-08T17:25:01.312+0000] {logging_mixin.py:190} INFO - [2026-08-08T17:25:01.312+0000] {dag.py:3234} INFO - Creating ORM DAG for dataset_s3_bucket_producer
[2026-08-08T17:25:01.316+0000] {logging_mixin.py:190} INFO - [2026-08-08T17:25:01.315+0000] {dag.py:3234} INFO - Creating ORM DAG for dataset_alias_example_alias_consumer
[2026-08-08T17:25:01.318+0000] {logging_mixin.py:190} INFO - [2026-08-08T17:25:01.318+0000] {dag.py:3234} INFO - Creating ORM DAG for dataset_s3_bucket_consumer
[2026-08-08T17:25:01.320+0000] {logging_mixin.py:190} INFO - [2026-08-08T17:25:01.320+0000] {dag.py:3234} INFO - Creating ORM DAG for dataset_alias_example_alias_producer
[2026-08-08T17:25:01.334+0000] {logging_mixin.py:190} INFO - [2026-08-08T17:25:01.333+0000] {dag.py:4138} INFO - Setting next_dagrun for dataset_alias_example_alias_consumer to None, run_after=None
[2026-08-08T17:25:01.336+0000] {logging_mixin.py:190} INFO - [2026-08-08T17:25:01.336+0000] {dag.py:4138} INFO - Setting next_dagrun for dataset_alias_example_alias_producer to None, run_after=None
[2026-08-08T17:25:01.337+0000] {logging_mixin.py:190} INFO - [2026-08-08T17:25:01.337+0000] {dag.py:4138} INFO - Setting next_dagrun for dataset_s3_bucket_consumer to None, run_after=None
[2026-08-08T17:25:01.338+0000] {logging_mixin.py:190} INFO - [2026-08-08T17:25:01.338+0000] {dag.py:4138} INFO - Setting next_dagrun for dataset_s3_bucket_producer to None, run_after=None
[2026-08-08T17:25:01.391+0000] {processor.py:208} INFO - Processing /home/airflow/.local/lib/python3.12/site-packages/airflow/example_dags/example_dataset_alias.py took 1.217 seconds
[2026-08-08T17:25:31.661+0000] {processor.py:186} INFO - Started process (PID=139) to work on /home/airflow/.local/lib/python3.12/site-packages/airflow/example_dags/example_dataset_alias.py
[2026-08-08T17:25:31.663+0000] {processor.py:914} INFO - Processing file /home/airflow/.local/lib/python3.12/site-packages/airflow/example_dags/example_dataset_alias.py for tasks to queue
[2026-08-08T17:25:31.668+0000] {logging_mixin.py:190} INFO - [2026-08-08T17:25:31.668+0000] {dagbag.py:587} INFO - Filling up the DagBag from /home/airflow/.local/lib/python3.12/site-packages/airflow/example_dags/example_dataset_alias.py
[2026-08-08T17:25:32.069+0000] {processor.py:925} INFO - DAG(s) 'dataset_alias_example_alias_consumer', 'dataset_s3_bucket_producer', 'dataset_alias_example_alias_producer', 'dataset_s3_bucket_consumer' retrieved from /home/airflow/.local/lib/python3.12/site-packages/airflow/example_dags/example_dataset_alias.py
[2026-08-08T17:25:32.096+0000] {logging_mixin.py:190} INFO - [2026-08-08T17:25:32.096+0000] {dag.py:3211} INFO - Sync 4 DAGs
[2026-08-08T17:25:32.124+0000] {logging_mixin.py:190} INFO - [2026-08-08T17:25:32.124+0000] {dag.py:4138} INFO - Setting next_dagrun for dataset_alias_example_alias_consumer to None, run_after=None
[2026-08-08T17:25:32.129+0000] {logging_mixin.py:190} INFO - [2026-08-08T17:25:32.129+0000] {dag.py:4138} INFO - Setting next_dagrun for dataset_alias_example_alias_producer to None, run_after=None
[2026-08-08T17:25:32.132+0000] {logging_mixin.py:190} INFO - [2026-08-08T17:25:32.131+0000] {dag.py:4138} INFO - Setting next_dagrun for dataset_s3_bucket_consumer to None, run_after=None
[2026-08-08T17:25:32.134+0000] {logging_mixin.py:190} INFO - [2026-08-08T17:25:32.133+0000] {dag.py:4138} INFO - Setting next_dagrun for dataset_s3_bucket_producer to None, run_after=None
[2026-08-08T17:25:32.166+0000] {processor.py:208} INFO - Processing /home/airflow/.local/lib/python3.12/site-packages/airflow/example_dags/example_dataset_alias.py took 0.514 seconds
[2026-08-08T17:26:02.451+0000] {processor.py:186} INFO - Started process (PID=202) to work on /home/airflow/.local/lib/python3.12/site-packages/airflow/example_dags/example_dataset_alias.py
[2026-08-08T17:26:02.453+0000] {processor.py:914} INFO - Processing file /home/airflow/.local/lib/python3.12/site-packages/airflow/example_dags/example_dataset_alias.py for tasks to queue
[2026-08-08T17:26:02.456+0000] {logging_mixin.py:190} INFO - [2026-08-08T17:26:02.456+0000] {dagbag.py:587} INFO - Filling up the DagBag from /home/airflow/.local/lib/python3.12/site-packages/airflow/example_dags/example_dataset_alias.py
[2026-08-08T17:26:02.648+0000] {processor.py:925} INFO - DAG(s) 'dataset_s3_bucket_producer', 'dataset_s3_bucket_consumer', 'dataset_alias_example_alias_producer', 'dataset_alias_example_alias_consumer' retrieved from /home/airflow/.local/lib/python3.12/site-packages/airflow/example_dags/example_dataset_alias.py
[2026-08-08T17:26:02.671+0000] {logging_mixin.py:190} INFO - [2026-08-08T17:26:02.671+0000] {dag.py:3211} INFO - Sync 4 DAGs
[2026-08-08T17:26:02.696+0000] {logging_mixin.py:190} INFO - [2026-08-08T17:26:02.696+0000] {dag.py:4138} INFO - Setting next_dagrun for dataset_alias_example_alias_consumer to None, run_after=None
[2026-08-08T17:26:02.699+0000] {logging_mixin.py:190} INFO - [2026-08-08T17:26:02.699+0000] {dag.py:4138} INFO - Setting next_dagrun for dataset_alias_example_alias_producer to None, run_after=None
[2026-08-08T17:26:02.701+0000] {logging_mixin.py:190} INFO - [2026-08-08T17:26:02.701+0000] {dag.py:4138} INFO - Setting next_dagrun for dataset_s3_bucket_consumer to None, run_after=None
[2026-08-08T17:26:02.703+0000] {logging_mixin.py:190} INFO - [2026-08-08T17:26:02.703+0000] {dag.py:4138} INFO - Setting next_dagrun for dataset_s3_bucket_producer to None, run_after=None
[2026-08-08T17:26:02.728+0000] {processor.py:208} INFO - Processing /home/airflow/.local/lib/python3.12/site-packages/airflow/example_dags/example_dataset_alias.py took 0.285 seconds
[2026-08-08T17:26:33.284+0000] {processor.py:186} INFO - Started process (PID=265) to work on /home/airflow/.local/lib/python3.12/site-packages/airflow/example_dags/example_dataset_alias.py
[2026-08-08T17:26:33.286+0000] {processor.py:914} INFO - Processing file /home/airflow/.local/lib/python3.12/site-packages/airflow/example_dags/example_dataset_alias.py for tasks to queue
[2026-08-08T17:26:33.293+0000] {logging_mixin.py:190} INFO - [2026-08-08T17:26:33.292+0000] {dagbag.py:587} INFO - Filling up the DagBag from /home/airflow/.local/lib/python3.12/site-packages/airflow/example_dags/example_dataset_alias.py
[2026-08-08T17:26:33.512+0000] {processor.py:925} INFO - DAG(s) 'dataset_alias_example_alias_consumer', 'dataset_s3_bucket_producer', 'dataset_s3_bucket_consumer', 'dataset_alias_example_alias_producer' retrieved from /home/airflow/.local/lib/python3.12/site-packages/airflow/example_dags/example_dataset_alias.py
[2026-08-08T17:26:33.535+0000] {logging_mixin.py:190} INFO - [2026-08-08T17:26:33.534+0000] {dag.py:3211} INFO - Sync 4 DAGs
[2026-08-08T17:26:33.562+0000] {logging_mixin.py:190} INFO - [2026-08-08T17:26:33.562+0000] {dag.py:4138} INFO - Setting next_dagrun for dataset_alias_example_alias_consumer to None, run_after=None
[2026-08-08T17:26:33.565+0000] {logging_mixin.py:190} INFO - [2026-08-08T17:26:33.565+0000] {dag.py:4138} INFO - Setting next_dagrun for dataset_alias_example_alias_producer to None, run_after=None
[2026-08-08T17:26:33.567+0000] {logging_mixin.py:190} INFO - [2026-08-08T17:26:33.567+0000] {dag.py:4138} INFO - Setting next_dagrun for dataset_s3_bucket_consumer to None, run_after=None
[2026-08-08T17:26:33.568+0000] {logging_mixin.py:190} INFO - [2026-08-08T17:26:33.568+0000] {dag.py:4138} INFO - Setting next_dagrun for dataset_s3_bucket_producer to None, run_after=None
[2026-08-08T17:26:33.598+0000] {processor.py:208} INFO - Processing /home/airflow/.local/lib/python3.12/site-packages/airflow/example_dags/example_dataset_alias.py took 0.323 seconds
[2026-08-08T17:27:03.657+0000] {processor.py:186} INFO - Started process (PID=329) to work on /home/airflow/.local/lib/python3.12/site-packages/airflow/example_dags/example_dataset_alias.py
[2026-08-08T17:27:03.659+0000] {processor.py:914} INFO - Processing file /home/airflow/.local/lib/python3.12/site-packages/airflow/example_dags/example_dataset_alias.py for tasks to queue
[2026-08-08T17:27:03.663+0000] {logging_mixin.py:190} INFO - [2026-08-08T17:27:03.662+0000] {dagbag.py:587} INFO - Filling up the DagBag from /home/airflow/.local/lib/python3.12/site-packages/airflow/example_dags/example_dataset_alias.py
[2026-08-08T17:27:03.837+0000] {processor.py:925} INFO - DAG(s) 'dataset_s3_bucket_producer', 'dataset_s3_bucket_consumer', 'dataset_alias_example_alias_producer', 'dataset_alias_example_alias_consumer' retrieved from /home/airflow/.local/lib/python3.12/site-packages/airflow/example_dags/example_dataset_alias.py
[2026-08-08T17:27:03.860+0000] {logging_mixin.py:190} INFO - [2026-08-08T17:27:03.859+0000] {dag.py:3211} INFO - Sync 4 DAGs
[2026-08-08T17:27:03.883+0000] {logging_mixin.py:190} INFO - [2026-08-08T17:27:03.882+0000] {dag.py:4138} INFO - Setting next_dagrun for dataset_alias_example_alias_consumer to None, run_after=None
[2026-08-08T17:27:03.885+0000] {logging_mixin.py:190} INFO - [2026-08-08T17:27:03.885+0000] {dag.py:4138} INFO - Setting next_dagrun for dataset_alias_example_alias_producer to None, run_after=None
[2026-08-08T17:27:03.887+0000] {logging_mixin.py:190} INFO - [2026-08-08T17:27:03.887+0000] {dag.py:4138} INFO - Setting next_dagrun for dataset_s3_bucket_consumer to None, run_after=None
[2026-08-08T17:27:03.889+0000] {logging_mixin.py:190} INFO - [2026-08-08T17:27:03.889+0000] {dag.py:4138} INFO - Setting next_dagrun for dataset_s3_bucket_producer to None, run_after=None
[2026-08-08T17:27:03.915+0000] {processor.py:208} INFO - Processing /home/airflow/.local/lib/python3.12/site-packages/airflow/example_dags/example_dataset_alias.py took 0.263 seconds
[2026-08-08T17:27:34.101+0000] {processor.py:186} INFO - Started process (PID=394) to work on /home/airflow/.local/lib/python3.12/site-packages/airflow/example_dags/example_dataset_alias.py
[2026-08-08T17:27:34.102+0000] {processor.py:914} INFO - Processing file /home/airflow/.local/lib/python3.12/site-packages/airflow/example_dags/example_dataset_alias.py for tasks to queue
[2026-08-08T17:27:34.105+0000] {logging_mixin.py:190} INFO - [2026-08-08T17:27:34.104+0000] {dagbag.py:587} INFO - Filling up the DagBag from /home/airflow/.local/lib/python3.12/site-packages/airflow/example_dags/example_dataset_alias.py
[2026-08-08T17:27:34.274+0000] {processor.py:925} INFO - DAG(s) 'dataset_alias_example_alias_producer', 'dataset_alias_example_alias_consumer', 'dataset_s3_bucket_consumer', 'dataset_s3_bucket_producer' retrieved from /home/airflow/.local/lib/python3.12/site-packages/airflow/example_dags/example_dataset_alias.py
[2026-08-08T17:27:34.300+0000] {logging_mixin.py:190} INFO - [2026-08-08T17:27:34.300+0000] {dag.py:3211} INFO - Sync 4 DAGs
[2026-08-08T17:27:34.329+0000] {logging_mixin.py:190} INFO - [2026-08-08T17:27:34.328+0000] {dag.py:4138} INFO - Setting next_dagrun for dataset_alias_example_alias_consumer to None, run_after=None
[2026-08-08T17:27:34.332+0000] {logging_mixin.py:190} INFO - [2026-08-08T17:27:34.332+0000] {dag.py:4138} INFO - Setting next_dagrun for dataset_alias_example_alias_producer to None, run_after=None
[2026-08-08T17:27:34.335+0000] {logging_mixin.py:190} INFO - [2026-08-08T17:27:34.334+0000] {dag.py:4138} INFO - Setting next_dagrun for dataset_s3_bucket_consumer to None, run_after=None
[2026-08-08T17:27:34.337+0000] {logging_mixin.py:190} INFO - [2026-08-08T17:27:34.337+0000] {dag.py:4138} INFO - Setting next_dagrun for dataset_s3_bucket_producer to None, run_after=None
[2026-08-08T17:27:34.363+0000] {processor.py:208} INFO - Processing /home/airflow/.local/lib/python3.12/site-packages/airflow/example_dags/example_dataset_alias.py took 0.268 seconds
[2026-08-08T17:28:04.417+0000] {processor.py:186} INFO - Started process (PID=457) to work on /home/airflow/.local/lib/python3.12/site-packages/airflow/example_dags/example_dataset_alias.py
[2026-08-08T17:28:04.419+0000] {processor.py:914} INFO - Processing file /home/airflow/.local/lib/python3.12/site-packages/airflow/example_dags/example_dataset_alias.py for tasks to queue
[2026-08-08T17:28:04.422+0000] {logging_mixin.py:190} INFO - [2026-08-08T17:28:04.422+0000] {dagbag.py:587} INFO - Filling up the DagBag from /home/airflow/.local/lib/python3.12/site-packages/airflow/example_dags/example_dataset_alias.py
[2026-08-08T17:28:04.589+0000] {processor.py:925} INFO - DAG(s) 'dataset_s3_bucket_producer', 'dataset_alias_example_alias_consumer', 'dataset_s3_bucket_consumer', 'dataset_alias_example_alias_producer' retrieved from /home/airflow/.local/lib/python3.12/site-packages/airflow/example_dags/example_dataset_alias.py
[2026-08-08T17:28:04.610+0000] {logging_mixin.py:190} INFO - [2026-08-08T17:28:04.610+0000] {dag.py:3211} INFO - Sync 4 DAGs
[2026-08-08T17:28:04.633+0000] {logging_mixin.py:190} INFO - [2026-08-08T17:28:04.632+0000] {dag.py:4138} INFO - Setting next_dagrun for dataset_alias_example_alias_consumer to None, run_after=None
[2026-08-08T17:28:04.635+0000] {logging_mixin.py:190} INFO - [2026-08-08T17:28:04.635+0000] {dag.py:4138} INFO - Setting next_dagrun for dataset_alias_example_alias_producer to None, run_after=None
[2026-08-08T17:28:04.636+0000] {logging_mixin.py:190} INFO - [2026-08-08T17:28:04.636+0000] {dag.py:4138} INFO - Setting next_dagrun for dataset_s3_bucket_consumer to None, run_after=None
[2026-08-08T17:28:04.638+0000] {logging_mixin.py:190} INFO - [2026-08-08T17:28:04.638+0000] {dag.py:4138} INFO - Setting next_dagrun for dataset_s3_bucket_producer to None, run_after=None
[2026-08-08T17:28:04.660+0000] {processor.py:208} INFO - Processing /home/airflow/.local/lib/python3.12/site-packages/airflow/example_dags/example_dataset_alias.py took 0.251 seconds
[2026-08-08T17:28:35.127+0000] {processor.py:186} INFO - Started process (PID=517) to work on /home/airflow/.local/lib/python3.12/site-packages/airflow/example_dags/example_dataset_alias.py
[2026-08-08T17:28:35.129+0000] {processor.py:914} INFO - Processing file /home/airflow/.local/lib/python3.12/site-packages/airflow/example_dags/example_dataset_alias.py for tasks to queue
[2026-08-08T17:28:35.132+0000] {logging_mixin.py:190} INFO - [2026-08-08T17:28:35.132+0000] {dagbag.py:587} INFO - Filling up the DagBag from /home/airflow/.local/lib/python3.12/site-packages/airflow/example_dags/example_dataset_alias.py
[2026-08-08T17:28:35.282+0000] {processor.py:925} INFO - DAG(s) 'dataset_s3_bucket_consumer', 'dataset_s3_bucket_producer', 'dataset_alias_example_alias_consumer', 'dataset_alias_example_alias_producer' retrieved from /home/airflow/.local/lib/python3.12/site-packages/airflow/example_dags/example_dataset_alias.py
[2026-08-08T17:28:35.307+0000] {logging_mixin.py:190} INFO - [2026-08-08T17:28:35.307+0000] {dag.py:3211} INFO - Sync 4 DAGs
[2026-08-08T17:28:35.326+0000] {logging_mixin.py:190} INFO - [2026-08-08T17:28:35.326+0000] {dag.py:4138} INFO - Setting next_dagrun for dataset_alias_example_alias_consumer to None, run_after=None
[2026-08-08T17:28:35.329+0000] {logging_mixin.py:190} INFO - [2026-08-08T17:28:35.329+0000] {dag.py:4138} INFO - Setting next_dagrun for dataset_alias_example_alias_producer to None, run_after=None
[2026-08-08T17:28:35.330+0000] {logging_mixin.py:190} INFO - [2026-08-08T17:28:35.330+0000] {dag.py:4138} INFO - Setting next_dagrun for dataset_s3_bucket_consumer to None, run_after=None
[2026-08-08T17:28:35.332+0000] {logging_mixin.py:190} INFO - [2026-08-08T17:28:35.331+0000] {dag.py:4138} INFO - Setting next_dagrun for dataset_s3_bucket_producer to None, run_after=None
[2026-08-08T17:28:35.358+0000] {processor.py:208} INFO - Processing /home/airflow/.local/lib/python3.12/site-packages/airflow/example_dags/example_dataset_alias.py took 0.238 seconds
[2026-08-08T17:29:05.984+0000] {processor.py:186} INFO - Started process (PID=580) to work on /home/airflow/.local/lib/python3.12/site-packages/airflow/example_dags/example_dataset_alias.py
[2026-08-08T17:29:05.986+0000] {processor.py:914} INFO - Processing file /home/airflow/.local/lib/python3.12/site-packages/airflow/example_dags/example_dataset_alias.py for tasks to queue
[2026-08-08T17:29:05.992+0000] {logging_mixin.py:190} INFO - [2026-08-08T17:29:05.992+0000] {dagbag.py:587} INFO - Filling up the DagBag from /home/airflow/.local/lib/python3.12/site-packages/airflow/example_dags/example_dataset_alias.py
[2026-08-08T17:29:06.260+0000] {processor.py:925} INFO - DAG(s) 'dataset_s3_bucket_producer', 'dataset_alias_example_alias_producer', 'dataset_alias_example_alias_consumer', 'dataset_s3_bucket_consumer' retrieved from /home/airflow/.local/lib/python3.12/site-packages/airflow/example_dags/example_dataset_alias.py
[2026-08-08T17:29:06.349+0000] {logging_mixin.py:190} INFO - [2026-08-08T17:29:06.349+0000] {dag.py:3211} INFO - Sync 4 DAGs
[2026-08-08T17:29:06.393+0000] {logging_mixin.py:190} INFO - [2026-08-08T17:29:06.392+0000] {dag.py:4138} INFO - Setting next_dagrun for dataset_alias_example_alias_consumer to None, run_after=None
[2026-08-08T17:29:06.399+0000] {logging_mixin.py:190} INFO - [2026-08-08T17:29:06.399+0000] {dag.py:4138} INFO - Setting next_dagrun for dataset_alias_example_alias_producer to None, run_after=None
[2026-08-08T17:29:06.401+0000] {logging_mixin.py:190} INFO - [2026-08-08T17:29:06.401+0000] {dag.py:4138} INFO - Setting next_dagrun for dataset_s3_bucket_consumer to None, run_after=None
[2026-08-08T17:29:06.404+0000] {logging_mixin.py:190} INFO - [2026-08-08T17:29:06.403+0000] {dag.py:4138} INFO - Setting next_dagrun for dataset_s3_bucket_producer to None, run_after=None
[2026-08-08T17:29:06.448+0000] {processor.py:208} INFO - Processing /home/airflow/.local/lib/python3.12/site-packages/airflow/example_dags/example_dataset_alias.py took 0.472 seconds
[2026-08-08T17:29:37.252+0000] {processor.py:186} INFO - Started process (PID=644) to work on /home/airflow/.local/lib/python3.12/site-packages/airflow/example_dags/example_dataset_alias.py
[2026-08-08T17:29:37.254+0000] {processor.py:914} INFO - Processing file /home/airflow/.local/lib/python3.12/site-packages/airflow/example_dags/example_dataset_alias.py for tasks to queue
[2026-08-08T17:29:37.257+0000] {logging_mixin.py:190} INFO - [2026-08-08T17:29:37.257+0000] {dagbag.py:587} INFO - Filling up the DagBag from /home/airflow/.local/lib/python3.12/site-packages/airflow/example_dags/example_dataset_alias.py
[2026-08-08T17:29:37.477+0000] {processor.py:925} INFO - DAG(s) 'dataset_alias_example_alias_producer', 'dataset_alias_example_alias_consumer', 'dataset_s3_bucket_producer', 'dataset_s3_bucket_consumer' retrieved from /home/airflow/.local/lib/python3.12/site-packages/airflow/example_dags/example_dataset_alias.py
[2026-08-08T17:29:37.504+0000] {logging_mixin.py:190} INFO - [2026-08-08T17:29:37.504+0000] {dag.py:3211} INFO - Sync 4 DAGs
[2026-08-08T17:29:37.524+0000] {logging_mixin.py:190} INFO - [2026-08-08T17:29:37.524+0000] {dag.py:4138} INFO - Setting next_dagrun for dataset_alias_example_alias_consumer to None, run_after=None
[2026-08-08T17:29:37.527+0000] {logging_mixin.py:190} INFO - [2026-08-08T17:29:37.527+0000] {dag.py:4138} INFO - Setting next_dagrun for dataset_alias_example_alias_producer to None, run_after=None
[2026-08-08T17:29:37.529+0000] {logging_mixin.py:190} INFO - [2026-08-08T17:29:37.529+0000] {dag.py:4138} INFO - Setting next_dagrun for dataset_s3_bucket_consumer to None, run_after=None
[2026-08-08T17:29:37.530+0000] {logging_mixin.py:190} INFO - [2026-08-08T17:29:37.530+0000] {dag.py:4138} INFO - Setting next_dagrun for dataset_s3_bucket_producer to None, run_after=None
[2026-08-08T17:29:37.554+0000] {processor.py:208} INFO - Processing /home/airflow/.local/lib/python3.12/site-packages/airflow/example_dags/example_dataset_alias.py took 0.307 seconds
[2026-08-08T17:30:08.194+0000] {processor.py:186} INFO - Started process (PID=707) to work on /home/airflow/.local/lib/python3.12/site-packages/airflow/example_dags/example_dataset_alias.py
[2026-08-08T17:30:08.195+0000] {processor.py:914} INFO - Processing file /home/airflow/.local/lib/python3.12/site-packages/airflow/example_dags/example_dataset_alias.py for tasks to queue
[2026-08-08T17:30:08.197+0000] {logging_mixin.py:190} INFO - [2026-08-08T17:30:08.197+0000] {dagbag.py:587} INFO - Filling up the DagBag from /home/airflow/.local/lib/python3.12/site-packages/airflow/example_dags/example_dataset_alias.py
[2026-08-08T17:30:08.340+0000] {processor.py:925} INFO - DAG(s) 'dataset_s3_bucket_consumer', 'dataset_alias_example_alias_consumer', 'dataset_s3_bucket_producer', 'dataset_alias_example_alias_producer' retrieved from /home/airflow/.local/lib/python3.12/site-packages/airflow/example_dags/example_dataset_alias.py
[2026-08-08T17:30:08.360+0000] {logging_mixin.py:190} INFO - [2026-08-08T17:30:08.360+0000] {dag.py:3211} INFO - Sync 4 DAGs
[2026-08-08T17:30:08.383+0000] {logging_mixin.py:190} INFO - [2026-08-08T17:30:08.382+0000] {dag.py:4138} INFO - Setting next_dagrun for dataset_alias_example_alias_consumer to None, run_after=None
[2026-08-08T17:30:08.385+0000] {logging_mixin.py:190} INFO - [2026-08-08T17:30:08.385+0000] {dag.py:4138} INFO - Setting next_dagrun for dataset_alias_example_alias_producer to None, run_after=None
[2026-08-08T17:30:08.386+0000] {logging_mixin.py:190} INFO - [2026-08-08T17:30:08.386+0000] {dag.py:4138} INFO - Setting next_dagrun for dataset_s3_bucket_consumer to None, run_after=None
[2026-08-08T17:30:08.388+0000] {logging_mixin.py:190} INFO - [2026-08-08T17:30:08.388+0000] {dag.py:4138} INFO - Setting next_dagrun for dataset_s3_bucket_producer to None, run_after=None
[2026-08-08T17:30:08.412+0000] {processor.py:208} INFO - Processing /home/airflow/.local/lib/python3.12/site-packages/airflow/example_dags/example_dataset_alias.py took 0.224 seconds
[2026-08-08T17:30:39.118+0000] {processor.py:186} INFO - Started process (PID=770) to work on /home/airflow/.local/lib/python3.12/site-packages/airflow/example_dags/example_dataset_alias.py
[2026-08-08T17:30:39.119+0000] {processor.py:914} INFO - Processing file /home/airflow/.local/lib/python3.12/site-packages/airflow/example_dags/example_dataset_alias.py for tasks to queue
[2026-08-08T17:30:39.122+0000] {logging_mixin.py:190} INFO - [2026-08-08T17:30:39.121+0000] {dagbag.py:587} INFO - Filling up the DagBag from /home/airflow/.local/lib/python3.12/site-packages/airflow/example_dags/example_dataset_alias.py
[2026-08-08T17:30:39.273+0000] {processor.py:925} INFO - DAG(s) 'dataset_s3_bucket_consumer', 'dataset_s3_bucket_producer', 'dataset_alias_example_alias_consumer', 'dataset_alias_example_alias_producer' retrieved from /home/airflow/.local/lib/python3.12/site-packages/airflow/example_dags/example_dataset_alias.py
[2026-08-08T17:30:39.292+0000] {logging_mixin.py:190} INFO - [2026-08-08T17:30:39.292+0000] {dag.py:3211} INFO - Sync 4 DAGs
[2026-08-08T17:30:39.310+0000] {logging_mixin.py:190} INFO - [2026-08-08T17:30:39.310+0000] {dag.py:4138} INFO - Setting next_dagrun for dataset_alias_example_alias_consumer to None, run_after=None
[2026-08-08T17:30:39.313+0000] {logging_mixin.py:190} INFO - [2026-08-08T17:30:39.313+0000] {dag.py:4138} INFO - Setting next_dagrun for dataset_alias_example_alias_producer to None, run_after=None
[2026-08-08T17:30:39.315+0000] {logging_mixin.py:190} INFO - [2026-08-08T17:30:39.315+0000] {dag.py:4138} INFO - Setting next_dagrun for dataset_s3_bucket_consumer to None, run_after=None
[2026-08-08T17:30:39.316+0000] {logging_mixin.py:190} INFO - [2026-08-08T17:30:39.316+0000] {dag.py:4138} INFO - Setting next_dagrun for dataset_s3_bucket_producer to None, run_after=None
[2026-08-08T17:30:39.339+0000] {processor.py:208} INFO - Processing /home/airflow/.local/lib/python3.12/site-packages/airflow/example_dags/example_dataset_alias.py took 0.227 seconds
[2026-08-08T17:31:09.476+0000] {processor.py:186} INFO - Started process (PID=835) to work on /home/airflow/.local/lib/python3.12/site-packages/airflow/example_dags/example_dataset_alias.py
[2026-08-08T17:31:09.478+0000] {processor.py:914} INFO - Processing file /home/airflow/.local/lib/python3.12/site-packages/airflow/example_dags/example_dataset_alias.py for tasks to queue
[2026-08-08T17:31:09.480+0000] {logging_mixin.py:190} INFO - [2026-08-08T17:31:09.480+0000] {dagbag.py:587} INFO - Filling up the DagBag from /home/airflow/.local/lib/python3.12/site-packages/airflow/example_dags/example_dataset_alias.py
[2026-08-08T17:31:09.617+0000] {processor.py:925} INFO - DAG(s) 'dataset_alias_example_alias_consumer', 'dataset_s3_bucket_consumer', 'dataset_alias_example_alias_producer', 'dataset_s3_bucket_producer' retrieved from /home/airflow/.local/lib/python3.12/site-packages/airflow/example_dags/example_dataset_alias.py
[2026-08-08T17:31:09.635+0000] {logging_mixin.py:190} INFO - [2026-08-08T17:31:09.634+0000] {dag.py:3211} INFO - Sync 4 DAGs
[2026-08-08T17:31:09.654+0000] {logging_mixin.py:190} INFO - [2026-08-08T17:31:09.654+0000] {dag.py:4138} INFO - Setting next_dagrun for dataset_alias_example_alias_consumer to None, run_after=None
[2026-08-08T17:31:09.656+0000] {logging_mixin.py:190} INFO - [2026-08-08T17:31:09.656+0000] {dag.py:4138} INFO - Setting next_dagrun for dataset_alias_example_alias_producer to None, run_after=None
[2026-08-08T17:31:09.658+0000] {logging_mixin.py:190} INFO - [2026-08-08T17:31:09.658+0000] {dag.py:4138} INFO - Setting next_dagrun for dataset_s3_bucket_consumer to None, run_after=None
[2026-08-08T17:31:09.659+0000] {logging_mixin.py:190} INFO - [2026-08-08T17:31:09.659+0000] {dag.py:4138} INFO - Setting next_dagrun for dataset_s3_bucket_producer to None, run_after=None
[2026-08-08T17:31:09.679+0000] {processor.py:208} INFO - Processing /home/airflow/.local/lib/python3.12/site-packages/airflow/example_dags/example_dataset_alias.py took 0.209 seconds
[2026-08-08T17:31:40.058+0000] {processor.py:186} INFO - Started process (PID=896) to work on /home/airflow/.local/lib/python3.12/site-packages/airflow/example_dags/example_dataset_alias.py
[2026-08-08T17:31:40.060+0000] {processor.py:914} INFO - Processing file /home/airflow/.local/lib/python3.12/site-packages/airflow/example_dags/example_dataset_alias.py for tasks to queue
[2026-08-08T17:31:40.062+0000] {logging_mixin.py:190} INFO - [2026-08-08T17:31:40.062+0000] {dagbag.py:587} INFO - Filling up the DagBag from /home/airflow/.local/lib/python3.12/site-packages/airflow/example_dags/example_dataset_alias.py
[2026-08-08T17:31:40.221+0000] {processor.py:925} INFO - DAG(s) 'dataset_s3_bucket_producer', 'dataset_alias_example_alias_consumer', 'dataset_s3_bucket_consumer', 'dataset_alias_example_alias_producer' retrieved from /home/airflow/.local/lib/python3.12/site-packages/airflow/example_dags/example_dataset_alias.py
[2026-08-08T17:31:40.248+0000] {logging_mixin.py:190} INFO - [2026-08-08T17:31:40.248+0000] {dag.py:3211} INFO - Sync 4 DAGs
[2026-08-08T17:31:40.271+0000] {logging_mixin.py:190} INFO - [2026-08-08T17:31:40.271+0000] {dag.py:4138} INFO - Setting next_dagrun for dataset_alias_example_alias_consumer to None, run_after=None
[2026-08-08T17:31:40.275+0000] {logging_mixin.py:190} INFO - [2026-08-08T17:31:40.275+0000] {dag.py:4138} INFO - Setting next_dagrun for dataset_alias_example_alias_producer to None, run_after=None
[2026-08-08T17:31:40.278+0000] {logging_mixin.py:190} INFO - [2026-08-08T17:31:40.277+0000] {dag.py:4138} INFO - Setting next_dagrun for dataset_s3_bucket_consumer to None, run_after=None
[2026-08-08T17:31:40.280+0000] {logging_mixin.py:190} INFO - [2026-08-08T17:31:40.280+0000] {dag.py:4138} INFO - Setting next_dagrun for dataset_s3_bucket_producer to None, run_after=None
[2026-08-08T17:31:40.309+0000] {processor.py:208} INFO - Processing /home/airflow/.local/lib/python3.12/site-packages/airflow/example_dags/example_dataset_alias.py took 0.258 seconds
[2026-08-08T17:32:10.641+0000] {processor.py:186} INFO - Started process (PID=959) to work on /home/airflow/.local/lib/python3.12/site-packages/airflow/example_dags/example_dataset_alias.py
[2026-08-08T17:32:10.643+0000] {processor.py:914} INFO - Processing file /home/airflow/.local/lib/python3.12/site-packages/airflow/example_dags/example_dataset_alias.py for tasks to queue
[2026-08-08T17:32:10.645+0000] {logging_mixin.py:190} INFO - [2026-08-08T17:32:10.645+0000] {dagbag.py:587} INFO - Filling up the DagBag from /home/airflow/.local/lib/python3.12/site-packages/airflow/example_dags/example_dataset_alias.py
[2026-08-08T17:32:10.792+0000] {processor.py:925} INFO - DAG(s) 'dataset_s3_bucket_consumer', 'dataset_s3_bucket_producer', 'dataset_alias_example_alias_producer', 'dataset_alias_example_alias_consumer' retrieved from /home/airflow/.local/lib/python3.12/site-packages/airflow/example_dags/example_dataset_alias.py
[2026-08-08T17:32:10.809+0000] {logging_mixin.py:190} INFO - [2026-08-08T17:32:10.809+0000] {dag.py:3211} INFO - Sync 4 DAGs
[2026-08-08T17:32:10.829+0000] {logging_mixin.py:190} INFO - [2026-08-08T17:32:10.829+0000] {dag.py:4138} INFO - Setting next_dagrun for dataset_alias_example_alias_consumer to None, run_after=None
[2026-08-08T17:32:10.832+0000] {logging_mixin.py:190} INFO - [2026-08-08T17:32:10.832+0000] {dag.py:4138} INFO - Setting next_dagrun for dataset_alias_example_alias_producer to None, run_after=None
[2026-08-08T17:32:10.833+0000] {logging_mixin.py:190} INFO - [2026-08-08T17:32:10.833+0000] {dag.py:4138} INFO - Setting next_dagrun for dataset_s3_bucket_consumer to None, run_after=None
[2026-08-08T17:32:10.835+0000] {logging_mixin.py:190} INFO - [2026-08-08T17:32:10.835+0000] {dag.py:4138} INFO - Setting next_dagrun for dataset_s3_bucket_producer to None, run_after=None
[2026-08-08T17:32:10.860+0000] {processor.py:208} INFO - Processing /home/airflow/.local/lib/python3.12/site-packages/airflow/example_dags/example_dataset_alias.py took 0.227 seconds
[2026-08-08T17:32:40.935+0000] {processor.py:186} INFO - Started process (PID=1022) to work on /home/airflow/.local/lib/python3.12/site-packages/airflow/example_dags/example_dataset_alias.py
[2026-08-08T17:32:40.936+0000] {processor.py:914} INFO - Processing file /home/airflow/.local/lib/python3.12/site-packages/airflow/example_dags/example_dataset_alias.py for tasks to queue
[2026-08-08T17:32:40.939+0000] {logging_mixin.py:190} INFO - [2026-08-08T17:32:40.939+0000] {dagbag.py:587} INFO - Filling up the DagBag from /home/airflow/.local/lib/python3.12/site-packages/airflow/example_dags/example_dataset_alias.py
[2026-08-08T17:32:41.091+0000] {processor.py:925} INFO - DAG(s) 'dataset_alias_example_alias_consumer', 'dataset_alias_example_alias_producer', 'dataset_s3_bucket_consumer', 'dataset_s3_bucket_producer' retrieved from /home/airflow/.local/lib/python3.12/site-packages/airflow/example_dags/example_dataset_alias.py
[2026-08-08T17:32:41.112+0000] {logging_mixin.py:190} INFO - [2026-08-08T17:32:41.112+0000] {dag.py:3211} INFO - Sync 4 DAGs
[2026-08-08T17:32:41.133+0000] {logging_mixin.py:190} INFO - [2026-08-08T17:32:41.133+0000] {dag.py:4138} INFO - Setting next_dagrun for dataset_alias_example_alias_consumer to None, run_after=None
[2026-08-08T17:32:41.136+0000] {logging_mixin.py:190} INFO - [2026-08-08T17:32:41.136+0000] {dag.py:4138} INFO - Setting next_dagrun for dataset_alias_example_alias_producer to None, run_after=None
[2026-08-08T17:32:41.138+0000] {logging_mixin.py:190} INFO - [2026-08-08T17:32:41.137+0000] {dag.py:4138} INFO - Setting next_dagrun for dataset_s3_bucket_consumer to None, run_after=None
[2026-08-08T17:32:41.139+0000] {logging_mixin.py:190} INFO - [2026-08-08T17:32:41.139+0000] {dag.py:4138} INFO - Setting next_dagrun for dataset_s3_bucket_producer to None, run_after=None
[2026-08-08T17:32:41.164+0000] {processor.py:208} INFO - Processing /home/airflow/.local/lib/python3.12/site-packages/airflow/example_dags/example_dataset_alias.py took 0.238 seconds
[2026-08-08T17:33:11.494+0000] {processor.py:186} INFO - Started process (PID=1085) to work on /home/airflow/.local/lib/python3.12/site-packages/airflow/example_dags/example_dataset_alias.py
[2026-08-08T17:33:11.496+0000] {processor.py:914} INFO - Processing file /home/airflow/.local/lib/python3.12/site-packages/airflow/example_dags/example_dataset_alias.py for tasks to queue
[2026-08-08T17:33:11.499+0000] {logging_mixin.py:190} INFO - [2026-08-08T17:33:11.499+0000] {dagbag.py:587} INFO - Filling up the DagBag from /home/airflow/.local/lib/python3.12/site-packages/airflow/example_dags/example_dataset_alias.py
[2026-08-08T17:33:11.679+0000] {processor.py:925} INFO - DAG(s) 'dataset_s3_bucket_producer', 'dataset_s3_bucket_consumer', 'dataset_alias_example_alias_producer', 'dataset_alias_example_alias_consumer' retrieved from /home/airflow/.local/lib/python3.12/site-packages/airflow/example_dags/example_dataset_alias.py
[2026-08-08T17:33:11.704+0000] {logging_mixin.py:190} INFO - [2026-08-08T17:33:11.704+0000] {dag.py:3211} INFO - Sync 4 DAGs
[2026-08-08T17:33:11.730+0000] {logging_mixin.py:190} INFO - [2026-08-08T17:33:11.729+0000] {dag.py:4138} INFO - Setting next_dagrun for dataset_alias_example_alias_consumer to None, run_after=None
[2026-08-08T17:33:11.733+0000] {logging_mixin.py:190} INFO - [2026-08-08T17:33:11.733+0000] {dag.py:4138} INFO - Setting next_dagrun for dataset_alias_example_alias_producer to None, run_after=None
[2026-08-08T17:33:11.736+0000] {logging_mixin.py:190} INFO - [2026-08-08T17:33:11.735+0000] {dag.py:4138} INFO - Setting next_dagrun for dataset_s3_bucket_consumer to None, run_after=None
[2026-08-08T17:33:11.739+0000] {logging_mixin.py:190} INFO - [2026-08-08T17:33:11.739+0000] {dag.py:4138} INFO - Setting next_dagrun for dataset_s3_bucket_producer to None, run_after=None
[2026-08-08T17:33:11.770+0000] {processor.py:208} INFO - Processing /home/airflow/.local/lib/python3.12/site-packages/airflow/example_dags/example_dataset_alias.py took 0.281 seconds
[2026-08-08T17:33:42.021+0000] {processor.py:186} INFO - Started process (PID=1148) to work on /home/airflow/.local/lib/python3.12/site-packages/airflow/example_dags/example_dataset_alias.py
[2026-08-08T17:33:42.022+0000] {processor.py:914} INFO - Processing file /home/airflow/.local/lib/python3.12/site-packages/airflow/example_dags/example_dataset_alias.py for tasks to queue
[2026-08-08T17:33:42.027+0000] {logging_mixin.py:190} INFO - [2026-08-08T17:33:42.026+0000] {dagbag.py:587} INFO - Filling up the DagBag from /home/airflow/.local/lib/python3.12/site-packages/airflow/example_dags/example_dataset_alias.py
[2026-08-08T17:33:42.338+0000] {processor.py:925} INFO - DAG(s) 'dataset_alias_example_alias_producer', 'dataset_s3_bucket_producer', 'dataset_alias_example_alias_consumer', 'dataset_s3_bucket_consumer' retrieved from /home/airflow/.local/lib/python3.12/site-packages/airflow/example_dags/example_dataset_alias.py
[2026-08-08T17:33:42.367+0000] {logging_mixin.py:190} INFO - [2026-08-08T17:33:42.367+0000] {dag.py:3211} INFO - Sync 4 DAGs
[2026-08-08T17:33:42.388+0000] {logging_mixin.py:190} INFO - [2026-08-08T17:33:42.388+0000] {dag.py:4138} INFO - Setting next_dagrun for dataset_alias_example_alias_consumer to None, run_after=None
[2026-08-08T17:33:42.391+0000] {logging_mixin.py:190} INFO - [2026-08-08T17:33:42.391+0000] {dag.py:4138} INFO - Setting next_dagrun for dataset_alias_example_alias_producer to None, run_after=None
[2026-08-08T17:33:42.393+0000] {logging_mixin.py:190} INFO - [2026-08-08T17:33:42.393+0000] {dag.py:4138} INFO - Setting next_dagrun for dataset_s3_bucket_consumer to None, run_after=None
[2026-08-08T17:33:42.394+0000] {logging_mixin.py:190} INFO - [2026-08-08T17:33:42.394+0000] {dag.py:4138} INFO - Setting next_dagrun for dataset_s3_bucket_producer to None, run_after=None
[2026-08-08T17:33:42.418+0000] {processor.py:208} INFO - Processing /home/airflow/.local/lib/python3.12/site-packages/airflow/example_dags/example_dataset_alias.py took 0.405 seconds
[2026-08-08T17:34:12.571+0000] {processor.py:186} INFO - Started process (PID=1213) to work on /home/airflow/.local/lib/python3.12/site-packages/airflow/example_dags/example_dataset_alias.py
[2026-08-08T17:34:12.572+0000] {processor.py:914} INFO - Processing file /home/airflow/.local/lib/python3.12/site-packages/airflow/example_dags/example_dataset_alias.py for tasks to queue
[2026-08-08T17:34:12.576+0000] {logging_mixin.py:190} INFO - [2026-08-08T17:34:12.576+0000] {dagbag.py:587} INFO - Filling up the DagBag from /home/airflow/.local/lib/python3.12/site-packages/airflow/example_dags/example_dataset_alias.py
[2026-08-08T17:34:12.725+0000] {processor.py:925} INFO - DAG(s) 'dataset_s3_bucket_consumer', 'dataset_s3_bucket_producer', 'dataset_alias_example_alias_consumer', 'dataset_alias_example_alias_producer' retrieved from /home/airflow/.local/lib/python3.12/site-packages/airflow/example_dags/example_dataset_alias.py
[2026-08-08T17:34:12.743+0000] {logging_mixin.py:190} INFO - [2026-08-08T17:34:12.743+0000] {dag.py:3211} INFO - Sync 4 DAGs
[2026-08-08T17:34:12.764+0000] {logging_mixin.py:190} INFO - [2026-08-08T17:34:12.764+0000] {dag.py:4138} INFO - Setting next_dagrun for dataset_alias_example_alias_consumer to None, run_after=None
[2026-08-08T17:34:12.766+0000] {logging_mixin.py:190} INFO - [2026-08-08T17:34:12.766+0000] {dag.py:4138} INFO - Setting next_dagrun for dataset_alias_example_alias_producer to None, run_after=None
[2026-08-08T17:34:12.767+0000] {logging_mixin.py:190} INFO - [2026-08-08T17:34:12.767+0000] {dag.py:4138} INFO - Setting next_dagrun for dataset_s3_bucket_consumer to None, run_after=None
[2026-08-08T17:34:12.769+0000] {logging_mixin.py:190} INFO - [2026-08-08T17:34:12.769+0000] {dag.py:4138} INFO - Setting next_dagrun for dataset_s3_bucket_producer to None, run_after=None
[2026-08-08T17:34:12.788+0000] {processor.py:208} INFO - Processing /home/airflow/.local/lib/python3.12/site-packages/airflow/example_dags/example_dataset_alias.py took 0.222 seconds
[2026-08-08T17:34:43.603+0000] {processor.py:186} INFO - Started process (PID=1276) to work on /home/airflow/.local/lib/python3.12/site-packages/airflow/example_dags/example_dataset_alias.py
[2026-08-08T17:34:43.604+0000] {processor.py:914} INFO - Processing file /home/airflow/.local/lib/python3.12/site-packages/airflow/example_dags/example_dataset_alias.py for tasks to queue
[2026-08-08T17:34:43.607+0000] {logging_mixin.py:190} INFO - [2026-08-08T17:34:43.606+0000] {dagbag.py:587} INFO - Filling up the DagBag from /home/airflow/.local/lib/python3.12/site-packages/airflow/example_dags/example_dataset_alias.py
[2026-08-08T17:34:43.755+0000] {processor.py:925} INFO - DAG(s) 'dataset_s3_bucket_consumer', 'dataset_alias_example_alias_producer', 'dataset_alias_example_alias_consumer', 'dataset_s3_bucket_producer' retrieved from /home/airflow/.local/lib/python3.12/site-packages/airflow/example_dags/example_dataset_alias.py
[2026-08-08T17:34:43.789+0000] {logging_mixin.py:190} INFO - [2026-08-08T17:34:43.789+0000] {dag.py:3211} INFO - Sync 4 DAGs
[2026-08-08T17:34:43.823+0000] {logging_mixin.py:190} INFO - [2026-08-08T17:34:43.823+0000] {dag.py:4138} INFO - Setting next_dagrun for dataset_alias_example_alias_consumer to None, run_after=None
[2026-08-08T17:34:43.827+0000] {logging_mixin.py:190} INFO - [2026-08-08T17:34:43.827+0000] {dag.py:4138} INFO - Setting next_dagrun for dataset_alias_example_alias_producer to None, run_after=None
[2026-08-08T17:34:43.829+0000] {logging_mixin.py:190} INFO - [2026-08-08T17:34:43.829+0000] {dag.py:4138} INFO - Setting next_dagrun for dataset_s3_bucket_consumer to None, run_after=None
[2026-08-08T17:34:43.831+0000] {logging_mixin.py:190} INFO - [2026-08-08T17:34:43.831+0000] {dag.py:4138} INFO - Setting next_dagrun for dataset_s3_bucket_producer to None, run_after=None
[2026-08-08T17:34:43.855+0000] {processor.py:208} INFO - Processing /home/airflow/.local/lib/python3.12/site-packages/airflow/example_dags/example_dataset_alias.py took 0.257 seconds
[2026-08-08T17:35:14.142+0000] {processor.py:186} INFO - Started process (PID=1339) to work on /home/airflow/.local/lib/python3.12/site-packages/airflow/example_dags/example_dataset_alias.py
[2026-08-08T17:35:14.144+0000] {processor.py:914} INFO - Processing file /home/airflow/.local/lib/python3.12/site-packages/airflow/example_dags/example_dataset_alias.py for tasks to queue
[2026-08-08T17:35:14.146+0000] {logging_mixin.py:190} INFO - [2026-08-08T17:35:14.146+0000] {dagbag.py:587} INFO - Filling up the DagBag from /home/airflow/.local/lib/python3.12/site-packages/airflow/example_dags/example_dataset_alias.py
[2026-08-08T17:35:14.298+0000] {processor.py:925} INFO - DAG(s) 'dataset_alias_example_alias_producer', 'dataset_alias_example_alias_consumer', 'dataset_s3_bucket_consumer', 'dataset_s3_bucket_producer' retrieved from /home/airflow/.local/lib/python3.12/site-packages/airflow/example_dags/example_dataset_alias.py
[2026-08-08T17:35:14.317+0000] {logging_mixin.py:190} INFO - [2026-08-08T17:35:14.316+0000] {dag.py:3211} INFO - Sync 4 DAGs
[2026-08-08T17:35:14.342+0000] {logging_mixin.py:190} INFO - [2026-08-08T17:35:14.342+0000] {dag.py:4138} INFO - Setting next_dagrun for dataset_alias_example_alias_consumer to None, run_after=None
[2026-08-08T17:35:14.349+0000] {logging_mixin.py:190} INFO - [2026-08-08T17:35:14.349+0000] {dag.py:4138} INFO - Setting next_dagrun for dataset_alias_example_alias_producer to None, run_after=None
[2026-08-08T17:35:14.352+0000] {logging_mixin.py:190} INFO - [2026-08-08T17:35:14.351+0000] {dag.py:4138} INFO - Setting next_dagrun for dataset_s3_bucket_consumer to None, run_after=None
[2026-08-08T17:35:14.354+0000] {logging_mixin.py:190} INFO - [2026-08-08T17:35:14.354+0000] {dag.py:4138} INFO - Setting next_dagrun for dataset_s3_bucket_producer to None, run_after=None
[2026-08-08T17:35:14.386+0000] {processor.py:208} INFO - Processing /home/airflow/.local/lib/python3.12/site-packages/airflow/example_dags/example_dataset_alias.py took 0.249 seconds
[2026-08-08T17:35:44.982+0000] {processor.py:186} INFO - Started process (PID=1402) to work on /home/airflow/.local/lib/python3.12/site-packages/airflow/example_dags/example_dataset_alias.py
[2026-08-08T17:35:44.984+0000] {processor.py:914} INFO - Processing file /home/airflow/.local/lib/python3.12/site-packages/airflow/example_dags/example_dataset_alias.py for tasks to queue
[2026-08-08T17:35:44.986+0000] {logging_mixin.py:190} INFO - [2026-08-08T17:35:44.986+0000] {dagbag.py:587} INFO - Filling up the DagBag from /home/airflow/.local/lib/python3.12/site-packages/airflow/example_dags/example_dataset_alias.py
[2026-08-08T17:35:45.128+0000] {processor.py:925} INFO - DAG(s) 'dataset_s3_bucket_producer', 'dataset_alias_example_alias_consumer', 'dataset_s3_bucket_consumer', 'dataset_alias_example_alias_producer' retrieved from /home/airflow/.local/lib/python3.12/site-packages/airflow/example_dags/example_dataset_alias.py
[2026-08-08T17:35:45.146+0000] {logging_mixin.py:190} INFO - [2026-08-08T17:35:45.146+0000] {dag.py:3211} INFO - Sync 4 DAGs
[2026-08-08T17:35:45.169+0000] {logging_mixin.py:190} INFO - [2026-08-08T17:35:45.168+0000] {dag.py:4138} INFO - Setting next_dagrun for dataset_alias_example_alias_consumer to None, run_after=None
[2026-08-08T17:35:45.171+0000] {logging_mixin.py:190} INFO - [2026-08-08T17:35:45.171+0000] {dag.py:4138} INFO - Setting next_dagrun for dataset_alias_example_alias_producer to None, run_after=None
[2026-08-08T17:35:45.172+0000] {logging_mixin.py:190} INFO - [2026-08-08T17:35:45.172+0000] {dag.py:4138} INFO - Setting next_dagrun for dataset_s3_bucket_consumer to None, run_after=None
[2026-08-08T17:35:45.174+0000] {logging_mixin.py:190} INFO - [2026-08-08T17:35:45.174+0000] {dag.py:4138} INFO - Setting next_dagrun for dataset_s3_bucket_producer to None, run_after=None
[2026-08-08T17:35:45.193+0000] {processor.py:208} INFO - Processing /home/airflow/.local/lib/python3.12/site-packages/airflow/example_dags/example_dataset_alias.py took 0.216 seconds
[2026-08-08T17:36:15.412+0000] {processor.py:186} INFO - Started process (PID=1465) to work on /home/airflow/.local/lib/python3.12/site-packages/airflow/example_dags/example_dataset_alias.py
[2026-08-08T17:36:15.414+0000] {processor.py:914} INFO - Processing file /home/airflow/.local/lib/python3.12/site-packages/airflow/example_dags/example_dataset_alias.py for tasks to queue
[2026-08-08T17:36:15.418+0000] {logging_mixin.py:190} INFO - [2026-08-08T17:36:15.417+0000] {dagbag.py:587} INFO - Filling up the DagBag from /home/airflow/.local/lib/python3.12/site-packages/airflow/example_dags/example_dataset_alias.py
[2026-08-08T17:36:15.649+0000] {processor.py:925} INFO - DAG(s) 'dataset_alias_example_alias_producer', 'dataset_s3_bucket_consumer', 'dataset_s3_bucket_producer', 'dataset_alias_example_alias_consumer' retrieved from /home/airflow/.local/lib/python3.12/site-packages/airflow/example_dags/example_dataset_alias.py
[2026-08-08T17:36:15.683+0000] {logging_mixin.py:190} INFO - [2026-08-08T17:36:15.682+0000] {dag.py:3211} INFO - Sync 4 DAGs
[2026-08-08T17:36:15.713+0000] {logging_mixin.py:190} INFO - [2026-08-08T17:36:15.712+0000] {dag.py:4138} INFO - Setting next_dagrun for dataset_alias_example_alias_consumer to None, run_after=None
[2026-08-08T17:36:15.717+0000] {logging_mixin.py:190} INFO - [2026-08-08T17:36:15.717+0000] {dag.py:4138} INFO - Setting next_dagrun for dataset_alias_example_alias_producer to None, run_after=None
[2026-08-08T17:36:15.720+0000] {logging_mixin.py:190} INFO - [2026-08-08T17:36:15.719+0000] {dag.py:4138} INFO - Setting next_dagrun for dataset_s3_bucket_consumer to None, run_after=None
[2026-08-08T17:36:15.723+0000] {logging_mixin.py:190} INFO - [2026-08-08T17:36:15.723+0000] {dag.py:4138} INFO - Setting next_dagrun for dataset_s3_bucket_producer to None, run_after=None
[2026-08-08T17:36:15.757+0000] {processor.py:208} INFO - Processing /home/airflow/.local/lib/python3.12/site-packages/airflow/example_dags/example_dataset_alias.py took 0.353 seconds
[2026-08-08T17:36:46.245+0000] {processor.py:186} INFO - Started process (PID=1530) to work on /home/airflow/.local/lib/python3.12/site-packages/airflow/example_dags/example_dataset_alias.py
[2026-08-08T17:36:46.249+0000] {processor.py:914} INFO - Processing file /home/airflow/.local/lib/python3.12/site-packages/airflow/example_dags/example_dataset_alias.py for tasks to queue
[2026-08-08T17:36:46.258+0000] {logging_mixin.py:190} INFO - [2026-08-08T17:36:46.257+0000] {dagbag.py:587} INFO - Filling up the DagBag from /home/airflow/.local/lib/python3.12/site-packages/airflow/example_dags/example_dataset_alias.py
[2026-08-08T17:37:51.330+0000] {processor.py:186} INFO - Started process (PID=76) to work on /home/airflow/.local/lib/python3.12/site-packages/airflow/example_dags/example_dataset_alias.py
[2026-08-08T17:37:51.332+0000] {processor.py:914} INFO - Processing file /home/airflow/.local/lib/python3.12/site-packages/airflow/example_dags/example_dataset_alias.py for tasks to queue
[2026-08-08T17:37:51.346+0000] {logging_mixin.py:190} INFO - [2026-08-08T17:37:51.345+0000] {dagbag.py:587} INFO - Filling up the DagBag from /home/airflow/.local/lib/python3.12/site-packages/airflow/example_dags/example_dataset_alias.py
[2026-08-08T17:37:51.982+0000] {processor.py:925} INFO - DAG(s) 'dataset_alias_example_alias_consumer', 'dataset_alias_example_alias_producer', 'dataset_s3_bucket_producer', 'dataset_s3_bucket_consumer' retrieved from /home/airflow/.local/lib/python3.12/site-packages/airflow/example_dags/example_dataset_alias.py
[2026-08-08T17:37:52.010+0000] {logging_mixin.py:190} INFO - [2026-08-08T17:37:52.009+0000] {dag.py:3211} INFO - Sync 4 DAGs
[2026-08-08T17:37:52.035+0000] {logging_mixin.py:190} INFO - [2026-08-08T17:37:52.034+0000] {dag.py:4138} INFO - Setting next_dagrun for dataset_alias_example_alias_consumer to None, run_after=None
[2026-08-08T17:37:52.279+0000] {logging_mixin.py:190} INFO - [2026-08-08T17:37:52.278+0000] {process_utils.py:266} INFO - Waiting up to 5 seconds for processes to exit...
[2026-08-08T17:38:13.546+0000] {processor.py:186} INFO - Started process (PID=58) to work on /home/airflow/.local/lib/python3.12/site-packages/airflow/example_dags/example_dataset_alias.py
[2026-08-08T17:38:13.547+0000] {processor.py:914} INFO - Processing file /home/airflow/.local/lib/python3.12/site-packages/airflow/example_dags/example_dataset_alias.py for tasks to queue
[2026-08-08T17:38:13.550+0000] {logging_mixin.py:190} INFO - [2026-08-08T17:38:13.549+0000] {dagbag.py:587} INFO - Filling up the DagBag from /home/airflow/.local/lib/python3.12/site-packages/airflow/example_dags/example_dataset_alias.py
[2026-08-08T17:38:13.723+0000] {processor.py:925} INFO - DAG(s) 'dataset_s3_bucket_producer', 'dataset_alias_example_alias_consumer', 'dataset_s3_bucket_consumer', 'dataset_alias_example_alias_producer' retrieved from /home/airflow/.local/lib/python3.12/site-packages/airflow/example_dags/example_dataset_alias.py
[2026-08-08T17:38:13.747+0000] {logging_mixin.py:190} INFO - [2026-08-08T17:38:13.747+0000] {dag.py:3211} INFO - Sync 4 DAGs
[2026-08-08T17:38:13.769+0000] {logging_mixin.py:190} INFO - [2026-08-08T17:38:13.769+0000] {dag.py:4138} INFO - Setting next_dagrun for dataset_alias_example_alias_consumer to None, run_after=None
[2026-08-08T17:38:13.778+0000] {logging_mixin.py:190} INFO - [2026-08-08T17:38:13.778+0000] {dag.py:4138} INFO - Setting next_dagrun for dataset_alias_example_alias_producer to None, run_after=None
[2026-08-08T17:38:13.780+0000] {logging_mixin.py:190} INFO - [2026-08-08T17:38:13.780+0000] {dag.py:4138} INFO - Setting next_dagrun for dataset_s3_bucket_consumer to None, run_after=None
[2026-08-08T17:38:13.784+0000] {logging_mixin.py:190} INFO - [2026-08-08T17:38:13.784+0000] {dag.py:4138} INFO - Setting next_dagrun for dataset_s3_bucket_producer to None, run_after=None
[2026-08-08T17:38:13.806+0000] {processor.py:208} INFO - Processing /home/airflow/.local/lib/python3.12/site-packages/airflow/example_dags/example_dataset_alias.py took 0.269 seconds
[2026-08-08T17:38:44.023+0000] {processor.py:186} INFO - Started process (PID=121) to work on /home/airflow/.local/lib/python3.12/site-packages/airflow/example_dags/example_dataset_alias.py
[2026-08-08T17:38:44.025+0000] {processor.py:914} INFO - Processing file /home/airflow/.local/lib/python3.12/site-packages/airflow/example_dags/example_dataset_alias.py for tasks to queue
[2026-08-08T17:38:44.028+0000] {logging_mixin.py:190} INFO - [2026-08-08T17:38:44.028+0000] {dagbag.py:587} INFO - Filling up the DagBag from /home/airflow/.local/lib/python3.12/site-packages/airflow/example_dags/example_dataset_alias.py
[2026-08-08T17:38:44.240+0000] {processor.py:925} INFO - DAG(s) 'dataset_alias_example_alias_consumer', 'dataset_s3_bucket_producer', 'dataset_s3_bucket_consumer', 'dataset_alias_example_alias_producer' retrieved from /home/airflow/.local/lib/python3.12/site-packages/airflow/example_dags/example_dataset_alias.py
[2026-08-08T17:38:44.277+0000] {logging_mixin.py:190} INFO - [2026-08-08T17:38:44.276+0000] {dag.py:3211} INFO - Sync 4 DAGs
[2026-08-08T17:38:44.304+0000] {logging_mixin.py:190} INFO - [2026-08-08T17:38:44.303+0000] {dag.py:4138} INFO - Setting next_dagrun for dataset_alias_example_alias_consumer to None, run_after=None
[2026-08-08T17:38:44.308+0000] {logging_mixin.py:190} INFO - [2026-08-08T17:38:44.307+0000] {dag.py:4138} INFO - Setting next_dagrun for dataset_alias_example_alias_producer to None, run_after=None
[2026-08-08T17:38:44.311+0000] {logging_mixin.py:190} INFO - [2026-08-08T17:38:44.311+0000] {dag.py:4138} INFO - Setting next_dagrun for dataset_s3_bucket_consumer to None, run_after=None
[2026-08-08T17:38:44.314+0000] {logging_mixin.py:190} INFO - [2026-08-08T17:38:44.313+0000] {dag.py:4138} INFO - Setting next_dagrun for dataset_s3_bucket_producer to None, run_after=None
[2026-08-08T17:38:44.344+0000] {processor.py:208} INFO - Processing /home/airflow/.local/lib/python3.12/site-packages/airflow/example_dags/example_dataset_alias.py took 0.328 seconds
[2026-08-08T17:39:15.176+0000] {processor.py:186} INFO - Started process (PID=184) to work on /home/airflow/.local/lib/python3.12/site-packages/airflow/example_dags/example_dataset_alias.py
[2026-08-08T17:39:15.177+0000] {processor.py:914} INFO - Processing file /home/airflow/.local/lib/python3.12/site-packages/airflow/example_dags/example_dataset_alias.py for tasks to queue
[2026-08-08T17:39:15.180+0000] {logging_mixin.py:190} INFO - [2026-08-08T17:39:15.180+0000] {dagbag.py:587} INFO - Filling up the DagBag from /home/airflow/.local/lib/python3.12/site-packages/airflow/example_dags/example_dataset_alias.py
[2026-08-08T17:39:15.327+0000] {processor.py:925} INFO - DAG(s) 'dataset_alias_example_alias_producer', 'dataset_s3_bucket_consumer', 'dataset_alias_example_alias_consumer', 'dataset_s3_bucket_producer' retrieved from /home/airflow/.local/lib/python3.12/site-packages/airflow/example_dags/example_dataset_alias.py
[2026-08-08T17:39:15.346+0000] {logging_mixin.py:190} INFO - [2026-08-08T17:39:15.345+0000] {dag.py:3211} INFO - Sync 4 DAGs
[2026-08-08T17:39:15.369+0000] {logging_mixin.py:190} INFO - [2026-08-08T17:39:15.369+0000] {dag.py:4138} INFO - Setting next_dagrun for dataset_alias_example_alias_consumer to None, run_after=None
[2026-08-08T17:39:15.373+0000] {logging_mixin.py:190} INFO - [2026-08-08T17:39:15.372+0000] {dag.py:4138} INFO - Setting next_dagrun for dataset_alias_example_alias_producer to None, run_after=None
[2026-08-08T17:39:15.374+0000] {logging_mixin.py:190} INFO - [2026-08-08T17:39:15.374+0000] {dag.py:4138} INFO - Setting next_dagrun for dataset_s3_bucket_consumer to None, run_after=None
[2026-08-08T17:39:15.376+0000] {logging_mixin.py:190} INFO - [2026-08-08T17:39:15.376+0000] {dag.py:4138} INFO - Setting next_dagrun for dataset_s3_bucket_producer to None, run_after=None
[2026-08-08T17:39:15.406+0000] {processor.py:208} INFO - Processing /home/airflow/.local/lib/python3.12/site-packages/airflow/example_dags/example_dataset_alias.py took 0.235 seconds
[2026-08-08T17:39:46.198+0000] {processor.py:186} INFO - Started process (PID=253) to work on /home/airflow/.local/lib/python3.12/site-packages/airflow/example_dags/example_dataset_alias.py
[2026-08-08T17:39:46.199+0000] {processor.py:914} INFO - Processing file /home/airflow/.local/lib/python3.12/site-packages/airflow/example_dags/example_dataset_alias.py for tasks to queue
[2026-08-08T17:39:46.202+0000] {logging_mixin.py:190} INFO - [2026-08-08T17:39:46.202+0000] {dagbag.py:587} INFO - Filling up the DagBag from /home/airflow/.local/lib/python3.12/site-packages/airflow/example_dags/example_dataset_alias.py
[2026-08-08T17:39:46.368+0000] {processor.py:925} INFO - DAG(s) 'dataset_s3_bucket_consumer', 'dataset_s3_bucket_producer', 'dataset_alias_example_alias_producer', 'dataset_alias_example_alias_consumer' retrieved from /home/airflow/.local/lib/python3.12/site-packages/airflow/example_dags/example_dataset_alias.py
[2026-08-08T17:39:46.398+0000] {logging_mixin.py:190} INFO - [2026-08-08T17:39:46.397+0000] {dag.py:3211} INFO - Sync 4 DAGs
[2026-08-08T17:39:46.430+0000] {logging_mixin.py:190} INFO - [2026-08-08T17:39:46.429+0000] {dag.py:4138} INFO - Setting next_dagrun for dataset_alias_example_alias_consumer to None, run_after=None
[2026-08-08T17:39:46.433+0000] {logging_mixin.py:190} INFO - [2026-08-08T17:39:46.433+0000] {dag.py:4138} INFO - Setting next_dagrun for dataset_alias_example_alias_producer to None, run_after=None
[2026-08-08T17:39:46.435+0000] {logging_mixin.py:190} INFO - [2026-08-08T17:39:46.435+0000] {dag.py:4138} INFO - Setting next_dagrun for dataset_s3_bucket_consumer to None, run_after=None
[2026-08-08T17:39:46.438+0000] {logging_mixin.py:190} INFO - [2026-08-08T17:39:46.437+0000] {dag.py:4138} INFO - Setting next_dagrun for dataset_s3_bucket_producer to None, run_after=None
[2026-08-08T17:39:46.469+0000] {processor.py:208} INFO - Processing /home/airflow/.local/lib/python3.12/site-packages/airflow/example_dags/example_dataset_alias.py took 0.275 seconds
[2026-08-08T17:42:36.652+0000] {processor.py:186} INFO - Started process (PID=70) to work on /home/airflow/.local/lib/python3.12/site-packages/airflow/example_dags/example_dataset_alias.py
[2026-08-08T17:42:36.656+0000] {processor.py:914} INFO - Processing file /home/airflow/.local/lib/python3.12/site-packages/airflow/example_dags/example_dataset_alias.py for tasks to queue
[2026-08-08T17:42:36.658+0000] {logging_mixin.py:190} INFO - [2026-08-08T17:42:36.658+0000] {dagbag.py:587} INFO - Filling up the DagBag from /home/airflow/.local/lib/python3.12/site-packages/airflow/example_dags/example_dataset_alias.py
[2026-08-08T17:42:37.385+0000] {processor.py:925} INFO - DAG(s) 'dataset_s3_bucket_producer', 'dataset_s3_bucket_consumer', 'dataset_alias_example_alias_producer', 'dataset_alias_example_alias_consumer' retrieved from /home/airflow/.local/lib/python3.12/site-packages/airflow/example_dags/example_dataset_alias.py
[2026-08-08T17:42:37.425+0000] {logging_mixin.py:190} INFO - [2026-08-08T17:42:37.424+0000] {dag.py:3211} INFO - Sync 4 DAGs
[2026-08-08T17:42:37.482+0000] {logging_mixin.py:190} INFO - [2026-08-08T17:42:37.482+0000] {dag.py:4138} INFO - Setting next_dagrun for dataset_alias_example_alias_consumer to None, run_after=None
[2026-08-08T17:42:37.487+0000] {logging_mixin.py:190} INFO - [2026-08-08T17:42:37.487+0000] {dag.py:4138} INFO - Setting next_dagrun for dataset_alias_example_alias_producer to None, run_after=None
[2026-08-08T17:42:37.491+0000] {logging_mixin.py:190} INFO - [2026-08-08T17:42:37.490+0000] {dag.py:4138} INFO - Setting next_dagrun for dataset_s3_bucket_consumer to None, run_after=None
[2026-08-08T17:42:37.494+0000] {logging_mixin.py:190} INFO - [2026-08-08T17:42:37.494+0000] {dag.py:4138} INFO - Setting next_dagrun for dataset_s3_bucket_producer to None, run_after=None
[2026-08-08T17:42:37.547+0000] {processor.py:208} INFO - Processing /home/airflow/.local/lib/python3.12/site-packages/airflow/example_dags/example_dataset_alias.py took 0.901 seconds
[2026-08-08T17:43:07.726+0000] {processor.py:186} INFO - Started process (PID=133) to work on /home/airflow/.local/lib/python3.12/site-packages/airflow/example_dags/example_dataset_alias.py
[2026-08-08T17:43:07.730+0000] {processor.py:914} INFO - Processing file /home/airflow/.local/lib/python3.12/site-packages/airflow/example_dags/example_dataset_alias.py for tasks to queue
[2026-08-08T17:43:07.736+0000] {logging_mixin.py:190} INFO - [2026-08-08T17:43:07.735+0000] {dagbag.py:587} INFO - Filling up the DagBag from /home/airflow/.local/lib/python3.12/site-packages/airflow/example_dags/example_dataset_alias.py
[2026-08-08T17:43:07.995+0000] {processor.py:925} INFO - DAG(s) 'dataset_alias_example_alias_producer', 'dataset_s3_bucket_producer', 'dataset_s3_bucket_consumer', 'dataset_alias_example_alias_consumer' retrieved from /home/airflow/.local/lib/python3.12/site-packages/airflow/example_dags/example_dataset_alias.py
[2026-08-08T17:43:08.029+0000] {logging_mixin.py:190} INFO - [2026-08-08T17:43:08.028+0000] {dag.py:3211} INFO - Sync 4 DAGs
[2026-08-08T17:43:08.062+0000] {logging_mixin.py:190} INFO - [2026-08-08T17:43:08.061+0000] {dag.py:4138} INFO - Setting next_dagrun for dataset_alias_example_alias_consumer to None, run_after=None
[2026-08-08T17:43:08.067+0000] {logging_mixin.py:190} INFO - [2026-08-08T17:43:08.066+0000] {dag.py:4138} INFO - Setting next_dagrun for dataset_alias_example_alias_producer to None, run_after=None
[2026-08-08T17:43:08.072+0000] {logging_mixin.py:190} INFO - [2026-08-08T17:43:08.072+0000] {dag.py:4138} INFO - Setting next_dagrun for dataset_s3_bucket_consumer to None, run_after=None
[2026-08-08T17:43:08.075+0000] {logging_mixin.py:190} INFO - [2026-08-08T17:43:08.074+0000] {dag.py:4138} INFO - Setting next_dagrun for dataset_s3_bucket_producer to None, run_after=None
[2026-08-08T17:43:08.109+0000] {processor.py:208} INFO - Processing /home/airflow/.local/lib/python3.12/site-packages/airflow/example_dags/example_dataset_alias.py took 0.393 seconds
[2026-08-08T17:43:38.327+0000] {processor.py:186} INFO - Started process (PID=197) to work on /home/airflow/.local/lib/python3.12/site-packages/airflow/example_dags/example_dataset_alias.py
[2026-08-08T17:43:38.329+0000] {processor.py:914} INFO - Processing file /home/airflow/.local/lib/python3.12/site-packages/airflow/example_dags/example_dataset_alias.py for tasks to queue
[2026-08-08T17:43:38.334+0000] {logging_mixin.py:190} INFO - [2026-08-08T17:43:38.334+0000] {dagbag.py:587} INFO - Filling up the DagBag from /home/airflow/.local/lib/python3.12/site-packages/airflow/example_dags/example_dataset_alias.py
[2026-08-08T17:43:38.584+0000] {processor.py:925} INFO - DAG(s) 'dataset_alias_example_alias_consumer', 'dataset_s3_bucket_consumer', 'dataset_alias_example_alias_producer', 'dataset_s3_bucket_producer' retrieved from /home/airflow/.local/lib/python3.12/site-packages/airflow/example_dags/example_dataset_alias.py
[2026-08-08T17:43:38.626+0000] {logging_mixin.py:190} INFO - [2026-08-08T17:43:38.626+0000] {dag.py:3211} INFO - Sync 4 DAGs
[2026-08-08T17:43:38.655+0000] {logging_mixin.py:190} INFO - [2026-08-08T17:43:38.655+0000] {dag.py:4138} INFO - Setting next_dagrun for dataset_alias_example_alias_consumer to None, run_after=None
[2026-08-08T17:43:38.659+0000] {logging_mixin.py:190} INFO - [2026-08-08T17:43:38.659+0000] {dag.py:4138} INFO - Setting next_dagrun for dataset_alias_example_alias_producer to None, run_after=None
[2026-08-08T17:43:38.661+0000] {logging_mixin.py:190} INFO - [2026-08-08T17:43:38.661+0000] {dag.py:4138} INFO - Setting next_dagrun for dataset_s3_bucket_consumer to None, run_after=None
[2026-08-08T17:43:38.664+0000] {logging_mixin.py:190} INFO - [2026-08-08T17:43:38.664+0000] {dag.py:4138} INFO - Setting next_dagrun for dataset_s3_bucket_producer to None, run_after=None
[2026-08-08T17:43:38.694+0000] {processor.py:208} INFO - Processing /home/airflow/.local/lib/python3.12/site-packages/airflow/example_dags/example_dataset_alias.py took 0.374 seconds
[2026-08-08T17:44:09.542+0000] {processor.py:186} INFO - Started process (PID=267) to work on /home/airflow/.local/lib/python3.12/site-packages/airflow/example_dags/example_dataset_alias.py
[2026-08-08T17:44:09.544+0000] {processor.py:914} INFO - Processing file /home/airflow/.local/lib/python3.12/site-packages/airflow/example_dags/example_dataset_alias.py for tasks to queue
[2026-08-08T17:44:09.547+0000] {logging_mixin.py:190} INFO - [2026-08-08T17:44:09.546+0000] {dagbag.py:587} INFO - Filling up the DagBag from /home/airflow/.local/lib/python3.12/site-packages/airflow/example_dags/example_dataset_alias.py
[2026-08-08T17:44:09.691+0000] {processor.py:925} INFO - DAG(s) 'dataset_s3_bucket_consumer', 'dataset_s3_bucket_producer', 'dataset_alias_example_alias_producer', 'dataset_alias_example_alias_consumer' retrieved from /home/airflow/.local/lib/python3.12/site-packages/airflow/example_dags/example_dataset_alias.py
[2026-08-08T17:44:09.713+0000] {logging_mixin.py:190} INFO - [2026-08-08T17:44:09.713+0000] {dag.py:3211} INFO - Sync 4 DAGs
[2026-08-08T17:44:09.733+0000] {logging_mixin.py:190} INFO - [2026-08-08T17:44:09.733+0000] {dag.py:4138} INFO - Setting next_dagrun for dataset_alias_example_alias_consumer to None, run_after=None
[2026-08-08T17:44:09.736+0000] {logging_mixin.py:190} INFO - [2026-08-08T17:44:09.736+0000] {dag.py:4138} INFO - Setting next_dagrun for dataset_alias_example_alias_producer to None, run_after=None
[2026-08-08T17:44:09.737+0000] {logging_mixin.py:190} INFO - [2026-08-08T17:44:09.737+0000] {dag.py:4138} INFO - Setting next_dagrun for dataset_s3_bucket_consumer to None, run_after=None
[2026-08-08T17:44:09.739+0000] {logging_mixin.py:190} INFO - [2026-08-08T17:44:09.739+0000] {dag.py:4138} INFO - Setting next_dagrun for dataset_s3_bucket_producer to None, run_after=None
[2026-08-08T17:44:09.763+0000] {processor.py:208} INFO - Processing /home/airflow/.local/lib/python3.12/site-packages/airflow/example_dags/example_dataset_alias.py took 0.226 seconds
[2026-08-08T17:44:40.003+0000] {processor.py:186} INFO - Started process (PID=330) to work on /home/airflow/.local/lib/python3.12/site-packages/airflow/example_dags/example_dataset_alias.py
[2026-08-08T17:44:40.005+0000] {processor.py:914} INFO - Processing file /home/airflow/.local/lib/python3.12/site-packages/airflow/example_dags/example_dataset_alias.py for tasks to queue
[2026-08-08T17:44:40.008+0000] {logging_mixin.py:190} INFO - [2026-08-08T17:44:40.008+0000] {dagbag.py:587} INFO - Filling up the DagBag from /home/airflow/.local/lib/python3.12/site-packages/airflow/example_dags/example_dataset_alias.py
[2026-08-08T17:44:40.151+0000] {processor.py:925} INFO - DAG(s) 'dataset_alias_example_alias_producer', 'dataset_s3_bucket_producer', 'dataset_s3_bucket_consumer', 'dataset_alias_example_alias_consumer' retrieved from /home/airflow/.local/lib/python3.12/site-packages/airflow/example_dags/example_dataset_alias.py
[2026-08-08T17:44:40.172+0000] {logging_mixin.py:190} INFO - [2026-08-08T17:44:40.172+0000] {dag.py:3211} INFO - Sync 4 DAGs
[2026-08-08T17:44:40.196+0000] {logging_mixin.py:190} INFO - [2026-08-08T17:44:40.196+0000] {dag.py:4138} INFO - Setting next_dagrun for dataset_alias_example_alias_consumer to None, run_after=None
[2026-08-08T17:44:40.199+0000] {logging_mixin.py:190} INFO - [2026-08-08T17:44:40.199+0000] {dag.py:4138} INFO - Setting next_dagrun for dataset_alias_example_alias_producer to None, run_after=None
[2026-08-08T17:44:40.200+0000] {logging_mixin.py:190} INFO - [2026-08-08T17:44:40.200+0000] {dag.py:4138} INFO - Setting next_dagrun for dataset_s3_bucket_consumer to None, run_after=None
[2026-08-08T17:44:40.202+0000] {logging_mixin.py:190} INFO - [2026-08-08T17:44:40.202+0000] {dag.py:4138} INFO - Setting next_dagrun for dataset_s3_bucket_producer to None, run_after=None
[2026-08-08T17:44:40.225+0000] {processor.py:208} INFO - Processing /home/airflow/.local/lib/python3.12/site-packages/airflow/example_dags/example_dataset_alias.py took 0.227 seconds
[2026-08-08T17:45:10.353+0000] {processor.py:186} INFO - Started process (PID=393) to work on /home/airflow/.local/lib/python3.12/site-packages/airflow/example_dags/example_dataset_alias.py
[2026-08-08T17:45:10.354+0000] {processor.py:914} INFO - Processing file /home/airflow/.local/lib/python3.12/site-packages/airflow/example_dags/example_dataset_alias.py for tasks to queue
[2026-08-08T17:45:10.357+0000] {logging_mixin.py:190} INFO - [2026-08-08T17:45:10.356+0000] {dagbag.py:587} INFO - Filling up the DagBag from /home/airflow/.local/lib/python3.12/site-packages/airflow/example_dags/example_dataset_alias.py
[2026-08-08T17:45:10.489+0000] {processor.py:925} INFO - DAG(s) 'dataset_s3_bucket_producer', 'dataset_s3_bucket_consumer', 'dataset_alias_example_alias_consumer', 'dataset_alias_example_alias_producer' retrieved from /home/airflow/.local/lib/python3.12/site-packages/airflow/example_dags/example_dataset_alias.py
[2026-08-08T17:45:10.505+0000] {logging_mixin.py:190} INFO - [2026-08-08T17:45:10.505+0000] {dag.py:3211} INFO - Sync 4 DAGs
[2026-08-08T17:45:10.522+0000] {logging_mixin.py:190} INFO - [2026-08-08T17:45:10.522+0000] {dag.py:4138} INFO - Setting next_dagrun for dataset_alias_example_alias_consumer to None, run_after=None
[2026-08-08T17:45:10.525+0000] {logging_mixin.py:190} INFO - [2026-08-08T17:45:10.524+0000] {dag.py:4138} INFO - Setting next_dagrun for dataset_alias_example_alias_producer to None, run_after=None
[2026-08-08T17:45:10.526+0000] {logging_mixin.py:190} INFO - [2026-08-08T17:45:10.526+0000] {dag.py:4138} INFO - Setting next_dagrun for dataset_s3_bucket_consumer to None, run_after=None
[2026-08-08T17:45:10.527+0000] {logging_mixin.py:190} INFO - [2026-08-08T17:45:10.527+0000] {dag.py:4138} INFO - Setting next_dagrun for dataset_s3_bucket_producer to None, run_after=None
[2026-08-08T17:45:10.549+0000] {processor.py:208} INFO - Processing /home/airflow/.local/lib/python3.12/site-packages/airflow/example_dags/example_dataset_alias.py took 0.202 seconds
[2026-08-08T17:45:40.594+0000] {processor.py:186} INFO - Started process (PID=457) to work on /home/airflow/.local/lib/python3.12/site-packages/airflow/example_dags/example_dataset_alias.py
[2026-08-08T17:45:40.596+0000] {processor.py:914} INFO - Processing file /home/airflow/.local/lib/python3.12/site-packages/airflow/example_dags/example_dataset_alias.py for tasks to queue
[2026-08-08T17:45:40.599+0000] {logging_mixin.py:190} INFO - [2026-08-08T17:45:40.599+0000] {dagbag.py:587} INFO - Filling up the DagBag from /home/airflow/.local/lib/python3.12/site-packages/airflow/example_dags/example_dataset_alias.py
[2026-08-08T17:45:40.754+0000] {processor.py:925} INFO - DAG(s) 'dataset_s3_bucket_producer', 'dataset_s3_bucket_consumer', 'dataset_alias_example_alias_producer', 'dataset_alias_example_alias_consumer' retrieved from /home/airflow/.local/lib/python3.12/site-packages/airflow/example_dags/example_dataset_alias.py
[2026-08-08T17:45:40.775+0000] {logging_mixin.py:190} INFO - [2026-08-08T17:45:40.775+0000] {dag.py:3211} INFO - Sync 4 DAGs
[2026-08-08T17:45:40.799+0000] {logging_mixin.py:190} INFO - [2026-08-08T17:45:40.799+0000] {dag.py:4138} INFO - Setting next_dagrun for dataset_alias_example_alias_consumer to None, run_after=None
[2026-08-08T17:45:40.802+0000] {logging_mixin.py:190} INFO - [2026-08-08T17:45:40.802+0000] {dag.py:4138} INFO - Setting next_dagrun for dataset_alias_example_alias_producer to None, run_after=None
[2026-08-08T17:45:40.804+0000] {logging_mixin.py:190} INFO - [2026-08-08T17:45:40.804+0000] {dag.py:4138} INFO - Setting next_dagrun for dataset_s3_bucket_consumer to None, run_after=None
[2026-08-08T17:45:40.805+0000] {logging_mixin.py:190} INFO - [2026-08-08T17:45:40.805+0000] {dag.py:4138} INFO - Setting next_dagrun for dataset_s3_bucket_producer to None, run_after=None
[2026-08-08T17:45:40.832+0000] {processor.py:208} INFO - Processing /home/airflow/.local/lib/python3.12/site-packages/airflow/example_dags/example_dataset_alias.py took 0.244 seconds
[2026-08-08T17:47:10.780+0000] {processor.py:186} INFO - Started process (PID=71) to work on /home/airflow/.local/lib/python3.12/site-packages/airflow/example_dags/example_dataset_alias.py
[2026-08-08T17:47:10.782+0000] {processor.py:914} INFO - Processing file /home/airflow/.local/lib/python3.12/site-packages/airflow/example_dags/example_dataset_alias.py for tasks to queue
[2026-08-08T17:47:10.784+0000] {logging_mixin.py:190} INFO - [2026-08-08T17:47:10.784+0000] {dagbag.py:587} INFO - Filling up the DagBag from /home/airflow/.local/lib/python3.12/site-packages/airflow/example_dags/example_dataset_alias.py
[2026-08-08T17:47:11.352+0000] {processor.py:925} INFO - DAG(s) 'dataset_alias_example_alias_producer', 'dataset_alias_example_alias_consumer', 'dataset_s3_bucket_producer', 'dataset_s3_bucket_consumer' retrieved from /home/airflow/.local/lib/python3.12/site-packages/airflow/example_dags/example_dataset_alias.py
[2026-08-08T17:47:11.381+0000] {logging_mixin.py:190} INFO - [2026-08-08T17:47:11.381+0000] {dag.py:3211} INFO - Sync 4 DAGs
[2026-08-08T17:47:11.403+0000] {logging_mixin.py:190} INFO - [2026-08-08T17:47:11.403+0000] {dag.py:4138} INFO - Setting next_dagrun for dataset_alias_example_alias_consumer to None, run_after=None
[2026-08-08T17:47:11.406+0000] {logging_mixin.py:190} INFO - [2026-08-08T17:47:11.406+0000] {dag.py:4138} INFO - Setting next_dagrun for dataset_alias_example_alias_producer to None, run_after=None
[2026-08-08T17:47:11.408+0000] {logging_mixin.py:190} INFO - [2026-08-08T17:47:11.408+0000] {dag.py:4138} INFO - Setting next_dagrun for dataset_s3_bucket_consumer to None, run_after=None
[2026-08-08T17:47:11.409+0000] {logging_mixin.py:190} INFO - [2026-08-08T17:47:11.409+0000] {dag.py:4138} INFO - Setting next_dagrun for dataset_s3_bucket_producer to None, run_after=None
[2026-08-08T17:47:11.439+0000] {processor.py:208} INFO - Processing /home/airflow/.local/lib/python3.12/site-packages/airflow/example_dags/example_dataset_alias.py took 0.668 seconds
[2026-08-08T17:47:42.077+0000] {processor.py:186} INFO - Started process (PID=135) to work on /home/airflow/.local/lib/python3.12/site-packages/airflow/example_dags/example_dataset_alias.py
[2026-08-08T17:47:42.079+0000] {processor.py:914} INFO - Processing file /home/airflow/.local/lib/python3.12/site-packages/airflow/example_dags/example_dataset_alias.py for tasks to queue
[2026-08-08T17:47:42.083+0000] {logging_mixin.py:190} INFO - [2026-08-08T17:47:42.082+0000] {dagbag.py:587} INFO - Filling up the DagBag from /home/airflow/.local/lib/python3.12/site-packages/airflow/example_dags/example_dataset_alias.py
[2026-08-08T17:47:42.283+0000] {processor.py:925} INFO - DAG(s) 'dataset_alias_example_alias_consumer', 'dataset_s3_bucket_producer', 'dataset_s3_bucket_consumer', 'dataset_alias_example_alias_producer' retrieved from /home/airflow/.local/lib/python3.12/site-packages/airflow/example_dags/example_dataset_alias.py
[2026-08-08T17:47:42.310+0000] {logging_mixin.py:190} INFO - [2026-08-08T17:47:42.310+0000] {dag.py:3211} INFO - Sync 4 DAGs
[2026-08-08T17:47:42.334+0000] {logging_mixin.py:190} INFO - [2026-08-08T17:47:42.334+0000] {dag.py:4138} INFO - Setting next_dagrun for dataset_alias_example_alias_consumer to None, run_after=None
[2026-08-08T17:47:42.339+0000] {logging_mixin.py:190} INFO - [2026-08-08T17:47:42.339+0000] {dag.py:4138} INFO - Setting next_dagrun for dataset_alias_example_alias_producer to None, run_after=None
[2026-08-08T17:47:42.342+0000] {logging_mixin.py:190} INFO - [2026-08-08T17:47:42.342+0000] {dag.py:4138} INFO - Setting next_dagrun for dataset_s3_bucket_consumer to None, run_after=None
[2026-08-08T17:47:42.347+0000] {logging_mixin.py:190} INFO - [2026-08-08T17:47:42.346+0000] {dag.py:4138} INFO - Setting next_dagrun for dataset_s3_bucket_producer to None, run_after=None
[2026-08-08T17:47:42.375+0000] {processor.py:208} INFO - Processing /home/airflow/.local/lib/python3.12/site-packages/airflow/example_dags/example_dataset_alias.py took 0.306 seconds
[2026-08-08T17:48:12.652+0000] {processor.py:186} INFO - Started process (PID=204) to work on /home/airflow/.local/lib/python3.12/site-packages/airflow/example_dags/example_dataset_alias.py
[2026-08-08T17:48:12.654+0000] {processor.py:914} INFO - Processing file /home/airflow/.local/lib/python3.12/site-packages/airflow/example_dags/example_dataset_alias.py for tasks to queue
[2026-08-08T17:48:12.656+0000] {logging_mixin.py:190} INFO - [2026-08-08T17:48:12.656+0000] {dagbag.py:587} INFO - Filling up the DagBag from /home/airflow/.local/lib/python3.12/site-packages/airflow/example_dags/example_dataset_alias.py
[2026-08-08T17:48:12.866+0000] {processor.py:925} INFO - DAG(s) 'dataset_alias_example_alias_producer', 'dataset_s3_bucket_producer', 'dataset_s3_bucket_consumer', 'dataset_alias_example_alias_consumer' retrieved from /home/airflow/.local/lib/python3.12/site-packages/airflow/example_dags/example_dataset_alias.py
[2026-08-08T17:48:12.902+0000] {logging_mixin.py:190} INFO - [2026-08-08T17:48:12.901+0000] {dag.py:3211} INFO - Sync 4 DAGs
[2026-08-08T17:48:12.940+0000] {logging_mixin.py:190} INFO - [2026-08-08T17:48:12.940+0000] {dag.py:4138} INFO - Setting next_dagrun for dataset_alias_example_alias_consumer to None, run_after=None
[2026-08-08T17:48:12.945+0000] {logging_mixin.py:190} INFO - [2026-08-08T17:48:12.945+0000] {dag.py:4138} INFO - Setting next_dagrun for dataset_alias_example_alias_producer to None, run_after=None
[2026-08-08T17:48:12.953+0000] {logging_mixin.py:190} INFO - [2026-08-08T17:48:12.952+0000] {dag.py:4138} INFO - Setting next_dagrun for dataset_s3_bucket_consumer to None, run_after=None
[2026-08-08T17:48:12.956+0000] {logging_mixin.py:190} INFO - [2026-08-08T17:48:12.956+0000] {dag.py:4138} INFO - Setting next_dagrun for dataset_s3_bucket_producer to None, run_after=None
[2026-08-08T17:48:12.995+0000] {processor.py:208} INFO - Processing /home/airflow/.local/lib/python3.12/site-packages/airflow/example_dags/example_dataset_alias.py took 0.348 seconds
[2026-08-08T17:48:43.581+0000] {processor.py:186} INFO - Started process (PID=273) to work on /home/airflow/.local/lib/python3.12/site-packages/airflow/example_dags/example_dataset_alias.py
[2026-08-08T17:48:43.583+0000] {processor.py:914} INFO - Processing file /home/airflow/.local/lib/python3.12/site-packages/airflow/example_dags/example_dataset_alias.py for tasks to queue
[2026-08-08T17:48:43.587+0000] {logging_mixin.py:190} INFO - [2026-08-08T17:48:43.586+0000] {dagbag.py:587} INFO - Filling up the DagBag from /home/airflow/.local/lib/python3.12/site-packages/airflow/example_dags/example_dataset_alias.py
[2026-08-08T17:48:43.763+0000] {processor.py:925} INFO - DAG(s) 'dataset_s3_bucket_producer', 'dataset_alias_example_alias_consumer', 'dataset_s3_bucket_consumer', 'dataset_alias_example_alias_producer' retrieved from /home/airflow/.local/lib/python3.12/site-packages/airflow/example_dags/example_dataset_alias.py
[2026-08-08T17:48:43.787+0000] {logging_mixin.py:190} INFO - [2026-08-08T17:48:43.787+0000] {dag.py:3211} INFO - Sync 4 DAGs
[2026-08-08T17:48:43.815+0000] {logging_mixin.py:190} INFO - [2026-08-08T17:48:43.815+0000] {dag.py:4138} INFO - Setting next_dagrun for dataset_alias_example_alias_consumer to None, run_after=None
[2026-08-08T17:48:43.819+0000] {logging_mixin.py:190} INFO - [2026-08-08T17:48:43.818+0000] {dag.py:4138} INFO - Setting next_dagrun for dataset_alias_example_alias_producer to None, run_after=None
[2026-08-08T17:48:43.821+0000] {logging_mixin.py:190} INFO - [2026-08-08T17:48:43.821+0000] {dag.py:4138} INFO - Setting next_dagrun for dataset_s3_bucket_consumer to None, run_after=None
[2026-08-08T17:48:43.823+0000] {logging_mixin.py:190} INFO - [2026-08-08T17:48:43.823+0000] {dag.py:4138} INFO - Setting next_dagrun for dataset_s3_bucket_producer to None, run_after=None
[2026-08-08T17:48:43.850+0000] {processor.py:208} INFO - Processing /home/airflow/.local/lib/python3.12/site-packages/airflow/example_dags/example_dataset_alias.py took 0.275 seconds
[2026-08-08T17:52:34.320+0000] {processor.py:186} INFO - Started process (PID=76) to work on /home/airflow/.local/lib/python3.12/site-packages/airflow/example_dags/example_dataset_alias.py
[2026-08-08T17:52:34.321+0000] {processor.py:914} INFO - Processing file /home/airflow/.local/lib/python3.12/site-packages/airflow/example_dags/example_dataset_alias.py for tasks to queue
[2026-08-08T17:52:34.323+0000] {logging_mixin.py:190} INFO - [2026-08-08T17:52:34.323+0000] {dagbag.py:587} INFO - Filling up the DagBag from /home/airflow/.local/lib/python3.12/site-packages/airflow/example_dags/example_dataset_alias.py
[2026-08-08T17:52:34.944+0000] {processor.py:925} INFO - DAG(s) 'dataset_s3_bucket_producer', 'dataset_alias_example_alias_consumer', 'dataset_s3_bucket_consumer', 'dataset_alias_example_alias_producer' retrieved from /home/airflow/.local/lib/python3.12/site-packages/airflow/example_dags/example_dataset_alias.py
[2026-08-08T17:52:34.975+0000] {logging_mixin.py:190} INFO - [2026-08-08T17:52:34.974+0000] {dag.py:3211} INFO - Sync 4 DAGs
[2026-08-08T17:52:35.004+0000] {logging_mixin.py:190} INFO - [2026-08-08T17:52:35.004+0000] {dag.py:4138} INFO - Setting next_dagrun for dataset_alias_example_alias_consumer to None, run_after=None
[2026-08-08T17:52:35.009+0000] {logging_mixin.py:190} INFO - [2026-08-08T17:52:35.008+0000] {dag.py:4138} INFO - Setting next_dagrun for dataset_alias_example_alias_producer to None, run_after=None
[2026-08-08T17:52:35.011+0000] {logging_mixin.py:190} INFO - [2026-08-08T17:52:35.011+0000] {dag.py:4138} INFO - Setting next_dagrun for dataset_s3_bucket_consumer to None, run_after=None
[2026-08-08T17:52:35.013+0000] {logging_mixin.py:190} INFO - [2026-08-08T17:52:35.013+0000] {dag.py:4138} INFO - Setting next_dagrun for dataset_s3_bucket_producer to None, run_after=None
[2026-08-08T17:52:35.042+0000] {processor.py:208} INFO - Processing /home/airflow/.local/lib/python3.12/site-packages/airflow/example_dags/example_dataset_alias.py took 0.729 seconds
[2026-08-08T17:53:05.460+0000] {processor.py:186} INFO - Started process (PID=139) to work on /home/airflow/.local/lib/python3.12/site-packages/airflow/example_dags/example_dataset_alias.py
[2026-08-08T17:53:05.462+0000] {processor.py:914} INFO - Processing file /home/airflow/.local/lib/python3.12/site-packages/airflow/example_dags/example_dataset_alias.py for tasks to queue
[2026-08-08T17:53:05.465+0000] {logging_mixin.py:190} INFO - [2026-08-08T17:53:05.465+0000] {dagbag.py:587} INFO - Filling up the DagBag from /home/airflow/.local/lib/python3.12/site-packages/airflow/example_dags/example_dataset_alias.py
[2026-08-08T17:53:05.681+0000] {processor.py:925} INFO - DAG(s) 'dataset_alias_example_alias_consumer', 'dataset_alias_example_alias_producer', 'dataset_s3_bucket_consumer', 'dataset_s3_bucket_producer' retrieved from /home/airflow/.local/lib/python3.12/site-packages/airflow/example_dags/example_dataset_alias.py
[2026-08-08T17:53:05.718+0000] {logging_mixin.py:190} INFO - [2026-08-08T17:53:05.717+0000] {dag.py:3211} INFO - Sync 4 DAGs
[2026-08-08T17:53:05.749+0000] {logging_mixin.py:190} INFO - [2026-08-08T17:53:05.749+0000] {dag.py:4138} INFO - Setting next_dagrun for dataset_alias_example_alias_consumer to None, run_after=None
[2026-08-08T17:53:05.753+0000] {logging_mixin.py:190} INFO - [2026-08-08T17:53:05.753+0000] {dag.py:4138} INFO - Setting next_dagrun for dataset_alias_example_alias_producer to None, run_after=None
[2026-08-08T17:53:05.755+0000] {logging_mixin.py:190} INFO - [2026-08-08T17:53:05.754+0000] {dag.py:4138} INFO - Setting next_dagrun for dataset_s3_bucket_consumer to None, run_after=None
[2026-08-08T17:53:05.757+0000] {logging_mixin.py:190} INFO - [2026-08-08T17:53:05.756+0000] {dag.py:4138} INFO - Setting next_dagrun for dataset_s3_bucket_producer to None, run_after=None
[2026-08-08T17:53:05.785+0000] {processor.py:208} INFO - Processing /home/airflow/.local/lib/python3.12/site-packages/airflow/example_dags/example_dataset_alias.py took 0.331 seconds
[2026-08-08T17:53:36.069+0000] {processor.py:186} INFO - Started process (PID=202) to work on /home/airflow/.local/lib/python3.12/site-packages/airflow/example_dags/example_dataset_alias.py
[2026-08-08T17:53:36.071+0000] {processor.py:914} INFO - Processing file /home/airflow/.local/lib/python3.12/site-packages/airflow/example_dags/example_dataset_alias.py for tasks to queue
[2026-08-08T17:53:36.075+0000] {logging_mixin.py:190} INFO - [2026-08-08T17:53:36.074+0000] {dagbag.py:587} INFO - Filling up the DagBag from /home/airflow/.local/lib/python3.12/site-packages/airflow/example_dags/example_dataset_alias.py
[2026-08-08T17:53:36.245+0000] {processor.py:925} INFO - DAG(s) 'dataset_alias_example_alias_consumer', 'dataset_s3_bucket_producer', 'dataset_s3_bucket_consumer', 'dataset_alias_example_alias_producer' retrieved from /home/airflow/.local/lib/python3.12/site-packages/airflow/example_dags/example_dataset_alias.py
[2026-08-08T17:53:36.267+0000] {logging_mixin.py:190} INFO - [2026-08-08T17:53:36.267+0000] {dag.py:3211} INFO - Sync 4 DAGs
[2026-08-08T17:53:36.291+0000] {logging_mixin.py:190} INFO - [2026-08-08T17:53:36.291+0000] {dag.py:4138} INFO - Setting next_dagrun for dataset_alias_example_alias_consumer to None, run_after=None
[2026-08-08T17:53:36.294+0000] {logging_mixin.py:190} INFO - [2026-08-08T17:53:36.293+0000] {dag.py:4138} INFO - Setting next_dagrun for dataset_alias_example_alias_producer to None, run_after=None
[2026-08-08T17:53:36.295+0000] {logging_mixin.py:190} INFO - [2026-08-08T17:53:36.295+0000] {dag.py:4138} INFO - Setting next_dagrun for dataset_s3_bucket_consumer to None, run_after=None
[2026-08-08T17:53:36.297+0000] {logging_mixin.py:190} INFO - [2026-08-08T17:53:36.297+0000] {dag.py:4138} INFO - Setting next_dagrun for dataset_s3_bucket_producer to None, run_after=None
[2026-08-08T17:53:36.322+0000] {processor.py:208} INFO - Processing /home/airflow/.local/lib/python3.12/site-packages/airflow/example_dags/example_dataset_alias.py took 0.260 seconds
[2026-08-08T17:54:06.730+0000] {processor.py:186} INFO - Started process (PID=265) to work on /home/airflow/.local/lib/python3.12/site-packages/airflow/example_dags/example_dataset_alias.py
[2026-08-08T17:54:06.732+0000] {processor.py:914} INFO - Processing file /home/airflow/.local/lib/python3.12/site-packages/airflow/example_dags/example_dataset_alias.py for tasks to queue
[2026-08-08T17:54:06.735+0000] {logging_mixin.py:190} INFO - [2026-08-08T17:54:06.735+0000] {dagbag.py:587} INFO - Filling up the DagBag from /home/airflow/.local/lib/python3.12/site-packages/airflow/example_dags/example_dataset_alias.py
[2026-08-08T17:54:06.918+0000] {processor.py:925} INFO - DAG(s) 'dataset_alias_example_alias_consumer', 'dataset_s3_bucket_consumer', 'dataset_alias_example_alias_producer', 'dataset_s3_bucket_producer' retrieved from /home/airflow/.local/lib/python3.12/site-packages/airflow/example_dags/example_dataset_alias.py
[2026-08-08T17:54:06.951+0000] {logging_mixin.py:190} INFO - [2026-08-08T17:54:06.950+0000] {dag.py:3211} INFO - Sync 4 DAGs
[2026-08-08T17:54:06.980+0000] {logging_mixin.py:190} INFO - [2026-08-08T17:54:06.980+0000] {dag.py:4138} INFO - Setting next_dagrun for dataset_alias_example_alias_consumer to None, run_after=None
[2026-08-08T17:54:06.985+0000] {logging_mixin.py:190} INFO - [2026-08-08T17:54:06.984+0000] {dag.py:4138} INFO - Setting next_dagrun for dataset_alias_example_alias_producer to None, run_after=None
[2026-08-08T17:54:06.987+0000] {logging_mixin.py:190} INFO - [2026-08-08T17:54:06.987+0000] {dag.py:4138} INFO - Setting next_dagrun for dataset_s3_bucket_consumer to None, run_after=None
[2026-08-08T17:54:06.988+0000] {logging_mixin.py:190} INFO - [2026-08-08T17:54:06.988+0000] {dag.py:4138} INFO - Setting next_dagrun for dataset_s3_bucket_producer to None, run_after=None
[2026-08-08T17:54:07.018+0000] {processor.py:208} INFO - Processing /home/airflow/.local/lib/python3.12/site-packages/airflow/example_dags/example_dataset_alias.py took 0.298 seconds
[2026-08-08T17:54:37.198+0000] {processor.py:186} INFO - Started process (PID=328) to work on /home/airflow/.local/lib/python3.12/site-packages/airflow/example_dags/example_dataset_alias.py
[2026-08-08T17:54:37.200+0000] {processor.py:914} INFO - Processing file /home/airflow/.local/lib/python3.12/site-packages/airflow/example_dags/example_dataset_alias.py for tasks to queue
[2026-08-08T17:54:37.202+0000] {logging_mixin.py:190} INFO - [2026-08-08T17:54:37.202+0000] {dagbag.py:587} INFO - Filling up the DagBag from /home/airflow/.local/lib/python3.12/site-packages/airflow/example_dags/example_dataset_alias.py
[2026-08-08T17:54:37.345+0000] {processor.py:925} INFO - DAG(s) 'dataset_alias_example_alias_producer', 'dataset_alias_example_alias_consumer', 'dataset_s3_bucket_consumer', 'dataset_s3_bucket_producer' retrieved from /home/airflow/.local/lib/python3.12/site-packages/airflow/example_dags/example_dataset_alias.py
[2026-08-08T17:54:37.366+0000] {logging_mixin.py:190} INFO - [2026-08-08T17:54:37.366+0000] {dag.py:3211} INFO - Sync 4 DAGs
[2026-08-08T17:54:37.386+0000] {logging_mixin.py:190} INFO - [2026-08-08T17:54:37.386+0000] {dag.py:4138} INFO - Setting next_dagrun for dataset_alias_example_alias_consumer to None, run_after=None
[2026-08-08T17:54:37.389+0000] {logging_mixin.py:190} INFO - [2026-08-08T17:54:37.389+0000] {dag.py:4138} INFO - Setting next_dagrun for dataset_alias_example_alias_producer to None, run_after=None
[2026-08-08T17:54:37.390+0000] {logging_mixin.py:190} INFO - [2026-08-08T17:54:37.390+0000] {dag.py:4138} INFO - Setting next_dagrun for dataset_s3_bucket_consumer to None, run_after=None
[2026-08-08T17:54:37.392+0000] {logging_mixin.py:190} INFO - [2026-08-08T17:54:37.392+0000] {dag.py:4138} INFO - Setting next_dagrun for dataset_s3_bucket_producer to None, run_after=None
[2026-08-08T17:54:37.413+0000] {processor.py:208} INFO - Processing /home/airflow/.local/lib/python3.12/site-packages/airflow/example_dags/example_dataset_alias.py took 0.221 seconds
[2026-08-08T17:55:07.561+0000] {processor.py:186} INFO - Started process (PID=393) to work on /home/airflow/.local/lib/python3.12/site-packages/airflow/example_dags/example_dataset_alias.py
[2026-08-08T17:55:07.563+0000] {processor.py:914} INFO - Processing file /home/airflow/.local/lib/python3.12/site-packages/airflow/example_dags/example_dataset_alias.py for tasks to queue
[2026-08-08T17:55:07.565+0000] {logging_mixin.py:190} INFO - [2026-08-08T17:55:07.565+0000] {dagbag.py:587} INFO - Filling up the DagBag from /home/airflow/.local/lib/python3.12/site-packages/airflow/example_dags/example_dataset_alias.py
[2026-08-08T17:55:07.708+0000] {processor.py:925} INFO - DAG(s) 'dataset_alias_example_alias_producer', 'dataset_alias_example_alias_consumer', 'dataset_s3_bucket_consumer', 'dataset_s3_bucket_producer' retrieved from /home/airflow/.local/lib/python3.12/site-packages/airflow/example_dags/example_dataset_alias.py
[2026-08-08T17:55:07.727+0000] {logging_mixin.py:190} INFO - [2026-08-08T17:55:07.727+0000] {dag.py:3211} INFO - Sync 4 DAGs
[2026-08-08T17:55:07.745+0000] {logging_mixin.py:190} INFO - [2026-08-08T17:55:07.745+0000] {dag.py:4138} INFO - Setting next_dagrun for dataset_alias_example_alias_consumer to None, run_after=None
[2026-08-08T17:55:07.748+0000] {logging_mixin.py:190} INFO - [2026-08-08T17:55:07.748+0000] {dag.py:4138} INFO - Setting next_dagrun for dataset_alias_example_alias_producer to None, run_after=None
[2026-08-08T17:55:07.750+0000] {logging_mixin.py:190} INFO - [2026-08-08T17:55:07.750+0000] {dag.py:4138} INFO - Setting next_dagrun for dataset_s3_bucket_consumer to None, run_after=None
[2026-08-08T17:55:07.751+0000] {logging_mixin.py:190} INFO - [2026-08-08T17:55:07.751+0000] {dag.py:4138} INFO - Setting next_dagrun for dataset_s3_bucket_producer to None, run_after=None
[2026-08-08T17:55:07.773+0000] {processor.py:208} INFO - Processing /home/airflow/.local/lib/python3.12/site-packages/airflow/example_dags/example_dataset_alias.py took 0.217 seconds
[2026-08-08T17:55:37.870+0000] {processor.py:186} INFO - Started process (PID=457) to work on /home/airflow/.local/lib/python3.12/site-packages/airflow/example_dags/example_dataset_alias.py
[2026-08-08T17:55:37.872+0000] {processor.py:914} INFO - Processing file /home/airflow/.local/lib/python3.12/site-packages/airflow/example_dags/example_dataset_alias.py for tasks to queue
[2026-08-08T17:55:37.874+0000] {logging_mixin.py:190} INFO - [2026-08-08T17:55:37.874+0000] {dagbag.py:587} INFO - Filling up the DagBag from /home/airflow/.local/lib/python3.12/site-packages/airflow/example_dags/example_dataset_alias.py
[2026-08-08T17:55:38.033+0000] {processor.py:925} INFO - DAG(s) 'dataset_alias_example_alias_consumer', 'dataset_s3_bucket_producer', 'dataset_alias_example_alias_producer', 'dataset_s3_bucket_consumer' retrieved from /home/airflow/.local/lib/python3.12/site-packages/airflow/example_dags/example_dataset_alias.py
[2026-08-08T17:55:38.055+0000] {logging_mixin.py:190} INFO - [2026-08-08T17:55:38.055+0000] {dag.py:3211} INFO - Sync 4 DAGs
[2026-08-08T17:55:38.077+0000] {logging_mixin.py:190} INFO - [2026-08-08T17:55:38.076+0000] {dag.py:4138} INFO - Setting next_dagrun for dataset_alias_example_alias_consumer to None, run_after=None
[2026-08-08T17:55:38.079+0000] {logging_mixin.py:190} INFO - [2026-08-08T17:55:38.079+0000] {dag.py:4138} INFO - Setting next_dagrun for dataset_alias_example_alias_producer to None, run_after=None
[2026-08-08T17:55:38.081+0000] {logging_mixin.py:190} INFO - [2026-08-08T17:55:38.081+0000] {dag.py:4138} INFO - Setting next_dagrun for dataset_s3_bucket_consumer to None, run_after=None
[2026-08-08T17:55:38.082+0000] {logging_mixin.py:190} INFO - [2026-08-08T17:55:38.082+0000] {dag.py:4138} INFO - Setting next_dagrun for dataset_s3_bucket_producer to None, run_after=None
[2026-08-08T17:55:38.104+0000] {processor.py:208} INFO - Processing /home/airflow/.local/lib/python3.12/site-packages/airflow/example_dags/example_dataset_alias.py took 0.240 seconds
[2026-08-08T17:56:08.172+0000] {processor.py:186} INFO - Started process (PID=521) to work on /home/airflow/.local/lib/python3.12/site-packages/airflow/example_dags/example_dataset_alias.py
[2026-08-08T17:56:08.174+0000] {processor.py:914} INFO - Processing file /home/airflow/.local/lib/python3.12/site-packages/airflow/example_dags/example_dataset_alias.py for tasks to queue
[2026-08-08T17:56:08.176+0000] {logging_mixin.py:190} INFO - [2026-08-08T17:56:08.176+0000] {dagbag.py:587} INFO - Filling up the DagBag from /home/airflow/.local/lib/python3.12/site-packages/airflow/example_dags/example_dataset_alias.py
[2026-08-08T17:56:08.335+0000] {processor.py:925} INFO - DAG(s) 'dataset_s3_bucket_producer', 'dataset_s3_bucket_consumer', 'dataset_alias_example_alias_consumer', 'dataset_alias_example_alias_producer' retrieved from /home/airflow/.local/lib/python3.12/site-packages/airflow/example_dags/example_dataset_alias.py
[2026-08-08T17:56:08.359+0000] {logging_mixin.py:190} INFO - [2026-08-08T17:56:08.359+0000] {dag.py:3211} INFO - Sync 4 DAGs
[2026-08-08T17:56:08.380+0000] {logging_mixin.py:190} INFO - [2026-08-08T17:56:08.380+0000] {dag.py:4138} INFO - Setting next_dagrun for dataset_alias_example_alias_consumer to None, run_after=None
[2026-08-08T17:56:08.383+0000] {logging_mixin.py:190} INFO - [2026-08-08T17:56:08.382+0000] {dag.py:4138} INFO - Setting next_dagrun for dataset_alias_example_alias_producer to None, run_after=None
[2026-08-08T17:56:08.384+0000] {logging_mixin.py:190} INFO - [2026-08-08T17:56:08.384+0000] {dag.py:4138} INFO - Setting next_dagrun for dataset_s3_bucket_consumer to None, run_after=None
[2026-08-08T17:56:08.385+0000] {logging_mixin.py:190} INFO - [2026-08-08T17:56:08.385+0000] {dag.py:4138} INFO - Setting next_dagrun for dataset_s3_bucket_producer to None, run_after=None
[2026-08-08T17:56:08.410+0000] {processor.py:208} INFO - Processing /home/airflow/.local/lib/python3.12/site-packages/airflow/example_dags/example_dataset_alias.py took 0.242 seconds
[2026-08-08T17:56:38.828+0000] {processor.py:186} INFO - Started process (PID=585) to work on /home/airflow/.local/lib/python3.12/site-packages/airflow/example_dags/example_dataset_alias.py
[2026-08-08T17:56:38.830+0000] {processor.py:914} INFO - Processing file /home/airflow/.local/lib/python3.12/site-packages/airflow/example_dags/example_dataset_alias.py for tasks to queue
[2026-08-08T17:56:38.834+0000] {logging_mixin.py:190} INFO - [2026-08-08T17:56:38.834+0000] {dagbag.py:587} INFO - Filling up the DagBag from /home/airflow/.local/lib/python3.12/site-packages/airflow/example_dags/example_dataset_alias.py
[2026-08-08T17:56:39.032+0000] {processor.py:925} INFO - DAG(s) 'dataset_alias_example_alias_consumer', 'dataset_s3_bucket_consumer', 'dataset_alias_example_alias_producer', 'dataset_s3_bucket_producer' retrieved from /home/airflow/.local/lib/python3.12/site-packages/airflow/example_dags/example_dataset_alias.py
[2026-08-08T17:56:39.058+0000] {logging_mixin.py:190} INFO - [2026-08-08T17:56:39.058+0000] {dag.py:3211} INFO - Sync 4 DAGs
[2026-08-08T17:56:39.086+0000] {logging_mixin.py:190} INFO - [2026-08-08T17:56:39.086+0000] {dag.py:4138} INFO - Setting next_dagrun for dataset_alias_example_alias_consumer to None, run_after=None
[2026-08-08T17:56:39.090+0000] {logging_mixin.py:190} INFO - [2026-08-08T17:56:39.089+0000] {dag.py:4138} INFO - Setting next_dagrun for dataset_alias_example_alias_producer to None, run_after=None
[2026-08-08T17:56:39.092+0000] {logging_mixin.py:190} INFO - [2026-08-08T17:56:39.091+0000] {dag.py:4138} INFO - Setting next_dagrun for dataset_s3_bucket_consumer to None, run_after=None
[2026-08-08T17:56:39.094+0000] {logging_mixin.py:190} INFO - [2026-08-08T17:56:39.093+0000] {dag.py:4138} INFO - Setting next_dagrun for dataset_s3_bucket_producer to None, run_after=None
[2026-08-08T17:56:39.123+0000] {processor.py:208} INFO - Processing /home/airflow/.local/lib/python3.12/site-packages/airflow/example_dags/example_dataset_alias.py took 0.304 seconds
[2026-08-08T17:57:09.329+0000] {processor.py:186} INFO - Started process (PID=648) to work on /home/airflow/.local/lib/python3.12/site-packages/airflow/example_dags/example_dataset_alias.py
[2026-08-08T17:57:09.331+0000] {processor.py:914} INFO - Processing file /home/airflow/.local/lib/python3.12/site-packages/airflow/example_dags/example_dataset_alias.py for tasks to queue
[2026-08-08T17:57:09.333+0000] {logging_mixin.py:190} INFO - [2026-08-08T17:57:09.333+0000] {dagbag.py:587} INFO - Filling up the DagBag from /home/airflow/.local/lib/python3.12/site-packages/airflow/example_dags/example_dataset_alias.py
[2026-08-08T17:57:09.474+0000] {processor.py:925} INFO - DAG(s) 'dataset_alias_example_alias_producer', 'dataset_s3_bucket_producer', 'dataset_s3_bucket_consumer', 'dataset_alias_example_alias_consumer' retrieved from /home/airflow/.local/lib/python3.12/site-packages/airflow/example_dags/example_dataset_alias.py
[2026-08-08T17:57:09.495+0000] {logging_mixin.py:190} INFO - [2026-08-08T17:57:09.495+0000] {dag.py:3211} INFO - Sync 4 DAGs
[2026-08-08T17:57:09.512+0000] {logging_mixin.py:190} INFO - [2026-08-08T17:57:09.512+0000] {dag.py:4138} INFO - Setting next_dagrun for dataset_alias_example_alias_consumer to None, run_after=None
[2026-08-08T17:57:09.515+0000] {logging_mixin.py:190} INFO - [2026-08-08T17:57:09.515+0000] {dag.py:4138} INFO - Setting next_dagrun for dataset_alias_example_alias_producer to None, run_after=None
[2026-08-08T17:57:09.517+0000] {logging_mixin.py:190} INFO - [2026-08-08T17:57:09.517+0000] {dag.py:4138} INFO - Setting next_dagrun for dataset_s3_bucket_consumer to None, run_after=None
[2026-08-08T17:57:09.518+0000] {logging_mixin.py:190} INFO - [2026-08-08T17:57:09.518+0000] {dag.py:4138} INFO - Setting next_dagrun for dataset_s3_bucket_producer to None, run_after=None
[2026-08-08T17:57:09.538+0000] {processor.py:208} INFO - Processing /home/airflow/.local/lib/python3.12/site-packages/airflow/example_dags/example_dataset_alias.py took 0.214 seconds
[2026-08-08T18:08:13.091+0000] {processor.py:186} INFO - Started process (PID=706) to work on /home/airflow/.local/lib/python3.12/site-packages/airflow/example_dags/example_dataset_alias.py
[2026-08-08T18:08:13.098+0000] {processor.py:914} INFO - Processing file /home/airflow/.local/lib/python3.12/site-packages/airflow/example_dags/example_dataset_alias.py for tasks to queue
[2026-08-08T18:08:13.109+0000] {logging_mixin.py:190} INFO - [2026-08-08T18:08:13.108+0000] {dagbag.py:587} INFO - Filling up the DagBag from /home/airflow/.local/lib/python3.12/site-packages/airflow/example_dags/example_dataset_alias.py
[2026-08-08T18:08:13.648+0000] {processor.py:925} INFO - DAG(s) 'dataset_alias_example_alias_consumer', 'dataset_s3_bucket_producer', 'dataset_alias_example_alias_producer', 'dataset_s3_bucket_consumer' retrieved from /home/airflow/.local/lib/python3.12/site-packages/airflow/example_dags/example_dataset_alias.py
[2026-08-08T18:08:13.721+0000] {logging_mixin.py:190} INFO - [2026-08-08T18:08:13.721+0000] {dag.py:3211} INFO - Sync 4 DAGs
[2026-08-08T18:08:13.806+0000] {logging_mixin.py:190} INFO - [2026-08-08T18:08:13.806+0000] {dag.py:4138} INFO - Setting next_dagrun for dataset_alias_example_alias_consumer to None, run_after=None
[2026-08-08T18:08:13.829+0000] {logging_mixin.py:190} INFO - [2026-08-08T18:08:13.829+0000] {dag.py:4138} INFO - Setting next_dagrun for dataset_alias_example_alias_producer to None, run_after=None
[2026-08-08T18:08:13.841+0000] {logging_mixin.py:190} INFO - [2026-08-08T18:08:13.841+0000] {dag.py:4138} INFO - Setting next_dagrun for dataset_s3_bucket_consumer to None, run_after=None
[2026-08-08T18:08:13.860+0000] {logging_mixin.py:190} INFO - [2026-08-08T18:08:13.860+0000] {dag.py:4138} INFO - Setting next_dagrun for dataset_s3_bucket_producer to None, run_after=None
[2026-08-08T18:08:13.950+0000] {processor.py:208} INFO - Processing /home/airflow/.local/lib/python3.12/site-packages/airflow/example_dags/example_dataset_alias.py took 0.875 seconds
[2026-08-08T18:08:44.131+0000] {processor.py:186} INFO - Started process (PID=769) to work on /home/airflow/.local/lib/python3.12/site-packages/airflow/example_dags/example_dataset_alias.py
[2026-08-08T18:08:44.154+0000] {processor.py:914} INFO - Processing file /home/airflow/.local/lib/python3.12/site-packages/airflow/example_dags/example_dataset_alias.py for tasks to queue
[2026-08-08T18:08:44.160+0000] {logging_mixin.py:190} INFO - [2026-08-08T18:08:44.159+0000] {dagbag.py:587} INFO - Filling up the DagBag from /home/airflow/.local/lib/python3.12/site-packages/airflow/example_dags/example_dataset_alias.py
[2026-08-08T18:08:44.438+0000] {processor.py:925} INFO - DAG(s) 'dataset_alias_example_alias_producer', 'dataset_alias_example_alias_consumer', 'dataset_s3_bucket_consumer', 'dataset_s3_bucket_producer' retrieved from /home/airflow/.local/lib/python3.12/site-packages/airflow/example_dags/example_dataset_alias.py
[2026-08-08T18:08:44.469+0000] {logging_mixin.py:190} INFO - [2026-08-08T18:08:44.468+0000] {dag.py:3211} INFO - Sync 4 DAGs
[2026-08-08T18:08:44.505+0000] {logging_mixin.py:190} INFO - [2026-08-08T18:08:44.504+0000] {dag.py:4138} INFO - Setting next_dagrun for dataset_alias_example_alias_consumer to None, run_after=None
[2026-08-08T18:08:44.510+0000] {logging_mixin.py:190} INFO - [2026-08-08T18:08:44.510+0000] {dag.py:4138} INFO - Setting next_dagrun for dataset_alias_example_alias_producer to None, run_after=None
[2026-08-08T18:08:44.513+0000] {logging_mixin.py:190} INFO - [2026-08-08T18:08:44.512+0000] {dag.py:4138} INFO - Setting next_dagrun for dataset_s3_bucket_consumer to None, run_after=None
[2026-08-08T18:08:44.516+0000] {logging_mixin.py:190} INFO - [2026-08-08T18:08:44.516+0000] {dag.py:4138} INFO - Setting next_dagrun for dataset_s3_bucket_producer to None, run_after=None
[2026-08-08T18:08:44.595+0000] {processor.py:208} INFO - Processing /home/airflow/.local/lib/python3.12/site-packages/airflow/example_dags/example_dataset_alias.py took 0.480 seconds
[2026-08-08T18:09:14.789+0000] {processor.py:186} INFO - Started process (PID=832) to work on /home/airflow/.local/lib/python3.12/site-packages/airflow/example_dags/example_dataset_alias.py
[2026-08-08T18:09:14.792+0000] {processor.py:914} INFO - Processing file /home/airflow/.local/lib/python3.12/site-packages/airflow/example_dags/example_dataset_alias.py for tasks to queue
[2026-08-08T18:09:14.797+0000] {logging_mixin.py:190} INFO - [2026-08-08T18:09:14.796+0000] {dagbag.py:587} INFO - Filling up the DagBag from /home/airflow/.local/lib/python3.12/site-packages/airflow/example_dags/example_dataset_alias.py
[2026-08-08T18:09:14.985+0000] {processor.py:925} INFO - DAG(s) 'dataset_s3_bucket_producer', 'dataset_s3_bucket_consumer', 'dataset_alias_example_alias_consumer', 'dataset_alias_example_alias_producer' retrieved from /home/airflow/.local/lib/python3.12/site-packages/airflow/example_dags/example_dataset_alias.py
[2026-08-08T18:09:15.007+0000] {logging_mixin.py:190} INFO - [2026-08-08T18:09:15.006+0000] {dag.py:3211} INFO - Sync 4 DAGs
[2026-08-08T18:09:15.024+0000] {logging_mixin.py:190} INFO - [2026-08-08T18:09:15.024+0000] {dag.py:4138} INFO - Setting next_dagrun for dataset_alias_example_alias_consumer to None, run_after=None
[2026-08-08T18:09:15.026+0000] {logging_mixin.py:190} INFO - [2026-08-08T18:09:15.026+0000] {dag.py:4138} INFO - Setting next_dagrun for dataset_alias_example_alias_producer to None, run_after=None
[2026-08-08T18:09:15.028+0000] {logging_mixin.py:190} INFO - [2026-08-08T18:09:15.028+0000] {dag.py:4138} INFO - Setting next_dagrun for dataset_s3_bucket_consumer to None, run_after=None
[2026-08-08T18:09:15.029+0000] {logging_mixin.py:190} INFO - [2026-08-08T18:09:15.029+0000] {dag.py:4138} INFO - Setting next_dagrun for dataset_s3_bucket_producer to None, run_after=None
[2026-08-08T18:09:15.058+0000] {processor.py:208} INFO - Processing /home/airflow/.local/lib/python3.12/site-packages/airflow/example_dags/example_dataset_alias.py took 0.280 seconds
[2026-08-08T18:09:45.906+0000] {processor.py:186} INFO - Started process (PID=895) to work on /home/airflow/.local/lib/python3.12/site-packages/airflow/example_dags/example_dataset_alias.py
[2026-08-08T18:09:45.907+0000] {processor.py:914} INFO - Processing file /home/airflow/.local/lib/python3.12/site-packages/airflow/example_dags/example_dataset_alias.py for tasks to queue
[2026-08-08T18:09:45.912+0000] {logging_mixin.py:190} INFO - [2026-08-08T18:09:45.911+0000] {dagbag.py:587} INFO - Filling up the DagBag from /home/airflow/.local/lib/python3.12/site-packages/airflow/example_dags/example_dataset_alias.py
[2026-08-08T18:09:46.134+0000] {processor.py:925} INFO - DAG(s) 'dataset_alias_example_alias_producer', 'dataset_s3_bucket_consumer', 'dataset_alias_example_alias_consumer', 'dataset_s3_bucket_producer' retrieved from /home/airflow/.local/lib/python3.12/site-packages/airflow/example_dags/example_dataset_alias.py
[2026-08-08T18:09:46.162+0000] {logging_mixin.py:190} INFO - [2026-08-08T18:09:46.161+0000] {dag.py:3211} INFO - Sync 4 DAGs
[2026-08-08T18:09:46.196+0000] {logging_mixin.py:190} INFO - [2026-08-08T18:09:46.196+0000] {dag.py:4138} INFO - Setting next_dagrun for dataset_alias_example_alias_consumer to None, run_after=None
[2026-08-08T18:09:46.200+0000] {logging_mixin.py:190} INFO - [2026-08-08T18:09:46.200+0000] {dag.py:4138} INFO - Setting next_dagrun for dataset_alias_example_alias_producer to None, run_after=None
[2026-08-08T18:09:46.202+0000] {logging_mixin.py:190} INFO - [2026-08-08T18:09:46.202+0000] {dag.py:4138} INFO - Setting next_dagrun for dataset_s3_bucket_consumer to None, run_after=None
[2026-08-08T18:09:46.204+0000] {logging_mixin.py:190} INFO - [2026-08-08T18:09:46.204+0000] {dag.py:4138} INFO - Setting next_dagrun for dataset_s3_bucket_producer to None, run_after=None
[2026-08-08T18:09:46.237+0000] {processor.py:208} INFO - Processing /home/airflow/.local/lib/python3.12/site-packages/airflow/example_dags/example_dataset_alias.py took 0.337 seconds
[2026-08-08T18:10:16.476+0000] {processor.py:186} INFO - Started process (PID=959) to work on /home/airflow/.local/lib/python3.12/site-packages/airflow/example_dags/example_dataset_alias.py
[2026-08-08T18:10:16.479+0000] {processor.py:914} INFO - Processing file /home/airflow/.local/lib/python3.12/site-packages/airflow/example_dags/example_dataset_alias.py for tasks to queue
[2026-08-08T18:10:16.485+0000] {logging_mixin.py:190} INFO - [2026-08-08T18:10:16.484+0000] {dagbag.py:587} INFO - Filling up the DagBag from /home/airflow/.local/lib/python3.12/site-packages/airflow/example_dags/example_dataset_alias.py
[2026-08-08T18:10:16.764+0000] {processor.py:925} INFO - DAG(s) 'dataset_s3_bucket_producer', 'dataset_alias_example_alias_producer', 'dataset_alias_example_alias_consumer', 'dataset_s3_bucket_consumer' retrieved from /home/airflow/.local/lib/python3.12/site-packages/airflow/example_dags/example_dataset_alias.py
[2026-08-08T18:10:16.813+0000] {logging_mixin.py:190} INFO - [2026-08-08T18:10:16.812+0000] {dag.py:3211} INFO - Sync 4 DAGs
[2026-08-08T18:10:16.876+0000] {logging_mixin.py:190} INFO - [2026-08-08T18:10:16.875+0000] {dag.py:4138} INFO - Setting next_dagrun for dataset_alias_example_alias_consumer to None, run_after=None
[2026-08-08T18:10:16.885+0000] {logging_mixin.py:190} INFO - [2026-08-08T18:10:16.884+0000] {dag.py:4138} INFO - Setting next_dagrun for dataset_alias_example_alias_producer to None, run_after=None
[2026-08-08T18:10:16.891+0000] {logging_mixin.py:190} INFO - [2026-08-08T18:10:16.890+0000] {dag.py:4138} INFO - Setting next_dagrun for dataset_s3_bucket_consumer to None, run_after=None
[2026-08-08T18:10:16.895+0000] {logging_mixin.py:190} INFO - [2026-08-08T18:10:16.895+0000] {dag.py:4138} INFO - Setting next_dagrun for dataset_s3_bucket_producer to None, run_after=None
[2026-08-08T18:10:16.954+0000] {processor.py:208} INFO - Processing /home/airflow/.local/lib/python3.12/site-packages/airflow/example_dags/example_dataset_alias.py took 0.486 seconds
[2026-08-08T18:10:47.251+0000] {processor.py:186} INFO - Started process (PID=1024) to work on /home/airflow/.local/lib/python3.12/site-packages/airflow/example_dags/example_dataset_alias.py
[2026-08-08T18:10:47.253+0000] {processor.py:914} INFO - Processing file /home/airflow/.local/lib/python3.12/site-packages/airflow/example_dags/example_dataset_alias.py for tasks to queue
[2026-08-08T18:10:47.255+0000] {logging_mixin.py:190} INFO - [2026-08-08T18:10:47.255+0000] {dagbag.py:587} INFO - Filling up the DagBag from /home/airflow/.local/lib/python3.12/site-packages/airflow/example_dags/example_dataset_alias.py
[2026-08-08T18:10:47.416+0000] {processor.py:925} INFO - DAG(s) 'dataset_alias_example_alias_consumer', 'dataset_s3_bucket_producer', 'dataset_s3_bucket_consumer', 'dataset_alias_example_alias_producer' retrieved from /home/airflow/.local/lib/python3.12/site-packages/airflow/example_dags/example_dataset_alias.py
[2026-08-08T18:10:47.435+0000] {logging_mixin.py:190} INFO - [2026-08-08T18:10:47.434+0000] {dag.py:3211} INFO - Sync 4 DAGs
[2026-08-08T18:10:47.461+0000] {logging_mixin.py:190} INFO - [2026-08-08T18:10:47.460+0000] {dag.py:4138} INFO - Setting next_dagrun for dataset_alias_example_alias_consumer to None, run_after=None
[2026-08-08T18:10:47.467+0000] {logging_mixin.py:190} INFO - [2026-08-08T18:10:47.466+0000] {dag.py:4138} INFO - Setting next_dagrun for dataset_alias_example_alias_producer to None, run_after=None
[2026-08-08T18:10:47.469+0000] {logging_mixin.py:190} INFO - [2026-08-08T18:10:47.469+0000] {dag.py:4138} INFO - Setting next_dagrun for dataset_s3_bucket_consumer to None, run_after=None
[2026-08-08T18:10:47.471+0000] {logging_mixin.py:190} INFO - [2026-08-08T18:10:47.471+0000] {dag.py:4138} INFO - Setting next_dagrun for dataset_s3_bucket_producer to None, run_after=None
[2026-08-08T18:10:47.504+0000] {processor.py:208} INFO - Processing /home/airflow/.local/lib/python3.12/site-packages/airflow/example_dags/example_dataset_alias.py took 0.260 seconds
[2026-08-08T18:11:18.010+0000] {processor.py:186} INFO - Started process (PID=1084) to work on /home/airflow/.local/lib/python3.12/site-packages/airflow/example_dags/example_dataset_alias.py
[2026-08-08T18:11:18.011+0000] {processor.py:914} INFO - Processing file /home/airflow/.local/lib/python3.12/site-packages/airflow/example_dags/example_dataset_alias.py for tasks to queue
[2026-08-08T18:11:18.014+0000] {logging_mixin.py:190} INFO - [2026-08-08T18:11:18.014+0000] {dagbag.py:587} INFO - Filling up the DagBag from /home/airflow/.local/lib/python3.12/site-packages/airflow/example_dags/example_dataset_alias.py
[2026-08-08T18:11:18.168+0000] {processor.py:925} INFO - DAG(s) 'dataset_alias_example_alias_producer', 'dataset_alias_example_alias_consumer', 'dataset_s3_bucket_producer', 'dataset_s3_bucket_consumer' retrieved from /home/airflow/.local/lib/python3.12/site-packages/airflow/example_dags/example_dataset_alias.py
[2026-08-08T18:11:18.188+0000] {logging_mixin.py:190} INFO - [2026-08-08T18:11:18.188+0000] {dag.py:3211} INFO - Sync 4 DAGs
[2026-08-08T18:11:18.207+0000] {logging_mixin.py:190} INFO - [2026-08-08T18:11:18.206+0000] {dag.py:4138} INFO - Setting next_dagrun for dataset_alias_example_alias_consumer to None, run_after=None
[2026-08-08T18:11:18.210+0000] {logging_mixin.py:190} INFO - [2026-08-08T18:11:18.209+0000] {dag.py:4138} INFO - Setting next_dagrun for dataset_alias_example_alias_producer to None, run_after=None
[2026-08-08T18:11:18.211+0000] {logging_mixin.py:190} INFO - [2026-08-08T18:11:18.211+0000] {dag.py:4138} INFO - Setting next_dagrun for dataset_s3_bucket_consumer to None, run_after=None
[2026-08-08T18:11:18.213+0000] {logging_mixin.py:190} INFO - [2026-08-08T18:11:18.212+0000] {dag.py:4138} INFO - Setting next_dagrun for dataset_s3_bucket_producer to None, run_after=None
[2026-08-08T18:11:18.236+0000] {processor.py:208} INFO - Processing /home/airflow/.local/lib/python3.12/site-packages/airflow/example_dags/example_dataset_alias.py took 0.234 seconds
[2026-08-08T18:11:48.817+0000] {processor.py:186} INFO - Started process (PID=1147) to work on /home/airflow/.local/lib/python3.12/site-packages/airflow/example_dags/example_dataset_alias.py
[2026-08-08T18:11:48.818+0000] {processor.py:914} INFO - Processing file /home/airflow/.local/lib/python3.12/site-packages/airflow/example_dags/example_dataset_alias.py for tasks to queue
[2026-08-08T18:11:48.821+0000] {logging_mixin.py:190} INFO - [2026-08-08T18:11:48.821+0000] {dagbag.py:587} INFO - Filling up the DagBag from /home/airflow/.local/lib/python3.12/site-packages/airflow/example_dags/example_dataset_alias.py
[2026-08-08T18:11:48.970+0000] {processor.py:925} INFO - DAG(s) 'dataset_s3_bucket_producer', 'dataset_s3_bucket_consumer', 'dataset_alias_example_alias_producer', 'dataset_alias_example_alias_consumer' retrieved from /home/airflow/.local/lib/python3.12/site-packages/airflow/example_dags/example_dataset_alias.py
[2026-08-08T18:11:48.991+0000] {logging_mixin.py:190} INFO - [2026-08-08T18:11:48.991+0000] {dag.py:3211} INFO - Sync 4 DAGs
[2026-08-08T18:11:49.023+0000] {logging_mixin.py:190} INFO - [2026-08-08T18:11:49.022+0000] {dag.py:4138} INFO - Setting next_dagrun for dataset_alias_example_alias_consumer to None, run_after=None
[2026-08-08T18:11:49.028+0000] {logging_mixin.py:190} INFO - [2026-08-08T18:11:49.028+0000] {dag.py:4138} INFO - Setting next_dagrun for dataset_alias_example_alias_producer to None, run_after=None
[2026-08-08T18:11:49.031+0000] {logging_mixin.py:190} INFO - [2026-08-08T18:11:49.030+0000] {dag.py:4138} INFO - Setting next_dagrun for dataset_s3_bucket_consumer to None, run_after=None
[2026-08-08T18:11:49.033+0000] {logging_mixin.py:190} INFO - [2026-08-08T18:11:49.033+0000] {dag.py:4138} INFO - Setting next_dagrun for dataset_s3_bucket_producer to None, run_after=None
[2026-08-08T18:11:49.061+0000] {processor.py:208} INFO - Processing /home/airflow/.local/lib/python3.12/site-packages/airflow/example_dags/example_dataset_alias.py took 0.249 seconds
[2026-08-08T18:13:04.255+0000] {processor.py:186} INFO - Started process (PID=76) to work on /home/airflow/.local/lib/python3.12/site-packages/airflow/example_dags/example_dataset_alias.py
[2026-08-08T18:13:04.257+0000] {processor.py:914} INFO - Processing file /home/airflow/.local/lib/python3.12/site-packages/airflow/example_dags/example_dataset_alias.py for tasks to queue
[2026-08-08T18:13:04.260+0000] {logging_mixin.py:190} INFO - [2026-08-08T18:13:04.259+0000] {dagbag.py:587} INFO - Filling up the DagBag from /home/airflow/.local/lib/python3.12/site-packages/airflow/example_dags/example_dataset_alias.py
[2026-08-08T18:13:05.131+0000] {processor.py:925} INFO - DAG(s) 'dataset_alias_example_alias_consumer', 'dataset_s3_bucket_consumer', 'dataset_s3_bucket_producer', 'dataset_alias_example_alias_producer' retrieved from /home/airflow/.local/lib/python3.12/site-packages/airflow/example_dags/example_dataset_alias.py
[2026-08-08T18:13:05.164+0000] {logging_mixin.py:190} INFO - [2026-08-08T18:13:05.164+0000] {dag.py:3211} INFO - Sync 4 DAGs
[2026-08-08T18:13:05.194+0000] {logging_mixin.py:190} INFO - [2026-08-08T18:13:05.194+0000] {dag.py:4138} INFO - Setting next_dagrun for dataset_alias_example_alias_consumer to None, run_after=None
[2026-08-08T18:13:05.199+0000] {logging_mixin.py:190} INFO - [2026-08-08T18:13:05.199+0000] {dag.py:4138} INFO - Setting next_dagrun for dataset_alias_example_alias_producer to None, run_after=None
[2026-08-08T18:13:05.202+0000] {logging_mixin.py:190} INFO - [2026-08-08T18:13:05.202+0000] {dag.py:4138} INFO - Setting next_dagrun for dataset_s3_bucket_consumer to None, run_after=None
[2026-08-08T18:13:05.206+0000] {logging_mixin.py:190} INFO - [2026-08-08T18:13:05.206+0000] {dag.py:4138} INFO - Setting next_dagrun for dataset_s3_bucket_producer to None, run_after=None
[2026-08-08T18:13:05.243+0000] {processor.py:208} INFO - Processing /home/airflow/.local/lib/python3.12/site-packages/airflow/example_dags/example_dataset_alias.py took 0.997 seconds
[2026-08-08T18:13:35.385+0000] {processor.py:186} INFO - Started process (PID=147) to work on /home/airflow/.local/lib/python3.12/site-packages/airflow/example_dags/example_dataset_alias.py
[2026-08-08T18:13:35.386+0000] {processor.py:914} INFO - Processing file /home/airflow/.local/lib/python3.12/site-packages/airflow/example_dags/example_dataset_alias.py for tasks to queue
[2026-08-08T18:13:35.388+0000] {logging_mixin.py:190} INFO - [2026-08-08T18:13:35.388+0000] {dagbag.py:587} INFO - Filling up the DagBag from /home/airflow/.local/lib/python3.12/site-packages/airflow/example_dags/example_dataset_alias.py
[2026-08-08T18:13:35.542+0000] {processor.py:925} INFO - DAG(s) 'dataset_alias_example_alias_consumer', 'dataset_s3_bucket_consumer', 'dataset_alias_example_alias_producer', 'dataset_s3_bucket_producer' retrieved from /home/airflow/.local/lib/python3.12/site-packages/airflow/example_dags/example_dataset_alias.py
[2026-08-08T18:13:35.563+0000] {logging_mixin.py:190} INFO - [2026-08-08T18:13:35.562+0000] {dag.py:3211} INFO - Sync 4 DAGs
[2026-08-08T18:13:35.581+0000] {logging_mixin.py:190} INFO - [2026-08-08T18:13:35.581+0000] {dag.py:4138} INFO - Setting next_dagrun for dataset_alias_example_alias_consumer to None, run_after=None
[2026-08-08T18:13:35.583+0000] {logging_mixin.py:190} INFO - [2026-08-08T18:13:35.583+0000] {dag.py:4138} INFO - Setting next_dagrun for dataset_alias_example_alias_producer to None, run_after=None
[2026-08-08T18:13:35.584+0000] {logging_mixin.py:190} INFO - [2026-08-08T18:13:35.584+0000] {dag.py:4138} INFO - Setting next_dagrun for dataset_s3_bucket_consumer to None, run_after=None
[2026-08-08T18:13:35.586+0000] {logging_mixin.py:190} INFO - [2026-08-08T18:13:35.586+0000] {dag.py:4138} INFO - Setting next_dagrun for dataset_s3_bucket_producer to None, run_after=None
[2026-08-08T18:13:35.607+0000] {processor.py:208} INFO - Processing /home/airflow/.local/lib/python3.12/site-packages/airflow/example_dags/example_dataset_alias.py took 0.228 seconds
[2026-08-08T18:14:05.884+0000] {processor.py:186} INFO - Started process (PID=208) to work on /home/airflow/.local/lib/python3.12/site-packages/airflow/example_dags/example_dataset_alias.py
[2026-08-08T18:14:05.886+0000] {processor.py:914} INFO - Processing file /home/airflow/.local/lib/python3.12/site-packages/airflow/example_dags/example_dataset_alias.py for tasks to queue
[2026-08-08T18:14:05.890+0000] {logging_mixin.py:190} INFO - [2026-08-08T18:14:05.890+0000] {dagbag.py:587} INFO - Filling up the DagBag from /home/airflow/.local/lib/python3.12/site-packages/airflow/example_dags/example_dataset_alias.py
[2026-08-08T18:14:06.086+0000] {processor.py:925} INFO - DAG(s) 'dataset_alias_example_alias_consumer', 'dataset_s3_bucket_consumer', 'dataset_s3_bucket_producer', 'dataset_alias_example_alias_producer' retrieved from /home/airflow/.local/lib/python3.12/site-packages/airflow/example_dags/example_dataset_alias.py
[2026-08-08T18:14:06.114+0000] {logging_mixin.py:190} INFO - [2026-08-08T18:14:06.114+0000] {dag.py:3211} INFO - Sync 4 DAGs
[2026-08-08T18:14:06.139+0000] {logging_mixin.py:190} INFO - [2026-08-08T18:14:06.139+0000] {dag.py:4138} INFO - Setting next_dagrun for dataset_alias_example_alias_consumer to None, run_after=None
[2026-08-08T18:14:06.142+0000] {logging_mixin.py:190} INFO - [2026-08-08T18:14:06.142+0000] {dag.py:4138} INFO - Setting next_dagrun for dataset_alias_example_alias_producer to None, run_after=None
[2026-08-08T18:14:06.144+0000] {logging_mixin.py:190} INFO - [2026-08-08T18:14:06.143+0000] {dag.py:4138} INFO - Setting next_dagrun for dataset_s3_bucket_consumer to None, run_after=None
[2026-08-08T18:14:06.145+0000] {logging_mixin.py:190} INFO - [2026-08-08T18:14:06.145+0000] {dag.py:4138} INFO - Setting next_dagrun for dataset_s3_bucket_producer to None, run_after=None
[2026-08-08T18:14:06.169+0000] {processor.py:208} INFO - Processing /home/airflow/.local/lib/python3.12/site-packages/airflow/example_dags/example_dataset_alias.py took 0.291 seconds
[2026-08-08T18:14:36.294+0000] {processor.py:186} INFO - Started process (PID=271) to work on /home/airflow/.local/lib/python3.12/site-packages/airflow/example_dags/example_dataset_alias.py
[2026-08-08T18:14:36.296+0000] {processor.py:914} INFO - Processing file /home/airflow/.local/lib/python3.12/site-packages/airflow/example_dags/example_dataset_alias.py for tasks to queue
[2026-08-08T18:14:36.300+0000] {logging_mixin.py:190} INFO - [2026-08-08T18:14:36.300+0000] {dagbag.py:587} INFO - Filling up the DagBag from /home/airflow/.local/lib/python3.12/site-packages/airflow/example_dags/example_dataset_alias.py
[2026-08-08T18:14:36.496+0000] {processor.py:925} INFO - DAG(s) 'dataset_s3_bucket_consumer', 'dataset_alias_example_alias_producer', 'dataset_alias_example_alias_consumer', 'dataset_s3_bucket_producer' retrieved from /home/airflow/.local/lib/python3.12/site-packages/airflow/example_dags/example_dataset_alias.py
[2026-08-08T18:14:36.521+0000] {logging_mixin.py:190} INFO - [2026-08-08T18:14:36.520+0000] {dag.py:3211} INFO - Sync 4 DAGs
[2026-08-08T18:14:36.549+0000] {logging_mixin.py:190} INFO - [2026-08-08T18:14:36.549+0000] {dag.py:4138} INFO - Setting next_dagrun for dataset_alias_example_alias_consumer to None, run_after=None
[2026-08-08T18:14:36.552+0000] {logging_mixin.py:190} INFO - [2026-08-08T18:14:36.552+0000] {dag.py:4138} INFO - Setting next_dagrun for dataset_alias_example_alias_producer to None, run_after=None
[2026-08-08T18:14:36.554+0000] {logging_mixin.py:190} INFO - [2026-08-08T18:14:36.554+0000] {dag.py:4138} INFO - Setting next_dagrun for dataset_s3_bucket_consumer to None, run_after=None
[2026-08-08T18:14:36.556+0000] {logging_mixin.py:190} INFO - [2026-08-08T18:14:36.556+0000] {dag.py:4138} INFO - Setting next_dagrun for dataset_s3_bucket_producer to None, run_after=None
[2026-08-08T18:14:36.584+0000] {processor.py:208} INFO - Processing /home/airflow/.local/lib/python3.12/site-packages/airflow/example_dags/example_dataset_alias.py took 0.296 seconds
[2026-08-08T18:15:06.687+0000] {processor.py:186} INFO - Started process (PID=335) to work on /home/airflow/.local/lib/python3.12/site-packages/airflow/example_dags/example_dataset_alias.py
[2026-08-08T18:15:06.690+0000] {processor.py:914} INFO - Processing file /home/airflow/.local/lib/python3.12/site-packages/airflow/example_dags/example_dataset_alias.py for tasks to queue
[2026-08-08T18:15:06.698+0000] {logging_mixin.py:190} INFO - [2026-08-08T18:15:06.698+0000] {dagbag.py:587} INFO - Filling up the DagBag from /home/airflow/.local/lib/python3.12/site-packages/airflow/example_dags/example_dataset_alias.py
[2026-08-08T18:15:07.045+0000] {processor.py:925} INFO - DAG(s) 'dataset_alias_example_alias_producer', 'dataset_s3_bucket_producer', 'dataset_alias_example_alias_consumer', 'dataset_s3_bucket_consumer' retrieved from /home/airflow/.local/lib/python3.12/site-packages/airflow/example_dags/example_dataset_alias.py
[2026-08-08T18:15:07.102+0000] {logging_mixin.py:190} INFO - [2026-08-08T18:15:07.102+0000] {dag.py:3211} INFO - Sync 4 DAGs
[2026-08-08T18:15:07.184+0000] {logging_mixin.py:190} INFO - [2026-08-08T18:15:07.184+0000] {dag.py:4138} INFO - Setting next_dagrun for dataset_alias_example_alias_consumer to None, run_after=None
[2026-08-08T18:15:07.193+0000] {logging_mixin.py:190} INFO - [2026-08-08T18:15:07.192+0000] {dag.py:4138} INFO - Setting next_dagrun for dataset_alias_example_alias_producer to None, run_after=None
[2026-08-08T18:15:07.199+0000] {logging_mixin.py:190} INFO - [2026-08-08T18:15:07.199+0000] {dag.py:4138} INFO - Setting next_dagrun for dataset_s3_bucket_consumer to None, run_after=None
[2026-08-08T18:15:07.203+0000] {logging_mixin.py:190} INFO - [2026-08-08T18:15:07.203+0000] {dag.py:4138} INFO - Setting next_dagrun for dataset_s3_bucket_producer to None, run_after=None
[2026-08-08T18:15:07.289+0000] {processor.py:208} INFO - Processing /home/airflow/.local/lib/python3.12/site-packages/airflow/example_dags/example_dataset_alias.py took 0.617 seconds
[2026-08-08T18:15:37.964+0000] {processor.py:186} INFO - Started process (PID=398) to work on /home/airflow/.local/lib/python3.12/site-packages/airflow/example_dags/example_dataset_alias.py
[2026-08-08T18:15:37.966+0000] {processor.py:914} INFO - Processing file /home/airflow/.local/lib/python3.12/site-packages/airflow/example_dags/example_dataset_alias.py for tasks to queue
[2026-08-08T18:15:37.969+0000] {logging_mixin.py:190} INFO - [2026-08-08T18:15:37.969+0000] {dagbag.py:587} INFO - Filling up the DagBag from /home/airflow/.local/lib/python3.12/site-packages/airflow/example_dags/example_dataset_alias.py
[2026-08-08T18:15:38.254+0000] {processor.py:925} INFO - DAG(s) 'dataset_s3_bucket_consumer', 'dataset_alias_example_alias_consumer', 'dataset_s3_bucket_producer', 'dataset_alias_example_alias_producer' retrieved from /home/airflow/.local/lib/python3.12/site-packages/airflow/example_dags/example_dataset_alias.py
[2026-08-08T18:15:38.291+0000] {logging_mixin.py:190} INFO - [2026-08-08T18:15:38.290+0000] {dag.py:3211} INFO - Sync 4 DAGs
[2026-08-08T18:15:38.326+0000] {logging_mixin.py:190} INFO - [2026-08-08T18:15:38.326+0000] {dag.py:4138} INFO - Setting next_dagrun for dataset_alias_example_alias_consumer to None, run_after=None
[2026-08-08T18:15:38.330+0000] {logging_mixin.py:190} INFO - [2026-08-08T18:15:38.330+0000] {dag.py:4138} INFO - Setting next_dagrun for dataset_alias_example_alias_producer to None, run_after=None
[2026-08-08T18:15:38.333+0000] {logging_mixin.py:190} INFO - [2026-08-08T18:15:38.333+0000] {dag.py:4138} INFO - Setting next_dagrun for dataset_s3_bucket_consumer to None, run_after=None
[2026-08-08T18:15:38.336+0000] {logging_mixin.py:190} INFO - [2026-08-08T18:15:38.336+0000] {dag.py:4138} INFO - Setting next_dagrun for dataset_s3_bucket_producer to None, run_after=None
[2026-08-08T18:15:38.373+0000] {processor.py:208} INFO - Processing /home/airflow/.local/lib/python3.12/site-packages/airflow/example_dags/example_dataset_alias.py took 0.417 seconds
[2026-08-08T18:17:08.794+0000] {processor.py:186} INFO - Started process (PID=95) to work on /home/airflow/.local/lib/python3.12/site-packages/airflow/example_dags/example_dataset_alias.py
[2026-08-08T18:17:08.796+0000] {processor.py:914} INFO - Processing file /home/airflow/.local/lib/python3.12/site-packages/airflow/example_dags/example_dataset_alias.py for tasks to queue
[2026-08-08T18:17:08.799+0000] {logging_mixin.py:190} INFO - [2026-08-08T18:17:08.799+0000] {dagbag.py:587} INFO - Filling up the DagBag from /home/airflow/.local/lib/python3.12/site-packages/airflow/example_dags/example_dataset_alias.py
[2026-08-08T18:17:09.608+0000] {processor.py:925} INFO - DAG(s) 'dataset_alias_example_alias_consumer', 'dataset_alias_example_alias_producer', 'dataset_s3_bucket_producer', 'dataset_s3_bucket_consumer' retrieved from /home/airflow/.local/lib/python3.12/site-packages/airflow/example_dags/example_dataset_alias.py
[2026-08-08T18:17:09.651+0000] {logging_mixin.py:190} INFO - [2026-08-08T18:17:09.650+0000] {dag.py:3211} INFO - Sync 4 DAGs
[2026-08-08T18:17:09.682+0000] {logging_mixin.py:190} INFO - [2026-08-08T18:17:09.682+0000] {dag.py:4138} INFO - Setting next_dagrun for dataset_alias_example_alias_consumer to None, run_after=None
[2026-08-08T18:17:09.687+0000] {logging_mixin.py:190} INFO - [2026-08-08T18:17:09.686+0000] {dag.py:4138} INFO - Setting next_dagrun for dataset_alias_example_alias_producer to None, run_after=None
[2026-08-08T18:17:09.689+0000] {logging_mixin.py:190} INFO - [2026-08-08T18:17:09.689+0000] {dag.py:4138} INFO - Setting next_dagrun for dataset_s3_bucket_consumer to None, run_after=None
[2026-08-08T18:17:09.691+0000] {logging_mixin.py:190} INFO - [2026-08-08T18:17:09.691+0000] {dag.py:4138} INFO - Setting next_dagrun for dataset_s3_bucket_producer to None, run_after=None
[2026-08-08T18:17:09.724+0000] {processor.py:208} INFO - Processing /home/airflow/.local/lib/python3.12/site-packages/airflow/example_dags/example_dataset_alias.py took 0.939 seconds
[2026-08-08T18:17:39.946+0000] {processor.py:186} INFO - Started process (PID=157) to work on /home/airflow/.local/lib/python3.12/site-packages/airflow/example_dags/example_dataset_alias.py
[2026-08-08T18:17:39.948+0000] {processor.py:914} INFO - Processing file /home/airflow/.local/lib/python3.12/site-packages/airflow/example_dags/example_dataset_alias.py for tasks to queue
[2026-08-08T18:17:39.950+0000] {logging_mixin.py:190} INFO - [2026-08-08T18:17:39.950+0000] {dagbag.py:587} INFO - Filling up the DagBag from /home/airflow/.local/lib/python3.12/site-packages/airflow/example_dags/example_dataset_alias.py
[2026-08-08T18:17:40.123+0000] {processor.py:925} INFO - DAG(s) 'dataset_s3_bucket_producer', 'dataset_alias_example_alias_consumer', 'dataset_alias_example_alias_producer', 'dataset_s3_bucket_consumer' retrieved from /home/airflow/.local/lib/python3.12/site-packages/airflow/example_dags/example_dataset_alias.py
[2026-08-08T18:17:40.148+0000] {logging_mixin.py:190} INFO - [2026-08-08T18:17:40.147+0000] {dag.py:3211} INFO - Sync 4 DAGs
[2026-08-08T18:17:40.165+0000] {logging_mixin.py:190} INFO - [2026-08-08T18:17:40.165+0000] {dag.py:4138} INFO - Setting next_dagrun for dataset_alias_example_alias_consumer to None, run_after=None
[2026-08-08T18:17:40.168+0000] {logging_mixin.py:190} INFO - [2026-08-08T18:17:40.168+0000] {dag.py:4138} INFO - Setting next_dagrun for dataset_alias_example_alias_producer to None, run_after=None
[2026-08-08T18:17:40.169+0000] {logging_mixin.py:190} INFO - [2026-08-08T18:17:40.169+0000] {dag.py:4138} INFO - Setting next_dagrun for dataset_s3_bucket_consumer to None, run_after=None
[2026-08-08T18:17:40.171+0000] {logging_mixin.py:190} INFO - [2026-08-08T18:17:40.171+0000] {dag.py:4138} INFO - Setting next_dagrun for dataset_s3_bucket_producer to None, run_after=None
[2026-08-08T18:17:40.189+0000] {processor.py:208} INFO - Processing /home/airflow/.local/lib/python3.12/site-packages/airflow/example_dags/example_dataset_alias.py took 0.248 seconds
[2026-08-08T18:18:10.615+0000] {processor.py:186} INFO - Started process (PID=220) to work on /home/airflow/.local/lib/python3.12/site-packages/airflow/example_dags/example_dataset_alias.py
[2026-08-08T18:18:10.617+0000] {processor.py:914} INFO - Processing file /home/airflow/.local/lib/python3.12/site-packages/airflow/example_dags/example_dataset_alias.py for tasks to queue
[2026-08-08T18:18:10.621+0000] {logging_mixin.py:190} INFO - [2026-08-08T18:18:10.620+0000] {dagbag.py:587} INFO - Filling up the DagBag from /home/airflow/.local/lib/python3.12/site-packages/airflow/example_dags/example_dataset_alias.py
[2026-08-08T18:18:10.782+0000] {processor.py:925} INFO - DAG(s) 'dataset_alias_example_alias_producer', 'dataset_s3_bucket_producer', 'dataset_s3_bucket_consumer', 'dataset_alias_example_alias_consumer' retrieved from /home/airflow/.local/lib/python3.12/site-packages/airflow/example_dags/example_dataset_alias.py
[2026-08-08T18:18:10.804+0000] {logging_mixin.py:190} INFO - [2026-08-08T18:18:10.804+0000] {dag.py:3211} INFO - Sync 4 DAGs
[2026-08-08T18:18:10.828+0000] {logging_mixin.py:190} INFO - [2026-08-08T18:18:10.828+0000] {dag.py:4138} INFO - Setting next_dagrun for dataset_alias_example_alias_consumer to None, run_after=None
[2026-08-08T18:18:10.831+0000] {logging_mixin.py:190} INFO - [2026-08-08T18:18:10.831+0000] {dag.py:4138} INFO - Setting next_dagrun for dataset_alias_example_alias_producer to None, run_after=None
[2026-08-08T18:18:10.833+0000] {logging_mixin.py:190} INFO - [2026-08-08T18:18:10.832+0000] {dag.py:4138} INFO - Setting next_dagrun for dataset_s3_bucket_consumer to None, run_after=None
[2026-08-08T18:18:10.836+0000] {logging_mixin.py:190} INFO - [2026-08-08T18:18:10.835+0000] {dag.py:4138} INFO - Setting next_dagrun for dataset_s3_bucket_producer to None, run_after=None
[2026-08-08T18:18:10.856+0000] {processor.py:208} INFO - Processing /home/airflow/.local/lib/python3.12/site-packages/airflow/example_dags/example_dataset_alias.py took 0.249 seconds
[2026-08-08T18:18:40.938+0000] {processor.py:186} INFO - Started process (PID=284) to work on /home/airflow/.local/lib/python3.12/site-packages/airflow/example_dags/example_dataset_alias.py
[2026-08-08T18:18:40.940+0000] {processor.py:914} INFO - Processing file /home/airflow/.local/lib/python3.12/site-packages/airflow/example_dags/example_dataset_alias.py for tasks to queue
[2026-08-08T18:18:40.943+0000] {logging_mixin.py:190} INFO - [2026-08-08T18:18:40.943+0000] {dagbag.py:587} INFO - Filling up the DagBag from /home/airflow/.local/lib/python3.12/site-packages/airflow/example_dags/example_dataset_alias.py
[2026-08-08T18:18:41.113+0000] {processor.py:925} INFO - DAG(s) 'dataset_s3_bucket_producer', 'dataset_alias_example_alias_producer', 'dataset_alias_example_alias_consumer', 'dataset_s3_bucket_consumer' retrieved from /home/airflow/.local/lib/python3.12/site-packages/airflow/example_dags/example_dataset_alias.py
[2026-08-08T18:18:41.132+0000] {logging_mixin.py:190} INFO - [2026-08-08T18:18:41.132+0000] {dag.py:3211} INFO - Sync 4 DAGs
[2026-08-08T18:18:41.153+0000] {logging_mixin.py:190} INFO - [2026-08-08T18:18:41.153+0000] {dag.py:4138} INFO - Setting next_dagrun for dataset_alias_example_alias_consumer to None, run_after=None
[2026-08-08T18:18:41.155+0000] {logging_mixin.py:190} INFO - [2026-08-08T18:18:41.155+0000] {dag.py:4138} INFO - Setting next_dagrun for dataset_alias_example_alias_producer to None, run_after=None
[2026-08-08T18:18:41.157+0000] {logging_mixin.py:190} INFO - [2026-08-08T18:18:41.156+0000] {dag.py:4138} INFO - Setting next_dagrun for dataset_s3_bucket_consumer to None, run_after=None
[2026-08-08T18:18:41.158+0000] {logging_mixin.py:190} INFO - [2026-08-08T18:18:41.158+0000] {dag.py:4138} INFO - Setting next_dagrun for dataset_s3_bucket_producer to None, run_after=None
[2026-08-08T18:18:41.181+0000] {processor.py:208} INFO - Processing /home/airflow/.local/lib/python3.12/site-packages/airflow/example_dags/example_dataset_alias.py took 0.250 seconds
[2026-08-08T18:19:11.347+0000] {processor.py:186} INFO - Started process (PID=348) to work on /home/airflow/.local/lib/python3.12/site-packages/airflow/example_dags/example_dataset_alias.py
[2026-08-08T18:19:11.348+0000] {processor.py:914} INFO - Processing file /home/airflow/.local/lib/python3.12/site-packages/airflow/example_dags/example_dataset_alias.py for tasks to queue
[2026-08-08T18:19:11.350+0000] {logging_mixin.py:190} INFO - [2026-08-08T18:19:11.350+0000] {dagbag.py:587} INFO - Filling up the DagBag from /home/airflow/.local/lib/python3.12/site-packages/airflow/example_dags/example_dataset_alias.py
[2026-08-08T18:19:11.477+0000] {processor.py:925} INFO - DAG(s) 'dataset_s3_bucket_consumer', 'dataset_s3_bucket_producer', 'dataset_alias_example_alias_producer', 'dataset_alias_example_alias_consumer' retrieved from /home/airflow/.local/lib/python3.12/site-packages/airflow/example_dags/example_dataset_alias.py
[2026-08-08T18:19:11.496+0000] {logging_mixin.py:190} INFO - [2026-08-08T18:19:11.496+0000] {dag.py:3211} INFO - Sync 4 DAGs
[2026-08-08T18:19:11.514+0000] {logging_mixin.py:190} INFO - [2026-08-08T18:19:11.514+0000] {dag.py:4138} INFO - Setting next_dagrun for dataset_alias_example_alias_consumer to None, run_after=None
[2026-08-08T18:19:11.517+0000] {logging_mixin.py:190} INFO - [2026-08-08T18:19:11.516+0000] {dag.py:4138} INFO - Setting next_dagrun for dataset_alias_example_alias_producer to None, run_after=None
[2026-08-08T18:19:11.518+0000] {logging_mixin.py:190} INFO - [2026-08-08T18:19:11.518+0000] {dag.py:4138} INFO - Setting next_dagrun for dataset_s3_bucket_consumer to None, run_after=None
[2026-08-08T18:19:11.519+0000] {logging_mixin.py:190} INFO - [2026-08-08T18:19:11.519+0000] {dag.py:4138} INFO - Setting next_dagrun for dataset_s3_bucket_producer to None, run_after=None
[2026-08-08T18:19:11.543+0000] {processor.py:208} INFO - Processing /home/airflow/.local/lib/python3.12/site-packages/airflow/example_dags/example_dataset_alias.py took 0.201 seconds
[2026-08-08T18:23:54.299+0000] {processor.py:186} INFO - Started process (PID=410) to work on /home/airflow/.local/lib/python3.12/site-packages/airflow/example_dags/example_dataset_alias.py
[2026-08-08T18:23:54.356+0000] {processor.py:914} INFO - Processing file /home/airflow/.local/lib/python3.12/site-packages/airflow/example_dags/example_dataset_alias.py for tasks to queue
[2026-08-08T18:23:54.373+0000] {logging_mixin.py:190} INFO - [2026-08-08T18:23:54.372+0000] {dagbag.py:587} INFO - Filling up the DagBag from /home/airflow/.local/lib/python3.12/site-packages/airflow/example_dags/example_dataset_alias.py
[2026-08-08T18:23:55.327+0000] {processor.py:925} INFO - DAG(s) 'dataset_alias_example_alias_producer', 'dataset_s3_bucket_consumer', 'dataset_s3_bucket_producer', 'dataset_alias_example_alias_consumer' retrieved from /home/airflow/.local/lib/python3.12/site-packages/airflow/example_dags/example_dataset_alias.py
[2026-08-08T18:23:55.359+0000] {logging_mixin.py:190} INFO - [2026-08-08T18:23:55.359+0000] {dag.py:3211} INFO - Sync 4 DAGs
[2026-08-08T18:23:55.393+0000] {logging_mixin.py:190} INFO - [2026-08-08T18:23:55.392+0000] {dag.py:4138} INFO - Setting next_dagrun for dataset_alias_example_alias_consumer to None, run_after=None
[2026-08-08T18:23:55.438+0000] {logging_mixin.py:190} INFO - [2026-08-08T18:23:55.437+0000] {dag.py:4138} INFO - Setting next_dagrun for dataset_alias_example_alias_producer to None, run_after=None
[2026-08-08T18:23:55.457+0000] {logging_mixin.py:190} INFO - [2026-08-08T18:23:55.456+0000] {dag.py:4138} INFO - Setting next_dagrun for dataset_s3_bucket_consumer to None, run_after=None
[2026-08-08T18:23:55.468+0000] {logging_mixin.py:190} INFO - [2026-08-08T18:23:55.468+0000] {dag.py:4138} INFO - Setting next_dagrun for dataset_s3_bucket_producer to None, run_after=None
[2026-08-08T18:23:55.723+0000] {processor.py:208} INFO - Processing /home/airflow/.local/lib/python3.12/site-packages/airflow/example_dags/example_dataset_alias.py took 1.431 seconds
[2026-08-08T18:24:26.272+0000] {processor.py:186} INFO - Started process (PID=472) to work on /home/airflow/.local/lib/python3.12/site-packages/airflow/example_dags/example_dataset_alias.py
[2026-08-08T18:24:26.277+0000] {processor.py:914} INFO - Processing file /home/airflow/.local/lib/python3.12/site-packages/airflow/example_dags/example_dataset_alias.py for tasks to queue
[2026-08-08T18:24:26.281+0000] {logging_mixin.py:190} INFO - [2026-08-08T18:24:26.280+0000] {dagbag.py:587} INFO - Filling up the DagBag from /home/airflow/.local/lib/python3.12/site-packages/airflow/example_dags/example_dataset_alias.py
[2026-08-08T18:24:26.417+0000] {processor.py:925} INFO - DAG(s) 'dataset_alias_example_alias_consumer', 'dataset_s3_bucket_consumer', 'dataset_s3_bucket_producer', 'dataset_alias_example_alias_producer' retrieved from /home/airflow/.local/lib/python3.12/site-packages/airflow/example_dags/example_dataset_alias.py
[2026-08-08T18:24:26.436+0000] {logging_mixin.py:190} INFO - [2026-08-08T18:24:26.435+0000] {dag.py:3211} INFO - Sync 4 DAGs
[2026-08-08T18:24:26.455+0000] {logging_mixin.py:190} INFO - [2026-08-08T18:24:26.455+0000] {dag.py:4138} INFO - Setting next_dagrun for dataset_alias_example_alias_consumer to None, run_after=None
[2026-08-08T18:24:26.458+0000] {logging_mixin.py:190} INFO - [2026-08-08T18:24:26.457+0000] {dag.py:4138} INFO - Setting next_dagrun for dataset_alias_example_alias_producer to None, run_after=None
[2026-08-08T18:24:26.460+0000] {logging_mixin.py:190} INFO - [2026-08-08T18:24:26.460+0000] {dag.py:4138} INFO - Setting next_dagrun for dataset_s3_bucket_consumer to None, run_after=None
[2026-08-08T18:24:26.461+0000] {logging_mixin.py:190} INFO - [2026-08-08T18:24:26.461+0000] {dag.py:4138} INFO - Setting next_dagrun for dataset_s3_bucket_producer to None, run_after=None
[2026-08-08T18:24:26.484+0000] {processor.py:208} INFO - Processing /home/airflow/.local/lib/python3.12/site-packages/airflow/example_dags/example_dataset_alias.py took 0.219 seconds
[2026-08-08T18:24:56.575+0000] {processor.py:186} INFO - Started process (PID=535) to work on /home/airflow/.local/lib/python3.12/site-packages/airflow/example_dags/example_dataset_alias.py
[2026-08-08T18:24:56.576+0000] {processor.py:914} INFO - Processing file /home/airflow/.local/lib/python3.12/site-packages/airflow/example_dags/example_dataset_alias.py for tasks to queue
[2026-08-08T18:24:56.579+0000] {logging_mixin.py:190} INFO - [2026-08-08T18:24:56.578+0000] {dagbag.py:587} INFO - Filling up the DagBag from /home/airflow/.local/lib/python3.12/site-packages/airflow/example_dags/example_dataset_alias.py
[2026-08-08T18:24:56.699+0000] {processor.py:925} INFO - DAG(s) 'dataset_alias_example_alias_consumer', 'dataset_s3_bucket_consumer', 'dataset_alias_example_alias_producer', 'dataset_s3_bucket_producer' retrieved from /home/airflow/.local/lib/python3.12/site-packages/airflow/example_dags/example_dataset_alias.py
[2026-08-08T18:24:56.715+0000] {logging_mixin.py:190} INFO - [2026-08-08T18:24:56.715+0000] {dag.py:3211} INFO - Sync 4 DAGs
[2026-08-08T18:24:56.732+0000] {logging_mixin.py:190} INFO - [2026-08-08T18:24:56.731+0000] {dag.py:4138} INFO - Setting next_dagrun for dataset_alias_example_alias_consumer to None, run_after=None
[2026-08-08T18:24:56.734+0000] {logging_mixin.py:190} INFO - [2026-08-08T18:24:56.734+0000] {dag.py:4138} INFO - Setting next_dagrun for dataset_alias_example_alias_producer to None, run_after=None
[2026-08-08T18:24:56.735+0000] {logging_mixin.py:190} INFO - [2026-08-08T18:24:56.735+0000] {dag.py:4138} INFO - Setting next_dagrun for dataset_s3_bucket_consumer to None, run_after=None
[2026-08-08T18:24:56.736+0000] {logging_mixin.py:190} INFO - [2026-08-08T18:24:56.736+0000] {dag.py:4138} INFO - Setting next_dagrun for dataset_s3_bucket_producer to None, run_after=None
[2026-08-08T18:24:56.756+0000] {processor.py:208} INFO - Processing /home/airflow/.local/lib/python3.12/site-packages/airflow/example_dags/example_dataset_alias.py took 0.187 seconds
[2026-08-08T18:25:27.645+0000] {processor.py:186} INFO - Started process (PID=598) to work on /home/airflow/.local/lib/python3.12/site-packages/airflow/example_dags/example_dataset_alias.py
[2026-08-08T18:25:27.646+0000] {processor.py:914} INFO - Processing file /home/airflow/.local/lib/python3.12/site-packages/airflow/example_dags/example_dataset_alias.py for tasks to queue
[2026-08-08T18:25:27.648+0000] {logging_mixin.py:190} INFO - [2026-08-08T18:25:27.648+0000] {dagbag.py:587} INFO - Filling up the DagBag from /home/airflow/.local/lib/python3.12/site-packages/airflow/example_dags/example_dataset_alias.py
[2026-08-08T18:25:27.801+0000] {processor.py:925} INFO - DAG(s) 'dataset_s3_bucket_consumer', 'dataset_s3_bucket_producer', 'dataset_alias_example_alias_consumer', 'dataset_alias_example_alias_producer' retrieved from /home/airflow/.local/lib/python3.12/site-packages/airflow/example_dags/example_dataset_alias.py
[2026-08-08T18:25:27.819+0000] {logging_mixin.py:190} INFO - [2026-08-08T18:25:27.819+0000] {dag.py:3211} INFO - Sync 4 DAGs
[2026-08-08T18:25:27.837+0000] {logging_mixin.py:190} INFO - [2026-08-08T18:25:27.837+0000] {dag.py:4138} INFO - Setting next_dagrun for dataset_alias_example_alias_consumer to None, run_after=None
[2026-08-08T18:25:27.841+0000] {logging_mixin.py:190} INFO - [2026-08-08T18:25:27.841+0000] {dag.py:4138} INFO - Setting next_dagrun for dataset_alias_example_alias_producer to None, run_after=None
[2026-08-08T18:25:27.842+0000] {logging_mixin.py:190} INFO - [2026-08-08T18:25:27.842+0000] {dag.py:4138} INFO - Setting next_dagrun for dataset_s3_bucket_consumer to None, run_after=None
[2026-08-08T18:25:27.843+0000] {logging_mixin.py:190} INFO - [2026-08-08T18:25:27.843+0000] {dag.py:4138} INFO - Setting next_dagrun for dataset_s3_bucket_producer to None, run_after=None
[2026-08-08T18:25:27.863+0000] {processor.py:208} INFO - Processing /home/airflow/.local/lib/python3.12/site-packages/airflow/example_dags/example_dataset_alias.py took 0.222 seconds
[2026-08-08T18:25:58.131+0000] {processor.py:186} INFO - Started process (PID=662) to work on /home/airflow/.local/lib/python3.12/site-packages/airflow/example_dags/example_dataset_alias.py
[2026-08-08T18:25:58.132+0000] {processor.py:914} INFO - Processing file /home/airflow/.local/lib/python3.12/site-packages/airflow/example_dags/example_dataset_alias.py for tasks to queue
[2026-08-08T18:25:58.135+0000] {logging_mixin.py:190} INFO - [2026-08-08T18:25:58.134+0000] {dagbag.py:587} INFO - Filling up the DagBag from /home/airflow/.local/lib/python3.12/site-packages/airflow/example_dags/example_dataset_alias.py
[2026-08-08T18:25:58.243+0000] {processor.py:925} INFO - DAG(s) 'dataset_s3_bucket_consumer', 'dataset_alias_example_alias_consumer', 'dataset_s3_bucket_producer', 'dataset_alias_example_alias_producer' retrieved from /home/airflow/.local/lib/python3.12/site-packages/airflow/example_dags/example_dataset_alias.py
[2026-08-08T18:25:58.259+0000] {logging_mixin.py:190} INFO - [2026-08-08T18:25:58.258+0000] {dag.py:3211} INFO - Sync 4 DAGs
[2026-08-08T18:25:58.275+0000] {logging_mixin.py:190} INFO - [2026-08-08T18:25:58.274+0000] {dag.py:4138} INFO - Setting next_dagrun for dataset_alias_example_alias_consumer to None, run_after=None
[2026-08-08T18:25:58.277+0000] {logging_mixin.py:190} INFO - [2026-08-08T18:25:58.277+0000] {dag.py:4138} INFO - Setting next_dagrun for dataset_alias_example_alias_producer to None, run_after=None
[2026-08-08T18:25:58.279+0000] {logging_mixin.py:190} INFO - [2026-08-08T18:25:58.278+0000] {dag.py:4138} INFO - Setting next_dagrun for dataset_s3_bucket_consumer to None, run_after=None
[2026-08-08T18:25:58.280+0000] {logging_mixin.py:190} INFO - [2026-08-08T18:25:58.279+0000] {dag.py:4138} INFO - Setting next_dagrun for dataset_s3_bucket_producer to None, run_after=None
[2026-08-08T18:25:58.298+0000] {processor.py:208} INFO - Processing /home/airflow/.local/lib/python3.12/site-packages/airflow/example_dags/example_dataset_alias.py took 0.172 seconds
[2026-08-08T18:26:28.694+0000] {processor.py:186} INFO - Started process (PID=725) to work on /home/airflow/.local/lib/python3.12/site-packages/airflow/example_dags/example_dataset_alias.py
[2026-08-08T18:26:28.695+0000] {processor.py:914} INFO - Processing file /home/airflow/.local/lib/python3.12/site-packages/airflow/example_dags/example_dataset_alias.py for tasks to queue
[2026-08-08T18:26:28.698+0000] {logging_mixin.py:190} INFO - [2026-08-08T18:26:28.698+0000] {dagbag.py:587} INFO - Filling up the DagBag from /home/airflow/.local/lib/python3.12/site-packages/airflow/example_dags/example_dataset_alias.py
[2026-08-08T18:26:28.840+0000] {processor.py:925} INFO - DAG(s) 'dataset_alias_example_alias_producer', 'dataset_alias_example_alias_consumer', 'dataset_s3_bucket_producer', 'dataset_s3_bucket_consumer' retrieved from /home/airflow/.local/lib/python3.12/site-packages/airflow/example_dags/example_dataset_alias.py
[2026-08-08T18:26:28.859+0000] {logging_mixin.py:190} INFO - [2026-08-08T18:26:28.858+0000] {dag.py:3211} INFO - Sync 4 DAGs
[2026-08-08T18:26:28.882+0000] {logging_mixin.py:190} INFO - [2026-08-08T18:26:28.881+0000] {dag.py:4138} INFO - Setting next_dagrun for dataset_alias_example_alias_consumer to None, run_after=None
[2026-08-08T18:26:28.884+0000] {logging_mixin.py:190} INFO - [2026-08-08T18:26:28.884+0000] {dag.py:4138} INFO - Setting next_dagrun for dataset_alias_example_alias_producer to None, run_after=None
[2026-08-08T18:26:28.886+0000] {logging_mixin.py:190} INFO - [2026-08-08T18:26:28.885+0000] {dag.py:4138} INFO - Setting next_dagrun for dataset_s3_bucket_consumer to None, run_after=None
[2026-08-08T18:26:28.887+0000] {logging_mixin.py:190} INFO - [2026-08-08T18:26:28.887+0000] {dag.py:4138} INFO - Setting next_dagrun for dataset_s3_bucket_producer to None, run_after=None
[2026-08-08T18:26:28.908+0000] {processor.py:208} INFO - Processing /home/airflow/.local/lib/python3.12/site-packages/airflow/example_dags/example_dataset_alias.py took 0.221 seconds
