[2026-08-08T17:25:07.874+0000] {processor.py:186} INFO - Started process (PID=90) to work on /home/airflow/.local/lib/python3.12/site-packages/airflow/example_dags/example_branch_python_dop_operator_3.py
[2026-08-08T17:25:07.876+0000] {processor.py:914} INFO - Processing file /home/airflow/.local/lib/python3.12/site-packages/airflow/example_dags/example_branch_python_dop_operator_3.py for tasks to queue
[2026-08-08T17:25:07.881+0000] {logging_mixin.py:190} INFO - [2026-08-08T17:25:07.880+0000] {dagbag.py:587} INFO - Filling up the DagBag from /home/airflow/.local/lib/python3.12/site-packages/airflow/example_dags/example_branch_python_dop_operator_3.py
[2026-08-08T17:25:07.926+0000] {processor.py:925} INFO - DAG(s) 'example_branch_dop_operator_v3' retrieved from /home/airflow/.local/lib/python3.12/site-packages/airflow/example_dags/example_branch_python_dop_operator_3.py
[2026-08-08T17:25:08.304+0000] {logging_mixin.py:190} INFO - [2026-08-08T17:25:08.303+0000] {override.py:1858} INFO - Created Permission View: can delete on DAG:example_branch_dop_operator_v3
[2026-08-08T17:25:08.403+0000] {logging_mixin.py:190} INFO - [2026-08-08T17:25:08.402+0000] {override.py:1858} INFO - Created Permission View: can edit on DAG:example_branch_dop_operator_v3
[2026-08-08T17:25:08.523+0000] {logging_mixin.py:190} INFO - [2026-08-08T17:25:08.522+0000] {override.py:1858} INFO - Created Permission View: can read on DAG:example_branch_dop_operator_v3
[2026-08-08T17:25:08.525+0000] {logging_mixin.py:190} INFO - [2026-08-08T17:25:08.525+0000] {dag.py:3211} INFO - Sync 1 DAGs
[2026-08-08T17:25:08.543+0000] {logging_mixin.py:190} INFO - [2026-08-08T17:25:08.543+0000] {dag.py:3234} INFO - Creating ORM DAG for example_branch_dop_operator_v3
[2026-08-08T17:25:08.564+0000] {logging_mixin.py:190} INFO - [2026-08-08T17:25:08.564+0000] {dag.py:4138} INFO - Setting next_dagrun for example_branch_dop_operator_v3 to 2026-08-08 17:24:00+00:00, run_after=2026-08-08 17:25:00+00:00
[2026-08-08T17:25:08.664+0000] {processor.py:208} INFO - Processing /home/airflow/.local/lib/python3.12/site-packages/airflow/example_dags/example_branch_python_dop_operator_3.py took 0.799 seconds
[2026-08-08T17:25:39.033+0000] {processor.py:186} INFO - Started process (PID=152) to work on /home/airflow/.local/lib/python3.12/site-packages/airflow/example_dags/example_branch_python_dop_operator_3.py
[2026-08-08T17:25:39.035+0000] {processor.py:914} INFO - Processing file /home/airflow/.local/lib/python3.12/site-packages/airflow/example_dags/example_branch_python_dop_operator_3.py for tasks to queue
[2026-08-08T17:25:39.038+0000] {logging_mixin.py:190} INFO - [2026-08-08T17:25:39.038+0000] {dagbag.py:587} INFO - Filling up the DagBag from /home/airflow/.local/lib/python3.12/site-packages/airflow/example_dags/example_branch_python_dop_operator_3.py
[2026-08-08T17:25:39.046+0000] {processor.py:925} INFO - DAG(s) 'example_branch_dop_operator_v3' retrieved from /home/airflow/.local/lib/python3.12/site-packages/airflow/example_dags/example_branch_python_dop_operator_3.py
[2026-08-08T17:25:39.066+0000] {logging_mixin.py:190} INFO - [2026-08-08T17:25:39.066+0000] {dag.py:3211} INFO - Sync 1 DAGs
[2026-08-08T17:25:39.086+0000] {logging_mixin.py:190} INFO - [2026-08-08T17:25:39.086+0000] {dag.py:4138} INFO - Setting next_dagrun for example_branch_dop_operator_v3 to 2026-08-08 17:24:00+00:00, run_after=2026-08-08 17:25:00+00:00
[2026-08-08T17:25:39.104+0000] {processor.py:208} INFO - Processing /home/airflow/.local/lib/python3.12/site-packages/airflow/example_dags/example_branch_python_dop_operator_3.py took 0.076 seconds
[2026-08-08T17:26:09.473+0000] {processor.py:186} INFO - Started process (PID=215) to work on /home/airflow/.local/lib/python3.12/site-packages/airflow/example_dags/example_branch_python_dop_operator_3.py
[2026-08-08T17:26:09.475+0000] {processor.py:914} INFO - Processing file /home/airflow/.local/lib/python3.12/site-packages/airflow/example_dags/example_branch_python_dop_operator_3.py for tasks to queue
[2026-08-08T17:26:09.477+0000] {logging_mixin.py:190} INFO - [2026-08-08T17:26:09.477+0000] {dagbag.py:587} INFO - Filling up the DagBag from /home/airflow/.local/lib/python3.12/site-packages/airflow/example_dags/example_branch_python_dop_operator_3.py
[2026-08-08T17:26:09.486+0000] {processor.py:925} INFO - DAG(s) 'example_branch_dop_operator_v3' retrieved from /home/airflow/.local/lib/python3.12/site-packages/airflow/example_dags/example_branch_python_dop_operator_3.py
[2026-08-08T17:26:09.504+0000] {logging_mixin.py:190} INFO - [2026-08-08T17:26:09.503+0000] {dag.py:3211} INFO - Sync 1 DAGs
[2026-08-08T17:26:09.521+0000] {logging_mixin.py:190} INFO - [2026-08-08T17:26:09.521+0000] {dag.py:4138} INFO - Setting next_dagrun for example_branch_dop_operator_v3 to 2026-08-08 17:25:00+00:00, run_after=2026-08-08 17:26:00+00:00
[2026-08-08T17:26:09.541+0000] {processor.py:208} INFO - Processing /home/airflow/.local/lib/python3.12/site-packages/airflow/example_dags/example_branch_python_dop_operator_3.py took 0.073 seconds
[2026-08-08T17:26:39.710+0000] {processor.py:186} INFO - Started process (PID=278) to work on /home/airflow/.local/lib/python3.12/site-packages/airflow/example_dags/example_branch_python_dop_operator_3.py
[2026-08-08T17:26:39.712+0000] {processor.py:914} INFO - Processing file /home/airflow/.local/lib/python3.12/site-packages/airflow/example_dags/example_branch_python_dop_operator_3.py for tasks to queue
[2026-08-08T17:26:39.714+0000] {logging_mixin.py:190} INFO - [2026-08-08T17:26:39.714+0000] {dagbag.py:587} INFO - Filling up the DagBag from /home/airflow/.local/lib/python3.12/site-packages/airflow/example_dags/example_branch_python_dop_operator_3.py
[2026-08-08T17:26:39.724+0000] {processor.py:925} INFO - DAG(s) 'example_branch_dop_operator_v3' retrieved from /home/airflow/.local/lib/python3.12/site-packages/airflow/example_dags/example_branch_python_dop_operator_3.py
[2026-08-08T17:26:39.744+0000] {logging_mixin.py:190} INFO - [2026-08-08T17:26:39.744+0000] {dag.py:3211} INFO - Sync 1 DAGs
[2026-08-08T17:26:39.767+0000] {logging_mixin.py:190} INFO - [2026-08-08T17:26:39.767+0000] {dag.py:4138} INFO - Setting next_dagrun for example_branch_dop_operator_v3 to 2026-08-08 17:25:00+00:00, run_after=2026-08-08 17:26:00+00:00
[2026-08-08T17:26:39.869+0000] {processor.py:208} INFO - Processing /home/airflow/.local/lib/python3.12/site-packages/airflow/example_dags/example_branch_python_dop_operator_3.py took 0.164 seconds
[2026-08-08T17:27:10.484+0000] {processor.py:186} INFO - Started process (PID=341) to work on /home/airflow/.local/lib/python3.12/site-packages/airflow/example_dags/example_branch_python_dop_operator_3.py
[2026-08-08T17:27:10.486+0000] {processor.py:914} INFO - Processing file /home/airflow/.local/lib/python3.12/site-packages/airflow/example_dags/example_branch_python_dop_operator_3.py for tasks to queue
[2026-08-08T17:27:10.488+0000] {logging_mixin.py:190} INFO - [2026-08-08T17:27:10.488+0000] {dagbag.py:587} INFO - Filling up the DagBag from /home/airflow/.local/lib/python3.12/site-packages/airflow/example_dags/example_branch_python_dop_operator_3.py
[2026-08-08T17:27:10.498+0000] {processor.py:925} INFO - DAG(s) 'example_branch_dop_operator_v3' retrieved from /home/airflow/.local/lib/python3.12/site-packages/airflow/example_dags/example_branch_python_dop_operator_3.py
[2026-08-08T17:27:10.514+0000] {logging_mixin.py:190} INFO - [2026-08-08T17:27:10.514+0000] {dag.py:3211} INFO - Sync 1 DAGs
[2026-08-08T17:27:10.531+0000] {logging_mixin.py:190} INFO - [2026-08-08T17:27:10.531+0000] {dag.py:4138} INFO - Setting next_dagrun for example_branch_dop_operator_v3 to 2026-08-08 17:26:00+00:00, run_after=2026-08-08 17:27:00+00:00
[2026-08-08T17:27:10.546+0000] {processor.py:208} INFO - Processing /home/airflow/.local/lib/python3.12/site-packages/airflow/example_dags/example_branch_python_dop_operator_3.py took 0.066 seconds
[2026-08-08T17:27:40.973+0000] {processor.py:186} INFO - Started process (PID=404) to work on /home/airflow/.local/lib/python3.12/site-packages/airflow/example_dags/example_branch_python_dop_operator_3.py
[2026-08-08T17:27:40.975+0000] {processor.py:914} INFO - Processing file /home/airflow/.local/lib/python3.12/site-packages/airflow/example_dags/example_branch_python_dop_operator_3.py for tasks to queue
[2026-08-08T17:27:40.977+0000] {logging_mixin.py:190} INFO - [2026-08-08T17:27:40.977+0000] {dagbag.py:587} INFO - Filling up the DagBag from /home/airflow/.local/lib/python3.12/site-packages/airflow/example_dags/example_branch_python_dop_operator_3.py
[2026-08-08T17:27:40.984+0000] {processor.py:925} INFO - DAG(s) 'example_branch_dop_operator_v3' retrieved from /home/airflow/.local/lib/python3.12/site-packages/airflow/example_dags/example_branch_python_dop_operator_3.py
[2026-08-08T17:27:40.997+0000] {logging_mixin.py:190} INFO - [2026-08-08T17:27:40.997+0000] {dag.py:3211} INFO - Sync 1 DAGs
[2026-08-08T17:27:41.017+0000] {logging_mixin.py:190} INFO - [2026-08-08T17:27:41.017+0000] {dag.py:4138} INFO - Setting next_dagrun for example_branch_dop_operator_v3 to 2026-08-08 17:26:00+00:00, run_after=2026-08-08 17:27:00+00:00
[2026-08-08T17:27:41.036+0000] {processor.py:208} INFO - Processing /home/airflow/.local/lib/python3.12/site-packages/airflow/example_dags/example_branch_python_dop_operator_3.py took 0.068 seconds
[2026-08-08T17:28:11.395+0000] {processor.py:186} INFO - Started process (PID=467) to work on /home/airflow/.local/lib/python3.12/site-packages/airflow/example_dags/example_branch_python_dop_operator_3.py
[2026-08-08T17:28:11.396+0000] {processor.py:914} INFO - Processing file /home/airflow/.local/lib/python3.12/site-packages/airflow/example_dags/example_branch_python_dop_operator_3.py for tasks to queue
[2026-08-08T17:28:11.401+0000] {logging_mixin.py:190} INFO - [2026-08-08T17:28:11.400+0000] {dagbag.py:587} INFO - Filling up the DagBag from /home/airflow/.local/lib/python3.12/site-packages/airflow/example_dags/example_branch_python_dop_operator_3.py
[2026-08-08T17:28:11.410+0000] {processor.py:925} INFO - DAG(s) 'example_branch_dop_operator_v3' retrieved from /home/airflow/.local/lib/python3.12/site-packages/airflow/example_dags/example_branch_python_dop_operator_3.py
[2026-08-08T17:28:11.432+0000] {logging_mixin.py:190} INFO - [2026-08-08T17:28:11.432+0000] {dag.py:3211} INFO - Sync 1 DAGs
[2026-08-08T17:28:11.456+0000] {logging_mixin.py:190} INFO - [2026-08-08T17:28:11.455+0000] {dag.py:4138} INFO - Setting next_dagrun for example_branch_dop_operator_v3 to 2026-08-08 17:27:00+00:00, run_after=2026-08-08 17:28:00+00:00
[2026-08-08T17:28:11.476+0000] {processor.py:208} INFO - Processing /home/airflow/.local/lib/python3.12/site-packages/airflow/example_dags/example_branch_python_dop_operator_3.py took 0.087 seconds
[2026-08-08T17:28:42.245+0000] {processor.py:186} INFO - Started process (PID=530) to work on /home/airflow/.local/lib/python3.12/site-packages/airflow/example_dags/example_branch_python_dop_operator_3.py
[2026-08-08T17:28:42.247+0000] {processor.py:914} INFO - Processing file /home/airflow/.local/lib/python3.12/site-packages/airflow/example_dags/example_branch_python_dop_operator_3.py for tasks to queue
[2026-08-08T17:28:42.250+0000] {logging_mixin.py:190} INFO - [2026-08-08T17:28:42.249+0000] {dagbag.py:587} INFO - Filling up the DagBag from /home/airflow/.local/lib/python3.12/site-packages/airflow/example_dags/example_branch_python_dop_operator_3.py
[2026-08-08T17:28:42.258+0000] {processor.py:925} INFO - DAG(s) 'example_branch_dop_operator_v3' retrieved from /home/airflow/.local/lib/python3.12/site-packages/airflow/example_dags/example_branch_python_dop_operator_3.py
[2026-08-08T17:28:42.274+0000] {logging_mixin.py:190} INFO - [2026-08-08T17:28:42.274+0000] {dag.py:3211} INFO - Sync 1 DAGs
[2026-08-08T17:28:42.290+0000] {logging_mixin.py:190} INFO - [2026-08-08T17:28:42.290+0000] {dag.py:4138} INFO - Setting next_dagrun for example_branch_dop_operator_v3 to 2026-08-08 17:27:00+00:00, run_after=2026-08-08 17:28:00+00:00
[2026-08-08T17:28:42.309+0000] {processor.py:208} INFO - Processing /home/airflow/.local/lib/python3.12/site-packages/airflow/example_dags/example_branch_python_dop_operator_3.py took 0.069 seconds
[2026-08-08T17:29:12.463+0000] {processor.py:186} INFO - Started process (PID=593) to work on /home/airflow/.local/lib/python3.12/site-packages/airflow/example_dags/example_branch_python_dop_operator_3.py
[2026-08-08T17:29:12.466+0000] {processor.py:914} INFO - Processing file /home/airflow/.local/lib/python3.12/site-packages/airflow/example_dags/example_branch_python_dop_operator_3.py for tasks to queue
[2026-08-08T17:29:12.468+0000] {logging_mixin.py:190} INFO - [2026-08-08T17:29:12.468+0000] {dagbag.py:587} INFO - Filling up the DagBag from /home/airflow/.local/lib/python3.12/site-packages/airflow/example_dags/example_branch_python_dop_operator_3.py
[2026-08-08T17:29:12.479+0000] {processor.py:925} INFO - DAG(s) 'example_branch_dop_operator_v3' retrieved from /home/airflow/.local/lib/python3.12/site-packages/airflow/example_dags/example_branch_python_dop_operator_3.py
[2026-08-08T17:29:12.499+0000] {logging_mixin.py:190} INFO - [2026-08-08T17:29:12.499+0000] {dag.py:3211} INFO - Sync 1 DAGs
[2026-08-08T17:29:12.518+0000] {logging_mixin.py:190} INFO - [2026-08-08T17:29:12.518+0000] {dag.py:4138} INFO - Setting next_dagrun for example_branch_dop_operator_v3 to 2026-08-08 17:28:00+00:00, run_after=2026-08-08 17:29:00+00:00
[2026-08-08T17:29:12.541+0000] {processor.py:208} INFO - Processing /home/airflow/.local/lib/python3.12/site-packages/airflow/example_dags/example_branch_python_dop_operator_3.py took 0.084 seconds
[2026-08-08T17:29:42.705+0000] {processor.py:186} INFO - Started process (PID=656) to work on /home/airflow/.local/lib/python3.12/site-packages/airflow/example_dags/example_branch_python_dop_operator_3.py
[2026-08-08T17:29:42.707+0000] {processor.py:914} INFO - Processing file /home/airflow/.local/lib/python3.12/site-packages/airflow/example_dags/example_branch_python_dop_operator_3.py for tasks to queue
[2026-08-08T17:29:42.713+0000] {logging_mixin.py:190} INFO - [2026-08-08T17:29:42.711+0000] {dagbag.py:587} INFO - Filling up the DagBag from /home/airflow/.local/lib/python3.12/site-packages/airflow/example_dags/example_branch_python_dop_operator_3.py
[2026-08-08T17:29:42.729+0000] {processor.py:925} INFO - DAG(s) 'example_branch_dop_operator_v3' retrieved from /home/airflow/.local/lib/python3.12/site-packages/airflow/example_dags/example_branch_python_dop_operator_3.py
[2026-08-08T17:29:42.755+0000] {logging_mixin.py:190} INFO - [2026-08-08T17:29:42.754+0000] {dag.py:3211} INFO - Sync 1 DAGs
[2026-08-08T17:29:42.785+0000] {logging_mixin.py:190} INFO - [2026-08-08T17:29:42.785+0000] {dag.py:4138} INFO - Setting next_dagrun for example_branch_dop_operator_v3 to 2026-08-08 17:28:00+00:00, run_after=2026-08-08 17:29:00+00:00
[2026-08-08T17:29:42.809+0000] {processor.py:208} INFO - Processing /home/airflow/.local/lib/python3.12/site-packages/airflow/example_dags/example_branch_python_dop_operator_3.py took 0.122 seconds
[2026-08-08T17:30:13.485+0000] {processor.py:186} INFO - Started process (PID=719) to work on /home/airflow/.local/lib/python3.12/site-packages/airflow/example_dags/example_branch_python_dop_operator_3.py
[2026-08-08T17:30:13.487+0000] {processor.py:914} INFO - Processing file /home/airflow/.local/lib/python3.12/site-packages/airflow/example_dags/example_branch_python_dop_operator_3.py for tasks to queue
[2026-08-08T17:30:13.491+0000] {logging_mixin.py:190} INFO - [2026-08-08T17:30:13.490+0000] {dagbag.py:587} INFO - Filling up the DagBag from /home/airflow/.local/lib/python3.12/site-packages/airflow/example_dags/example_branch_python_dop_operator_3.py
[2026-08-08T17:30:13.506+0000] {processor.py:925} INFO - DAG(s) 'example_branch_dop_operator_v3' retrieved from /home/airflow/.local/lib/python3.12/site-packages/airflow/example_dags/example_branch_python_dop_operator_3.py
[2026-08-08T17:30:13.528+0000] {logging_mixin.py:190} INFO - [2026-08-08T17:30:13.528+0000] {dag.py:3211} INFO - Sync 1 DAGs
[2026-08-08T17:30:13.556+0000] {logging_mixin.py:190} INFO - [2026-08-08T17:30:13.556+0000] {dag.py:4138} INFO - Setting next_dagrun for example_branch_dop_operator_v3 to 2026-08-08 17:29:00+00:00, run_after=2026-08-08 17:30:00+00:00
[2026-08-08T17:30:13.576+0000] {processor.py:208} INFO - Processing /home/airflow/.local/lib/python3.12/site-packages/airflow/example_dags/example_branch_python_dop_operator_3.py took 0.097 seconds
[2026-08-08T17:30:44.052+0000] {processor.py:186} INFO - Started process (PID=782) to work on /home/airflow/.local/lib/python3.12/site-packages/airflow/example_dags/example_branch_python_dop_operator_3.py
[2026-08-08T17:30:44.053+0000] {processor.py:914} INFO - Processing file /home/airflow/.local/lib/python3.12/site-packages/airflow/example_dags/example_branch_python_dop_operator_3.py for tasks to queue
[2026-08-08T17:30:44.056+0000] {logging_mixin.py:190} INFO - [2026-08-08T17:30:44.056+0000] {dagbag.py:587} INFO - Filling up the DagBag from /home/airflow/.local/lib/python3.12/site-packages/airflow/example_dags/example_branch_python_dop_operator_3.py
[2026-08-08T17:30:44.068+0000] {processor.py:925} INFO - DAG(s) 'example_branch_dop_operator_v3' retrieved from /home/airflow/.local/lib/python3.12/site-packages/airflow/example_dags/example_branch_python_dop_operator_3.py
[2026-08-08T17:30:44.087+0000] {logging_mixin.py:190} INFO - [2026-08-08T17:30:44.086+0000] {dag.py:3211} INFO - Sync 1 DAGs
[2026-08-08T17:30:44.107+0000] {logging_mixin.py:190} INFO - [2026-08-08T17:30:44.106+0000] {dag.py:4138} INFO - Setting next_dagrun for example_branch_dop_operator_v3 to 2026-08-08 17:29:00+00:00, run_after=2026-08-08 17:30:00+00:00
[2026-08-08T17:30:44.124+0000] {processor.py:208} INFO - Processing /home/airflow/.local/lib/python3.12/site-packages/airflow/example_dags/example_branch_python_dop_operator_3.py took 0.079 seconds
[2026-08-08T17:31:14.571+0000] {processor.py:186} INFO - Started process (PID=845) to work on /home/airflow/.local/lib/python3.12/site-packages/airflow/example_dags/example_branch_python_dop_operator_3.py
[2026-08-08T17:31:14.573+0000] {processor.py:914} INFO - Processing file /home/airflow/.local/lib/python3.12/site-packages/airflow/example_dags/example_branch_python_dop_operator_3.py for tasks to queue
[2026-08-08T17:31:14.576+0000] {logging_mixin.py:190} INFO - [2026-08-08T17:31:14.576+0000] {dagbag.py:587} INFO - Filling up the DagBag from /home/airflow/.local/lib/python3.12/site-packages/airflow/example_dags/example_branch_python_dop_operator_3.py
[2026-08-08T17:31:14.584+0000] {processor.py:925} INFO - DAG(s) 'example_branch_dop_operator_v3' retrieved from /home/airflow/.local/lib/python3.12/site-packages/airflow/example_dags/example_branch_python_dop_operator_3.py
[2026-08-08T17:31:14.603+0000] {logging_mixin.py:190} INFO - [2026-08-08T17:31:14.603+0000] {dag.py:3211} INFO - Sync 1 DAGs
[2026-08-08T17:31:14.632+0000] {logging_mixin.py:190} INFO - [2026-08-08T17:31:14.632+0000] {dag.py:4138} INFO - Setting next_dagrun for example_branch_dop_operator_v3 to 2026-08-08 17:30:00+00:00, run_after=2026-08-08 17:31:00+00:00
[2026-08-08T17:31:14.664+0000] {processor.py:208} INFO - Processing /home/airflow/.local/lib/python3.12/site-packages/airflow/example_dags/example_branch_python_dop_operator_3.py took 0.101 seconds
[2026-08-08T17:31:45.119+0000] {processor.py:186} INFO - Started process (PID=908) to work on /home/airflow/.local/lib/python3.12/site-packages/airflow/example_dags/example_branch_python_dop_operator_3.py
[2026-08-08T17:31:45.120+0000] {processor.py:914} INFO - Processing file /home/airflow/.local/lib/python3.12/site-packages/airflow/example_dags/example_branch_python_dop_operator_3.py for tasks to queue
[2026-08-08T17:31:45.123+0000] {logging_mixin.py:190} INFO - [2026-08-08T17:31:45.122+0000] {dagbag.py:587} INFO - Filling up the DagBag from /home/airflow/.local/lib/python3.12/site-packages/airflow/example_dags/example_branch_python_dop_operator_3.py
[2026-08-08T17:31:45.131+0000] {processor.py:925} INFO - DAG(s) 'example_branch_dop_operator_v3' retrieved from /home/airflow/.local/lib/python3.12/site-packages/airflow/example_dags/example_branch_python_dop_operator_3.py
[2026-08-08T17:31:45.148+0000] {logging_mixin.py:190} INFO - [2026-08-08T17:31:45.147+0000] {dag.py:3211} INFO - Sync 1 DAGs
[2026-08-08T17:31:45.167+0000] {logging_mixin.py:190} INFO - [2026-08-08T17:31:45.167+0000] {dag.py:4138} INFO - Setting next_dagrun for example_branch_dop_operator_v3 to 2026-08-08 17:30:00+00:00, run_after=2026-08-08 17:31:00+00:00
[2026-08-08T17:31:45.191+0000] {processor.py:208} INFO - Processing /home/airflow/.local/lib/python3.12/site-packages/airflow/example_dags/example_branch_python_dop_operator_3.py took 0.078 seconds
[2026-08-08T17:32:15.709+0000] {processor.py:186} INFO - Started process (PID=971) to work on /home/airflow/.local/lib/python3.12/site-packages/airflow/example_dags/example_branch_python_dop_operator_3.py
[2026-08-08T17:32:15.710+0000] {processor.py:914} INFO - Processing file /home/airflow/.local/lib/python3.12/site-packages/airflow/example_dags/example_branch_python_dop_operator_3.py for tasks to queue
[2026-08-08T17:32:15.713+0000] {logging_mixin.py:190} INFO - [2026-08-08T17:32:15.713+0000] {dagbag.py:587} INFO - Filling up the DagBag from /home/airflow/.local/lib/python3.12/site-packages/airflow/example_dags/example_branch_python_dop_operator_3.py
[2026-08-08T17:32:15.720+0000] {processor.py:925} INFO - DAG(s) 'example_branch_dop_operator_v3' retrieved from /home/airflow/.local/lib/python3.12/site-packages/airflow/example_dags/example_branch_python_dop_operator_3.py
[2026-08-08T17:32:15.736+0000] {logging_mixin.py:190} INFO - [2026-08-08T17:32:15.736+0000] {dag.py:3211} INFO - Sync 1 DAGs
[2026-08-08T17:32:15.752+0000] {logging_mixin.py:190} INFO - [2026-08-08T17:32:15.752+0000] {dag.py:4138} INFO - Setting next_dagrun for example_branch_dop_operator_v3 to 2026-08-08 17:31:00+00:00, run_after=2026-08-08 17:32:00+00:00
[2026-08-08T17:32:15.771+0000] {processor.py:208} INFO - Processing /home/airflow/.local/lib/python3.12/site-packages/airflow/example_dags/example_branch_python_dop_operator_3.py took 0.066 seconds
[2026-08-08T17:32:45.990+0000] {processor.py:186} INFO - Started process (PID=1034) to work on /home/airflow/.local/lib/python3.12/site-packages/airflow/example_dags/example_branch_python_dop_operator_3.py
[2026-08-08T17:32:45.991+0000] {processor.py:914} INFO - Processing file /home/airflow/.local/lib/python3.12/site-packages/airflow/example_dags/example_branch_python_dop_operator_3.py for tasks to queue
[2026-08-08T17:32:45.994+0000] {logging_mixin.py:190} INFO - [2026-08-08T17:32:45.994+0000] {dagbag.py:587} INFO - Filling up the DagBag from /home/airflow/.local/lib/python3.12/site-packages/airflow/example_dags/example_branch_python_dop_operator_3.py
[2026-08-08T17:32:46.006+0000] {processor.py:925} INFO - DAG(s) 'example_branch_dop_operator_v3' retrieved from /home/airflow/.local/lib/python3.12/site-packages/airflow/example_dags/example_branch_python_dop_operator_3.py
[2026-08-08T17:32:46.028+0000] {logging_mixin.py:190} INFO - [2026-08-08T17:32:46.028+0000] {dag.py:3211} INFO - Sync 1 DAGs
[2026-08-08T17:32:46.052+0000] {logging_mixin.py:190} INFO - [2026-08-08T17:32:46.052+0000] {dag.py:4138} INFO - Setting next_dagrun for example_branch_dop_operator_v3 to 2026-08-08 17:31:00+00:00, run_after=2026-08-08 17:32:00+00:00
[2026-08-08T17:32:46.075+0000] {processor.py:208} INFO - Processing /home/airflow/.local/lib/python3.12/site-packages/airflow/example_dags/example_branch_python_dop_operator_3.py took 0.092 seconds
[2026-08-08T17:33:16.617+0000] {processor.py:186} INFO - Started process (PID=1097) to work on /home/airflow/.local/lib/python3.12/site-packages/airflow/example_dags/example_branch_python_dop_operator_3.py
[2026-08-08T17:33:16.618+0000] {processor.py:914} INFO - Processing file /home/airflow/.local/lib/python3.12/site-packages/airflow/example_dags/example_branch_python_dop_operator_3.py for tasks to queue
[2026-08-08T17:33:16.621+0000] {logging_mixin.py:190} INFO - [2026-08-08T17:33:16.621+0000] {dagbag.py:587} INFO - Filling up the DagBag from /home/airflow/.local/lib/python3.12/site-packages/airflow/example_dags/example_branch_python_dop_operator_3.py
[2026-08-08T17:33:16.631+0000] {processor.py:925} INFO - DAG(s) 'example_branch_dop_operator_v3' retrieved from /home/airflow/.local/lib/python3.12/site-packages/airflow/example_dags/example_branch_python_dop_operator_3.py
[2026-08-08T17:33:16.650+0000] {logging_mixin.py:190} INFO - [2026-08-08T17:33:16.650+0000] {dag.py:3211} INFO - Sync 1 DAGs
[2026-08-08T17:33:16.673+0000] {logging_mixin.py:190} INFO - [2026-08-08T17:33:16.673+0000] {dag.py:4138} INFO - Setting next_dagrun for example_branch_dop_operator_v3 to 2026-08-08 17:32:00+00:00, run_after=2026-08-08 17:33:00+00:00
[2026-08-08T17:33:16.693+0000] {processor.py:208} INFO - Processing /home/airflow/.local/lib/python3.12/site-packages/airflow/example_dags/example_branch_python_dop_operator_3.py took 0.082 seconds
[2026-08-08T17:33:47.110+0000] {processor.py:186} INFO - Started process (PID=1160) to work on /home/airflow/.local/lib/python3.12/site-packages/airflow/example_dags/example_branch_python_dop_operator_3.py
[2026-08-08T17:33:47.111+0000] {processor.py:914} INFO - Processing file /home/airflow/.local/lib/python3.12/site-packages/airflow/example_dags/example_branch_python_dop_operator_3.py for tasks to queue
[2026-08-08T17:33:47.114+0000] {logging_mixin.py:190} INFO - [2026-08-08T17:33:47.114+0000] {dagbag.py:587} INFO - Filling up the DagBag from /home/airflow/.local/lib/python3.12/site-packages/airflow/example_dags/example_branch_python_dop_operator_3.py
[2026-08-08T17:33:47.124+0000] {processor.py:925} INFO - DAG(s) 'example_branch_dop_operator_v3' retrieved from /home/airflow/.local/lib/python3.12/site-packages/airflow/example_dags/example_branch_python_dop_operator_3.py
[2026-08-08T17:33:47.143+0000] {logging_mixin.py:190} INFO - [2026-08-08T17:33:47.142+0000] {dag.py:3211} INFO - Sync 1 DAGs
[2026-08-08T17:33:47.165+0000] {logging_mixin.py:190} INFO - [2026-08-08T17:33:47.165+0000] {dag.py:4138} INFO - Setting next_dagrun for example_branch_dop_operator_v3 to 2026-08-08 17:32:00+00:00, run_after=2026-08-08 17:33:00+00:00
[2026-08-08T17:33:47.183+0000] {processor.py:208} INFO - Processing /home/airflow/.local/lib/python3.12/site-packages/airflow/example_dags/example_branch_python_dop_operator_3.py took 0.079 seconds
[2026-08-08T17:34:17.460+0000] {processor.py:186} INFO - Started process (PID=1223) to work on /home/airflow/.local/lib/python3.12/site-packages/airflow/example_dags/example_branch_python_dop_operator_3.py
[2026-08-08T17:34:17.462+0000] {processor.py:914} INFO - Processing file /home/airflow/.local/lib/python3.12/site-packages/airflow/example_dags/example_branch_python_dop_operator_3.py for tasks to queue
[2026-08-08T17:34:17.466+0000] {logging_mixin.py:190} INFO - [2026-08-08T17:34:17.465+0000] {dagbag.py:587} INFO - Filling up the DagBag from /home/airflow/.local/lib/python3.12/site-packages/airflow/example_dags/example_branch_python_dop_operator_3.py
[2026-08-08T17:34:17.475+0000] {processor.py:925} INFO - DAG(s) 'example_branch_dop_operator_v3' retrieved from /home/airflow/.local/lib/python3.12/site-packages/airflow/example_dags/example_branch_python_dop_operator_3.py
[2026-08-08T17:34:17.493+0000] {logging_mixin.py:190} INFO - [2026-08-08T17:34:17.493+0000] {dag.py:3211} INFO - Sync 1 DAGs
[2026-08-08T17:34:17.514+0000] {logging_mixin.py:190} INFO - [2026-08-08T17:34:17.514+0000] {dag.py:4138} INFO - Setting next_dagrun for example_branch_dop_operator_v3 to 2026-08-08 17:33:00+00:00, run_after=2026-08-08 17:34:00+00:00
[2026-08-08T17:34:17.535+0000] {processor.py:208} INFO - Processing /home/airflow/.local/lib/python3.12/site-packages/airflow/example_dags/example_branch_python_dop_operator_3.py took 0.080 seconds
[2026-08-08T17:34:48.397+0000] {processor.py:186} INFO - Started process (PID=1286) to work on /home/airflow/.local/lib/python3.12/site-packages/airflow/example_dags/example_branch_python_dop_operator_3.py
[2026-08-08T17:34:48.399+0000] {processor.py:914} INFO - Processing file /home/airflow/.local/lib/python3.12/site-packages/airflow/example_dags/example_branch_python_dop_operator_3.py for tasks to queue
[2026-08-08T17:34:48.401+0000] {logging_mixin.py:190} INFO - [2026-08-08T17:34:48.401+0000] {dagbag.py:587} INFO - Filling up the DagBag from /home/airflow/.local/lib/python3.12/site-packages/airflow/example_dags/example_branch_python_dop_operator_3.py
[2026-08-08T17:34:48.410+0000] {processor.py:925} INFO - DAG(s) 'example_branch_dop_operator_v3' retrieved from /home/airflow/.local/lib/python3.12/site-packages/airflow/example_dags/example_branch_python_dop_operator_3.py
[2026-08-08T17:34:48.430+0000] {logging_mixin.py:190} INFO - [2026-08-08T17:34:48.429+0000] {dag.py:3211} INFO - Sync 1 DAGs
[2026-08-08T17:34:48.448+0000] {logging_mixin.py:190} INFO - [2026-08-08T17:34:48.448+0000] {dag.py:4138} INFO - Setting next_dagrun for example_branch_dop_operator_v3 to 2026-08-08 17:33:00+00:00, run_after=2026-08-08 17:34:00+00:00
[2026-08-08T17:34:48.468+0000] {processor.py:208} INFO - Processing /home/airflow/.local/lib/python3.12/site-packages/airflow/example_dags/example_branch_python_dop_operator_3.py took 0.075 seconds
[2026-08-08T17:35:18.986+0000] {processor.py:186} INFO - Started process (PID=1349) to work on /home/airflow/.local/lib/python3.12/site-packages/airflow/example_dags/example_branch_python_dop_operator_3.py
[2026-08-08T17:35:18.988+0000] {processor.py:914} INFO - Processing file /home/airflow/.local/lib/python3.12/site-packages/airflow/example_dags/example_branch_python_dop_operator_3.py for tasks to queue
[2026-08-08T17:35:18.991+0000] {logging_mixin.py:190} INFO - [2026-08-08T17:35:18.990+0000] {dagbag.py:587} INFO - Filling up the DagBag from /home/airflow/.local/lib/python3.12/site-packages/airflow/example_dags/example_branch_python_dop_operator_3.py
[2026-08-08T17:35:19.001+0000] {processor.py:925} INFO - DAG(s) 'example_branch_dop_operator_v3' retrieved from /home/airflow/.local/lib/python3.12/site-packages/airflow/example_dags/example_branch_python_dop_operator_3.py
[2026-08-08T17:35:19.020+0000] {logging_mixin.py:190} INFO - [2026-08-08T17:35:19.019+0000] {dag.py:3211} INFO - Sync 1 DAGs
[2026-08-08T17:35:19.039+0000] {logging_mixin.py:190} INFO - [2026-08-08T17:35:19.038+0000] {dag.py:4138} INFO - Setting next_dagrun for example_branch_dop_operator_v3 to 2026-08-08 17:34:00+00:00, run_after=2026-08-08 17:35:00+00:00
[2026-08-08T17:35:19.056+0000] {processor.py:208} INFO - Processing /home/airflow/.local/lib/python3.12/site-packages/airflow/example_dags/example_branch_python_dop_operator_3.py took 0.075 seconds
[2026-08-08T17:35:49.917+0000] {processor.py:186} INFO - Started process (PID=1412) to work on /home/airflow/.local/lib/python3.12/site-packages/airflow/example_dags/example_branch_python_dop_operator_3.py
[2026-08-08T17:35:49.919+0000] {processor.py:914} INFO - Processing file /home/airflow/.local/lib/python3.12/site-packages/airflow/example_dags/example_branch_python_dop_operator_3.py for tasks to queue
[2026-08-08T17:35:49.922+0000] {logging_mixin.py:190} INFO - [2026-08-08T17:35:49.921+0000] {dagbag.py:587} INFO - Filling up the DagBag from /home/airflow/.local/lib/python3.12/site-packages/airflow/example_dags/example_branch_python_dop_operator_3.py
[2026-08-08T17:35:49.930+0000] {processor.py:925} INFO - DAG(s) 'example_branch_dop_operator_v3' retrieved from /home/airflow/.local/lib/python3.12/site-packages/airflow/example_dags/example_branch_python_dop_operator_3.py
[2026-08-08T17:35:49.948+0000] {logging_mixin.py:190} INFO - [2026-08-08T17:35:49.948+0000] {dag.py:3211} INFO - Sync 1 DAGs
[2026-08-08T17:35:49.973+0000] {logging_mixin.py:190} INFO - [2026-08-08T17:35:49.973+0000] {dag.py:4138} INFO - Setting next_dagrun for example_branch_dop_operator_v3 to 2026-08-08 17:34:00+00:00, run_after=2026-08-08 17:35:00+00:00
[2026-08-08T17:35:49.994+0000] {processor.py:208} INFO - Processing /home/airflow/.local/lib/python3.12/site-packages/airflow/example_dags/example_branch_python_dop_operator_3.py took 0.084 seconds
[2026-08-08T17:36:20.454+0000] {processor.py:186} INFO - Started process (PID=1475) to work on /home/airflow/.local/lib/python3.12/site-packages/airflow/example_dags/example_branch_python_dop_operator_3.py
[2026-08-08T17:36:20.456+0000] {processor.py:914} INFO - Processing file /home/airflow/.local/lib/python3.12/site-packages/airflow/example_dags/example_branch_python_dop_operator_3.py for tasks to queue
[2026-08-08T17:36:20.459+0000] {logging_mixin.py:190} INFO - [2026-08-08T17:36:20.459+0000] {dagbag.py:587} INFO - Filling up the DagBag from /home/airflow/.local/lib/python3.12/site-packages/airflow/example_dags/example_branch_python_dop_operator_3.py
[2026-08-08T17:36:20.470+0000] {processor.py:925} INFO - DAG(s) 'example_branch_dop_operator_v3' retrieved from /home/airflow/.local/lib/python3.12/site-packages/airflow/example_dags/example_branch_python_dop_operator_3.py
[2026-08-08T17:36:20.493+0000] {logging_mixin.py:190} INFO - [2026-08-08T17:36:20.493+0000] {dag.py:3211} INFO - Sync 1 DAGs
[2026-08-08T17:36:20.525+0000] {logging_mixin.py:190} INFO - [2026-08-08T17:36:20.525+0000] {dag.py:4138} INFO - Setting next_dagrun for example_branch_dop_operator_v3 to 2026-08-08 17:35:00+00:00, run_after=2026-08-08 17:36:00+00:00
[2026-08-08T17:36:20.588+0000] {processor.py:208} INFO - Processing /home/airflow/.local/lib/python3.12/site-packages/airflow/example_dags/example_branch_python_dop_operator_3.py took 0.139 seconds
[2026-08-08T17:38:15.114+0000] {processor.py:186} INFO - Started process (PID=72) to work on /home/airflow/.local/lib/python3.12/site-packages/airflow/example_dags/example_branch_python_dop_operator_3.py
[2026-08-08T17:38:15.115+0000] {processor.py:914} INFO - Processing file /home/airflow/.local/lib/python3.12/site-packages/airflow/example_dags/example_branch_python_dop_operator_3.py for tasks to queue
[2026-08-08T17:38:15.117+0000] {logging_mixin.py:190} INFO - [2026-08-08T17:38:15.117+0000] {dagbag.py:587} INFO - Filling up the DagBag from /home/airflow/.local/lib/python3.12/site-packages/airflow/example_dags/example_branch_python_dop_operator_3.py
[2026-08-08T17:38:15.125+0000] {processor.py:925} INFO - DAG(s) 'example_branch_dop_operator_v3' retrieved from /home/airflow/.local/lib/python3.12/site-packages/airflow/example_dags/example_branch_python_dop_operator_3.py
[2026-08-08T17:38:15.151+0000] {logging_mixin.py:190} INFO - [2026-08-08T17:38:15.151+0000] {dag.py:3211} INFO - Sync 1 DAGs
[2026-08-08T17:38:15.171+0000] {logging_mixin.py:190} INFO - [2026-08-08T17:38:15.170+0000] {dag.py:4138} INFO - Setting next_dagrun for example_branch_dop_operator_v3 to 2026-08-08 17:37:00+00:00, run_after=2026-08-08 17:38:00+00:00
[2026-08-08T17:38:15.190+0000] {processor.py:208} INFO - Processing /home/airflow/.local/lib/python3.12/site-packages/airflow/example_dags/example_branch_python_dop_operator_3.py took 0.080 seconds
[2026-08-08T17:38:45.966+0000] {processor.py:186} INFO - Started process (PID=141) to work on /home/airflow/.local/lib/python3.12/site-packages/airflow/example_dags/example_branch_python_dop_operator_3.py
[2026-08-08T17:38:45.968+0000] {processor.py:914} INFO - Processing file /home/airflow/.local/lib/python3.12/site-packages/airflow/example_dags/example_branch_python_dop_operator_3.py for tasks to queue
[2026-08-08T17:38:45.971+0000] {logging_mixin.py:190} INFO - [2026-08-08T17:38:45.971+0000] {dagbag.py:587} INFO - Filling up the DagBag from /home/airflow/.local/lib/python3.12/site-packages/airflow/example_dags/example_branch_python_dop_operator_3.py
[2026-08-08T17:38:45.984+0000] {processor.py:925} INFO - DAG(s) 'example_branch_dop_operator_v3' retrieved from /home/airflow/.local/lib/python3.12/site-packages/airflow/example_dags/example_branch_python_dop_operator_3.py
[2026-08-08T17:38:46.007+0000] {logging_mixin.py:190} INFO - [2026-08-08T17:38:46.007+0000] {dag.py:3211} INFO - Sync 1 DAGs
[2026-08-08T17:38:46.038+0000] {logging_mixin.py:190} INFO - [2026-08-08T17:38:46.037+0000] {dag.py:4138} INFO - Setting next_dagrun for example_branch_dop_operator_v3 to 2026-08-08 17:37:00+00:00, run_after=2026-08-08 17:38:00+00:00
[2026-08-08T17:38:46.063+0000] {processor.py:208} INFO - Processing /home/airflow/.local/lib/python3.12/site-packages/airflow/example_dags/example_branch_python_dop_operator_3.py took 0.103 seconds
[2026-08-08T17:39:16.264+0000] {processor.py:186} INFO - Started process (PID=204) to work on /home/airflow/.local/lib/python3.12/site-packages/airflow/example_dags/example_branch_python_dop_operator_3.py
[2026-08-08T17:39:16.266+0000] {processor.py:914} INFO - Processing file /home/airflow/.local/lib/python3.12/site-packages/airflow/example_dags/example_branch_python_dop_operator_3.py for tasks to queue
[2026-08-08T17:39:16.268+0000] {logging_mixin.py:190} INFO - [2026-08-08T17:39:16.268+0000] {dagbag.py:587} INFO - Filling up the DagBag from /home/airflow/.local/lib/python3.12/site-packages/airflow/example_dags/example_branch_python_dop_operator_3.py
[2026-08-08T17:39:16.279+0000] {processor.py:925} INFO - DAG(s) 'example_branch_dop_operator_v3' retrieved from /home/airflow/.local/lib/python3.12/site-packages/airflow/example_dags/example_branch_python_dop_operator_3.py
[2026-08-08T17:39:16.300+0000] {logging_mixin.py:190} INFO - [2026-08-08T17:39:16.300+0000] {dag.py:3211} INFO - Sync 1 DAGs
[2026-08-08T17:39:16.322+0000] {logging_mixin.py:190} INFO - [2026-08-08T17:39:16.322+0000] {dag.py:4138} INFO - Setting next_dagrun for example_branch_dop_operator_v3 to 2026-08-08 17:38:00+00:00, run_after=2026-08-08 17:39:00+00:00
[2026-08-08T17:39:16.339+0000] {processor.py:208} INFO - Processing /home/airflow/.local/lib/python3.12/site-packages/airflow/example_dags/example_branch_python_dop_operator_3.py took 0.079 seconds
[2026-08-08T17:39:47.372+0000] {processor.py:186} INFO - Started process (PID=267) to work on /home/airflow/.local/lib/python3.12/site-packages/airflow/example_dags/example_branch_python_dop_operator_3.py
[2026-08-08T17:39:47.373+0000] {processor.py:914} INFO - Processing file /home/airflow/.local/lib/python3.12/site-packages/airflow/example_dags/example_branch_python_dop_operator_3.py for tasks to queue
[2026-08-08T17:39:47.377+0000] {logging_mixin.py:190} INFO - [2026-08-08T17:39:47.377+0000] {dagbag.py:587} INFO - Filling up the DagBag from /home/airflow/.local/lib/python3.12/site-packages/airflow/example_dags/example_branch_python_dop_operator_3.py
[2026-08-08T17:39:47.389+0000] {processor.py:925} INFO - DAG(s) 'example_branch_dop_operator_v3' retrieved from /home/airflow/.local/lib/python3.12/site-packages/airflow/example_dags/example_branch_python_dop_operator_3.py
[2026-08-08T17:39:47.417+0000] {logging_mixin.py:190} INFO - [2026-08-08T17:39:47.417+0000] {dag.py:3211} INFO - Sync 1 DAGs
[2026-08-08T17:39:47.449+0000] {logging_mixin.py:190} INFO - [2026-08-08T17:39:47.449+0000] {dag.py:4138} INFO - Setting next_dagrun for example_branch_dop_operator_v3 to 2026-08-08 17:38:00+00:00, run_after=2026-08-08 17:39:00+00:00
[2026-08-08T17:39:47.473+0000] {processor.py:208} INFO - Processing /home/airflow/.local/lib/python3.12/site-packages/airflow/example_dags/example_branch_python_dop_operator_3.py took 0.108 seconds
[2026-08-08T17:42:39.010+0000] {processor.py:186} INFO - Started process (PID=90) to work on /home/airflow/.local/lib/python3.12/site-packages/airflow/example_dags/example_branch_python_dop_operator_3.py
[2026-08-08T17:42:39.011+0000] {processor.py:914} INFO - Processing file /home/airflow/.local/lib/python3.12/site-packages/airflow/example_dags/example_branch_python_dop_operator_3.py for tasks to queue
[2026-08-08T17:42:39.015+0000] {logging_mixin.py:190} INFO - [2026-08-08T17:42:39.015+0000] {dagbag.py:587} INFO - Filling up the DagBag from /home/airflow/.local/lib/python3.12/site-packages/airflow/example_dags/example_branch_python_dop_operator_3.py
[2026-08-08T17:42:39.029+0000] {processor.py:925} INFO - DAG(s) 'example_branch_dop_operator_v3' retrieved from /home/airflow/.local/lib/python3.12/site-packages/airflow/example_dags/example_branch_python_dop_operator_3.py
[2026-08-08T17:42:39.066+0000] {logging_mixin.py:190} INFO - [2026-08-08T17:42:39.066+0000] {dag.py:3211} INFO - Sync 1 DAGs
[2026-08-08T17:42:39.091+0000] {logging_mixin.py:190} INFO - [2026-08-08T17:42:39.090+0000] {dag.py:4138} INFO - Setting next_dagrun for example_branch_dop_operator_v3 to 2026-08-08 17:41:00+00:00, run_after=2026-08-08 17:42:00+00:00
[2026-08-08T17:42:39.133+0000] {processor.py:208} INFO - Processing /home/airflow/.local/lib/python3.12/site-packages/airflow/example_dags/example_branch_python_dop_operator_3.py took 0.131 seconds
[2026-08-08T17:43:09.840+0000] {processor.py:186} INFO - Started process (PID=153) to work on /home/airflow/.local/lib/python3.12/site-packages/airflow/example_dags/example_branch_python_dop_operator_3.py
[2026-08-08T17:43:09.841+0000] {processor.py:914} INFO - Processing file /home/airflow/.local/lib/python3.12/site-packages/airflow/example_dags/example_branch_python_dop_operator_3.py for tasks to queue
[2026-08-08T17:43:09.844+0000] {logging_mixin.py:190} INFO - [2026-08-08T17:43:09.844+0000] {dagbag.py:587} INFO - Filling up the DagBag from /home/airflow/.local/lib/python3.12/site-packages/airflow/example_dags/example_branch_python_dop_operator_3.py
[2026-08-08T17:43:09.857+0000] {processor.py:925} INFO - DAG(s) 'example_branch_dop_operator_v3' retrieved from /home/airflow/.local/lib/python3.12/site-packages/airflow/example_dags/example_branch_python_dop_operator_3.py
[2026-08-08T17:43:09.882+0000] {logging_mixin.py:190} INFO - [2026-08-08T17:43:09.881+0000] {dag.py:3211} INFO - Sync 1 DAGs
[2026-08-08T17:43:09.910+0000] {logging_mixin.py:190} INFO - [2026-08-08T17:43:09.910+0000] {dag.py:4138} INFO - Setting next_dagrun for example_branch_dop_operator_v3 to 2026-08-08 17:42:00+00:00, run_after=2026-08-08 17:43:00+00:00
[2026-08-08T17:43:09.933+0000] {processor.py:208} INFO - Processing /home/airflow/.local/lib/python3.12/site-packages/airflow/example_dags/example_branch_python_dop_operator_3.py took 0.100 seconds
[2026-08-08T17:43:40.754+0000] {processor.py:186} INFO - Started process (PID=217) to work on /home/airflow/.local/lib/python3.12/site-packages/airflow/example_dags/example_branch_python_dop_operator_3.py
[2026-08-08T17:43:40.756+0000] {processor.py:914} INFO - Processing file /home/airflow/.local/lib/python3.12/site-packages/airflow/example_dags/example_branch_python_dop_operator_3.py for tasks to queue
[2026-08-08T17:43:40.760+0000] {logging_mixin.py:190} INFO - [2026-08-08T17:43:40.760+0000] {dagbag.py:587} INFO - Filling up the DagBag from /home/airflow/.local/lib/python3.12/site-packages/airflow/example_dags/example_branch_python_dop_operator_3.py
[2026-08-08T17:43:40.781+0000] {processor.py:925} INFO - DAG(s) 'example_branch_dop_operator_v3' retrieved from /home/airflow/.local/lib/python3.12/site-packages/airflow/example_dags/example_branch_python_dop_operator_3.py
[2026-08-08T17:43:40.832+0000] {logging_mixin.py:190} INFO - [2026-08-08T17:43:40.832+0000] {dag.py:3211} INFO - Sync 1 DAGs
[2026-08-08T17:43:40.888+0000] {logging_mixin.py:190} INFO - [2026-08-08T17:43:40.888+0000] {dag.py:4138} INFO - Setting next_dagrun for example_branch_dop_operator_v3 to 2026-08-08 17:42:00+00:00, run_after=2026-08-08 17:43:00+00:00
[2026-08-08T17:43:40.918+0000] {processor.py:208} INFO - Processing /home/airflow/.local/lib/python3.12/site-packages/airflow/example_dags/example_branch_python_dop_operator_3.py took 0.174 seconds
[2026-08-08T17:44:11.806+0000] {processor.py:186} INFO - Started process (PID=280) to work on /home/airflow/.local/lib/python3.12/site-packages/airflow/example_dags/example_branch_python_dop_operator_3.py
[2026-08-08T17:44:11.808+0000] {processor.py:914} INFO - Processing file /home/airflow/.local/lib/python3.12/site-packages/airflow/example_dags/example_branch_python_dop_operator_3.py for tasks to queue
[2026-08-08T17:44:11.810+0000] {logging_mixin.py:190} INFO - [2026-08-08T17:44:11.810+0000] {dagbag.py:587} INFO - Filling up the DagBag from /home/airflow/.local/lib/python3.12/site-packages/airflow/example_dags/example_branch_python_dop_operator_3.py
[2026-08-08T17:44:11.823+0000] {processor.py:925} INFO - DAG(s) 'example_branch_dop_operator_v3' retrieved from /home/airflow/.local/lib/python3.12/site-packages/airflow/example_dags/example_branch_python_dop_operator_3.py
[2026-08-08T17:44:11.874+0000] {logging_mixin.py:190} INFO - [2026-08-08T17:44:11.873+0000] {dag.py:3211} INFO - Sync 1 DAGs
[2026-08-08T17:44:11.918+0000] {logging_mixin.py:190} INFO - [2026-08-08T17:44:11.918+0000] {dag.py:4138} INFO - Setting next_dagrun for example_branch_dop_operator_v3 to 2026-08-08 17:43:00+00:00, run_after=2026-08-08 17:44:00+00:00
[2026-08-08T17:44:11.941+0000] {processor.py:208} INFO - Processing /home/airflow/.local/lib/python3.12/site-packages/airflow/example_dags/example_branch_python_dop_operator_3.py took 0.139 seconds
[2026-08-08T17:44:42.097+0000] {processor.py:186} INFO - Started process (PID=343) to work on /home/airflow/.local/lib/python3.12/site-packages/airflow/example_dags/example_branch_python_dop_operator_3.py
[2026-08-08T17:44:42.098+0000] {processor.py:914} INFO - Processing file /home/airflow/.local/lib/python3.12/site-packages/airflow/example_dags/example_branch_python_dop_operator_3.py for tasks to queue
[2026-08-08T17:44:42.101+0000] {logging_mixin.py:190} INFO - [2026-08-08T17:44:42.101+0000] {dagbag.py:587} INFO - Filling up the DagBag from /home/airflow/.local/lib/python3.12/site-packages/airflow/example_dags/example_branch_python_dop_operator_3.py
[2026-08-08T17:44:42.109+0000] {processor.py:925} INFO - DAG(s) 'example_branch_dop_operator_v3' retrieved from /home/airflow/.local/lib/python3.12/site-packages/airflow/example_dags/example_branch_python_dop_operator_3.py
[2026-08-08T17:44:42.128+0000] {logging_mixin.py:190} INFO - [2026-08-08T17:44:42.128+0000] {dag.py:3211} INFO - Sync 1 DAGs
[2026-08-08T17:44:42.149+0000] {logging_mixin.py:190} INFO - [2026-08-08T17:44:42.149+0000] {dag.py:4138} INFO - Setting next_dagrun for example_branch_dop_operator_v3 to 2026-08-08 17:43:00+00:00, run_after=2026-08-08 17:44:00+00:00
[2026-08-08T17:44:42.169+0000] {processor.py:208} INFO - Processing /home/airflow/.local/lib/python3.12/site-packages/airflow/example_dags/example_branch_python_dop_operator_3.py took 0.078 seconds
[2026-08-08T17:45:12.372+0000] {processor.py:186} INFO - Started process (PID=406) to work on /home/airflow/.local/lib/python3.12/site-packages/airflow/example_dags/example_branch_python_dop_operator_3.py
[2026-08-08T17:45:12.374+0000] {processor.py:914} INFO - Processing file /home/airflow/.local/lib/python3.12/site-packages/airflow/example_dags/example_branch_python_dop_operator_3.py for tasks to queue
[2026-08-08T17:45:12.377+0000] {logging_mixin.py:190} INFO - [2026-08-08T17:45:12.377+0000] {dagbag.py:587} INFO - Filling up the DagBag from /home/airflow/.local/lib/python3.12/site-packages/airflow/example_dags/example_branch_python_dop_operator_3.py
[2026-08-08T17:45:12.385+0000] {processor.py:925} INFO - DAG(s) 'example_branch_dop_operator_v3' retrieved from /home/airflow/.local/lib/python3.12/site-packages/airflow/example_dags/example_branch_python_dop_operator_3.py
[2026-08-08T17:45:12.404+0000] {logging_mixin.py:190} INFO - [2026-08-08T17:45:12.404+0000] {dag.py:3211} INFO - Sync 1 DAGs
[2026-08-08T17:45:12.425+0000] {logging_mixin.py:190} INFO - [2026-08-08T17:45:12.425+0000] {dag.py:4138} INFO - Setting next_dagrun for example_branch_dop_operator_v3 to 2026-08-08 17:44:00+00:00, run_after=2026-08-08 17:45:00+00:00
[2026-08-08T17:45:12.449+0000] {processor.py:208} INFO - Processing /home/airflow/.local/lib/python3.12/site-packages/airflow/example_dags/example_branch_python_dop_operator_3.py took 0.083 seconds
[2026-08-08T17:45:42.730+0000] {processor.py:186} INFO - Started process (PID=469) to work on /home/airflow/.local/lib/python3.12/site-packages/airflow/example_dags/example_branch_python_dop_operator_3.py
[2026-08-08T17:45:42.732+0000] {processor.py:914} INFO - Processing file /home/airflow/.local/lib/python3.12/site-packages/airflow/example_dags/example_branch_python_dop_operator_3.py for tasks to queue
[2026-08-08T17:45:42.736+0000] {logging_mixin.py:190} INFO - [2026-08-08T17:45:42.736+0000] {dagbag.py:587} INFO - Filling up the DagBag from /home/airflow/.local/lib/python3.12/site-packages/airflow/example_dags/example_branch_python_dop_operator_3.py
[2026-08-08T17:45:42.753+0000] {processor.py:925} INFO - DAG(s) 'example_branch_dop_operator_v3' retrieved from /home/airflow/.local/lib/python3.12/site-packages/airflow/example_dags/example_branch_python_dop_operator_3.py
[2026-08-08T17:45:42.786+0000] {logging_mixin.py:190} INFO - [2026-08-08T17:45:42.785+0000] {dag.py:3211} INFO - Sync 1 DAGs
[2026-08-08T17:45:42.843+0000] {logging_mixin.py:190} INFO - [2026-08-08T17:45:42.842+0000] {dag.py:4138} INFO - Setting next_dagrun for example_branch_dop_operator_v3 to 2026-08-08 17:44:00+00:00, run_after=2026-08-08 17:45:00+00:00
[2026-08-08T17:45:42.871+0000] {processor.py:208} INFO - Processing /home/airflow/.local/lib/python3.12/site-packages/airflow/example_dags/example_branch_python_dop_operator_3.py took 0.151 seconds
[2026-08-08T17:47:12.831+0000] {processor.py:186} INFO - Started process (PID=85) to work on /home/airflow/.local/lib/python3.12/site-packages/airflow/example_dags/example_branch_python_dop_operator_3.py
[2026-08-08T17:47:12.838+0000] {processor.py:914} INFO - Processing file /home/airflow/.local/lib/python3.12/site-packages/airflow/example_dags/example_branch_python_dop_operator_3.py for tasks to queue
[2026-08-08T17:47:12.842+0000] {logging_mixin.py:190} INFO - [2026-08-08T17:47:12.842+0000] {dagbag.py:587} INFO - Filling up the DagBag from /home/airflow/.local/lib/python3.12/site-packages/airflow/example_dags/example_branch_python_dop_operator_3.py
[2026-08-08T17:47:12.863+0000] {processor.py:925} INFO - DAG(s) 'example_branch_dop_operator_v3' retrieved from /home/airflow/.local/lib/python3.12/site-packages/airflow/example_dags/example_branch_python_dop_operator_3.py
[2026-08-08T17:47:12.917+0000] {logging_mixin.py:190} INFO - [2026-08-08T17:47:12.917+0000] {dag.py:3211} INFO - Sync 1 DAGs
[2026-08-08T17:47:12.964+0000] {logging_mixin.py:190} INFO - [2026-08-08T17:47:12.963+0000] {dag.py:4138} INFO - Setting next_dagrun for example_branch_dop_operator_v3 to 2026-08-08 17:46:00+00:00, run_after=2026-08-08 17:47:00+00:00
[2026-08-08T17:47:13.035+0000] {processor.py:208} INFO - Processing /home/airflow/.local/lib/python3.12/site-packages/airflow/example_dags/example_branch_python_dop_operator_3.py took 0.215 seconds
[2026-08-08T17:47:43.806+0000] {processor.py:186} INFO - Started process (PID=154) to work on /home/airflow/.local/lib/python3.12/site-packages/airflow/example_dags/example_branch_python_dop_operator_3.py
[2026-08-08T17:47:43.807+0000] {processor.py:914} INFO - Processing file /home/airflow/.local/lib/python3.12/site-packages/airflow/example_dags/example_branch_python_dop_operator_3.py for tasks to queue
[2026-08-08T17:47:43.810+0000] {logging_mixin.py:190} INFO - [2026-08-08T17:47:43.810+0000] {dagbag.py:587} INFO - Filling up the DagBag from /home/airflow/.local/lib/python3.12/site-packages/airflow/example_dags/example_branch_python_dop_operator_3.py
[2026-08-08T17:47:43.820+0000] {processor.py:925} INFO - DAG(s) 'example_branch_dop_operator_v3' retrieved from /home/airflow/.local/lib/python3.12/site-packages/airflow/example_dags/example_branch_python_dop_operator_3.py
[2026-08-08T17:47:43.843+0000] {logging_mixin.py:190} INFO - [2026-08-08T17:47:43.843+0000] {dag.py:3211} INFO - Sync 1 DAGs
[2026-08-08T17:47:43.869+0000] {logging_mixin.py:190} INFO - [2026-08-08T17:47:43.869+0000] {dag.py:4138} INFO - Setting next_dagrun for example_branch_dop_operator_v3 to 2026-08-08 17:46:00+00:00, run_after=2026-08-08 17:47:00+00:00
[2026-08-08T17:47:43.893+0000] {processor.py:208} INFO - Processing /home/airflow/.local/lib/python3.12/site-packages/airflow/example_dags/example_branch_python_dop_operator_3.py took 0.093 seconds
[2026-08-08T17:48:14.106+0000] {processor.py:186} INFO - Started process (PID=223) to work on /home/airflow/.local/lib/python3.12/site-packages/airflow/example_dags/example_branch_python_dop_operator_3.py
[2026-08-08T17:48:14.108+0000] {processor.py:914} INFO - Processing file /home/airflow/.local/lib/python3.12/site-packages/airflow/example_dags/example_branch_python_dop_operator_3.py for tasks to queue
[2026-08-08T17:48:14.111+0000] {logging_mixin.py:190} INFO - [2026-08-08T17:48:14.111+0000] {dagbag.py:587} INFO - Filling up the DagBag from /home/airflow/.local/lib/python3.12/site-packages/airflow/example_dags/example_branch_python_dop_operator_3.py
[2026-08-08T17:48:14.124+0000] {processor.py:925} INFO - DAG(s) 'example_branch_dop_operator_v3' retrieved from /home/airflow/.local/lib/python3.12/site-packages/airflow/example_dags/example_branch_python_dop_operator_3.py
[2026-08-08T17:48:14.149+0000] {logging_mixin.py:190} INFO - [2026-08-08T17:48:14.149+0000] {dag.py:3211} INFO - Sync 1 DAGs
[2026-08-08T17:48:14.175+0000] {logging_mixin.py:190} INFO - [2026-08-08T17:48:14.175+0000] {dag.py:4138} INFO - Setting next_dagrun for example_branch_dop_operator_v3 to 2026-08-08 17:47:00+00:00, run_after=2026-08-08 17:48:00+00:00
[2026-08-08T17:48:14.198+0000] {processor.py:208} INFO - Processing /home/airflow/.local/lib/python3.12/site-packages/airflow/example_dags/example_branch_python_dop_operator_3.py took 0.100 seconds
[2026-08-08T17:48:44.803+0000] {processor.py:186} INFO - Started process (PID=286) to work on /home/airflow/.local/lib/python3.12/site-packages/airflow/example_dags/example_branch_python_dop_operator_3.py
[2026-08-08T17:48:44.805+0000] {processor.py:914} INFO - Processing file /home/airflow/.local/lib/python3.12/site-packages/airflow/example_dags/example_branch_python_dop_operator_3.py for tasks to queue
[2026-08-08T17:48:44.807+0000] {logging_mixin.py:190} INFO - [2026-08-08T17:48:44.807+0000] {dagbag.py:587} INFO - Filling up the DagBag from /home/airflow/.local/lib/python3.12/site-packages/airflow/example_dags/example_branch_python_dop_operator_3.py
[2026-08-08T17:48:44.819+0000] {processor.py:925} INFO - DAG(s) 'example_branch_dop_operator_v3' retrieved from /home/airflow/.local/lib/python3.12/site-packages/airflow/example_dags/example_branch_python_dop_operator_3.py
[2026-08-08T17:48:44.841+0000] {logging_mixin.py:190} INFO - [2026-08-08T17:48:44.841+0000] {dag.py:3211} INFO - Sync 1 DAGs
[2026-08-08T17:48:44.869+0000] {logging_mixin.py:190} INFO - [2026-08-08T17:48:44.868+0000] {dag.py:4138} INFO - Setting next_dagrun for example_branch_dop_operator_v3 to 2026-08-08 17:47:00+00:00, run_after=2026-08-08 17:48:00+00:00
[2026-08-08T17:48:44.890+0000] {processor.py:208} INFO - Processing /home/airflow/.local/lib/python3.12/site-packages/airflow/example_dags/example_branch_python_dop_operator_3.py took 0.092 seconds
[2026-08-08T17:52:36.601+0000] {processor.py:186} INFO - Started process (PID=90) to work on /home/airflow/.local/lib/python3.12/site-packages/airflow/example_dags/example_branch_python_dop_operator_3.py
[2026-08-08T17:52:36.602+0000] {processor.py:914} INFO - Processing file /home/airflow/.local/lib/python3.12/site-packages/airflow/example_dags/example_branch_python_dop_operator_3.py for tasks to queue
[2026-08-08T17:52:36.605+0000] {logging_mixin.py:190} INFO - [2026-08-08T17:52:36.605+0000] {dagbag.py:587} INFO - Filling up the DagBag from /home/airflow/.local/lib/python3.12/site-packages/airflow/example_dags/example_branch_python_dop_operator_3.py
[2026-08-08T17:52:36.618+0000] {processor.py:925} INFO - DAG(s) 'example_branch_dop_operator_v3' retrieved from /home/airflow/.local/lib/python3.12/site-packages/airflow/example_dags/example_branch_python_dop_operator_3.py
[2026-08-08T17:52:36.649+0000] {logging_mixin.py:190} INFO - [2026-08-08T17:52:36.648+0000] {dag.py:3211} INFO - Sync 1 DAGs
[2026-08-08T17:52:36.679+0000] {logging_mixin.py:190} INFO - [2026-08-08T17:52:36.679+0000] {dag.py:4138} INFO - Setting next_dagrun for example_branch_dop_operator_v3 to 2026-08-08 17:51:00+00:00, run_after=2026-08-08 17:52:00+00:00
[2026-08-08T17:52:36.705+0000] {processor.py:208} INFO - Processing /home/airflow/.local/lib/python3.12/site-packages/airflow/example_dags/example_branch_python_dop_operator_3.py took 0.111 seconds
[2026-08-08T17:53:06.796+0000] {processor.py:186} INFO - Started process (PID=153) to work on /home/airflow/.local/lib/python3.12/site-packages/airflow/example_dags/example_branch_python_dop_operator_3.py
[2026-08-08T17:53:06.797+0000] {processor.py:914} INFO - Processing file /home/airflow/.local/lib/python3.12/site-packages/airflow/example_dags/example_branch_python_dop_operator_3.py for tasks to queue
[2026-08-08T17:53:06.801+0000] {logging_mixin.py:190} INFO - [2026-08-08T17:53:06.800+0000] {dagbag.py:587} INFO - Filling up the DagBag from /home/airflow/.local/lib/python3.12/site-packages/airflow/example_dags/example_branch_python_dop_operator_3.py
[2026-08-08T17:53:06.811+0000] {processor.py:925} INFO - DAG(s) 'example_branch_dop_operator_v3' retrieved from /home/airflow/.local/lib/python3.12/site-packages/airflow/example_dags/example_branch_python_dop_operator_3.py
[2026-08-08T17:53:06.839+0000] {logging_mixin.py:190} INFO - [2026-08-08T17:53:06.839+0000] {dag.py:3211} INFO - Sync 1 DAGs
[2026-08-08T17:53:06.865+0000] {logging_mixin.py:190} INFO - [2026-08-08T17:53:06.865+0000] {dag.py:4138} INFO - Setting next_dagrun for example_branch_dop_operator_v3 to 2026-08-08 17:52:00+00:00, run_after=2026-08-08 17:53:00+00:00
[2026-08-08T17:53:06.887+0000] {processor.py:208} INFO - Processing /home/airflow/.local/lib/python3.12/site-packages/airflow/example_dags/example_branch_python_dop_operator_3.py took 0.097 seconds
[2026-08-08T17:53:37.707+0000] {processor.py:186} INFO - Started process (PID=216) to work on /home/airflow/.local/lib/python3.12/site-packages/airflow/example_dags/example_branch_python_dop_operator_3.py
[2026-08-08T17:53:37.709+0000] {processor.py:914} INFO - Processing file /home/airflow/.local/lib/python3.12/site-packages/airflow/example_dags/example_branch_python_dop_operator_3.py for tasks to queue
[2026-08-08T17:53:37.715+0000] {logging_mixin.py:190} INFO - [2026-08-08T17:53:37.714+0000] {dagbag.py:587} INFO - Filling up the DagBag from /home/airflow/.local/lib/python3.12/site-packages/airflow/example_dags/example_branch_python_dop_operator_3.py
[2026-08-08T17:53:37.738+0000] {processor.py:925} INFO - DAG(s) 'example_branch_dop_operator_v3' retrieved from /home/airflow/.local/lib/python3.12/site-packages/airflow/example_dags/example_branch_python_dop_operator_3.py
[2026-08-08T17:53:37.779+0000] {logging_mixin.py:190} INFO - [2026-08-08T17:53:37.779+0000] {dag.py:3211} INFO - Sync 1 DAGs
[2026-08-08T17:53:37.826+0000] {logging_mixin.py:190} INFO - [2026-08-08T17:53:37.826+0000] {dag.py:4138} INFO - Setting next_dagrun for example_branch_dop_operator_v3 to 2026-08-08 17:52:00+00:00, run_after=2026-08-08 17:53:00+00:00
[2026-08-08T17:53:37.865+0000] {processor.py:208} INFO - Processing /home/airflow/.local/lib/python3.12/site-packages/airflow/example_dags/example_branch_python_dop_operator_3.py took 0.176 seconds
[2026-08-08T17:54:08.395+0000] {processor.py:186} INFO - Started process (PID=279) to work on /home/airflow/.local/lib/python3.12/site-packages/airflow/example_dags/example_branch_python_dop_operator_3.py
[2026-08-08T17:54:08.397+0000] {processor.py:914} INFO - Processing file /home/airflow/.local/lib/python3.12/site-packages/airflow/example_dags/example_branch_python_dop_operator_3.py for tasks to queue
[2026-08-08T17:54:08.402+0000] {logging_mixin.py:190} INFO - [2026-08-08T17:54:08.401+0000] {dagbag.py:587} INFO - Filling up the DagBag from /home/airflow/.local/lib/python3.12/site-packages/airflow/example_dags/example_branch_python_dop_operator_3.py
[2026-08-08T17:54:08.422+0000] {processor.py:925} INFO - DAG(s) 'example_branch_dop_operator_v3' retrieved from /home/airflow/.local/lib/python3.12/site-packages/airflow/example_dags/example_branch_python_dop_operator_3.py
[2026-08-08T17:54:08.464+0000] {logging_mixin.py:190} INFO - [2026-08-08T17:54:08.464+0000] {dag.py:3211} INFO - Sync 1 DAGs
[2026-08-08T17:54:08.524+0000] {logging_mixin.py:190} INFO - [2026-08-08T17:54:08.523+0000] {dag.py:4138} INFO - Setting next_dagrun for example_branch_dop_operator_v3 to 2026-08-08 17:53:00+00:00, run_after=2026-08-08 17:54:00+00:00
[2026-08-08T17:54:08.558+0000] {processor.py:208} INFO - Processing /home/airflow/.local/lib/python3.12/site-packages/airflow/example_dags/example_branch_python_dop_operator_3.py took 0.174 seconds
[2026-08-08T17:54:39.230+0000] {processor.py:186} INFO - Started process (PID=342) to work on /home/airflow/.local/lib/python3.12/site-packages/airflow/example_dags/example_branch_python_dop_operator_3.py
[2026-08-08T17:54:39.231+0000] {processor.py:914} INFO - Processing file /home/airflow/.local/lib/python3.12/site-packages/airflow/example_dags/example_branch_python_dop_operator_3.py for tasks to queue
[2026-08-08T17:54:39.234+0000] {logging_mixin.py:190} INFO - [2026-08-08T17:54:39.234+0000] {dagbag.py:587} INFO - Filling up the DagBag from /home/airflow/.local/lib/python3.12/site-packages/airflow/example_dags/example_branch_python_dop_operator_3.py
[2026-08-08T17:54:39.244+0000] {processor.py:925} INFO - DAG(s) 'example_branch_dop_operator_v3' retrieved from /home/airflow/.local/lib/python3.12/site-packages/airflow/example_dags/example_branch_python_dop_operator_3.py
[2026-08-08T17:54:39.263+0000] {logging_mixin.py:190} INFO - [2026-08-08T17:54:39.263+0000] {dag.py:3211} INFO - Sync 1 DAGs
[2026-08-08T17:54:39.286+0000] {logging_mixin.py:190} INFO - [2026-08-08T17:54:39.286+0000] {dag.py:4138} INFO - Setting next_dagrun for example_branch_dop_operator_v3 to 2026-08-08 17:53:00+00:00, run_after=2026-08-08 17:54:00+00:00
[2026-08-08T17:54:39.302+0000] {processor.py:208} INFO - Processing /home/airflow/.local/lib/python3.12/site-packages/airflow/example_dags/example_branch_python_dop_operator_3.py took 0.078 seconds
[2026-08-08T17:55:09.591+0000] {processor.py:186} INFO - Started process (PID=405) to work on /home/airflow/.local/lib/python3.12/site-packages/airflow/example_dags/example_branch_python_dop_operator_3.py
[2026-08-08T17:55:09.593+0000] {processor.py:914} INFO - Processing file /home/airflow/.local/lib/python3.12/site-packages/airflow/example_dags/example_branch_python_dop_operator_3.py for tasks to queue
[2026-08-08T17:55:09.595+0000] {logging_mixin.py:190} INFO - [2026-08-08T17:55:09.595+0000] {dagbag.py:587} INFO - Filling up the DagBag from /home/airflow/.local/lib/python3.12/site-packages/airflow/example_dags/example_branch_python_dop_operator_3.py
[2026-08-08T17:55:09.604+0000] {processor.py:925} INFO - DAG(s) 'example_branch_dop_operator_v3' retrieved from /home/airflow/.local/lib/python3.12/site-packages/airflow/example_dags/example_branch_python_dop_operator_3.py
[2026-08-08T17:55:09.625+0000] {logging_mixin.py:190} INFO - [2026-08-08T17:55:09.625+0000] {dag.py:3211} INFO - Sync 1 DAGs
[2026-08-08T17:55:09.648+0000] {logging_mixin.py:190} INFO - [2026-08-08T17:55:09.647+0000] {dag.py:4138} INFO - Setting next_dagrun for example_branch_dop_operator_v3 to 2026-08-08 17:54:00+00:00, run_after=2026-08-08 17:55:00+00:00
[2026-08-08T17:55:09.665+0000] {processor.py:208} INFO - Processing /home/airflow/.local/lib/python3.12/site-packages/airflow/example_dags/example_branch_python_dop_operator_3.py took 0.079 seconds
[2026-08-08T17:55:39.968+0000] {processor.py:186} INFO - Started process (PID=468) to work on /home/airflow/.local/lib/python3.12/site-packages/airflow/example_dags/example_branch_python_dop_operator_3.py
[2026-08-08T17:55:39.970+0000] {processor.py:914} INFO - Processing file /home/airflow/.local/lib/python3.12/site-packages/airflow/example_dags/example_branch_python_dop_operator_3.py for tasks to queue
[2026-08-08T17:55:39.975+0000] {logging_mixin.py:190} INFO - [2026-08-08T17:55:39.974+0000] {dagbag.py:587} INFO - Filling up the DagBag from /home/airflow/.local/lib/python3.12/site-packages/airflow/example_dags/example_branch_python_dop_operator_3.py
[2026-08-08T17:55:39.990+0000] {processor.py:925} INFO - DAG(s) 'example_branch_dop_operator_v3' retrieved from /home/airflow/.local/lib/python3.12/site-packages/airflow/example_dags/example_branch_python_dop_operator_3.py
[2026-08-08T17:55:40.011+0000] {logging_mixin.py:190} INFO - [2026-08-08T17:55:40.011+0000] {dag.py:3211} INFO - Sync 1 DAGs
[2026-08-08T17:55:40.037+0000] {logging_mixin.py:190} INFO - [2026-08-08T17:55:40.036+0000] {dag.py:4138} INFO - Setting next_dagrun for example_branch_dop_operator_v3 to 2026-08-08 17:54:00+00:00, run_after=2026-08-08 17:55:00+00:00
[2026-08-08T17:55:40.058+0000] {processor.py:208} INFO - Processing /home/airflow/.local/lib/python3.12/site-packages/airflow/example_dags/example_branch_python_dop_operator_3.py took 0.100 seconds
[2026-08-08T17:56:10.307+0000] {processor.py:186} INFO - Started process (PID=531) to work on /home/airflow/.local/lib/python3.12/site-packages/airflow/example_dags/example_branch_python_dop_operator_3.py
[2026-08-08T17:56:10.309+0000] {processor.py:914} INFO - Processing file /home/airflow/.local/lib/python3.12/site-packages/airflow/example_dags/example_branch_python_dop_operator_3.py for tasks to queue
[2026-08-08T17:56:10.313+0000] {logging_mixin.py:190} INFO - [2026-08-08T17:56:10.312+0000] {dagbag.py:587} INFO - Filling up the DagBag from /home/airflow/.local/lib/python3.12/site-packages/airflow/example_dags/example_branch_python_dop_operator_3.py
[2026-08-08T17:56:10.325+0000] {processor.py:925} INFO - DAG(s) 'example_branch_dop_operator_v3' retrieved from /home/airflow/.local/lib/python3.12/site-packages/airflow/example_dags/example_branch_python_dop_operator_3.py
[2026-08-08T17:56:10.345+0000] {logging_mixin.py:190} INFO - [2026-08-08T17:56:10.345+0000] {dag.py:3211} INFO - Sync 1 DAGs
[2026-08-08T17:56:10.368+0000] {logging_mixin.py:190} INFO - [2026-08-08T17:56:10.368+0000] {dag.py:4138} INFO - Setting next_dagrun for example_branch_dop_operator_v3 to 2026-08-08 17:55:00+00:00, run_after=2026-08-08 17:56:00+00:00
[2026-08-08T17:56:10.387+0000] {processor.py:208} INFO - Processing /home/airflow/.local/lib/python3.12/site-packages/airflow/example_dags/example_branch_python_dop_operator_3.py took 0.091 seconds
[2026-08-08T17:56:40.802+0000] {processor.py:186} INFO - Started process (PID=594) to work on /home/airflow/.local/lib/python3.12/site-packages/airflow/example_dags/example_branch_python_dop_operator_3.py
[2026-08-08T17:56:40.804+0000] {processor.py:914} INFO - Processing file /home/airflow/.local/lib/python3.12/site-packages/airflow/example_dags/example_branch_python_dop_operator_3.py for tasks to queue
[2026-08-08T17:56:40.806+0000] {logging_mixin.py:190} INFO - [2026-08-08T17:56:40.806+0000] {dagbag.py:587} INFO - Filling up the DagBag from /home/airflow/.local/lib/python3.12/site-packages/airflow/example_dags/example_branch_python_dop_operator_3.py
[2026-08-08T17:56:40.819+0000] {processor.py:925} INFO - DAG(s) 'example_branch_dop_operator_v3' retrieved from /home/airflow/.local/lib/python3.12/site-packages/airflow/example_dags/example_branch_python_dop_operator_3.py
[2026-08-08T17:56:40.838+0000] {logging_mixin.py:190} INFO - [2026-08-08T17:56:40.838+0000] {dag.py:3211} INFO - Sync 1 DAGs
[2026-08-08T17:56:40.861+0000] {logging_mixin.py:190} INFO - [2026-08-08T17:56:40.861+0000] {dag.py:4138} INFO - Setting next_dagrun for example_branch_dop_operator_v3 to 2026-08-08 17:55:00+00:00, run_after=2026-08-08 17:56:00+00:00
[2026-08-08T17:56:40.882+0000] {processor.py:208} INFO - Processing /home/airflow/.local/lib/python3.12/site-packages/airflow/example_dags/example_branch_python_dop_operator_3.py took 0.087 seconds
[2026-08-08T17:57:11.351+0000] {processor.py:186} INFO - Started process (PID=657) to work on /home/airflow/.local/lib/python3.12/site-packages/airflow/example_dags/example_branch_python_dop_operator_3.py
[2026-08-08T17:57:11.352+0000] {processor.py:914} INFO - Processing file /home/airflow/.local/lib/python3.12/site-packages/airflow/example_dags/example_branch_python_dop_operator_3.py for tasks to queue
[2026-08-08T17:57:11.354+0000] {logging_mixin.py:190} INFO - [2026-08-08T17:57:11.354+0000] {dagbag.py:587} INFO - Filling up the DagBag from /home/airflow/.local/lib/python3.12/site-packages/airflow/example_dags/example_branch_python_dop_operator_3.py
[2026-08-08T17:57:11.367+0000] {processor.py:925} INFO - DAG(s) 'example_branch_dop_operator_v3' retrieved from /home/airflow/.local/lib/python3.12/site-packages/airflow/example_dags/example_branch_python_dop_operator_3.py
[2026-08-08T17:57:11.389+0000] {logging_mixin.py:190} INFO - [2026-08-08T17:57:11.389+0000] {dag.py:3211} INFO - Sync 1 DAGs
[2026-08-08T17:57:11.418+0000] {logging_mixin.py:190} INFO - [2026-08-08T17:57:11.418+0000] {dag.py:4138} INFO - Setting next_dagrun for example_branch_dop_operator_v3 to 2026-08-08 17:56:00+00:00, run_after=2026-08-08 17:57:00+00:00
[2026-08-08T17:57:11.439+0000] {processor.py:208} INFO - Processing /home/airflow/.local/lib/python3.12/site-packages/airflow/example_dags/example_branch_python_dop_operator_3.py took 0.094 seconds
[2026-08-08T18:08:17.261+0000] {processor.py:186} INFO - Started process (PID=720) to work on /home/airflow/.local/lib/python3.12/site-packages/airflow/example_dags/example_branch_python_dop_operator_3.py
[2026-08-08T18:08:17.285+0000] {processor.py:914} INFO - Processing file /home/airflow/.local/lib/python3.12/site-packages/airflow/example_dags/example_branch_python_dop_operator_3.py for tasks to queue
[2026-08-08T18:08:17.304+0000] {logging_mixin.py:190} INFO - [2026-08-08T18:08:17.302+0000] {dagbag.py:587} INFO - Filling up the DagBag from /home/airflow/.local/lib/python3.12/site-packages/airflow/example_dags/example_branch_python_dop_operator_3.py
[2026-08-08T18:08:17.341+0000] {processor.py:925} INFO - DAG(s) 'example_branch_dop_operator_v3' retrieved from /home/airflow/.local/lib/python3.12/site-packages/airflow/example_dags/example_branch_python_dop_operator_3.py
[2026-08-08T18:08:17.406+0000] {logging_mixin.py:190} INFO - [2026-08-08T18:08:17.404+0000] {dag.py:3211} INFO - Sync 1 DAGs
[2026-08-08T18:08:17.493+0000] {logging_mixin.py:190} INFO - [2026-08-08T18:08:17.493+0000] {dag.py:4138} INFO - Setting next_dagrun for example_branch_dop_operator_v3 to 2026-08-08 18:07:00+00:00, run_after=2026-08-08 18:08:00+00:00
[2026-08-08T18:08:17.554+0000] {processor.py:208} INFO - Processing /home/airflow/.local/lib/python3.12/site-packages/airflow/example_dags/example_branch_python_dop_operator_3.py took 0.320 seconds
[2026-08-08T18:08:47.734+0000] {processor.py:186} INFO - Started process (PID=783) to work on /home/airflow/.local/lib/python3.12/site-packages/airflow/example_dags/example_branch_python_dop_operator_3.py
[2026-08-08T18:08:47.736+0000] {processor.py:914} INFO - Processing file /home/airflow/.local/lib/python3.12/site-packages/airflow/example_dags/example_branch_python_dop_operator_3.py for tasks to queue
[2026-08-08T18:08:47.739+0000] {logging_mixin.py:190} INFO - [2026-08-08T18:08:47.739+0000] {dagbag.py:587} INFO - Filling up the DagBag from /home/airflow/.local/lib/python3.12/site-packages/airflow/example_dags/example_branch_python_dop_operator_3.py
[2026-08-08T18:08:47.756+0000] {processor.py:925} INFO - DAG(s) 'example_branch_dop_operator_v3' retrieved from /home/airflow/.local/lib/python3.12/site-packages/airflow/example_dags/example_branch_python_dop_operator_3.py
[2026-08-08T18:08:47.784+0000] {logging_mixin.py:190} INFO - [2026-08-08T18:08:47.783+0000] {dag.py:3211} INFO - Sync 1 DAGs
[2026-08-08T18:08:47.818+0000] {logging_mixin.py:190} INFO - [2026-08-08T18:08:47.818+0000] {dag.py:4138} INFO - Setting next_dagrun for example_branch_dop_operator_v3 to 2026-08-08 18:07:00+00:00, run_after=2026-08-08 18:08:00+00:00
[2026-08-08T18:08:47.849+0000] {processor.py:208} INFO - Processing /home/airflow/.local/lib/python3.12/site-packages/airflow/example_dags/example_branch_python_dop_operator_3.py took 0.126 seconds
[2026-08-08T18:09:18.456+0000] {processor.py:186} INFO - Started process (PID=846) to work on /home/airflow/.local/lib/python3.12/site-packages/airflow/example_dags/example_branch_python_dop_operator_3.py
[2026-08-08T18:09:18.458+0000] {processor.py:914} INFO - Processing file /home/airflow/.local/lib/python3.12/site-packages/airflow/example_dags/example_branch_python_dop_operator_3.py for tasks to queue
[2026-08-08T18:09:18.464+0000] {logging_mixin.py:190} INFO - [2026-08-08T18:09:18.462+0000] {dagbag.py:587} INFO - Filling up the DagBag from /home/airflow/.local/lib/python3.12/site-packages/airflow/example_dags/example_branch_python_dop_operator_3.py
[2026-08-08T18:09:18.480+0000] {processor.py:925} INFO - DAG(s) 'example_branch_dop_operator_v3' retrieved from /home/airflow/.local/lib/python3.12/site-packages/airflow/example_dags/example_branch_python_dop_operator_3.py
[2026-08-08T18:09:18.513+0000] {logging_mixin.py:190} INFO - [2026-08-08T18:09:18.513+0000] {dag.py:3211} INFO - Sync 1 DAGs
[2026-08-08T18:09:18.548+0000] {logging_mixin.py:190} INFO - [2026-08-08T18:09:18.548+0000] {dag.py:4138} INFO - Setting next_dagrun for example_branch_dop_operator_v3 to 2026-08-08 18:08:00+00:00, run_after=2026-08-08 18:09:00+00:00
[2026-08-08T18:09:18.583+0000] {processor.py:208} INFO - Processing /home/airflow/.local/lib/python3.12/site-packages/airflow/example_dags/example_branch_python_dop_operator_3.py took 0.136 seconds
[2026-08-08T18:09:49.015+0000] {processor.py:186} INFO - Started process (PID=909) to work on /home/airflow/.local/lib/python3.12/site-packages/airflow/example_dags/example_branch_python_dop_operator_3.py
[2026-08-08T18:09:49.018+0000] {processor.py:914} INFO - Processing file /home/airflow/.local/lib/python3.12/site-packages/airflow/example_dags/example_branch_python_dop_operator_3.py for tasks to queue
[2026-08-08T18:09:49.022+0000] {logging_mixin.py:190} INFO - [2026-08-08T18:09:49.021+0000] {dagbag.py:587} INFO - Filling up the DagBag from /home/airflow/.local/lib/python3.12/site-packages/airflow/example_dags/example_branch_python_dop_operator_3.py
[2026-08-08T18:09:49.038+0000] {processor.py:925} INFO - DAG(s) 'example_branch_dop_operator_v3' retrieved from /home/airflow/.local/lib/python3.12/site-packages/airflow/example_dags/example_branch_python_dop_operator_3.py
[2026-08-08T18:09:49.066+0000] {logging_mixin.py:190} INFO - [2026-08-08T18:09:49.066+0000] {dag.py:3211} INFO - Sync 1 DAGs
[2026-08-08T18:09:49.100+0000] {logging_mixin.py:190} INFO - [2026-08-08T18:09:49.100+0000] {dag.py:4138} INFO - Setting next_dagrun for example_branch_dop_operator_v3 to 2026-08-08 18:08:00+00:00, run_after=2026-08-08 18:09:00+00:00
[2026-08-08T18:09:49.130+0000] {processor.py:208} INFO - Processing /home/airflow/.local/lib/python3.12/site-packages/airflow/example_dags/example_branch_python_dop_operator_3.py took 0.125 seconds
[2026-08-08T18:10:19.236+0000] {processor.py:186} INFO - Started process (PID=972) to work on /home/airflow/.local/lib/python3.12/site-packages/airflow/example_dags/example_branch_python_dop_operator_3.py
[2026-08-08T18:10:19.238+0000] {processor.py:914} INFO - Processing file /home/airflow/.local/lib/python3.12/site-packages/airflow/example_dags/example_branch_python_dop_operator_3.py for tasks to queue
[2026-08-08T18:10:19.243+0000] {logging_mixin.py:190} INFO - [2026-08-08T18:10:19.242+0000] {dagbag.py:587} INFO - Filling up the DagBag from /home/airflow/.local/lib/python3.12/site-packages/airflow/example_dags/example_branch_python_dop_operator_3.py
[2026-08-08T18:10:19.258+0000] {processor.py:925} INFO - DAG(s) 'example_branch_dop_operator_v3' retrieved from /home/airflow/.local/lib/python3.12/site-packages/airflow/example_dags/example_branch_python_dop_operator_3.py
[2026-08-08T18:10:19.289+0000] {logging_mixin.py:190} INFO - [2026-08-08T18:10:19.288+0000] {dag.py:3211} INFO - Sync 1 DAGs
[2026-08-08T18:10:19.318+0000] {logging_mixin.py:190} INFO - [2026-08-08T18:10:19.318+0000] {dag.py:4138} INFO - Setting next_dagrun for example_branch_dop_operator_v3 to 2026-08-08 18:09:00+00:00, run_after=2026-08-08 18:10:00+00:00
[2026-08-08T18:10:19.344+0000] {processor.py:208} INFO - Processing /home/airflow/.local/lib/python3.12/site-packages/airflow/example_dags/example_branch_python_dop_operator_3.py took 0.117 seconds
[2026-08-08T18:10:49.598+0000] {processor.py:186} INFO - Started process (PID=1034) to work on /home/airflow/.local/lib/python3.12/site-packages/airflow/example_dags/example_branch_python_dop_operator_3.py
[2026-08-08T18:10:49.600+0000] {processor.py:914} INFO - Processing file /home/airflow/.local/lib/python3.12/site-packages/airflow/example_dags/example_branch_python_dop_operator_3.py for tasks to queue
[2026-08-08T18:10:49.603+0000] {logging_mixin.py:190} INFO - [2026-08-08T18:10:49.602+0000] {dagbag.py:587} INFO - Filling up the DagBag from /home/airflow/.local/lib/python3.12/site-packages/airflow/example_dags/example_branch_python_dop_operator_3.py
[2026-08-08T18:10:49.614+0000] {processor.py:925} INFO - DAG(s) 'example_branch_dop_operator_v3' retrieved from /home/airflow/.local/lib/python3.12/site-packages/airflow/example_dags/example_branch_python_dop_operator_3.py
[2026-08-08T18:10:49.638+0000] {logging_mixin.py:190} INFO - [2026-08-08T18:10:49.638+0000] {dag.py:3211} INFO - Sync 1 DAGs
[2026-08-08T18:10:49.668+0000] {logging_mixin.py:190} INFO - [2026-08-08T18:10:49.667+0000] {dag.py:4138} INFO - Setting next_dagrun for example_branch_dop_operator_v3 to 2026-08-08 18:09:00+00:00, run_after=2026-08-08 18:10:00+00:00
[2026-08-08T18:10:49.692+0000] {processor.py:208} INFO - Processing /home/airflow/.local/lib/python3.12/site-packages/airflow/example_dags/example_branch_python_dop_operator_3.py took 0.101 seconds
[2026-08-08T18:11:19.991+0000] {processor.py:186} INFO - Started process (PID=1097) to work on /home/airflow/.local/lib/python3.12/site-packages/airflow/example_dags/example_branch_python_dop_operator_3.py
[2026-08-08T18:11:19.992+0000] {processor.py:914} INFO - Processing file /home/airflow/.local/lib/python3.12/site-packages/airflow/example_dags/example_branch_python_dop_operator_3.py for tasks to queue
[2026-08-08T18:11:19.995+0000] {logging_mixin.py:190} INFO - [2026-08-08T18:11:19.995+0000] {dagbag.py:587} INFO - Filling up the DagBag from /home/airflow/.local/lib/python3.12/site-packages/airflow/example_dags/example_branch_python_dop_operator_3.py
[2026-08-08T18:11:20.008+0000] {processor.py:925} INFO - DAG(s) 'example_branch_dop_operator_v3' retrieved from /home/airflow/.local/lib/python3.12/site-packages/airflow/example_dags/example_branch_python_dop_operator_3.py
[2026-08-08T18:11:20.030+0000] {logging_mixin.py:190} INFO - [2026-08-08T18:11:20.030+0000] {dag.py:3211} INFO - Sync 1 DAGs
[2026-08-08T18:11:20.057+0000] {logging_mixin.py:190} INFO - [2026-08-08T18:11:20.057+0000] {dag.py:4138} INFO - Setting next_dagrun for example_branch_dop_operator_v3 to 2026-08-08 18:10:00+00:00, run_after=2026-08-08 18:11:00+00:00
[2026-08-08T18:11:20.082+0000] {processor.py:208} INFO - Processing /home/airflow/.local/lib/python3.12/site-packages/airflow/example_dags/example_branch_python_dop_operator_3.py took 0.098 seconds
[2026-08-08T18:11:50.779+0000] {processor.py:186} INFO - Started process (PID=1160) to work on /home/airflow/.local/lib/python3.12/site-packages/airflow/example_dags/example_branch_python_dop_operator_3.py
[2026-08-08T18:11:50.781+0000] {processor.py:914} INFO - Processing file /home/airflow/.local/lib/python3.12/site-packages/airflow/example_dags/example_branch_python_dop_operator_3.py for tasks to queue
[2026-08-08T18:11:50.785+0000] {logging_mixin.py:190} INFO - [2026-08-08T18:11:50.784+0000] {dagbag.py:587} INFO - Filling up the DagBag from /home/airflow/.local/lib/python3.12/site-packages/airflow/example_dags/example_branch_python_dop_operator_3.py
[2026-08-08T18:11:50.796+0000] {processor.py:925} INFO - DAG(s) 'example_branch_dop_operator_v3' retrieved from /home/airflow/.local/lib/python3.12/site-packages/airflow/example_dags/example_branch_python_dop_operator_3.py
[2026-08-08T18:11:50.820+0000] {logging_mixin.py:190} INFO - [2026-08-08T18:11:50.820+0000] {dag.py:3211} INFO - Sync 1 DAGs
[2026-08-08T18:11:50.848+0000] {logging_mixin.py:190} INFO - [2026-08-08T18:11:50.848+0000] {dag.py:4138} INFO - Setting next_dagrun for example_branch_dop_operator_v3 to 2026-08-08 18:10:00+00:00, run_after=2026-08-08 18:11:00+00:00
[2026-08-08T18:11:50.873+0000] {processor.py:208} INFO - Processing /home/airflow/.local/lib/python3.12/site-packages/airflow/example_dags/example_branch_python_dop_operator_3.py took 0.102 seconds
[2026-08-08T18:13:06.491+0000] {processor.py:186} INFO - Started process (PID=90) to work on /home/airflow/.local/lib/python3.12/site-packages/airflow/example_dags/example_branch_python_dop_operator_3.py
[2026-08-08T18:13:06.493+0000] {processor.py:914} INFO - Processing file /home/airflow/.local/lib/python3.12/site-packages/airflow/example_dags/example_branch_python_dop_operator_3.py for tasks to queue
[2026-08-08T18:13:06.496+0000] {logging_mixin.py:190} INFO - [2026-08-08T18:13:06.495+0000] {dagbag.py:587} INFO - Filling up the DagBag from /home/airflow/.local/lib/python3.12/site-packages/airflow/example_dags/example_branch_python_dop_operator_3.py
[2026-08-08T18:13:06.511+0000] {processor.py:925} INFO - DAG(s) 'example_branch_dop_operator_v3' retrieved from /home/airflow/.local/lib/python3.12/site-packages/airflow/example_dags/example_branch_python_dop_operator_3.py
[2026-08-08T18:13:06.544+0000] {logging_mixin.py:190} INFO - [2026-08-08T18:13:06.544+0000] {dag.py:3211} INFO - Sync 1 DAGs
[2026-08-08T18:13:06.571+0000] {logging_mixin.py:190} INFO - [2026-08-08T18:13:06.571+0000] {dag.py:4138} INFO - Setting next_dagrun for example_branch_dop_operator_v3 to 2026-08-08 18:12:00+00:00, run_after=2026-08-08 18:13:00+00:00
[2026-08-08T18:13:06.601+0000] {processor.py:208} INFO - Processing /home/airflow/.local/lib/python3.12/site-packages/airflow/example_dags/example_branch_python_dop_operator_3.py took 0.116 seconds
[2026-08-08T18:13:37.489+0000] {processor.py:186} INFO - Started process (PID=159) to work on /home/airflow/.local/lib/python3.12/site-packages/airflow/example_dags/example_branch_python_dop_operator_3.py
[2026-08-08T18:13:37.491+0000] {processor.py:914} INFO - Processing file /home/airflow/.local/lib/python3.12/site-packages/airflow/example_dags/example_branch_python_dop_operator_3.py for tasks to queue
[2026-08-08T18:13:37.494+0000] {logging_mixin.py:190} INFO - [2026-08-08T18:13:37.494+0000] {dagbag.py:587} INFO - Filling up the DagBag from /home/airflow/.local/lib/python3.12/site-packages/airflow/example_dags/example_branch_python_dop_operator_3.py
[2026-08-08T18:13:37.504+0000] {processor.py:925} INFO - DAG(s) 'example_branch_dop_operator_v3' retrieved from /home/airflow/.local/lib/python3.12/site-packages/airflow/example_dags/example_branch_python_dop_operator_3.py
[2026-08-08T18:13:37.529+0000] {logging_mixin.py:190} INFO - [2026-08-08T18:13:37.528+0000] {dag.py:3211} INFO - Sync 1 DAGs
[2026-08-08T18:13:37.552+0000] {logging_mixin.py:190} INFO - [2026-08-08T18:13:37.552+0000] {dag.py:4138} INFO - Setting next_dagrun for example_branch_dop_operator_v3 to 2026-08-08 18:12:00+00:00, run_after=2026-08-08 18:13:00+00:00
[2026-08-08T18:13:37.573+0000] {processor.py:208} INFO - Processing /home/airflow/.local/lib/python3.12/site-packages/airflow/example_dags/example_branch_python_dop_operator_3.py took 0.090 seconds
[2026-08-08T18:14:08.187+0000] {processor.py:186} INFO - Started process (PID=222) to work on /home/airflow/.local/lib/python3.12/site-packages/airflow/example_dags/example_branch_python_dop_operator_3.py
[2026-08-08T18:14:08.189+0000] {processor.py:914} INFO - Processing file /home/airflow/.local/lib/python3.12/site-packages/airflow/example_dags/example_branch_python_dop_operator_3.py for tasks to queue
[2026-08-08T18:14:08.192+0000] {logging_mixin.py:190} INFO - [2026-08-08T18:14:08.192+0000] {dagbag.py:587} INFO - Filling up the DagBag from /home/airflow/.local/lib/python3.12/site-packages/airflow/example_dags/example_branch_python_dop_operator_3.py
[2026-08-08T18:14:08.201+0000] {processor.py:925} INFO - DAG(s) 'example_branch_dop_operator_v3' retrieved from /home/airflow/.local/lib/python3.12/site-packages/airflow/example_dags/example_branch_python_dop_operator_3.py
[2026-08-08T18:14:08.219+0000] {logging_mixin.py:190} INFO - [2026-08-08T18:14:08.219+0000] {dag.py:3211} INFO - Sync 1 DAGs
[2026-08-08T18:14:08.246+0000] {logging_mixin.py:190} INFO - [2026-08-08T18:14:08.246+0000] {dag.py:4138} INFO - Setting next_dagrun for example_branch_dop_operator_v3 to 2026-08-08 18:13:00+00:00, run_after=2026-08-08 18:14:00+00:00
[2026-08-08T18:14:08.265+0000] {processor.py:208} INFO - Processing /home/airflow/.local/lib/python3.12/site-packages/airflow/example_dags/example_branch_python_dop_operator_3.py took 0.083 seconds
[2026-08-08T18:14:38.507+0000] {processor.py:186} INFO - Started process (PID=285) to work on /home/airflow/.local/lib/python3.12/site-packages/airflow/example_dags/example_branch_python_dop_operator_3.py
[2026-08-08T18:14:38.508+0000] {processor.py:914} INFO - Processing file /home/airflow/.local/lib/python3.12/site-packages/airflow/example_dags/example_branch_python_dop_operator_3.py for tasks to queue
[2026-08-08T18:14:38.511+0000] {logging_mixin.py:190} INFO - [2026-08-08T18:14:38.510+0000] {dagbag.py:587} INFO - Filling up the DagBag from /home/airflow/.local/lib/python3.12/site-packages/airflow/example_dags/example_branch_python_dop_operator_3.py
[2026-08-08T18:14:38.522+0000] {processor.py:925} INFO - DAG(s) 'example_branch_dop_operator_v3' retrieved from /home/airflow/.local/lib/python3.12/site-packages/airflow/example_dags/example_branch_python_dop_operator_3.py
[2026-08-08T18:14:38.540+0000] {logging_mixin.py:190} INFO - [2026-08-08T18:14:38.540+0000] {dag.py:3211} INFO - Sync 1 DAGs
[2026-08-08T18:14:38.564+0000] {logging_mixin.py:190} INFO - [2026-08-08T18:14:38.564+0000] {dag.py:4138} INFO - Setting next_dagrun for example_branch_dop_operator_v3 to 2026-08-08 18:13:00+00:00, run_after=2026-08-08 18:14:00+00:00
[2026-08-08T18:14:38.585+0000] {processor.py:208} INFO - Processing /home/airflow/.local/lib/python3.12/site-packages/airflow/example_dags/example_branch_python_dop_operator_3.py took 0.084 seconds
[2026-08-08T18:15:09.575+0000] {processor.py:186} INFO - Started process (PID=348) to work on /home/airflow/.local/lib/python3.12/site-packages/airflow/example_dags/example_branch_python_dop_operator_3.py
[2026-08-08T18:15:09.577+0000] {processor.py:914} INFO - Processing file /home/airflow/.local/lib/python3.12/site-packages/airflow/example_dags/example_branch_python_dop_operator_3.py for tasks to queue
[2026-08-08T18:15:09.581+0000] {logging_mixin.py:190} INFO - [2026-08-08T18:15:09.581+0000] {dagbag.py:587} INFO - Filling up the DagBag from /home/airflow/.local/lib/python3.12/site-packages/airflow/example_dags/example_branch_python_dop_operator_3.py
[2026-08-08T18:15:09.599+0000] {processor.py:925} INFO - DAG(s) 'example_branch_dop_operator_v3' retrieved from /home/airflow/.local/lib/python3.12/site-packages/airflow/example_dags/example_branch_python_dop_operator_3.py
[2026-08-08T18:15:09.639+0000] {logging_mixin.py:190} INFO - [2026-08-08T18:15:09.639+0000] {dag.py:3211} INFO - Sync 1 DAGs
[2026-08-08T18:15:09.675+0000] {logging_mixin.py:190} INFO - [2026-08-08T18:15:09.675+0000] {dag.py:4138} INFO - Setting next_dagrun for example_branch_dop_operator_v3 to 2026-08-08 18:14:00+00:00, run_after=2026-08-08 18:15:00+00:00
[2026-08-08T18:15:09.705+0000] {processor.py:208} INFO - Processing /home/airflow/.local/lib/python3.12/site-packages/airflow/example_dags/example_branch_python_dop_operator_3.py took 0.140 seconds
[2026-08-08T18:15:40.372+0000] {processor.py:186} INFO - Started process (PID=411) to work on /home/airflow/.local/lib/python3.12/site-packages/airflow/example_dags/example_branch_python_dop_operator_3.py
[2026-08-08T18:15:40.373+0000] {processor.py:914} INFO - Processing file /home/airflow/.local/lib/python3.12/site-packages/airflow/example_dags/example_branch_python_dop_operator_3.py for tasks to queue
[2026-08-08T18:15:40.376+0000] {logging_mixin.py:190} INFO - [2026-08-08T18:15:40.376+0000] {dagbag.py:587} INFO - Filling up the DagBag from /home/airflow/.local/lib/python3.12/site-packages/airflow/example_dags/example_branch_python_dop_operator_3.py
[2026-08-08T18:15:40.386+0000] {processor.py:925} INFO - DAG(s) 'example_branch_dop_operator_v3' retrieved from /home/airflow/.local/lib/python3.12/site-packages/airflow/example_dags/example_branch_python_dop_operator_3.py
[2026-08-08T18:15:40.409+0000] {logging_mixin.py:190} INFO - [2026-08-08T18:15:40.409+0000] {dag.py:3211} INFO - Sync 1 DAGs
[2026-08-08T18:15:40.432+0000] {logging_mixin.py:190} INFO - [2026-08-08T18:15:40.432+0000] {dag.py:4138} INFO - Setting next_dagrun for example_branch_dop_operator_v3 to 2026-08-08 18:14:00+00:00, run_after=2026-08-08 18:15:00+00:00
[2026-08-08T18:15:40.449+0000] {processor.py:208} INFO - Processing /home/airflow/.local/lib/python3.12/site-packages/airflow/example_dags/example_branch_python_dop_operator_3.py took 0.083 seconds
[2026-08-08T18:17:11.875+0000] {processor.py:186} INFO - Started process (PID=109) to work on /home/airflow/.local/lib/python3.12/site-packages/airflow/example_dags/example_branch_python_dop_operator_3.py
[2026-08-08T18:17:11.880+0000] {processor.py:914} INFO - Processing file /home/airflow/.local/lib/python3.12/site-packages/airflow/example_dags/example_branch_python_dop_operator_3.py for tasks to queue
[2026-08-08T18:17:11.884+0000] {logging_mixin.py:190} INFO - [2026-08-08T18:17:11.883+0000] {dagbag.py:587} INFO - Filling up the DagBag from /home/airflow/.local/lib/python3.12/site-packages/airflow/example_dags/example_branch_python_dop_operator_3.py
[2026-08-08T18:17:11.898+0000] {processor.py:925} INFO - DAG(s) 'example_branch_dop_operator_v3' retrieved from /home/airflow/.local/lib/python3.12/site-packages/airflow/example_dags/example_branch_python_dop_operator_3.py
[2026-08-08T18:17:11.928+0000] {logging_mixin.py:190} INFO - [2026-08-08T18:17:11.928+0000] {dag.py:3211} INFO - Sync 1 DAGs
[2026-08-08T18:17:11.957+0000] {logging_mixin.py:190} INFO - [2026-08-08T18:17:11.957+0000] {dag.py:4138} INFO - Setting next_dagrun for example_branch_dop_operator_v3 to 2026-08-08 18:16:00+00:00, run_after=2026-08-08 18:17:00+00:00
[2026-08-08T18:17:11.985+0000] {processor.py:208} INFO - Processing /home/airflow/.local/lib/python3.12/site-packages/airflow/example_dags/example_branch_python_dop_operator_3.py took 0.117 seconds
[2026-08-08T18:17:42.705+0000] {processor.py:186} INFO - Started process (PID=172) to work on /home/airflow/.local/lib/python3.12/site-packages/airflow/example_dags/example_branch_python_dop_operator_3.py
[2026-08-08T18:17:42.707+0000] {processor.py:914} INFO - Processing file /home/airflow/.local/lib/python3.12/site-packages/airflow/example_dags/example_branch_python_dop_operator_3.py for tasks to queue
[2026-08-08T18:17:42.710+0000] {logging_mixin.py:190} INFO - [2026-08-08T18:17:42.709+0000] {dagbag.py:587} INFO - Filling up the DagBag from /home/airflow/.local/lib/python3.12/site-packages/airflow/example_dags/example_branch_python_dop_operator_3.py
[2026-08-08T18:17:42.719+0000] {processor.py:925} INFO - DAG(s) 'example_branch_dop_operator_v3' retrieved from /home/airflow/.local/lib/python3.12/site-packages/airflow/example_dags/example_branch_python_dop_operator_3.py
[2026-08-08T18:17:42.739+0000] {logging_mixin.py:190} INFO - [2026-08-08T18:17:42.739+0000] {dag.py:3211} INFO - Sync 1 DAGs
[2026-08-08T18:17:42.767+0000] {logging_mixin.py:190} INFO - [2026-08-08T18:17:42.767+0000] {dag.py:4138} INFO - Setting next_dagrun for example_branch_dop_operator_v3 to 2026-08-08 18:16:00+00:00, run_after=2026-08-08 18:17:00+00:00
[2026-08-08T18:17:42.789+0000] {processor.py:208} INFO - Processing /home/airflow/.local/lib/python3.12/site-packages/airflow/example_dags/example_branch_python_dop_operator_3.py took 0.089 seconds
[2026-08-08T18:18:13.526+0000] {processor.py:186} INFO - Started process (PID=235) to work on /home/airflow/.local/lib/python3.12/site-packages/airflow/example_dags/example_branch_python_dop_operator_3.py
[2026-08-08T18:18:13.528+0000] {processor.py:914} INFO - Processing file /home/airflow/.local/lib/python3.12/site-packages/airflow/example_dags/example_branch_python_dop_operator_3.py for tasks to queue
[2026-08-08T18:18:13.531+0000] {logging_mixin.py:190} INFO - [2026-08-08T18:18:13.530+0000] {dagbag.py:587} INFO - Filling up the DagBag from /home/airflow/.local/lib/python3.12/site-packages/airflow/example_dags/example_branch_python_dop_operator_3.py
[2026-08-08T18:18:13.544+0000] {processor.py:925} INFO - DAG(s) 'example_branch_dop_operator_v3' retrieved from /home/airflow/.local/lib/python3.12/site-packages/airflow/example_dags/example_branch_python_dop_operator_3.py
[2026-08-08T18:18:13.568+0000] {logging_mixin.py:190} INFO - [2026-08-08T18:18:13.568+0000] {dag.py:3211} INFO - Sync 1 DAGs
[2026-08-08T18:18:13.598+0000] {logging_mixin.py:190} INFO - [2026-08-08T18:18:13.597+0000] {dag.py:4138} INFO - Setting next_dagrun for example_branch_dop_operator_v3 to 2026-08-08 18:17:00+00:00, run_after=2026-08-08 18:18:00+00:00
[2026-08-08T18:18:13.619+0000] {processor.py:208} INFO - Processing /home/airflow/.local/lib/python3.12/site-packages/airflow/example_dags/example_branch_python_dop_operator_3.py took 0.098 seconds
[2026-08-08T18:18:44.100+0000] {processor.py:186} INFO - Started process (PID=299) to work on /home/airflow/.local/lib/python3.12/site-packages/airflow/example_dags/example_branch_python_dop_operator_3.py
[2026-08-08T18:18:44.101+0000] {processor.py:914} INFO - Processing file /home/airflow/.local/lib/python3.12/site-packages/airflow/example_dags/example_branch_python_dop_operator_3.py for tasks to queue
[2026-08-08T18:18:44.103+0000] {logging_mixin.py:190} INFO - [2026-08-08T18:18:44.103+0000] {dagbag.py:587} INFO - Filling up the DagBag from /home/airflow/.local/lib/python3.12/site-packages/airflow/example_dags/example_branch_python_dop_operator_3.py
[2026-08-08T18:18:44.114+0000] {processor.py:925} INFO - DAG(s) 'example_branch_dop_operator_v3' retrieved from /home/airflow/.local/lib/python3.12/site-packages/airflow/example_dags/example_branch_python_dop_operator_3.py
[2026-08-08T18:18:44.135+0000] {logging_mixin.py:190} INFO - [2026-08-08T18:18:44.134+0000] {dag.py:3211} INFO - Sync 1 DAGs
[2026-08-08T18:18:44.167+0000] {logging_mixin.py:190} INFO - [2026-08-08T18:18:44.166+0000] {dag.py:4138} INFO - Setting next_dagrun for example_branch_dop_operator_v3 to 2026-08-08 18:17:00+00:00, run_after=2026-08-08 18:18:00+00:00
[2026-08-08T18:18:44.189+0000] {processor.py:208} INFO - Processing /home/airflow/.local/lib/python3.12/site-packages/airflow/example_dags/example_branch_python_dop_operator_3.py took 0.095 seconds
[2026-08-08T18:19:14.866+0000] {processor.py:186} INFO - Started process (PID=362) to work on /home/airflow/.local/lib/python3.12/site-packages/airflow/example_dags/example_branch_python_dop_operator_3.py
[2026-08-08T18:19:14.868+0000] {processor.py:914} INFO - Processing file /home/airflow/.local/lib/python3.12/site-packages/airflow/example_dags/example_branch_python_dop_operator_3.py for tasks to queue
[2026-08-08T18:19:14.870+0000] {logging_mixin.py:190} INFO - [2026-08-08T18:19:14.870+0000] {dagbag.py:587} INFO - Filling up the DagBag from /home/airflow/.local/lib/python3.12/site-packages/airflow/example_dags/example_branch_python_dop_operator_3.py
[2026-08-08T18:19:14.883+0000] {processor.py:925} INFO - DAG(s) 'example_branch_dop_operator_v3' retrieved from /home/airflow/.local/lib/python3.12/site-packages/airflow/example_dags/example_branch_python_dop_operator_3.py
[2026-08-08T18:19:14.906+0000] {logging_mixin.py:190} INFO - [2026-08-08T18:19:14.906+0000] {dag.py:3211} INFO - Sync 1 DAGs
[2026-08-08T18:19:14.934+0000] {logging_mixin.py:190} INFO - [2026-08-08T18:19:14.934+0000] {dag.py:4138} INFO - Setting next_dagrun for example_branch_dop_operator_v3 to 2026-08-08 18:18:00+00:00, run_after=2026-08-08 18:19:00+00:00
[2026-08-08T18:19:14.957+0000] {processor.py:208} INFO - Processing /home/airflow/.local/lib/python3.12/site-packages/airflow/example_dags/example_branch_python_dop_operator_3.py took 0.098 seconds
[2026-08-08T18:24:00.942+0000] {processor.py:186} INFO - Started process (PID=424) to work on /home/airflow/.local/lib/python3.12/site-packages/airflow/example_dags/example_branch_python_dop_operator_3.py
[2026-08-08T18:24:00.948+0000] {processor.py:914} INFO - Processing file /home/airflow/.local/lib/python3.12/site-packages/airflow/example_dags/example_branch_python_dop_operator_3.py for tasks to queue
[2026-08-08T18:24:00.953+0000] {logging_mixin.py:190} INFO - [2026-08-08T18:24:00.952+0000] {dagbag.py:587} INFO - Filling up the DagBag from /home/airflow/.local/lib/python3.12/site-packages/airflow/example_dags/example_branch_python_dop_operator_3.py
[2026-08-08T18:24:00.962+0000] {processor.py:925} INFO - DAG(s) 'example_branch_dop_operator_v3' retrieved from /home/airflow/.local/lib/python3.12/site-packages/airflow/example_dags/example_branch_python_dop_operator_3.py
[2026-08-08T18:24:00.996+0000] {logging_mixin.py:190} INFO - [2026-08-08T18:24:00.996+0000] {dag.py:3211} INFO - Sync 1 DAGs
[2026-08-08T18:24:01.050+0000] {logging_mixin.py:190} INFO - [2026-08-08T18:24:01.049+0000] {dag.py:4138} INFO - Setting next_dagrun for example_branch_dop_operator_v3 to 2026-08-08 18:23:00+00:00, run_after=2026-08-08 18:24:00+00:00
[2026-08-08T18:24:01.096+0000] {processor.py:208} INFO - Processing /home/airflow/.local/lib/python3.12/site-packages/airflow/example_dags/example_branch_python_dop_operator_3.py took 0.159 seconds
[2026-08-08T18:24:31.524+0000] {processor.py:186} INFO - Started process (PID=487) to work on /home/airflow/.local/lib/python3.12/site-packages/airflow/example_dags/example_branch_python_dop_operator_3.py
[2026-08-08T18:24:31.527+0000] {processor.py:914} INFO - Processing file /home/airflow/.local/lib/python3.12/site-packages/airflow/example_dags/example_branch_python_dop_operator_3.py for tasks to queue
[2026-08-08T18:24:31.533+0000] {logging_mixin.py:190} INFO - [2026-08-08T18:24:31.532+0000] {dagbag.py:587} INFO - Filling up the DagBag from /home/airflow/.local/lib/python3.12/site-packages/airflow/example_dags/example_branch_python_dop_operator_3.py
[2026-08-08T18:24:31.550+0000] {processor.py:925} INFO - DAG(s) 'example_branch_dop_operator_v3' retrieved from /home/airflow/.local/lib/python3.12/site-packages/airflow/example_dags/example_branch_python_dop_operator_3.py
[2026-08-08T18:24:31.587+0000] {logging_mixin.py:190} INFO - [2026-08-08T18:24:31.587+0000] {dag.py:3211} INFO - Sync 1 DAGs
[2026-08-08T18:24:31.628+0000] {logging_mixin.py:190} INFO - [2026-08-08T18:24:31.627+0000] {dag.py:4138} INFO - Setting next_dagrun for example_branch_dop_operator_v3 to 2026-08-08 18:23:00+00:00, run_after=2026-08-08 18:24:00+00:00
[2026-08-08T18:24:31.661+0000] {processor.py:208} INFO - Processing /home/airflow/.local/lib/python3.12/site-packages/airflow/example_dags/example_branch_python_dop_operator_3.py took 0.149 seconds
[2026-08-08T18:25:02.086+0000] {processor.py:186} INFO - Started process (PID=550) to work on /home/airflow/.local/lib/python3.12/site-packages/airflow/example_dags/example_branch_python_dop_operator_3.py
[2026-08-08T18:25:02.088+0000] {processor.py:914} INFO - Processing file /home/airflow/.local/lib/python3.12/site-packages/airflow/example_dags/example_branch_python_dop_operator_3.py for tasks to queue
[2026-08-08T18:25:02.091+0000] {logging_mixin.py:190} INFO - [2026-08-08T18:25:02.091+0000] {dagbag.py:587} INFO - Filling up the DagBag from /home/airflow/.local/lib/python3.12/site-packages/airflow/example_dags/example_branch_python_dop_operator_3.py
[2026-08-08T18:25:02.102+0000] {processor.py:925} INFO - DAG(s) 'example_branch_dop_operator_v3' retrieved from /home/airflow/.local/lib/python3.12/site-packages/airflow/example_dags/example_branch_python_dop_operator_3.py
[2026-08-08T18:25:02.133+0000] {logging_mixin.py:190} INFO - [2026-08-08T18:25:02.132+0000] {dag.py:3211} INFO - Sync 1 DAGs
[2026-08-08T18:25:02.168+0000] {logging_mixin.py:190} INFO - [2026-08-08T18:25:02.167+0000] {dag.py:4138} INFO - Setting next_dagrun for example_branch_dop_operator_v3 to 2026-08-08 18:24:00+00:00, run_after=2026-08-08 18:25:00+00:00
[2026-08-08T18:25:02.193+0000] {processor.py:208} INFO - Processing /home/airflow/.local/lib/python3.12/site-packages/airflow/example_dags/example_branch_python_dop_operator_3.py took 0.113 seconds
[2026-08-08T18:25:32.692+0000] {processor.py:186} INFO - Started process (PID=613) to work on /home/airflow/.local/lib/python3.12/site-packages/airflow/example_dags/example_branch_python_dop_operator_3.py
[2026-08-08T18:25:32.694+0000] {processor.py:914} INFO - Processing file /home/airflow/.local/lib/python3.12/site-packages/airflow/example_dags/example_branch_python_dop_operator_3.py for tasks to queue
[2026-08-08T18:25:32.697+0000] {logging_mixin.py:190} INFO - [2026-08-08T18:25:32.697+0000] {dagbag.py:587} INFO - Filling up the DagBag from /home/airflow/.local/lib/python3.12/site-packages/airflow/example_dags/example_branch_python_dop_operator_3.py
[2026-08-08T18:25:32.710+0000] {processor.py:925} INFO - DAG(s) 'example_branch_dop_operator_v3' retrieved from /home/airflow/.local/lib/python3.12/site-packages/airflow/example_dags/example_branch_python_dop_operator_3.py
[2026-08-08T18:25:32.732+0000] {logging_mixin.py:190} INFO - [2026-08-08T18:25:32.731+0000] {dag.py:3211} INFO - Sync 1 DAGs
[2026-08-08T18:25:32.759+0000] {logging_mixin.py:190} INFO - [2026-08-08T18:25:32.759+0000] {dag.py:4138} INFO - Setting next_dagrun for example_branch_dop_operator_v3 to 2026-08-08 18:24:00+00:00, run_after=2026-08-08 18:25:00+00:00
[2026-08-08T18:25:32.781+0000] {processor.py:208} INFO - Processing /home/airflow/.local/lib/python3.12/site-packages/airflow/example_dags/example_branch_python_dop_operator_3.py took 0.097 seconds
[2026-08-08T18:26:03.216+0000] {processor.py:186} INFO - Started process (PID=677) to work on /home/airflow/.local/lib/python3.12/site-packages/airflow/example_dags/example_branch_python_dop_operator_3.py
[2026-08-08T18:26:03.218+0000] {processor.py:914} INFO - Processing file /home/airflow/.local/lib/python3.12/site-packages/airflow/example_dags/example_branch_python_dop_operator_3.py for tasks to queue
[2026-08-08T18:26:03.221+0000] {logging_mixin.py:190} INFO - [2026-08-08T18:26:03.220+0000] {dagbag.py:587} INFO - Filling up the DagBag from /home/airflow/.local/lib/python3.12/site-packages/airflow/example_dags/example_branch_python_dop_operator_3.py
[2026-08-08T18:26:03.230+0000] {processor.py:925} INFO - DAG(s) 'example_branch_dop_operator_v3' retrieved from /home/airflow/.local/lib/python3.12/site-packages/airflow/example_dags/example_branch_python_dop_operator_3.py
[2026-08-08T18:26:03.248+0000] {logging_mixin.py:190} INFO - [2026-08-08T18:26:03.248+0000] {dag.py:3211} INFO - Sync 1 DAGs
[2026-08-08T18:26:03.269+0000] {logging_mixin.py:190} INFO - [2026-08-08T18:26:03.269+0000] {dag.py:4138} INFO - Setting next_dagrun for example_branch_dop_operator_v3 to 2026-08-08 18:25:00+00:00, run_after=2026-08-08 18:26:00+00:00
[2026-08-08T18:26:03.285+0000] {processor.py:208} INFO - Processing /home/airflow/.local/lib/python3.12/site-packages/airflow/example_dags/example_branch_python_dop_operator_3.py took 0.074 seconds
[2026-08-08T18:26:33.894+0000] {processor.py:186} INFO - Started process (PID=740) to work on /home/airflow/.local/lib/python3.12/site-packages/airflow/example_dags/example_branch_python_dop_operator_3.py
[2026-08-08T18:26:33.895+0000] {processor.py:914} INFO - Processing file /home/airflow/.local/lib/python3.12/site-packages/airflow/example_dags/example_branch_python_dop_operator_3.py for tasks to queue
[2026-08-08T18:26:33.898+0000] {logging_mixin.py:190} INFO - [2026-08-08T18:26:33.898+0000] {dagbag.py:587} INFO - Filling up the DagBag from /home/airflow/.local/lib/python3.12/site-packages/airflow/example_dags/example_branch_python_dop_operator_3.py
[2026-08-08T18:26:33.910+0000] {processor.py:925} INFO - DAG(s) 'example_branch_dop_operator_v3' retrieved from /home/airflow/.local/lib/python3.12/site-packages/airflow/example_dags/example_branch_python_dop_operator_3.py
[2026-08-08T18:26:33.931+0000] {logging_mixin.py:190} INFO - [2026-08-08T18:26:33.931+0000] {dag.py:3211} INFO - Sync 1 DAGs
[2026-08-08T18:26:33.957+0000] {logging_mixin.py:190} INFO - [2026-08-08T18:26:33.957+0000] {dag.py:4138} INFO - Setting next_dagrun for example_branch_dop_operator_v3 to 2026-08-08 18:25:00+00:00, run_after=2026-08-08 18:26:00+00:00
[2026-08-08T18:26:33.975+0000] {processor.py:208} INFO - Processing /home/airflow/.local/lib/python3.12/site-packages/airflow/example_dags/example_branch_python_dop_operator_3.py took 0.088 seconds
