[2026-08-08T17:25:09.714+0000] {processor.py:186} INFO - Started process (PID=92) to work on /home/airflow/.local/lib/python3.12/site-packages/airflow/example_dags/example_branch_day_of_week_operator.py
[2026-08-08T17:25:09.716+0000] {processor.py:914} INFO - Processing file /home/airflow/.local/lib/python3.12/site-packages/airflow/example_dags/example_branch_day_of_week_operator.py for tasks to queue
[2026-08-08T17:25:09.718+0000] {logging_mixin.py:190} INFO - [2026-08-08T17:25:09.718+0000] {dagbag.py:587} INFO - Filling up the DagBag from /home/airflow/.local/lib/python3.12/site-packages/airflow/example_dags/example_branch_day_of_week_operator.py
[2026-08-08T17:25:09.745+0000] {processor.py:925} INFO - DAG(s) 'example_weekday_branch_operator' retrieved from /home/airflow/.local/lib/python3.12/site-packages/airflow/example_dags/example_branch_day_of_week_operator.py
[2026-08-08T17:25:10.174+0000] {logging_mixin.py:190} INFO - [2026-08-08T17:25:10.173+0000] {override.py:1858} INFO - Created Permission View: can delete on DAG:example_weekday_branch_operator
[2026-08-08T17:25:10.284+0000] {logging_mixin.py:190} INFO - [2026-08-08T17:25:10.283+0000] {override.py:1858} INFO - Created Permission View: can edit on DAG:example_weekday_branch_operator
[2026-08-08T17:25:10.376+0000] {logging_mixin.py:190} INFO - [2026-08-08T17:25:10.376+0000] {override.py:1858} INFO - Created Permission View: can read on DAG:example_weekday_branch_operator
[2026-08-08T17:25:10.377+0000] {logging_mixin.py:190} INFO - [2026-08-08T17:25:10.377+0000] {dag.py:3211} INFO - Sync 1 DAGs
[2026-08-08T17:25:10.387+0000] {logging_mixin.py:190} INFO - [2026-08-08T17:25:10.387+0000] {dag.py:3234} INFO - Creating ORM DAG for example_weekday_branch_operator
[2026-08-08T17:25:10.395+0000] {logging_mixin.py:190} INFO - [2026-08-08T17:25:10.395+0000] {dag.py:4138} INFO - Setting next_dagrun for example_weekday_branch_operator to 2026-08-07 00:00:00+00:00, run_after=2026-08-08 00:00:00+00:00
[2026-08-08T17:25:10.489+0000] {processor.py:208} INFO - Processing /home/airflow/.local/lib/python3.12/site-packages/airflow/example_dags/example_branch_day_of_week_operator.py took 0.780 seconds
[2026-08-08T17:25:41.269+0000] {processor.py:186} INFO - Started process (PID=155) to work on /home/airflow/.local/lib/python3.12/site-packages/airflow/example_dags/example_branch_day_of_week_operator.py
[2026-08-08T17:25:41.270+0000] {processor.py:914} INFO - Processing file /home/airflow/.local/lib/python3.12/site-packages/airflow/example_dags/example_branch_day_of_week_operator.py for tasks to queue
[2026-08-08T17:25:41.274+0000] {logging_mixin.py:190} INFO - [2026-08-08T17:25:41.273+0000] {dagbag.py:587} INFO - Filling up the DagBag from /home/airflow/.local/lib/python3.12/site-packages/airflow/example_dags/example_branch_day_of_week_operator.py
[2026-08-08T17:25:41.282+0000] {processor.py:925} INFO - DAG(s) 'example_weekday_branch_operator' retrieved from /home/airflow/.local/lib/python3.12/site-packages/airflow/example_dags/example_branch_day_of_week_operator.py
[2026-08-08T17:25:41.305+0000] {logging_mixin.py:190} INFO - [2026-08-08T17:25:41.305+0000] {dag.py:3211} INFO - Sync 1 DAGs
[2026-08-08T17:25:41.328+0000] {logging_mixin.py:190} INFO - [2026-08-08T17:25:41.327+0000] {dag.py:4138} INFO - Setting next_dagrun for example_weekday_branch_operator to 2026-08-07 00:00:00+00:00, run_after=2026-08-08 00:00:00+00:00
[2026-08-08T17:25:41.346+0000] {processor.py:208} INFO - Processing /home/airflow/.local/lib/python3.12/site-packages/airflow/example_dags/example_branch_day_of_week_operator.py took 0.084 seconds
[2026-08-08T17:26:11.736+0000] {processor.py:186} INFO - Started process (PID=218) to work on /home/airflow/.local/lib/python3.12/site-packages/airflow/example_dags/example_branch_day_of_week_operator.py
[2026-08-08T17:26:11.738+0000] {processor.py:914} INFO - Processing file /home/airflow/.local/lib/python3.12/site-packages/airflow/example_dags/example_branch_day_of_week_operator.py for tasks to queue
[2026-08-08T17:26:11.743+0000] {logging_mixin.py:190} INFO - [2026-08-08T17:26:11.742+0000] {dagbag.py:587} INFO - Filling up the DagBag from /home/airflow/.local/lib/python3.12/site-packages/airflow/example_dags/example_branch_day_of_week_operator.py
[2026-08-08T17:26:11.761+0000] {processor.py:925} INFO - DAG(s) 'example_weekday_branch_operator' retrieved from /home/airflow/.local/lib/python3.12/site-packages/airflow/example_dags/example_branch_day_of_week_operator.py
[2026-08-08T17:26:11.806+0000] {logging_mixin.py:190} INFO - [2026-08-08T17:26:11.805+0000] {dag.py:3211} INFO - Sync 1 DAGs
[2026-08-08T17:26:11.855+0000] {logging_mixin.py:190} INFO - [2026-08-08T17:26:11.854+0000] {dag.py:4138} INFO - Setting next_dagrun for example_weekday_branch_operator to 2026-08-07 00:00:00+00:00, run_after=2026-08-08 00:00:00+00:00
[2026-08-08T17:26:11.893+0000] {processor.py:208} INFO - Processing /home/airflow/.local/lib/python3.12/site-packages/airflow/example_dags/example_branch_day_of_week_operator.py took 0.169 seconds
[2026-08-08T17:26:42.059+0000] {processor.py:186} INFO - Started process (PID=281) to work on /home/airflow/.local/lib/python3.12/site-packages/airflow/example_dags/example_branch_day_of_week_operator.py
[2026-08-08T17:26:42.061+0000] {processor.py:914} INFO - Processing file /home/airflow/.local/lib/python3.12/site-packages/airflow/example_dags/example_branch_day_of_week_operator.py for tasks to queue
[2026-08-08T17:26:42.064+0000] {logging_mixin.py:190} INFO - [2026-08-08T17:26:42.064+0000] {dagbag.py:587} INFO - Filling up the DagBag from /home/airflow/.local/lib/python3.12/site-packages/airflow/example_dags/example_branch_day_of_week_operator.py
[2026-08-08T17:26:42.078+0000] {processor.py:925} INFO - DAG(s) 'example_weekday_branch_operator' retrieved from /home/airflow/.local/lib/python3.12/site-packages/airflow/example_dags/example_branch_day_of_week_operator.py
[2026-08-08T17:26:42.108+0000] {logging_mixin.py:190} INFO - [2026-08-08T17:26:42.108+0000] {dag.py:3211} INFO - Sync 1 DAGs
[2026-08-08T17:26:42.137+0000] {logging_mixin.py:190} INFO - [2026-08-08T17:26:42.137+0000] {dag.py:4138} INFO - Setting next_dagrun for example_weekday_branch_operator to 2026-08-07 00:00:00+00:00, run_after=2026-08-08 00:00:00+00:00
[2026-08-08T17:26:42.190+0000] {processor.py:208} INFO - Processing /home/airflow/.local/lib/python3.12/site-packages/airflow/example_dags/example_branch_day_of_week_operator.py took 0.139 seconds
[2026-08-08T17:27:12.647+0000] {processor.py:186} INFO - Started process (PID=344) to work on /home/airflow/.local/lib/python3.12/site-packages/airflow/example_dags/example_branch_day_of_week_operator.py
[2026-08-08T17:27:12.648+0000] {processor.py:914} INFO - Processing file /home/airflow/.local/lib/python3.12/site-packages/airflow/example_dags/example_branch_day_of_week_operator.py for tasks to queue
[2026-08-08T17:27:12.651+0000] {logging_mixin.py:190} INFO - [2026-08-08T17:27:12.650+0000] {dagbag.py:587} INFO - Filling up the DagBag from /home/airflow/.local/lib/python3.12/site-packages/airflow/example_dags/example_branch_day_of_week_operator.py
[2026-08-08T17:27:12.659+0000] {processor.py:925} INFO - DAG(s) 'example_weekday_branch_operator' retrieved from /home/airflow/.local/lib/python3.12/site-packages/airflow/example_dags/example_branch_day_of_week_operator.py
[2026-08-08T17:27:12.679+0000] {logging_mixin.py:190} INFO - [2026-08-08T17:27:12.679+0000] {dag.py:3211} INFO - Sync 1 DAGs
[2026-08-08T17:27:12.702+0000] {logging_mixin.py:190} INFO - [2026-08-08T17:27:12.701+0000] {dag.py:4138} INFO - Setting next_dagrun for example_weekday_branch_operator to 2026-08-07 00:00:00+00:00, run_after=2026-08-08 00:00:00+00:00
[2026-08-08T17:27:12.719+0000] {processor.py:208} INFO - Processing /home/airflow/.local/lib/python3.12/site-packages/airflow/example_dags/example_branch_day_of_week_operator.py took 0.078 seconds
[2026-08-08T17:27:43.149+0000] {processor.py:186} INFO - Started process (PID=407) to work on /home/airflow/.local/lib/python3.12/site-packages/airflow/example_dags/example_branch_day_of_week_operator.py
[2026-08-08T17:27:43.150+0000] {processor.py:914} INFO - Processing file /home/airflow/.local/lib/python3.12/site-packages/airflow/example_dags/example_branch_day_of_week_operator.py for tasks to queue
[2026-08-08T17:27:43.152+0000] {logging_mixin.py:190} INFO - [2026-08-08T17:27:43.152+0000] {dagbag.py:587} INFO - Filling up the DagBag from /home/airflow/.local/lib/python3.12/site-packages/airflow/example_dags/example_branch_day_of_week_operator.py
[2026-08-08T17:27:43.163+0000] {processor.py:925} INFO - DAG(s) 'example_weekday_branch_operator' retrieved from /home/airflow/.local/lib/python3.12/site-packages/airflow/example_dags/example_branch_day_of_week_operator.py
[2026-08-08T17:27:43.185+0000] {logging_mixin.py:190} INFO - [2026-08-08T17:27:43.184+0000] {dag.py:3211} INFO - Sync 1 DAGs
[2026-08-08T17:27:43.207+0000] {logging_mixin.py:190} INFO - [2026-08-08T17:27:43.207+0000] {dag.py:4138} INFO - Setting next_dagrun for example_weekday_branch_operator to 2026-08-07 00:00:00+00:00, run_after=2026-08-08 00:00:00+00:00
[2026-08-08T17:27:43.229+0000] {processor.py:208} INFO - Processing /home/airflow/.local/lib/python3.12/site-packages/airflow/example_dags/example_branch_day_of_week_operator.py took 0.084 seconds
[2026-08-08T17:28:13.607+0000] {processor.py:186} INFO - Started process (PID=470) to work on /home/airflow/.local/lib/python3.12/site-packages/airflow/example_dags/example_branch_day_of_week_operator.py
[2026-08-08T17:28:13.609+0000] {processor.py:914} INFO - Processing file /home/airflow/.local/lib/python3.12/site-packages/airflow/example_dags/example_branch_day_of_week_operator.py for tasks to queue
[2026-08-08T17:28:13.612+0000] {logging_mixin.py:190} INFO - [2026-08-08T17:28:13.612+0000] {dagbag.py:587} INFO - Filling up the DagBag from /home/airflow/.local/lib/python3.12/site-packages/airflow/example_dags/example_branch_day_of_week_operator.py
[2026-08-08T17:28:13.623+0000] {processor.py:925} INFO - DAG(s) 'example_weekday_branch_operator' retrieved from /home/airflow/.local/lib/python3.12/site-packages/airflow/example_dags/example_branch_day_of_week_operator.py
[2026-08-08T17:28:13.644+0000] {logging_mixin.py:190} INFO - [2026-08-08T17:28:13.644+0000] {dag.py:3211} INFO - Sync 1 DAGs
[2026-08-08T17:28:13.665+0000] {logging_mixin.py:190} INFO - [2026-08-08T17:28:13.665+0000] {dag.py:4138} INFO - Setting next_dagrun for example_weekday_branch_operator to 2026-08-07 00:00:00+00:00, run_after=2026-08-08 00:00:00+00:00
[2026-08-08T17:28:13.689+0000] {processor.py:208} INFO - Processing /home/airflow/.local/lib/python3.12/site-packages/airflow/example_dags/example_branch_day_of_week_operator.py took 0.090 seconds
[2026-08-08T17:28:44.423+0000] {processor.py:186} INFO - Started process (PID=533) to work on /home/airflow/.local/lib/python3.12/site-packages/airflow/example_dags/example_branch_day_of_week_operator.py
[2026-08-08T17:28:44.428+0000] {processor.py:914} INFO - Processing file /home/airflow/.local/lib/python3.12/site-packages/airflow/example_dags/example_branch_day_of_week_operator.py for tasks to queue
[2026-08-08T17:28:44.433+0000] {logging_mixin.py:190} INFO - [2026-08-08T17:28:44.432+0000] {dagbag.py:587} INFO - Filling up the DagBag from /home/airflow/.local/lib/python3.12/site-packages/airflow/example_dags/example_branch_day_of_week_operator.py
[2026-08-08T17:28:44.442+0000] {processor.py:925} INFO - DAG(s) 'example_weekday_branch_operator' retrieved from /home/airflow/.local/lib/python3.12/site-packages/airflow/example_dags/example_branch_day_of_week_operator.py
[2026-08-08T17:28:44.480+0000] {logging_mixin.py:190} INFO - [2026-08-08T17:28:44.479+0000] {dag.py:3211} INFO - Sync 1 DAGs
[2026-08-08T17:28:44.508+0000] {logging_mixin.py:190} INFO - [2026-08-08T17:28:44.508+0000] {dag.py:4138} INFO - Setting next_dagrun for example_weekday_branch_operator to 2026-08-07 00:00:00+00:00, run_after=2026-08-08 00:00:00+00:00
[2026-08-08T17:28:44.563+0000] {processor.py:208} INFO - Processing /home/airflow/.local/lib/python3.12/site-packages/airflow/example_dags/example_branch_day_of_week_operator.py took 0.148 seconds
[2026-08-08T17:29:14.743+0000] {processor.py:186} INFO - Started process (PID=596) to work on /home/airflow/.local/lib/python3.12/site-packages/airflow/example_dags/example_branch_day_of_week_operator.py
[2026-08-08T17:29:14.745+0000] {processor.py:914} INFO - Processing file /home/airflow/.local/lib/python3.12/site-packages/airflow/example_dags/example_branch_day_of_week_operator.py for tasks to queue
[2026-08-08T17:29:14.748+0000] {logging_mixin.py:190} INFO - [2026-08-08T17:29:14.748+0000] {dagbag.py:587} INFO - Filling up the DagBag from /home/airflow/.local/lib/python3.12/site-packages/airflow/example_dags/example_branch_day_of_week_operator.py
[2026-08-08T17:29:14.760+0000] {processor.py:925} INFO - DAG(s) 'example_weekday_branch_operator' retrieved from /home/airflow/.local/lib/python3.12/site-packages/airflow/example_dags/example_branch_day_of_week_operator.py
[2026-08-08T17:29:14.783+0000] {logging_mixin.py:190} INFO - [2026-08-08T17:29:14.783+0000] {dag.py:3211} INFO - Sync 1 DAGs
[2026-08-08T17:29:14.804+0000] {logging_mixin.py:190} INFO - [2026-08-08T17:29:14.804+0000] {dag.py:4138} INFO - Setting next_dagrun for example_weekday_branch_operator to 2026-08-07 00:00:00+00:00, run_after=2026-08-08 00:00:00+00:00
[2026-08-08T17:29:14.826+0000] {processor.py:208} INFO - Processing /home/airflow/.local/lib/python3.12/site-packages/airflow/example_dags/example_branch_day_of_week_operator.py took 0.088 seconds
[2026-08-08T17:29:45.016+0000] {processor.py:186} INFO - Started process (PID=660) to work on /home/airflow/.local/lib/python3.12/site-packages/airflow/example_dags/example_branch_day_of_week_operator.py
[2026-08-08T17:29:45.018+0000] {processor.py:914} INFO - Processing file /home/airflow/.local/lib/python3.12/site-packages/airflow/example_dags/example_branch_day_of_week_operator.py for tasks to queue
[2026-08-08T17:29:45.020+0000] {logging_mixin.py:190} INFO - [2026-08-08T17:29:45.020+0000] {dagbag.py:587} INFO - Filling up the DagBag from /home/airflow/.local/lib/python3.12/site-packages/airflow/example_dags/example_branch_day_of_week_operator.py
[2026-08-08T17:29:45.030+0000] {processor.py:925} INFO - DAG(s) 'example_weekday_branch_operator' retrieved from /home/airflow/.local/lib/python3.12/site-packages/airflow/example_dags/example_branch_day_of_week_operator.py
[2026-08-08T17:29:45.053+0000] {logging_mixin.py:190} INFO - [2026-08-08T17:29:45.053+0000] {dag.py:3211} INFO - Sync 1 DAGs
[2026-08-08T17:29:45.077+0000] {logging_mixin.py:190} INFO - [2026-08-08T17:29:45.077+0000] {dag.py:4138} INFO - Setting next_dagrun for example_weekday_branch_operator to 2026-08-07 00:00:00+00:00, run_after=2026-08-08 00:00:00+00:00
[2026-08-08T17:29:45.098+0000] {processor.py:208} INFO - Processing /home/airflow/.local/lib/python3.12/site-packages/airflow/example_dags/example_branch_day_of_week_operator.py took 0.087 seconds
[2026-08-08T17:30:15.661+0000] {processor.py:186} INFO - Started process (PID=722) to work on /home/airflow/.local/lib/python3.12/site-packages/airflow/example_dags/example_branch_day_of_week_operator.py
[2026-08-08T17:30:15.664+0000] {processor.py:914} INFO - Processing file /home/airflow/.local/lib/python3.12/site-packages/airflow/example_dags/example_branch_day_of_week_operator.py for tasks to queue
[2026-08-08T17:30:15.670+0000] {logging_mixin.py:190} INFO - [2026-08-08T17:30:15.669+0000] {dagbag.py:587} INFO - Filling up the DagBag from /home/airflow/.local/lib/python3.12/site-packages/airflow/example_dags/example_branch_day_of_week_operator.py
[2026-08-08T17:30:15.686+0000] {processor.py:925} INFO - DAG(s) 'example_weekday_branch_operator' retrieved from /home/airflow/.local/lib/python3.12/site-packages/airflow/example_dags/example_branch_day_of_week_operator.py
[2026-08-08T17:30:15.728+0000] {logging_mixin.py:190} INFO - [2026-08-08T17:30:15.728+0000] {dag.py:3211} INFO - Sync 1 DAGs
[2026-08-08T17:30:15.769+0000] {logging_mixin.py:190} INFO - [2026-08-08T17:30:15.769+0000] {dag.py:4138} INFO - Setting next_dagrun for example_weekday_branch_operator to 2026-08-07 00:00:00+00:00, run_after=2026-08-08 00:00:00+00:00
[2026-08-08T17:30:15.803+0000] {processor.py:208} INFO - Processing /home/airflow/.local/lib/python3.12/site-packages/airflow/example_dags/example_branch_day_of_week_operator.py took 0.151 seconds
[2026-08-08T17:30:46.186+0000] {processor.py:186} INFO - Started process (PID=784) to work on /home/airflow/.local/lib/python3.12/site-packages/airflow/example_dags/example_branch_day_of_week_operator.py
[2026-08-08T17:30:46.188+0000] {processor.py:914} INFO - Processing file /home/airflow/.local/lib/python3.12/site-packages/airflow/example_dags/example_branch_day_of_week_operator.py for tasks to queue
[2026-08-08T17:30:46.191+0000] {logging_mixin.py:190} INFO - [2026-08-08T17:30:46.190+0000] {dagbag.py:587} INFO - Filling up the DagBag from /home/airflow/.local/lib/python3.12/site-packages/airflow/example_dags/example_branch_day_of_week_operator.py
[2026-08-08T17:30:46.203+0000] {processor.py:925} INFO - DAG(s) 'example_weekday_branch_operator' retrieved from /home/airflow/.local/lib/python3.12/site-packages/airflow/example_dags/example_branch_day_of_week_operator.py
[2026-08-08T17:30:46.225+0000] {logging_mixin.py:190} INFO - [2026-08-08T17:30:46.225+0000] {dag.py:3211} INFO - Sync 1 DAGs
[2026-08-08T17:30:46.248+0000] {logging_mixin.py:190} INFO - [2026-08-08T17:30:46.247+0000] {dag.py:4138} INFO - Setting next_dagrun for example_weekday_branch_operator to 2026-08-07 00:00:00+00:00, run_after=2026-08-08 00:00:00+00:00
[2026-08-08T17:30:46.272+0000] {processor.py:208} INFO - Processing /home/airflow/.local/lib/python3.12/site-packages/airflow/example_dags/example_branch_day_of_week_operator.py took 0.091 seconds
[2026-08-08T17:31:16.745+0000] {processor.py:186} INFO - Started process (PID=848) to work on /home/airflow/.local/lib/python3.12/site-packages/airflow/example_dags/example_branch_day_of_week_operator.py
[2026-08-08T17:31:16.747+0000] {processor.py:914} INFO - Processing file /home/airflow/.local/lib/python3.12/site-packages/airflow/example_dags/example_branch_day_of_week_operator.py for tasks to queue
[2026-08-08T17:31:16.752+0000] {logging_mixin.py:190} INFO - [2026-08-08T17:31:16.751+0000] {dagbag.py:587} INFO - Filling up the DagBag from /home/airflow/.local/lib/python3.12/site-packages/airflow/example_dags/example_branch_day_of_week_operator.py
[2026-08-08T17:31:16.771+0000] {processor.py:925} INFO - DAG(s) 'example_weekday_branch_operator' retrieved from /home/airflow/.local/lib/python3.12/site-packages/airflow/example_dags/example_branch_day_of_week_operator.py
[2026-08-08T17:31:16.824+0000] {logging_mixin.py:190} INFO - [2026-08-08T17:31:16.823+0000] {dag.py:3211} INFO - Sync 1 DAGs
[2026-08-08T17:31:16.876+0000] {logging_mixin.py:190} INFO - [2026-08-08T17:31:16.875+0000] {dag.py:4138} INFO - Setting next_dagrun for example_weekday_branch_operator to 2026-08-07 00:00:00+00:00, run_after=2026-08-08 00:00:00+00:00
[2026-08-08T17:31:16.910+0000] {processor.py:208} INFO - Processing /home/airflow/.local/lib/python3.12/site-packages/airflow/example_dags/example_branch_day_of_week_operator.py took 0.175 seconds
[2026-08-08T17:31:47.261+0000] {processor.py:186} INFO - Started process (PID=911) to work on /home/airflow/.local/lib/python3.12/site-packages/airflow/example_dags/example_branch_day_of_week_operator.py
[2026-08-08T17:31:47.262+0000] {processor.py:914} INFO - Processing file /home/airflow/.local/lib/python3.12/site-packages/airflow/example_dags/example_branch_day_of_week_operator.py for tasks to queue
[2026-08-08T17:31:47.265+0000] {logging_mixin.py:190} INFO - [2026-08-08T17:31:47.265+0000] {dagbag.py:587} INFO - Filling up the DagBag from /home/airflow/.local/lib/python3.12/site-packages/airflow/example_dags/example_branch_day_of_week_operator.py
[2026-08-08T17:31:47.274+0000] {processor.py:925} INFO - DAG(s) 'example_weekday_branch_operator' retrieved from /home/airflow/.local/lib/python3.12/site-packages/airflow/example_dags/example_branch_day_of_week_operator.py
[2026-08-08T17:31:47.295+0000] {logging_mixin.py:190} INFO - [2026-08-08T17:31:47.294+0000] {dag.py:3211} INFO - Sync 1 DAGs
[2026-08-08T17:31:47.316+0000] {logging_mixin.py:190} INFO - [2026-08-08T17:31:47.316+0000] {dag.py:4138} INFO - Setting next_dagrun for example_weekday_branch_operator to 2026-08-07 00:00:00+00:00, run_after=2026-08-08 00:00:00+00:00
[2026-08-08T17:31:47.341+0000] {processor.py:208} INFO - Processing /home/airflow/.local/lib/python3.12/site-packages/airflow/example_dags/example_branch_day_of_week_operator.py took 0.087 seconds
[2026-08-08T17:32:17.838+0000] {processor.py:186} INFO - Started process (PID=974) to work on /home/airflow/.local/lib/python3.12/site-packages/airflow/example_dags/example_branch_day_of_week_operator.py
[2026-08-08T17:32:17.839+0000] {processor.py:914} INFO - Processing file /home/airflow/.local/lib/python3.12/site-packages/airflow/example_dags/example_branch_day_of_week_operator.py for tasks to queue
[2026-08-08T17:32:17.842+0000] {logging_mixin.py:190} INFO - [2026-08-08T17:32:17.841+0000] {dagbag.py:587} INFO - Filling up the DagBag from /home/airflow/.local/lib/python3.12/site-packages/airflow/example_dags/example_branch_day_of_week_operator.py
[2026-08-08T17:32:17.851+0000] {processor.py:925} INFO - DAG(s) 'example_weekday_branch_operator' retrieved from /home/airflow/.local/lib/python3.12/site-packages/airflow/example_dags/example_branch_day_of_week_operator.py
[2026-08-08T17:32:17.871+0000] {logging_mixin.py:190} INFO - [2026-08-08T17:32:17.871+0000] {dag.py:3211} INFO - Sync 1 DAGs
[2026-08-08T17:32:17.890+0000] {logging_mixin.py:190} INFO - [2026-08-08T17:32:17.890+0000] {dag.py:4138} INFO - Setting next_dagrun for example_weekday_branch_operator to 2026-08-07 00:00:00+00:00, run_after=2026-08-08 00:00:00+00:00
[2026-08-08T17:32:17.911+0000] {processor.py:208} INFO - Processing /home/airflow/.local/lib/python3.12/site-packages/airflow/example_dags/example_branch_day_of_week_operator.py took 0.078 seconds
[2026-08-08T17:32:48.170+0000] {processor.py:186} INFO - Started process (PID=1037) to work on /home/airflow/.local/lib/python3.12/site-packages/airflow/example_dags/example_branch_day_of_week_operator.py
[2026-08-08T17:32:48.171+0000] {processor.py:914} INFO - Processing file /home/airflow/.local/lib/python3.12/site-packages/airflow/example_dags/example_branch_day_of_week_operator.py for tasks to queue
[2026-08-08T17:32:48.174+0000] {logging_mixin.py:190} INFO - [2026-08-08T17:32:48.173+0000] {dagbag.py:587} INFO - Filling up the DagBag from /home/airflow/.local/lib/python3.12/site-packages/airflow/example_dags/example_branch_day_of_week_operator.py
[2026-08-08T17:32:48.184+0000] {processor.py:925} INFO - DAG(s) 'example_weekday_branch_operator' retrieved from /home/airflow/.local/lib/python3.12/site-packages/airflow/example_dags/example_branch_day_of_week_operator.py
[2026-08-08T17:32:48.204+0000] {logging_mixin.py:190} INFO - [2026-08-08T17:32:48.204+0000] {dag.py:3211} INFO - Sync 1 DAGs
[2026-08-08T17:32:48.222+0000] {logging_mixin.py:190} INFO - [2026-08-08T17:32:48.222+0000] {dag.py:4138} INFO - Setting next_dagrun for example_weekday_branch_operator to 2026-08-07 00:00:00+00:00, run_after=2026-08-08 00:00:00+00:00
[2026-08-08T17:32:48.242+0000] {processor.py:208} INFO - Processing /home/airflow/.local/lib/python3.12/site-packages/airflow/example_dags/example_branch_day_of_week_operator.py took 0.077 seconds
[2026-08-08T17:33:18.796+0000] {processor.py:186} INFO - Started process (PID=1100) to work on /home/airflow/.local/lib/python3.12/site-packages/airflow/example_dags/example_branch_day_of_week_operator.py
[2026-08-08T17:33:18.798+0000] {processor.py:914} INFO - Processing file /home/airflow/.local/lib/python3.12/site-packages/airflow/example_dags/example_branch_day_of_week_operator.py for tasks to queue
[2026-08-08T17:33:18.801+0000] {logging_mixin.py:190} INFO - [2026-08-08T17:33:18.801+0000] {dagbag.py:587} INFO - Filling up the DagBag from /home/airflow/.local/lib/python3.12/site-packages/airflow/example_dags/example_branch_day_of_week_operator.py
[2026-08-08T17:33:18.814+0000] {processor.py:925} INFO - DAG(s) 'example_weekday_branch_operator' retrieved from /home/airflow/.local/lib/python3.12/site-packages/airflow/example_dags/example_branch_day_of_week_operator.py
[2026-08-08T17:33:18.842+0000] {logging_mixin.py:190} INFO - [2026-08-08T17:33:18.842+0000] {dag.py:3211} INFO - Sync 1 DAGs
[2026-08-08T17:33:18.872+0000] {logging_mixin.py:190} INFO - [2026-08-08T17:33:18.872+0000] {dag.py:4138} INFO - Setting next_dagrun for example_weekday_branch_operator to 2026-08-07 00:00:00+00:00, run_after=2026-08-08 00:00:00+00:00
[2026-08-08T17:33:18.903+0000] {processor.py:208} INFO - Processing /home/airflow/.local/lib/python3.12/site-packages/airflow/example_dags/example_branch_day_of_week_operator.py took 0.114 seconds
[2026-08-08T17:33:49.272+0000] {processor.py:186} INFO - Started process (PID=1163) to work on /home/airflow/.local/lib/python3.12/site-packages/airflow/example_dags/example_branch_day_of_week_operator.py
[2026-08-08T17:33:49.274+0000] {processor.py:914} INFO - Processing file /home/airflow/.local/lib/python3.12/site-packages/airflow/example_dags/example_branch_day_of_week_operator.py for tasks to queue
[2026-08-08T17:33:49.276+0000] {logging_mixin.py:190} INFO - [2026-08-08T17:33:49.276+0000] {dagbag.py:587} INFO - Filling up the DagBag from /home/airflow/.local/lib/python3.12/site-packages/airflow/example_dags/example_branch_day_of_week_operator.py
[2026-08-08T17:33:49.285+0000] {processor.py:925} INFO - DAG(s) 'example_weekday_branch_operator' retrieved from /home/airflow/.local/lib/python3.12/site-packages/airflow/example_dags/example_branch_day_of_week_operator.py
[2026-08-08T17:33:49.308+0000] {logging_mixin.py:190} INFO - [2026-08-08T17:33:49.308+0000] {dag.py:3211} INFO - Sync 1 DAGs
[2026-08-08T17:33:49.329+0000] {logging_mixin.py:190} INFO - [2026-08-08T17:33:49.329+0000] {dag.py:4138} INFO - Setting next_dagrun for example_weekday_branch_operator to 2026-08-07 00:00:00+00:00, run_after=2026-08-08 00:00:00+00:00
[2026-08-08T17:33:49.350+0000] {processor.py:208} INFO - Processing /home/airflow/.local/lib/python3.12/site-packages/airflow/example_dags/example_branch_day_of_week_operator.py took 0.084 seconds
[2026-08-08T17:34:19.630+0000] {processor.py:186} INFO - Started process (PID=1226) to work on /home/airflow/.local/lib/python3.12/site-packages/airflow/example_dags/example_branch_day_of_week_operator.py
[2026-08-08T17:34:19.631+0000] {processor.py:914} INFO - Processing file /home/airflow/.local/lib/python3.12/site-packages/airflow/example_dags/example_branch_day_of_week_operator.py for tasks to queue
[2026-08-08T17:34:19.633+0000] {logging_mixin.py:190} INFO - [2026-08-08T17:34:19.633+0000] {dagbag.py:587} INFO - Filling up the DagBag from /home/airflow/.local/lib/python3.12/site-packages/airflow/example_dags/example_branch_day_of_week_operator.py
[2026-08-08T17:34:19.643+0000] {processor.py:925} INFO - DAG(s) 'example_weekday_branch_operator' retrieved from /home/airflow/.local/lib/python3.12/site-packages/airflow/example_dags/example_branch_day_of_week_operator.py
[2026-08-08T17:34:19.663+0000] {logging_mixin.py:190} INFO - [2026-08-08T17:34:19.663+0000] {dag.py:3211} INFO - Sync 1 DAGs
[2026-08-08T17:34:19.686+0000] {logging_mixin.py:190} INFO - [2026-08-08T17:34:19.685+0000] {dag.py:4138} INFO - Setting next_dagrun for example_weekday_branch_operator to 2026-08-07 00:00:00+00:00, run_after=2026-08-08 00:00:00+00:00
[2026-08-08T17:34:19.708+0000] {processor.py:208} INFO - Processing /home/airflow/.local/lib/python3.12/site-packages/airflow/example_dags/example_branch_day_of_week_operator.py took 0.083 seconds
[2026-08-08T17:34:50.561+0000] {processor.py:186} INFO - Started process (PID=1289) to work on /home/airflow/.local/lib/python3.12/site-packages/airflow/example_dags/example_branch_day_of_week_operator.py
[2026-08-08T17:34:50.562+0000] {processor.py:914} INFO - Processing file /home/airflow/.local/lib/python3.12/site-packages/airflow/example_dags/example_branch_day_of_week_operator.py for tasks to queue
[2026-08-08T17:34:50.565+0000] {logging_mixin.py:190} INFO - [2026-08-08T17:34:50.564+0000] {dagbag.py:587} INFO - Filling up the DagBag from /home/airflow/.local/lib/python3.12/site-packages/airflow/example_dags/example_branch_day_of_week_operator.py
[2026-08-08T17:34:50.574+0000] {processor.py:925} INFO - DAG(s) 'example_weekday_branch_operator' retrieved from /home/airflow/.local/lib/python3.12/site-packages/airflow/example_dags/example_branch_day_of_week_operator.py
[2026-08-08T17:34:50.594+0000] {logging_mixin.py:190} INFO - [2026-08-08T17:34:50.594+0000] {dag.py:3211} INFO - Sync 1 DAGs
[2026-08-08T17:34:50.612+0000] {logging_mixin.py:190} INFO - [2026-08-08T17:34:50.611+0000] {dag.py:4138} INFO - Setting next_dagrun for example_weekday_branch_operator to 2026-08-07 00:00:00+00:00, run_after=2026-08-08 00:00:00+00:00
[2026-08-08T17:34:50.629+0000] {processor.py:208} INFO - Processing /home/airflow/.local/lib/python3.12/site-packages/airflow/example_dags/example_branch_day_of_week_operator.py took 0.074 seconds
[2026-08-08T17:35:21.155+0000] {processor.py:186} INFO - Started process (PID=1352) to work on /home/airflow/.local/lib/python3.12/site-packages/airflow/example_dags/example_branch_day_of_week_operator.py
[2026-08-08T17:35:21.157+0000] {processor.py:914} INFO - Processing file /home/airflow/.local/lib/python3.12/site-packages/airflow/example_dags/example_branch_day_of_week_operator.py for tasks to queue
[2026-08-08T17:35:21.159+0000] {logging_mixin.py:190} INFO - [2026-08-08T17:35:21.159+0000] {dagbag.py:587} INFO - Filling up the DagBag from /home/airflow/.local/lib/python3.12/site-packages/airflow/example_dags/example_branch_day_of_week_operator.py
[2026-08-08T17:35:21.169+0000] {processor.py:925} INFO - DAG(s) 'example_weekday_branch_operator' retrieved from /home/airflow/.local/lib/python3.12/site-packages/airflow/example_dags/example_branch_day_of_week_operator.py
[2026-08-08T17:35:21.188+0000] {logging_mixin.py:190} INFO - [2026-08-08T17:35:21.188+0000] {dag.py:3211} INFO - Sync 1 DAGs
[2026-08-08T17:35:21.209+0000] {logging_mixin.py:190} INFO - [2026-08-08T17:35:21.209+0000] {dag.py:4138} INFO - Setting next_dagrun for example_weekday_branch_operator to 2026-08-07 00:00:00+00:00, run_after=2026-08-08 00:00:00+00:00
[2026-08-08T17:35:21.232+0000] {processor.py:208} INFO - Processing /home/airflow/.local/lib/python3.12/site-packages/airflow/example_dags/example_branch_day_of_week_operator.py took 0.083 seconds
[2026-08-08T17:35:52.075+0000] {processor.py:186} INFO - Started process (PID=1415) to work on /home/airflow/.local/lib/python3.12/site-packages/airflow/example_dags/example_branch_day_of_week_operator.py
[2026-08-08T17:35:52.077+0000] {processor.py:914} INFO - Processing file /home/airflow/.local/lib/python3.12/site-packages/airflow/example_dags/example_branch_day_of_week_operator.py for tasks to queue
[2026-08-08T17:35:52.080+0000] {logging_mixin.py:190} INFO - [2026-08-08T17:35:52.079+0000] {dagbag.py:587} INFO - Filling up the DagBag from /home/airflow/.local/lib/python3.12/site-packages/airflow/example_dags/example_branch_day_of_week_operator.py
[2026-08-08T17:35:52.088+0000] {processor.py:925} INFO - DAG(s) 'example_weekday_branch_operator' retrieved from /home/airflow/.local/lib/python3.12/site-packages/airflow/example_dags/example_branch_day_of_week_operator.py
[2026-08-08T17:35:52.109+0000] {logging_mixin.py:190} INFO - [2026-08-08T17:35:52.109+0000] {dag.py:3211} INFO - Sync 1 DAGs
[2026-08-08T17:35:52.132+0000] {logging_mixin.py:190} INFO - [2026-08-08T17:35:52.132+0000] {dag.py:4138} INFO - Setting next_dagrun for example_weekday_branch_operator to 2026-08-07 00:00:00+00:00, run_after=2026-08-08 00:00:00+00:00
[2026-08-08T17:35:52.169+0000] {processor.py:208} INFO - Processing /home/airflow/.local/lib/python3.12/site-packages/airflow/example_dags/example_branch_day_of_week_operator.py took 0.099 seconds
[2026-08-08T17:36:22.710+0000] {processor.py:186} INFO - Started process (PID=1478) to work on /home/airflow/.local/lib/python3.12/site-packages/airflow/example_dags/example_branch_day_of_week_operator.py
[2026-08-08T17:36:22.711+0000] {processor.py:914} INFO - Processing file /home/airflow/.local/lib/python3.12/site-packages/airflow/example_dags/example_branch_day_of_week_operator.py for tasks to queue
[2026-08-08T17:36:22.714+0000] {logging_mixin.py:190} INFO - [2026-08-08T17:36:22.714+0000] {dagbag.py:587} INFO - Filling up the DagBag from /home/airflow/.local/lib/python3.12/site-packages/airflow/example_dags/example_branch_day_of_week_operator.py
[2026-08-08T17:36:22.722+0000] {processor.py:925} INFO - DAG(s) 'example_weekday_branch_operator' retrieved from /home/airflow/.local/lib/python3.12/site-packages/airflow/example_dags/example_branch_day_of_week_operator.py
[2026-08-08T17:36:22.745+0000] {logging_mixin.py:190} INFO - [2026-08-08T17:36:22.744+0000] {dag.py:3211} INFO - Sync 1 DAGs
[2026-08-08T17:36:22.768+0000] {logging_mixin.py:190} INFO - [2026-08-08T17:36:22.768+0000] {dag.py:4138} INFO - Setting next_dagrun for example_weekday_branch_operator to 2026-08-07 00:00:00+00:00, run_after=2026-08-08 00:00:00+00:00
[2026-08-08T17:36:22.794+0000] {processor.py:208} INFO - Processing /home/airflow/.local/lib/python3.12/site-packages/airflow/example_dags/example_branch_day_of_week_operator.py took 0.089 seconds
[2026-08-08T17:38:15.253+0000] {processor.py:186} INFO - Started process (PID=80) to work on /home/airflow/.local/lib/python3.12/site-packages/airflow/example_dags/example_branch_day_of_week_operator.py
[2026-08-08T17:38:15.260+0000] {processor.py:914} INFO - Processing file /home/airflow/.local/lib/python3.12/site-packages/airflow/example_dags/example_branch_day_of_week_operator.py for tasks to queue
[2026-08-08T17:38:15.266+0000] {logging_mixin.py:190} INFO - [2026-08-08T17:38:15.266+0000] {dagbag.py:587} INFO - Filling up the DagBag from /home/airflow/.local/lib/python3.12/site-packages/airflow/example_dags/example_branch_day_of_week_operator.py
[2026-08-08T17:38:15.278+0000] {processor.py:925} INFO - DAG(s) 'example_weekday_branch_operator' retrieved from /home/airflow/.local/lib/python3.12/site-packages/airflow/example_dags/example_branch_day_of_week_operator.py
[2026-08-08T17:38:15.304+0000] {logging_mixin.py:190} INFO - [2026-08-08T17:38:15.304+0000] {dag.py:3211} INFO - Sync 1 DAGs
[2026-08-08T17:38:15.327+0000] {logging_mixin.py:190} INFO - [2026-08-08T17:38:15.326+0000] {dag.py:4138} INFO - Setting next_dagrun for example_weekday_branch_operator to 2026-08-07 00:00:00+00:00, run_after=2026-08-08 00:00:00+00:00
[2026-08-08T17:38:15.358+0000] {processor.py:208} INFO - Processing /home/airflow/.local/lib/python3.12/site-packages/airflow/example_dags/example_branch_day_of_week_operator.py took 0.112 seconds
[2026-08-08T17:38:46.101+0000] {processor.py:186} INFO - Started process (PID=143) to work on /home/airflow/.local/lib/python3.12/site-packages/airflow/example_dags/example_branch_day_of_week_operator.py
[2026-08-08T17:38:46.102+0000] {processor.py:914} INFO - Processing file /home/airflow/.local/lib/python3.12/site-packages/airflow/example_dags/example_branch_day_of_week_operator.py for tasks to queue
[2026-08-08T17:38:46.104+0000] {logging_mixin.py:190} INFO - [2026-08-08T17:38:46.104+0000] {dagbag.py:587} INFO - Filling up the DagBag from /home/airflow/.local/lib/python3.12/site-packages/airflow/example_dags/example_branch_day_of_week_operator.py
[2026-08-08T17:38:46.115+0000] {processor.py:925} INFO - DAG(s) 'example_weekday_branch_operator' retrieved from /home/airflow/.local/lib/python3.12/site-packages/airflow/example_dags/example_branch_day_of_week_operator.py
[2026-08-08T17:38:46.144+0000] {logging_mixin.py:190} INFO - [2026-08-08T17:38:46.143+0000] {dag.py:3211} INFO - Sync 1 DAGs
[2026-08-08T17:38:46.171+0000] {logging_mixin.py:190} INFO - [2026-08-08T17:38:46.171+0000] {dag.py:4138} INFO - Setting next_dagrun for example_weekday_branch_operator to 2026-08-07 00:00:00+00:00, run_after=2026-08-08 00:00:00+00:00
[2026-08-08T17:38:46.193+0000] {processor.py:208} INFO - Processing /home/airflow/.local/lib/python3.12/site-packages/airflow/example_dags/example_branch_day_of_week_operator.py took 0.099 seconds
[2026-08-08T17:39:16.499+0000] {processor.py:186} INFO - Started process (PID=206) to work on /home/airflow/.local/lib/python3.12/site-packages/airflow/example_dags/example_branch_day_of_week_operator.py
[2026-08-08T17:39:16.501+0000] {processor.py:914} INFO - Processing file /home/airflow/.local/lib/python3.12/site-packages/airflow/example_dags/example_branch_day_of_week_operator.py for tasks to queue
[2026-08-08T17:39:16.504+0000] {logging_mixin.py:190} INFO - [2026-08-08T17:39:16.504+0000] {dagbag.py:587} INFO - Filling up the DagBag from /home/airflow/.local/lib/python3.12/site-packages/airflow/example_dags/example_branch_day_of_week_operator.py
[2026-08-08T17:39:16.513+0000] {processor.py:925} INFO - DAG(s) 'example_weekday_branch_operator' retrieved from /home/airflow/.local/lib/python3.12/site-packages/airflow/example_dags/example_branch_day_of_week_operator.py
[2026-08-08T17:39:16.530+0000] {logging_mixin.py:190} INFO - [2026-08-08T17:39:16.530+0000] {dag.py:3211} INFO - Sync 1 DAGs
[2026-08-08T17:39:16.546+0000] {logging_mixin.py:190} INFO - [2026-08-08T17:39:16.545+0000] {dag.py:4138} INFO - Setting next_dagrun for example_weekday_branch_operator to 2026-08-07 00:00:00+00:00, run_after=2026-08-08 00:00:00+00:00
[2026-08-08T17:39:16.563+0000] {processor.py:208} INFO - Processing /home/airflow/.local/lib/python3.12/site-packages/airflow/example_dags/example_branch_day_of_week_operator.py took 0.069 seconds
[2026-08-08T17:39:47.540+0000] {processor.py:186} INFO - Started process (PID=269) to work on /home/airflow/.local/lib/python3.12/site-packages/airflow/example_dags/example_branch_day_of_week_operator.py
[2026-08-08T17:39:47.542+0000] {processor.py:914} INFO - Processing file /home/airflow/.local/lib/python3.12/site-packages/airflow/example_dags/example_branch_day_of_week_operator.py for tasks to queue
[2026-08-08T17:39:47.545+0000] {logging_mixin.py:190} INFO - [2026-08-08T17:39:47.544+0000] {dagbag.py:587} INFO - Filling up the DagBag from /home/airflow/.local/lib/python3.12/site-packages/airflow/example_dags/example_branch_day_of_week_operator.py
[2026-08-08T17:39:47.557+0000] {processor.py:925} INFO - DAG(s) 'example_weekday_branch_operator' retrieved from /home/airflow/.local/lib/python3.12/site-packages/airflow/example_dags/example_branch_day_of_week_operator.py
[2026-08-08T17:39:47.581+0000] {logging_mixin.py:190} INFO - [2026-08-08T17:39:47.580+0000] {dag.py:3211} INFO - Sync 1 DAGs
[2026-08-08T17:39:47.606+0000] {logging_mixin.py:190} INFO - [2026-08-08T17:39:47.606+0000] {dag.py:4138} INFO - Setting next_dagrun for example_weekday_branch_operator to 2026-08-07 00:00:00+00:00, run_after=2026-08-08 00:00:00+00:00
[2026-08-08T17:39:47.625+0000] {processor.py:208} INFO - Processing /home/airflow/.local/lib/python3.12/site-packages/airflow/example_dags/example_branch_day_of_week_operator.py took 0.093 seconds
[2026-08-08T17:42:39.229+0000] {processor.py:186} INFO - Started process (PID=92) to work on /home/airflow/.local/lib/python3.12/site-packages/airflow/example_dags/example_branch_day_of_week_operator.py
[2026-08-08T17:42:39.231+0000] {processor.py:914} INFO - Processing file /home/airflow/.local/lib/python3.12/site-packages/airflow/example_dags/example_branch_day_of_week_operator.py for tasks to queue
[2026-08-08T17:42:39.235+0000] {logging_mixin.py:190} INFO - [2026-08-08T17:42:39.235+0000] {dagbag.py:587} INFO - Filling up the DagBag from /home/airflow/.local/lib/python3.12/site-packages/airflow/example_dags/example_branch_day_of_week_operator.py
[2026-08-08T17:42:39.248+0000] {processor.py:925} INFO - DAG(s) 'example_weekday_branch_operator' retrieved from /home/airflow/.local/lib/python3.12/site-packages/airflow/example_dags/example_branch_day_of_week_operator.py
[2026-08-08T17:42:39.274+0000] {logging_mixin.py:190} INFO - [2026-08-08T17:42:39.274+0000] {dag.py:3211} INFO - Sync 1 DAGs
[2026-08-08T17:42:39.301+0000] {logging_mixin.py:190} INFO - [2026-08-08T17:42:39.301+0000] {dag.py:4138} INFO - Setting next_dagrun for example_weekday_branch_operator to 2026-08-07 00:00:00+00:00, run_after=2026-08-08 00:00:00+00:00
[2026-08-08T17:42:39.332+0000] {processor.py:208} INFO - Processing /home/airflow/.local/lib/python3.12/site-packages/airflow/example_dags/example_branch_day_of_week_operator.py took 0.114 seconds
[2026-08-08T17:43:10.000+0000] {processor.py:186} INFO - Started process (PID=155) to work on /home/airflow/.local/lib/python3.12/site-packages/airflow/example_dags/example_branch_day_of_week_operator.py
[2026-08-08T17:43:10.001+0000] {processor.py:914} INFO - Processing file /home/airflow/.local/lib/python3.12/site-packages/airflow/example_dags/example_branch_day_of_week_operator.py for tasks to queue
[2026-08-08T17:43:10.004+0000] {logging_mixin.py:190} INFO - [2026-08-08T17:43:10.004+0000] {dagbag.py:587} INFO - Filling up the DagBag from /home/airflow/.local/lib/python3.12/site-packages/airflow/example_dags/example_branch_day_of_week_operator.py
[2026-08-08T17:43:10.016+0000] {processor.py:925} INFO - DAG(s) 'example_weekday_branch_operator' retrieved from /home/airflow/.local/lib/python3.12/site-packages/airflow/example_dags/example_branch_day_of_week_operator.py
[2026-08-08T17:43:10.043+0000] {logging_mixin.py:190} INFO - [2026-08-08T17:43:10.042+0000] {dag.py:3211} INFO - Sync 1 DAGs
[2026-08-08T17:43:10.071+0000] {logging_mixin.py:190} INFO - [2026-08-08T17:43:10.071+0000] {dag.py:4138} INFO - Setting next_dagrun for example_weekday_branch_operator to 2026-08-07 00:00:00+00:00, run_after=2026-08-08 00:00:00+00:00
[2026-08-08T17:43:10.095+0000] {processor.py:208} INFO - Processing /home/airflow/.local/lib/python3.12/site-packages/airflow/example_dags/example_branch_day_of_week_operator.py took 0.104 seconds
[2026-08-08T17:43:40.756+0000] {processor.py:186} INFO - Started process (PID=218) to work on /home/airflow/.local/lib/python3.12/site-packages/airflow/example_dags/example_branch_day_of_week_operator.py
[2026-08-08T17:43:40.758+0000] {processor.py:914} INFO - Processing file /home/airflow/.local/lib/python3.12/site-packages/airflow/example_dags/example_branch_day_of_week_operator.py for tasks to queue
[2026-08-08T17:43:40.763+0000] {logging_mixin.py:190} INFO - [2026-08-08T17:43:40.762+0000] {dagbag.py:587} INFO - Filling up the DagBag from /home/airflow/.local/lib/python3.12/site-packages/airflow/example_dags/example_branch_day_of_week_operator.py
[2026-08-08T17:43:40.782+0000] {processor.py:925} INFO - DAG(s) 'example_weekday_branch_operator' retrieved from /home/airflow/.local/lib/python3.12/site-packages/airflow/example_dags/example_branch_day_of_week_operator.py
[2026-08-08T17:43:40.837+0000] {logging_mixin.py:190} INFO - [2026-08-08T17:43:40.836+0000] {dag.py:3211} INFO - Sync 1 DAGs
[2026-08-08T17:43:40.886+0000] {logging_mixin.py:190} INFO - [2026-08-08T17:43:40.886+0000] {dag.py:4138} INFO - Setting next_dagrun for example_weekday_branch_operator to 2026-08-07 00:00:00+00:00, run_after=2026-08-08 00:00:00+00:00
[2026-08-08T17:43:40.915+0000] {processor.py:208} INFO - Processing /home/airflow/.local/lib/python3.12/site-packages/airflow/example_dags/example_branch_day_of_week_operator.py took 0.169 seconds
[2026-08-08T17:44:11.806+0000] {processor.py:186} INFO - Started process (PID=281) to work on /home/airflow/.local/lib/python3.12/site-packages/airflow/example_dags/example_branch_day_of_week_operator.py
[2026-08-08T17:44:11.808+0000] {processor.py:914} INFO - Processing file /home/airflow/.local/lib/python3.12/site-packages/airflow/example_dags/example_branch_day_of_week_operator.py for tasks to queue
[2026-08-08T17:44:11.810+0000] {logging_mixin.py:190} INFO - [2026-08-08T17:44:11.810+0000] {dagbag.py:587} INFO - Filling up the DagBag from /home/airflow/.local/lib/python3.12/site-packages/airflow/example_dags/example_branch_day_of_week_operator.py
[2026-08-08T17:44:11.823+0000] {processor.py:925} INFO - DAG(s) 'example_weekday_branch_operator' retrieved from /home/airflow/.local/lib/python3.12/site-packages/airflow/example_dags/example_branch_day_of_week_operator.py
[2026-08-08T17:44:11.865+0000] {logging_mixin.py:190} INFO - [2026-08-08T17:44:11.864+0000] {dag.py:3211} INFO - Sync 1 DAGs
[2026-08-08T17:44:11.908+0000] {logging_mixin.py:190} INFO - [2026-08-08T17:44:11.908+0000] {dag.py:4138} INFO - Setting next_dagrun for example_weekday_branch_operator to 2026-08-07 00:00:00+00:00, run_after=2026-08-08 00:00:00+00:00
[2026-08-08T17:44:11.939+0000] {processor.py:208} INFO - Processing /home/airflow/.local/lib/python3.12/site-packages/airflow/example_dags/example_branch_day_of_week_operator.py took 0.139 seconds
[2026-08-08T17:44:42.097+0000] {processor.py:186} INFO - Started process (PID=344) to work on /home/airflow/.local/lib/python3.12/site-packages/airflow/example_dags/example_branch_day_of_week_operator.py
[2026-08-08T17:44:42.098+0000] {processor.py:914} INFO - Processing file /home/airflow/.local/lib/python3.12/site-packages/airflow/example_dags/example_branch_day_of_week_operator.py for tasks to queue
[2026-08-08T17:44:42.101+0000] {logging_mixin.py:190} INFO - [2026-08-08T17:44:42.101+0000] {dagbag.py:587} INFO - Filling up the DagBag from /home/airflow/.local/lib/python3.12/site-packages/airflow/example_dags/example_branch_day_of_week_operator.py
[2026-08-08T17:44:42.109+0000] {processor.py:925} INFO - DAG(s) 'example_weekday_branch_operator' retrieved from /home/airflow/.local/lib/python3.12/site-packages/airflow/example_dags/example_branch_day_of_week_operator.py
[2026-08-08T17:44:42.128+0000] {logging_mixin.py:190} INFO - [2026-08-08T17:44:42.128+0000] {dag.py:3211} INFO - Sync 1 DAGs
[2026-08-08T17:44:42.146+0000] {logging_mixin.py:190} INFO - [2026-08-08T17:44:42.146+0000] {dag.py:4138} INFO - Setting next_dagrun for example_weekday_branch_operator to 2026-08-07 00:00:00+00:00, run_after=2026-08-08 00:00:00+00:00
[2026-08-08T17:44:42.166+0000] {processor.py:208} INFO - Processing /home/airflow/.local/lib/python3.12/site-packages/airflow/example_dags/example_branch_day_of_week_operator.py took 0.075 seconds
[2026-08-08T17:45:12.372+0000] {processor.py:186} INFO - Started process (PID=407) to work on /home/airflow/.local/lib/python3.12/site-packages/airflow/example_dags/example_branch_day_of_week_operator.py
[2026-08-08T17:45:12.374+0000] {processor.py:914} INFO - Processing file /home/airflow/.local/lib/python3.12/site-packages/airflow/example_dags/example_branch_day_of_week_operator.py for tasks to queue
[2026-08-08T17:45:12.376+0000] {logging_mixin.py:190} INFO - [2026-08-08T17:45:12.376+0000] {dagbag.py:587} INFO - Filling up the DagBag from /home/airflow/.local/lib/python3.12/site-packages/airflow/example_dags/example_branch_day_of_week_operator.py
[2026-08-08T17:45:12.385+0000] {processor.py:925} INFO - DAG(s) 'example_weekday_branch_operator' retrieved from /home/airflow/.local/lib/python3.12/site-packages/airflow/example_dags/example_branch_day_of_week_operator.py
[2026-08-08T17:45:12.404+0000] {logging_mixin.py:190} INFO - [2026-08-08T17:45:12.404+0000] {dag.py:3211} INFO - Sync 1 DAGs
[2026-08-08T17:45:12.424+0000] {logging_mixin.py:190} INFO - [2026-08-08T17:45:12.424+0000] {dag.py:4138} INFO - Setting next_dagrun for example_weekday_branch_operator to 2026-08-07 00:00:00+00:00, run_after=2026-08-08 00:00:00+00:00
[2026-08-08T17:45:12.445+0000] {processor.py:208} INFO - Processing /home/airflow/.local/lib/python3.12/site-packages/airflow/example_dags/example_branch_day_of_week_operator.py took 0.078 seconds
[2026-08-08T17:45:42.730+0000] {processor.py:186} INFO - Started process (PID=470) to work on /home/airflow/.local/lib/python3.12/site-packages/airflow/example_dags/example_branch_day_of_week_operator.py
[2026-08-08T17:45:42.732+0000] {processor.py:914} INFO - Processing file /home/airflow/.local/lib/python3.12/site-packages/airflow/example_dags/example_branch_day_of_week_operator.py for tasks to queue
[2026-08-08T17:45:42.736+0000] {logging_mixin.py:190} INFO - [2026-08-08T17:45:42.736+0000] {dagbag.py:587} INFO - Filling up the DagBag from /home/airflow/.local/lib/python3.12/site-packages/airflow/example_dags/example_branch_day_of_week_operator.py
[2026-08-08T17:45:42.752+0000] {processor.py:925} INFO - DAG(s) 'example_weekday_branch_operator' retrieved from /home/airflow/.local/lib/python3.12/site-packages/airflow/example_dags/example_branch_day_of_week_operator.py
[2026-08-08T17:45:42.786+0000] {logging_mixin.py:190} INFO - [2026-08-08T17:45:42.786+0000] {dag.py:3211} INFO - Sync 1 DAGs
[2026-08-08T17:45:42.838+0000] {logging_mixin.py:190} INFO - [2026-08-08T17:45:42.837+0000] {dag.py:4138} INFO - Setting next_dagrun for example_weekday_branch_operator to 2026-08-07 00:00:00+00:00, run_after=2026-08-08 00:00:00+00:00
[2026-08-08T17:45:42.866+0000] {processor.py:208} INFO - Processing /home/airflow/.local/lib/python3.12/site-packages/airflow/example_dags/example_branch_day_of_week_operator.py took 0.146 seconds
[2026-08-08T17:47:13.105+0000] {processor.py:186} INFO - Started process (PID=87) to work on /home/airflow/.local/lib/python3.12/site-packages/airflow/example_dags/example_branch_day_of_week_operator.py
[2026-08-08T17:47:13.107+0000] {processor.py:914} INFO - Processing file /home/airflow/.local/lib/python3.12/site-packages/airflow/example_dags/example_branch_day_of_week_operator.py for tasks to queue
[2026-08-08T17:47:13.111+0000] {logging_mixin.py:190} INFO - [2026-08-08T17:47:13.110+0000] {dagbag.py:587} INFO - Filling up the DagBag from /home/airflow/.local/lib/python3.12/site-packages/airflow/example_dags/example_branch_day_of_week_operator.py
[2026-08-08T17:47:13.125+0000] {processor.py:925} INFO - DAG(s) 'example_weekday_branch_operator' retrieved from /home/airflow/.local/lib/python3.12/site-packages/airflow/example_dags/example_branch_day_of_week_operator.py
[2026-08-08T17:47:13.159+0000] {logging_mixin.py:190} INFO - [2026-08-08T17:47:13.158+0000] {dag.py:3211} INFO - Sync 1 DAGs
[2026-08-08T17:47:13.192+0000] {logging_mixin.py:190} INFO - [2026-08-08T17:47:13.191+0000] {dag.py:4138} INFO - Setting next_dagrun for example_weekday_branch_operator to 2026-08-07 00:00:00+00:00, run_after=2026-08-08 00:00:00+00:00
[2026-08-08T17:47:13.239+0000] {processor.py:208} INFO - Processing /home/airflow/.local/lib/python3.12/site-packages/airflow/example_dags/example_branch_day_of_week_operator.py took 0.143 seconds
[2026-08-08T17:47:43.979+0000] {processor.py:186} INFO - Started process (PID=156) to work on /home/airflow/.local/lib/python3.12/site-packages/airflow/example_dags/example_branch_day_of_week_operator.py
[2026-08-08T17:47:43.981+0000] {processor.py:914} INFO - Processing file /home/airflow/.local/lib/python3.12/site-packages/airflow/example_dags/example_branch_day_of_week_operator.py for tasks to queue
[2026-08-08T17:47:43.985+0000] {logging_mixin.py:190} INFO - [2026-08-08T17:47:43.984+0000] {dagbag.py:587} INFO - Filling up the DagBag from /home/airflow/.local/lib/python3.12/site-packages/airflow/example_dags/example_branch_day_of_week_operator.py
[2026-08-08T17:47:43.996+0000] {processor.py:925} INFO - DAG(s) 'example_weekday_branch_operator' retrieved from /home/airflow/.local/lib/python3.12/site-packages/airflow/example_dags/example_branch_day_of_week_operator.py
[2026-08-08T17:47:44.024+0000] {logging_mixin.py:190} INFO - [2026-08-08T17:47:44.024+0000] {dag.py:3211} INFO - Sync 1 DAGs
[2026-08-08T17:47:44.048+0000] {logging_mixin.py:190} INFO - [2026-08-08T17:47:44.048+0000] {dag.py:4138} INFO - Setting next_dagrun for example_weekday_branch_operator to 2026-08-07 00:00:00+00:00, run_after=2026-08-08 00:00:00+00:00
[2026-08-08T17:47:44.069+0000] {processor.py:208} INFO - Processing /home/airflow/.local/lib/python3.12/site-packages/airflow/example_dags/example_branch_day_of_week_operator.py took 0.100 seconds
[2026-08-08T17:48:14.250+0000] {processor.py:186} INFO - Started process (PID=225) to work on /home/airflow/.local/lib/python3.12/site-packages/airflow/example_dags/example_branch_day_of_week_operator.py
[2026-08-08T17:48:14.251+0000] {processor.py:914} INFO - Processing file /home/airflow/.local/lib/python3.12/site-packages/airflow/example_dags/example_branch_day_of_week_operator.py for tasks to queue
[2026-08-08T17:48:14.256+0000] {logging_mixin.py:190} INFO - [2026-08-08T17:48:14.256+0000] {dagbag.py:587} INFO - Filling up the DagBag from /home/airflow/.local/lib/python3.12/site-packages/airflow/example_dags/example_branch_day_of_week_operator.py
[2026-08-08T17:48:14.279+0000] {processor.py:925} INFO - DAG(s) 'example_weekday_branch_operator' retrieved from /home/airflow/.local/lib/python3.12/site-packages/airflow/example_dags/example_branch_day_of_week_operator.py
[2026-08-08T17:48:14.309+0000] {logging_mixin.py:190} INFO - [2026-08-08T17:48:14.309+0000] {dag.py:3211} INFO - Sync 1 DAGs
[2026-08-08T17:48:14.333+0000] {logging_mixin.py:190} INFO - [2026-08-08T17:48:14.333+0000] {dag.py:4138} INFO - Setting next_dagrun for example_weekday_branch_operator to 2026-08-07 00:00:00+00:00, run_after=2026-08-08 00:00:00+00:00
[2026-08-08T17:48:14.356+0000] {processor.py:208} INFO - Processing /home/airflow/.local/lib/python3.12/site-packages/airflow/example_dags/example_branch_day_of_week_operator.py took 0.117 seconds
[2026-08-08T17:48:44.931+0000] {processor.py:186} INFO - Started process (PID=288) to work on /home/airflow/.local/lib/python3.12/site-packages/airflow/example_dags/example_branch_day_of_week_operator.py
[2026-08-08T17:48:44.932+0000] {processor.py:914} INFO - Processing file /home/airflow/.local/lib/python3.12/site-packages/airflow/example_dags/example_branch_day_of_week_operator.py for tasks to queue
[2026-08-08T17:48:44.935+0000] {logging_mixin.py:190} INFO - [2026-08-08T17:48:44.935+0000] {dagbag.py:587} INFO - Filling up the DagBag from /home/airflow/.local/lib/python3.12/site-packages/airflow/example_dags/example_branch_day_of_week_operator.py
[2026-08-08T17:48:44.949+0000] {processor.py:925} INFO - DAG(s) 'example_weekday_branch_operator' retrieved from /home/airflow/.local/lib/python3.12/site-packages/airflow/example_dags/example_branch_day_of_week_operator.py
[2026-08-08T17:48:44.970+0000] {logging_mixin.py:190} INFO - [2026-08-08T17:48:44.970+0000] {dag.py:3211} INFO - Sync 1 DAGs
[2026-08-08T17:48:44.992+0000] {logging_mixin.py:190} INFO - [2026-08-08T17:48:44.992+0000] {dag.py:4138} INFO - Setting next_dagrun for example_weekday_branch_operator to 2026-08-07 00:00:00+00:00, run_after=2026-08-08 00:00:00+00:00
[2026-08-08T17:48:45.017+0000] {processor.py:208} INFO - Processing /home/airflow/.local/lib/python3.12/site-packages/airflow/example_dags/example_branch_day_of_week_operator.py took 0.094 seconds
[2026-08-08T17:52:36.752+0000] {processor.py:186} INFO - Started process (PID=92) to work on /home/airflow/.local/lib/python3.12/site-packages/airflow/example_dags/example_branch_day_of_week_operator.py
[2026-08-08T17:52:36.753+0000] {processor.py:914} INFO - Processing file /home/airflow/.local/lib/python3.12/site-packages/airflow/example_dags/example_branch_day_of_week_operator.py for tasks to queue
[2026-08-08T17:52:36.756+0000] {logging_mixin.py:190} INFO - [2026-08-08T17:52:36.755+0000] {dagbag.py:587} INFO - Filling up the DagBag from /home/airflow/.local/lib/python3.12/site-packages/airflow/example_dags/example_branch_day_of_week_operator.py
[2026-08-08T17:52:36.767+0000] {processor.py:925} INFO - DAG(s) 'example_weekday_branch_operator' retrieved from /home/airflow/.local/lib/python3.12/site-packages/airflow/example_dags/example_branch_day_of_week_operator.py
[2026-08-08T17:52:36.791+0000] {logging_mixin.py:190} INFO - [2026-08-08T17:52:36.791+0000] {dag.py:3211} INFO - Sync 1 DAGs
[2026-08-08T17:52:36.813+0000] {logging_mixin.py:190} INFO - [2026-08-08T17:52:36.813+0000] {dag.py:4138} INFO - Setting next_dagrun for example_weekday_branch_operator to 2026-08-07 00:00:00+00:00, run_after=2026-08-08 00:00:00+00:00
[2026-08-08T17:52:36.837+0000] {processor.py:208} INFO - Processing /home/airflow/.local/lib/python3.12/site-packages/airflow/example_dags/example_branch_day_of_week_operator.py took 0.091 seconds
[2026-08-08T17:53:07.060+0000] {processor.py:186} INFO - Started process (PID=155) to work on /home/airflow/.local/lib/python3.12/site-packages/airflow/example_dags/example_branch_day_of_week_operator.py
[2026-08-08T17:53:07.061+0000] {processor.py:914} INFO - Processing file /home/airflow/.local/lib/python3.12/site-packages/airflow/example_dags/example_branch_day_of_week_operator.py for tasks to queue
[2026-08-08T17:53:07.063+0000] {logging_mixin.py:190} INFO - [2026-08-08T17:53:07.063+0000] {dagbag.py:587} INFO - Filling up the DagBag from /home/airflow/.local/lib/python3.12/site-packages/airflow/example_dags/example_branch_day_of_week_operator.py
[2026-08-08T17:53:07.071+0000] {processor.py:925} INFO - DAG(s) 'example_weekday_branch_operator' retrieved from /home/airflow/.local/lib/python3.12/site-packages/airflow/example_dags/example_branch_day_of_week_operator.py
[2026-08-08T17:53:07.087+0000] {logging_mixin.py:190} INFO - [2026-08-08T17:53:07.087+0000] {dag.py:3211} INFO - Sync 1 DAGs
[2026-08-08T17:53:07.103+0000] {logging_mixin.py:190} INFO - [2026-08-08T17:53:07.102+0000] {dag.py:4138} INFO - Setting next_dagrun for example_weekday_branch_operator to 2026-08-07 00:00:00+00:00, run_after=2026-08-08 00:00:00+00:00
[2026-08-08T17:53:07.118+0000] {processor.py:208} INFO - Processing /home/airflow/.local/lib/python3.12/site-packages/airflow/example_dags/example_branch_day_of_week_operator.py took 0.062 seconds
[2026-08-08T17:53:37.979+0000] {processor.py:186} INFO - Started process (PID=218) to work on /home/airflow/.local/lib/python3.12/site-packages/airflow/example_dags/example_branch_day_of_week_operator.py
[2026-08-08T17:53:37.981+0000] {processor.py:914} INFO - Processing file /home/airflow/.local/lib/python3.12/site-packages/airflow/example_dags/example_branch_day_of_week_operator.py for tasks to queue
[2026-08-08T17:53:37.985+0000] {logging_mixin.py:190} INFO - [2026-08-08T17:53:37.984+0000] {dagbag.py:587} INFO - Filling up the DagBag from /home/airflow/.local/lib/python3.12/site-packages/airflow/example_dags/example_branch_day_of_week_operator.py
[2026-08-08T17:53:37.998+0000] {processor.py:925} INFO - DAG(s) 'example_weekday_branch_operator' retrieved from /home/airflow/.local/lib/python3.12/site-packages/airflow/example_dags/example_branch_day_of_week_operator.py
[2026-08-08T17:53:38.033+0000] {logging_mixin.py:190} INFO - [2026-08-08T17:53:38.032+0000] {dag.py:3211} INFO - Sync 1 DAGs
[2026-08-08T17:53:38.069+0000] {logging_mixin.py:190} INFO - [2026-08-08T17:53:38.068+0000] {dag.py:4138} INFO - Setting next_dagrun for example_weekday_branch_operator to 2026-08-07 00:00:00+00:00, run_after=2026-08-08 00:00:00+00:00
[2026-08-08T17:53:38.104+0000] {processor.py:208} INFO - Processing /home/airflow/.local/lib/python3.12/site-packages/airflow/example_dags/example_branch_day_of_week_operator.py took 0.134 seconds
[2026-08-08T17:54:08.782+0000] {processor.py:186} INFO - Started process (PID=281) to work on /home/airflow/.local/lib/python3.12/site-packages/airflow/example_dags/example_branch_day_of_week_operator.py
[2026-08-08T17:54:08.783+0000] {processor.py:914} INFO - Processing file /home/airflow/.local/lib/python3.12/site-packages/airflow/example_dags/example_branch_day_of_week_operator.py for tasks to queue
[2026-08-08T17:54:08.787+0000] {logging_mixin.py:190} INFO - [2026-08-08T17:54:08.786+0000] {dagbag.py:587} INFO - Filling up the DagBag from /home/airflow/.local/lib/python3.12/site-packages/airflow/example_dags/example_branch_day_of_week_operator.py
[2026-08-08T17:54:08.802+0000] {processor.py:925} INFO - DAG(s) 'example_weekday_branch_operator' retrieved from /home/airflow/.local/lib/python3.12/site-packages/airflow/example_dags/example_branch_day_of_week_operator.py
[2026-08-08T17:54:08.834+0000] {logging_mixin.py:190} INFO - [2026-08-08T17:54:08.834+0000] {dag.py:3211} INFO - Sync 1 DAGs
[2026-08-08T17:54:08.863+0000] {logging_mixin.py:190} INFO - [2026-08-08T17:54:08.863+0000] {dag.py:4138} INFO - Setting next_dagrun for example_weekday_branch_operator to 2026-08-07 00:00:00+00:00, run_after=2026-08-08 00:00:00+00:00
[2026-08-08T17:54:08.889+0000] {processor.py:208} INFO - Processing /home/airflow/.local/lib/python3.12/site-packages/airflow/example_dags/example_branch_day_of_week_operator.py took 0.114 seconds
[2026-08-08T17:54:39.339+0000] {processor.py:186} INFO - Started process (PID=344) to work on /home/airflow/.local/lib/python3.12/site-packages/airflow/example_dags/example_branch_day_of_week_operator.py
[2026-08-08T17:54:39.340+0000] {processor.py:914} INFO - Processing file /home/airflow/.local/lib/python3.12/site-packages/airflow/example_dags/example_branch_day_of_week_operator.py for tasks to queue
[2026-08-08T17:54:39.343+0000] {logging_mixin.py:190} INFO - [2026-08-08T17:54:39.343+0000] {dagbag.py:587} INFO - Filling up the DagBag from /home/airflow/.local/lib/python3.12/site-packages/airflow/example_dags/example_branch_day_of_week_operator.py
[2026-08-08T17:54:39.353+0000] {processor.py:925} INFO - DAG(s) 'example_weekday_branch_operator' retrieved from /home/airflow/.local/lib/python3.12/site-packages/airflow/example_dags/example_branch_day_of_week_operator.py
[2026-08-08T17:54:39.373+0000] {logging_mixin.py:190} INFO - [2026-08-08T17:54:39.373+0000] {dag.py:3211} INFO - Sync 1 DAGs
[2026-08-08T17:54:39.393+0000] {logging_mixin.py:190} INFO - [2026-08-08T17:54:39.393+0000] {dag.py:4138} INFO - Setting next_dagrun for example_weekday_branch_operator to 2026-08-07 00:00:00+00:00, run_after=2026-08-08 00:00:00+00:00
[2026-08-08T17:54:39.411+0000] {processor.py:208} INFO - Processing /home/airflow/.local/lib/python3.12/site-packages/airflow/example_dags/example_branch_day_of_week_operator.py took 0.077 seconds
[2026-08-08T17:55:09.701+0000] {processor.py:186} INFO - Started process (PID=407) to work on /home/airflow/.local/lib/python3.12/site-packages/airflow/example_dags/example_branch_day_of_week_operator.py
[2026-08-08T17:55:09.703+0000] {processor.py:914} INFO - Processing file /home/airflow/.local/lib/python3.12/site-packages/airflow/example_dags/example_branch_day_of_week_operator.py for tasks to queue
[2026-08-08T17:55:09.705+0000] {logging_mixin.py:190} INFO - [2026-08-08T17:55:09.705+0000] {dagbag.py:587} INFO - Filling up the DagBag from /home/airflow/.local/lib/python3.12/site-packages/airflow/example_dags/example_branch_day_of_week_operator.py
[2026-08-08T17:55:09.716+0000] {processor.py:925} INFO - DAG(s) 'example_weekday_branch_operator' retrieved from /home/airflow/.local/lib/python3.12/site-packages/airflow/example_dags/example_branch_day_of_week_operator.py
[2026-08-08T17:55:09.735+0000] {logging_mixin.py:190} INFO - [2026-08-08T17:55:09.735+0000] {dag.py:3211} INFO - Sync 1 DAGs
[2026-08-08T17:55:09.757+0000] {logging_mixin.py:190} INFO - [2026-08-08T17:55:09.757+0000] {dag.py:4138} INFO - Setting next_dagrun for example_weekday_branch_operator to 2026-08-07 00:00:00+00:00, run_after=2026-08-08 00:00:00+00:00
[2026-08-08T17:55:09.774+0000] {processor.py:208} INFO - Processing /home/airflow/.local/lib/python3.12/site-packages/airflow/example_dags/example_branch_day_of_week_operator.py took 0.079 seconds
[2026-08-08T17:55:40.107+0000] {processor.py:186} INFO - Started process (PID=470) to work on /home/airflow/.local/lib/python3.12/site-packages/airflow/example_dags/example_branch_day_of_week_operator.py
[2026-08-08T17:55:40.108+0000] {processor.py:914} INFO - Processing file /home/airflow/.local/lib/python3.12/site-packages/airflow/example_dags/example_branch_day_of_week_operator.py for tasks to queue
[2026-08-08T17:55:40.111+0000] {logging_mixin.py:190} INFO - [2026-08-08T17:55:40.110+0000] {dagbag.py:587} INFO - Filling up the DagBag from /home/airflow/.local/lib/python3.12/site-packages/airflow/example_dags/example_branch_day_of_week_operator.py
[2026-08-08T17:55:40.120+0000] {processor.py:925} INFO - DAG(s) 'example_weekday_branch_operator' retrieved from /home/airflow/.local/lib/python3.12/site-packages/airflow/example_dags/example_branch_day_of_week_operator.py
[2026-08-08T17:55:40.140+0000] {logging_mixin.py:190} INFO - [2026-08-08T17:55:40.140+0000] {dag.py:3211} INFO - Sync 1 DAGs
[2026-08-08T17:55:40.161+0000] {logging_mixin.py:190} INFO - [2026-08-08T17:55:40.161+0000] {dag.py:4138} INFO - Setting next_dagrun for example_weekday_branch_operator to 2026-08-07 00:00:00+00:00, run_after=2026-08-08 00:00:00+00:00
[2026-08-08T17:55:40.181+0000] {processor.py:208} INFO - Processing /home/airflow/.local/lib/python3.12/site-packages/airflow/example_dags/example_branch_day_of_week_operator.py took 0.079 seconds
[2026-08-08T17:56:10.427+0000] {processor.py:186} INFO - Started process (PID=533) to work on /home/airflow/.local/lib/python3.12/site-packages/airflow/example_dags/example_branch_day_of_week_operator.py
[2026-08-08T17:56:10.428+0000] {processor.py:914} INFO - Processing file /home/airflow/.local/lib/python3.12/site-packages/airflow/example_dags/example_branch_day_of_week_operator.py for tasks to queue
[2026-08-08T17:56:10.431+0000] {logging_mixin.py:190} INFO - [2026-08-08T17:56:10.431+0000] {dagbag.py:587} INFO - Filling up the DagBag from /home/airflow/.local/lib/python3.12/site-packages/airflow/example_dags/example_branch_day_of_week_operator.py
[2026-08-08T17:56:10.440+0000] {processor.py:925} INFO - DAG(s) 'example_weekday_branch_operator' retrieved from /home/airflow/.local/lib/python3.12/site-packages/airflow/example_dags/example_branch_day_of_week_operator.py
[2026-08-08T17:56:10.459+0000] {logging_mixin.py:190} INFO - [2026-08-08T17:56:10.459+0000] {dag.py:3211} INFO - Sync 1 DAGs
[2026-08-08T17:56:10.478+0000] {logging_mixin.py:190} INFO - [2026-08-08T17:56:10.477+0000] {dag.py:4138} INFO - Setting next_dagrun for example_weekday_branch_operator to 2026-08-07 00:00:00+00:00, run_after=2026-08-08 00:00:00+00:00
[2026-08-08T17:56:10.495+0000] {processor.py:208} INFO - Processing /home/airflow/.local/lib/python3.12/site-packages/airflow/example_dags/example_branch_day_of_week_operator.py took 0.072 seconds
[2026-08-08T17:56:40.971+0000] {processor.py:186} INFO - Started process (PID=596) to work on /home/airflow/.local/lib/python3.12/site-packages/airflow/example_dags/example_branch_day_of_week_operator.py
[2026-08-08T17:56:40.973+0000] {processor.py:914} INFO - Processing file /home/airflow/.local/lib/python3.12/site-packages/airflow/example_dags/example_branch_day_of_week_operator.py for tasks to queue
[2026-08-08T17:56:40.975+0000] {logging_mixin.py:190} INFO - [2026-08-08T17:56:40.975+0000] {dagbag.py:587} INFO - Filling up the DagBag from /home/airflow/.local/lib/python3.12/site-packages/airflow/example_dags/example_branch_day_of_week_operator.py
[2026-08-08T17:56:40.984+0000] {processor.py:925} INFO - DAG(s) 'example_weekday_branch_operator' retrieved from /home/airflow/.local/lib/python3.12/site-packages/airflow/example_dags/example_branch_day_of_week_operator.py
[2026-08-08T17:56:41.004+0000] {logging_mixin.py:190} INFO - [2026-08-08T17:56:41.004+0000] {dag.py:3211} INFO - Sync 1 DAGs
[2026-08-08T17:56:41.028+0000] {logging_mixin.py:190} INFO - [2026-08-08T17:56:41.028+0000] {dag.py:4138} INFO - Setting next_dagrun for example_weekday_branch_operator to 2026-08-07 00:00:00+00:00, run_after=2026-08-08 00:00:00+00:00
[2026-08-08T17:56:41.045+0000] {processor.py:208} INFO - Processing /home/airflow/.local/lib/python3.12/site-packages/airflow/example_dags/example_branch_day_of_week_operator.py took 0.079 seconds
[2026-08-08T17:57:11.479+0000] {processor.py:186} INFO - Started process (PID=659) to work on /home/airflow/.local/lib/python3.12/site-packages/airflow/example_dags/example_branch_day_of_week_operator.py
[2026-08-08T17:57:11.480+0000] {processor.py:914} INFO - Processing file /home/airflow/.local/lib/python3.12/site-packages/airflow/example_dags/example_branch_day_of_week_operator.py for tasks to queue
[2026-08-08T17:57:11.483+0000] {logging_mixin.py:190} INFO - [2026-08-08T17:57:11.483+0000] {dagbag.py:587} INFO - Filling up the DagBag from /home/airflow/.local/lib/python3.12/site-packages/airflow/example_dags/example_branch_day_of_week_operator.py
[2026-08-08T17:57:11.494+0000] {processor.py:925} INFO - DAG(s) 'example_weekday_branch_operator' retrieved from /home/airflow/.local/lib/python3.12/site-packages/airflow/example_dags/example_branch_day_of_week_operator.py
[2026-08-08T17:57:11.519+0000] {logging_mixin.py:190} INFO - [2026-08-08T17:57:11.518+0000] {dag.py:3211} INFO - Sync 1 DAGs
[2026-08-08T17:57:11.548+0000] {logging_mixin.py:190} INFO - [2026-08-08T17:57:11.548+0000] {dag.py:4138} INFO - Setting next_dagrun for example_weekday_branch_operator to 2026-08-07 00:00:00+00:00, run_after=2026-08-08 00:00:00+00:00
[2026-08-08T17:57:11.574+0000] {processor.py:208} INFO - Processing /home/airflow/.local/lib/python3.12/site-packages/airflow/example_dags/example_branch_day_of_week_operator.py took 0.102 seconds
[2026-08-08T18:08:17.731+0000] {processor.py:186} INFO - Started process (PID=722) to work on /home/airflow/.local/lib/python3.12/site-packages/airflow/example_dags/example_branch_day_of_week_operator.py
[2026-08-08T18:08:17.735+0000] {processor.py:914} INFO - Processing file /home/airflow/.local/lib/python3.12/site-packages/airflow/example_dags/example_branch_day_of_week_operator.py for tasks to queue
[2026-08-08T18:08:17.743+0000] {logging_mixin.py:190} INFO - [2026-08-08T18:08:17.742+0000] {dagbag.py:587} INFO - Filling up the DagBag from /home/airflow/.local/lib/python3.12/site-packages/airflow/example_dags/example_branch_day_of_week_operator.py
[2026-08-08T18:08:17.765+0000] {processor.py:925} INFO - DAG(s) 'example_weekday_branch_operator' retrieved from /home/airflow/.local/lib/python3.12/site-packages/airflow/example_dags/example_branch_day_of_week_operator.py
[2026-08-08T18:08:17.804+0000] {logging_mixin.py:190} INFO - [2026-08-08T18:08:17.804+0000] {dag.py:3211} INFO - Sync 1 DAGs
[2026-08-08T18:08:17.852+0000] {logging_mixin.py:190} INFO - [2026-08-08T18:08:17.851+0000] {dag.py:4138} INFO - Setting next_dagrun for example_weekday_branch_operator to 2026-08-07 00:00:00+00:00, run_after=2026-08-08 00:00:00+00:00
[2026-08-08T18:08:17.888+0000] {processor.py:208} INFO - Processing /home/airflow/.local/lib/python3.12/site-packages/airflow/example_dags/example_branch_day_of_week_operator.py took 0.172 seconds
[2026-08-08T18:08:47.985+0000] {processor.py:186} INFO - Started process (PID=785) to work on /home/airflow/.local/lib/python3.12/site-packages/airflow/example_dags/example_branch_day_of_week_operator.py
[2026-08-08T18:08:47.988+0000] {processor.py:914} INFO - Processing file /home/airflow/.local/lib/python3.12/site-packages/airflow/example_dags/example_branch_day_of_week_operator.py for tasks to queue
[2026-08-08T18:08:47.993+0000] {logging_mixin.py:190} INFO - [2026-08-08T18:08:47.992+0000] {dagbag.py:587} INFO - Filling up the DagBag from /home/airflow/.local/lib/python3.12/site-packages/airflow/example_dags/example_branch_day_of_week_operator.py
[2026-08-08T18:08:48.009+0000] {processor.py:925} INFO - DAG(s) 'example_weekday_branch_operator' retrieved from /home/airflow/.local/lib/python3.12/site-packages/airflow/example_dags/example_branch_day_of_week_operator.py
[2026-08-08T18:08:48.045+0000] {logging_mixin.py:190} INFO - [2026-08-08T18:08:48.044+0000] {dag.py:3211} INFO - Sync 1 DAGs
[2026-08-08T18:08:48.091+0000] {logging_mixin.py:190} INFO - [2026-08-08T18:08:48.091+0000] {dag.py:4138} INFO - Setting next_dagrun for example_weekday_branch_operator to 2026-08-07 00:00:00+00:00, run_after=2026-08-08 00:00:00+00:00
[2026-08-08T18:08:48.127+0000] {processor.py:208} INFO - Processing /home/airflow/.local/lib/python3.12/site-packages/airflow/example_dags/example_branch_day_of_week_operator.py took 0.155 seconds
[2026-08-08T18:09:18.651+0000] {processor.py:186} INFO - Started process (PID=848) to work on /home/airflow/.local/lib/python3.12/site-packages/airflow/example_dags/example_branch_day_of_week_operator.py
[2026-08-08T18:09:18.654+0000] {processor.py:914} INFO - Processing file /home/airflow/.local/lib/python3.12/site-packages/airflow/example_dags/example_branch_day_of_week_operator.py for tasks to queue
[2026-08-08T18:09:18.657+0000] {logging_mixin.py:190} INFO - [2026-08-08T18:09:18.657+0000] {dagbag.py:587} INFO - Filling up the DagBag from /home/airflow/.local/lib/python3.12/site-packages/airflow/example_dags/example_branch_day_of_week_operator.py
[2026-08-08T18:09:18.673+0000] {processor.py:925} INFO - DAG(s) 'example_weekday_branch_operator' retrieved from /home/airflow/.local/lib/python3.12/site-packages/airflow/example_dags/example_branch_day_of_week_operator.py
[2026-08-08T18:09:18.701+0000] {logging_mixin.py:190} INFO - [2026-08-08T18:09:18.701+0000] {dag.py:3211} INFO - Sync 1 DAGs
[2026-08-08T18:09:18.738+0000] {logging_mixin.py:190} INFO - [2026-08-08T18:09:18.738+0000] {dag.py:4138} INFO - Setting next_dagrun for example_weekday_branch_operator to 2026-08-07 00:00:00+00:00, run_after=2026-08-08 00:00:00+00:00
[2026-08-08T18:09:18.768+0000] {processor.py:208} INFO - Processing /home/airflow/.local/lib/python3.12/site-packages/airflow/example_dags/example_branch_day_of_week_operator.py took 0.125 seconds
[2026-08-08T18:09:49.234+0000] {processor.py:186} INFO - Started process (PID=911) to work on /home/airflow/.local/lib/python3.12/site-packages/airflow/example_dags/example_branch_day_of_week_operator.py
[2026-08-08T18:09:49.235+0000] {processor.py:914} INFO - Processing file /home/airflow/.local/lib/python3.12/site-packages/airflow/example_dags/example_branch_day_of_week_operator.py for tasks to queue
[2026-08-08T18:09:49.238+0000] {logging_mixin.py:190} INFO - [2026-08-08T18:09:49.238+0000] {dagbag.py:587} INFO - Filling up the DagBag from /home/airflow/.local/lib/python3.12/site-packages/airflow/example_dags/example_branch_day_of_week_operator.py
[2026-08-08T18:09:49.250+0000] {processor.py:925} INFO - DAG(s) 'example_weekday_branch_operator' retrieved from /home/airflow/.local/lib/python3.12/site-packages/airflow/example_dags/example_branch_day_of_week_operator.py
[2026-08-08T18:09:49.275+0000] {logging_mixin.py:190} INFO - [2026-08-08T18:09:49.275+0000] {dag.py:3211} INFO - Sync 1 DAGs
[2026-08-08T18:09:49.301+0000] {logging_mixin.py:190} INFO - [2026-08-08T18:09:49.300+0000] {dag.py:4138} INFO - Setting next_dagrun for example_weekday_branch_operator to 2026-08-07 00:00:00+00:00, run_after=2026-08-08 00:00:00+00:00
[2026-08-08T18:09:49.325+0000] {processor.py:208} INFO - Processing /home/airflow/.local/lib/python3.12/site-packages/airflow/example_dags/example_branch_day_of_week_operator.py took 0.098 seconds
[2026-08-08T18:10:19.577+0000] {processor.py:186} INFO - Started process (PID=974) to work on /home/airflow/.local/lib/python3.12/site-packages/airflow/example_dags/example_branch_day_of_week_operator.py
[2026-08-08T18:10:19.580+0000] {processor.py:914} INFO - Processing file /home/airflow/.local/lib/python3.12/site-packages/airflow/example_dags/example_branch_day_of_week_operator.py for tasks to queue
[2026-08-08T18:10:19.586+0000] {logging_mixin.py:190} INFO - [2026-08-08T18:10:19.585+0000] {dagbag.py:587} INFO - Filling up the DagBag from /home/airflow/.local/lib/python3.12/site-packages/airflow/example_dags/example_branch_day_of_week_operator.py
[2026-08-08T18:10:19.610+0000] {processor.py:925} INFO - DAG(s) 'example_weekday_branch_operator' retrieved from /home/airflow/.local/lib/python3.12/site-packages/airflow/example_dags/example_branch_day_of_week_operator.py
[2026-08-08T18:10:19.656+0000] {logging_mixin.py:190} INFO - [2026-08-08T18:10:19.655+0000] {dag.py:3211} INFO - Sync 1 DAGs
[2026-08-08T18:10:19.710+0000] {logging_mixin.py:190} INFO - [2026-08-08T18:10:19.709+0000] {dag.py:4138} INFO - Setting next_dagrun for example_weekday_branch_operator to 2026-08-07 00:00:00+00:00, run_after=2026-08-08 00:00:00+00:00
[2026-08-08T18:10:19.755+0000] {processor.py:208} INFO - Processing /home/airflow/.local/lib/python3.12/site-packages/airflow/example_dags/example_branch_day_of_week_operator.py took 0.190 seconds
[2026-08-08T18:10:49.894+0000] {processor.py:186} INFO - Started process (PID=1037) to work on /home/airflow/.local/lib/python3.12/site-packages/airflow/example_dags/example_branch_day_of_week_operator.py
[2026-08-08T18:10:49.895+0000] {processor.py:914} INFO - Processing file /home/airflow/.local/lib/python3.12/site-packages/airflow/example_dags/example_branch_day_of_week_operator.py for tasks to queue
[2026-08-08T18:10:49.898+0000] {logging_mixin.py:190} INFO - [2026-08-08T18:10:49.898+0000] {dagbag.py:587} INFO - Filling up the DagBag from /home/airflow/.local/lib/python3.12/site-packages/airflow/example_dags/example_branch_day_of_week_operator.py
[2026-08-08T18:10:49.909+0000] {processor.py:925} INFO - DAG(s) 'example_weekday_branch_operator' retrieved from /home/airflow/.local/lib/python3.12/site-packages/airflow/example_dags/example_branch_day_of_week_operator.py
[2026-08-08T18:10:49.939+0000] {logging_mixin.py:190} INFO - [2026-08-08T18:10:49.938+0000] {dag.py:3211} INFO - Sync 1 DAGs
[2026-08-08T18:10:49.968+0000] {logging_mixin.py:190} INFO - [2026-08-08T18:10:49.968+0000] {dag.py:4138} INFO - Setting next_dagrun for example_weekday_branch_operator to 2026-08-07 00:00:00+00:00, run_after=2026-08-08 00:00:00+00:00
[2026-08-08T18:10:49.992+0000] {processor.py:208} INFO - Processing /home/airflow/.local/lib/python3.12/site-packages/airflow/example_dags/example_branch_day_of_week_operator.py took 0.105 seconds
[2026-08-08T18:11:20.270+0000] {processor.py:186} INFO - Started process (PID=1100) to work on /home/airflow/.local/lib/python3.12/site-packages/airflow/example_dags/example_branch_day_of_week_operator.py
[2026-08-08T18:11:20.271+0000] {processor.py:914} INFO - Processing file /home/airflow/.local/lib/python3.12/site-packages/airflow/example_dags/example_branch_day_of_week_operator.py for tasks to queue
[2026-08-08T18:11:20.274+0000] {logging_mixin.py:190} INFO - [2026-08-08T18:11:20.273+0000] {dagbag.py:587} INFO - Filling up the DagBag from /home/airflow/.local/lib/python3.12/site-packages/airflow/example_dags/example_branch_day_of_week_operator.py
[2026-08-08T18:11:20.283+0000] {processor.py:925} INFO - DAG(s) 'example_weekday_branch_operator' retrieved from /home/airflow/.local/lib/python3.12/site-packages/airflow/example_dags/example_branch_day_of_week_operator.py
[2026-08-08T18:11:20.304+0000] {logging_mixin.py:190} INFO - [2026-08-08T18:11:20.303+0000] {dag.py:3211} INFO - Sync 1 DAGs
[2026-08-08T18:11:20.328+0000] {logging_mixin.py:190} INFO - [2026-08-08T18:11:20.328+0000] {dag.py:4138} INFO - Setting next_dagrun for example_weekday_branch_operator to 2026-08-07 00:00:00+00:00, run_after=2026-08-08 00:00:00+00:00
[2026-08-08T18:11:20.350+0000] {processor.py:208} INFO - Processing /home/airflow/.local/lib/python3.12/site-packages/airflow/example_dags/example_branch_day_of_week_operator.py took 0.086 seconds
[2026-08-08T18:11:51.057+0000] {processor.py:186} INFO - Started process (PID=1163) to work on /home/airflow/.local/lib/python3.12/site-packages/airflow/example_dags/example_branch_day_of_week_operator.py
[2026-08-08T18:11:51.058+0000] {processor.py:914} INFO - Processing file /home/airflow/.local/lib/python3.12/site-packages/airflow/example_dags/example_branch_day_of_week_operator.py for tasks to queue
[2026-08-08T18:11:51.061+0000] {logging_mixin.py:190} INFO - [2026-08-08T18:11:51.061+0000] {dagbag.py:587} INFO - Filling up the DagBag from /home/airflow/.local/lib/python3.12/site-packages/airflow/example_dags/example_branch_day_of_week_operator.py
[2026-08-08T18:11:51.071+0000] {processor.py:925} INFO - DAG(s) 'example_weekday_branch_operator' retrieved from /home/airflow/.local/lib/python3.12/site-packages/airflow/example_dags/example_branch_day_of_week_operator.py
[2026-08-08T18:11:51.096+0000] {logging_mixin.py:190} INFO - [2026-08-08T18:11:51.096+0000] {dag.py:3211} INFO - Sync 1 DAGs
[2026-08-08T18:11:51.122+0000] {logging_mixin.py:190} INFO - [2026-08-08T18:11:51.122+0000] {dag.py:4138} INFO - Setting next_dagrun for example_weekday_branch_operator to 2026-08-07 00:00:00+00:00, run_after=2026-08-08 00:00:00+00:00
[2026-08-08T18:11:51.150+0000] {processor.py:208} INFO - Processing /home/airflow/.local/lib/python3.12/site-packages/airflow/example_dags/example_branch_day_of_week_operator.py took 0.100 seconds
[2026-08-08T18:13:06.681+0000] {processor.py:186} INFO - Started process (PID=92) to work on /home/airflow/.local/lib/python3.12/site-packages/airflow/example_dags/example_branch_day_of_week_operator.py
[2026-08-08T18:13:06.688+0000] {processor.py:914} INFO - Processing file /home/airflow/.local/lib/python3.12/site-packages/airflow/example_dags/example_branch_day_of_week_operator.py for tasks to queue
[2026-08-08T18:13:06.693+0000] {logging_mixin.py:190} INFO - [2026-08-08T18:13:06.693+0000] {dagbag.py:587} INFO - Filling up the DagBag from /home/airflow/.local/lib/python3.12/site-packages/airflow/example_dags/example_branch_day_of_week_operator.py
[2026-08-08T18:13:06.719+0000] {processor.py:925} INFO - DAG(s) 'example_weekday_branch_operator' retrieved from /home/airflow/.local/lib/python3.12/site-packages/airflow/example_dags/example_branch_day_of_week_operator.py
[2026-08-08T18:13:06.786+0000] {logging_mixin.py:190} INFO - [2026-08-08T18:13:06.785+0000] {dag.py:3211} INFO - Sync 1 DAGs
[2026-08-08T18:13:06.857+0000] {logging_mixin.py:190} INFO - [2026-08-08T18:13:06.856+0000] {dag.py:4138} INFO - Setting next_dagrun for example_weekday_branch_operator to 2026-08-07 00:00:00+00:00, run_after=2026-08-08 00:00:00+00:00
[2026-08-08T18:13:06.937+0000] {processor.py:208} INFO - Processing /home/airflow/.local/lib/python3.12/site-packages/airflow/example_dags/example_branch_day_of_week_operator.py took 0.276 seconds
[2026-08-08T18:13:37.616+0000] {processor.py:186} INFO - Started process (PID=161) to work on /home/airflow/.local/lib/python3.12/site-packages/airflow/example_dags/example_branch_day_of_week_operator.py
[2026-08-08T18:13:37.617+0000] {processor.py:914} INFO - Processing file /home/airflow/.local/lib/python3.12/site-packages/airflow/example_dags/example_branch_day_of_week_operator.py for tasks to queue
[2026-08-08T18:13:37.620+0000] {logging_mixin.py:190} INFO - [2026-08-08T18:13:37.620+0000] {dagbag.py:587} INFO - Filling up the DagBag from /home/airflow/.local/lib/python3.12/site-packages/airflow/example_dags/example_branch_day_of_week_operator.py
[2026-08-08T18:13:37.630+0000] {processor.py:925} INFO - DAG(s) 'example_weekday_branch_operator' retrieved from /home/airflow/.local/lib/python3.12/site-packages/airflow/example_dags/example_branch_day_of_week_operator.py
[2026-08-08T18:13:37.656+0000] {logging_mixin.py:190} INFO - [2026-08-08T18:13:37.656+0000] {dag.py:3211} INFO - Sync 1 DAGs
[2026-08-08T18:13:37.685+0000] {logging_mixin.py:190} INFO - [2026-08-08T18:13:37.684+0000] {dag.py:4138} INFO - Setting next_dagrun for example_weekday_branch_operator to 2026-08-07 00:00:00+00:00, run_after=2026-08-08 00:00:00+00:00
[2026-08-08T18:13:37.715+0000] {processor.py:208} INFO - Processing /home/airflow/.local/lib/python3.12/site-packages/airflow/example_dags/example_branch_day_of_week_operator.py took 0.105 seconds
[2026-08-08T18:14:08.303+0000] {processor.py:186} INFO - Started process (PID=224) to work on /home/airflow/.local/lib/python3.12/site-packages/airflow/example_dags/example_branch_day_of_week_operator.py
[2026-08-08T18:14:08.304+0000] {processor.py:914} INFO - Processing file /home/airflow/.local/lib/python3.12/site-packages/airflow/example_dags/example_branch_day_of_week_operator.py for tasks to queue
[2026-08-08T18:14:08.307+0000] {logging_mixin.py:190} INFO - [2026-08-08T18:14:08.307+0000] {dagbag.py:587} INFO - Filling up the DagBag from /home/airflow/.local/lib/python3.12/site-packages/airflow/example_dags/example_branch_day_of_week_operator.py
[2026-08-08T18:14:08.318+0000] {processor.py:925} INFO - DAG(s) 'example_weekday_branch_operator' retrieved from /home/airflow/.local/lib/python3.12/site-packages/airflow/example_dags/example_branch_day_of_week_operator.py
[2026-08-08T18:14:08.339+0000] {logging_mixin.py:190} INFO - [2026-08-08T18:14:08.338+0000] {dag.py:3211} INFO - Sync 1 DAGs
[2026-08-08T18:14:08.361+0000] {logging_mixin.py:190} INFO - [2026-08-08T18:14:08.361+0000] {dag.py:4138} INFO - Setting next_dagrun for example_weekday_branch_operator to 2026-08-07 00:00:00+00:00, run_after=2026-08-08 00:00:00+00:00
[2026-08-08T18:14:08.379+0000] {processor.py:208} INFO - Processing /home/airflow/.local/lib/python3.12/site-packages/airflow/example_dags/example_branch_day_of_week_operator.py took 0.082 seconds
[2026-08-08T18:14:38.621+0000] {processor.py:186} INFO - Started process (PID=287) to work on /home/airflow/.local/lib/python3.12/site-packages/airflow/example_dags/example_branch_day_of_week_operator.py
[2026-08-08T18:14:38.622+0000] {processor.py:914} INFO - Processing file /home/airflow/.local/lib/python3.12/site-packages/airflow/example_dags/example_branch_day_of_week_operator.py for tasks to queue
[2026-08-08T18:14:38.624+0000] {logging_mixin.py:190} INFO - [2026-08-08T18:14:38.624+0000] {dagbag.py:587} INFO - Filling up the DagBag from /home/airflow/.local/lib/python3.12/site-packages/airflow/example_dags/example_branch_day_of_week_operator.py
[2026-08-08T18:14:38.633+0000] {processor.py:925} INFO - DAG(s) 'example_weekday_branch_operator' retrieved from /home/airflow/.local/lib/python3.12/site-packages/airflow/example_dags/example_branch_day_of_week_operator.py
[2026-08-08T18:14:38.654+0000] {logging_mixin.py:190} INFO - [2026-08-08T18:14:38.654+0000] {dag.py:3211} INFO - Sync 1 DAGs
[2026-08-08T18:14:38.677+0000] {logging_mixin.py:190} INFO - [2026-08-08T18:14:38.677+0000] {dag.py:4138} INFO - Setting next_dagrun for example_weekday_branch_operator to 2026-08-07 00:00:00+00:00, run_after=2026-08-08 00:00:00+00:00
[2026-08-08T18:14:38.698+0000] {processor.py:208} INFO - Processing /home/airflow/.local/lib/python3.12/site-packages/airflow/example_dags/example_branch_day_of_week_operator.py took 0.083 seconds
[2026-08-08T18:15:09.805+0000] {processor.py:186} INFO - Started process (PID=350) to work on /home/airflow/.local/lib/python3.12/site-packages/airflow/example_dags/example_branch_day_of_week_operator.py
[2026-08-08T18:15:09.807+0000] {processor.py:914} INFO - Processing file /home/airflow/.local/lib/python3.12/site-packages/airflow/example_dags/example_branch_day_of_week_operator.py for tasks to queue
[2026-08-08T18:15:09.812+0000] {logging_mixin.py:190} INFO - [2026-08-08T18:15:09.811+0000] {dagbag.py:587} INFO - Filling up the DagBag from /home/airflow/.local/lib/python3.12/site-packages/airflow/example_dags/example_branch_day_of_week_operator.py
[2026-08-08T18:15:09.831+0000] {processor.py:925} INFO - DAG(s) 'example_weekday_branch_operator' retrieved from /home/airflow/.local/lib/python3.12/site-packages/airflow/example_dags/example_branch_day_of_week_operator.py
[2026-08-08T18:15:09.872+0000] {logging_mixin.py:190} INFO - [2026-08-08T18:15:09.872+0000] {dag.py:3211} INFO - Sync 1 DAGs
[2026-08-08T18:15:09.906+0000] {logging_mixin.py:190} INFO - [2026-08-08T18:15:09.906+0000] {dag.py:4138} INFO - Setting next_dagrun for example_weekday_branch_operator to 2026-08-07 00:00:00+00:00, run_after=2026-08-08 00:00:00+00:00
[2026-08-08T18:15:09.935+0000] {processor.py:208} INFO - Processing /home/airflow/.local/lib/python3.12/site-packages/airflow/example_dags/example_branch_day_of_week_operator.py took 0.139 seconds
[2026-08-08T18:15:40.494+0000] {processor.py:186} INFO - Started process (PID=413) to work on /home/airflow/.local/lib/python3.12/site-packages/airflow/example_dags/example_branch_day_of_week_operator.py
[2026-08-08T18:15:40.495+0000] {processor.py:914} INFO - Processing file /home/airflow/.local/lib/python3.12/site-packages/airflow/example_dags/example_branch_day_of_week_operator.py for tasks to queue
[2026-08-08T18:15:40.498+0000] {logging_mixin.py:190} INFO - [2026-08-08T18:15:40.498+0000] {dagbag.py:587} INFO - Filling up the DagBag from /home/airflow/.local/lib/python3.12/site-packages/airflow/example_dags/example_branch_day_of_week_operator.py
[2026-08-08T18:15:40.510+0000] {processor.py:925} INFO - DAG(s) 'example_weekday_branch_operator' retrieved from /home/airflow/.local/lib/python3.12/site-packages/airflow/example_dags/example_branch_day_of_week_operator.py
[2026-08-08T18:15:40.536+0000] {logging_mixin.py:190} INFO - [2026-08-08T18:15:40.535+0000] {dag.py:3211} INFO - Sync 1 DAGs
[2026-08-08T18:15:40.559+0000] {logging_mixin.py:190} INFO - [2026-08-08T18:15:40.559+0000] {dag.py:4138} INFO - Setting next_dagrun for example_weekday_branch_operator to 2026-08-07 00:00:00+00:00, run_after=2026-08-08 00:00:00+00:00
[2026-08-08T18:15:40.580+0000] {processor.py:208} INFO - Processing /home/airflow/.local/lib/python3.12/site-packages/airflow/example_dags/example_branch_day_of_week_operator.py took 0.091 seconds
[2026-08-08T18:17:12.055+0000] {processor.py:186} INFO - Started process (PID=111) to work on /home/airflow/.local/lib/python3.12/site-packages/airflow/example_dags/example_branch_day_of_week_operator.py
[2026-08-08T18:17:12.057+0000] {processor.py:914} INFO - Processing file /home/airflow/.local/lib/python3.12/site-packages/airflow/example_dags/example_branch_day_of_week_operator.py for tasks to queue
[2026-08-08T18:17:12.060+0000] {logging_mixin.py:190} INFO - [2026-08-08T18:17:12.060+0000] {dagbag.py:587} INFO - Filling up the DagBag from /home/airflow/.local/lib/python3.12/site-packages/airflow/example_dags/example_branch_day_of_week_operator.py
[2026-08-08T18:17:12.072+0000] {processor.py:925} INFO - DAG(s) 'example_weekday_branch_operator' retrieved from /home/airflow/.local/lib/python3.12/site-packages/airflow/example_dags/example_branch_day_of_week_operator.py
[2026-08-08T18:17:12.104+0000] {logging_mixin.py:190} INFO - [2026-08-08T18:17:12.104+0000] {dag.py:3211} INFO - Sync 1 DAGs
[2026-08-08T18:17:12.137+0000] {logging_mixin.py:190} INFO - [2026-08-08T18:17:12.137+0000] {dag.py:4138} INFO - Setting next_dagrun for example_weekday_branch_operator to 2026-08-07 00:00:00+00:00, run_after=2026-08-08 00:00:00+00:00
[2026-08-08T18:17:12.167+0000] {processor.py:208} INFO - Processing /home/airflow/.local/lib/python3.12/site-packages/airflow/example_dags/example_branch_day_of_week_operator.py took 0.118 seconds
[2026-08-08T18:17:42.832+0000] {processor.py:186} INFO - Started process (PID=174) to work on /home/airflow/.local/lib/python3.12/site-packages/airflow/example_dags/example_branch_day_of_week_operator.py
[2026-08-08T18:17:42.833+0000] {processor.py:914} INFO - Processing file /home/airflow/.local/lib/python3.12/site-packages/airflow/example_dags/example_branch_day_of_week_operator.py for tasks to queue
[2026-08-08T18:17:42.836+0000] {logging_mixin.py:190} INFO - [2026-08-08T18:17:42.836+0000] {dagbag.py:587} INFO - Filling up the DagBag from /home/airflow/.local/lib/python3.12/site-packages/airflow/example_dags/example_branch_day_of_week_operator.py
[2026-08-08T18:17:42.846+0000] {processor.py:925} INFO - DAG(s) 'example_weekday_branch_operator' retrieved from /home/airflow/.local/lib/python3.12/site-packages/airflow/example_dags/example_branch_day_of_week_operator.py
[2026-08-08T18:17:42.867+0000] {logging_mixin.py:190} INFO - [2026-08-08T18:17:42.867+0000] {dag.py:3211} INFO - Sync 1 DAGs
[2026-08-08T18:17:42.893+0000] {logging_mixin.py:190} INFO - [2026-08-08T18:17:42.892+0000] {dag.py:4138} INFO - Setting next_dagrun for example_weekday_branch_operator to 2026-08-07 00:00:00+00:00, run_after=2026-08-08 00:00:00+00:00
[2026-08-08T18:17:42.918+0000] {processor.py:208} INFO - Processing /home/airflow/.local/lib/python3.12/site-packages/airflow/example_dags/example_branch_day_of_week_operator.py took 0.093 seconds
[2026-08-08T18:18:13.657+0000] {processor.py:186} INFO - Started process (PID=237) to work on /home/airflow/.local/lib/python3.12/site-packages/airflow/example_dags/example_branch_day_of_week_operator.py
[2026-08-08T18:18:13.659+0000] {processor.py:914} INFO - Processing file /home/airflow/.local/lib/python3.12/site-packages/airflow/example_dags/example_branch_day_of_week_operator.py for tasks to queue
[2026-08-08T18:18:13.662+0000] {logging_mixin.py:190} INFO - [2026-08-08T18:18:13.662+0000] {dagbag.py:587} INFO - Filling up the DagBag from /home/airflow/.local/lib/python3.12/site-packages/airflow/example_dags/example_branch_day_of_week_operator.py
[2026-08-08T18:18:13.674+0000] {processor.py:925} INFO - DAG(s) 'example_weekday_branch_operator' retrieved from /home/airflow/.local/lib/python3.12/site-packages/airflow/example_dags/example_branch_day_of_week_operator.py
[2026-08-08T18:18:13.699+0000] {logging_mixin.py:190} INFO - [2026-08-08T18:18:13.698+0000] {dag.py:3211} INFO - Sync 1 DAGs
[2026-08-08T18:18:13.726+0000] {logging_mixin.py:190} INFO - [2026-08-08T18:18:13.726+0000] {dag.py:4138} INFO - Setting next_dagrun for example_weekday_branch_operator to 2026-08-07 00:00:00+00:00, run_after=2026-08-08 00:00:00+00:00
[2026-08-08T18:18:13.747+0000] {processor.py:208} INFO - Processing /home/airflow/.local/lib/python3.12/site-packages/airflow/example_dags/example_branch_day_of_week_operator.py took 0.098 seconds
[2026-08-08T18:18:44.224+0000] {processor.py:186} INFO - Started process (PID=301) to work on /home/airflow/.local/lib/python3.12/site-packages/airflow/example_dags/example_branch_day_of_week_operator.py
[2026-08-08T18:18:44.225+0000] {processor.py:914} INFO - Processing file /home/airflow/.local/lib/python3.12/site-packages/airflow/example_dags/example_branch_day_of_week_operator.py for tasks to queue
[2026-08-08T18:18:44.228+0000] {logging_mixin.py:190} INFO - [2026-08-08T18:18:44.228+0000] {dagbag.py:587} INFO - Filling up the DagBag from /home/airflow/.local/lib/python3.12/site-packages/airflow/example_dags/example_branch_day_of_week_operator.py
[2026-08-08T18:18:44.239+0000] {processor.py:925} INFO - DAG(s) 'example_weekday_branch_operator' retrieved from /home/airflow/.local/lib/python3.12/site-packages/airflow/example_dags/example_branch_day_of_week_operator.py
[2026-08-08T18:18:44.261+0000] {logging_mixin.py:190} INFO - [2026-08-08T18:18:44.261+0000] {dag.py:3211} INFO - Sync 1 DAGs
[2026-08-08T18:18:44.286+0000] {logging_mixin.py:190} INFO - [2026-08-08T18:18:44.285+0000] {dag.py:4138} INFO - Setting next_dagrun for example_weekday_branch_operator to 2026-08-07 00:00:00+00:00, run_after=2026-08-08 00:00:00+00:00
[2026-08-08T18:18:44.305+0000] {processor.py:208} INFO - Processing /home/airflow/.local/lib/python3.12/site-packages/airflow/example_dags/example_branch_day_of_week_operator.py took 0.088 seconds
[2026-08-08T18:19:15.013+0000] {processor.py:186} INFO - Started process (PID=364) to work on /home/airflow/.local/lib/python3.12/site-packages/airflow/example_dags/example_branch_day_of_week_operator.py
[2026-08-08T18:19:15.015+0000] {processor.py:914} INFO - Processing file /home/airflow/.local/lib/python3.12/site-packages/airflow/example_dags/example_branch_day_of_week_operator.py for tasks to queue
[2026-08-08T18:19:15.019+0000] {logging_mixin.py:190} INFO - [2026-08-08T18:19:15.018+0000] {dagbag.py:587} INFO - Filling up the DagBag from /home/airflow/.local/lib/python3.12/site-packages/airflow/example_dags/example_branch_day_of_week_operator.py
[2026-08-08T18:19:15.031+0000] {processor.py:925} INFO - DAG(s) 'example_weekday_branch_operator' retrieved from /home/airflow/.local/lib/python3.12/site-packages/airflow/example_dags/example_branch_day_of_week_operator.py
[2026-08-08T18:19:15.053+0000] {logging_mixin.py:190} INFO - [2026-08-08T18:19:15.053+0000] {dag.py:3211} INFO - Sync 1 DAGs
[2026-08-08T18:19:15.077+0000] {logging_mixin.py:190} INFO - [2026-08-08T18:19:15.076+0000] {dag.py:4138} INFO - Setting next_dagrun for example_weekday_branch_operator to 2026-08-07 00:00:00+00:00, run_after=2026-08-08 00:00:00+00:00
[2026-08-08T18:19:15.100+0000] {processor.py:208} INFO - Processing /home/airflow/.local/lib/python3.12/site-packages/airflow/example_dags/example_branch_day_of_week_operator.py took 0.093 seconds
[2026-08-08T18:24:01.226+0000] {processor.py:186} INFO - Started process (PID=426) to work on /home/airflow/.local/lib/python3.12/site-packages/airflow/example_dags/example_branch_day_of_week_operator.py
[2026-08-08T18:24:01.228+0000] {processor.py:914} INFO - Processing file /home/airflow/.local/lib/python3.12/site-packages/airflow/example_dags/example_branch_day_of_week_operator.py for tasks to queue
[2026-08-08T18:24:01.236+0000] {logging_mixin.py:190} INFO - [2026-08-08T18:24:01.235+0000] {dagbag.py:587} INFO - Filling up the DagBag from /home/airflow/.local/lib/python3.12/site-packages/airflow/example_dags/example_branch_day_of_week_operator.py
[2026-08-08T18:24:01.245+0000] {processor.py:925} INFO - DAG(s) 'example_weekday_branch_operator' retrieved from /home/airflow/.local/lib/python3.12/site-packages/airflow/example_dags/example_branch_day_of_week_operator.py
[2026-08-08T18:24:01.270+0000] {logging_mixin.py:190} INFO - [2026-08-08T18:24:01.269+0000] {dag.py:3211} INFO - Sync 1 DAGs
[2026-08-08T18:24:01.299+0000] {logging_mixin.py:190} INFO - [2026-08-08T18:24:01.298+0000] {dag.py:4138} INFO - Setting next_dagrun for example_weekday_branch_operator to 2026-08-07 00:00:00+00:00, run_after=2026-08-08 00:00:00+00:00
[2026-08-08T18:24:01.365+0000] {processor.py:208} INFO - Processing /home/airflow/.local/lib/python3.12/site-packages/airflow/example_dags/example_branch_day_of_week_operator.py took 0.146 seconds
[2026-08-08T18:24:31.716+0000] {processor.py:186} INFO - Started process (PID=489) to work on /home/airflow/.local/lib/python3.12/site-packages/airflow/example_dags/example_branch_day_of_week_operator.py
[2026-08-08T18:24:31.718+0000] {processor.py:914} INFO - Processing file /home/airflow/.local/lib/python3.12/site-packages/airflow/example_dags/example_branch_day_of_week_operator.py for tasks to queue
[2026-08-08T18:24:31.721+0000] {logging_mixin.py:190} INFO - [2026-08-08T18:24:31.721+0000] {dagbag.py:587} INFO - Filling up the DagBag from /home/airflow/.local/lib/python3.12/site-packages/airflow/example_dags/example_branch_day_of_week_operator.py
[2026-08-08T18:24:31.736+0000] {processor.py:925} INFO - DAG(s) 'example_weekday_branch_operator' retrieved from /home/airflow/.local/lib/python3.12/site-packages/airflow/example_dags/example_branch_day_of_week_operator.py
[2026-08-08T18:24:31.762+0000] {logging_mixin.py:190} INFO - [2026-08-08T18:24:31.762+0000] {dag.py:3211} INFO - Sync 1 DAGs
[2026-08-08T18:24:31.792+0000] {logging_mixin.py:190} INFO - [2026-08-08T18:24:31.792+0000] {dag.py:4138} INFO - Setting next_dagrun for example_weekday_branch_operator to 2026-08-07 00:00:00+00:00, run_after=2026-08-08 00:00:00+00:00
[2026-08-08T18:24:31.814+0000] {processor.py:208} INFO - Processing /home/airflow/.local/lib/python3.12/site-packages/airflow/example_dags/example_branch_day_of_week_operator.py took 0.106 seconds
[2026-08-08T18:25:02.242+0000] {processor.py:186} INFO - Started process (PID=552) to work on /home/airflow/.local/lib/python3.12/site-packages/airflow/example_dags/example_branch_day_of_week_operator.py
[2026-08-08T18:25:02.243+0000] {processor.py:914} INFO - Processing file /home/airflow/.local/lib/python3.12/site-packages/airflow/example_dags/example_branch_day_of_week_operator.py for tasks to queue
[2026-08-08T18:25:02.246+0000] {logging_mixin.py:190} INFO - [2026-08-08T18:25:02.246+0000] {dagbag.py:587} INFO - Filling up the DagBag from /home/airflow/.local/lib/python3.12/site-packages/airflow/example_dags/example_branch_day_of_week_operator.py
[2026-08-08T18:25:02.257+0000] {processor.py:925} INFO - DAG(s) 'example_weekday_branch_operator' retrieved from /home/airflow/.local/lib/python3.12/site-packages/airflow/example_dags/example_branch_day_of_week_operator.py
[2026-08-08T18:25:02.280+0000] {logging_mixin.py:190} INFO - [2026-08-08T18:25:02.279+0000] {dag.py:3211} INFO - Sync 1 DAGs
[2026-08-08T18:25:02.315+0000] {logging_mixin.py:190} INFO - [2026-08-08T18:25:02.315+0000] {dag.py:4138} INFO - Setting next_dagrun for example_weekday_branch_operator to 2026-08-07 00:00:00+00:00, run_after=2026-08-08 00:00:00+00:00
[2026-08-08T18:25:02.335+0000] {processor.py:208} INFO - Processing /home/airflow/.local/lib/python3.12/site-packages/airflow/example_dags/example_branch_day_of_week_operator.py took 0.099 seconds
[2026-08-08T18:25:32.834+0000] {processor.py:186} INFO - Started process (PID=615) to work on /home/airflow/.local/lib/python3.12/site-packages/airflow/example_dags/example_branch_day_of_week_operator.py
[2026-08-08T18:25:32.835+0000] {processor.py:914} INFO - Processing file /home/airflow/.local/lib/python3.12/site-packages/airflow/example_dags/example_branch_day_of_week_operator.py for tasks to queue
[2026-08-08T18:25:32.838+0000] {logging_mixin.py:190} INFO - [2026-08-08T18:25:32.838+0000] {dagbag.py:587} INFO - Filling up the DagBag from /home/airflow/.local/lib/python3.12/site-packages/airflow/example_dags/example_branch_day_of_week_operator.py
[2026-08-08T18:25:32.852+0000] {processor.py:925} INFO - DAG(s) 'example_weekday_branch_operator' retrieved from /home/airflow/.local/lib/python3.12/site-packages/airflow/example_dags/example_branch_day_of_week_operator.py
[2026-08-08T18:25:32.877+0000] {logging_mixin.py:190} INFO - [2026-08-08T18:25:32.877+0000] {dag.py:3211} INFO - Sync 1 DAGs
[2026-08-08T18:25:32.904+0000] {logging_mixin.py:190} INFO - [2026-08-08T18:25:32.904+0000] {dag.py:4138} INFO - Setting next_dagrun for example_weekday_branch_operator to 2026-08-07 00:00:00+00:00, run_after=2026-08-08 00:00:00+00:00
[2026-08-08T18:25:32.925+0000] {processor.py:208} INFO - Processing /home/airflow/.local/lib/python3.12/site-packages/airflow/example_dags/example_branch_day_of_week_operator.py took 0.099 seconds
[2026-08-08T18:26:03.375+0000] {processor.py:186} INFO - Started process (PID=679) to work on /home/airflow/.local/lib/python3.12/site-packages/airflow/example_dags/example_branch_day_of_week_operator.py
[2026-08-08T18:26:03.377+0000] {processor.py:914} INFO - Processing file /home/airflow/.local/lib/python3.12/site-packages/airflow/example_dags/example_branch_day_of_week_operator.py for tasks to queue
[2026-08-08T18:26:03.381+0000] {logging_mixin.py:190} INFO - [2026-08-08T18:26:03.381+0000] {dagbag.py:587} INFO - Filling up the DagBag from /home/airflow/.local/lib/python3.12/site-packages/airflow/example_dags/example_branch_day_of_week_operator.py
[2026-08-08T18:26:03.399+0000] {processor.py:925} INFO - DAG(s) 'example_weekday_branch_operator' retrieved from /home/airflow/.local/lib/python3.12/site-packages/airflow/example_dags/example_branch_day_of_week_operator.py
[2026-08-08T18:26:03.428+0000] {logging_mixin.py:190} INFO - [2026-08-08T18:26:03.428+0000] {dag.py:3211} INFO - Sync 1 DAGs
[2026-08-08T18:26:03.460+0000] {logging_mixin.py:190} INFO - [2026-08-08T18:26:03.459+0000] {dag.py:4138} INFO - Setting next_dagrun for example_weekday_branch_operator to 2026-08-07 00:00:00+00:00, run_after=2026-08-08 00:00:00+00:00
[2026-08-08T18:26:03.499+0000] {processor.py:208} INFO - Processing /home/airflow/.local/lib/python3.12/site-packages/airflow/example_dags/example_branch_day_of_week_operator.py took 0.131 seconds
[2026-08-08T18:26:34.196+0000] {processor.py:186} INFO - Started process (PID=742) to work on /home/airflow/.local/lib/python3.12/site-packages/airflow/example_dags/example_branch_day_of_week_operator.py
[2026-08-08T18:26:34.197+0000] {processor.py:914} INFO - Processing file /home/airflow/.local/lib/python3.12/site-packages/airflow/example_dags/example_branch_day_of_week_operator.py for tasks to queue
[2026-08-08T18:26:34.200+0000] {logging_mixin.py:190} INFO - [2026-08-08T18:26:34.200+0000] {dagbag.py:587} INFO - Filling up the DagBag from /home/airflow/.local/lib/python3.12/site-packages/airflow/example_dags/example_branch_day_of_week_operator.py
[2026-08-08T18:26:34.210+0000] {processor.py:925} INFO - DAG(s) 'example_weekday_branch_operator' retrieved from /home/airflow/.local/lib/python3.12/site-packages/airflow/example_dags/example_branch_day_of_week_operator.py
[2026-08-08T18:26:34.233+0000] {logging_mixin.py:190} INFO - [2026-08-08T18:26:34.232+0000] {dag.py:3211} INFO - Sync 1 DAGs
[2026-08-08T18:26:34.257+0000] {logging_mixin.py:190} INFO - [2026-08-08T18:26:34.257+0000] {dag.py:4138} INFO - Setting next_dagrun for example_weekday_branch_operator to 2026-08-07 00:00:00+00:00, run_after=2026-08-08 00:00:00+00:00
[2026-08-08T18:26:34.276+0000] {processor.py:208} INFO - Processing /home/airflow/.local/lib/python3.12/site-packages/airflow/example_dags/example_branch_day_of_week_operator.py took 0.087 seconds
