[2026-08-08T17:25:01.020+0000] {processor.py:186} INFO - Started process (PID=78) to work on /home/airflow/.local/lib/python3.12/site-packages/airflow/example_dags/tutorial_taskflow_api_virtualenv.py
[2026-08-08T17:25:01.021+0000] {processor.py:914} INFO - Processing file /home/airflow/.local/lib/python3.12/site-packages/airflow/example_dags/tutorial_taskflow_api_virtualenv.py for tasks to queue
[2026-08-08T17:25:01.024+0000] {logging_mixin.py:190} INFO - [2026-08-08T17:25:01.024+0000] {dagbag.py:587} INFO - Filling up the DagBag from /home/airflow/.local/lib/python3.12/site-packages/airflow/example_dags/tutorial_taskflow_api_virtualenv.py
[2026-08-08T17:25:01.046+0000] {processor.py:925} INFO - DAG(s) 'tutorial_taskflow_api_virtualenv' retrieved from /home/airflow/.local/lib/python3.12/site-packages/airflow/example_dags/tutorial_taskflow_api_virtualenv.py
[2026-08-08T17:25:01.191+0000] {logging_mixin.py:190} INFO - [2026-08-08T17:25:01.190+0000] {override.py:1858} INFO - Created Permission View: can delete on DAG:tutorial_taskflow_api_virtualenv
[2026-08-08T17:25:01.206+0000] {logging_mixin.py:190} INFO - [2026-08-08T17:25:01.206+0000] {override.py:1858} INFO - Created Permission View: can edit on DAG:tutorial_taskflow_api_virtualenv
[2026-08-08T17:25:01.226+0000] {logging_mixin.py:190} INFO - [2026-08-08T17:25:01.225+0000] {override.py:1858} INFO - Created Permission View: can read on DAG:tutorial_taskflow_api_virtualenv
[2026-08-08T17:25:01.228+0000] {logging_mixin.py:190} INFO - [2026-08-08T17:25:01.227+0000] {dag.py:3211} INFO - Sync 1 DAGs
[2026-08-08T17:25:01.246+0000] {logging_mixin.py:190} INFO - [2026-08-08T17:25:01.245+0000] {dag.py:3234} INFO - Creating ORM DAG for tutorial_taskflow_api_virtualenv
[2026-08-08T17:25:01.247+0000] {logging_mixin.py:190} INFO - [2026-08-08T17:25:01.247+0000] {dag.py:4138} INFO - Setting next_dagrun for tutorial_taskflow_api_virtualenv to None, run_after=None
[2026-08-08T17:25:01.268+0000] {processor.py:208} INFO - Processing /home/airflow/.local/lib/python3.12/site-packages/airflow/example_dags/tutorial_taskflow_api_virtualenv.py took 0.256 seconds
[2026-08-08T17:25:31.920+0000] {processor.py:186} INFO - Started process (PID=141) to work on /home/airflow/.local/lib/python3.12/site-packages/airflow/example_dags/tutorial_taskflow_api_virtualenv.py
[2026-08-08T17:25:31.923+0000] {processor.py:914} INFO - Processing file /home/airflow/.local/lib/python3.12/site-packages/airflow/example_dags/tutorial_taskflow_api_virtualenv.py for tasks to queue
[2026-08-08T17:25:31.932+0000] {logging_mixin.py:190} INFO - [2026-08-08T17:25:31.931+0000] {dagbag.py:587} INFO - Filling up the DagBag from /home/airflow/.local/lib/python3.12/site-packages/airflow/example_dags/tutorial_taskflow_api_virtualenv.py
[2026-08-08T17:25:31.984+0000] {processor.py:925} INFO - DAG(s) 'tutorial_taskflow_api_virtualenv' retrieved from /home/airflow/.local/lib/python3.12/site-packages/airflow/example_dags/tutorial_taskflow_api_virtualenv.py
[2026-08-08T17:25:32.052+0000] {logging_mixin.py:190} INFO - [2026-08-08T17:25:32.052+0000] {dag.py:3211} INFO - Sync 1 DAGs
[2026-08-08T17:25:32.071+0000] {logging_mixin.py:190} INFO - [2026-08-08T17:25:32.071+0000] {dag.py:4138} INFO - Setting next_dagrun for tutorial_taskflow_api_virtualenv to None, run_after=None
[2026-08-08T17:25:32.097+0000] {processor.py:208} INFO - Processing /home/airflow/.local/lib/python3.12/site-packages/airflow/example_dags/tutorial_taskflow_api_virtualenv.py took 0.187 seconds
[2026-08-08T17:26:02.607+0000] {processor.py:186} INFO - Started process (PID=204) to work on /home/airflow/.local/lib/python3.12/site-packages/airflow/example_dags/tutorial_taskflow_api_virtualenv.py
[2026-08-08T17:26:02.608+0000] {processor.py:914} INFO - Processing file /home/airflow/.local/lib/python3.12/site-packages/airflow/example_dags/tutorial_taskflow_api_virtualenv.py for tasks to queue
[2026-08-08T17:26:02.612+0000] {logging_mixin.py:190} INFO - [2026-08-08T17:26:02.611+0000] {dagbag.py:587} INFO - Filling up the DagBag from /home/airflow/.local/lib/python3.12/site-packages/airflow/example_dags/tutorial_taskflow_api_virtualenv.py
[2026-08-08T17:26:02.625+0000] {processor.py:925} INFO - DAG(s) 'tutorial_taskflow_api_virtualenv' retrieved from /home/airflow/.local/lib/python3.12/site-packages/airflow/example_dags/tutorial_taskflow_api_virtualenv.py
[2026-08-08T17:26:02.650+0000] {logging_mixin.py:190} INFO - [2026-08-08T17:26:02.650+0000] {dag.py:3211} INFO - Sync 1 DAGs
[2026-08-08T17:26:02.666+0000] {logging_mixin.py:190} INFO - [2026-08-08T17:26:02.666+0000] {dag.py:4138} INFO - Setting next_dagrun for tutorial_taskflow_api_virtualenv to None, run_after=None
[2026-08-08T17:26:02.689+0000] {processor.py:208} INFO - Processing /home/airflow/.local/lib/python3.12/site-packages/airflow/example_dags/tutorial_taskflow_api_virtualenv.py took 0.088 seconds
[2026-08-08T17:26:33.473+0000] {processor.py:186} INFO - Started process (PID=267) to work on /home/airflow/.local/lib/python3.12/site-packages/airflow/example_dags/tutorial_taskflow_api_virtualenv.py
[2026-08-08T17:26:33.476+0000] {processor.py:914} INFO - Processing file /home/airflow/.local/lib/python3.12/site-packages/airflow/example_dags/tutorial_taskflow_api_virtualenv.py for tasks to queue
[2026-08-08T17:26:33.478+0000] {logging_mixin.py:190} INFO - [2026-08-08T17:26:33.478+0000] {dagbag.py:587} INFO - Filling up the DagBag from /home/airflow/.local/lib/python3.12/site-packages/airflow/example_dags/tutorial_taskflow_api_virtualenv.py
[2026-08-08T17:26:33.494+0000] {processor.py:925} INFO - DAG(s) 'tutorial_taskflow_api_virtualenv' retrieved from /home/airflow/.local/lib/python3.12/site-packages/airflow/example_dags/tutorial_taskflow_api_virtualenv.py
[2026-08-08T17:26:33.522+0000] {logging_mixin.py:190} INFO - [2026-08-08T17:26:33.521+0000] {dag.py:3211} INFO - Sync 1 DAGs
[2026-08-08T17:26:33.541+0000] {logging_mixin.py:190} INFO - [2026-08-08T17:26:33.540+0000] {dag.py:4138} INFO - Setting next_dagrun for tutorial_taskflow_api_virtualenv to None, run_after=None
[2026-08-08T17:26:33.564+0000] {processor.py:208} INFO - Processing /home/airflow/.local/lib/python3.12/site-packages/airflow/example_dags/tutorial_taskflow_api_virtualenv.py took 0.098 seconds
[2026-08-08T17:27:03.657+0000] {processor.py:186} INFO - Started process (PID=330) to work on /home/airflow/.local/lib/python3.12/site-packages/airflow/example_dags/tutorial_taskflow_api_virtualenv.py
[2026-08-08T17:27:03.658+0000] {processor.py:914} INFO - Processing file /home/airflow/.local/lib/python3.12/site-packages/airflow/example_dags/tutorial_taskflow_api_virtualenv.py for tasks to queue
[2026-08-08T17:27:03.661+0000] {logging_mixin.py:190} INFO - [2026-08-08T17:27:03.661+0000] {dagbag.py:587} INFO - Filling up the DagBag from /home/airflow/.local/lib/python3.12/site-packages/airflow/example_dags/tutorial_taskflow_api_virtualenv.py
[2026-08-08T17:27:03.674+0000] {processor.py:925} INFO - DAG(s) 'tutorial_taskflow_api_virtualenv' retrieved from /home/airflow/.local/lib/python3.12/site-packages/airflow/example_dags/tutorial_taskflow_api_virtualenv.py
[2026-08-08T17:27:03.703+0000] {logging_mixin.py:190} INFO - [2026-08-08T17:27:03.703+0000] {dag.py:3211} INFO - Sync 1 DAGs
[2026-08-08T17:27:03.719+0000] {logging_mixin.py:190} INFO - [2026-08-08T17:27:03.719+0000] {dag.py:4138} INFO - Setting next_dagrun for tutorial_taskflow_api_virtualenv to None, run_after=None
[2026-08-08T17:27:03.746+0000] {processor.py:208} INFO - Processing /home/airflow/.local/lib/python3.12/site-packages/airflow/example_dags/tutorial_taskflow_api_virtualenv.py took 0.094 seconds
[2026-08-08T17:27:33.818+0000] {processor.py:186} INFO - Started process (PID=392) to work on /home/airflow/.local/lib/python3.12/site-packages/airflow/example_dags/tutorial_taskflow_api_virtualenv.py
[2026-08-08T17:27:33.820+0000] {processor.py:914} INFO - Processing file /home/airflow/.local/lib/python3.12/site-packages/airflow/example_dags/tutorial_taskflow_api_virtualenv.py for tasks to queue
[2026-08-08T17:27:33.822+0000] {logging_mixin.py:190} INFO - [2026-08-08T17:27:33.822+0000] {dagbag.py:587} INFO - Filling up the DagBag from /home/airflow/.local/lib/python3.12/site-packages/airflow/example_dags/tutorial_taskflow_api_virtualenv.py
[2026-08-08T17:27:33.831+0000] {processor.py:925} INFO - DAG(s) 'tutorial_taskflow_api_virtualenv' retrieved from /home/airflow/.local/lib/python3.12/site-packages/airflow/example_dags/tutorial_taskflow_api_virtualenv.py
[2026-08-08T17:27:33.848+0000] {logging_mixin.py:190} INFO - [2026-08-08T17:27:33.848+0000] {dag.py:3211} INFO - Sync 1 DAGs
[2026-08-08T17:27:33.859+0000] {logging_mixin.py:190} INFO - [2026-08-08T17:27:33.859+0000] {dag.py:4138} INFO - Setting next_dagrun for tutorial_taskflow_api_virtualenv to None, run_after=None
[2026-08-08T17:27:33.879+0000] {processor.py:208} INFO - Processing /home/airflow/.local/lib/python3.12/site-packages/airflow/example_dags/tutorial_taskflow_api_virtualenv.py took 0.066 seconds
[2026-08-08T17:28:04.150+0000] {processor.py:186} INFO - Started process (PID=455) to work on /home/airflow/.local/lib/python3.12/site-packages/airflow/example_dags/tutorial_taskflow_api_virtualenv.py
[2026-08-08T17:28:04.152+0000] {processor.py:914} INFO - Processing file /home/airflow/.local/lib/python3.12/site-packages/airflow/example_dags/tutorial_taskflow_api_virtualenv.py for tasks to queue
[2026-08-08T17:28:04.154+0000] {logging_mixin.py:190} INFO - [2026-08-08T17:28:04.154+0000] {dagbag.py:587} INFO - Filling up the DagBag from /home/airflow/.local/lib/python3.12/site-packages/airflow/example_dags/tutorial_taskflow_api_virtualenv.py
[2026-08-08T17:28:04.169+0000] {processor.py:925} INFO - DAG(s) 'tutorial_taskflow_api_virtualenv' retrieved from /home/airflow/.local/lib/python3.12/site-packages/airflow/example_dags/tutorial_taskflow_api_virtualenv.py
[2026-08-08T17:28:04.195+0000] {logging_mixin.py:190} INFO - [2026-08-08T17:28:04.195+0000] {dag.py:3211} INFO - Sync 1 DAGs
[2026-08-08T17:28:04.213+0000] {logging_mixin.py:190} INFO - [2026-08-08T17:28:04.213+0000] {dag.py:4138} INFO - Setting next_dagrun for tutorial_taskflow_api_virtualenv to None, run_after=None
[2026-08-08T17:28:04.238+0000] {processor.py:208} INFO - Processing /home/airflow/.local/lib/python3.12/site-packages/airflow/example_dags/tutorial_taskflow_api_virtualenv.py took 0.097 seconds
[2026-08-08T17:28:35.243+0000] {processor.py:186} INFO - Started process (PID=519) to work on /home/airflow/.local/lib/python3.12/site-packages/airflow/example_dags/tutorial_taskflow_api_virtualenv.py
[2026-08-08T17:28:35.245+0000] {processor.py:914} INFO - Processing file /home/airflow/.local/lib/python3.12/site-packages/airflow/example_dags/tutorial_taskflow_api_virtualenv.py for tasks to queue
[2026-08-08T17:28:35.248+0000] {logging_mixin.py:190} INFO - [2026-08-08T17:28:35.247+0000] {dagbag.py:587} INFO - Filling up the DagBag from /home/airflow/.local/lib/python3.12/site-packages/airflow/example_dags/tutorial_taskflow_api_virtualenv.py
[2026-08-08T17:28:35.261+0000] {processor.py:925} INFO - DAG(s) 'tutorial_taskflow_api_virtualenv' retrieved from /home/airflow/.local/lib/python3.12/site-packages/airflow/example_dags/tutorial_taskflow_api_virtualenv.py
[2026-08-08T17:28:35.282+0000] {logging_mixin.py:190} INFO - [2026-08-08T17:28:35.282+0000] {dag.py:3211} INFO - Sync 1 DAGs
[2026-08-08T17:28:35.303+0000] {logging_mixin.py:190} INFO - [2026-08-08T17:28:35.302+0000] {dag.py:4138} INFO - Setting next_dagrun for tutorial_taskflow_api_virtualenv to None, run_after=None
[2026-08-08T17:28:35.325+0000] {processor.py:208} INFO - Processing /home/airflow/.local/lib/python3.12/site-packages/airflow/example_dags/tutorial_taskflow_api_virtualenv.py took 0.088 seconds
[2026-08-08T17:29:06.163+0000] {processor.py:186} INFO - Started process (PID=582) to work on /home/airflow/.local/lib/python3.12/site-packages/airflow/example_dags/tutorial_taskflow_api_virtualenv.py
[2026-08-08T17:29:06.165+0000] {processor.py:914} INFO - Processing file /home/airflow/.local/lib/python3.12/site-packages/airflow/example_dags/tutorial_taskflow_api_virtualenv.py for tasks to queue
[2026-08-08T17:29:06.169+0000] {logging_mixin.py:190} INFO - [2026-08-08T17:29:06.168+0000] {dagbag.py:587} INFO - Filling up the DagBag from /home/airflow/.local/lib/python3.12/site-packages/airflow/example_dags/tutorial_taskflow_api_virtualenv.py
[2026-08-08T17:29:06.187+0000] {processor.py:925} INFO - DAG(s) 'tutorial_taskflow_api_virtualenv' retrieved from /home/airflow/.local/lib/python3.12/site-packages/airflow/example_dags/tutorial_taskflow_api_virtualenv.py
[2026-08-08T17:29:06.233+0000] {logging_mixin.py:190} INFO - [2026-08-08T17:29:06.232+0000] {dag.py:3211} INFO - Sync 1 DAGs
[2026-08-08T17:29:06.303+0000] {logging_mixin.py:190} INFO - [2026-08-08T17:29:06.302+0000] {dag.py:4138} INFO - Setting next_dagrun for tutorial_taskflow_api_virtualenv to None, run_after=None
[2026-08-08T17:29:06.363+0000] {processor.py:208} INFO - Processing /home/airflow/.local/lib/python3.12/site-packages/airflow/example_dags/tutorial_taskflow_api_virtualenv.py took 0.209 seconds
[2026-08-08T17:29:37.253+0000] {processor.py:186} INFO - Started process (PID=645) to work on /home/airflow/.local/lib/python3.12/site-packages/airflow/example_dags/tutorial_taskflow_api_virtualenv.py
[2026-08-08T17:29:37.254+0000] {processor.py:914} INFO - Processing file /home/airflow/.local/lib/python3.12/site-packages/airflow/example_dags/tutorial_taskflow_api_virtualenv.py for tasks to queue
[2026-08-08T17:29:37.257+0000] {logging_mixin.py:190} INFO - [2026-08-08T17:29:37.256+0000] {dagbag.py:587} INFO - Filling up the DagBag from /home/airflow/.local/lib/python3.12/site-packages/airflow/example_dags/tutorial_taskflow_api_virtualenv.py
[2026-08-08T17:29:37.270+0000] {processor.py:925} INFO - DAG(s) 'tutorial_taskflow_api_virtualenv' retrieved from /home/airflow/.local/lib/python3.12/site-packages/airflow/example_dags/tutorial_taskflow_api_virtualenv.py
[2026-08-08T17:29:37.294+0000] {logging_mixin.py:190} INFO - [2026-08-08T17:29:37.293+0000] {dag.py:3211} INFO - Sync 1 DAGs
[2026-08-08T17:29:37.308+0000] {logging_mixin.py:190} INFO - [2026-08-08T17:29:37.308+0000] {dag.py:4138} INFO - Setting next_dagrun for tutorial_taskflow_api_virtualenv to None, run_after=None
[2026-08-08T17:29:37.336+0000] {processor.py:208} INFO - Processing /home/airflow/.local/lib/python3.12/site-packages/airflow/example_dags/tutorial_taskflow_api_virtualenv.py took 0.090 seconds
[2026-08-08T17:30:08.194+0000] {processor.py:186} INFO - Started process (PID=708) to work on /home/airflow/.local/lib/python3.12/site-packages/airflow/example_dags/tutorial_taskflow_api_virtualenv.py
[2026-08-08T17:30:08.195+0000] {processor.py:914} INFO - Processing file /home/airflow/.local/lib/python3.12/site-packages/airflow/example_dags/tutorial_taskflow_api_virtualenv.py for tasks to queue
[2026-08-08T17:30:08.197+0000] {logging_mixin.py:190} INFO - [2026-08-08T17:30:08.197+0000] {dagbag.py:587} INFO - Filling up the DagBag from /home/airflow/.local/lib/python3.12/site-packages/airflow/example_dags/tutorial_taskflow_api_virtualenv.py
[2026-08-08T17:30:08.207+0000] {processor.py:925} INFO - DAG(s) 'tutorial_taskflow_api_virtualenv' retrieved from /home/airflow/.local/lib/python3.12/site-packages/airflow/example_dags/tutorial_taskflow_api_virtualenv.py
[2026-08-08T17:30:08.227+0000] {logging_mixin.py:190} INFO - [2026-08-08T17:30:08.227+0000] {dag.py:3211} INFO - Sync 1 DAGs
[2026-08-08T17:30:08.238+0000] {logging_mixin.py:190} INFO - [2026-08-08T17:30:08.238+0000] {dag.py:4138} INFO - Setting next_dagrun for tutorial_taskflow_api_virtualenv to None, run_after=None
[2026-08-08T17:30:08.255+0000] {processor.py:208} INFO - Processing /home/airflow/.local/lib/python3.12/site-packages/airflow/example_dags/tutorial_taskflow_api_virtualenv.py took 0.068 seconds
[2026-08-08T17:30:39.118+0000] {processor.py:186} INFO - Started process (PID=771) to work on /home/airflow/.local/lib/python3.12/site-packages/airflow/example_dags/tutorial_taskflow_api_virtualenv.py
[2026-08-08T17:30:39.119+0000] {processor.py:914} INFO - Processing file /home/airflow/.local/lib/python3.12/site-packages/airflow/example_dags/tutorial_taskflow_api_virtualenv.py for tasks to queue
[2026-08-08T17:30:39.123+0000] {logging_mixin.py:190} INFO - [2026-08-08T17:30:39.123+0000] {dagbag.py:587} INFO - Filling up the DagBag from /home/airflow/.local/lib/python3.12/site-packages/airflow/example_dags/tutorial_taskflow_api_virtualenv.py
[2026-08-08T17:30:39.136+0000] {processor.py:925} INFO - DAG(s) 'tutorial_taskflow_api_virtualenv' retrieved from /home/airflow/.local/lib/python3.12/site-packages/airflow/example_dags/tutorial_taskflow_api_virtualenv.py
[2026-08-08T17:30:39.159+0000] {logging_mixin.py:190} INFO - [2026-08-08T17:30:39.159+0000] {dag.py:3211} INFO - Sync 1 DAGs
[2026-08-08T17:30:39.174+0000] {logging_mixin.py:190} INFO - [2026-08-08T17:30:39.174+0000] {dag.py:4138} INFO - Setting next_dagrun for tutorial_taskflow_api_virtualenv to None, run_after=None
[2026-08-08T17:30:39.201+0000] {processor.py:208} INFO - Processing /home/airflow/.local/lib/python3.12/site-packages/airflow/example_dags/tutorial_taskflow_api_virtualenv.py took 0.090 seconds
[2026-08-08T17:31:09.257+0000] {processor.py:186} INFO - Started process (PID=833) to work on /home/airflow/.local/lib/python3.12/site-packages/airflow/example_dags/tutorial_taskflow_api_virtualenv.py
[2026-08-08T17:31:09.258+0000] {processor.py:914} INFO - Processing file /home/airflow/.local/lib/python3.12/site-packages/airflow/example_dags/tutorial_taskflow_api_virtualenv.py for tasks to queue
[2026-08-08T17:31:09.260+0000] {logging_mixin.py:190} INFO - [2026-08-08T17:31:09.260+0000] {dagbag.py:587} INFO - Filling up the DagBag from /home/airflow/.local/lib/python3.12/site-packages/airflow/example_dags/tutorial_taskflow_api_virtualenv.py
[2026-08-08T17:31:09.271+0000] {processor.py:925} INFO - DAG(s) 'tutorial_taskflow_api_virtualenv' retrieved from /home/airflow/.local/lib/python3.12/site-packages/airflow/example_dags/tutorial_taskflow_api_virtualenv.py
[2026-08-08T17:31:09.288+0000] {logging_mixin.py:190} INFO - [2026-08-08T17:31:09.287+0000] {dag.py:3211} INFO - Sync 1 DAGs
[2026-08-08T17:31:09.299+0000] {logging_mixin.py:190} INFO - [2026-08-08T17:31:09.299+0000] {dag.py:4138} INFO - Setting next_dagrun for tutorial_taskflow_api_virtualenv to None, run_after=None
[2026-08-08T17:31:09.318+0000] {processor.py:208} INFO - Processing /home/airflow/.local/lib/python3.12/site-packages/airflow/example_dags/tutorial_taskflow_api_virtualenv.py took 0.066 seconds
[2026-08-08T17:31:40.059+0000] {processor.py:186} INFO - Started process (PID=897) to work on /home/airflow/.local/lib/python3.12/site-packages/airflow/example_dags/tutorial_taskflow_api_virtualenv.py
[2026-08-08T17:31:40.060+0000] {processor.py:914} INFO - Processing file /home/airflow/.local/lib/python3.12/site-packages/airflow/example_dags/tutorial_taskflow_api_virtualenv.py for tasks to queue
[2026-08-08T17:31:40.063+0000] {logging_mixin.py:190} INFO - [2026-08-08T17:31:40.062+0000] {dagbag.py:587} INFO - Filling up the DagBag from /home/airflow/.local/lib/python3.12/site-packages/airflow/example_dags/tutorial_taskflow_api_virtualenv.py
[2026-08-08T17:31:40.076+0000] {processor.py:925} INFO - DAG(s) 'tutorial_taskflow_api_virtualenv' retrieved from /home/airflow/.local/lib/python3.12/site-packages/airflow/example_dags/tutorial_taskflow_api_virtualenv.py
[2026-08-08T17:31:40.097+0000] {logging_mixin.py:190} INFO - [2026-08-08T17:31:40.097+0000] {dag.py:3211} INFO - Sync 1 DAGs
[2026-08-08T17:31:40.111+0000] {logging_mixin.py:190} INFO - [2026-08-08T17:31:40.111+0000] {dag.py:4138} INFO - Setting next_dagrun for tutorial_taskflow_api_virtualenv to None, run_after=None
[2026-08-08T17:31:40.138+0000] {processor.py:208} INFO - Processing /home/airflow/.local/lib/python3.12/site-packages/airflow/example_dags/tutorial_taskflow_api_virtualenv.py took 0.086 seconds
[2026-08-08T17:32:10.640+0000] {processor.py:186} INFO - Started process (PID=960) to work on /home/airflow/.local/lib/python3.12/site-packages/airflow/example_dags/tutorial_taskflow_api_virtualenv.py
[2026-08-08T17:32:10.641+0000] {processor.py:914} INFO - Processing file /home/airflow/.local/lib/python3.12/site-packages/airflow/example_dags/tutorial_taskflow_api_virtualenv.py for tasks to queue
[2026-08-08T17:32:10.644+0000] {logging_mixin.py:190} INFO - [2026-08-08T17:32:10.644+0000] {dagbag.py:587} INFO - Filling up the DagBag from /home/airflow/.local/lib/python3.12/site-packages/airflow/example_dags/tutorial_taskflow_api_virtualenv.py
[2026-08-08T17:32:10.655+0000] {processor.py:925} INFO - DAG(s) 'tutorial_taskflow_api_virtualenv' retrieved from /home/airflow/.local/lib/python3.12/site-packages/airflow/example_dags/tutorial_taskflow_api_virtualenv.py
[2026-08-08T17:32:10.676+0000] {logging_mixin.py:190} INFO - [2026-08-08T17:32:10.676+0000] {dag.py:3211} INFO - Sync 1 DAGs
[2026-08-08T17:32:10.687+0000] {logging_mixin.py:190} INFO - [2026-08-08T17:32:10.687+0000] {dag.py:4138} INFO - Setting next_dagrun for tutorial_taskflow_api_virtualenv to None, run_after=None
[2026-08-08T17:32:10.709+0000] {processor.py:208} INFO - Processing /home/airflow/.local/lib/python3.12/site-packages/airflow/example_dags/tutorial_taskflow_api_virtualenv.py took 0.076 seconds
[2026-08-08T17:32:40.935+0000] {processor.py:186} INFO - Started process (PID=1023) to work on /home/airflow/.local/lib/python3.12/site-packages/airflow/example_dags/tutorial_taskflow_api_virtualenv.py
[2026-08-08T17:32:40.936+0000] {processor.py:914} INFO - Processing file /home/airflow/.local/lib/python3.12/site-packages/airflow/example_dags/tutorial_taskflow_api_virtualenv.py for tasks to queue
[2026-08-08T17:32:40.940+0000] {logging_mixin.py:190} INFO - [2026-08-08T17:32:40.940+0000] {dagbag.py:587} INFO - Filling up the DagBag from /home/airflow/.local/lib/python3.12/site-packages/airflow/example_dags/tutorial_taskflow_api_virtualenv.py
[2026-08-08T17:32:40.952+0000] {processor.py:925} INFO - DAG(s) 'tutorial_taskflow_api_virtualenv' retrieved from /home/airflow/.local/lib/python3.12/site-packages/airflow/example_dags/tutorial_taskflow_api_virtualenv.py
[2026-08-08T17:32:40.973+0000] {logging_mixin.py:190} INFO - [2026-08-08T17:32:40.973+0000] {dag.py:3211} INFO - Sync 1 DAGs
[2026-08-08T17:32:40.987+0000] {logging_mixin.py:190} INFO - [2026-08-08T17:32:40.987+0000] {dag.py:4138} INFO - Setting next_dagrun for tutorial_taskflow_api_virtualenv to None, run_after=None
[2026-08-08T17:32:41.008+0000] {processor.py:208} INFO - Processing /home/airflow/.local/lib/python3.12/site-packages/airflow/example_dags/tutorial_taskflow_api_virtualenv.py took 0.082 seconds
[2026-08-08T17:33:11.495+0000] {processor.py:186} INFO - Started process (PID=1086) to work on /home/airflow/.local/lib/python3.12/site-packages/airflow/example_dags/tutorial_taskflow_api_virtualenv.py
[2026-08-08T17:33:11.496+0000] {processor.py:914} INFO - Processing file /home/airflow/.local/lib/python3.12/site-packages/airflow/example_dags/tutorial_taskflow_api_virtualenv.py for tasks to queue
[2026-08-08T17:33:11.499+0000] {logging_mixin.py:190} INFO - [2026-08-08T17:33:11.499+0000] {dagbag.py:587} INFO - Filling up the DagBag from /home/airflow/.local/lib/python3.12/site-packages/airflow/example_dags/tutorial_taskflow_api_virtualenv.py
[2026-08-08T17:33:11.512+0000] {processor.py:925} INFO - DAG(s) 'tutorial_taskflow_api_virtualenv' retrieved from /home/airflow/.local/lib/python3.12/site-packages/airflow/example_dags/tutorial_taskflow_api_virtualenv.py
[2026-08-08T17:33:11.531+0000] {logging_mixin.py:190} INFO - [2026-08-08T17:33:11.531+0000] {dag.py:3211} INFO - Sync 1 DAGs
[2026-08-08T17:33:11.543+0000] {logging_mixin.py:190} INFO - [2026-08-08T17:33:11.543+0000] {dag.py:4138} INFO - Setting next_dagrun for tutorial_taskflow_api_virtualenv to None, run_after=None
[2026-08-08T17:33:11.566+0000] {processor.py:208} INFO - Processing /home/airflow/.local/lib/python3.12/site-packages/airflow/example_dags/tutorial_taskflow_api_virtualenv.py took 0.078 seconds
[2026-08-08T17:33:42.020+0000] {processor.py:186} INFO - Started process (PID=1149) to work on /home/airflow/.local/lib/python3.12/site-packages/airflow/example_dags/tutorial_taskflow_api_virtualenv.py
[2026-08-08T17:33:42.022+0000] {processor.py:914} INFO - Processing file /home/airflow/.local/lib/python3.12/site-packages/airflow/example_dags/tutorial_taskflow_api_virtualenv.py for tasks to queue
[2026-08-08T17:33:42.029+0000] {logging_mixin.py:190} INFO - [2026-08-08T17:33:42.028+0000] {dagbag.py:587} INFO - Filling up the DagBag from /home/airflow/.local/lib/python3.12/site-packages/airflow/example_dags/tutorial_taskflow_api_virtualenv.py
[2026-08-08T17:33:42.048+0000] {processor.py:925} INFO - DAG(s) 'tutorial_taskflow_api_virtualenv' retrieved from /home/airflow/.local/lib/python3.12/site-packages/airflow/example_dags/tutorial_taskflow_api_virtualenv.py
[2026-08-08T17:33:42.079+0000] {logging_mixin.py:190} INFO - [2026-08-08T17:33:42.078+0000] {dag.py:3211} INFO - Sync 1 DAGs
[2026-08-08T17:33:42.102+0000] {logging_mixin.py:190} INFO - [2026-08-08T17:33:42.102+0000] {dag.py:4138} INFO - Setting next_dagrun for tutorial_taskflow_api_virtualenv to None, run_after=None
[2026-08-08T17:33:42.140+0000] {processor.py:208} INFO - Processing /home/airflow/.local/lib/python3.12/site-packages/airflow/example_dags/tutorial_taskflow_api_virtualenv.py took 0.128 seconds
[2026-08-08T17:34:12.284+0000] {processor.py:186} INFO - Started process (PID=1211) to work on /home/airflow/.local/lib/python3.12/site-packages/airflow/example_dags/tutorial_taskflow_api_virtualenv.py
[2026-08-08T17:34:12.286+0000] {processor.py:914} INFO - Processing file /home/airflow/.local/lib/python3.12/site-packages/airflow/example_dags/tutorial_taskflow_api_virtualenv.py for tasks to queue
[2026-08-08T17:34:12.291+0000] {logging_mixin.py:190} INFO - [2026-08-08T17:34:12.291+0000] {dagbag.py:587} INFO - Filling up the DagBag from /home/airflow/.local/lib/python3.12/site-packages/airflow/example_dags/tutorial_taskflow_api_virtualenv.py
[2026-08-08T17:34:12.311+0000] {processor.py:925} INFO - DAG(s) 'tutorial_taskflow_api_virtualenv' retrieved from /home/airflow/.local/lib/python3.12/site-packages/airflow/example_dags/tutorial_taskflow_api_virtualenv.py
[2026-08-08T17:34:12.340+0000] {logging_mixin.py:190} INFO - [2026-08-08T17:34:12.340+0000] {dag.py:3211} INFO - Sync 1 DAGs
[2026-08-08T17:34:12.362+0000] {logging_mixin.py:190} INFO - [2026-08-08T17:34:12.362+0000] {dag.py:4138} INFO - Setting next_dagrun for tutorial_taskflow_api_virtualenv to None, run_after=None
[2026-08-08T17:34:12.388+0000] {processor.py:208} INFO - Processing /home/airflow/.local/lib/python3.12/site-packages/airflow/example_dags/tutorial_taskflow_api_virtualenv.py took 0.115 seconds
[2026-08-08T17:34:42.468+0000] {processor.py:186} INFO - Started process (PID=1274) to work on /home/airflow/.local/lib/python3.12/site-packages/airflow/example_dags/tutorial_taskflow_api_virtualenv.py
[2026-08-08T17:34:42.470+0000] {processor.py:914} INFO - Processing file /home/airflow/.local/lib/python3.12/site-packages/airflow/example_dags/tutorial_taskflow_api_virtualenv.py for tasks to queue
[2026-08-08T17:34:42.473+0000] {logging_mixin.py:190} INFO - [2026-08-08T17:34:42.473+0000] {dagbag.py:587} INFO - Filling up the DagBag from /home/airflow/.local/lib/python3.12/site-packages/airflow/example_dags/tutorial_taskflow_api_virtualenv.py
[2026-08-08T17:34:42.487+0000] {processor.py:925} INFO - DAG(s) 'tutorial_taskflow_api_virtualenv' retrieved from /home/airflow/.local/lib/python3.12/site-packages/airflow/example_dags/tutorial_taskflow_api_virtualenv.py
[2026-08-08T17:34:42.507+0000] {logging_mixin.py:190} INFO - [2026-08-08T17:34:42.507+0000] {dag.py:3211} INFO - Sync 1 DAGs
[2026-08-08T17:34:42.518+0000] {logging_mixin.py:190} INFO - [2026-08-08T17:34:42.518+0000] {dag.py:4138} INFO - Setting next_dagrun for tutorial_taskflow_api_virtualenv to None, run_after=None
[2026-08-08T17:34:42.538+0000] {processor.py:208} INFO - Processing /home/airflow/.local/lib/python3.12/site-packages/airflow/example_dags/tutorial_taskflow_api_virtualenv.py took 0.075 seconds
[2026-08-08T17:35:13.117+0000] {processor.py:186} INFO - Started process (PID=1337) to work on /home/airflow/.local/lib/python3.12/site-packages/airflow/example_dags/tutorial_taskflow_api_virtualenv.py
[2026-08-08T17:35:13.118+0000] {processor.py:914} INFO - Processing file /home/airflow/.local/lib/python3.12/site-packages/airflow/example_dags/tutorial_taskflow_api_virtualenv.py for tasks to queue
[2026-08-08T17:35:13.121+0000] {logging_mixin.py:190} INFO - [2026-08-08T17:35:13.120+0000] {dagbag.py:587} INFO - Filling up the DagBag from /home/airflow/.local/lib/python3.12/site-packages/airflow/example_dags/tutorial_taskflow_api_virtualenv.py
[2026-08-08T17:35:13.132+0000] {processor.py:925} INFO - DAG(s) 'tutorial_taskflow_api_virtualenv' retrieved from /home/airflow/.local/lib/python3.12/site-packages/airflow/example_dags/tutorial_taskflow_api_virtualenv.py
[2026-08-08T17:35:13.150+0000] {logging_mixin.py:190} INFO - [2026-08-08T17:35:13.150+0000] {dag.py:3211} INFO - Sync 1 DAGs
[2026-08-08T17:35:13.161+0000] {logging_mixin.py:190} INFO - [2026-08-08T17:35:13.160+0000] {dag.py:4138} INFO - Setting next_dagrun for tutorial_taskflow_api_virtualenv to None, run_after=None
[2026-08-08T17:35:13.179+0000] {processor.py:208} INFO - Processing /home/airflow/.local/lib/python3.12/site-packages/airflow/example_dags/tutorial_taskflow_api_virtualenv.py took 0.068 seconds
[2026-08-08T17:35:43.852+0000] {processor.py:186} INFO - Started process (PID=1400) to work on /home/airflow/.local/lib/python3.12/site-packages/airflow/example_dags/tutorial_taskflow_api_virtualenv.py
[2026-08-08T17:35:43.854+0000] {processor.py:914} INFO - Processing file /home/airflow/.local/lib/python3.12/site-packages/airflow/example_dags/tutorial_taskflow_api_virtualenv.py for tasks to queue
[2026-08-08T17:35:43.856+0000] {logging_mixin.py:190} INFO - [2026-08-08T17:35:43.856+0000] {dagbag.py:587} INFO - Filling up the DagBag from /home/airflow/.local/lib/python3.12/site-packages/airflow/example_dags/tutorial_taskflow_api_virtualenv.py
[2026-08-08T17:35:43.870+0000] {processor.py:925} INFO - DAG(s) 'tutorial_taskflow_api_virtualenv' retrieved from /home/airflow/.local/lib/python3.12/site-packages/airflow/example_dags/tutorial_taskflow_api_virtualenv.py
[2026-08-08T17:35:43.890+0000] {logging_mixin.py:190} INFO - [2026-08-08T17:35:43.890+0000] {dag.py:3211} INFO - Sync 1 DAGs
[2026-08-08T17:35:43.901+0000] {logging_mixin.py:190} INFO - [2026-08-08T17:35:43.901+0000] {dag.py:4138} INFO - Setting next_dagrun for tutorial_taskflow_api_virtualenv to None, run_after=None
[2026-08-08T17:35:43.921+0000] {processor.py:208} INFO - Processing /home/airflow/.local/lib/python3.12/site-packages/airflow/example_dags/tutorial_taskflow_api_virtualenv.py took 0.074 seconds
[2026-08-08T17:36:14.292+0000] {processor.py:186} INFO - Started process (PID=1463) to work on /home/airflow/.local/lib/python3.12/site-packages/airflow/example_dags/tutorial_taskflow_api_virtualenv.py
[2026-08-08T17:36:14.294+0000] {processor.py:914} INFO - Processing file /home/airflow/.local/lib/python3.12/site-packages/airflow/example_dags/tutorial_taskflow_api_virtualenv.py for tasks to queue
[2026-08-08T17:36:14.299+0000] {logging_mixin.py:190} INFO - [2026-08-08T17:36:14.298+0000] {dagbag.py:587} INFO - Filling up the DagBag from /home/airflow/.local/lib/python3.12/site-packages/airflow/example_dags/tutorial_taskflow_api_virtualenv.py
[2026-08-08T17:36:14.316+0000] {processor.py:925} INFO - DAG(s) 'tutorial_taskflow_api_virtualenv' retrieved from /home/airflow/.local/lib/python3.12/site-packages/airflow/example_dags/tutorial_taskflow_api_virtualenv.py
[2026-08-08T17:36:14.346+0000] {logging_mixin.py:190} INFO - [2026-08-08T17:36:14.346+0000] {dag.py:3211} INFO - Sync 1 DAGs
[2026-08-08T17:36:14.367+0000] {logging_mixin.py:190} INFO - [2026-08-08T17:36:14.367+0000] {dag.py:4138} INFO - Setting next_dagrun for tutorial_taskflow_api_virtualenv to None, run_after=None
[2026-08-08T17:36:14.391+0000] {processor.py:208} INFO - Processing /home/airflow/.local/lib/python3.12/site-packages/airflow/example_dags/tutorial_taskflow_api_virtualenv.py took 0.110 seconds
[2026-08-08T17:36:44.631+0000] {processor.py:186} INFO - Started process (PID=1526) to work on /home/airflow/.local/lib/python3.12/site-packages/airflow/example_dags/tutorial_taskflow_api_virtualenv.py
[2026-08-08T17:36:44.632+0000] {processor.py:914} INFO - Processing file /home/airflow/.local/lib/python3.12/site-packages/airflow/example_dags/tutorial_taskflow_api_virtualenv.py for tasks to queue
[2026-08-08T17:36:44.635+0000] {logging_mixin.py:190} INFO - [2026-08-08T17:36:44.635+0000] {dagbag.py:587} INFO - Filling up the DagBag from /home/airflow/.local/lib/python3.12/site-packages/airflow/example_dags/tutorial_taskflow_api_virtualenv.py
[2026-08-08T17:36:44.648+0000] {processor.py:925} INFO - DAG(s) 'tutorial_taskflow_api_virtualenv' retrieved from /home/airflow/.local/lib/python3.12/site-packages/airflow/example_dags/tutorial_taskflow_api_virtualenv.py
[2026-08-08T17:36:44.677+0000] {logging_mixin.py:190} INFO - [2026-08-08T17:36:44.677+0000] {dag.py:3211} INFO - Sync 1 DAGs
[2026-08-08T17:36:44.698+0000] {logging_mixin.py:190} INFO - [2026-08-08T17:36:44.698+0000] {dag.py:4138} INFO - Setting next_dagrun for tutorial_taskflow_api_virtualenv to None, run_after=None
[2026-08-08T17:36:44.719+0000] {processor.py:208} INFO - Processing /home/airflow/.local/lib/python3.12/site-packages/airflow/example_dags/tutorial_taskflow_api_virtualenv.py took 0.094 seconds
[2026-08-08T17:37:51.630+0000] {processor.py:186} INFO - Started process (PID=78) to work on /home/airflow/.local/lib/python3.12/site-packages/airflow/example_dags/tutorial_taskflow_api_virtualenv.py
[2026-08-08T17:37:51.632+0000] {processor.py:914} INFO - Processing file /home/airflow/.local/lib/python3.12/site-packages/airflow/example_dags/tutorial_taskflow_api_virtualenv.py for tasks to queue
[2026-08-08T17:37:51.635+0000] {logging_mixin.py:190} INFO - [2026-08-08T17:37:51.635+0000] {dagbag.py:587} INFO - Filling up the DagBag from /home/airflow/.local/lib/python3.12/site-packages/airflow/example_dags/tutorial_taskflow_api_virtualenv.py
[2026-08-08T17:37:51.664+0000] {processor.py:925} INFO - DAG(s) 'tutorial_taskflow_api_virtualenv' retrieved from /home/airflow/.local/lib/python3.12/site-packages/airflow/example_dags/tutorial_taskflow_api_virtualenv.py
[2026-08-08T17:37:51.891+0000] {logging_mixin.py:190} INFO - [2026-08-08T17:37:51.891+0000] {dag.py:3211} INFO - Sync 1 DAGs
[2026-08-08T17:37:51.906+0000] {logging_mixin.py:190} INFO - [2026-08-08T17:37:51.906+0000] {dag.py:4138} INFO - Setting next_dagrun for tutorial_taskflow_api_virtualenv to None, run_after=None
[2026-08-08T17:37:51.935+0000] {processor.py:208} INFO - Processing /home/airflow/.local/lib/python3.12/site-packages/airflow/example_dags/tutorial_taskflow_api_virtualenv.py took 0.313 seconds
[2026-08-08T17:38:13.817+0000] {processor.py:186} INFO - Started process (PID=60) to work on /home/airflow/.local/lib/python3.12/site-packages/airflow/example_dags/tutorial_taskflow_api_virtualenv.py
[2026-08-08T17:38:13.819+0000] {processor.py:914} INFO - Processing file /home/airflow/.local/lib/python3.12/site-packages/airflow/example_dags/tutorial_taskflow_api_virtualenv.py for tasks to queue
[2026-08-08T17:38:13.825+0000] {logging_mixin.py:190} INFO - [2026-08-08T17:38:13.824+0000] {dagbag.py:587} INFO - Filling up the DagBag from /home/airflow/.local/lib/python3.12/site-packages/airflow/example_dags/tutorial_taskflow_api_virtualenv.py
[2026-08-08T17:38:13.843+0000] {processor.py:925} INFO - DAG(s) 'tutorial_taskflow_api_virtualenv' retrieved from /home/airflow/.local/lib/python3.12/site-packages/airflow/example_dags/tutorial_taskflow_api_virtualenv.py
[2026-08-08T17:38:13.862+0000] {logging_mixin.py:190} INFO - [2026-08-08T17:38:13.862+0000] {dag.py:3211} INFO - Sync 1 DAGs
[2026-08-08T17:38:13.878+0000] {logging_mixin.py:190} INFO - [2026-08-08T17:38:13.878+0000] {dag.py:4138} INFO - Setting next_dagrun for tutorial_taskflow_api_virtualenv to None, run_after=None
[2026-08-08T17:38:13.903+0000] {processor.py:208} INFO - Processing /home/airflow/.local/lib/python3.12/site-packages/airflow/example_dags/tutorial_taskflow_api_virtualenv.py took 0.092 seconds
[2026-08-08T17:38:44.303+0000] {processor.py:186} INFO - Started process (PID=123) to work on /home/airflow/.local/lib/python3.12/site-packages/airflow/example_dags/tutorial_taskflow_api_virtualenv.py
[2026-08-08T17:38:44.305+0000] {processor.py:914} INFO - Processing file /home/airflow/.local/lib/python3.12/site-packages/airflow/example_dags/tutorial_taskflow_api_virtualenv.py for tasks to queue
[2026-08-08T17:38:44.310+0000] {logging_mixin.py:190} INFO - [2026-08-08T17:38:44.309+0000] {dagbag.py:587} INFO - Filling up the DagBag from /home/airflow/.local/lib/python3.12/site-packages/airflow/example_dags/tutorial_taskflow_api_virtualenv.py
[2026-08-08T17:38:44.326+0000] {processor.py:925} INFO - DAG(s) 'tutorial_taskflow_api_virtualenv' retrieved from /home/airflow/.local/lib/python3.12/site-packages/airflow/example_dags/tutorial_taskflow_api_virtualenv.py
[2026-08-08T17:38:44.469+0000] {logging_mixin.py:190} INFO - [2026-08-08T17:38:44.469+0000] {dag.py:3211} INFO - Sync 1 DAGs
[2026-08-08T17:38:44.539+0000] {logging_mixin.py:190} INFO - [2026-08-08T17:38:44.538+0000] {dag.py:4138} INFO - Setting next_dagrun for tutorial_taskflow_api_virtualenv to None, run_after=None
[2026-08-08T17:38:44.606+0000] {processor.py:208} INFO - Processing /home/airflow/.local/lib/python3.12/site-packages/airflow/example_dags/tutorial_taskflow_api_virtualenv.py took 0.311 seconds
[2026-08-08T17:39:15.291+0000] {processor.py:186} INFO - Started process (PID=186) to work on /home/airflow/.local/lib/python3.12/site-packages/airflow/example_dags/tutorial_taskflow_api_virtualenv.py
[2026-08-08T17:39:15.292+0000] {processor.py:914} INFO - Processing file /home/airflow/.local/lib/python3.12/site-packages/airflow/example_dags/tutorial_taskflow_api_virtualenv.py for tasks to queue
[2026-08-08T17:39:15.295+0000] {logging_mixin.py:190} INFO - [2026-08-08T17:39:15.295+0000] {dagbag.py:587} INFO - Filling up the DagBag from /home/airflow/.local/lib/python3.12/site-packages/airflow/example_dags/tutorial_taskflow_api_virtualenv.py
[2026-08-08T17:39:15.310+0000] {processor.py:925} INFO - DAG(s) 'tutorial_taskflow_api_virtualenv' retrieved from /home/airflow/.local/lib/python3.12/site-packages/airflow/example_dags/tutorial_taskflow_api_virtualenv.py
[2026-08-08T17:39:15.332+0000] {logging_mixin.py:190} INFO - [2026-08-08T17:39:15.332+0000] {dag.py:3211} INFO - Sync 1 DAGs
[2026-08-08T17:39:15.344+0000] {logging_mixin.py:190} INFO - [2026-08-08T17:39:15.344+0000] {dag.py:4138} INFO - Setting next_dagrun for tutorial_taskflow_api_virtualenv to None, run_after=None
[2026-08-08T17:39:15.367+0000] {processor.py:208} INFO - Processing /home/airflow/.local/lib/python3.12/site-packages/airflow/example_dags/tutorial_taskflow_api_virtualenv.py took 0.080 seconds
[2026-08-08T17:39:46.326+0000] {processor.py:186} INFO - Started process (PID=255) to work on /home/airflow/.local/lib/python3.12/site-packages/airflow/example_dags/tutorial_taskflow_api_virtualenv.py
[2026-08-08T17:39:46.328+0000] {processor.py:914} INFO - Processing file /home/airflow/.local/lib/python3.12/site-packages/airflow/example_dags/tutorial_taskflow_api_virtualenv.py for tasks to queue
[2026-08-08T17:39:46.330+0000] {logging_mixin.py:190} INFO - [2026-08-08T17:39:46.330+0000] {dagbag.py:587} INFO - Filling up the DagBag from /home/airflow/.local/lib/python3.12/site-packages/airflow/example_dags/tutorial_taskflow_api_virtualenv.py
[2026-08-08T17:39:46.341+0000] {processor.py:925} INFO - DAG(s) 'tutorial_taskflow_api_virtualenv' retrieved from /home/airflow/.local/lib/python3.12/site-packages/airflow/example_dags/tutorial_taskflow_api_virtualenv.py
[2026-08-08T17:39:46.367+0000] {logging_mixin.py:190} INFO - [2026-08-08T17:39:46.367+0000] {dag.py:3211} INFO - Sync 1 DAGs
[2026-08-08T17:39:46.388+0000] {logging_mixin.py:190} INFO - [2026-08-08T17:39:46.388+0000] {dag.py:4138} INFO - Setting next_dagrun for tutorial_taskflow_api_virtualenv to None, run_after=None
[2026-08-08T17:39:46.415+0000] {processor.py:208} INFO - Processing /home/airflow/.local/lib/python3.12/site-packages/airflow/example_dags/tutorial_taskflow_api_virtualenv.py took 0.094 seconds
[2026-08-08T17:42:36.999+0000] {processor.py:186} INFO - Started process (PID=72) to work on /home/airflow/.local/lib/python3.12/site-packages/airflow/example_dags/tutorial_taskflow_api_virtualenv.py
[2026-08-08T17:42:37.003+0000] {processor.py:914} INFO - Processing file /home/airflow/.local/lib/python3.12/site-packages/airflow/example_dags/tutorial_taskflow_api_virtualenv.py for tasks to queue
[2026-08-08T17:42:37.010+0000] {logging_mixin.py:190} INFO - [2026-08-08T17:42:37.009+0000] {dagbag.py:587} INFO - Filling up the DagBag from /home/airflow/.local/lib/python3.12/site-packages/airflow/example_dags/tutorial_taskflow_api_virtualenv.py
[2026-08-08T17:42:37.063+0000] {processor.py:925} INFO - DAG(s) 'tutorial_taskflow_api_virtualenv' retrieved from /home/airflow/.local/lib/python3.12/site-packages/airflow/example_dags/tutorial_taskflow_api_virtualenv.py
[2026-08-08T17:42:37.339+0000] {logging_mixin.py:190} INFO - [2026-08-08T17:42:37.339+0000] {dag.py:3211} INFO - Sync 1 DAGs
[2026-08-08T17:42:37.354+0000] {logging_mixin.py:190} INFO - [2026-08-08T17:42:37.354+0000] {dag.py:4138} INFO - Setting next_dagrun for tutorial_taskflow_api_virtualenv to None, run_after=None
[2026-08-08T17:42:37.391+0000] {processor.py:208} INFO - Processing /home/airflow/.local/lib/python3.12/site-packages/airflow/example_dags/tutorial_taskflow_api_virtualenv.py took 0.406 seconds
[2026-08-08T17:43:08.085+0000] {processor.py:186} INFO - Started process (PID=135) to work on /home/airflow/.local/lib/python3.12/site-packages/airflow/example_dags/tutorial_taskflow_api_virtualenv.py
[2026-08-08T17:43:08.087+0000] {processor.py:914} INFO - Processing file /home/airflow/.local/lib/python3.12/site-packages/airflow/example_dags/tutorial_taskflow_api_virtualenv.py for tasks to queue
[2026-08-08T17:43:08.093+0000] {logging_mixin.py:190} INFO - [2026-08-08T17:43:08.093+0000] {dagbag.py:587} INFO - Filling up the DagBag from /home/airflow/.local/lib/python3.12/site-packages/airflow/example_dags/tutorial_taskflow_api_virtualenv.py
[2026-08-08T17:43:08.116+0000] {processor.py:925} INFO - DAG(s) 'tutorial_taskflow_api_virtualenv' retrieved from /home/airflow/.local/lib/python3.12/site-packages/airflow/example_dags/tutorial_taskflow_api_virtualenv.py
[2026-08-08T17:43:08.150+0000] {logging_mixin.py:190} INFO - [2026-08-08T17:43:08.150+0000] {dag.py:3211} INFO - Sync 1 DAGs
[2026-08-08T17:43:08.172+0000] {logging_mixin.py:190} INFO - [2026-08-08T17:43:08.171+0000] {dag.py:4138} INFO - Setting next_dagrun for tutorial_taskflow_api_virtualenv to None, run_after=None
[2026-08-08T17:43:08.199+0000] {processor.py:208} INFO - Processing /home/airflow/.local/lib/python3.12/site-packages/airflow/example_dags/tutorial_taskflow_api_virtualenv.py took 0.124 seconds
[2026-08-08T17:43:38.352+0000] {processor.py:186} INFO - Started process (PID=198) to work on /home/airflow/.local/lib/python3.12/site-packages/airflow/example_dags/tutorial_taskflow_api_virtualenv.py
[2026-08-08T17:43:38.354+0000] {processor.py:914} INFO - Processing file /home/airflow/.local/lib/python3.12/site-packages/airflow/example_dags/tutorial_taskflow_api_virtualenv.py for tasks to queue
[2026-08-08T17:43:38.357+0000] {logging_mixin.py:190} INFO - [2026-08-08T17:43:38.357+0000] {dagbag.py:587} INFO - Filling up the DagBag from /home/airflow/.local/lib/python3.12/site-packages/airflow/example_dags/tutorial_taskflow_api_virtualenv.py
[2026-08-08T17:43:38.373+0000] {processor.py:925} INFO - DAG(s) 'tutorial_taskflow_api_virtualenv' retrieved from /home/airflow/.local/lib/python3.12/site-packages/airflow/example_dags/tutorial_taskflow_api_virtualenv.py
[2026-08-08T17:43:38.406+0000] {logging_mixin.py:190} INFO - [2026-08-08T17:43:38.406+0000] {dag.py:3211} INFO - Sync 1 DAGs
[2026-08-08T17:43:38.426+0000] {logging_mixin.py:190} INFO - [2026-08-08T17:43:38.426+0000] {dag.py:4138} INFO - Setting next_dagrun for tutorial_taskflow_api_virtualenv to None, run_after=None
[2026-08-08T17:43:38.459+0000] {processor.py:208} INFO - Processing /home/airflow/.local/lib/python3.12/site-packages/airflow/example_dags/tutorial_taskflow_api_virtualenv.py took 0.118 seconds
[2026-08-08T17:44:08.534+0000] {processor.py:186} INFO - Started process (PID=260) to work on /home/airflow/.local/lib/python3.12/site-packages/airflow/example_dags/tutorial_taskflow_api_virtualenv.py
[2026-08-08T17:44:08.536+0000] {processor.py:914} INFO - Processing file /home/airflow/.local/lib/python3.12/site-packages/airflow/example_dags/tutorial_taskflow_api_virtualenv.py for tasks to queue
[2026-08-08T17:44:08.538+0000] {logging_mixin.py:190} INFO - [2026-08-08T17:44:08.538+0000] {dagbag.py:587} INFO - Filling up the DagBag from /home/airflow/.local/lib/python3.12/site-packages/airflow/example_dags/tutorial_taskflow_api_virtualenv.py
[2026-08-08T17:44:08.548+0000] {processor.py:925} INFO - DAG(s) 'tutorial_taskflow_api_virtualenv' retrieved from /home/airflow/.local/lib/python3.12/site-packages/airflow/example_dags/tutorial_taskflow_api_virtualenv.py
[2026-08-08T17:44:08.567+0000] {logging_mixin.py:190} INFO - [2026-08-08T17:44:08.567+0000] {dag.py:3211} INFO - Sync 1 DAGs
[2026-08-08T17:44:08.577+0000] {logging_mixin.py:190} INFO - [2026-08-08T17:44:08.577+0000] {dag.py:4138} INFO - Setting next_dagrun for tutorial_taskflow_api_virtualenv to None, run_after=None
[2026-08-08T17:44:08.603+0000] {processor.py:208} INFO - Processing /home/airflow/.local/lib/python3.12/site-packages/airflow/example_dags/tutorial_taskflow_api_virtualenv.py took 0.074 seconds
[2026-08-08T17:44:38.965+0000] {processor.py:186} INFO - Started process (PID=329) to work on /home/airflow/.local/lib/python3.12/site-packages/airflow/example_dags/tutorial_taskflow_api_virtualenv.py
[2026-08-08T17:44:38.966+0000] {processor.py:914} INFO - Processing file /home/airflow/.local/lib/python3.12/site-packages/airflow/example_dags/tutorial_taskflow_api_virtualenv.py for tasks to queue
[2026-08-08T17:44:38.969+0000] {logging_mixin.py:190} INFO - [2026-08-08T17:44:38.968+0000] {dagbag.py:587} INFO - Filling up the DagBag from /home/airflow/.local/lib/python3.12/site-packages/airflow/example_dags/tutorial_taskflow_api_virtualenv.py
[2026-08-08T17:44:38.978+0000] {processor.py:925} INFO - DAG(s) 'tutorial_taskflow_api_virtualenv' retrieved from /home/airflow/.local/lib/python3.12/site-packages/airflow/example_dags/tutorial_taskflow_api_virtualenv.py
[2026-08-08T17:44:38.993+0000] {logging_mixin.py:190} INFO - [2026-08-08T17:44:38.993+0000] {dag.py:3211} INFO - Sync 1 DAGs
[2026-08-08T17:44:39.005+0000] {logging_mixin.py:190} INFO - [2026-08-08T17:44:39.005+0000] {dag.py:4138} INFO - Setting next_dagrun for tutorial_taskflow_api_virtualenv to None, run_after=None
[2026-08-08T17:44:39.023+0000] {processor.py:208} INFO - Processing /home/airflow/.local/lib/python3.12/site-packages/airflow/example_dags/tutorial_taskflow_api_virtualenv.py took 0.064 seconds
[2026-08-08T17:45:09.291+0000] {processor.py:186} INFO - Started process (PID=392) to work on /home/airflow/.local/lib/python3.12/site-packages/airflow/example_dags/tutorial_taskflow_api_virtualenv.py
[2026-08-08T17:45:09.293+0000] {processor.py:914} INFO - Processing file /home/airflow/.local/lib/python3.12/site-packages/airflow/example_dags/tutorial_taskflow_api_virtualenv.py for tasks to queue
[2026-08-08T17:45:09.296+0000] {logging_mixin.py:190} INFO - [2026-08-08T17:45:09.296+0000] {dagbag.py:587} INFO - Filling up the DagBag from /home/airflow/.local/lib/python3.12/site-packages/airflow/example_dags/tutorial_taskflow_api_virtualenv.py
[2026-08-08T17:45:09.311+0000] {processor.py:925} INFO - DAG(s) 'tutorial_taskflow_api_virtualenv' retrieved from /home/airflow/.local/lib/python3.12/site-packages/airflow/example_dags/tutorial_taskflow_api_virtualenv.py
[2026-08-08T17:45:09.332+0000] {logging_mixin.py:190} INFO - [2026-08-08T17:45:09.332+0000] {dag.py:3211} INFO - Sync 1 DAGs
[2026-08-08T17:45:09.344+0000] {logging_mixin.py:190} INFO - [2026-08-08T17:45:09.343+0000] {dag.py:4138} INFO - Setting next_dagrun for tutorial_taskflow_api_virtualenv to None, run_after=None
[2026-08-08T17:45:09.360+0000] {processor.py:208} INFO - Processing /home/airflow/.local/lib/python3.12/site-packages/airflow/example_dags/tutorial_taskflow_api_virtualenv.py took 0.074 seconds
[2026-08-08T17:45:39.502+0000] {processor.py:186} INFO - Started process (PID=455) to work on /home/airflow/.local/lib/python3.12/site-packages/airflow/example_dags/tutorial_taskflow_api_virtualenv.py
[2026-08-08T17:45:39.503+0000] {processor.py:914} INFO - Processing file /home/airflow/.local/lib/python3.12/site-packages/airflow/example_dags/tutorial_taskflow_api_virtualenv.py for tasks to queue
[2026-08-08T17:45:39.505+0000] {logging_mixin.py:190} INFO - [2026-08-08T17:45:39.505+0000] {dagbag.py:587} INFO - Filling up the DagBag from /home/airflow/.local/lib/python3.12/site-packages/airflow/example_dags/tutorial_taskflow_api_virtualenv.py
[2026-08-08T17:45:39.514+0000] {processor.py:925} INFO - DAG(s) 'tutorial_taskflow_api_virtualenv' retrieved from /home/airflow/.local/lib/python3.12/site-packages/airflow/example_dags/tutorial_taskflow_api_virtualenv.py
[2026-08-08T17:45:39.528+0000] {logging_mixin.py:190} INFO - [2026-08-08T17:45:39.528+0000] {dag.py:3211} INFO - Sync 1 DAGs
[2026-08-08T17:45:39.538+0000] {logging_mixin.py:190} INFO - [2026-08-08T17:45:39.537+0000] {dag.py:4138} INFO - Setting next_dagrun for tutorial_taskflow_api_virtualenv to None, run_after=None
[2026-08-08T17:45:39.552+0000] {processor.py:208} INFO - Processing /home/airflow/.local/lib/python3.12/site-packages/airflow/example_dags/tutorial_taskflow_api_virtualenv.py took 0.054 seconds
[2026-08-08T17:46:09.822+0000] {processor.py:186} INFO - Started process (PID=519) to work on /home/airflow/.local/lib/python3.12/site-packages/airflow/example_dags/tutorial_taskflow_api_virtualenv.py
[2026-08-08T17:46:09.823+0000] {processor.py:914} INFO - Processing file /home/airflow/.local/lib/python3.12/site-packages/airflow/example_dags/tutorial_taskflow_api_virtualenv.py for tasks to queue
[2026-08-08T17:46:09.829+0000] {logging_mixin.py:190} INFO - [2026-08-08T17:46:09.828+0000] {dagbag.py:587} INFO - Filling up the DagBag from /home/airflow/.local/lib/python3.12/site-packages/airflow/example_dags/tutorial_taskflow_api_virtualenv.py
[2026-08-08T17:46:09.853+0000] {processor.py:925} INFO - DAG(s) 'tutorial_taskflow_api_virtualenv' retrieved from /home/airflow/.local/lib/python3.12/site-packages/airflow/example_dags/tutorial_taskflow_api_virtualenv.py
[2026-08-08T17:46:09.922+0000] {logging_mixin.py:190} INFO - [2026-08-08T17:46:09.921+0000] {dag.py:3211} INFO - Sync 1 DAGs
[2026-08-08T17:46:09.994+0000] {logging_mixin.py:190} INFO - [2026-08-08T17:46:09.994+0000] {dag.py:4138} INFO - Setting next_dagrun for tutorial_taskflow_api_virtualenv to None, run_after=None
[2026-08-08T17:46:10.050+0000] {processor.py:208} INFO - Processing /home/airflow/.local/lib/python3.12/site-packages/airflow/example_dags/tutorial_taskflow_api_virtualenv.py took 0.243 seconds
[2026-08-08T17:47:11.043+0000] {processor.py:186} INFO - Started process (PID=73) to work on /home/airflow/.local/lib/python3.12/site-packages/airflow/example_dags/tutorial_taskflow_api_virtualenv.py
[2026-08-08T17:47:11.045+0000] {processor.py:914} INFO - Processing file /home/airflow/.local/lib/python3.12/site-packages/airflow/example_dags/tutorial_taskflow_api_virtualenv.py for tasks to queue
[2026-08-08T17:47:11.049+0000] {logging_mixin.py:190} INFO - [2026-08-08T17:47:11.048+0000] {dagbag.py:587} INFO - Filling up the DagBag from /home/airflow/.local/lib/python3.12/site-packages/airflow/example_dags/tutorial_taskflow_api_virtualenv.py
[2026-08-08T17:47:11.075+0000] {processor.py:925} INFO - DAG(s) 'tutorial_taskflow_api_virtualenv' retrieved from /home/airflow/.local/lib/python3.12/site-packages/airflow/example_dags/tutorial_taskflow_api_virtualenv.py
[2026-08-08T17:47:11.307+0000] {logging_mixin.py:190} INFO - [2026-08-08T17:47:11.307+0000] {dag.py:3211} INFO - Sync 1 DAGs
[2026-08-08T17:47:11.323+0000] {logging_mixin.py:190} INFO - [2026-08-08T17:47:11.323+0000] {dag.py:4138} INFO - Setting next_dagrun for tutorial_taskflow_api_virtualenv to None, run_after=None
[2026-08-08T17:47:11.354+0000] {processor.py:208} INFO - Processing /home/airflow/.local/lib/python3.12/site-packages/airflow/example_dags/tutorial_taskflow_api_virtualenv.py took 0.319 seconds
[2026-08-08T17:47:42.079+0000] {processor.py:186} INFO - Started process (PID=136) to work on /home/airflow/.local/lib/python3.12/site-packages/airflow/example_dags/tutorial_taskflow_api_virtualenv.py
[2026-08-08T17:47:42.080+0000] {processor.py:914} INFO - Processing file /home/airflow/.local/lib/python3.12/site-packages/airflow/example_dags/tutorial_taskflow_api_virtualenv.py for tasks to queue
[2026-08-08T17:47:42.084+0000] {logging_mixin.py:190} INFO - [2026-08-08T17:47:42.084+0000] {dagbag.py:587} INFO - Filling up the DagBag from /home/airflow/.local/lib/python3.12/site-packages/airflow/example_dags/tutorial_taskflow_api_virtualenv.py
[2026-08-08T17:47:42.105+0000] {processor.py:925} INFO - DAG(s) 'tutorial_taskflow_api_virtualenv' retrieved from /home/airflow/.local/lib/python3.12/site-packages/airflow/example_dags/tutorial_taskflow_api_virtualenv.py
[2026-08-08T17:47:42.144+0000] {logging_mixin.py:190} INFO - [2026-08-08T17:47:42.143+0000] {dag.py:3211} INFO - Sync 1 DAGs
[2026-08-08T17:47:42.162+0000] {logging_mixin.py:190} INFO - [2026-08-08T17:47:42.161+0000] {dag.py:4138} INFO - Setting next_dagrun for tutorial_taskflow_api_virtualenv to None, run_after=None
[2026-08-08T17:47:42.186+0000] {processor.py:208} INFO - Processing /home/airflow/.local/lib/python3.12/site-packages/airflow/example_dags/tutorial_taskflow_api_virtualenv.py took 0.118 seconds
[2026-08-08T17:48:12.653+0000] {processor.py:186} INFO - Started process (PID=205) to work on /home/airflow/.local/lib/python3.12/site-packages/airflow/example_dags/tutorial_taskflow_api_virtualenv.py
[2026-08-08T17:48:12.654+0000] {processor.py:914} INFO - Processing file /home/airflow/.local/lib/python3.12/site-packages/airflow/example_dags/tutorial_taskflow_api_virtualenv.py for tasks to queue
[2026-08-08T17:48:12.656+0000] {logging_mixin.py:190} INFO - [2026-08-08T17:48:12.656+0000] {dagbag.py:587} INFO - Filling up the DagBag from /home/airflow/.local/lib/python3.12/site-packages/airflow/example_dags/tutorial_taskflow_api_virtualenv.py
[2026-08-08T17:48:12.668+0000] {processor.py:925} INFO - DAG(s) 'tutorial_taskflow_api_virtualenv' retrieved from /home/airflow/.local/lib/python3.12/site-packages/airflow/example_dags/tutorial_taskflow_api_virtualenv.py
[2026-08-08T17:48:12.686+0000] {logging_mixin.py:190} INFO - [2026-08-08T17:48:12.686+0000] {dag.py:3211} INFO - Sync 1 DAGs
[2026-08-08T17:48:12.698+0000] {logging_mixin.py:190} INFO - [2026-08-08T17:48:12.698+0000] {dag.py:4138} INFO - Setting next_dagrun for tutorial_taskflow_api_virtualenv to None, run_after=None
[2026-08-08T17:48:12.723+0000] {processor.py:208} INFO - Processing /home/airflow/.local/lib/python3.12/site-packages/airflow/example_dags/tutorial_taskflow_api_virtualenv.py took 0.075 seconds
[2026-08-08T17:48:43.582+0000] {processor.py:186} INFO - Started process (PID=274) to work on /home/airflow/.local/lib/python3.12/site-packages/airflow/example_dags/tutorial_taskflow_api_virtualenv.py
[2026-08-08T17:48:43.584+0000] {processor.py:914} INFO - Processing file /home/airflow/.local/lib/python3.12/site-packages/airflow/example_dags/tutorial_taskflow_api_virtualenv.py for tasks to queue
[2026-08-08T17:48:43.587+0000] {logging_mixin.py:190} INFO - [2026-08-08T17:48:43.587+0000] {dagbag.py:587} INFO - Filling up the DagBag from /home/airflow/.local/lib/python3.12/site-packages/airflow/example_dags/tutorial_taskflow_api_virtualenv.py
[2026-08-08T17:48:43.598+0000] {processor.py:925} INFO - DAG(s) 'tutorial_taskflow_api_virtualenv' retrieved from /home/airflow/.local/lib/python3.12/site-packages/airflow/example_dags/tutorial_taskflow_api_virtualenv.py
[2026-08-08T17:48:43.621+0000] {logging_mixin.py:190} INFO - [2026-08-08T17:48:43.621+0000] {dag.py:3211} INFO - Sync 1 DAGs
[2026-08-08T17:48:43.635+0000] {logging_mixin.py:190} INFO - [2026-08-08T17:48:43.635+0000] {dag.py:4138} INFO - Setting next_dagrun for tutorial_taskflow_api_virtualenv to None, run_after=None
[2026-08-08T17:48:43.656+0000] {processor.py:208} INFO - Processing /home/airflow/.local/lib/python3.12/site-packages/airflow/example_dags/tutorial_taskflow_api_virtualenv.py took 0.080 seconds
[2026-08-08T17:52:34.607+0000] {processor.py:186} INFO - Started process (PID=78) to work on /home/airflow/.local/lib/python3.12/site-packages/airflow/example_dags/tutorial_taskflow_api_virtualenv.py
[2026-08-08T17:52:34.613+0000] {processor.py:914} INFO - Processing file /home/airflow/.local/lib/python3.12/site-packages/airflow/example_dags/tutorial_taskflow_api_virtualenv.py for tasks to queue
[2026-08-08T17:52:34.618+0000] {logging_mixin.py:190} INFO - [2026-08-08T17:52:34.617+0000] {dagbag.py:587} INFO - Filling up the DagBag from /home/airflow/.local/lib/python3.12/site-packages/airflow/example_dags/tutorial_taskflow_api_virtualenv.py
[2026-08-08T17:52:34.653+0000] {processor.py:925} INFO - DAG(s) 'tutorial_taskflow_api_virtualenv' retrieved from /home/airflow/.local/lib/python3.12/site-packages/airflow/example_dags/tutorial_taskflow_api_virtualenv.py
[2026-08-08T17:52:34.916+0000] {logging_mixin.py:190} INFO - [2026-08-08T17:52:34.916+0000] {dag.py:3211} INFO - Sync 1 DAGs
[2026-08-08T17:52:34.932+0000] {logging_mixin.py:190} INFO - [2026-08-08T17:52:34.931+0000] {dag.py:4138} INFO - Setting next_dagrun for tutorial_taskflow_api_virtualenv to None, run_after=None
[2026-08-08T17:52:34.961+0000] {processor.py:208} INFO - Processing /home/airflow/.local/lib/python3.12/site-packages/airflow/example_dags/tutorial_taskflow_api_virtualenv.py took 0.362 seconds
[2026-08-08T17:53:05.600+0000] {processor.py:186} INFO - Started process (PID=141) to work on /home/airflow/.local/lib/python3.12/site-packages/airflow/example_dags/tutorial_taskflow_api_virtualenv.py
[2026-08-08T17:53:05.602+0000] {processor.py:914} INFO - Processing file /home/airflow/.local/lib/python3.12/site-packages/airflow/example_dags/tutorial_taskflow_api_virtualenv.py for tasks to queue
[2026-08-08T17:53:05.605+0000] {logging_mixin.py:190} INFO - [2026-08-08T17:53:05.604+0000] {dagbag.py:587} INFO - Filling up the DagBag from /home/airflow/.local/lib/python3.12/site-packages/airflow/example_dags/tutorial_taskflow_api_virtualenv.py
[2026-08-08T17:53:05.619+0000] {processor.py:925} INFO - DAG(s) 'tutorial_taskflow_api_virtualenv' retrieved from /home/airflow/.local/lib/python3.12/site-packages/airflow/example_dags/tutorial_taskflow_api_virtualenv.py
[2026-08-08T17:53:05.662+0000] {logging_mixin.py:190} INFO - [2026-08-08T17:53:05.662+0000] {dag.py:3211} INFO - Sync 1 DAGs
[2026-08-08T17:53:05.692+0000] {logging_mixin.py:190} INFO - [2026-08-08T17:53:05.692+0000] {dag.py:4138} INFO - Setting next_dagrun for tutorial_taskflow_api_virtualenv to None, run_after=None
[2026-08-08T17:53:05.724+0000] {processor.py:208} INFO - Processing /home/airflow/.local/lib/python3.12/site-packages/airflow/example_dags/tutorial_taskflow_api_virtualenv.py took 0.131 seconds
[2026-08-08T17:53:36.204+0000] {processor.py:186} INFO - Started process (PID=204) to work on /home/airflow/.local/lib/python3.12/site-packages/airflow/example_dags/tutorial_taskflow_api_virtualenv.py
[2026-08-08T17:53:36.205+0000] {processor.py:914} INFO - Processing file /home/airflow/.local/lib/python3.12/site-packages/airflow/example_dags/tutorial_taskflow_api_virtualenv.py for tasks to queue
[2026-08-08T17:53:36.209+0000] {logging_mixin.py:190} INFO - [2026-08-08T17:53:36.208+0000] {dagbag.py:587} INFO - Filling up the DagBag from /home/airflow/.local/lib/python3.12/site-packages/airflow/example_dags/tutorial_taskflow_api_virtualenv.py
[2026-08-08T17:53:36.222+0000] {processor.py:925} INFO - DAG(s) 'tutorial_taskflow_api_virtualenv' retrieved from /home/airflow/.local/lib/python3.12/site-packages/airflow/example_dags/tutorial_taskflow_api_virtualenv.py
[2026-08-08T17:53:36.247+0000] {logging_mixin.py:190} INFO - [2026-08-08T17:53:36.247+0000] {dag.py:3211} INFO - Sync 1 DAGs
[2026-08-08T17:53:36.263+0000] {logging_mixin.py:190} INFO - [2026-08-08T17:53:36.263+0000] {dag.py:4138} INFO - Setting next_dagrun for tutorial_taskflow_api_virtualenv to None, run_after=None
[2026-08-08T17:53:36.285+0000] {processor.py:208} INFO - Processing /home/airflow/.local/lib/python3.12/site-packages/airflow/example_dags/tutorial_taskflow_api_virtualenv.py took 0.087 seconds
[2026-08-08T17:54:06.874+0000] {processor.py:186} INFO - Started process (PID=267) to work on /home/airflow/.local/lib/python3.12/site-packages/airflow/example_dags/tutorial_taskflow_api_virtualenv.py
[2026-08-08T17:54:06.876+0000] {processor.py:914} INFO - Processing file /home/airflow/.local/lib/python3.12/site-packages/airflow/example_dags/tutorial_taskflow_api_virtualenv.py for tasks to queue
[2026-08-08T17:54:06.879+0000] {logging_mixin.py:190} INFO - [2026-08-08T17:54:06.878+0000] {dagbag.py:587} INFO - Filling up the DagBag from /home/airflow/.local/lib/python3.12/site-packages/airflow/example_dags/tutorial_taskflow_api_virtualenv.py
[2026-08-08T17:54:06.891+0000] {processor.py:925} INFO - DAG(s) 'tutorial_taskflow_api_virtualenv' retrieved from /home/airflow/.local/lib/python3.12/site-packages/airflow/example_dags/tutorial_taskflow_api_virtualenv.py
[2026-08-08T17:54:06.923+0000] {logging_mixin.py:190} INFO - [2026-08-08T17:54:06.923+0000] {dag.py:3211} INFO - Sync 1 DAGs
[2026-08-08T17:54:06.944+0000] {logging_mixin.py:190} INFO - [2026-08-08T17:54:06.944+0000] {dag.py:4138} INFO - Setting next_dagrun for tutorial_taskflow_api_virtualenv to None, run_after=None
[2026-08-08T17:54:06.972+0000] {processor.py:208} INFO - Processing /home/airflow/.local/lib/python3.12/site-packages/airflow/example_dags/tutorial_taskflow_api_virtualenv.py took 0.105 seconds
[2026-08-08T17:54:37.308+0000] {processor.py:186} INFO - Started process (PID=330) to work on /home/airflow/.local/lib/python3.12/site-packages/airflow/example_dags/tutorial_taskflow_api_virtualenv.py
[2026-08-08T17:54:37.309+0000] {processor.py:914} INFO - Processing file /home/airflow/.local/lib/python3.12/site-packages/airflow/example_dags/tutorial_taskflow_api_virtualenv.py for tasks to queue
[2026-08-08T17:54:37.312+0000] {logging_mixin.py:190} INFO - [2026-08-08T17:54:37.311+0000] {dagbag.py:587} INFO - Filling up the DagBag from /home/airflow/.local/lib/python3.12/site-packages/airflow/example_dags/tutorial_taskflow_api_virtualenv.py
[2026-08-08T17:54:37.323+0000] {processor.py:925} INFO - DAG(s) 'tutorial_taskflow_api_virtualenv' retrieved from /home/airflow/.local/lib/python3.12/site-packages/airflow/example_dags/tutorial_taskflow_api_virtualenv.py
[2026-08-08T17:54:37.345+0000] {logging_mixin.py:190} INFO - [2026-08-08T17:54:37.345+0000] {dag.py:3211} INFO - Sync 1 DAGs
[2026-08-08T17:54:37.361+0000] {logging_mixin.py:190} INFO - [2026-08-08T17:54:37.360+0000] {dag.py:4138} INFO - Setting next_dagrun for tutorial_taskflow_api_virtualenv to None, run_after=None
[2026-08-08T17:54:37.383+0000] {processor.py:208} INFO - Processing /home/airflow/.local/lib/python3.12/site-packages/airflow/example_dags/tutorial_taskflow_api_virtualenv.py took 0.081 seconds
[2026-08-08T17:55:07.454+0000] {processor.py:186} INFO - Started process (PID=392) to work on /home/airflow/.local/lib/python3.12/site-packages/airflow/example_dags/tutorial_taskflow_api_virtualenv.py
[2026-08-08T17:55:07.456+0000] {processor.py:914} INFO - Processing file /home/airflow/.local/lib/python3.12/site-packages/airflow/example_dags/tutorial_taskflow_api_virtualenv.py for tasks to queue
[2026-08-08T17:55:07.458+0000] {logging_mixin.py:190} INFO - [2026-08-08T17:55:07.458+0000] {dagbag.py:587} INFO - Filling up the DagBag from /home/airflow/.local/lib/python3.12/site-packages/airflow/example_dags/tutorial_taskflow_api_virtualenv.py
[2026-08-08T17:55:07.467+0000] {processor.py:925} INFO - DAG(s) 'tutorial_taskflow_api_virtualenv' retrieved from /home/airflow/.local/lib/python3.12/site-packages/airflow/example_dags/tutorial_taskflow_api_virtualenv.py
[2026-08-08T17:55:07.482+0000] {logging_mixin.py:190} INFO - [2026-08-08T17:55:07.482+0000] {dag.py:3211} INFO - Sync 1 DAGs
[2026-08-08T17:55:07.491+0000] {logging_mixin.py:190} INFO - [2026-08-08T17:55:07.491+0000] {dag.py:4138} INFO - Setting next_dagrun for tutorial_taskflow_api_virtualenv to None, run_after=None
[2026-08-08T17:55:07.509+0000] {processor.py:208} INFO - Processing /home/airflow/.local/lib/python3.12/site-packages/airflow/example_dags/tutorial_taskflow_api_virtualenv.py took 0.060 seconds
[2026-08-08T17:55:37.609+0000] {processor.py:186} INFO - Started process (PID=455) to work on /home/airflow/.local/lib/python3.12/site-packages/airflow/example_dags/tutorial_taskflow_api_virtualenv.py
[2026-08-08T17:55:37.611+0000] {processor.py:914} INFO - Processing file /home/airflow/.local/lib/python3.12/site-packages/airflow/example_dags/tutorial_taskflow_api_virtualenv.py for tasks to queue
[2026-08-08T17:55:37.617+0000] {logging_mixin.py:190} INFO - [2026-08-08T17:55:37.616+0000] {dagbag.py:587} INFO - Filling up the DagBag from /home/airflow/.local/lib/python3.12/site-packages/airflow/example_dags/tutorial_taskflow_api_virtualenv.py
[2026-08-08T17:55:37.635+0000] {processor.py:925} INFO - DAG(s) 'tutorial_taskflow_api_virtualenv' retrieved from /home/airflow/.local/lib/python3.12/site-packages/airflow/example_dags/tutorial_taskflow_api_virtualenv.py
[2026-08-08T17:55:37.662+0000] {logging_mixin.py:190} INFO - [2026-08-08T17:55:37.662+0000] {dag.py:3211} INFO - Sync 1 DAGs
[2026-08-08T17:55:37.676+0000] {logging_mixin.py:190} INFO - [2026-08-08T17:55:37.676+0000] {dag.py:4138} INFO - Setting next_dagrun for tutorial_taskflow_api_virtualenv to None, run_after=None
[2026-08-08T17:55:37.696+0000] {processor.py:208} INFO - Processing /home/airflow/.local/lib/python3.12/site-packages/airflow/example_dags/tutorial_taskflow_api_virtualenv.py took 0.099 seconds
[2026-08-08T17:56:08.017+0000] {processor.py:186} INFO - Started process (PID=518) to work on /home/airflow/.local/lib/python3.12/site-packages/airflow/example_dags/tutorial_taskflow_api_virtualenv.py
[2026-08-08T17:56:08.018+0000] {processor.py:914} INFO - Processing file /home/airflow/.local/lib/python3.12/site-packages/airflow/example_dags/tutorial_taskflow_api_virtualenv.py for tasks to queue
[2026-08-08T17:56:08.020+0000] {logging_mixin.py:190} INFO - [2026-08-08T17:56:08.020+0000] {dagbag.py:587} INFO - Filling up the DagBag from /home/airflow/.local/lib/python3.12/site-packages/airflow/example_dags/tutorial_taskflow_api_virtualenv.py
[2026-08-08T17:56:08.034+0000] {processor.py:925} INFO - DAG(s) 'tutorial_taskflow_api_virtualenv' retrieved from /home/airflow/.local/lib/python3.12/site-packages/airflow/example_dags/tutorial_taskflow_api_virtualenv.py
[2026-08-08T17:56:08.056+0000] {logging_mixin.py:190} INFO - [2026-08-08T17:56:08.056+0000] {dag.py:3211} INFO - Sync 1 DAGs
[2026-08-08T17:56:08.067+0000] {logging_mixin.py:190} INFO - [2026-08-08T17:56:08.067+0000] {dag.py:4138} INFO - Setting next_dagrun for tutorial_taskflow_api_virtualenv to None, run_after=None
[2026-08-08T17:56:08.085+0000] {processor.py:208} INFO - Processing /home/airflow/.local/lib/python3.12/site-packages/airflow/example_dags/tutorial_taskflow_api_virtualenv.py took 0.075 seconds
[2026-08-08T17:56:38.536+0000] {processor.py:186} INFO - Started process (PID=581) to work on /home/airflow/.local/lib/python3.12/site-packages/airflow/example_dags/tutorial_taskflow_api_virtualenv.py
[2026-08-08T17:56:38.537+0000] {processor.py:914} INFO - Processing file /home/airflow/.local/lib/python3.12/site-packages/airflow/example_dags/tutorial_taskflow_api_virtualenv.py for tasks to queue
[2026-08-08T17:56:38.541+0000] {logging_mixin.py:190} INFO - [2026-08-08T17:56:38.540+0000] {dagbag.py:587} INFO - Filling up the DagBag from /home/airflow/.local/lib/python3.12/site-packages/airflow/example_dags/tutorial_taskflow_api_virtualenv.py
[2026-08-08T17:56:38.555+0000] {processor.py:925} INFO - DAG(s) 'tutorial_taskflow_api_virtualenv' retrieved from /home/airflow/.local/lib/python3.12/site-packages/airflow/example_dags/tutorial_taskflow_api_virtualenv.py
[2026-08-08T17:56:38.578+0000] {logging_mixin.py:190} INFO - [2026-08-08T17:56:38.577+0000] {dag.py:3211} INFO - Sync 1 DAGs
[2026-08-08T17:56:38.594+0000] {logging_mixin.py:190} INFO - [2026-08-08T17:56:38.594+0000] {dag.py:4138} INFO - Setting next_dagrun for tutorial_taskflow_api_virtualenv to None, run_after=None
[2026-08-08T17:56:38.616+0000] {processor.py:208} INFO - Processing /home/airflow/.local/lib/python3.12/site-packages/airflow/example_dags/tutorial_taskflow_api_virtualenv.py took 0.087 seconds
[2026-08-08T17:57:09.119+0000] {processor.py:186} INFO - Started process (PID=644) to work on /home/airflow/.local/lib/python3.12/site-packages/airflow/example_dags/tutorial_taskflow_api_virtualenv.py
[2026-08-08T17:57:09.120+0000] {processor.py:914} INFO - Processing file /home/airflow/.local/lib/python3.12/site-packages/airflow/example_dags/tutorial_taskflow_api_virtualenv.py for tasks to queue
[2026-08-08T17:57:09.123+0000] {logging_mixin.py:190} INFO - [2026-08-08T17:57:09.123+0000] {dagbag.py:587} INFO - Filling up the DagBag from /home/airflow/.local/lib/python3.12/site-packages/airflow/example_dags/tutorial_taskflow_api_virtualenv.py
[2026-08-08T17:57:09.135+0000] {processor.py:925} INFO - DAG(s) 'tutorial_taskflow_api_virtualenv' retrieved from /home/airflow/.local/lib/python3.12/site-packages/airflow/example_dags/tutorial_taskflow_api_virtualenv.py
[2026-08-08T17:57:09.155+0000] {logging_mixin.py:190} INFO - [2026-08-08T17:57:09.155+0000] {dag.py:3211} INFO - Sync 1 DAGs
[2026-08-08T17:57:09.166+0000] {logging_mixin.py:190} INFO - [2026-08-08T17:57:09.166+0000] {dag.py:4138} INFO - Setting next_dagrun for tutorial_taskflow_api_virtualenv to None, run_after=None
[2026-08-08T17:57:09.188+0000] {processor.py:208} INFO - Processing /home/airflow/.local/lib/python3.12/site-packages/airflow/example_dags/tutorial_taskflow_api_virtualenv.py took 0.075 seconds
[2026-08-08T18:08:14.232+0000] {processor.py:186} INFO - Started process (PID=708) to work on /home/airflow/.local/lib/python3.12/site-packages/airflow/example_dags/tutorial_taskflow_api_virtualenv.py
[2026-08-08T18:08:14.245+0000] {processor.py:914} INFO - Processing file /home/airflow/.local/lib/python3.12/site-packages/airflow/example_dags/tutorial_taskflow_api_virtualenv.py for tasks to queue
[2026-08-08T18:08:14.260+0000] {logging_mixin.py:190} INFO - [2026-08-08T18:08:14.259+0000] {dagbag.py:587} INFO - Filling up the DagBag from /home/airflow/.local/lib/python3.12/site-packages/airflow/example_dags/tutorial_taskflow_api_virtualenv.py
[2026-08-08T18:08:14.305+0000] {processor.py:925} INFO - DAG(s) 'tutorial_taskflow_api_virtualenv' retrieved from /home/airflow/.local/lib/python3.12/site-packages/airflow/example_dags/tutorial_taskflow_api_virtualenv.py
[2026-08-08T18:08:14.359+0000] {logging_mixin.py:190} INFO - [2026-08-08T18:08:14.358+0000] {dag.py:3211} INFO - Sync 1 DAGs
[2026-08-08T18:08:14.395+0000] {logging_mixin.py:190} INFO - [2026-08-08T18:08:14.395+0000] {dag.py:4138} INFO - Setting next_dagrun for tutorial_taskflow_api_virtualenv to None, run_after=None
[2026-08-08T18:08:14.444+0000] {processor.py:208} INFO - Processing /home/airflow/.local/lib/python3.12/site-packages/airflow/example_dags/tutorial_taskflow_api_virtualenv.py took 0.231 seconds
[2026-08-08T18:08:44.687+0000] {processor.py:186} INFO - Started process (PID=771) to work on /home/airflow/.local/lib/python3.12/site-packages/airflow/example_dags/tutorial_taskflow_api_virtualenv.py
[2026-08-08T18:08:44.704+0000] {processor.py:914} INFO - Processing file /home/airflow/.local/lib/python3.12/site-packages/airflow/example_dags/tutorial_taskflow_api_virtualenv.py for tasks to queue
[2026-08-08T18:08:44.708+0000] {logging_mixin.py:190} INFO - [2026-08-08T18:08:44.708+0000] {dagbag.py:587} INFO - Filling up the DagBag from /home/airflow/.local/lib/python3.12/site-packages/airflow/example_dags/tutorial_taskflow_api_virtualenv.py
[2026-08-08T18:08:44.729+0000] {processor.py:925} INFO - DAG(s) 'tutorial_taskflow_api_virtualenv' retrieved from /home/airflow/.local/lib/python3.12/site-packages/airflow/example_dags/tutorial_taskflow_api_virtualenv.py
[2026-08-08T18:08:44.758+0000] {logging_mixin.py:190} INFO - [2026-08-08T18:08:44.758+0000] {dag.py:3211} INFO - Sync 1 DAGs
[2026-08-08T18:08:44.785+0000] {logging_mixin.py:190} INFO - [2026-08-08T18:08:44.784+0000] {dag.py:4138} INFO - Setting next_dagrun for tutorial_taskflow_api_virtualenv to None, run_after=None
[2026-08-08T18:08:44.871+0000] {processor.py:208} INFO - Processing /home/airflow/.local/lib/python3.12/site-packages/airflow/example_dags/tutorial_taskflow_api_virtualenv.py took 0.197 seconds
[2026-08-08T18:09:15.143+0000] {processor.py:186} INFO - Started process (PID=834) to work on /home/airflow/.local/lib/python3.12/site-packages/airflow/example_dags/tutorial_taskflow_api_virtualenv.py
[2026-08-08T18:09:15.145+0000] {processor.py:914} INFO - Processing file /home/airflow/.local/lib/python3.12/site-packages/airflow/example_dags/tutorial_taskflow_api_virtualenv.py for tasks to queue
[2026-08-08T18:09:15.148+0000] {logging_mixin.py:190} INFO - [2026-08-08T18:09:15.148+0000] {dagbag.py:587} INFO - Filling up the DagBag from /home/airflow/.local/lib/python3.12/site-packages/airflow/example_dags/tutorial_taskflow_api_virtualenv.py
[2026-08-08T18:09:15.164+0000] {processor.py:925} INFO - DAG(s) 'tutorial_taskflow_api_virtualenv' retrieved from /home/airflow/.local/lib/python3.12/site-packages/airflow/example_dags/tutorial_taskflow_api_virtualenv.py
[2026-08-08T18:09:15.191+0000] {logging_mixin.py:190} INFO - [2026-08-08T18:09:15.191+0000] {dag.py:3211} INFO - Sync 1 DAGs
[2026-08-08T18:09:15.210+0000] {logging_mixin.py:190} INFO - [2026-08-08T18:09:15.210+0000] {dag.py:4138} INFO - Setting next_dagrun for tutorial_taskflow_api_virtualenv to None, run_after=None
[2026-08-08T18:09:15.234+0000] {processor.py:208} INFO - Processing /home/airflow/.local/lib/python3.12/site-packages/airflow/example_dags/tutorial_taskflow_api_virtualenv.py took 0.098 seconds
[2026-08-08T18:09:46.078+0000] {processor.py:186} INFO - Started process (PID=897) to work on /home/airflow/.local/lib/python3.12/site-packages/airflow/example_dags/tutorial_taskflow_api_virtualenv.py
[2026-08-08T18:09:46.080+0000] {processor.py:914} INFO - Processing file /home/airflow/.local/lib/python3.12/site-packages/airflow/example_dags/tutorial_taskflow_api_virtualenv.py for tasks to queue
[2026-08-08T18:09:46.085+0000] {logging_mixin.py:190} INFO - [2026-08-08T18:09:46.085+0000] {dagbag.py:587} INFO - Filling up the DagBag from /home/airflow/.local/lib/python3.12/site-packages/airflow/example_dags/tutorial_taskflow_api_virtualenv.py
[2026-08-08T18:09:46.100+0000] {processor.py:925} INFO - DAG(s) 'tutorial_taskflow_api_virtualenv' retrieved from /home/airflow/.local/lib/python3.12/site-packages/airflow/example_dags/tutorial_taskflow_api_virtualenv.py
[2026-08-08T18:09:46.127+0000] {logging_mixin.py:190} INFO - [2026-08-08T18:09:46.127+0000] {dag.py:3211} INFO - Sync 1 DAGs
[2026-08-08T18:09:46.148+0000] {logging_mixin.py:190} INFO - [2026-08-08T18:09:46.147+0000] {dag.py:4138} INFO - Setting next_dagrun for tutorial_taskflow_api_virtualenv to None, run_after=None
[2026-08-08T18:09:46.179+0000] {processor.py:208} INFO - Processing /home/airflow/.local/lib/python3.12/site-packages/airflow/example_dags/tutorial_taskflow_api_virtualenv.py took 0.107 seconds
[2026-08-08T18:10:16.479+0000] {processor.py:186} INFO - Started process (PID=960) to work on /home/airflow/.local/lib/python3.12/site-packages/airflow/example_dags/tutorial_taskflow_api_virtualenv.py
[2026-08-08T18:10:16.481+0000] {processor.py:914} INFO - Processing file /home/airflow/.local/lib/python3.12/site-packages/airflow/example_dags/tutorial_taskflow_api_virtualenv.py for tasks to queue
[2026-08-08T18:10:16.485+0000] {logging_mixin.py:190} INFO - [2026-08-08T18:10:16.485+0000] {dagbag.py:587} INFO - Filling up the DagBag from /home/airflow/.local/lib/python3.12/site-packages/airflow/example_dags/tutorial_taskflow_api_virtualenv.py
[2026-08-08T18:10:16.509+0000] {processor.py:925} INFO - DAG(s) 'tutorial_taskflow_api_virtualenv' retrieved from /home/airflow/.local/lib/python3.12/site-packages/airflow/example_dags/tutorial_taskflow_api_virtualenv.py
[2026-08-08T18:10:16.549+0000] {logging_mixin.py:190} INFO - [2026-08-08T18:10:16.548+0000] {dag.py:3211} INFO - Sync 1 DAGs
[2026-08-08T18:10:16.577+0000] {logging_mixin.py:190} INFO - [2026-08-08T18:10:16.577+0000] {dag.py:4138} INFO - Setting next_dagrun for tutorial_taskflow_api_virtualenv to None, run_after=None
[2026-08-08T18:10:16.613+0000] {processor.py:208} INFO - Processing /home/airflow/.local/lib/python3.12/site-packages/airflow/example_dags/tutorial_taskflow_api_virtualenv.py took 0.144 seconds
[2026-08-08T18:10:46.974+0000] {processor.py:186} INFO - Started process (PID=1022) to work on /home/airflow/.local/lib/python3.12/site-packages/airflow/example_dags/tutorial_taskflow_api_virtualenv.py
[2026-08-08T18:10:46.975+0000] {processor.py:914} INFO - Processing file /home/airflow/.local/lib/python3.12/site-packages/airflow/example_dags/tutorial_taskflow_api_virtualenv.py for tasks to queue
[2026-08-08T18:10:46.981+0000] {logging_mixin.py:190} INFO - [2026-08-08T18:10:46.981+0000] {dagbag.py:587} INFO - Filling up the DagBag from /home/airflow/.local/lib/python3.12/site-packages/airflow/example_dags/tutorial_taskflow_api_virtualenv.py
[2026-08-08T18:10:46.996+0000] {processor.py:925} INFO - DAG(s) 'tutorial_taskflow_api_virtualenv' retrieved from /home/airflow/.local/lib/python3.12/site-packages/airflow/example_dags/tutorial_taskflow_api_virtualenv.py
[2026-08-08T18:10:47.022+0000] {logging_mixin.py:190} INFO - [2026-08-08T18:10:47.022+0000] {dag.py:3211} INFO - Sync 1 DAGs
[2026-08-08T18:10:47.037+0000] {logging_mixin.py:190} INFO - [2026-08-08T18:10:47.036+0000] {dag.py:4138} INFO - Setting next_dagrun for tutorial_taskflow_api_virtualenv to None, run_after=None
[2026-08-08T18:10:47.062+0000] {processor.py:208} INFO - Processing /home/airflow/.local/lib/python3.12/site-packages/airflow/example_dags/tutorial_taskflow_api_virtualenv.py took 0.094 seconds
[2026-08-08T18:11:18.126+0000] {processor.py:186} INFO - Started process (PID=1086) to work on /home/airflow/.local/lib/python3.12/site-packages/airflow/example_dags/tutorial_taskflow_api_virtualenv.py
[2026-08-08T18:11:18.128+0000] {processor.py:914} INFO - Processing file /home/airflow/.local/lib/python3.12/site-packages/airflow/example_dags/tutorial_taskflow_api_virtualenv.py for tasks to queue
[2026-08-08T18:11:18.131+0000] {logging_mixin.py:190} INFO - [2026-08-08T18:11:18.131+0000] {dagbag.py:587} INFO - Filling up the DagBag from /home/airflow/.local/lib/python3.12/site-packages/airflow/example_dags/tutorial_taskflow_api_virtualenv.py
[2026-08-08T18:11:18.146+0000] {processor.py:925} INFO - DAG(s) 'tutorial_taskflow_api_virtualenv' retrieved from /home/airflow/.local/lib/python3.12/site-packages/airflow/example_dags/tutorial_taskflow_api_virtualenv.py
[2026-08-08T18:11:18.168+0000] {logging_mixin.py:190} INFO - [2026-08-08T18:11:18.168+0000] {dag.py:3211} INFO - Sync 1 DAGs
[2026-08-08T18:11:18.183+0000] {logging_mixin.py:190} INFO - [2026-08-08T18:11:18.183+0000] {dag.py:4138} INFO - Setting next_dagrun for tutorial_taskflow_api_virtualenv to None, run_after=None
[2026-08-08T18:11:18.201+0000] {processor.py:208} INFO - Processing /home/airflow/.local/lib/python3.12/site-packages/airflow/example_dags/tutorial_taskflow_api_virtualenv.py took 0.080 seconds
[2026-08-08T18:11:48.933+0000] {processor.py:186} INFO - Started process (PID=1149) to work on /home/airflow/.local/lib/python3.12/site-packages/airflow/example_dags/tutorial_taskflow_api_virtualenv.py
[2026-08-08T18:11:48.934+0000] {processor.py:914} INFO - Processing file /home/airflow/.local/lib/python3.12/site-packages/airflow/example_dags/tutorial_taskflow_api_virtualenv.py for tasks to queue
[2026-08-08T18:11:48.937+0000] {logging_mixin.py:190} INFO - [2026-08-08T18:11:48.937+0000] {dagbag.py:587} INFO - Filling up the DagBag from /home/airflow/.local/lib/python3.12/site-packages/airflow/example_dags/tutorial_taskflow_api_virtualenv.py
[2026-08-08T18:11:48.949+0000] {processor.py:925} INFO - DAG(s) 'tutorial_taskflow_api_virtualenv' retrieved from /home/airflow/.local/lib/python3.12/site-packages/airflow/example_dags/tutorial_taskflow_api_virtualenv.py
[2026-08-08T18:11:48.972+0000] {logging_mixin.py:190} INFO - [2026-08-08T18:11:48.972+0000] {dag.py:3211} INFO - Sync 1 DAGs
[2026-08-08T18:11:48.986+0000] {logging_mixin.py:190} INFO - [2026-08-08T18:11:48.986+0000] {dag.py:4138} INFO - Setting next_dagrun for tutorial_taskflow_api_virtualenv to None, run_after=None
[2026-08-08T18:11:49.017+0000] {processor.py:208} INFO - Processing /home/airflow/.local/lib/python3.12/site-packages/airflow/example_dags/tutorial_taskflow_api_virtualenv.py took 0.089 seconds
[2026-08-08T18:13:04.691+0000] {processor.py:186} INFO - Started process (PID=78) to work on /home/airflow/.local/lib/python3.12/site-packages/airflow/example_dags/tutorial_taskflow_api_virtualenv.py
[2026-08-08T18:13:04.694+0000] {processor.py:914} INFO - Processing file /home/airflow/.local/lib/python3.12/site-packages/airflow/example_dags/tutorial_taskflow_api_virtualenv.py for tasks to queue
[2026-08-08T18:13:04.698+0000] {logging_mixin.py:190} INFO - [2026-08-08T18:13:04.698+0000] {dagbag.py:587} INFO - Filling up the DagBag from /home/airflow/.local/lib/python3.12/site-packages/airflow/example_dags/tutorial_taskflow_api_virtualenv.py
[2026-08-08T18:13:04.733+0000] {processor.py:925} INFO - DAG(s) 'tutorial_taskflow_api_virtualenv' retrieved from /home/airflow/.local/lib/python3.12/site-packages/airflow/example_dags/tutorial_taskflow_api_virtualenv.py
[2026-08-08T18:13:05.107+0000] {logging_mixin.py:190} INFO - [2026-08-08T18:13:05.106+0000] {dag.py:3211} INFO - Sync 1 DAGs
[2026-08-08T18:13:05.126+0000] {logging_mixin.py:190} INFO - [2026-08-08T18:13:05.125+0000] {dag.py:4138} INFO - Setting next_dagrun for tutorial_taskflow_api_virtualenv to None, run_after=None
[2026-08-08T18:13:05.156+0000] {processor.py:208} INFO - Processing /home/airflow/.local/lib/python3.12/site-packages/airflow/example_dags/tutorial_taskflow_api_virtualenv.py took 0.474 seconds
[2026-08-08T18:13:35.276+0000] {processor.py:186} INFO - Started process (PID=146) to work on /home/airflow/.local/lib/python3.12/site-packages/airflow/example_dags/tutorial_taskflow_api_virtualenv.py
[2026-08-08T18:13:35.277+0000] {processor.py:914} INFO - Processing file /home/airflow/.local/lib/python3.12/site-packages/airflow/example_dags/tutorial_taskflow_api_virtualenv.py for tasks to queue
[2026-08-08T18:13:35.279+0000] {logging_mixin.py:190} INFO - [2026-08-08T18:13:35.279+0000] {dagbag.py:587} INFO - Filling up the DagBag from /home/airflow/.local/lib/python3.12/site-packages/airflow/example_dags/tutorial_taskflow_api_virtualenv.py
[2026-08-08T18:13:35.288+0000] {processor.py:925} INFO - DAG(s) 'tutorial_taskflow_api_virtualenv' retrieved from /home/airflow/.local/lib/python3.12/site-packages/airflow/example_dags/tutorial_taskflow_api_virtualenv.py
[2026-08-08T18:13:35.306+0000] {logging_mixin.py:190} INFO - [2026-08-08T18:13:35.306+0000] {dag.py:3211} INFO - Sync 1 DAGs
[2026-08-08T18:13:35.316+0000] {logging_mixin.py:190} INFO - [2026-08-08T18:13:35.316+0000] {dag.py:4138} INFO - Setting next_dagrun for tutorial_taskflow_api_virtualenv to None, run_after=None
[2026-08-08T18:13:35.336+0000] {processor.py:208} INFO - Processing /home/airflow/.local/lib/python3.12/site-packages/airflow/example_dags/tutorial_taskflow_api_virtualenv.py took 0.064 seconds
[2026-08-08T18:14:06.160+0000] {processor.py:186} INFO - Started process (PID=210) to work on /home/airflow/.local/lib/python3.12/site-packages/airflow/example_dags/tutorial_taskflow_api_virtualenv.py
[2026-08-08T18:14:06.162+0000] {processor.py:914} INFO - Processing file /home/airflow/.local/lib/python3.12/site-packages/airflow/example_dags/tutorial_taskflow_api_virtualenv.py for tasks to queue
[2026-08-08T18:14:06.164+0000] {logging_mixin.py:190} INFO - [2026-08-08T18:14:06.164+0000] {dagbag.py:587} INFO - Filling up the DagBag from /home/airflow/.local/lib/python3.12/site-packages/airflow/example_dags/tutorial_taskflow_api_virtualenv.py
[2026-08-08T18:14:06.176+0000] {processor.py:925} INFO - DAG(s) 'tutorial_taskflow_api_virtualenv' retrieved from /home/airflow/.local/lib/python3.12/site-packages/airflow/example_dags/tutorial_taskflow_api_virtualenv.py
[2026-08-08T18:14:06.196+0000] {logging_mixin.py:190} INFO - [2026-08-08T18:14:06.196+0000] {dag.py:3211} INFO - Sync 1 DAGs
[2026-08-08T18:14:06.210+0000] {logging_mixin.py:190} INFO - [2026-08-08T18:14:06.210+0000] {dag.py:4138} INFO - Setting next_dagrun for tutorial_taskflow_api_virtualenv to None, run_after=None
[2026-08-08T18:14:06.228+0000] {processor.py:208} INFO - Processing /home/airflow/.local/lib/python3.12/site-packages/airflow/example_dags/tutorial_taskflow_api_virtualenv.py took 0.073 seconds
[2026-08-08T18:14:36.542+0000] {processor.py:186} INFO - Started process (PID=273) to work on /home/airflow/.local/lib/python3.12/site-packages/airflow/example_dags/tutorial_taskflow_api_virtualenv.py
[2026-08-08T18:14:36.543+0000] {processor.py:914} INFO - Processing file /home/airflow/.local/lib/python3.12/site-packages/airflow/example_dags/tutorial_taskflow_api_virtualenv.py for tasks to queue
[2026-08-08T18:14:36.546+0000] {logging_mixin.py:190} INFO - [2026-08-08T18:14:36.546+0000] {dagbag.py:587} INFO - Filling up the DagBag from /home/airflow/.local/lib/python3.12/site-packages/airflow/example_dags/tutorial_taskflow_api_virtualenv.py
[2026-08-08T18:14:36.560+0000] {processor.py:925} INFO - DAG(s) 'tutorial_taskflow_api_virtualenv' retrieved from /home/airflow/.local/lib/python3.12/site-packages/airflow/example_dags/tutorial_taskflow_api_virtualenv.py
[2026-08-08T18:14:36.588+0000] {logging_mixin.py:190} INFO - [2026-08-08T18:14:36.587+0000] {dag.py:3211} INFO - Sync 1 DAGs
[2026-08-08T18:14:36.608+0000] {logging_mixin.py:190} INFO - [2026-08-08T18:14:36.607+0000] {dag.py:4138} INFO - Setting next_dagrun for tutorial_taskflow_api_virtualenv to None, run_after=None
[2026-08-08T18:14:36.633+0000] {processor.py:208} INFO - Processing /home/airflow/.local/lib/python3.12/site-packages/airflow/example_dags/tutorial_taskflow_api_virtualenv.py took 0.099 seconds
[2026-08-08T18:15:06.793+0000] {processor.py:186} INFO - Started process (PID=336) to work on /home/airflow/.local/lib/python3.12/site-packages/airflow/example_dags/tutorial_taskflow_api_virtualenv.py
[2026-08-08T18:15:06.796+0000] {processor.py:914} INFO - Processing file /home/airflow/.local/lib/python3.12/site-packages/airflow/example_dags/tutorial_taskflow_api_virtualenv.py for tasks to queue
[2026-08-08T18:15:06.803+0000] {logging_mixin.py:190} INFO - [2026-08-08T18:15:06.802+0000] {dagbag.py:587} INFO - Filling up the DagBag from /home/airflow/.local/lib/python3.12/site-packages/airflow/example_dags/tutorial_taskflow_api_virtualenv.py
[2026-08-08T18:15:06.831+0000] {processor.py:925} INFO - DAG(s) 'tutorial_taskflow_api_virtualenv' retrieved from /home/airflow/.local/lib/python3.12/site-packages/airflow/example_dags/tutorial_taskflow_api_virtualenv.py
[2026-08-08T18:15:06.880+0000] {logging_mixin.py:190} INFO - [2026-08-08T18:15:06.880+0000] {dag.py:3211} INFO - Sync 1 DAGs
[2026-08-08T18:15:06.906+0000] {logging_mixin.py:190} INFO - [2026-08-08T18:15:06.906+0000] {dag.py:4138} INFO - Setting next_dagrun for tutorial_taskflow_api_virtualenv to None, run_after=None
[2026-08-08T18:15:06.951+0000] {processor.py:208} INFO - Processing /home/airflow/.local/lib/python3.12/site-packages/airflow/example_dags/tutorial_taskflow_api_virtualenv.py took 0.170 seconds
[2026-08-08T18:15:37.964+0000] {processor.py:186} INFO - Started process (PID=399) to work on /home/airflow/.local/lib/python3.12/site-packages/airflow/example_dags/tutorial_taskflow_api_virtualenv.py
[2026-08-08T18:15:37.966+0000] {processor.py:914} INFO - Processing file /home/airflow/.local/lib/python3.12/site-packages/airflow/example_dags/tutorial_taskflow_api_virtualenv.py for tasks to queue
[2026-08-08T18:15:37.969+0000] {logging_mixin.py:190} INFO - [2026-08-08T18:15:37.969+0000] {dagbag.py:587} INFO - Filling up the DagBag from /home/airflow/.local/lib/python3.12/site-packages/airflow/example_dags/tutorial_taskflow_api_virtualenv.py
[2026-08-08T18:15:37.987+0000] {processor.py:925} INFO - DAG(s) 'tutorial_taskflow_api_virtualenv' retrieved from /home/airflow/.local/lib/python3.12/site-packages/airflow/example_dags/tutorial_taskflow_api_virtualenv.py
[2026-08-08T18:15:38.026+0000] {logging_mixin.py:190} INFO - [2026-08-08T18:15:38.025+0000] {dag.py:3211} INFO - Sync 1 DAGs
[2026-08-08T18:15:38.054+0000] {logging_mixin.py:190} INFO - [2026-08-08T18:15:38.053+0000] {dag.py:4138} INFO - Setting next_dagrun for tutorial_taskflow_api_virtualenv to None, run_after=None
[2026-08-08T18:15:38.092+0000] {processor.py:208} INFO - Processing /home/airflow/.local/lib/python3.12/site-packages/airflow/example_dags/tutorial_taskflow_api_virtualenv.py took 0.137 seconds
[2026-08-08T18:17:10.025+0000] {processor.py:186} INFO - Started process (PID=97) to work on /home/airflow/.local/lib/python3.12/site-packages/airflow/example_dags/tutorial_taskflow_api_virtualenv.py
[2026-08-08T18:17:10.027+0000] {processor.py:914} INFO - Processing file /home/airflow/.local/lib/python3.12/site-packages/airflow/example_dags/tutorial_taskflow_api_virtualenv.py for tasks to queue
[2026-08-08T18:17:10.030+0000] {logging_mixin.py:190} INFO - [2026-08-08T18:17:10.030+0000] {dagbag.py:587} INFO - Filling up the DagBag from /home/airflow/.local/lib/python3.12/site-packages/airflow/example_dags/tutorial_taskflow_api_virtualenv.py
[2026-08-08T18:17:10.066+0000] {processor.py:925} INFO - DAG(s) 'tutorial_taskflow_api_virtualenv' retrieved from /home/airflow/.local/lib/python3.12/site-packages/airflow/example_dags/tutorial_taskflow_api_virtualenv.py
[2026-08-08T18:17:10.360+0000] {logging_mixin.py:190} INFO - [2026-08-08T18:17:10.359+0000] {dag.py:3211} INFO - Sync 1 DAGs
[2026-08-08T18:17:10.381+0000] {logging_mixin.py:190} INFO - [2026-08-08T18:17:10.380+0000] {dag.py:4138} INFO - Setting next_dagrun for tutorial_taskflow_api_virtualenv to None, run_after=None
[2026-08-08T18:17:10.414+0000] {processor.py:208} INFO - Processing /home/airflow/.local/lib/python3.12/site-packages/airflow/example_dags/tutorial_taskflow_api_virtualenv.py took 0.396 seconds
[2026-08-08T18:17:41.217+0000] {processor.py:186} INFO - Started process (PID=160) to work on /home/airflow/.local/lib/python3.12/site-packages/airflow/example_dags/tutorial_taskflow_api_virtualenv.py
[2026-08-08T18:17:41.219+0000] {processor.py:914} INFO - Processing file /home/airflow/.local/lib/python3.12/site-packages/airflow/example_dags/tutorial_taskflow_api_virtualenv.py for tasks to queue
[2026-08-08T18:17:41.222+0000] {logging_mixin.py:190} INFO - [2026-08-08T18:17:41.221+0000] {dagbag.py:587} INFO - Filling up the DagBag from /home/airflow/.local/lib/python3.12/site-packages/airflow/example_dags/tutorial_taskflow_api_virtualenv.py
[2026-08-08T18:17:41.241+0000] {processor.py:925} INFO - DAG(s) 'tutorial_taskflow_api_virtualenv' retrieved from /home/airflow/.local/lib/python3.12/site-packages/airflow/example_dags/tutorial_taskflow_api_virtualenv.py
[2026-08-08T18:17:41.270+0000] {logging_mixin.py:190} INFO - [2026-08-08T18:17:41.269+0000] {dag.py:3211} INFO - Sync 1 DAGs
[2026-08-08T18:17:41.284+0000] {logging_mixin.py:190} INFO - [2026-08-08T18:17:41.284+0000] {dag.py:4138} INFO - Setting next_dagrun for tutorial_taskflow_api_virtualenv to None, run_after=None
[2026-08-08T18:17:41.310+0000] {processor.py:208} INFO - Processing /home/airflow/.local/lib/python3.12/site-packages/airflow/example_dags/tutorial_taskflow_api_virtualenv.py took 0.100 seconds
[2026-08-08T18:18:11.793+0000] {processor.py:186} INFO - Started process (PID=223) to work on /home/airflow/.local/lib/python3.12/site-packages/airflow/example_dags/tutorial_taskflow_api_virtualenv.py
[2026-08-08T18:18:11.795+0000] {processor.py:914} INFO - Processing file /home/airflow/.local/lib/python3.12/site-packages/airflow/example_dags/tutorial_taskflow_api_virtualenv.py for tasks to queue
[2026-08-08T18:18:11.797+0000] {logging_mixin.py:190} INFO - [2026-08-08T18:18:11.797+0000] {dagbag.py:587} INFO - Filling up the DagBag from /home/airflow/.local/lib/python3.12/site-packages/airflow/example_dags/tutorial_taskflow_api_virtualenv.py
[2026-08-08T18:18:11.812+0000] {processor.py:925} INFO - DAG(s) 'tutorial_taskflow_api_virtualenv' retrieved from /home/airflow/.local/lib/python3.12/site-packages/airflow/example_dags/tutorial_taskflow_api_virtualenv.py
[2026-08-08T18:18:11.838+0000] {logging_mixin.py:190} INFO - [2026-08-08T18:18:11.838+0000] {dag.py:3211} INFO - Sync 1 DAGs
[2026-08-08T18:18:11.853+0000] {logging_mixin.py:190} INFO - [2026-08-08T18:18:11.853+0000] {dag.py:4138} INFO - Setting next_dagrun for tutorial_taskflow_api_virtualenv to None, run_after=None
[2026-08-08T18:18:11.874+0000] {processor.py:208} INFO - Processing /home/airflow/.local/lib/python3.12/site-packages/airflow/example_dags/tutorial_taskflow_api_virtualenv.py took 0.087 seconds
[2026-08-08T18:18:42.108+0000] {processor.py:186} INFO - Started process (PID=286) to work on /home/airflow/.local/lib/python3.12/site-packages/airflow/example_dags/tutorial_taskflow_api_virtualenv.py
[2026-08-08T18:18:42.110+0000] {processor.py:914} INFO - Processing file /home/airflow/.local/lib/python3.12/site-packages/airflow/example_dags/tutorial_taskflow_api_virtualenv.py for tasks to queue
[2026-08-08T18:18:42.113+0000] {logging_mixin.py:190} INFO - [2026-08-08T18:18:42.113+0000] {dagbag.py:587} INFO - Filling up the DagBag from /home/airflow/.local/lib/python3.12/site-packages/airflow/example_dags/tutorial_taskflow_api_virtualenv.py
[2026-08-08T18:18:42.126+0000] {processor.py:925} INFO - DAG(s) 'tutorial_taskflow_api_virtualenv' retrieved from /home/airflow/.local/lib/python3.12/site-packages/airflow/example_dags/tutorial_taskflow_api_virtualenv.py
[2026-08-08T18:18:42.148+0000] {logging_mixin.py:190} INFO - [2026-08-08T18:18:42.147+0000] {dag.py:3211} INFO - Sync 1 DAGs
[2026-08-08T18:18:42.164+0000] {logging_mixin.py:190} INFO - [2026-08-08T18:18:42.164+0000] {dag.py:4138} INFO - Setting next_dagrun for tutorial_taskflow_api_virtualenv to None, run_after=None
[2026-08-08T18:18:42.187+0000] {processor.py:208} INFO - Processing /home/airflow/.local/lib/python3.12/site-packages/airflow/example_dags/tutorial_taskflow_api_virtualenv.py took 0.086 seconds
[2026-08-08T18:19:12.367+0000] {processor.py:186} INFO - Started process (PID=349) to work on /home/airflow/.local/lib/python3.12/site-packages/airflow/example_dags/tutorial_taskflow_api_virtualenv.py
[2026-08-08T18:19:12.368+0000] {processor.py:914} INFO - Processing file /home/airflow/.local/lib/python3.12/site-packages/airflow/example_dags/tutorial_taskflow_api_virtualenv.py for tasks to queue
[2026-08-08T18:19:12.372+0000] {logging_mixin.py:190} INFO - [2026-08-08T18:19:12.371+0000] {dagbag.py:587} INFO - Filling up the DagBag from /home/airflow/.local/lib/python3.12/site-packages/airflow/example_dags/tutorial_taskflow_api_virtualenv.py
[2026-08-08T18:19:12.388+0000] {processor.py:925} INFO - DAG(s) 'tutorial_taskflow_api_virtualenv' retrieved from /home/airflow/.local/lib/python3.12/site-packages/airflow/example_dags/tutorial_taskflow_api_virtualenv.py
[2026-08-08T18:19:12.419+0000] {logging_mixin.py:190} INFO - [2026-08-08T18:19:12.419+0000] {dag.py:3211} INFO - Sync 1 DAGs
[2026-08-08T18:19:12.434+0000] {logging_mixin.py:190} INFO - [2026-08-08T18:19:12.433+0000] {dag.py:4138} INFO - Setting next_dagrun for tutorial_taskflow_api_virtualenv to None, run_after=None
[2026-08-08T18:19:12.456+0000] {processor.py:208} INFO - Processing /home/airflow/.local/lib/python3.12/site-packages/airflow/example_dags/tutorial_taskflow_api_virtualenv.py took 0.097 seconds
[2026-08-08T18:23:57.836+0000] {processor.py:186} INFO - Started process (PID=412) to work on /home/airflow/.local/lib/python3.12/site-packages/airflow/example_dags/tutorial_taskflow_api_virtualenv.py
[2026-08-08T18:23:57.846+0000] {processor.py:914} INFO - Processing file /home/airflow/.local/lib/python3.12/site-packages/airflow/example_dags/tutorial_taskflow_api_virtualenv.py for tasks to queue
[2026-08-08T18:23:57.855+0000] {logging_mixin.py:190} INFO - [2026-08-08T18:23:57.854+0000] {dagbag.py:587} INFO - Filling up the DagBag from /home/airflow/.local/lib/python3.12/site-packages/airflow/example_dags/tutorial_taskflow_api_virtualenv.py
[2026-08-08T18:23:57.878+0000] {processor.py:925} INFO - DAG(s) 'tutorial_taskflow_api_virtualenv' retrieved from /home/airflow/.local/lib/python3.12/site-packages/airflow/example_dags/tutorial_taskflow_api_virtualenv.py
[2026-08-08T18:23:57.956+0000] {logging_mixin.py:190} INFO - [2026-08-08T18:23:57.956+0000] {dag.py:3211} INFO - Sync 1 DAGs
[2026-08-08T18:23:58.014+0000] {logging_mixin.py:190} INFO - [2026-08-08T18:23:58.014+0000] {dag.py:4138} INFO - Setting next_dagrun for tutorial_taskflow_api_virtualenv to None, run_after=None
[2026-08-08T18:23:58.054+0000] {processor.py:208} INFO - Processing /home/airflow/.local/lib/python3.12/site-packages/airflow/example_dags/tutorial_taskflow_api_virtualenv.py took 0.344 seconds
[2026-08-08T18:24:28.212+0000] {processor.py:186} INFO - Started process (PID=475) to work on /home/airflow/.local/lib/python3.12/site-packages/airflow/example_dags/tutorial_taskflow_api_virtualenv.py
[2026-08-08T18:24:28.214+0000] {processor.py:914} INFO - Processing file /home/airflow/.local/lib/python3.12/site-packages/airflow/example_dags/tutorial_taskflow_api_virtualenv.py for tasks to queue
[2026-08-08T18:24:28.218+0000] {logging_mixin.py:190} INFO - [2026-08-08T18:24:28.217+0000] {dagbag.py:587} INFO - Filling up the DagBag from /home/airflow/.local/lib/python3.12/site-packages/airflow/example_dags/tutorial_taskflow_api_virtualenv.py
[2026-08-08T18:24:28.237+0000] {processor.py:925} INFO - DAG(s) 'tutorial_taskflow_api_virtualenv' retrieved from /home/airflow/.local/lib/python3.12/site-packages/airflow/example_dags/tutorial_taskflow_api_virtualenv.py
[2026-08-08T18:24:28.262+0000] {logging_mixin.py:190} INFO - [2026-08-08T18:24:28.261+0000] {dag.py:3211} INFO - Sync 1 DAGs
[2026-08-08T18:24:28.280+0000] {logging_mixin.py:190} INFO - [2026-08-08T18:24:28.280+0000] {dag.py:4138} INFO - Setting next_dagrun for tutorial_taskflow_api_virtualenv to None, run_after=None
[2026-08-08T18:24:28.302+0000] {processor.py:208} INFO - Processing /home/airflow/.local/lib/python3.12/site-packages/airflow/example_dags/tutorial_taskflow_api_virtualenv.py took 0.096 seconds
[2026-08-08T18:24:58.758+0000] {processor.py:186} INFO - Started process (PID=538) to work on /home/airflow/.local/lib/python3.12/site-packages/airflow/example_dags/tutorial_taskflow_api_virtualenv.py
[2026-08-08T18:24:58.759+0000] {processor.py:914} INFO - Processing file /home/airflow/.local/lib/python3.12/site-packages/airflow/example_dags/tutorial_taskflow_api_virtualenv.py for tasks to queue
[2026-08-08T18:24:58.762+0000] {logging_mixin.py:190} INFO - [2026-08-08T18:24:58.762+0000] {dagbag.py:587} INFO - Filling up the DagBag from /home/airflow/.local/lib/python3.12/site-packages/airflow/example_dags/tutorial_taskflow_api_virtualenv.py
[2026-08-08T18:24:58.777+0000] {processor.py:925} INFO - DAG(s) 'tutorial_taskflow_api_virtualenv' retrieved from /home/airflow/.local/lib/python3.12/site-packages/airflow/example_dags/tutorial_taskflow_api_virtualenv.py
[2026-08-08T18:24:58.799+0000] {logging_mixin.py:190} INFO - [2026-08-08T18:24:58.799+0000] {dag.py:3211} INFO - Sync 1 DAGs
[2026-08-08T18:24:58.811+0000] {logging_mixin.py:190} INFO - [2026-08-08T18:24:58.811+0000] {dag.py:4138} INFO - Setting next_dagrun for tutorial_taskflow_api_virtualenv to None, run_after=None
[2026-08-08T18:24:58.830+0000] {processor.py:208} INFO - Processing /home/airflow/.local/lib/python3.12/site-packages/airflow/example_dags/tutorial_taskflow_api_virtualenv.py took 0.079 seconds
[2026-08-08T18:25:28.954+0000] {processor.py:186} INFO - Started process (PID=600) to work on /home/airflow/.local/lib/python3.12/site-packages/airflow/example_dags/tutorial_taskflow_api_virtualenv.py
[2026-08-08T18:25:28.955+0000] {processor.py:914} INFO - Processing file /home/airflow/.local/lib/python3.12/site-packages/airflow/example_dags/tutorial_taskflow_api_virtualenv.py for tasks to queue
[2026-08-08T18:25:28.959+0000] {logging_mixin.py:190} INFO - [2026-08-08T18:25:28.959+0000] {dagbag.py:587} INFO - Filling up the DagBag from /home/airflow/.local/lib/python3.12/site-packages/airflow/example_dags/tutorial_taskflow_api_virtualenv.py
[2026-08-08T18:25:28.972+0000] {processor.py:925} INFO - DAG(s) 'tutorial_taskflow_api_virtualenv' retrieved from /home/airflow/.local/lib/python3.12/site-packages/airflow/example_dags/tutorial_taskflow_api_virtualenv.py
[2026-08-08T18:25:28.993+0000] {logging_mixin.py:190} INFO - [2026-08-08T18:25:28.993+0000] {dag.py:3211} INFO - Sync 1 DAGs
[2026-08-08T18:25:29.007+0000] {logging_mixin.py:190} INFO - [2026-08-08T18:25:29.007+0000] {dag.py:4138} INFO - Setting next_dagrun for tutorial_taskflow_api_virtualenv to None, run_after=None
[2026-08-08T18:25:29.028+0000] {processor.py:208} INFO - Processing /home/airflow/.local/lib/python3.12/site-packages/airflow/example_dags/tutorial_taskflow_api_virtualenv.py took 0.081 seconds
[2026-08-08T18:25:59.177+0000] {processor.py:186} INFO - Started process (PID=664) to work on /home/airflow/.local/lib/python3.12/site-packages/airflow/example_dags/tutorial_taskflow_api_virtualenv.py
[2026-08-08T18:25:59.179+0000] {processor.py:914} INFO - Processing file /home/airflow/.local/lib/python3.12/site-packages/airflow/example_dags/tutorial_taskflow_api_virtualenv.py for tasks to queue
[2026-08-08T18:25:59.183+0000] {logging_mixin.py:190} INFO - [2026-08-08T18:25:59.183+0000] {dagbag.py:587} INFO - Filling up the DagBag from /home/airflow/.local/lib/python3.12/site-packages/airflow/example_dags/tutorial_taskflow_api_virtualenv.py
[2026-08-08T18:25:59.199+0000] {processor.py:925} INFO - DAG(s) 'tutorial_taskflow_api_virtualenv' retrieved from /home/airflow/.local/lib/python3.12/site-packages/airflow/example_dags/tutorial_taskflow_api_virtualenv.py
[2026-08-08T18:25:59.224+0000] {logging_mixin.py:190} INFO - [2026-08-08T18:25:59.223+0000] {dag.py:3211} INFO - Sync 1 DAGs
[2026-08-08T18:25:59.238+0000] {logging_mixin.py:190} INFO - [2026-08-08T18:25:59.238+0000] {dag.py:4138} INFO - Setting next_dagrun for tutorial_taskflow_api_virtualenv to None, run_after=None
[2026-08-08T18:25:59.260+0000] {processor.py:208} INFO - Processing /home/airflow/.local/lib/python3.12/site-packages/airflow/example_dags/tutorial_taskflow_api_virtualenv.py took 0.090 seconds
[2026-08-08T18:26:29.707+0000] {processor.py:186} INFO - Started process (PID=727) to work on /home/airflow/.local/lib/python3.12/site-packages/airflow/example_dags/tutorial_taskflow_api_virtualenv.py
[2026-08-08T18:26:29.708+0000] {processor.py:914} INFO - Processing file /home/airflow/.local/lib/python3.12/site-packages/airflow/example_dags/tutorial_taskflow_api_virtualenv.py for tasks to queue
[2026-08-08T18:26:29.711+0000] {logging_mixin.py:190} INFO - [2026-08-08T18:26:29.710+0000] {dagbag.py:587} INFO - Filling up the DagBag from /home/airflow/.local/lib/python3.12/site-packages/airflow/example_dags/tutorial_taskflow_api_virtualenv.py
[2026-08-08T18:26:29.724+0000] {processor.py:925} INFO - DAG(s) 'tutorial_taskflow_api_virtualenv' retrieved from /home/airflow/.local/lib/python3.12/site-packages/airflow/example_dags/tutorial_taskflow_api_virtualenv.py
[2026-08-08T18:26:29.749+0000] {logging_mixin.py:190} INFO - [2026-08-08T18:26:29.748+0000] {dag.py:3211} INFO - Sync 1 DAGs
[2026-08-08T18:26:29.763+0000] {logging_mixin.py:190} INFO - [2026-08-08T18:26:29.762+0000] {dag.py:4138} INFO - Setting next_dagrun for tutorial_taskflow_api_virtualenv to None, run_after=None
[2026-08-08T18:26:29.786+0000] {processor.py:208} INFO - Processing /home/airflow/.local/lib/python3.12/site-packages/airflow/example_dags/tutorial_taskflow_api_virtualenv.py took 0.086 seconds
